forecast_origin,forecast_week_start,horizon_week,sku_id,channel_id,champion_model,champion_family,training_weeks,champion_backtest_wape_pct,champion_backtest_bias_pct,base_forecast_units,iso_week,weather_horizon_mode,weather_data_status,nowcast_available_flag,future_realized_weather_used_flag,analog_week_radius_used,analog_observation_count,mild_positive_analog_count,severe_positive_analog_count,scenario_support_flag,mild_scenario_exposure_share,severe_scenario_exposure_share,scenario_exposure_quantile,sku_mild_policy_cap_pct,sku_severe_policy_cap_pct,mild_scenario_adjustment_pct,normal_scenario_adjustment_pct,severe_scenario_adjustment_pct,recommended_base_adjustment_pct,scenario_width_pp,analog_net_adjustment_median_pct,analog_net_adjustment_min_pct,analog_net_adjustment_max_pct,scenario_method,scenario_provenance,scenario_threshold_provenance,nowcast_governance,mild_scenario_forecast_units,normal_scenario_forecast_units,severe_scenario_forecast_units,operational_forecast_units,scenario_range_units,scenario_range_pct,planner_status,forecast_target,model_selection_status,weather_framework_status,forecast_provenance,opening_inventory_units,prior_week_shipped_units,committed_receipt_units,forward_seasonal_commitment_units,chase_capacity_units,planning_net_asp_cad,current_inventory_economic_exposure_cad,returns_rate,sellable_restock_share,forecast_run_rate_units,safety_stock_units,mild_beginning_inventory_units,mild_return_restock_units,mild_available_units,mild_shipped_units,mild_lost_demand_units,mild_ending_inventory_units,mild_fill_rate,mild_weeks_of_supply,base_beginning_inventory_units,base_return_restock_units,base_available_units,base_shipped_units,base_lost_demand_units,base_ending_inventory_units,base_fill_rate,base_weeks_of_supply,severe_beginning_inventory_units,severe_return_restock_units,severe_available_units,severe_shipped_units,severe_lost_demand_units,severe_ending_inventory_units,severe_fill_rate,severe_weeks_of_supply,mild_lost_revenue_opportunity_cad,mild_ending_inventory_value_proxy_cad,mild_weekly_carrying_cost_proxy_cad,base_lost_revenue_opportunity_cad,base_ending_inventory_value_proxy_cad,base_weekly_carrying_cost_proxy_cad,severe_lost_revenue_opportunity_cad,severe_ending_inventory_value_proxy_cad,severe_weekly_carrying_cost_proxy_cad,min_weekly_base_fill_rate,worst_base_service_week,worst_week_service_gap_units,weeks_below_service_target,max_consecutive_weeks_below_target,weekly_service_exception_flag,priority_tier,risk_type,planner_action,action_reason,base_service_target_met_flag,severe_service_target_met_flag,base_13w_fill_rate,severe_13w_fill_rate,base_13w_lost_demand_units,severe_13w_lost_demand_units,base_lost_demand_pct,severe_lost_demand_pct,base_lost_demand_observed_flag,severe_lost_demand_observed_flag,base_final_inventory_units,mild_final_inventory_units,severe_final_inventory_units,base_final_wos,mild_final_wos,severe_final_wos,base_excess_units,mild_excess_units,severe_excess_units,base_safety_gap_units,severe_safety_gap_units,immediate_base_gap_units,base_protection_gap_units,severe_contingency_gap_units,same_sku_other_channel_base_excess_units,same_sku_other_channel_severe_excess_units,recommended_reallocation_units,recommended_chase_release_units,chase_release_flag,base_uncovered_gap_after_action_units,contingency_reallocation_option_units,contingency_chase_option_units,contingency_chase_option_flag,contingency_uncovered_gap_units,base_13w_lost_revenue_opportunity_cad,severe_13w_lost_revenue_opportunity_cad,base_13w_carrying_cost_proxy_cad,mild_13w_carrying_cost_proxy_cad,base_ending_excess_value_proxy_cad,mild_ending_excess_value_proxy_cad,service_target_fill_rate,safety_stock_policy_weeks,chase_capacity_share,annual_carrying_cost_rate,receipt_projection_method,receipt_source_method,inventory_decision_provenance,economic_value_basis,demand_forecast_status,risk_hierarchy_governance,chase_governance,coverage_governance,weekly_service_governance,contingency_governance
2026-06-22,2026-06-29,1,APS-001,ECOM,HW_Damped_Mul,ETS,260,10.55,-3.09,136.169,27,NOWCAST_REQUIRED,POINT_IN_TIME_NOWCAST_NOT_SUPPLIED,0,0,3,28,19,6,ADEQUATE,0.275,0.138,0.75,-4.0,6.0,-1.1,0.0,0.825,0.0,1.925,-0.38,-1.808,1.421,CONDITIONAL_P75_SCENARIO_EXPOSURE_X_FROZEN_SKU_POLICY_CAP,HISTORICAL_PUBLIC_WEATHER_DERIVED_OVERLAY,PROJECT_ASSUMPTION,NO_REALIZED_FUTURE_WEATHER_USED,134.671,136.169,137.292,136.169,2.621,1.925,BASE_FORECAST_PENDING_NOWCAST,RECONSTRUCTED_DEMAND_UNITS,FROZEN_STEP4B_CHAMPION,FROZEN_STEP4C,DERIVED_FROM_SYNTHETIC_CASE_STUDY_DEMAND,758.867,133.0,216.528,4770.755,381.66,764.109,585845.65,0.07,0.85,138.955,347.388,758.867,7.914,983.309,134.671,0.0,848.638,1.0,6.107,758.867,7.914,983.309,136.169,0.0,847.14,1.0,6.097,758.867,7.914,983.309,137.292,0.0,846.017,1.0,6.088,0.0,648451.358,2244.639,0.0,647306.723,2240.677,0.0,646448.629,2237.707,1.0,2026-06-29,0.0,0,0,0,P2,LOW_COVERAGE_RISK,PROTECT,"Base-case fill rate meets the governed service target, but ending inventory is below the 2.5-week safety-stock policy. Protect inventory and retain contingency chase capacity; do not release it yet.",1,1,1.0,1.0,0.0,0.0,0.0,0.0,0,0,305.373,331.86,284.537,1.25,1.358,1.165,0.0,0.0,0.0,305.341,326.177,0.0,305.341,326.177,0.0,0.0,0.0,0.0,0,0.0,0.0,326.177,1,0.0,0.0,0.0,21642.102,22071.712,0.0,0.0,0.92,2.5,0.08,0.18,PRIOR_YEAR_SEASONAL_RECEIPTS_SHIFTED_52W_PLUS_FROZEN_SKU_GROWTH,EXPLICIT_SEASONAL_RECEIPT,DERIVED_IBP_DECISION_LAYER,NET_REVENUE_INVENTORY_EXPOSURE_PROXY_NOT_ACCOUNTING_PROFIT,FROZEN_STEP4D,BASE_SERVICE_THEN_PERSISTENT_WEEKLY_SERVICE_THEN_BASE_COVERAGE_THEN_SEVERE_SCENARIO_THEN_EXCESS,IMMEDIATE_RELEASE_ONLY_FOR_AGGREGATE_BASE_SERVICE_RISK_WEEKLY_SERVICE_RISK_REQUIRES_SOE_REVIEW,LOW_COVERAGE_PROTECTS_INVENTORY_WITHOUT_AUTOMATIC_CHASE_RELEASE,SYNTHETIC_PLANNING_GOVERNANCE_2PLUS_FORECAST_WEEKS_BELOW_92PCT_ESCALATES_TO_P1_NO_AUTOMATIC_CHASE,P2_CHASE_AND_REALLOCATION_OPTIONS_ARE_NOT_RELEASED
2026-06-22,2026-06-29,1,APS-001,RETAIL,HW_Damped_Mul,ETS,260,8.83,-0.97,96.43,27,NOWCAST_REQUIRED,POINT_IN_TIME_NOWCAST_NOT_SUPPLIED,0,0,3,28,19,6,ADEQUATE,0.273,0.135,0.75,-4.0,6.0,-1.091,0.0,0.811,0.0,1.902,-0.382,-1.798,1.413,CONDITIONAL_P75_SCENARIO_EXPOSURE_X_FROZEN_SKU_POLICY_CAP,HISTORICAL_PUBLIC_WEATHER_DERIVED_OVERLAY,PROJECT_ASSUMPTION,NO_REALIZED_FUTURE_WEATHER_USED,95.377,96.43,97.211,96.43,1.834,1.902,BASE_FORECAST_PENDING_NOWCAST,RECONSTRUCTED_DEMAND_UNITS,FROZEN_STEP4B_CHAMPION,FROZEN_STEP4C,DERIVED_FROM_SYNTHETIC_CASE_STUDY_DEMAND,502.461,96.0,93.054,3114.813,249.185,758.962,383880.5,0.055,0.9,95.197,237.992,502.461,4.752,600.268,95.377,0.0,504.891,1.0,5.304,502.461,4.752,600.268,96.43,0.0,503.838,1.0,5.293,502.461,4.752,600.268,97.211,0.0,503.057,1.0,5.284,0.0,383192.666,1326.436,0.0,382393.479,1323.67,0.0,381800.73,1321.618,1.0,2026-06-29,0.0,0,0,0,P2,LOW_COVERAGE_RISK,PROTECT,"Base-case fill rate meets the governed service target, but ending inventory is below the 2.5-week safety-stock policy. Protect inventory and retain contingency chase capacity; do not release it yet.",1,1,1.0,1.0,0.0,0.0,0.0,0.0,0,0,46.707,64.946,32.687,0.281,0.391,0.197,0.0,0.0,0.0,368.516,382.537,0.0,368.516,382.537,0.0,0.0,0.0,0.0,0,0.0,0.0,249.185,1,133.352,0.0,0.0,10340.301,10633.988,0.0,0.0,0.92,2.5,0.08,0.18,PRIOR_YEAR_SEASONAL_RECEIPTS_SHIFTED_52W_PLUS_FROZEN_SKU_GROWTH,EXPLICIT_SEASONAL_RECEIPT,DERIVED_IBP_DECISION_LAYER,NET_REVENUE_INVENTORY_EXPOSURE_PROXY_NOT_ACCOUNTING_PROFIT,FROZEN_STEP4D,BASE_SERVICE_THEN_PERSISTENT_WEEKLY_SERVICE_THEN_BASE_COVERAGE_THEN_SEVERE_SCENARIO_THEN_EXCESS,IMMEDIATE_RELEASE_ONLY_FOR_AGGREGATE_BASE_SERVICE_RISK_WEEKLY_SERVICE_RISK_REQUIRES_SOE_REVIEW,LOW_COVERAGE_PROTECTS_INVENTORY_WITHOUT_AUTOMATIC_CHASE_RELEASE,SYNTHETIC_PLANNING_GOVERNANCE_2PLUS_FORECAST_WEEKS_BELOW_92PCT_ESCALATES_TO_P1_NO_AUTOMATIC_CHASE,P2_CHASE_AND_REALLOCATION_OPTIONS_ARE_NOT_RELEASED
2026-06-22,2026-06-29,1,APS-001,WHOLESALE,HW_Damped_Add,ETS,260,18.26,-0.35,79.012,27,NOWCAST_REQUIRED,POINT_IN_TIME_NOWCAST_NOT_SUPPLIED,0,0,3,28,19,6,ADEQUATE,0.284,0.141,0.75,-4.0,6.0,-1.135,0.0,0.844,0.0,1.979,-0.382,-1.852,1.427,CONDITIONAL_P75_SCENARIO_EXPOSURE_X_FROZEN_SKU_POLICY_CAP,HISTORICAL_PUBLIC_WEATHER_DERIVED_OVERLAY,PROJECT_ASSUMPTION,NO_REALIZED_FUTURE_WEATHER_USED,78.116,79.012,79.679,79.012,1.564,1.979,BASE_FORECAST_PENDING_NOWCAST,RECONSTRUCTED_DEMAND_UNITS,FROZEN_STEP4B_CHAMPION,FROZEN_STEP4C,DERIVED_FROM_SYNTHETIC_CASE_STUDY_DEMAND,419.581,82.0,76.438,2718.984,217.519,415.548,174545.81,0.02,0.5,82.41,206.026,419.581,0.82,496.839,78.116,0.0,418.723,1.0,5.081,419.581,0.82,496.839,79.012,0.0,417.827,1.0,5.07,419.581,0.82,496.839,79.679,0.0,417.16,1.0,5.062,0.0,173999.398,602.306,0.0,173627.067,601.017,0.0,173349.897,600.057,0.332,2026-08-24,62.506,2,1,1,P1,WEEKLY_SERVICE_RISK,ESCALATE,"Base 13-week service meets target, but the series misses the 92% service target in 2 forecast weeks. Worst week 2026-08-24 falls to 33.2% fill with a 62.5-unit gap. Escalate for S&OE review and validate receipt timing, reallocation and chase feasibility before any release.",1,1,0.935,0.927,84.648,96.864,0.065,0.073,1,1,0.0,0.0,0.0,0.0,0.0,0.0,0.0,0.0,0.0,335.369,335.369,0.0,335.369,432.233,0.0,0.0,0.0,0.0,0,0.0,0.0,0.0,0,0.0,35175.203,40251.626,3706.361,3772.726,0.0,0.0,0.92,2.5,0.08,0.18,PRIOR_YEAR_SEASONAL_RECEIPTS_SHIFTED_52W_PLUS_FROZEN_SKU_GROWTH,EXPLICIT_SEASONAL_RECEIPT,DERIVED_IBP_DECISION_LAYER,NET_REVENUE_INVENTORY_EXPOSURE_PROXY_NOT_ACCOUNTING_PROFIT,FROZEN_STEP4D,BASE_SERVICE_THEN_PERSISTENT_WEEKLY_SERVICE_THEN_BASE_COVERAGE_THEN_SEVERE_SCENARIO_THEN_EXCESS,IMMEDIATE_RELEASE_ONLY_FOR_AGGREGATE_BASE_SERVICE_RISK_WEEKLY_SERVICE_RISK_REQUIRES_SOE_REVIEW,LOW_COVERAGE_PROTECTS_INVENTORY_WITHOUT_AUTOMATIC_CHASE_RELEASE,SYNTHETIC_PLANNING_GOVERNANCE_2PLUS_FORECAST_WEEKS_BELOW_92PCT_ESCALATES_TO_P1_NO_AUTOMATIC_CHASE,P2_CHASE_AND_REALLOCATION_OPTIONS_ARE_NOT_RELEASED
2026-06-22,2026-06-29,1,CTS-001,ECOM,HW_Damped_Mul,ETS,260,8.37,-1.12,466.673,27,NOWCAST_REQUIRED,POINT_IN_TIME_NOWCAST_NOT_SUPPLIED,0,0,3,28,19,6,ADEQUATE,0.296,0.112,0.75,-3.0,4.0,-0.889,0.0,0.45,0.0,1.338,-0.308,-1.424,0.82,CONDITIONAL_P75_SCENARIO_EXPOSURE_X_FROZEN_SKU_POLICY_CAP,HISTORICAL_PUBLIC_WEATHER_DERIVED_OVERLAY,PROJECT_ASSUMPTION,NO_REALIZED_FUTURE_WEATHER_USED,462.527,466.673,468.773,466.673,6.246,1.338,BASE_FORECAST_PENDING_NOWCAST,RECONSTRUCTED_DEMAND_UNITS,FROZEN_STEP4B_CHAMPION,FROZEN_STEP4C,DERIVED_FROM_SYNTHETIC_CASE_STUDY_DEMAND,1667.095,409.342,1709.638,8586.813,686.945,615.768,1045685.26,0.07,0.85,462.33,1155.825,1667.095,24.356,3401.089,462.527,0.0,2938.562,1.0,6.356,1667.095,24.356,3401.089,466.673,0.0,2934.416,1.0,6.347,1667.095,24.356,3401.089,468.773,0.0,2932.316,1.0,6.342,0.0,1809471.621,6263.556,0.0,1806918.647,6254.718,0.0,1805625.535,6250.242,1.0,2026-06-29,0.0,0,0,0,P2,LOW_COVERAGE_RISK,PROTECT,"Base-case fill rate meets the governed service target, but ending inventory is below the 2.5-week safety-stock policy. Protect inventory and retain contingency chase capacity; do not release it yet.",1,1,1.0,1.0,0.0,0.0,0.0,0.0,0,0,368.542,425.112,334.792,0.635,0.732,0.576,0.0,0.0,0.0,1083.468,1117.218,0.0,1083.468,1117.218,0.0,0.0,0.0,0.0,0,0.0,0.0,686.945,1,430.273,0.0,0.0,43747.478,44551.408,0.0,0.0,0.92,2.5,0.08,0.18,PRIOR_YEAR_SEASONAL_RECEIPTS_SHIFTED_52W_PLUS_FROZEN_SKU_GROWTH,EXPLICIT_SEASONAL_RECEIPT,DERIVED_IBP_DECISION_LAYER,NET_REVENUE_INVENTORY_EXPOSURE_PROXY_NOT_ACCOUNTING_PROFIT,FROZEN_STEP4D,BASE_SERVICE_THEN_PERSISTENT_WEEKLY_SERVICE_THEN_BASE_COVERAGE_THEN_SEVERE_SCENARIO_THEN_EXCESS,IMMEDIATE_RELEASE_ONLY_FOR_AGGREGATE_BASE_SERVICE_RISK_WEEKLY_SERVICE_RISK_REQUIRES_SOE_REVIEW,LOW_COVERAGE_PROTECTS_INVENTORY_WITHOUT_AUTOMATIC_CHASE_RELEASE,SYNTHETIC_PLANNING_GOVERNANCE_2PLUS_FORECAST_WEEKS_BELOW_92PCT_ESCALATES_TO_P1_NO_AUTOMATIC_CHASE,P2_CHASE_AND_REALLOCATION_OPTIONS_ARE_NOT_RELEASED
2026-06-22,2026-06-29,1,CTS-001,RETAIL,HW_Damped_Mul,ETS,260,9.18,0.8,305.563,27,NOWCAST_REQUIRED,POINT_IN_TIME_NOWCAST_NOT_SUPPLIED,0,0,3,28,19,6,ADEQUATE,0.299,0.113,0.75,-3.0,4.0,-0.897,0.0,0.45,0.0,1.347,-0.306,-1.445,0.817,CONDITIONAL_P75_SCENARIO_EXPOSURE_X_FROZEN_SKU_POLICY_CAP,HISTORICAL_PUBLIC_WEATHER_DERIVED_OVERLAY,PROJECT_ASSUMPTION,NO_REALIZED_FUTURE_WEATHER_USED,302.822,305.563,306.939,305.563,4.117,1.347,BASE_FORECAST_PENDING_NOWCAST,RECONSTRUCTED_DEMAND_UNITS,FROZEN_STEP4B_CHAMPION,FROZEN_STEP4C,DERIVED_FROM_SYNTHETIC_CASE_STUDY_DEMAND,707.045,286.503,1055.514,5742.657,459.413,614.034,438898.37,0.055,0.9,308.289,770.722,707.045,14.182,1776.741,302.822,0.0,1473.919,1.0,4.781,707.045,14.182,1776.741,305.563,0.0,1471.178,1.0,4.772,707.045,14.182,1776.741,306.939,0.0,1469.802,1.0,4.768,0.0,905036.531,3132.819,0.0,903353.464,3126.993,0.0,902508.553,3124.068,0.654,2026-08-24,122.844,2,1,1,P1,WEEKLY_SERVICE_RISK,ESCALATE,"Base 13-week service meets target, but the series misses the 92% service target in 2 forecast weeks. Worst week 2026-08-24 falls to 65.4% fill with a 122.8-unit gap. Escalate for S&OE review and validate receipt timing, reallocation and chase feasibility before any release.",1,1,0.956,0.951,201.709,226.204,0.044,0.049,1,1,0.0,0.0,0.0,0.0,0.0,0.0,0.0,0.0,0.0,1028.153,1028.153,0.0,1028.153,1254.357,0.0,0.0,0.0,0.0,0,0.0,0.0,0.0,0,0.0,123855.957,138896.7,19143.477,19410.014,0.0,0.0,0.92,2.5,0.08,0.18,PRIOR_YEAR_SEASONAL_RECEIPTS_SHIFTED_52W_PLUS_FROZEN_SKU_GROWTH,EXPLICIT_SEASONAL_RECEIPT,DERIVED_IBP_DECISION_LAYER,NET_REVENUE_INVENTORY_EXPOSURE_PROXY_NOT_ACCOUNTING_PROFIT,FROZEN_STEP4D,BASE_SERVICE_THEN_PERSISTENT_WEEKLY_SERVICE_THEN_BASE_COVERAGE_THEN_SEVERE_SCENARIO_THEN_EXCESS,IMMEDIATE_RELEASE_ONLY_FOR_AGGREGATE_BASE_SERVICE_RISK_WEEKLY_SERVICE_RISK_REQUIRES_SOE_REVIEW,LOW_COVERAGE_PROTECTS_INVENTORY_WITHOUT_AUTOMATIC_CHASE_RELEASE,SYNTHETIC_PLANNING_GOVERNANCE_2PLUS_FORECAST_WEEKS_BELOW_92PCT_ESCALATES_TO_P1_NO_AUTOMATIC_CHASE,P2_CHASE_AND_REALLOCATION_OPTIONS_ARE_NOT_RELEASED
2026-06-22,2026-06-29,1,CTS-001,WHOLESALE,Seasonal_MA_2Y,BASELINE,260,21.73,2.41,267.0,27,NOWCAST_REQUIRED,POINT_IN_TIME_NOWCAST_NOT_SUPPLIED,0,0,3,28,19,6,ADEQUATE,0.293,0.113,0.75,-3.0,4.0,-0.878,0.0,0.452,0.0,1.33,-0.318,-1.406,0.847,CONDITIONAL_P75_SCENARIO_EXPOSURE_X_FROZEN_SKU_POLICY_CAP,HISTORICAL_PUBLIC_WEATHER_DERIVED_OVERLAY,PROJECT_ASSUMPTION,NO_REALIZED_FUTURE_WEATHER_USED,264.657,267.0,268.206,267.0,3.55,1.33,BASE_FORECAST_PENDING_NOWCAST,RECONSTRUCTED_DEMAND_UNITS,FROZEN_STEP4B_CHAMPION,FROZEN_STEP4C,DERIVED_FROM_SYNTHETIC_CASE_STUDY_DEMAND,833.966,205.518,1554.017,4254.815,340.385,337.376,281880.52,0.02,0.5,241.75,604.375,833.966,2.055,2390.038,264.657,0.0,2125.381,1.0,8.792,833.966,2.055,2390.038,267.0,0.0,2123.038,1.0,8.782,833.966,2.055,2390.038,268.206,0.0,2121.832,1.0,8.777,0.0,717052.342,2482.104,0.0,716261.87,2479.368,0.0,715854.995,2477.96,1.0,2026-06-29,0.0,0,0,0,P2,LOW_COVERAGE_RISK,PROTECT,"Base-case fill rate meets the governed service target, but ending inventory is below the 2.5-week safety-stock policy. Protect inventory and retain contingency chase capacity; do not release it yet.",1,1,1.0,1.0,0.0,0.0,0.0,0.0,0,0,310.656,342.966,291.085,0.911,1.006,0.853,0.0,0.0,0.0,542.043,561.614,0.0,542.043,561.614,0.0,0.0,0.0,0.0,0,0.0,0.0,340.385,1,221.229,0.0,0.0,17897.756,18149.013,0.0,0.0,0.92,2.5,0.08,0.18,PRIOR_YEAR_SEASONAL_RECEIPTS_SHIFTED_52W_PLUS_FROZEN_SKU_GROWTH,EXPLICIT_SEASONAL_RECEIPT,DERIVED_IBP_DECISION_LAYER,NET_REVENUE_INVENTORY_EXPOSURE_PROXY_NOT_ACCOUNTING_PROFIT,FROZEN_STEP4D,BASE_SERVICE_THEN_PERSISTENT_WEEKLY_SERVICE_THEN_BASE_COVERAGE_THEN_SEVERE_SCENARIO_THEN_EXCESS,IMMEDIATE_RELEASE_ONLY_FOR_AGGREGATE_BASE_SERVICE_RISK_WEEKLY_SERVICE_RISK_REQUIRES_SOE_REVIEW,LOW_COVERAGE_PROTECTS_INVENTORY_WITHOUT_AUTOMATIC_CHASE_RELEASE,SYNTHETIC_PLANNING_GOVERNANCE_2PLUS_FORECAST_WEEKS_BELOW_92PCT_ESCALATES_TO_P1_NO_AUTOMATIC_CHASE,P2_CHASE_AND_REALLOCATION_OPTIONS_ARE_NOT_RELEASED
2026-06-22,2026-06-29,1,IMH-001,ECOM,HW_Damped_Mul,ETS,260,8.68,-1.32,468.52,27,NOWCAST_REQUIRED,POINT_IN_TIME_NOWCAST_NOT_SUPPLIED,0,0,3,28,19,6,ADEQUATE,0.279,0.114,0.75,-4.0,5.0,-1.116,0.0,0.571,0.0,1.687,-0.389,-1.788,1.102,CONDITIONAL_P75_SCENARIO_EXPOSURE_X_FROZEN_SKU_POLICY_CAP,HISTORICAL_PUBLIC_WEATHER_DERIVED_OVERLAY,PROJECT_ASSUMPTION,NO_REALIZED_FUTURE_WEATHER_USED,463.289,468.52,471.194,468.52,7.905,1.687,BASE_FORECAST_PENDING_NOWCAST,RECONSTRUCTED_DEMAND_UNITS,FROZEN_STEP4B_CHAMPION,FROZEN_STEP4C,DERIVED_FROM_SYNTHETIC_CASE_STUDY_DEMAND,1960.271,440.0,1313.552,11432.845,914.628,381.156,756664.65,0.07,0.85,470.284,1175.709,1960.271,26.18,3300.003,463.289,0.0,2836.714,1.0,6.032,1960.271,26.18,3300.003,468.52,0.0,2831.483,1.0,6.021,1960.271,26.18,3300.003,471.194,0.0,2828.809,1.0,6.015,0.0,1081229.285,3742.717,0.0,1079235.46,3735.815,0.0,1078216.25,3732.287,1.0,2026-06-29,0.0,0,0,0,P2,LOW_COVERAGE_RISK,PROTECT,"Base-case fill rate meets the governed service target, but ending inventory is below the 2.5-week safety-stock policy. Protect inventory and retain contingency chase capacity; do not release it yet.",1,1,1.0,1.0,0.0,0.0,0.0,0.0,0,0,393.86,478.784,344.992,0.54,0.657,0.473,0.0,0.0,0.0,1428.223,1477.09,0.0,1428.223,1477.09,0.0,0.0,0.0,0.0,0,0.0,0.0,914.628,1,562.462,0.0,0.0,28691.117,29399.633,0.0,0.0,0.92,2.5,0.08,0.18,PRIOR_YEAR_SEASONAL_RECEIPTS_SHIFTED_52W_PLUS_FROZEN_SKU_GROWTH,EXPLICIT_SEASONAL_RECEIPT,DERIVED_IBP_DECISION_LAYER,NET_REVENUE_INVENTORY_EXPOSURE_PROXY_NOT_ACCOUNTING_PROFIT,FROZEN_STEP4D,BASE_SERVICE_THEN_PERSISTENT_WEEKLY_SERVICE_THEN_BASE_COVERAGE_THEN_SEVERE_SCENARIO_THEN_EXCESS,IMMEDIATE_RELEASE_ONLY_FOR_AGGREGATE_BASE_SERVICE_RISK_WEEKLY_SERVICE_RISK_REQUIRES_SOE_REVIEW,LOW_COVERAGE_PROTECTS_INVENTORY_WITHOUT_AUTOMATIC_CHASE_RELEASE,SYNTHETIC_PLANNING_GOVERNANCE_2PLUS_FORECAST_WEEKS_BELOW_92PCT_ESCALATES_TO_P1_NO_AUTOMATIC_CHASE,P2_CHASE_AND_REALLOCATION_OPTIONS_ARE_NOT_RELEASED
2026-06-22,2026-06-29,1,IMH-001,RETAIL,HW_Damped_Mul,ETS,260,8.48,-1.21,325.222,27,NOWCAST_REQUIRED,POINT_IN_TIME_NOWCAST_NOT_SUPPLIED,0,0,3,28,19,6,ADEQUATE,0.287,0.108,0.75,-4.0,5.0,-1.148,0.0,0.538,0.0,1.686,-0.359,-1.846,1.06,CONDITIONAL_P75_SCENARIO_EXPOSURE_X_FROZEN_SKU_POLICY_CAP,HISTORICAL_PUBLIC_WEATHER_DERIVED_OVERLAY,PROJECT_ASSUMPTION,NO_REALIZED_FUTURE_WEATHER_USED,321.489,325.222,326.973,325.222,5.484,1.686,BASE_FORECAST_PENDING_NOWCAST,RECONSTRUCTED_DEMAND_UNITS,FROZEN_STEP4B_CHAMPION,FROZEN_STEP4C,DERIVED_FROM_SYNTHETIC_CASE_STUDY_DEMAND,1782.926,343.0,585.431,8900.319,712.025,376.051,681077.82,0.055,0.9,319.801,799.503,1782.926,16.978,2385.335,321.489,0.0,2063.846,1.0,6.454,1782.926,16.978,2385.335,325.222,0.0,2060.113,1.0,6.442,1782.926,16.978,2385.335,326.973,0.0,2058.362,1.0,6.436,0.0,776111.372,2686.539,0.0,774707.574,2681.68,0.0,774049.109,2679.401,1.0,2026-06-29,0.0,0,0,0,P2,LOW_COVERAGE_RISK,PROTECT,"Base-case fill rate meets the governed service target, but ending inventory is below the 2.5-week safety-stock policy. Protect inventory and retain contingency chase capacity; do not release it yet.",1,1,1.0,1.0,0.0,0.0,0.0,0.0,0,0,297.254,355.298,262.508,0.598,0.715,0.528,0.0,0.0,0.0,944.908,979.654,0.0,944.908,979.654,0.0,0.0,0.0,0.0,0,0.0,0.0,712.025,1,267.629,0.0,0.0,20380.389,20863.828,0.0,0.0,0.92,2.5,0.08,0.18,PRIOR_YEAR_SEASONAL_RECEIPTS_SHIFTED_52W_PLUS_FROZEN_SKU_GROWTH,EXPLICIT_SEASONAL_RECEIPT,DERIVED_IBP_DECISION_LAYER,NET_REVENUE_INVENTORY_EXPOSURE_PROXY_NOT_ACCOUNTING_PROFIT,FROZEN_STEP4D,BASE_SERVICE_THEN_PERSISTENT_WEEKLY_SERVICE_THEN_BASE_COVERAGE_THEN_SEVERE_SCENARIO_THEN_EXCESS,IMMEDIATE_RELEASE_ONLY_FOR_AGGREGATE_BASE_SERVICE_RISK_WEEKLY_SERVICE_RISK_REQUIRES_SOE_REVIEW,LOW_COVERAGE_PROTECTS_INVENTORY_WITHOUT_AUTOMATIC_CHASE_RELEASE,SYNTHETIC_PLANNING_GOVERNANCE_2PLUS_FORECAST_WEEKS_BELOW_92PCT_ESCALATES_TO_P1_NO_AUTOMATIC_CHASE,P2_CHASE_AND_REALLOCATION_OPTIONS_ARE_NOT_RELEASED
2026-06-22,2026-06-29,1,IMH-001,WHOLESALE,HW_Add_Add,ETS,260,18.55,1.41,263.528,27,NOWCAST_REQUIRED,POINT_IN_TIME_NOWCAST_NOT_SUPPLIED,0,0,3,28,19,6,ADEQUATE,0.29,0.097,0.75,-4.0,5.0,-1.16,0.0,0.485,0.0,1.645,-0.398,-1.849,1.029,CONDITIONAL_P75_SCENARIO_EXPOSURE_X_FROZEN_SKU_POLICY_CAP,HISTORICAL_PUBLIC_WEATHER_DERIVED_OVERLAY,PROJECT_ASSUMPTION,NO_REALIZED_FUTURE_WEATHER_USED,260.471,263.528,264.805,263.528,4.334,1.645,BASE_FORECAST_PENDING_NOWCAST,RECONSTRUCTED_DEMAND_UNITS,FROZEN_STEP4B_CHAMPION,FROZEN_STEP4C,DERIVED_FROM_SYNTHETIC_CASE_STUDY_DEMAND,930.627,282.0,794.891,6251.029,500.082,207.635,193570.36,0.02,0.5,272.738,681.846,930.627,2.82,1728.337,260.471,0.0,1467.866,1.0,5.382,930.627,2.82,1728.337,263.528,0.0,1464.809,1.0,5.371,930.627,2.82,1728.337,264.805,0.0,1463.532,1.0,5.366,0.0,304780.734,1055.01,0.0,304145.993,1052.813,0.0,303880.843,1051.895,0.741,2026-08-24,78.388,2,1,1,P1,WEEKLY_SERVICE_RISK,ESCALATE,"Base 13-week service meets target, but the series misses the 92% service target in 2 forecast weeks. Worst week 2026-08-24 falls to 74.1% fill with a 78.4-unit gap. Escalate for S&OE review and validate receipt timing, reallocation and chase feasibility before any release.",1,1,0.961,0.955,161.037,186.474,0.039,0.045,1,1,0.0,0.0,0.0,0.0,0.0,0.0,0.0,0.0,0.0,964.185,964.185,0.0,964.185,1150.659,0.0,0.0,0.0,0.0,0,0.0,0.0,0.0,0,0.0,33436.964,38718.609,6327.247,6438.521,0.0,0.0,0.92,2.5,0.08,0.18,PRIOR_YEAR_SEASONAL_RECEIPTS_SHIFTED_52W_PLUS_FROZEN_SKU_GROWTH,EXPLICIT_SEASONAL_RECEIPT,DERIVED_IBP_DECISION_LAYER,NET_REVENUE_INVENTORY_EXPOSURE_PROXY_NOT_ACCOUNTING_PROFIT,FROZEN_STEP4D,BASE_SERVICE_THEN_PERSISTENT_WEEKLY_SERVICE_THEN_BASE_COVERAGE_THEN_SEVERE_SCENARIO_THEN_EXCESS,IMMEDIATE_RELEASE_ONLY_FOR_AGGREGATE_BASE_SERVICE_RISK_WEEKLY_SERVICE_RISK_REQUIRES_SOE_REVIEW,LOW_COVERAGE_PROTECTS_INVENTORY_WITHOUT_AUTOMATIC_CHASE_RELEASE,SYNTHETIC_PLANNING_GOVERNANCE_2PLUS_FORECAST_WEEKS_BELOW_92PCT_ESCALATES_TO_P1_NO_AUTOMATIC_CHASE,P2_CHASE_AND_REALLOCATION_OPTIONS_ARE_NOT_RELEASED
2026-06-22,2026-07-06,2,APS-001,ECOM,HW_Damped_Mul,ETS,260,10.55,-3.09,136.925,28,NOWCAST_REQUIRED,POINT_IN_TIME_NOWCAST_NOT_SUPPLIED,0,0,2,20,13,4,ADEQUATE,0.265,0.109,0.75,-4.0,6.0,-1.061,0.0,0.653,0.0,1.714,-0.288,-1.808,0.567,CONDITIONAL_P75_SCENARIO_EXPOSURE_X_FROZEN_SKU_POLICY_CAP,HISTORICAL_PUBLIC_WEATHER_DERIVED_OVERLAY,PROJECT_ASSUMPTION,NO_REALIZED_FUTURE_WEATHER_USED,135.472,136.925,137.819,136.925,2.347,1.714,BASE_FORECAST_PENDING_NOWCAST,RECONSTRUCTED_DEMAND_UNITS,FROZEN_STEP4B_CHAMPION,FROZEN_STEP4C,DERIVED_FROM_SYNTHETIC_CASE_STUDY_DEMAND,758.867,133.0,0.0,4770.755,381.66,764.109,585845.65,0.07,0.85,142.81,357.024,848.638,8.013,856.651,135.472,0.0,721.179,1.0,5.05,847.14,8.102,855.242,136.925,0.0,718.317,1.0,5.03,846.017,8.169,854.185,137.819,0.0,716.366,1.0,5.016,0.0,551058.771,1907.511,0.0,548871.992,1899.942,0.0,547381.841,1894.783,1.0,2026-06-29,0.0,0,0,0,P2,LOW_COVERAGE_RISK,PROTECT,"Base-case fill rate meets the governed service target, but ending inventory is below the 2.5-week safety-stock policy. Protect inventory and retain contingency chase capacity; do not release it yet.",1,1,1.0,1.0,0.0,0.0,0.0,0.0,0,0,305.373,331.86,284.537,1.25,1.358,1.165,0.0,0.0,0.0,305.341,326.177,0.0,305.341,326.177,0.0,0.0,0.0,0.0,0,0.0,0.0,326.177,1,0.0,0.0,0.0,21642.102,22071.712,0.0,0.0,0.92,2.5,0.08,0.18,PRIOR_YEAR_SEASONAL_RECEIPTS_SHIFTED_52W_PLUS_FROZEN_SKU_GROWTH,EXPLICIT_SEASONAL_RECEIPT,DERIVED_IBP_DECISION_LAYER,NET_REVENUE_INVENTORY_EXPOSURE_PROXY_NOT_ACCOUNTING_PROFIT,FROZEN_STEP4D,BASE_SERVICE_THEN_PERSISTENT_WEEKLY_SERVICE_THEN_BASE_COVERAGE_THEN_SEVERE_SCENARIO_THEN_EXCESS,IMMEDIATE_RELEASE_ONLY_FOR_AGGREGATE_BASE_SERVICE_RISK_WEEKLY_SERVICE_RISK_REQUIRES_SOE_REVIEW,LOW_COVERAGE_PROTECTS_INVENTORY_WITHOUT_AUTOMATIC_CHASE_RELEASE,SYNTHETIC_PLANNING_GOVERNANCE_2PLUS_FORECAST_WEEKS_BELOW_92PCT_ESCALATES_TO_P1_NO_AUTOMATIC_CHASE,P2_CHASE_AND_REALLOCATION_OPTIONS_ARE_NOT_RELEASED
2026-06-22,2026-07-06,2,APS-001,RETAIL,HW_Damped_Mul,ETS,260,8.83,-0.97,103.458,28,NOWCAST_REQUIRED,POINT_IN_TIME_NOWCAST_NOT_SUPPLIED,0,0,2,20,13,4,ADEQUATE,0.266,0.108,0.75,-4.0,6.0,-1.064,0.0,0.649,0.0,1.712,-0.292,-1.798,0.568,CONDITIONAL_P75_SCENARIO_EXPOSURE_X_FROZEN_SKU_POLICY_CAP,HISTORICAL_PUBLIC_WEATHER_DERIVED_OVERLAY,PROJECT_ASSUMPTION,NO_REALIZED_FUTURE_WEATHER_USED,102.358,103.458,104.129,103.458,1.772,1.712,BASE_FORECAST_PENDING_NOWCAST,RECONSTRUCTED_DEMAND_UNITS,FROZEN_STEP4B_CHAMPION,FROZEN_STEP4C,DERIVED_FROM_SYNTHETIC_CASE_STUDY_DEMAND,502.461,96.0,0.0,3114.813,249.185,758.962,383880.5,0.055,0.9,95.451,238.627,504.891,4.721,509.612,102.358,0.0,407.254,1.0,4.267,503.838,4.773,508.611,103.458,0.0,405.153,1.0,4.245,503.057,4.812,507.869,104.129,0.0,403.74,1.0,4.23,0.0,309090.05,1069.927,0.0,307495.565,1064.408,0.0,306422.894,1060.695,1.0,2026-06-29,0.0,0,0,0,P2,LOW_COVERAGE_RISK,PROTECT,"Base-case fill rate meets the governed service target, but ending inventory is below the 2.5-week safety-stock policy. Protect inventory and retain contingency chase capacity; do not release it yet.",1,1,1.0,1.0,0.0,0.0,0.0,0.0,0,0,46.707,64.946,32.687,0.281,0.391,0.197,0.0,0.0,0.0,368.516,382.537,0.0,368.516,382.537,0.0,0.0,0.0,0.0,0,0.0,0.0,249.185,1,133.352,0.0,0.0,10340.301,10633.988,0.0,0.0,0.92,2.5,0.08,0.18,PRIOR_YEAR_SEASONAL_RECEIPTS_SHIFTED_52W_PLUS_FROZEN_SKU_GROWTH,EXPLICIT_SEASONAL_RECEIPT,DERIVED_IBP_DECISION_LAYER,NET_REVENUE_INVENTORY_EXPOSURE_PROXY_NOT_ACCOUNTING_PROFIT,FROZEN_STEP4D,BASE_SERVICE_THEN_PERSISTENT_WEEKLY_SERVICE_THEN_BASE_COVERAGE_THEN_SEVERE_SCENARIO_THEN_EXCESS,IMMEDIATE_RELEASE_ONLY_FOR_AGGREGATE_BASE_SERVICE_RISK_WEEKLY_SERVICE_RISK_REQUIRES_SOE_REVIEW,LOW_COVERAGE_PROTECTS_INVENTORY_WITHOUT_AUTOMATIC_CHASE_RELEASE,SYNTHETIC_PLANNING_GOVERNANCE_2PLUS_FORECAST_WEEKS_BELOW_92PCT_ESCALATES_TO_P1_NO_AUTOMATIC_CHASE,P2_CHASE_AND_REALLOCATION_OPTIONS_ARE_NOT_RELEASED
2026-06-22,2026-07-06,2,APS-001,WHOLESALE,HW_Damped_Add,ETS,260,18.26,-0.35,86.943,28,NOWCAST_REQUIRED,POINT_IN_TIME_NOWCAST_NOT_SUPPLIED,0,0,2,20,13,4,ADEQUATE,0.289,0.119,0.75,-4.0,6.0,-1.155,0.0,0.712,0.0,1.867,-0.292,-1.852,0.647,CONDITIONAL_P75_SCENARIO_EXPOSURE_X_FROZEN_SKU_POLICY_CAP,HISTORICAL_PUBLIC_WEATHER_DERIVED_OVERLAY,PROJECT_ASSUMPTION,NO_REALIZED_FUTURE_WEATHER_USED,85.938,86.943,87.562,86.943,1.624,1.867,BASE_FORECAST_PENDING_NOWCAST,RECONSTRUCTED_DEMAND_UNITS,FROZEN_STEP4B_CHAMPION,FROZEN_STEP4C,DERIVED_FROM_SYNTHETIC_CASE_STUDY_DEMAND,419.581,82.0,0.0,2718.984,217.519,415.548,174545.81,0.02,0.5,83.738,209.346,418.723,0.781,419.504,85.938,0.0,333.566,1.0,3.983,417.827,0.79,418.617,86.943,0.0,331.674,1.0,3.961,417.16,0.797,417.957,87.562,0.0,330.395,1.0,3.946,0.0,138612.678,479.813,0.0,137826.445,477.092,0.0,137294.822,475.251,0.332,2026-08-24,62.506,2,1,1,P1,WEEKLY_SERVICE_RISK,ESCALATE,"Base 13-week service meets target, but the series misses the 92% service target in 2 forecast weeks. Worst week 2026-08-24 falls to 33.2% fill with a 62.5-unit gap. Escalate for S&OE review and validate receipt timing, reallocation and chase feasibility before any release.",1,1,0.935,0.927,84.648,96.864,0.065,0.073,1,1,0.0,0.0,0.0,0.0,0.0,0.0,0.0,0.0,0.0,335.369,335.369,0.0,335.369,432.233,0.0,0.0,0.0,0.0,0,0.0,0.0,0.0,0,0.0,35175.203,40251.626,3706.361,3772.726,0.0,0.0,0.92,2.5,0.08,0.18,PRIOR_YEAR_SEASONAL_RECEIPTS_SHIFTED_52W_PLUS_FROZEN_SKU_GROWTH,EXPLICIT_SEASONAL_RECEIPT,DERIVED_IBP_DECISION_LAYER,NET_REVENUE_INVENTORY_EXPOSURE_PROXY_NOT_ACCOUNTING_PROFIT,FROZEN_STEP4D,BASE_SERVICE_THEN_PERSISTENT_WEEKLY_SERVICE_THEN_BASE_COVERAGE_THEN_SEVERE_SCENARIO_THEN_EXCESS,IMMEDIATE_RELEASE_ONLY_FOR_AGGREGATE_BASE_SERVICE_RISK_WEEKLY_SERVICE_RISK_REQUIRES_SOE_REVIEW,LOW_COVERAGE_PROTECTS_INVENTORY_WITHOUT_AUTOMATIC_CHASE_RELEASE,SYNTHETIC_PLANNING_GOVERNANCE_2PLUS_FORECAST_WEEKS_BELOW_92PCT_ESCALATES_TO_P1_NO_AUTOMATIC_CHASE,P2_CHASE_AND_REALLOCATION_OPTIONS_ARE_NOT_RELEASED
2026-06-22,2026-07-06,2,CTS-001,ECOM,HW_Damped_Mul,ETS,260,8.37,-1.12,478.195,28,NOWCAST_REQUIRED,POINT_IN_TIME_NOWCAST_NOT_SUPPLIED,0,0,2,20,13,4,ADEQUATE,0.277,0.111,0.75,-3.0,4.0,-0.83,0.0,0.444,0.0,1.274,-0.202,-1.424,0.441,CONDITIONAL_P75_SCENARIO_EXPOSURE_X_FROZEN_SKU_POLICY_CAP,HISTORICAL_PUBLIC_WEATHER_DERIVED_OVERLAY,PROJECT_ASSUMPTION,NO_REALIZED_FUTURE_WEATHER_USED,474.224,478.195,480.317,478.195,6.093,1.274,BASE_FORECAST_PENDING_NOWCAST,RECONSTRUCTED_DEMAND_UNITS,FROZEN_STEP4B_CHAMPION,FROZEN_STEP4C,DERIVED_FROM_SYNTHETIC_CASE_STUDY_DEMAND,1667.095,409.342,0.0,8586.813,686.945,615.768,1045685.26,0.07,0.85,465.448,1163.619,2938.562,27.52,2966.082,474.224,0.0,2491.858,1.0,5.354,2934.416,27.767,2962.183,478.195,0.0,2483.988,1.0,5.337,2932.316,27.892,2960.208,480.317,0.0,2479.891,1.0,5.328,0.0,1534405.91,5311.405,0.0,1529559.624,5294.629,0.0,1527036.793,5285.897,1.0,2026-06-29,0.0,0,0,0,P2,LOW_COVERAGE_RISK,PROTECT,"Base-case fill rate meets the governed service target, but ending inventory is below the 2.5-week safety-stock policy. Protect inventory and retain contingency chase capacity; do not release it yet.",1,1,1.0,1.0,0.0,0.0,0.0,0.0,0,0,368.542,425.112,334.792,0.635,0.732,0.576,0.0,0.0,0.0,1083.468,1117.218,0.0,1083.468,1117.218,0.0,0.0,0.0,0.0,0,0.0,0.0,686.945,1,430.273,0.0,0.0,43747.478,44551.408,0.0,0.0,0.92,2.5,0.08,0.18,PRIOR_YEAR_SEASONAL_RECEIPTS_SHIFTED_52W_PLUS_FROZEN_SKU_GROWTH,EXPLICIT_SEASONAL_RECEIPT,DERIVED_IBP_DECISION_LAYER,NET_REVENUE_INVENTORY_EXPOSURE_PROXY_NOT_ACCOUNTING_PROFIT,FROZEN_STEP4D,BASE_SERVICE_THEN_PERSISTENT_WEEKLY_SERVICE_THEN_BASE_COVERAGE_THEN_SEVERE_SCENARIO_THEN_EXCESS,IMMEDIATE_RELEASE_ONLY_FOR_AGGREGATE_BASE_SERVICE_RISK_WEEKLY_SERVICE_RISK_REQUIRES_SOE_REVIEW,LOW_COVERAGE_PROTECTS_INVENTORY_WITHOUT_AUTOMATIC_CHASE_RELEASE,SYNTHETIC_PLANNING_GOVERNANCE_2PLUS_FORECAST_WEEKS_BELOW_92PCT_ESCALATES_TO_P1_NO_AUTOMATIC_CHASE,P2_CHASE_AND_REALLOCATION_OPTIONS_ARE_NOT_RELEASED
2026-06-22,2026-07-06,2,CTS-001,RETAIL,HW_Damped_Mul,ETS,260,9.18,0.8,326.908,28,NOWCAST_REQUIRED,POINT_IN_TIME_NOWCAST_NOT_SUPPLIED,0,0,2,20,13,4,ADEQUATE,0.283,0.111,0.75,-3.0,4.0,-0.849,0.0,0.445,0.0,1.295,-0.202,-1.445,0.443,CONDITIONAL_P75_SCENARIO_EXPOSURE_X_FROZEN_SKU_POLICY_CAP,HISTORICAL_PUBLIC_WEATHER_DERIVED_OVERLAY,PROJECT_ASSUMPTION,NO_REALIZED_FUTURE_WEATHER_USED,324.132,326.908,328.364,326.908,4.232,1.295,BASE_FORECAST_PENDING_NOWCAST,RECONSTRUCTED_DEMAND_UNITS,FROZEN_STEP4B_CHAMPION,FROZEN_STEP4C,DERIVED_FROM_SYNTHETIC_CASE_STUDY_DEMAND,707.045,286.503,0.0,5742.657,459.413,614.034,438898.37,0.055,0.9,314.986,787.465,1473.919,14.99,1488.909,324.132,0.0,1164.777,1.0,3.698,1471.178,15.125,1486.303,326.908,0.0,1159.395,1.0,3.681,1469.802,15.193,1484.995,328.364,0.0,1156.631,1.0,3.672,0.0,715212.596,2475.736,0.0,711908.281,2464.298,0.0,710211.159,2458.423,0.654,2026-08-24,122.844,2,1,1,P1,WEEKLY_SERVICE_RISK,ESCALATE,"Base 13-week service meets target, but the series misses the 92% service target in 2 forecast weeks. Worst week 2026-08-24 falls to 65.4% fill with a 122.8-unit gap. Escalate for S&OE review and validate receipt timing, reallocation and chase feasibility before any release.",1,1,0.956,0.951,201.709,226.204,0.044,0.049,1,1,0.0,0.0,0.0,0.0,0.0,0.0,0.0,0.0,0.0,1028.153,1028.153,0.0,1028.153,1254.357,0.0,0.0,0.0,0.0,0,0.0,0.0,0.0,0,0.0,123855.957,138896.7,19143.477,19410.014,0.0,0.0,0.92,2.5,0.08,0.18,PRIOR_YEAR_SEASONAL_RECEIPTS_SHIFTED_52W_PLUS_FROZEN_SKU_GROWTH,EXPLICIT_SEASONAL_RECEIPT,DERIVED_IBP_DECISION_LAYER,NET_REVENUE_INVENTORY_EXPOSURE_PROXY_NOT_ACCOUNTING_PROFIT,FROZEN_STEP4D,BASE_SERVICE_THEN_PERSISTENT_WEEKLY_SERVICE_THEN_BASE_COVERAGE_THEN_SEVERE_SCENARIO_THEN_EXCESS,IMMEDIATE_RELEASE_ONLY_FOR_AGGREGATE_BASE_SERVICE_RISK_WEEKLY_SERVICE_RISK_REQUIRES_SOE_REVIEW,LOW_COVERAGE_PROTECTS_INVENTORY_WITHOUT_AUTOMATIC_CHASE_RELEASE,SYNTHETIC_PLANNING_GOVERNANCE_2PLUS_FORECAST_WEEKS_BELOW_92PCT_ESCALATES_TO_P1_NO_AUTOMATIC_CHASE,P2_CHASE_AND_REALLOCATION_OPTIONS_ARE_NOT_RELEASED
2026-06-22,2026-07-06,2,CTS-001,WHOLESALE,Seasonal_MA_2Y,BASELINE,260,21.73,2.41,226.5,28,NOWCAST_REQUIRED,POINT_IN_TIME_NOWCAST_NOT_SUPPLIED,0,0,2,20,13,4,ADEQUATE,0.275,0.112,0.75,-3.0,4.0,-0.826,0.0,0.448,0.0,1.274,-0.219,-1.406,0.445,CONDITIONAL_P75_SCENARIO_EXPOSURE_X_FROZEN_SKU_POLICY_CAP,HISTORICAL_PUBLIC_WEATHER_DERIVED_OVERLAY,PROJECT_ASSUMPTION,NO_REALIZED_FUTURE_WEATHER_USED,224.629,226.5,227.514,226.5,2.885,1.274,BASE_FORECAST_PENDING_NOWCAST,RECONSTRUCTED_DEMAND_UNITS,FROZEN_STEP4B_CHAMPION,FROZEN_STEP4C,DERIVED_FROM_SYNTHETIC_CASE_STUDY_DEMAND,833.966,205.518,0.0,4254.815,340.385,337.376,281880.52,0.02,0.5,258.625,646.562,2125.381,2.647,2128.028,224.629,0.0,1903.399,1.0,7.36,2123.038,2.67,2125.708,226.5,0.0,1899.208,1.0,7.343,2121.832,2.682,2124.514,227.514,0.0,1897.0,1.0,7.335,0.0,642160.828,2222.864,0.0,640747.031,2217.97,0.0,640002.126,2215.392,1.0,2026-06-29,0.0,0,0,0,P2,LOW_COVERAGE_RISK,PROTECT,"Base-case fill rate meets the governed service target, but ending inventory is below the 2.5-week safety-stock policy. Protect inventory and retain contingency chase capacity; do not release it yet.",1,1,1.0,1.0,0.0,0.0,0.0,0.0,0,0,310.656,342.966,291.085,0.911,1.006,0.853,0.0,0.0,0.0,542.043,561.614,0.0,542.043,561.614,0.0,0.0,0.0,0.0,0,0.0,0.0,340.385,1,221.229,0.0,0.0,17897.756,18149.013,0.0,0.0,0.92,2.5,0.08,0.18,PRIOR_YEAR_SEASONAL_RECEIPTS_SHIFTED_52W_PLUS_FROZEN_SKU_GROWTH,EXPLICIT_SEASONAL_RECEIPT,DERIVED_IBP_DECISION_LAYER,NET_REVENUE_INVENTORY_EXPOSURE_PROXY_NOT_ACCOUNTING_PROFIT,FROZEN_STEP4D,BASE_SERVICE_THEN_PERSISTENT_WEEKLY_SERVICE_THEN_BASE_COVERAGE_THEN_SEVERE_SCENARIO_THEN_EXCESS,IMMEDIATE_RELEASE_ONLY_FOR_AGGREGATE_BASE_SERVICE_RISK_WEEKLY_SERVICE_RISK_REQUIRES_SOE_REVIEW,LOW_COVERAGE_PROTECTS_INVENTORY_WITHOUT_AUTOMATIC_CHASE_RELEASE,SYNTHETIC_PLANNING_GOVERNANCE_2PLUS_FORECAST_WEEKS_BELOW_92PCT_ESCALATES_TO_P1_NO_AUTOMATIC_CHASE,P2_CHASE_AND_REALLOCATION_OPTIONS_ARE_NOT_RELEASED
2026-06-22,2026-07-06,2,IMH-001,ECOM,HW_Damped_Mul,ETS,260,8.68,-1.32,487.617,28,NOWCAST_REQUIRED,POINT_IN_TIME_NOWCAST_NOT_SUPPLIED,0,0,2,20,13,4,ADEQUATE,0.27,0.093,0.75,-4.0,5.0,-1.079,0.0,0.466,0.0,1.545,-0.316,-1.788,0.414,CONDITIONAL_P75_SCENARIO_EXPOSURE_X_FROZEN_SKU_POLICY_CAP,HISTORICAL_PUBLIC_WEATHER_DERIVED_OVERLAY,PROJECT_ASSUMPTION,NO_REALIZED_FUTURE_WEATHER_USED,482.356,487.617,489.891,487.617,7.535,1.545,BASE_FORECAST_PENDING_NOWCAST,RECONSTRUCTED_DEMAND_UNITS,FROZEN_STEP4B_CHAMPION,FROZEN_STEP4C,DERIVED_FROM_SYNTHETIC_CASE_STUDY_DEMAND,1960.271,440.0,0.0,11432.845,914.628,381.156,756664.65,0.07,0.85,472.312,1180.779,2836.714,27.566,2864.28,482.356,0.0,2381.924,1.0,5.043,2831.483,27.877,2859.36,487.617,0.0,2371.743,1.0,5.022,2828.809,28.036,2856.845,489.891,0.0,2366.954,1.0,5.011,0.0,907883.445,3142.673,0.0,904002.994,3129.241,0.0,902177.679,3122.923,1.0,2026-06-29,0.0,0,0,0,P2,LOW_COVERAGE_RISK,PROTECT,"Base-case fill rate meets the governed service target, but ending inventory is below the 2.5-week safety-stock policy. Protect inventory and retain contingency chase capacity; do not release it yet.",1,1,1.0,1.0,0.0,0.0,0.0,0.0,0,0,393.86,478.784,344.992,0.54,0.657,0.473,0.0,0.0,0.0,1428.223,1477.09,0.0,1428.223,1477.09,0.0,0.0,0.0,0.0,0,0.0,0.0,914.628,1,562.462,0.0,0.0,28691.117,29399.633,0.0,0.0,0.92,2.5,0.08,0.18,PRIOR_YEAR_SEASONAL_RECEIPTS_SHIFTED_52W_PLUS_FROZEN_SKU_GROWTH,EXPLICIT_SEASONAL_RECEIPT,DERIVED_IBP_DECISION_LAYER,NET_REVENUE_INVENTORY_EXPOSURE_PROXY_NOT_ACCOUNTING_PROFIT,FROZEN_STEP4D,BASE_SERVICE_THEN_PERSISTENT_WEEKLY_SERVICE_THEN_BASE_COVERAGE_THEN_SEVERE_SCENARIO_THEN_EXCESS,IMMEDIATE_RELEASE_ONLY_FOR_AGGREGATE_BASE_SERVICE_RISK_WEEKLY_SERVICE_RISK_REQUIRES_SOE_REVIEW,LOW_COVERAGE_PROTECTS_INVENTORY_WITHOUT_AUTOMATIC_CHASE_RELEASE,SYNTHETIC_PLANNING_GOVERNANCE_2PLUS_FORECAST_WEEKS_BELOW_92PCT_ESCALATES_TO_P1_NO_AUTOMATIC_CHASE,P2_CHASE_AND_REALLOCATION_OPTIONS_ARE_NOT_RELEASED
2026-06-22,2026-07-06,2,IMH-001,RETAIL,HW_Damped_Mul,ETS,260,8.48,-1.21,306.074,28,NOWCAST_REQUIRED,POINT_IN_TIME_NOWCAST_NOT_SUPPLIED,0,0,2,20,13,4,ADEQUATE,0.263,0.088,0.75,-4.0,5.0,-1.054,0.0,0.44,0.0,1.493,-0.3,-1.846,0.39,CONDITIONAL_P75_SCENARIO_EXPOSURE_X_FROZEN_SKU_POLICY_CAP,HISTORICAL_PUBLIC_WEATHER_DERIVED_OVERLAY,PROJECT_ASSUMPTION,NO_REALIZED_FUTURE_WEATHER_USED,302.85,306.074,307.42,306.074,4.57,1.493,BASE_FORECAST_PENDING_NOWCAST,RECONSTRUCTED_DEMAND_UNITS,FROZEN_STEP4B_CHAMPION,FROZEN_STEP4C,DERIVED_FROM_SYNTHETIC_CASE_STUDY_DEMAND,1782.926,343.0,0.0,8900.319,712.025,376.051,681077.82,0.055,0.9,323.285,808.212,2063.846,15.914,2079.76,302.85,0.0,1776.91,1.0,5.496,2060.113,16.098,2076.212,306.074,0.0,1770.138,1.0,5.475,2058.362,16.185,2074.547,307.42,0.0,1767.127,1.0,5.466,0.0,668208.701,2313.03,0.0,665662.002,2304.215,0.0,664529.967,2300.296,1.0,2026-06-29,0.0,0,0,0,P2,LOW_COVERAGE_RISK,PROTECT,"Base-case fill rate meets the governed service target, but ending inventory is below the 2.5-week safety-stock policy. Protect inventory and retain contingency chase capacity; do not release it yet.",1,1,1.0,1.0,0.0,0.0,0.0,0.0,0,0,297.254,355.298,262.508,0.598,0.715,0.528,0.0,0.0,0.0,944.908,979.654,0.0,944.908,979.654,0.0,0.0,0.0,0.0,0,0.0,0.0,712.025,1,267.629,0.0,0.0,20380.389,20863.828,0.0,0.0,0.92,2.5,0.08,0.18,PRIOR_YEAR_SEASONAL_RECEIPTS_SHIFTED_52W_PLUS_FROZEN_SKU_GROWTH,EXPLICIT_SEASONAL_RECEIPT,DERIVED_IBP_DECISION_LAYER,NET_REVENUE_INVENTORY_EXPOSURE_PROXY_NOT_ACCOUNTING_PROFIT,FROZEN_STEP4D,BASE_SERVICE_THEN_PERSISTENT_WEEKLY_SERVICE_THEN_BASE_COVERAGE_THEN_SEVERE_SCENARIO_THEN_EXCESS,IMMEDIATE_RELEASE_ONLY_FOR_AGGREGATE_BASE_SERVICE_RISK_WEEKLY_SERVICE_RISK_REQUIRES_SOE_REVIEW,LOW_COVERAGE_PROTECTS_INVENTORY_WITHOUT_AUTOMATIC_CHASE_RELEASE,SYNTHETIC_PLANNING_GOVERNANCE_2PLUS_FORECAST_WEEKS_BELOW_92PCT_ESCALATES_TO_P1_NO_AUTOMATIC_CHASE,P2_CHASE_AND_REALLOCATION_OPTIONS_ARE_NOT_RELEASED
2026-06-22,2026-07-06,2,IMH-001,WHOLESALE,HW_Add_Add,ETS,260,18.55,1.41,284.134,28,NOWCAST_REQUIRED,POINT_IN_TIME_NOWCAST_NOT_SUPPLIED,0,0,2,20,13,4,ADEQUATE,0.291,0.086,0.75,-4.0,5.0,-1.163,0.0,0.429,0.0,1.592,-0.319,-1.849,0.402,CONDITIONAL_P75_SCENARIO_EXPOSURE_X_FROZEN_SKU_POLICY_CAP,HISTORICAL_PUBLIC_WEATHER_DERIVED_OVERLAY,PROJECT_ASSUMPTION,NO_REALIZED_FUTURE_WEATHER_USED,280.831,284.134,285.354,284.134,4.523,1.592,BASE_FORECAST_PENDING_NOWCAST,RECONSTRUCTED_DEMAND_UNITS,FROZEN_STEP4B_CHAMPION,FROZEN_STEP4C,DERIVED_FROM_SYNTHETIC_CASE_STUDY_DEMAND,930.627,282.0,0.0,6251.029,500.082,207.635,193570.36,0.02,0.5,274.692,686.731,1467.866,2.605,1470.471,280.831,0.0,1189.64,1.0,4.331,1464.809,2.635,1467.445,284.134,0.0,1183.311,1.0,4.308,1463.532,2.648,1466.18,285.354,0.0,1180.826,1.0,4.299,0.0,247011.157,855.039,0.0,245696.944,850.489,0.0,245181.131,848.704,0.741,2026-08-24,78.388,2,1,1,P1,WEEKLY_SERVICE_RISK,ESCALATE,"Base 13-week service meets target, but the series misses the 92% service target in 2 forecast weeks. Worst week 2026-08-24 falls to 74.1% fill with a 78.4-unit gap. Escalate for S&OE review and validate receipt timing, reallocation and chase feasibility before any release.",1,1,0.961,0.955,161.037,186.474,0.039,0.045,1,1,0.0,0.0,0.0,0.0,0.0,0.0,0.0,0.0,0.0,964.185,964.185,0.0,964.185,1150.659,0.0,0.0,0.0,0.0,0,0.0,0.0,0.0,0,0.0,33436.964,38718.609,6327.247,6438.521,0.0,0.0,0.92,2.5,0.08,0.18,PRIOR_YEAR_SEASONAL_RECEIPTS_SHIFTED_52W_PLUS_FROZEN_SKU_GROWTH,EXPLICIT_SEASONAL_RECEIPT,DERIVED_IBP_DECISION_LAYER,NET_REVENUE_INVENTORY_EXPOSURE_PROXY_NOT_ACCOUNTING_PROFIT,FROZEN_STEP4D,BASE_SERVICE_THEN_PERSISTENT_WEEKLY_SERVICE_THEN_BASE_COVERAGE_THEN_SEVERE_SCENARIO_THEN_EXCESS,IMMEDIATE_RELEASE_ONLY_FOR_AGGREGATE_BASE_SERVICE_RISK_WEEKLY_SERVICE_RISK_REQUIRES_SOE_REVIEW,LOW_COVERAGE_PROTECTS_INVENTORY_WITHOUT_AUTOMATIC_CHASE_RELEASE,SYNTHETIC_PLANNING_GOVERNANCE_2PLUS_FORECAST_WEEKS_BELOW_92PCT_ESCALATES_TO_P1_NO_AUTOMATIC_CHASE,P2_CHASE_AND_REALLOCATION_OPTIONS_ARE_NOT_RELEASED
2026-06-22,2026-07-13,3,APS-001,ECOM,HW_Damped_Mul,ETS,260,10.55,-3.09,138.086,29,NOWCAST_REQUIRED,POINT_IN_TIME_NOWCAST_NOT_SUPPLIED,0,0,2,20,12,5,ADEQUATE,0.297,0.152,0.75,-4.0,6.0,-1.188,0.0,0.911,0.0,2.099,-0.288,-2.33,1.315,CONDITIONAL_P75_SCENARIO_EXPOSURE_X_FROZEN_SKU_POLICY_CAP,HISTORICAL_PUBLIC_WEATHER_DERIVED_OVERLAY,PROJECT_ASSUMPTION,NO_REALIZED_FUTURE_WEATHER_USED,136.446,138.086,139.344,138.086,2.898,2.099,BASE_FORECAST_PENDING_NOWCAST,RECONSTRUCTED_DEMAND_UNITS,FROZEN_STEP4B_CHAMPION,FROZEN_STEP4C,DERIVED_FROM_SYNTHETIC_CASE_STUDY_DEMAND,758.867,133.0,0.0,4770.755,381.66,764.109,585845.65,0.07,0.85,148.606,371.516,721.179,8.061,729.239,136.446,0.0,592.793,1.0,3.989,718.317,8.147,726.464,138.086,0.0,588.378,1.0,3.959,716.366,8.2,724.567,139.344,0.0,585.223,1.0,3.938,0.0,452958.358,1567.933,0.0,449584.501,1556.254,0.0,447173.747,1547.909,1.0,2026-06-29,0.0,0,0,0,P2,LOW_COVERAGE_RISK,PROTECT,"Base-case fill rate meets the governed service target, but ending inventory is below the 2.5-week safety-stock policy. Protect inventory and retain contingency chase capacity; do not release it yet.",1,1,1.0,1.0,0.0,0.0,0.0,0.0,0,0,305.373,331.86,284.537,1.25,1.358,1.165,0.0,0.0,0.0,305.341,326.177,0.0,305.341,326.177,0.0,0.0,0.0,0.0,0,0.0,0.0,326.177,1,0.0,0.0,0.0,21642.102,22071.712,0.0,0.0,0.92,2.5,0.08,0.18,PRIOR_YEAR_SEASONAL_RECEIPTS_SHIFTED_52W_PLUS_FROZEN_SKU_GROWTH,EXPLICIT_SEASONAL_RECEIPT,DERIVED_IBP_DECISION_LAYER,NET_REVENUE_INVENTORY_EXPOSURE_PROXY_NOT_ACCOUNTING_PROFIT,FROZEN_STEP4D,BASE_SERVICE_THEN_PERSISTENT_WEEKLY_SERVICE_THEN_BASE_COVERAGE_THEN_SEVERE_SCENARIO_THEN_EXCESS,IMMEDIATE_RELEASE_ONLY_FOR_AGGREGATE_BASE_SERVICE_RISK_WEEKLY_SERVICE_RISK_REQUIRES_SOE_REVIEW,LOW_COVERAGE_PROTECTS_INVENTORY_WITHOUT_AUTOMATIC_CHASE_RELEASE,SYNTHETIC_PLANNING_GOVERNANCE_2PLUS_FORECAST_WEEKS_BELOW_92PCT_ESCALATES_TO_P1_NO_AUTOMATIC_CHASE,P2_CHASE_AND_REALLOCATION_OPTIONS_ARE_NOT_RELEASED
2026-06-22,2026-07-13,3,APS-001,RETAIL,HW_Damped_Mul,ETS,260,8.83,-0.97,89.682,29,NOWCAST_REQUIRED,POINT_IN_TIME_NOWCAST_NOT_SUPPLIED,0,0,2,20,12,5,ADEQUATE,0.298,0.149,0.75,-4.0,6.0,-1.191,0.0,0.891,0.0,2.082,-0.292,-2.314,1.303,CONDITIONAL_P75_SCENARIO_EXPOSURE_X_FROZEN_SKU_POLICY_CAP,HISTORICAL_PUBLIC_WEATHER_DERIVED_OVERLAY,PROJECT_ASSUMPTION,NO_REALIZED_FUTURE_WEATHER_USED,88.614,89.682,90.482,89.682,1.867,2.082,BASE_FORECAST_PENDING_NOWCAST,RECONSTRUCTED_DEMAND_UNITS,FROZEN_STEP4B_CHAMPION,FROZEN_STEP4C,DERIVED_FROM_SYNTHETIC_CASE_STUDY_DEMAND,502.461,96.0,0.0,3114.813,249.185,758.962,383880.5,0.055,0.9,98.423,246.058,407.254,5.067,412.321,88.614,0.0,323.707,1.0,3.289,405.153,5.121,410.274,89.682,0.0,320.592,1.0,3.257,403.74,5.154,408.894,90.482,0.0,318.412,1.0,3.235,0.0,245680.87,850.434,0.0,243317.139,842.252,0.0,241662.507,836.524,1.0,2026-06-29,0.0,0,0,0,P2,LOW_COVERAGE_RISK,PROTECT,"Base-case fill rate meets the governed service target, but ending inventory is below the 2.5-week safety-stock policy. Protect inventory and retain contingency chase capacity; do not release it yet.",1,1,1.0,1.0,0.0,0.0,0.0,0.0,0,0,46.707,64.946,32.687,0.281,0.391,0.197,0.0,0.0,0.0,368.516,382.537,0.0,368.516,382.537,0.0,0.0,0.0,0.0,0,0.0,0.0,249.185,1,133.352,0.0,0.0,10340.301,10633.988,0.0,0.0,0.92,2.5,0.08,0.18,PRIOR_YEAR_SEASONAL_RECEIPTS_SHIFTED_52W_PLUS_FROZEN_SKU_GROWTH,EXPLICIT_SEASONAL_RECEIPT,DERIVED_IBP_DECISION_LAYER,NET_REVENUE_INVENTORY_EXPOSURE_PROXY_NOT_ACCOUNTING_PROFIT,FROZEN_STEP4D,BASE_SERVICE_THEN_PERSISTENT_WEEKLY_SERVICE_THEN_BASE_COVERAGE_THEN_SEVERE_SCENARIO_THEN_EXCESS,IMMEDIATE_RELEASE_ONLY_FOR_AGGREGATE_BASE_SERVICE_RISK_WEEKLY_SERVICE_RISK_REQUIRES_SOE_REVIEW,LOW_COVERAGE_PROTECTS_INVENTORY_WITHOUT_AUTOMATIC_CHASE_RELEASE,SYNTHETIC_PLANNING_GOVERNANCE_2PLUS_FORECAST_WEEKS_BELOW_92PCT_ESCALATES_TO_P1_NO_AUTOMATIC_CHASE,P2_CHASE_AND_REALLOCATION_OPTIONS_ARE_NOT_RELEASED
2026-06-22,2026-07-13,3,APS-001,WHOLESALE,HW_Damped_Add,ETS,260,18.26,-0.35,80.485,29,NOWCAST_REQUIRED,POINT_IN_TIME_NOWCAST_NOT_SUPPLIED,0,0,2,20,12,5,ADEQUATE,0.309,0.152,0.75,-4.0,6.0,-1.235,0.0,0.91,0.0,2.145,-0.292,-2.26,1.27,CONDITIONAL_P75_SCENARIO_EXPOSURE_X_FROZEN_SKU_POLICY_CAP,HISTORICAL_PUBLIC_WEATHER_DERIVED_OVERLAY,PROJECT_ASSUMPTION,NO_REALIZED_FUTURE_WEATHER_USED,79.491,80.485,81.217,80.485,1.726,2.145,BASE_FORECAST_PENDING_NOWCAST,RECONSTRUCTED_DEMAND_UNITS,FROZEN_STEP4B_CHAMPION,FROZEN_STEP4C,DERIVED_FROM_SYNTHETIC_CASE_STUDY_DEMAND,419.581,82.0,0.0,2718.984,217.519,415.548,174545.81,0.02,0.5,83.809,209.522,333.566,0.859,334.426,79.491,0.0,254.935,1.0,3.042,331.674,0.869,332.544,80.485,0.0,252.059,1.0,3.008,330.395,0.876,331.271,81.217,0.0,250.054,1.0,2.984,0.0,105937.496,366.707,0.0,104742.386,362.57,0.0,103909.155,359.686,0.332,2026-08-24,62.506,2,1,1,P1,WEEKLY_SERVICE_RISK,ESCALATE,"Base 13-week service meets target, but the series misses the 92% service target in 2 forecast weeks. Worst week 2026-08-24 falls to 33.2% fill with a 62.5-unit gap. Escalate for S&OE review and validate receipt timing, reallocation and chase feasibility before any release.",1,1,0.935,0.927,84.648,96.864,0.065,0.073,1,1,0.0,0.0,0.0,0.0,0.0,0.0,0.0,0.0,0.0,335.369,335.369,0.0,335.369,432.233,0.0,0.0,0.0,0.0,0,0.0,0.0,0.0,0,0.0,35175.203,40251.626,3706.361,3772.726,0.0,0.0,0.92,2.5,0.08,0.18,PRIOR_YEAR_SEASONAL_RECEIPTS_SHIFTED_52W_PLUS_FROZEN_SKU_GROWTH,EXPLICIT_SEASONAL_RECEIPT,DERIVED_IBP_DECISION_LAYER,NET_REVENUE_INVENTORY_EXPOSURE_PROXY_NOT_ACCOUNTING_PROFIT,FROZEN_STEP4D,BASE_SERVICE_THEN_PERSISTENT_WEEKLY_SERVICE_THEN_BASE_COVERAGE_THEN_SEVERE_SCENARIO_THEN_EXCESS,IMMEDIATE_RELEASE_ONLY_FOR_AGGREGATE_BASE_SERVICE_RISK_WEEKLY_SERVICE_RISK_REQUIRES_SOE_REVIEW,LOW_COVERAGE_PROTECTS_INVENTORY_WITHOUT_AUTOMATIC_CHASE_RELEASE,SYNTHETIC_PLANNING_GOVERNANCE_2PLUS_FORECAST_WEEKS_BELOW_92PCT_ESCALATES_TO_P1_NO_AUTOMATIC_CHASE,P2_CHASE_AND_REALLOCATION_OPTIONS_ARE_NOT_RELEASED
2026-06-22,2026-07-13,3,CTS-001,ECOM,HW_Damped_Mul,ETS,260,8.37,-1.12,453.226,29,NOWCAST_REQUIRED,POINT_IN_TIME_NOWCAST_NOT_SUPPLIED,0,0,2,20,12,5,ADEQUATE,0.301,0.113,0.75,-3.0,4.0,-0.903,0.0,0.453,0.0,1.356,-0.202,-1.722,0.683,CONDITIONAL_P75_SCENARIO_EXPOSURE_X_FROZEN_SKU_POLICY_CAP,HISTORICAL_PUBLIC_WEATHER_DERIVED_OVERLAY,PROJECT_ASSUMPTION,NO_REALIZED_FUTURE_WEATHER_USED,449.135,453.226,455.279,453.226,6.144,1.356,BASE_FORECAST_PENDING_NOWCAST,RECONSTRUCTED_DEMAND_UNITS,FROZEN_STEP4B_CHAMPION,FROZEN_STEP4C,DERIVED_FROM_SYNTHETIC_CASE_STUDY_DEMAND,1667.095,409.342,0.0,8586.813,686.945,615.768,1045685.26,0.07,0.85,464.766,1161.914,2491.858,28.216,2520.074,449.135,0.0,2070.939,1.0,4.456,2483.988,28.453,2512.44,453.226,0.0,2059.214,1.0,4.431,2479.891,28.579,2508.47,455.279,0.0,2053.191,1.0,4.418,0.0,1275217.753,4414.215,0.0,1267997.852,4389.223,0.0,1264288.596,4376.384,1.0,2026-06-29,0.0,0,0,0,P2,LOW_COVERAGE_RISK,PROTECT,"Base-case fill rate meets the governed service target, but ending inventory is below the 2.5-week safety-stock policy. Protect inventory and retain contingency chase capacity; do not release it yet.",1,1,1.0,1.0,0.0,0.0,0.0,0.0,0,0,368.542,425.112,334.792,0.635,0.732,0.576,0.0,0.0,0.0,1083.468,1117.218,0.0,1083.468,1117.218,0.0,0.0,0.0,0.0,0,0.0,0.0,686.945,1,430.273,0.0,0.0,43747.478,44551.408,0.0,0.0,0.92,2.5,0.08,0.18,PRIOR_YEAR_SEASONAL_RECEIPTS_SHIFTED_52W_PLUS_FROZEN_SKU_GROWTH,EXPLICIT_SEASONAL_RECEIPT,DERIVED_IBP_DECISION_LAYER,NET_REVENUE_INVENTORY_EXPOSURE_PROXY_NOT_ACCOUNTING_PROFIT,FROZEN_STEP4D,BASE_SERVICE_THEN_PERSISTENT_WEEKLY_SERVICE_THEN_BASE_COVERAGE_THEN_SEVERE_SCENARIO_THEN_EXCESS,IMMEDIATE_RELEASE_ONLY_FOR_AGGREGATE_BASE_SERVICE_RISK_WEEKLY_SERVICE_RISK_REQUIRES_SOE_REVIEW,LOW_COVERAGE_PROTECTS_INVENTORY_WITHOUT_AUTOMATIC_CHASE_RELEASE,SYNTHETIC_PLANNING_GOVERNANCE_2PLUS_FORECAST_WEEKS_BELOW_92PCT_ESCALATES_TO_P1_NO_AUTOMATIC_CHASE,P2_CHASE_AND_REALLOCATION_OPTIONS_ARE_NOT_RELEASED
2026-06-22,2026-07-13,3,CTS-001,RETAIL,HW_Damped_Mul,ETS,260,9.18,0.8,299.867,29,NOWCAST_REQUIRED,POINT_IN_TIME_NOWCAST_NOT_SUPPLIED,0,0,2,20,12,5,ADEQUATE,0.306,0.113,0.75,-3.0,4.0,-0.918,0.0,0.453,0.0,1.371,-0.202,-1.699,0.691,CONDITIONAL_P75_SCENARIO_EXPOSURE_X_FROZEN_SKU_POLICY_CAP,HISTORICAL_PUBLIC_WEATHER_DERIVED_OVERLAY,PROJECT_ASSUMPTION,NO_REALIZED_FUTURE_WEATHER_USED,297.114,299.867,301.225,299.867,4.11,1.371,BASE_FORECAST_PENDING_NOWCAST,RECONSTRUCTED_DEMAND_UNITS,FROZEN_STEP4B_CHAMPION,FROZEN_STEP4C,DERIVED_FROM_SYNTHETIC_CASE_STUDY_DEMAND,707.045,286.503,0.0,5742.657,459.413,614.034,438898.37,0.055,0.9,314.921,787.302,1164.777,16.045,1180.821,297.114,0.0,883.707,1.0,2.806,1159.395,16.182,1175.577,299.867,0.0,875.71,1.0,2.781,1156.631,16.254,1172.885,301.225,0.0,871.66,1.0,2.768,0.0,542626.345,1878.322,0.0,537715.97,1861.325,0.0,535229.245,1852.717,0.654,2026-08-24,122.844,2,1,1,P1,WEEKLY_SERVICE_RISK,ESCALATE,"Base 13-week service meets target, but the series misses the 92% service target in 2 forecast weeks. Worst week 2026-08-24 falls to 65.4% fill with a 122.8-unit gap. Escalate for S&OE review and validate receipt timing, reallocation and chase feasibility before any release.",1,1,0.956,0.951,201.709,226.204,0.044,0.049,1,1,0.0,0.0,0.0,0.0,0.0,0.0,0.0,0.0,0.0,1028.153,1028.153,0.0,1028.153,1254.357,0.0,0.0,0.0,0.0,0,0.0,0.0,0.0,0,0.0,123855.957,138896.7,19143.477,19410.014,0.0,0.0,0.92,2.5,0.08,0.18,PRIOR_YEAR_SEASONAL_RECEIPTS_SHIFTED_52W_PLUS_FROZEN_SKU_GROWTH,EXPLICIT_SEASONAL_RECEIPT,DERIVED_IBP_DECISION_LAYER,NET_REVENUE_INVENTORY_EXPOSURE_PROXY_NOT_ACCOUNTING_PROFIT,FROZEN_STEP4D,BASE_SERVICE_THEN_PERSISTENT_WEEKLY_SERVICE_THEN_BASE_COVERAGE_THEN_SEVERE_SCENARIO_THEN_EXCESS,IMMEDIATE_RELEASE_ONLY_FOR_AGGREGATE_BASE_SERVICE_RISK_WEEKLY_SERVICE_RISK_REQUIRES_SOE_REVIEW,LOW_COVERAGE_PROTECTS_INVENTORY_WITHOUT_AUTOMATIC_CHASE_RELEASE,SYNTHETIC_PLANNING_GOVERNANCE_2PLUS_FORECAST_WEEKS_BELOW_92PCT_ESCALATES_TO_P1_NO_AUTOMATIC_CHASE,P2_CHASE_AND_REALLOCATION_OPTIONS_ARE_NOT_RELEASED
2026-06-22,2026-07-13,3,CTS-001,WHOLESALE,Seasonal_MA_2Y,BASELINE,260,21.73,2.41,223.5,29,NOWCAST_REQUIRED,POINT_IN_TIME_NOWCAST_NOT_SUPPLIED,0,0,2,20,12,5,ADEQUATE,0.299,0.114,0.75,-3.0,4.0,-0.896,0.0,0.454,0.0,1.35,-0.219,-1.702,0.689,CONDITIONAL_P75_SCENARIO_EXPOSURE_X_FROZEN_SKU_POLICY_CAP,HISTORICAL_PUBLIC_WEATHER_DERIVED_OVERLAY,PROJECT_ASSUMPTION,NO_REALIZED_FUTURE_WEATHER_USED,221.498,223.5,224.515,223.5,3.017,1.35,BASE_FORECAST_PENDING_NOWCAST,RECONSTRUCTED_DEMAND_UNITS,FROZEN_STEP4B_CHAMPION,FROZEN_STEP4C,DERIVED_FROM_SYNTHETIC_CASE_STUDY_DEMAND,833.966,205.518,0.0,4254.815,340.385,337.376,281880.52,0.02,0.5,262.125,655.312,1903.399,2.246,1905.645,221.498,0.0,1684.147,1.0,6.425,1899.208,2.265,1901.473,223.5,0.0,1677.973,1.0,6.401,1897.0,2.275,1899.275,224.515,0.0,1674.76,1.0,6.389,0.0,568190.594,1966.814,0.0,566107.683,1959.604,0.0,565023.761,1955.851,1.0,2026-06-29,0.0,0,0,0,P2,LOW_COVERAGE_RISK,PROTECT,"Base-case fill rate meets the governed service target, but ending inventory is below the 2.5-week safety-stock policy. Protect inventory and retain contingency chase capacity; do not release it yet.",1,1,1.0,1.0,0.0,0.0,0.0,0.0,0,0,310.656,342.966,291.085,0.911,1.006,0.853,0.0,0.0,0.0,542.043,561.614,0.0,542.043,561.614,0.0,0.0,0.0,0.0,0,0.0,0.0,340.385,1,221.229,0.0,0.0,17897.756,18149.013,0.0,0.0,0.92,2.5,0.08,0.18,PRIOR_YEAR_SEASONAL_RECEIPTS_SHIFTED_52W_PLUS_FROZEN_SKU_GROWTH,EXPLICIT_SEASONAL_RECEIPT,DERIVED_IBP_DECISION_LAYER,NET_REVENUE_INVENTORY_EXPOSURE_PROXY_NOT_ACCOUNTING_PROFIT,FROZEN_STEP4D,BASE_SERVICE_THEN_PERSISTENT_WEEKLY_SERVICE_THEN_BASE_COVERAGE_THEN_SEVERE_SCENARIO_THEN_EXCESS,IMMEDIATE_RELEASE_ONLY_FOR_AGGREGATE_BASE_SERVICE_RISK_WEEKLY_SERVICE_RISK_REQUIRES_SOE_REVIEW,LOW_COVERAGE_PROTECTS_INVENTORY_WITHOUT_AUTOMATIC_CHASE_RELEASE,SYNTHETIC_PLANNING_GOVERNANCE_2PLUS_FORECAST_WEEKS_BELOW_92PCT_ESCALATES_TO_P1_NO_AUTOMATIC_CHASE,P2_CHASE_AND_REALLOCATION_OPTIONS_ARE_NOT_RELEASED
2026-06-22,2026-07-13,3,IMH-001,ECOM,HW_Damped_Mul,ETS,260,8.68,-1.32,463.722,29,NOWCAST_REQUIRED,POINT_IN_TIME_NOWCAST_NOT_SUPPLIED,0,0,2,20,12,5,ADEQUATE,0.307,0.125,0.75,-4.0,5.0,-1.23,0.0,0.623,0.0,1.853,-0.316,-2.348,0.97,CONDITIONAL_P75_SCENARIO_EXPOSURE_X_FROZEN_SKU_POLICY_CAP,HISTORICAL_PUBLIC_WEATHER_DERIVED_OVERLAY,PROJECT_ASSUMPTION,NO_REALIZED_FUTURE_WEATHER_USED,458.02,463.722,466.611,463.722,8.591,1.853,BASE_FORECAST_PENDING_NOWCAST,RECONSTRUCTED_DEMAND_UNITS,FROZEN_STEP4B_CHAMPION,FROZEN_STEP4C,DERIVED_FROM_SYNTHETIC_CASE_STUDY_DEMAND,1960.271,440.0,0.0,11432.845,914.628,381.156,756664.65,0.07,0.85,484.856,1212.141,2381.924,28.7,2410.624,458.02,0.0,1952.604,1.0,4.027,2371.743,29.013,2400.756,463.722,0.0,1937.034,1.0,3.995,2366.954,29.149,2396.103,466.611,0.0,1929.492,1.0,3.98,0.0,744245.822,2576.236,0.0,738311.335,2555.693,0.0,735436.434,2545.742,1.0,2026-06-29,0.0,0,0,0,P2,LOW_COVERAGE_RISK,PROTECT,"Base-case fill rate meets the governed service target, but ending inventory is below the 2.5-week safety-stock policy. Protect inventory and retain contingency chase capacity; do not release it yet.",1,1,1.0,1.0,0.0,0.0,0.0,0.0,0,0,393.86,478.784,344.992,0.54,0.657,0.473,0.0,0.0,0.0,1428.223,1477.09,0.0,1428.223,1477.09,0.0,0.0,0.0,0.0,0,0.0,0.0,914.628,1,562.462,0.0,0.0,28691.117,29399.633,0.0,0.0,0.92,2.5,0.08,0.18,PRIOR_YEAR_SEASONAL_RECEIPTS_SHIFTED_52W_PLUS_FROZEN_SKU_GROWTH,EXPLICIT_SEASONAL_RECEIPT,DERIVED_IBP_DECISION_LAYER,NET_REVENUE_INVENTORY_EXPOSURE_PROXY_NOT_ACCOUNTING_PROFIT,FROZEN_STEP4D,BASE_SERVICE_THEN_PERSISTENT_WEEKLY_SERVICE_THEN_BASE_COVERAGE_THEN_SEVERE_SCENARIO_THEN_EXCESS,IMMEDIATE_RELEASE_ONLY_FOR_AGGREGATE_BASE_SERVICE_RISK_WEEKLY_SERVICE_RISK_REQUIRES_SOE_REVIEW,LOW_COVERAGE_PROTECTS_INVENTORY_WITHOUT_AUTOMATIC_CHASE_RELEASE,SYNTHETIC_PLANNING_GOVERNANCE_2PLUS_FORECAST_WEEKS_BELOW_92PCT_ESCALATES_TO_P1_NO_AUTOMATIC_CHASE,P2_CHASE_AND_REALLOCATION_OPTIONS_ARE_NOT_RELEASED
2026-06-22,2026-07-13,3,IMH-001,RETAIL,HW_Damped_Mul,ETS,260,8.48,-1.21,325.771,29,NOWCAST_REQUIRED,POINT_IN_TIME_NOWCAST_NOT_SUPPLIED,0,0,2,20,12,5,ADEQUATE,0.308,0.118,0.75,-4.0,5.0,-1.232,0.0,0.588,0.0,1.82,-0.3,-2.388,0.96,CONDITIONAL_P75_SCENARIO_EXPOSURE_X_FROZEN_SKU_POLICY_CAP,HISTORICAL_PUBLIC_WEATHER_DERIVED_OVERLAY,PROJECT_ASSUMPTION,NO_REALIZED_FUTURE_WEATHER_USED,321.758,325.771,327.686,325.771,5.928,1.82,BASE_FORECAST_PENDING_NOWCAST,RECONSTRUCTED_DEMAND_UNITS,FROZEN_STEP4B_CHAMPION,FROZEN_STEP4C,DERIVED_FROM_SYNTHETIC_CASE_STUDY_DEMAND,1782.926,343.0,0.0,8900.319,712.025,376.051,681077.82,0.055,0.9,338.148,845.369,1776.91,14.991,1791.901,321.758,0.0,1470.143,1.0,4.348,1770.138,15.151,1785.288,325.771,0.0,1459.517,1.0,4.316,1767.127,15.217,1782.345,327.686,0.0,1454.659,1.0,4.302,0.0,552848.702,1913.707,0.0,548852.924,1899.876,0.0,547025.806,1893.551,1.0,2026-06-29,0.0,0,0,0,P2,LOW_COVERAGE_RISK,PROTECT,"Base-case fill rate meets the governed service target, but ending inventory is below the 2.5-week safety-stock policy. Protect inventory and retain contingency chase capacity; do not release it yet.",1,1,1.0,1.0,0.0,0.0,0.0,0.0,0,0,297.254,355.298,262.508,0.598,0.715,0.528,0.0,0.0,0.0,944.908,979.654,0.0,944.908,979.654,0.0,0.0,0.0,0.0,0,0.0,0.0,712.025,1,267.629,0.0,0.0,20380.389,20863.828,0.0,0.0,0.92,2.5,0.08,0.18,PRIOR_YEAR_SEASONAL_RECEIPTS_SHIFTED_52W_PLUS_FROZEN_SKU_GROWTH,EXPLICIT_SEASONAL_RECEIPT,DERIVED_IBP_DECISION_LAYER,NET_REVENUE_INVENTORY_EXPOSURE_PROXY_NOT_ACCOUNTING_PROFIT,FROZEN_STEP4D,BASE_SERVICE_THEN_PERSISTENT_WEEKLY_SERVICE_THEN_BASE_COVERAGE_THEN_SEVERE_SCENARIO_THEN_EXCESS,IMMEDIATE_RELEASE_ONLY_FOR_AGGREGATE_BASE_SERVICE_RISK_WEEKLY_SERVICE_RISK_REQUIRES_SOE_REVIEW,LOW_COVERAGE_PROTECTS_INVENTORY_WITHOUT_AUTOMATIC_CHASE_RELEASE,SYNTHETIC_PLANNING_GOVERNANCE_2PLUS_FORECAST_WEEKS_BELOW_92PCT_ESCALATES_TO_P1_NO_AUTOMATIC_CHASE,P2_CHASE_AND_REALLOCATION_OPTIONS_ARE_NOT_RELEASED
2026-06-22,2026-07-13,3,IMH-001,WHOLESALE,HW_Add_Add,ETS,260,18.55,1.41,289.541,29,NOWCAST_REQUIRED,POINT_IN_TIME_NOWCAST_NOT_SUPPLIED,0,0,2,20,12,5,ADEQUATE,0.326,0.102,0.75,-4.0,5.0,-1.304,0.0,0.512,0.0,1.816,-0.321,-2.316,0.877,CONDITIONAL_P75_SCENARIO_EXPOSURE_X_FROZEN_SKU_POLICY_CAP,HISTORICAL_PUBLIC_WEATHER_DERIVED_OVERLAY,PROJECT_ASSUMPTION,NO_REALIZED_FUTURE_WEATHER_USED,285.767,289.541,291.025,289.541,5.258,1.816,BASE_FORECAST_PENDING_NOWCAST,RECONSTRUCTED_DEMAND_UNITS,FROZEN_STEP4B_CHAMPION,FROZEN_STEP4C,DERIVED_FROM_SYNTHETIC_CASE_STUDY_DEMAND,930.627,282.0,0.0,6251.029,500.082,207.635,193570.36,0.02,0.5,277.899,694.748,1189.64,2.808,1192.448,285.767,0.0,906.681,1.0,3.263,1183.311,2.841,1186.152,289.541,0.0,896.611,1.0,3.226,1180.826,2.854,1183.68,291.025,0.0,892.655,1.0,3.212,0.0,188258.967,651.666,0.0,186167.997,644.428,0.0,185346.586,641.584,0.741,2026-08-24,78.388,2,1,1,P1,WEEKLY_SERVICE_RISK,ESCALATE,"Base 13-week service meets target, but the series misses the 92% service target in 2 forecast weeks. Worst week 2026-08-24 falls to 74.1% fill with a 78.4-unit gap. Escalate for S&OE review and validate receipt timing, reallocation and chase feasibility before any release.",1,1,0.961,0.955,161.037,186.474,0.039,0.045,1,1,0.0,0.0,0.0,0.0,0.0,0.0,0.0,0.0,0.0,964.185,964.185,0.0,964.185,1150.659,0.0,0.0,0.0,0.0,0,0.0,0.0,0.0,0,0.0,33436.964,38718.609,6327.247,6438.521,0.0,0.0,0.92,2.5,0.08,0.18,PRIOR_YEAR_SEASONAL_RECEIPTS_SHIFTED_52W_PLUS_FROZEN_SKU_GROWTH,EXPLICIT_SEASONAL_RECEIPT,DERIVED_IBP_DECISION_LAYER,NET_REVENUE_INVENTORY_EXPOSURE_PROXY_NOT_ACCOUNTING_PROFIT,FROZEN_STEP4D,BASE_SERVICE_THEN_PERSISTENT_WEEKLY_SERVICE_THEN_BASE_COVERAGE_THEN_SEVERE_SCENARIO_THEN_EXCESS,IMMEDIATE_RELEASE_ONLY_FOR_AGGREGATE_BASE_SERVICE_RISK_WEEKLY_SERVICE_RISK_REQUIRES_SOE_REVIEW,LOW_COVERAGE_PROTECTS_INVENTORY_WITHOUT_AUTOMATIC_CHASE_RELEASE,SYNTHETIC_PLANNING_GOVERNANCE_2PLUS_FORECAST_WEEKS_BELOW_92PCT_ESCALATES_TO_P1_NO_AUTOMATIC_CHASE,P2_CHASE_AND_REALLOCATION_OPTIONS_ARE_NOT_RELEASED
2026-06-22,2026-07-20,4,APS-001,ECOM,HW_Damped_Mul,ETS,260,10.55,-3.09,144.64,30,SCENARIO_ANALOG,FORWARD_SCENARIO_BAND,0,0,2,20,10,7,ADEQUATE,0.36,0.137,0.75,-4.0,6.0,-1.441,0.0,0.82,0.0,2.261,-0.118,-2.33,1.315,CONDITIONAL_P75_SCENARIO_EXPOSURE_X_FROZEN_SKU_POLICY_CAP,HISTORICAL_PUBLIC_WEATHER_DERIVED_OVERLAY,PROJECT_ASSUMPTION,NO_REALIZED_FUTURE_WEATHER_USED,142.555,144.64,145.826,144.64,3.27,2.261,BASE_WITH_MILD_NORMAL_SEVERE_SCENARIOS,RECONSTRUCTED_DEMAND_UNITS,FROZEN_STEP4B_CHAMPION,FROZEN_STEP4C,DERIVED_FROM_SYNTHETIC_CASE_STUDY_DEMAND,758.867,133.0,0.0,4770.755,381.66,764.109,585845.65,0.07,0.85,155.388,388.47,592.793,8.119,600.912,142.555,0.0,458.357,1.0,2.95,588.378,8.216,596.594,144.64,0.0,451.954,1.0,2.909,585.223,8.291,593.514,145.826,0.0,447.688,1.0,2.881,0.0,350234.288,1212.349,0.0,345341.826,1195.414,0.0,342082.033,1184.13,1.0,2026-06-29,0.0,0,0,0,P2,LOW_COVERAGE_RISK,PROTECT,"Base-case fill rate meets the governed service target, but ending inventory is below the 2.5-week safety-stock policy. Protect inventory and retain contingency chase capacity; do not release it yet.",1,1,1.0,1.0,0.0,0.0,0.0,0.0,0,0,305.373,331.86,284.537,1.25,1.358,1.165,0.0,0.0,0.0,305.341,326.177,0.0,305.341,326.177,0.0,0.0,0.0,0.0,0,0.0,0.0,326.177,1,0.0,0.0,0.0,21642.102,22071.712,0.0,0.0,0.92,2.5,0.08,0.18,PRIOR_YEAR_SEASONAL_RECEIPTS_SHIFTED_52W_PLUS_FROZEN_SKU_GROWTH,EXPLICIT_SEASONAL_RECEIPT,DERIVED_IBP_DECISION_LAYER,NET_REVENUE_INVENTORY_EXPOSURE_PROXY_NOT_ACCOUNTING_PROFIT,FROZEN_STEP4D,BASE_SERVICE_THEN_PERSISTENT_WEEKLY_SERVICE_THEN_BASE_COVERAGE_THEN_SEVERE_SCENARIO_THEN_EXCESS,IMMEDIATE_RELEASE_ONLY_FOR_AGGREGATE_BASE_SERVICE_RISK_WEEKLY_SERVICE_RISK_REQUIRES_SOE_REVIEW,LOW_COVERAGE_PROTECTS_INVENTORY_WITHOUT_AUTOMATIC_CHASE_RELEASE,SYNTHETIC_PLANNING_GOVERNANCE_2PLUS_FORECAST_WEEKS_BELOW_92PCT_ESCALATES_TO_P1_NO_AUTOMATIC_CHASE,P2_CHASE_AND_REALLOCATION_OPTIONS_ARE_NOT_RELEASED
2026-06-22,2026-07-20,4,APS-001,RETAIL,HW_Damped_Mul,ETS,260,8.83,-0.97,91.218,30,SCENARIO_ANALOG,FORWARD_SCENARIO_BAND,0,0,2,20,10,7,ADEQUATE,0.361,0.134,0.75,-4.0,6.0,-1.445,0.0,0.807,0.0,2.251,-0.118,-2.314,1.303,CONDITIONAL_P75_SCENARIO_EXPOSURE_X_FROZEN_SKU_POLICY_CAP,HISTORICAL_PUBLIC_WEATHER_DERIVED_OVERLAY,PROJECT_ASSUMPTION,NO_REALIZED_FUTURE_WEATHER_USED,89.9,91.218,91.953,91.218,2.054,2.251,BASE_WITH_MILD_NORMAL_SEVERE_SCENARIOS,RECONSTRUCTED_DEMAND_UNITS,FROZEN_STEP4B_CHAMPION,FROZEN_STEP4C,DERIVED_FROM_SYNTHETIC_CASE_STUDY_DEMAND,502.461,96.0,0.0,3114.813,249.185,758.962,383880.5,0.055,0.9,104.56,261.399,323.707,4.386,328.093,89.9,0.0,238.193,1.0,2.278,320.592,4.439,325.031,91.218,0.0,233.813,1.0,2.236,318.412,4.479,322.891,91.953,0.0,230.938,1.0,2.209,0.0,180779.322,625.775,0.0,177455.403,614.269,0.0,175272.989,606.714,1.0,2026-06-29,0.0,0,0,0,P2,LOW_COVERAGE_RISK,PROTECT,"Base-case fill rate meets the governed service target, but ending inventory is below the 2.5-week safety-stock policy. Protect inventory and retain contingency chase capacity; do not release it yet.",1,1,1.0,1.0,0.0,0.0,0.0,0.0,0,0,46.707,64.946,32.687,0.281,0.391,0.197,0.0,0.0,0.0,368.516,382.537,0.0,368.516,382.537,0.0,0.0,0.0,0.0,0,0.0,0.0,249.185,1,133.352,0.0,0.0,10340.301,10633.988,0.0,0.0,0.92,2.5,0.08,0.18,PRIOR_YEAR_SEASONAL_RECEIPTS_SHIFTED_52W_PLUS_FROZEN_SKU_GROWTH,EXPLICIT_SEASONAL_RECEIPT,DERIVED_IBP_DECISION_LAYER,NET_REVENUE_INVENTORY_EXPOSURE_PROXY_NOT_ACCOUNTING_PROFIT,FROZEN_STEP4D,BASE_SERVICE_THEN_PERSISTENT_WEEKLY_SERVICE_THEN_BASE_COVERAGE_THEN_SEVERE_SCENARIO_THEN_EXCESS,IMMEDIATE_RELEASE_ONLY_FOR_AGGREGATE_BASE_SERVICE_RISK_WEEKLY_SERVICE_RISK_REQUIRES_SOE_REVIEW,LOW_COVERAGE_PROTECTS_INVENTORY_WITHOUT_AUTOMATIC_CHASE_RELEASE,SYNTHETIC_PLANNING_GOVERNANCE_2PLUS_FORECAST_WEEKS_BELOW_92PCT_ESCALATES_TO_P1_NO_AUTOMATIC_CHASE,P2_CHASE_AND_REALLOCATION_OPTIONS_ARE_NOT_RELEASED
2026-06-22,2026-07-20,4,APS-001,WHOLESALE,HW_Damped_Add,ETS,260,18.26,-0.35,83.202,30,SCENARIO_ANALOG,FORWARD_SCENARIO_BAND,0,0,2,20,10,7,ADEQUATE,0.349,0.141,0.75,-4.0,6.0,-1.394,0.0,0.845,0.0,2.239,-0.118,-2.26,1.27,CONDITIONAL_P75_SCENARIO_EXPOSURE_X_FROZEN_SKU_POLICY_CAP,HISTORICAL_PUBLIC_WEATHER_DERIVED_OVERLAY,PROJECT_ASSUMPTION,NO_REALIZED_FUTURE_WEATHER_USED,82.042,83.202,83.905,83.202,1.863,2.239,BASE_WITH_MILD_NORMAL_SEVERE_SCENARIOS,RECONSTRUCTED_DEMAND_UNITS,FROZEN_STEP4B_CHAMPION,FROZEN_STEP4C,DERIVED_FROM_SYNTHETIC_CASE_STUDY_DEMAND,419.581,82.0,0.0,2718.984,217.519,415.548,174545.81,0.02,0.5,87.018,217.546,254.935,0.795,255.73,82.042,0.0,173.688,1.0,1.996,252.059,0.805,252.864,83.202,0.0,169.662,1.0,1.95,250.054,0.812,250.866,83.905,0.0,166.961,1.0,1.919,0.0,72175.463,249.838,0.0,70502.448,244.047,0.0,69380.128,240.162,0.332,2026-08-24,62.506,2,1,1,P1,WEEKLY_SERVICE_RISK,ESCALATE,"Base 13-week service meets target, but the series misses the 92% service target in 2 forecast weeks. Worst week 2026-08-24 falls to 33.2% fill with a 62.5-unit gap. Escalate for S&OE review and validate receipt timing, reallocation and chase feasibility before any release.",1,1,0.935,0.927,84.648,96.864,0.065,0.073,1,1,0.0,0.0,0.0,0.0,0.0,0.0,0.0,0.0,0.0,335.369,335.369,0.0,335.369,432.233,0.0,0.0,0.0,0.0,0,0.0,0.0,0.0,0,0.0,35175.203,40251.626,3706.361,3772.726,0.0,0.0,0.92,2.5,0.08,0.18,PRIOR_YEAR_SEASONAL_RECEIPTS_SHIFTED_52W_PLUS_FROZEN_SKU_GROWTH,EXPLICIT_SEASONAL_RECEIPT,DERIVED_IBP_DECISION_LAYER,NET_REVENUE_INVENTORY_EXPOSURE_PROXY_NOT_ACCOUNTING_PROFIT,FROZEN_STEP4D,BASE_SERVICE_THEN_PERSISTENT_WEEKLY_SERVICE_THEN_BASE_COVERAGE_THEN_SEVERE_SCENARIO_THEN_EXCESS,IMMEDIATE_RELEASE_ONLY_FOR_AGGREGATE_BASE_SERVICE_RISK_WEEKLY_SERVICE_RISK_REQUIRES_SOE_REVIEW,LOW_COVERAGE_PROTECTS_INVENTORY_WITHOUT_AUTOMATIC_CHASE_RELEASE,SYNTHETIC_PLANNING_GOVERNANCE_2PLUS_FORECAST_WEEKS_BELOW_92PCT_ESCALATES_TO_P1_NO_AUTOMATIC_CHASE,P2_CHASE_AND_REALLOCATION_OPTIONS_ARE_NOT_RELEASED
2026-06-22,2026-07-20,4,CTS-001,ECOM,HW_Damped_Mul,ETS,260,8.37,-1.12,451.226,30,SCENARIO_ANALOG,FORWARD_SCENARIO_BAND,0,0,2,20,10,7,ADEQUATE,0.349,0.14,0.75,-3.0,4.0,-1.047,0.0,0.562,0.0,1.608,-0.065,-1.722,0.734,CONDITIONAL_P75_SCENARIO_EXPOSURE_X_FROZEN_SKU_POLICY_CAP,HISTORICAL_PUBLIC_WEATHER_DERIVED_OVERLAY,PROJECT_ASSUMPTION,NO_REALIZED_FUTURE_WEATHER_USED,446.502,451.226,453.76,451.226,7.257,1.608,BASE_WITH_MILD_NORMAL_SEVERE_SCENARIOS,RECONSTRUCTED_DEMAND_UNITS,FROZEN_STEP4B_CHAMPION,FROZEN_STEP4C,DERIVED_FROM_SYNTHETIC_CASE_STUDY_DEMAND,1667.095,409.342,0.0,8586.813,686.945,615.768,1045685.26,0.07,0.85,476.93,1192.326,2070.939,26.724,2097.663,446.502,0.0,1651.161,1.0,3.462,2059.214,26.967,2086.181,451.226,0.0,1634.955,1.0,3.428,2053.191,27.089,2080.28,453.76,0.0,1626.52,1.0,3.41,0.0,1016731.698,3519.456,0.0,1006752.797,3484.914,0.0,1001558.403,3466.933,1.0,2026-06-29,0.0,0,0,0,P2,LOW_COVERAGE_RISK,PROTECT,"Base-case fill rate meets the governed service target, but ending inventory is below the 2.5-week safety-stock policy. Protect inventory and retain contingency chase capacity; do not release it yet.",1,1,1.0,1.0,0.0,0.0,0.0,0.0,0,0,368.542,425.112,334.792,0.635,0.732,0.576,0.0,0.0,0.0,1083.468,1117.218,0.0,1083.468,1117.218,0.0,0.0,0.0,0.0,0,0.0,0.0,686.945,1,430.273,0.0,0.0,43747.478,44551.408,0.0,0.0,0.92,2.5,0.08,0.18,PRIOR_YEAR_SEASONAL_RECEIPTS_SHIFTED_52W_PLUS_FROZEN_SKU_GROWTH,EXPLICIT_SEASONAL_RECEIPT,DERIVED_IBP_DECISION_LAYER,NET_REVENUE_INVENTORY_EXPOSURE_PROXY_NOT_ACCOUNTING_PROFIT,FROZEN_STEP4D,BASE_SERVICE_THEN_PERSISTENT_WEEKLY_SERVICE_THEN_BASE_COVERAGE_THEN_SEVERE_SCENARIO_THEN_EXCESS,IMMEDIATE_RELEASE_ONLY_FOR_AGGREGATE_BASE_SERVICE_RISK_WEEKLY_SERVICE_RISK_REQUIRES_SOE_REVIEW,LOW_COVERAGE_PROTECTS_INVENTORY_WITHOUT_AUTOMATIC_CHASE_RELEASE,SYNTHETIC_PLANNING_GOVERNANCE_2PLUS_FORECAST_WEEKS_BELOW_92PCT_ESCALATES_TO_P1_NO_AUTOMATIC_CHASE,P2_CHASE_AND_REALLOCATION_OPTIONS_ARE_NOT_RELEASED
2026-06-22,2026-07-20,4,CTS-001,RETAIL,HW_Damped_Mul,ETS,260,9.18,0.8,300.818,30,SCENARIO_ANALOG,FORWARD_SCENARIO_BAND,0,0,2,20,10,7,ADEQUATE,0.352,0.142,0.75,-3.0,4.0,-1.055,0.0,0.567,0.0,1.622,-0.066,-1.699,0.732,CONDITIONAL_P75_SCENARIO_EXPOSURE_X_FROZEN_SKU_POLICY_CAP,HISTORICAL_PUBLIC_WEATHER_DERIVED_OVERLAY,PROJECT_ASSUMPTION,NO_REALIZED_FUTURE_WEATHER_USED,297.644,300.818,302.524,300.818,4.88,1.622,BASE_WITH_MILD_NORMAL_SEVERE_SCENARIOS,RECONSTRUCTED_DEMAND_UNITS,FROZEN_STEP4B_CHAMPION,FROZEN_STEP4C,DERIVED_FROM_SYNTHETIC_CASE_STUDY_DEMAND,707.045,286.503,0.0,5742.657,459.413,614.034,438898.37,0.055,0.9,324.086,810.214,883.707,14.707,898.414,297.644,0.0,600.77,1.0,1.854,875.71,14.843,890.554,300.818,0.0,589.736,1.0,1.82,871.66,14.911,886.571,302.524,0.0,584.047,1.0,1.802,0.0,368893.453,1276.939,0.0,362117.81,1253.485,0.0,358624.819,1241.394,0.654,2026-08-24,122.844,2,1,1,P1,WEEKLY_SERVICE_RISK,ESCALATE,"Base 13-week service meets target, but the series misses the 92% service target in 2 forecast weeks. Worst week 2026-08-24 falls to 65.4% fill with a 122.8-unit gap. Escalate for S&OE review and validate receipt timing, reallocation and chase feasibility before any release.",1,1,0.956,0.951,201.709,226.204,0.044,0.049,1,1,0.0,0.0,0.0,0.0,0.0,0.0,0.0,0.0,0.0,1028.153,1028.153,0.0,1028.153,1254.357,0.0,0.0,0.0,0.0,0,0.0,0.0,0.0,0,0.0,123855.957,138896.7,19143.477,19410.014,0.0,0.0,0.92,2.5,0.08,0.18,PRIOR_YEAR_SEASONAL_RECEIPTS_SHIFTED_52W_PLUS_FROZEN_SKU_GROWTH,EXPLICIT_SEASONAL_RECEIPT,DERIVED_IBP_DECISION_LAYER,NET_REVENUE_INVENTORY_EXPOSURE_PROXY_NOT_ACCOUNTING_PROFIT,FROZEN_STEP4D,BASE_SERVICE_THEN_PERSISTENT_WEEKLY_SERVICE_THEN_BASE_COVERAGE_THEN_SEVERE_SCENARIO_THEN_EXCESS,IMMEDIATE_RELEASE_ONLY_FOR_AGGREGATE_BASE_SERVICE_RISK_WEEKLY_SERVICE_RISK_REQUIRES_SOE_REVIEW,LOW_COVERAGE_PROTECTS_INVENTORY_WITHOUT_AUTOMATIC_CHASE_RELEASE,SYNTHETIC_PLANNING_GOVERNANCE_2PLUS_FORECAST_WEEKS_BELOW_92PCT_ESCALATES_TO_P1_NO_AUTOMATIC_CHASE,P2_CHASE_AND_REALLOCATION_OPTIONS_ARE_NOT_RELEASED
2026-06-22,2026-07-20,4,CTS-001,WHOLESALE,Seasonal_MA_2Y,BASELINE,260,21.73,2.41,250.0,30,SCENARIO_ANALOG,FORWARD_SCENARIO_BAND,0,0,2,20,10,7,ADEQUATE,0.345,0.142,0.75,-3.0,4.0,-1.036,0.0,0.567,0.0,1.603,-0.072,-1.702,0.729,CONDITIONAL_P75_SCENARIO_EXPOSURE_X_FROZEN_SKU_POLICY_CAP,HISTORICAL_PUBLIC_WEATHER_DERIVED_OVERLAY,PROJECT_ASSUMPTION,NO_REALIZED_FUTURE_WEATHER_USED,247.41,250.0,251.418,250.0,4.008,1.603,BASE_WITH_MILD_NORMAL_SEVERE_SCENARIOS,RECONSTRUCTED_DEMAND_UNITS,FROZEN_STEP4B_CHAMPION,FROZEN_STEP4C,DERIVED_FROM_SYNTHETIC_CASE_STUDY_DEMAND,833.966,205.518,0.0,4254.815,340.385,337.376,281880.52,0.02,0.5,269.375,673.438,1684.147,2.215,1686.362,247.41,0.0,1438.952,1.0,5.342,1677.973,2.235,1680.208,250.0,0.0,1430.208,1.0,5.309,1674.76,2.245,1677.006,251.418,0.0,1425.588,1.0,5.292,0.0,485467.713,1680.465,0.0,482517.752,1670.254,0.0,480958.857,1664.858,1.0,2026-06-29,0.0,0,0,0,P2,LOW_COVERAGE_RISK,PROTECT,"Base-case fill rate meets the governed service target, but ending inventory is below the 2.5-week safety-stock policy. Protect inventory and retain contingency chase capacity; do not release it yet.",1,1,1.0,1.0,0.0,0.0,0.0,0.0,0,0,310.656,342.966,291.085,0.911,1.006,0.853,0.0,0.0,0.0,542.043,561.614,0.0,542.043,561.614,0.0,0.0,0.0,0.0,0,0.0,0.0,340.385,1,221.229,0.0,0.0,17897.756,18149.013,0.0,0.0,0.92,2.5,0.08,0.18,PRIOR_YEAR_SEASONAL_RECEIPTS_SHIFTED_52W_PLUS_FROZEN_SKU_GROWTH,EXPLICIT_SEASONAL_RECEIPT,DERIVED_IBP_DECISION_LAYER,NET_REVENUE_INVENTORY_EXPOSURE_PROXY_NOT_ACCOUNTING_PROFIT,FROZEN_STEP4D,BASE_SERVICE_THEN_PERSISTENT_WEEKLY_SERVICE_THEN_BASE_COVERAGE_THEN_SEVERE_SCENARIO_THEN_EXCESS,IMMEDIATE_RELEASE_ONLY_FOR_AGGREGATE_BASE_SERVICE_RISK_WEEKLY_SERVICE_RISK_REQUIRES_SOE_REVIEW,LOW_COVERAGE_PROTECTS_INVENTORY_WITHOUT_AUTOMATIC_CHASE_RELEASE,SYNTHETIC_PLANNING_GOVERNANCE_2PLUS_FORECAST_WEEKS_BELOW_92PCT_ESCALATES_TO_P1_NO_AUTOMATIC_CHASE,P2_CHASE_AND_REALLOCATION_OPTIONS_ARE_NOT_RELEASED
2026-06-22,2026-07-20,4,IMH-001,ECOM,HW_Damped_Mul,ETS,260,8.68,-1.32,461.275,30,SCENARIO_ANALOG,FORWARD_SCENARIO_BAND,0,0,2,20,10,7,ADEQUATE,0.383,0.13,0.75,-4.0,5.0,-1.531,0.0,0.65,0.0,2.181,-0.125,-2.348,0.97,CONDITIONAL_P75_SCENARIO_EXPOSURE_X_FROZEN_SKU_POLICY_CAP,HISTORICAL_PUBLIC_WEATHER_DERIVED_OVERLAY,PROJECT_ASSUMPTION,NO_REALIZED_FUTURE_WEATHER_USED,454.212,461.275,464.274,461.275,10.062,2.181,BASE_WITH_MILD_NORMAL_SEVERE_SCENARIOS,RECONSTRUCTED_DEMAND_UNITS,FROZEN_STEP4B_CHAMPION,FROZEN_STEP4C,DERIVED_FROM_SYNTHETIC_CASE_STUDY_DEMAND,1960.271,440.0,0.0,11432.845,914.628,381.156,756664.65,0.07,0.85,503.856,1259.641,1952.604,27.252,1979.856,454.212,0.0,1525.644,1.0,3.028,1937.034,27.591,1964.626,461.275,0.0,1503.351,1.0,2.984,1929.492,27.763,1957.255,464.274,0.0,1492.981,1.0,2.963,0.0,581507.73,2012.911,0.0,573010.455,1983.498,0.0,569057.988,1969.816,1.0,2026-06-29,0.0,0,0,0,P2,LOW_COVERAGE_RISK,PROTECT,"Base-case fill rate meets the governed service target, but ending inventory is below the 2.5-week safety-stock policy. Protect inventory and retain contingency chase capacity; do not release it yet.",1,1,1.0,1.0,0.0,0.0,0.0,0.0,0,0,393.86,478.784,344.992,0.54,0.657,0.473,0.0,0.0,0.0,1428.223,1477.09,0.0,1428.223,1477.09,0.0,0.0,0.0,0.0,0,0.0,0.0,914.628,1,562.462,0.0,0.0,28691.117,29399.633,0.0,0.0,0.92,2.5,0.08,0.18,PRIOR_YEAR_SEASONAL_RECEIPTS_SHIFTED_52W_PLUS_FROZEN_SKU_GROWTH,EXPLICIT_SEASONAL_RECEIPT,DERIVED_IBP_DECISION_LAYER,NET_REVENUE_INVENTORY_EXPOSURE_PROXY_NOT_ACCOUNTING_PROFIT,FROZEN_STEP4D,BASE_SERVICE_THEN_PERSISTENT_WEEKLY_SERVICE_THEN_BASE_COVERAGE_THEN_SEVERE_SCENARIO_THEN_EXCESS,IMMEDIATE_RELEASE_ONLY_FOR_AGGREGATE_BASE_SERVICE_RISK_WEEKLY_SERVICE_RISK_REQUIRES_SOE_REVIEW,LOW_COVERAGE_PROTECTS_INVENTORY_WITHOUT_AUTOMATIC_CHASE_RELEASE,SYNTHETIC_PLANNING_GOVERNANCE_2PLUS_FORECAST_WEEKS_BELOW_92PCT_ESCALATES_TO_P1_NO_AUTOMATIC_CHASE,P2_CHASE_AND_REALLOCATION_OPTIONS_ARE_NOT_RELEASED
2026-06-22,2026-07-20,4,IMH-001,RETAIL,HW_Damped_Mul,ETS,260,8.48,-1.21,322.138,30,SCENARIO_ANALOG,FORWARD_SCENARIO_BAND,0,0,2,20,10,7,ADEQUATE,0.397,0.135,0.75,-4.0,5.0,-1.588,0.0,0.675,0.0,2.264,-0.111,-2.388,0.991,CONDITIONAL_P75_SCENARIO_EXPOSURE_X_FROZEN_SKU_POLICY_CAP,HISTORICAL_PUBLIC_WEATHER_DERIVED_OVERLAY,PROJECT_ASSUMPTION,NO_REALIZED_FUTURE_WEATHER_USED,317.022,322.138,324.314,322.138,7.292,2.264,BASE_WITH_MILD_NORMAL_SEVERE_SCENARIOS,RECONSTRUCTED_DEMAND_UNITS,FROZEN_STEP4B_CHAMPION,FROZEN_STEP4C,DERIVED_FROM_SYNTHETIC_CASE_STUDY_DEMAND,1782.926,343.0,0.0,8900.319,712.025,376.051,681077.82,0.055,0.9,345.96,864.9,1470.143,15.927,1486.07,317.022,0.0,1169.048,1.0,3.379,1459.517,16.126,1475.643,322.138,0.0,1153.505,1.0,3.334,1454.659,16.22,1470.879,324.314,0.0,1146.565,1.0,3.314,0.0,439621.644,1521.767,0.0,433776.689,1501.535,0.0,431166.931,1492.501,1.0,2026-06-29,0.0,0,0,0,P2,LOW_COVERAGE_RISK,PROTECT,"Base-case fill rate meets the governed service target, but ending inventory is below the 2.5-week safety-stock policy. Protect inventory and retain contingency chase capacity; do not release it yet.",1,1,1.0,1.0,0.0,0.0,0.0,0.0,0,0,297.254,355.298,262.508,0.598,0.715,0.528,0.0,0.0,0.0,944.908,979.654,0.0,944.908,979.654,0.0,0.0,0.0,0.0,0,0.0,0.0,712.025,1,267.629,0.0,0.0,20380.389,20863.828,0.0,0.0,0.92,2.5,0.08,0.18,PRIOR_YEAR_SEASONAL_RECEIPTS_SHIFTED_52W_PLUS_FROZEN_SKU_GROWTH,EXPLICIT_SEASONAL_RECEIPT,DERIVED_IBP_DECISION_LAYER,NET_REVENUE_INVENTORY_EXPOSURE_PROXY_NOT_ACCOUNTING_PROFIT,FROZEN_STEP4D,BASE_SERVICE_THEN_PERSISTENT_WEEKLY_SERVICE_THEN_BASE_COVERAGE_THEN_SEVERE_SCENARIO_THEN_EXCESS,IMMEDIATE_RELEASE_ONLY_FOR_AGGREGATE_BASE_SERVICE_RISK_WEEKLY_SERVICE_RISK_REQUIRES_SOE_REVIEW,LOW_COVERAGE_PROTECTS_INVENTORY_WITHOUT_AUTOMATIC_CHASE_RELEASE,SYNTHETIC_PLANNING_GOVERNANCE_2PLUS_FORECAST_WEEKS_BELOW_92PCT_ESCALATES_TO_P1_NO_AUTOMATIC_CHASE,P2_CHASE_AND_REALLOCATION_OPTIONS_ARE_NOT_RELEASED
2026-06-22,2026-07-20,4,IMH-001,WHOLESALE,HW_Add_Add,ETS,260,18.55,1.41,253.75,30,SCENARIO_ANALOG,FORWARD_SCENARIO_BAND,0,0,2,20,10,7,ADEQUATE,0.397,0.126,0.75,-4.0,5.0,-1.586,0.0,0.63,0.0,2.216,-0.114,-2.316,0.877,CONDITIONAL_P75_SCENARIO_EXPOSURE_X_FROZEN_SKU_POLICY_CAP,HISTORICAL_PUBLIC_WEATHER_DERIVED_OVERLAY,PROJECT_ASSUMPTION,NO_REALIZED_FUTURE_WEATHER_USED,249.724,253.75,255.349,253.75,5.624,2.216,BASE_WITH_MILD_NORMAL_SEVERE_SCENARIOS,RECONSTRUCTED_DEMAND_UNITS,FROZEN_STEP4B_CHAMPION,FROZEN_STEP4C,DERIVED_FROM_SYNTHETIC_CASE_STUDY_DEMAND,930.627,282.0,0.0,6251.029,500.082,207.635,193570.36,0.02,0.5,273.206,683.016,906.681,2.858,909.539,249.724,0.0,659.815,1.0,2.415,896.611,2.895,899.506,253.75,0.0,645.756,1.0,2.364,892.655,2.91,895.565,255.349,0.0,640.216,1.0,2.343,0.0,137000.822,474.234,0.0,134081.749,464.129,0.0,132931.411,460.147,0.741,2026-08-24,78.388,2,1,1,P1,WEEKLY_SERVICE_RISK,ESCALATE,"Base 13-week service meets target, but the series misses the 92% service target in 2 forecast weeks. Worst week 2026-08-24 falls to 74.1% fill with a 78.4-unit gap. Escalate for S&OE review and validate receipt timing, reallocation and chase feasibility before any release.",1,1,0.961,0.955,161.037,186.474,0.039,0.045,1,1,0.0,0.0,0.0,0.0,0.0,0.0,0.0,0.0,0.0,964.185,964.185,0.0,964.185,1150.659,0.0,0.0,0.0,0.0,0,0.0,0.0,0.0,0,0.0,33436.964,38718.609,6327.247,6438.521,0.0,0.0,0.92,2.5,0.08,0.18,PRIOR_YEAR_SEASONAL_RECEIPTS_SHIFTED_52W_PLUS_FROZEN_SKU_GROWTH,EXPLICIT_SEASONAL_RECEIPT,DERIVED_IBP_DECISION_LAYER,NET_REVENUE_INVENTORY_EXPOSURE_PROXY_NOT_ACCOUNTING_PROFIT,FROZEN_STEP4D,BASE_SERVICE_THEN_PERSISTENT_WEEKLY_SERVICE_THEN_BASE_COVERAGE_THEN_SEVERE_SCENARIO_THEN_EXCESS,IMMEDIATE_RELEASE_ONLY_FOR_AGGREGATE_BASE_SERVICE_RISK_WEEKLY_SERVICE_RISK_REQUIRES_SOE_REVIEW,LOW_COVERAGE_PROTECTS_INVENTORY_WITHOUT_AUTOMATIC_CHASE_RELEASE,SYNTHETIC_PLANNING_GOVERNANCE_2PLUS_FORECAST_WEEKS_BELOW_92PCT_ESCALATES_TO_P1_NO_AUTOMATIC_CHASE,P2_CHASE_AND_REALLOCATION_OPTIONS_ARE_NOT_RELEASED
2026-06-22,2026-07-27,5,APS-001,ECOM,HW_Damped_Mul,ETS,260,10.55,-3.09,151.588,31,SCENARIO_ANALOG,FORWARD_SCENARIO_BAND,0,0,2,20,10,9,ADEQUATE,0.36,0.152,0.75,-4.0,6.0,-1.441,0.0,0.911,0.0,2.352,-0.075,-2.33,1.315,CONDITIONAL_P75_SCENARIO_EXPOSURE_X_FROZEN_SKU_POLICY_CAP,HISTORICAL_PUBLIC_WEATHER_DERIVED_OVERLAY,PROJECT_ASSUMPTION,NO_REALIZED_FUTURE_WEATHER_USED,149.403,151.588,152.969,151.588,3.566,2.352,BASE_WITH_MILD_NORMAL_SEVERE_SCENARIOS,RECONSTRUCTED_DEMAND_UNITS,FROZEN_STEP4B_CHAMPION,FROZEN_STEP4C,DERIVED_FROM_SYNTHETIC_CASE_STUDY_DEMAND,758.867,133.0,594.285,4770.755,381.66,764.109,585845.65,0.07,0.85,159.649,399.122,458.357,8.482,1061.124,149.403,0.0,911.721,1.0,5.711,451.954,8.606,1054.845,151.588,0.0,903.257,1.0,5.658,447.688,8.677,1050.65,152.969,0.0,897.681,1.0,5.623,0.0,696653.881,2411.494,0.0,690186.634,2389.108,0.0,685925.528,2374.358,1.0,2026-06-29,0.0,0,0,0,P2,LOW_COVERAGE_RISK,PROTECT,"Base-case fill rate meets the governed service target, but ending inventory is below the 2.5-week safety-stock policy. Protect inventory and retain contingency chase capacity; do not release it yet.",1,1,1.0,1.0,0.0,0.0,0.0,0.0,0,0,305.373,331.86,284.537,1.25,1.358,1.165,0.0,0.0,0.0,305.341,326.177,0.0,305.341,326.177,0.0,0.0,0.0,0.0,0,0.0,0.0,326.177,1,0.0,0.0,0.0,21642.102,22071.712,0.0,0.0,0.92,2.5,0.08,0.18,PRIOR_YEAR_SEASONAL_RECEIPTS_SHIFTED_52W_PLUS_FROZEN_SKU_GROWTH,EXPLICIT_SEASONAL_RECEIPT,DERIVED_IBP_DECISION_LAYER,NET_REVENUE_INVENTORY_EXPOSURE_PROXY_NOT_ACCOUNTING_PROFIT,FROZEN_STEP4D,BASE_SERVICE_THEN_PERSISTENT_WEEKLY_SERVICE_THEN_BASE_COVERAGE_THEN_SEVERE_SCENARIO_THEN_EXCESS,IMMEDIATE_RELEASE_ONLY_FOR_AGGREGATE_BASE_SERVICE_RISK_WEEKLY_SERVICE_RISK_REQUIRES_SOE_REVIEW,LOW_COVERAGE_PROTECTS_INVENTORY_WITHOUT_AUTOMATIC_CHASE_RELEASE,SYNTHETIC_PLANNING_GOVERNANCE_2PLUS_FORECAST_WEEKS_BELOW_92PCT_ESCALATES_TO_P1_NO_AUTOMATIC_CHASE,P2_CHASE_AND_REALLOCATION_OPTIONS_ARE_NOT_RELEASED
2026-06-22,2026-07-27,5,APS-001,RETAIL,HW_Damped_Mul,ETS,260,8.83,-0.97,97.445,31,SCENARIO_ANALOG,FORWARD_SCENARIO_BAND,0,0,2,20,10,9,ADEQUATE,0.361,0.149,0.75,-4.0,6.0,-1.445,0.0,0.891,0.0,2.336,-0.086,-2.314,1.303,CONDITIONAL_P75_SCENARIO_EXPOSURE_X_FROZEN_SKU_POLICY_CAP,HISTORICAL_PUBLIC_WEATHER_DERIVED_OVERLAY,PROJECT_ASSUMPTION,NO_REALIZED_FUTURE_WEATHER_USED,96.037,97.445,98.314,97.445,2.277,2.336,BASE_WITH_MILD_NORMAL_SEVERE_SCENARIOS,RECONSTRUCTED_DEMAND_UNITS,FROZEN_STEP4B_CHAMPION,FROZEN_STEP4C,DERIVED_FROM_SYNTHETIC_CASE_STUDY_DEMAND,502.461,96.0,342.639,3114.813,249.185,758.962,383880.5,0.055,0.9,110.067,275.167,238.193,4.45,585.282,96.037,0.0,489.245,1.0,4.445,233.813,4.515,580.967,97.445,0.0,483.522,1.0,4.393,230.938,4.552,578.128,98.314,0.0,479.814,1.0,4.359,0.0,371317.97,1285.331,0.0,366974.949,1270.298,0.0,364160.61,1260.556,1.0,2026-06-29,0.0,0,0,0,P2,LOW_COVERAGE_RISK,PROTECT,"Base-case fill rate meets the governed service target, but ending inventory is below the 2.5-week safety-stock policy. Protect inventory and retain contingency chase capacity; do not release it yet.",1,1,1.0,1.0,0.0,0.0,0.0,0.0,0,0,46.707,64.946,32.687,0.281,0.391,0.197,0.0,0.0,0.0,368.516,382.537,0.0,368.516,382.537,0.0,0.0,0.0,0.0,0,0.0,0.0,249.185,1,133.352,0.0,0.0,10340.301,10633.988,0.0,0.0,0.92,2.5,0.08,0.18,PRIOR_YEAR_SEASONAL_RECEIPTS_SHIFTED_52W_PLUS_FROZEN_SKU_GROWTH,EXPLICIT_SEASONAL_RECEIPT,DERIVED_IBP_DECISION_LAYER,NET_REVENUE_INVENTORY_EXPOSURE_PROXY_NOT_ACCOUNTING_PROFIT,FROZEN_STEP4D,BASE_SERVICE_THEN_PERSISTENT_WEEKLY_SERVICE_THEN_BASE_COVERAGE_THEN_SEVERE_SCENARIO_THEN_EXCESS,IMMEDIATE_RELEASE_ONLY_FOR_AGGREGATE_BASE_SERVICE_RISK_WEEKLY_SERVICE_RISK_REQUIRES_SOE_REVIEW,LOW_COVERAGE_PROTECTS_INVENTORY_WITHOUT_AUTOMATIC_CHASE_RELEASE,SYNTHETIC_PLANNING_GOVERNANCE_2PLUS_FORECAST_WEEKS_BELOW_92PCT_ESCALATES_TO_P1_NO_AUTOMATIC_CHASE,P2_CHASE_AND_REALLOCATION_OPTIONS_ARE_NOT_RELEASED
2026-06-22,2026-07-27,5,APS-001,WHOLESALE,HW_Damped_Add,ETS,260,18.26,-0.35,84.324,31,SCENARIO_ANALOG,FORWARD_SCENARIO_BAND,0,0,2,20,10,9,ADEQUATE,0.349,0.152,0.75,-4.0,6.0,-1.394,0.0,0.91,0.0,2.304,-0.118,-2.26,1.27,CONDITIONAL_P75_SCENARIO_EXPOSURE_X_FROZEN_SKU_POLICY_CAP,HISTORICAL_PUBLIC_WEATHER_DERIVED_OVERLAY,PROJECT_ASSUMPTION,NO_REALIZED_FUTURE_WEATHER_USED,83.149,84.324,85.092,84.324,1.943,2.304,BASE_WITH_MILD_NORMAL_SEVERE_SCENARIOS,RECONSTRUCTED_DEMAND_UNITS,FROZEN_STEP4B_CHAMPION,FROZEN_STEP4C,DERIVED_FROM_SYNTHETIC_CASE_STUDY_DEMAND,419.581,82.0,206.782,2718.984,217.519,415.548,174545.81,0.02,0.5,87.444,218.61,173.688,0.82,381.29,83.149,0.0,298.141,1.0,3.41,169.662,0.832,377.276,84.324,0.0,292.952,1.0,3.35,166.961,0.839,374.582,85.092,0.0,289.49,1.0,3.311,0.0,123891.846,428.856,0.0,121735.383,421.392,0.0,120296.844,416.412,0.332,2026-08-24,62.506,2,1,1,P1,WEEKLY_SERVICE_RISK,ESCALATE,"Base 13-week service meets target, but the series misses the 92% service target in 2 forecast weeks. Worst week 2026-08-24 falls to 33.2% fill with a 62.5-unit gap. Escalate for S&OE review and validate receipt timing, reallocation and chase feasibility before any release.",1,1,0.935,0.927,84.648,96.864,0.065,0.073,1,1,0.0,0.0,0.0,0.0,0.0,0.0,0.0,0.0,0.0,335.369,335.369,0.0,335.369,432.233,0.0,0.0,0.0,0.0,0,0.0,0.0,0.0,0,0.0,35175.203,40251.626,3706.361,3772.726,0.0,0.0,0.92,2.5,0.08,0.18,PRIOR_YEAR_SEASONAL_RECEIPTS_SHIFTED_52W_PLUS_FROZEN_SKU_GROWTH,EXPLICIT_SEASONAL_RECEIPT,DERIVED_IBP_DECISION_LAYER,NET_REVENUE_INVENTORY_EXPOSURE_PROXY_NOT_ACCOUNTING_PROFIT,FROZEN_STEP4D,BASE_SERVICE_THEN_PERSISTENT_WEEKLY_SERVICE_THEN_BASE_COVERAGE_THEN_SEVERE_SCENARIO_THEN_EXCESS,IMMEDIATE_RELEASE_ONLY_FOR_AGGREGATE_BASE_SERVICE_RISK_WEEKLY_SERVICE_RISK_REQUIRES_SOE_REVIEW,LOW_COVERAGE_PROTECTS_INVENTORY_WITHOUT_AUTOMATIC_CHASE_RELEASE,SYNTHETIC_PLANNING_GOVERNANCE_2PLUS_FORECAST_WEEKS_BELOW_92PCT_ESCALATES_TO_P1_NO_AUTOMATIC_CHASE,P2_CHASE_AND_REALLOCATION_OPTIONS_ARE_NOT_RELEASED
2026-06-22,2026-07-27,5,CTS-001,ECOM,HW_Damped_Mul,ETS,260,8.37,-1.12,479.143,31,SCENARIO_ANALOG,FORWARD_SCENARIO_BAND,0,0,2,20,10,9,ADEQUATE,0.349,0.113,0.75,-3.0,4.0,-1.047,0.0,0.453,0.0,1.5,-0.065,-1.722,0.734,CONDITIONAL_P75_SCENARIO_EXPOSURE_X_FROZEN_SKU_POLICY_CAP,HISTORICAL_PUBLIC_WEATHER_DERIVED_OVERLAY,PROJECT_ASSUMPTION,NO_REALIZED_FUTURE_WEATHER_USED,474.127,479.143,481.313,479.143,7.186,1.5,BASE_WITH_MILD_NORMAL_SEVERE_SCENARIOS,RECONSTRUCTED_DEMAND_UNITS,FROZEN_STEP4B_CHAMPION,FROZEN_STEP4C,DERIVED_FROM_SYNTHETIC_CASE_STUDY_DEMAND,1667.095,409.342,1046.027,8586.813,686.945,615.768,1045685.26,0.07,0.85,479.964,1199.909,1651.161,26.567,2723.755,474.127,0.0,2249.628,1.0,4.687,1634.955,26.848,2707.83,479.143,0.0,2228.687,1.0,4.643,1626.52,26.999,2699.545,481.313,0.0,2218.232,1.0,4.622,0.0,1385248.316,4795.09,0.0,1372353.802,4750.455,0.0,1365916.033,4728.171,1.0,2026-06-29,0.0,0,0,0,P2,LOW_COVERAGE_RISK,PROTECT,"Base-case fill rate meets the governed service target, but ending inventory is below the 2.5-week safety-stock policy. Protect inventory and retain contingency chase capacity; do not release it yet.",1,1,1.0,1.0,0.0,0.0,0.0,0.0,0,0,368.542,425.112,334.792,0.635,0.732,0.576,0.0,0.0,0.0,1083.468,1117.218,0.0,1083.468,1117.218,0.0,0.0,0.0,0.0,0,0.0,0.0,686.945,1,430.273,0.0,0.0,43747.478,44551.408,0.0,0.0,0.92,2.5,0.08,0.18,PRIOR_YEAR_SEASONAL_RECEIPTS_SHIFTED_52W_PLUS_FROZEN_SKU_GROWTH,EXPLICIT_SEASONAL_RECEIPT,DERIVED_IBP_DECISION_LAYER,NET_REVENUE_INVENTORY_EXPOSURE_PROXY_NOT_ACCOUNTING_PROFIT,FROZEN_STEP4D,BASE_SERVICE_THEN_PERSISTENT_WEEKLY_SERVICE_THEN_BASE_COVERAGE_THEN_SEVERE_SCENARIO_THEN_EXCESS,IMMEDIATE_RELEASE_ONLY_FOR_AGGREGATE_BASE_SERVICE_RISK_WEEKLY_SERVICE_RISK_REQUIRES_SOE_REVIEW,LOW_COVERAGE_PROTECTS_INVENTORY_WITHOUT_AUTOMATIC_CHASE_RELEASE,SYNTHETIC_PLANNING_GOVERNANCE_2PLUS_FORECAST_WEEKS_BELOW_92PCT_ESCALATES_TO_P1_NO_AUTOMATIC_CHASE,P2_CHASE_AND_REALLOCATION_OPTIONS_ARE_NOT_RELEASED
2026-06-22,2026-07-27,5,CTS-001,RETAIL,HW_Damped_Mul,ETS,260,9.18,0.8,332.351,31,SCENARIO_ANALOG,FORWARD_SCENARIO_BAND,0,0,2,20,10,9,ADEQUATE,0.352,0.113,0.75,-3.0,4.0,-1.055,0.0,0.453,0.0,1.508,-0.066,-1.699,0.732,CONDITIONAL_P75_SCENARIO_EXPOSURE_X_FROZEN_SKU_POLICY_CAP,HISTORICAL_PUBLIC_WEATHER_DERIVED_OVERLAY,PROJECT_ASSUMPTION,NO_REALIZED_FUTURE_WEATHER_USED,328.844,332.351,333.856,332.351,5.012,1.508,BASE_WITH_MILD_NORMAL_SEVERE_SCENARIOS,RECONSTRUCTED_DEMAND_UNITS,FROZEN_STEP4B_CHAMPION,FROZEN_STEP4C,DERIVED_FROM_SYNTHETIC_CASE_STUDY_DEMAND,707.045,286.503,887.111,5742.657,459.413,614.034,438898.37,0.055,0.9,331.333,828.331,600.77,14.733,1502.615,328.844,0.0,1173.771,1.0,3.543,589.736,14.89,1491.737,332.351,0.0,1159.386,1.0,3.499,584.047,14.975,1486.133,333.856,0.0,1152.277,1.0,3.478,0.0,720735.241,2494.853,0.0,711902.653,2464.278,0.0,707537.394,2449.168,0.654,2026-08-24,122.844,2,1,1,P1,WEEKLY_SERVICE_RISK,ESCALATE,"Base 13-week service meets target, but the series misses the 92% service target in 2 forecast weeks. Worst week 2026-08-24 falls to 65.4% fill with a 122.8-unit gap. Escalate for S&OE review and validate receipt timing, reallocation and chase feasibility before any release.",1,1,0.956,0.951,201.709,226.204,0.044,0.049,1,1,0.0,0.0,0.0,0.0,0.0,0.0,0.0,0.0,0.0,1028.153,1028.153,0.0,1028.153,1254.357,0.0,0.0,0.0,0.0,0,0.0,0.0,0.0,0,0.0,123855.957,138896.7,19143.477,19410.014,0.0,0.0,0.92,2.5,0.08,0.18,PRIOR_YEAR_SEASONAL_RECEIPTS_SHIFTED_52W_PLUS_FROZEN_SKU_GROWTH,EXPLICIT_SEASONAL_RECEIPT,DERIVED_IBP_DECISION_LAYER,NET_REVENUE_INVENTORY_EXPOSURE_PROXY_NOT_ACCOUNTING_PROFIT,FROZEN_STEP4D,BASE_SERVICE_THEN_PERSISTENT_WEEKLY_SERVICE_THEN_BASE_COVERAGE_THEN_SEVERE_SCENARIO_THEN_EXCESS,IMMEDIATE_RELEASE_ONLY_FOR_AGGREGATE_BASE_SERVICE_RISK_WEEKLY_SERVICE_RISK_REQUIRES_SOE_REVIEW,LOW_COVERAGE_PROTECTS_INVENTORY_WITHOUT_AUTOMATIC_CHASE_RELEASE,SYNTHETIC_PLANNING_GOVERNANCE_2PLUS_FORECAST_WEEKS_BELOW_92PCT_ESCALATES_TO_P1_NO_AUTOMATIC_CHASE,P2_CHASE_AND_REALLOCATION_OPTIONS_ARE_NOT_RELEASED
2026-06-22,2026-07-27,5,CTS-001,WHOLESALE,Seasonal_MA_2Y,BASELINE,260,21.73,2.41,334.5,31,SCENARIO_ANALOG,FORWARD_SCENARIO_BAND,0,0,2,20,10,9,ADEQUATE,0.345,0.114,0.75,-3.0,4.0,-1.036,0.0,0.454,0.0,1.49,-0.072,-1.702,0.729,CONDITIONAL_P75_SCENARIO_EXPOSURE_X_FROZEN_SKU_POLICY_CAP,HISTORICAL_PUBLIC_WEATHER_DERIVED_OVERLAY,PROJECT_ASSUMPTION,NO_REALIZED_FUTURE_WEATHER_USED,331.035,334.5,336.019,334.5,4.983,1.49,BASE_WITH_MILD_NORMAL_SEVERE_SCENARIOS,RECONSTRUCTED_DEMAND_UNITS,FROZEN_STEP4B_CHAMPION,FROZEN_STEP4C,DERIVED_FROM_SYNTHETIC_CASE_STUDY_DEMAND,833.966,205.518,412.574,4254.815,340.385,337.376,281880.52,0.02,0.5,270.574,676.435,1438.952,2.474,1854.001,331.035,0.0,1522.966,1.0,5.629,1430.208,2.5,1845.283,334.5,0.0,1510.783,1.0,5.584,1425.588,2.514,1840.676,336.019,0.0,1504.657,1.0,5.561,0.0,513811.824,1778.579,0.0,509701.594,1764.352,0.0,507635.009,1757.198,1.0,2026-06-29,0.0,0,0,0,P2,LOW_COVERAGE_RISK,PROTECT,"Base-case fill rate meets the governed service target, but ending inventory is below the 2.5-week safety-stock policy. Protect inventory and retain contingency chase capacity; do not release it yet.",1,1,1.0,1.0,0.0,0.0,0.0,0.0,0,0,310.656,342.966,291.085,0.911,1.006,0.853,0.0,0.0,0.0,542.043,561.614,0.0,542.043,561.614,0.0,0.0,0.0,0.0,0,0.0,0.0,340.385,1,221.229,0.0,0.0,17897.756,18149.013,0.0,0.0,0.92,2.5,0.08,0.18,PRIOR_YEAR_SEASONAL_RECEIPTS_SHIFTED_52W_PLUS_FROZEN_SKU_GROWTH,EXPLICIT_SEASONAL_RECEIPT,DERIVED_IBP_DECISION_LAYER,NET_REVENUE_INVENTORY_EXPOSURE_PROXY_NOT_ACCOUNTING_PROFIT,FROZEN_STEP4D,BASE_SERVICE_THEN_PERSISTENT_WEEKLY_SERVICE_THEN_BASE_COVERAGE_THEN_SEVERE_SCENARIO_THEN_EXCESS,IMMEDIATE_RELEASE_ONLY_FOR_AGGREGATE_BASE_SERVICE_RISK_WEEKLY_SERVICE_RISK_REQUIRES_SOE_REVIEW,LOW_COVERAGE_PROTECTS_INVENTORY_WITHOUT_AUTOMATIC_CHASE_RELEASE,SYNTHETIC_PLANNING_GOVERNANCE_2PLUS_FORECAST_WEEKS_BELOW_92PCT_ESCALATES_TO_P1_NO_AUTOMATIC_CHASE,P2_CHASE_AND_REALLOCATION_OPTIONS_ARE_NOT_RELEASED
2026-06-22,2026-07-27,5,IMH-001,ECOM,HW_Damped_Mul,ETS,260,8.68,-1.32,476.633,31,SCENARIO_ANALOG,FORWARD_SCENARIO_BAND,0,0,2,20,10,9,ADEQUATE,0.383,0.125,0.75,-4.0,5.0,-1.531,0.0,0.623,0.0,2.154,-0.125,-2.348,0.97,CONDITIONAL_P75_SCENARIO_EXPOSURE_X_FROZEN_SKU_POLICY_CAP,HISTORICAL_PUBLIC_WEATHER_DERIVED_OVERLAY,PROJECT_ASSUMPTION,NO_REALIZED_FUTURE_WEATHER_USED,469.334,476.633,479.602,476.633,10.267,2.154,BASE_WITH_MILD_NORMAL_SEVERE_SCENARIOS,RECONSTRUCTED_DEMAND_UNITS,FROZEN_STEP4B_CHAMPION,FROZEN_STEP4C,DERIVED_FROM_SYNTHETIC_CASE_STUDY_DEMAND,1960.271,440.0,1427.138,11432.845,914.628,381.156,756664.65,0.07,0.85,518.729,1296.821,1525.644,27.026,2979.808,469.334,0.0,2510.474,1.0,4.84,1503.351,27.446,2957.935,476.633,0.0,2481.302,1.0,4.783,1492.981,27.624,2947.743,479.602,0.0,2468.141,1.0,4.758,0.0,956881.014,3312.28,0.0,945761.865,3273.791,0.0,940745.76,3256.428,1.0,2026-06-29,0.0,0,0,0,P2,LOW_COVERAGE_RISK,PROTECT,"Base-case fill rate meets the governed service target, but ending inventory is below the 2.5-week safety-stock policy. Protect inventory and retain contingency chase capacity; do not release it yet.",1,1,1.0,1.0,0.0,0.0,0.0,0.0,0,0,393.86,478.784,344.992,0.54,0.657,0.473,0.0,0.0,0.0,1428.223,1477.09,0.0,1428.223,1477.09,0.0,0.0,0.0,0.0,0,0.0,0.0,914.628,1,562.462,0.0,0.0,28691.117,29399.633,0.0,0.0,0.92,2.5,0.08,0.18,PRIOR_YEAR_SEASONAL_RECEIPTS_SHIFTED_52W_PLUS_FROZEN_SKU_GROWTH,EXPLICIT_SEASONAL_RECEIPT,DERIVED_IBP_DECISION_LAYER,NET_REVENUE_INVENTORY_EXPOSURE_PROXY_NOT_ACCOUNTING_PROFIT,FROZEN_STEP4D,BASE_SERVICE_THEN_PERSISTENT_WEEKLY_SERVICE_THEN_BASE_COVERAGE_THEN_SEVERE_SCENARIO_THEN_EXCESS,IMMEDIATE_RELEASE_ONLY_FOR_AGGREGATE_BASE_SERVICE_RISK_WEEKLY_SERVICE_RISK_REQUIRES_SOE_REVIEW,LOW_COVERAGE_PROTECTS_INVENTORY_WITHOUT_AUTOMATIC_CHASE_RELEASE,SYNTHETIC_PLANNING_GOVERNANCE_2PLUS_FORECAST_WEEKS_BELOW_92PCT_ESCALATES_TO_P1_NO_AUTOMATIC_CHASE,P2_CHASE_AND_REALLOCATION_OPTIONS_ARE_NOT_RELEASED
2026-06-22,2026-07-27,5,IMH-001,RETAIL,HW_Damped_Mul,ETS,260,8.48,-1.21,339.156,31,SCENARIO_ANALOG,FORWARD_SCENARIO_BAND,0,0,2,20,10,9,ADEQUATE,0.397,0.118,0.75,-4.0,5.0,-1.588,0.0,0.588,0.0,2.176,-0.111,-2.388,0.991,CONDITIONAL_P75_SCENARIO_EXPOSURE_X_FROZEN_SKU_POLICY_CAP,HISTORICAL_PUBLIC_WEATHER_DERIVED_OVERLAY,PROJECT_ASSUMPTION,NO_REALIZED_FUTURE_WEATHER_USED,333.77,339.156,341.15,339.156,7.38,2.176,BASE_WITH_MILD_NORMAL_SEVERE_SCENARIOS,RECONSTRUCTED_DEMAND_UNITS,FROZEN_STEP4B_CHAMPION,FROZEN_STEP4C,DERIVED_FROM_SYNTHETIC_CASE_STUDY_DEMAND,1782.926,343.0,890.274,8900.319,712.025,376.051,681077.82,0.055,0.9,353.829,884.573,1169.048,15.693,2075.015,333.77,0.0,1741.245,1.0,4.921,1153.505,15.946,2059.725,339.156,0.0,1720.569,1.0,4.863,1146.565,16.054,2052.893,341.15,0.0,1711.743,1.0,4.838,0.0,654796.723,2266.604,0.0,647021.59,2239.69,0.0,643702.491,2228.201,1.0,2026-06-29,0.0,0,0,0,P2,LOW_COVERAGE_RISK,PROTECT,"Base-case fill rate meets the governed service target, but ending inventory is below the 2.5-week safety-stock policy. Protect inventory and retain contingency chase capacity; do not release it yet.",1,1,1.0,1.0,0.0,0.0,0.0,0.0,0,0,297.254,355.298,262.508,0.598,0.715,0.528,0.0,0.0,0.0,944.908,979.654,0.0,944.908,979.654,0.0,0.0,0.0,0.0,0,0.0,0.0,712.025,1,267.629,0.0,0.0,20380.389,20863.828,0.0,0.0,0.92,2.5,0.08,0.18,PRIOR_YEAR_SEASONAL_RECEIPTS_SHIFTED_52W_PLUS_FROZEN_SKU_GROWTH,EXPLICIT_SEASONAL_RECEIPT,DERIVED_IBP_DECISION_LAYER,NET_REVENUE_INVENTORY_EXPOSURE_PROXY_NOT_ACCOUNTING_PROFIT,FROZEN_STEP4D,BASE_SERVICE_THEN_PERSISTENT_WEEKLY_SERVICE_THEN_BASE_COVERAGE_THEN_SEVERE_SCENARIO_THEN_EXCESS,IMMEDIATE_RELEASE_ONLY_FOR_AGGREGATE_BASE_SERVICE_RISK_WEEKLY_SERVICE_RISK_REQUIRES_SOE_REVIEW,LOW_COVERAGE_PROTECTS_INVENTORY_WITHOUT_AUTOMATIC_CHASE_RELEASE,SYNTHETIC_PLANNING_GOVERNANCE_2PLUS_FORECAST_WEEKS_BELOW_92PCT_ESCALATES_TO_P1_NO_AUTOMATIC_CHASE,P2_CHASE_AND_REALLOCATION_OPTIONS_ARE_NOT_RELEASED
2026-06-22,2026-07-27,5,IMH-001,WHOLESALE,HW_Add_Add,ETS,260,18.55,1.41,271.344,31,SCENARIO_ANALOG,FORWARD_SCENARIO_BAND,0,0,2,20,10,9,ADEQUATE,0.397,0.102,0.75,-4.0,5.0,-1.586,0.0,0.512,0.0,2.099,-0.114,-2.316,0.877,CONDITIONAL_P75_SCENARIO_EXPOSURE_X_FROZEN_SKU_POLICY_CAP,HISTORICAL_PUBLIC_WEATHER_DERIVED_OVERLAY,PROJECT_ASSUMPTION,NO_REALIZED_FUTURE_WEATHER_USED,267.04,271.344,272.734,271.344,5.694,2.099,BASE_WITH_MILD_NORMAL_SEVERE_SCENARIOS,RECONSTRUCTED_DEMAND_UNITS,FROZEN_STEP4B_CHAMPION,FROZEN_STEP4C,DERIVED_FROM_SYNTHETIC_CASE_STUDY_DEMAND,930.627,282.0,720.13,6251.029,500.082,207.635,193570.36,0.02,0.5,289.059,722.648,659.815,2.497,1382.442,267.04,0.0,1115.402,1.0,3.859,645.756,2.538,1368.423,271.344,0.0,1097.079,1.0,3.795,640.216,2.553,1362.899,272.734,0.0,1090.165,1.0,3.771,0.0,231596.704,801.681,0.0,227792.328,788.512,0.0,226356.697,783.542,0.741,2026-08-24,78.388,2,1,1,P1,WEEKLY_SERVICE_RISK,ESCALATE,"Base 13-week service meets target, but the series misses the 92% service target in 2 forecast weeks. Worst week 2026-08-24 falls to 74.1% fill with a 78.4-unit gap. Escalate for S&OE review and validate receipt timing, reallocation and chase feasibility before any release.",1,1,0.961,0.955,161.037,186.474,0.039,0.045,1,1,0.0,0.0,0.0,0.0,0.0,0.0,0.0,0.0,0.0,964.185,964.185,0.0,964.185,1150.659,0.0,0.0,0.0,0.0,0,0.0,0.0,0.0,0,0.0,33436.964,38718.609,6327.247,6438.521,0.0,0.0,0.92,2.5,0.08,0.18,PRIOR_YEAR_SEASONAL_RECEIPTS_SHIFTED_52W_PLUS_FROZEN_SKU_GROWTH,EXPLICIT_SEASONAL_RECEIPT,DERIVED_IBP_DECISION_LAYER,NET_REVENUE_INVENTORY_EXPOSURE_PROXY_NOT_ACCOUNTING_PROFIT,FROZEN_STEP4D,BASE_SERVICE_THEN_PERSISTENT_WEEKLY_SERVICE_THEN_BASE_COVERAGE_THEN_SEVERE_SCENARIO_THEN_EXCESS,IMMEDIATE_RELEASE_ONLY_FOR_AGGREGATE_BASE_SERVICE_RISK_WEEKLY_SERVICE_RISK_REQUIRES_SOE_REVIEW,LOW_COVERAGE_PROTECTS_INVENTORY_WITHOUT_AUTOMATIC_CHASE_RELEASE,SYNTHETIC_PLANNING_GOVERNANCE_2PLUS_FORECAST_WEEKS_BELOW_92PCT_ESCALATES_TO_P1_NO_AUTOMATIC_CHASE,P2_CHASE_AND_REALLOCATION_OPTIONS_ARE_NOT_RELEASED
2026-06-22,2026-08-03,6,APS-001,ECOM,HW_Damped_Mul,ETS,260,10.55,-3.09,160.112,32,SCENARIO_ANALOG,FORWARD_SCENARIO_BAND,0,0,2,20,8,9,ADEQUATE,0.312,0.152,0.75,-4.0,6.0,-1.248,0.0,0.911,0.0,2.159,0.0,-2.33,1.315,CONDITIONAL_P75_SCENARIO_EXPOSURE_X_FROZEN_SKU_POLICY_CAP,HISTORICAL_PUBLIC_WEATHER_DERIVED_OVERLAY,PROJECT_ASSUMPTION,NO_REALIZED_FUTURE_WEATHER_USED,158.114,160.112,161.57,160.112,3.456,2.159,BASE_WITH_MILD_NORMAL_SEVERE_SCENARIOS,RECONSTRUCTED_DEMAND_UNITS,FROZEN_STEP4B_CHAMPION,FROZEN_STEP4C,DERIVED_FROM_SYNTHETIC_CASE_STUDY_DEMAND,758.867,133.0,0.0,4770.755,381.66,764.109,585845.65,0.07,0.85,162.168,405.421,911.721,8.889,920.61,158.114,0.0,762.496,1.0,4.702,903.257,9.019,912.277,160.112,0.0,752.165,1.0,4.638,897.681,9.102,906.782,161.57,0.0,745.212,1.0,4.595,0.0,582630.127,2016.797,0.0,574735.531,1989.469,0.0,569423.141,1971.08,1.0,2026-06-29,0.0,0,0,0,P2,LOW_COVERAGE_RISK,PROTECT,"Base-case fill rate meets the governed service target, but ending inventory is below the 2.5-week safety-stock policy. Protect inventory and retain contingency chase capacity; do not release it yet.",1,1,1.0,1.0,0.0,0.0,0.0,0.0,0,0,305.373,331.86,284.537,1.25,1.358,1.165,0.0,0.0,0.0,305.341,326.177,0.0,305.341,326.177,0.0,0.0,0.0,0.0,0,0.0,0.0,326.177,1,0.0,0.0,0.0,21642.102,22071.712,0.0,0.0,0.92,2.5,0.08,0.18,PRIOR_YEAR_SEASONAL_RECEIPTS_SHIFTED_52W_PLUS_FROZEN_SKU_GROWTH,EXPLICIT_SEASONAL_RECEIPT,DERIVED_IBP_DECISION_LAYER,NET_REVENUE_INVENTORY_EXPOSURE_PROXY_NOT_ACCOUNTING_PROFIT,FROZEN_STEP4D,BASE_SERVICE_THEN_PERSISTENT_WEEKLY_SERVICE_THEN_BASE_COVERAGE_THEN_SEVERE_SCENARIO_THEN_EXCESS,IMMEDIATE_RELEASE_ONLY_FOR_AGGREGATE_BASE_SERVICE_RISK_WEEKLY_SERVICE_RISK_REQUIRES_SOE_REVIEW,LOW_COVERAGE_PROTECTS_INVENTORY_WITHOUT_AUTOMATIC_CHASE_RELEASE,SYNTHETIC_PLANNING_GOVERNANCE_2PLUS_FORECAST_WEEKS_BELOW_92PCT_ESCALATES_TO_P1_NO_AUTOMATIC_CHASE,P2_CHASE_AND_REALLOCATION_OPTIONS_ARE_NOT_RELEASED
2026-06-22,2026-08-03,6,APS-001,RETAIL,HW_Damped_Mul,ETS,260,8.83,-0.97,115.347,32,SCENARIO_ANALOG,FORWARD_SCENARIO_BAND,0,0,2,20,8,9,ADEQUATE,0.312,0.149,0.75,-4.0,6.0,-1.247,0.0,0.891,0.0,2.139,0.0,-2.314,1.303,CONDITIONAL_P75_SCENARIO_EXPOSURE_X_FROZEN_SKU_POLICY_CAP,HISTORICAL_PUBLIC_WEATHER_DERIVED_OVERLAY,PROJECT_ASSUMPTION,NO_REALIZED_FUTURE_WEATHER_USED,113.908,115.347,116.375,115.347,2.467,2.139,BASE_WITH_MILD_NORMAL_SEVERE_SCENARIOS,RECONSTRUCTED_DEMAND_UNITS,FROZEN_STEP4B_CHAMPION,FROZEN_STEP4C,DERIVED_FROM_SYNTHETIC_CASE_STUDY_DEMAND,502.461,96.0,0.0,3114.813,249.185,758.962,383880.5,0.055,0.9,112.226,280.565,489.245,4.754,493.999,113.908,0.0,380.091,1.0,3.387,483.522,4.824,488.346,115.347,0.0,372.999,1.0,3.324,479.814,4.867,484.681,116.375,0.0,368.306,1.0,3.282,0.0,288474.142,998.564,0.0,283091.872,979.933,0.0,279529.968,967.604,1.0,2026-06-29,0.0,0,0,0,P2,LOW_COVERAGE_RISK,PROTECT,"Base-case fill rate meets the governed service target, but ending inventory is below the 2.5-week safety-stock policy. Protect inventory and retain contingency chase capacity; do not release it yet.",1,1,1.0,1.0,0.0,0.0,0.0,0.0,0,0,46.707,64.946,32.687,0.281,0.391,0.197,0.0,0.0,0.0,368.516,382.537,0.0,368.516,382.537,0.0,0.0,0.0,0.0,0,0.0,0.0,249.185,1,133.352,0.0,0.0,10340.301,10633.988,0.0,0.0,0.92,2.5,0.08,0.18,PRIOR_YEAR_SEASONAL_RECEIPTS_SHIFTED_52W_PLUS_FROZEN_SKU_GROWTH,EXPLICIT_SEASONAL_RECEIPT,DERIVED_IBP_DECISION_LAYER,NET_REVENUE_INVENTORY_EXPOSURE_PROXY_NOT_ACCOUNTING_PROFIT,FROZEN_STEP4D,BASE_SERVICE_THEN_PERSISTENT_WEEKLY_SERVICE_THEN_BASE_COVERAGE_THEN_SEVERE_SCENARIO_THEN_EXCESS,IMMEDIATE_RELEASE_ONLY_FOR_AGGREGATE_BASE_SERVICE_RISK_WEEKLY_SERVICE_RISK_REQUIRES_SOE_REVIEW,LOW_COVERAGE_PROTECTS_INVENTORY_WITHOUT_AUTOMATIC_CHASE_RELEASE,SYNTHETIC_PLANNING_GOVERNANCE_2PLUS_FORECAST_WEEKS_BELOW_92PCT_ESCALATES_TO_P1_NO_AUTOMATIC_CHASE,P2_CHASE_AND_REALLOCATION_OPTIONS_ARE_NOT_RELEASED
2026-06-22,2026-08-03,6,APS-001,WHOLESALE,HW_Damped_Add,ETS,260,18.26,-0.35,87.224,32,SCENARIO_ANALOG,FORWARD_SCENARIO_BAND,0,0,2,20,8,9,ADEQUATE,0.332,0.152,0.75,-4.0,6.0,-1.329,0.0,0.91,0.0,2.239,0.0,-2.26,1.27,CONDITIONAL_P75_SCENARIO_EXPOSURE_X_FROZEN_SKU_POLICY_CAP,HISTORICAL_PUBLIC_WEATHER_DERIVED_OVERLAY,PROJECT_ASSUMPTION,NO_REALIZED_FUTURE_WEATHER_USED,86.065,87.224,88.018,87.224,1.953,2.239,BASE_WITH_MILD_NORMAL_SEVERE_SCENARIOS,RECONSTRUCTED_DEMAND_UNITS,FROZEN_STEP4B_CHAMPION,FROZEN_STEP4C,DERIVED_FROM_SYNTHETIC_CASE_STUDY_DEMAND,419.581,82.0,0.0,2718.984,217.519,415.548,174545.81,0.02,0.5,89.739,224.347,298.141,0.831,298.973,86.065,0.0,212.908,1.0,2.373,292.952,0.843,293.795,87.224,0.0,206.571,1.0,2.302,289.49,0.851,290.341,88.018,0.0,202.323,1.0,2.255,0.0,88473.266,306.254,0.0,85840.065,297.139,0.0,84074.773,291.028,0.332,2026-08-24,62.506,2,1,1,P1,WEEKLY_SERVICE_RISK,ESCALATE,"Base 13-week service meets target, but the series misses the 92% service target in 2 forecast weeks. Worst week 2026-08-24 falls to 33.2% fill with a 62.5-unit gap. Escalate for S&OE review and validate receipt timing, reallocation and chase feasibility before any release.",1,1,0.935,0.927,84.648,96.864,0.065,0.073,1,1,0.0,0.0,0.0,0.0,0.0,0.0,0.0,0.0,0.0,335.369,335.369,0.0,335.369,432.233,0.0,0.0,0.0,0.0,0,0.0,0.0,0.0,0,0.0,35175.203,40251.626,3706.361,3772.726,0.0,0.0,0.92,2.5,0.08,0.18,PRIOR_YEAR_SEASONAL_RECEIPTS_SHIFTED_52W_PLUS_FROZEN_SKU_GROWTH,EXPLICIT_SEASONAL_RECEIPT,DERIVED_IBP_DECISION_LAYER,NET_REVENUE_INVENTORY_EXPOSURE_PROXY_NOT_ACCOUNTING_PROFIT,FROZEN_STEP4D,BASE_SERVICE_THEN_PERSISTENT_WEEKLY_SERVICE_THEN_BASE_COVERAGE_THEN_SEVERE_SCENARIO_THEN_EXCESS,IMMEDIATE_RELEASE_ONLY_FOR_AGGREGATE_BASE_SERVICE_RISK_WEEKLY_SERVICE_RISK_REQUIRES_SOE_REVIEW,LOW_COVERAGE_PROTECTS_INVENTORY_WITHOUT_AUTOMATIC_CHASE_RELEASE,SYNTHETIC_PLANNING_GOVERNANCE_2PLUS_FORECAST_WEEKS_BELOW_92PCT_ESCALATES_TO_P1_NO_AUTOMATIC_CHASE,P2_CHASE_AND_REALLOCATION_OPTIONS_ARE_NOT_RELEASED
2026-06-22,2026-08-03,6,CTS-001,ECOM,HW_Damped_Mul,ETS,260,8.37,-1.12,475.468,32,SCENARIO_ANALOG,FORWARD_SCENARIO_BAND,0,0,2,20,8,9,ADEQUATE,0.326,0.113,0.75,-3.0,4.0,-0.979,0.0,0.453,0.0,1.432,0.0,-1.722,0.734,CONDITIONAL_P75_SCENARIO_EXPOSURE_X_FROZEN_SKU_POLICY_CAP,HISTORICAL_PUBLIC_WEATHER_DERIVED_OVERLAY,PROJECT_ASSUMPTION,NO_REALIZED_FUTURE_WEATHER_USED,470.815,475.468,477.622,475.468,6.807,1.432,BASE_WITH_MILD_NORMAL_SEVERE_SCENARIOS,RECONSTRUCTED_DEMAND_UNITS,FROZEN_STEP4B_CHAMPION,FROZEN_STEP4C,DERIVED_FROM_SYNTHETIC_CASE_STUDY_DEMAND,1667.095,409.342,0.0,8586.813,686.945,615.768,1045685.26,0.07,0.85,470.972,1177.43,2249.628,28.211,2277.838,470.815,0.0,1807.023,1.0,3.837,2228.687,28.509,2257.196,475.468,0.0,1781.728,1.0,3.783,2218.232,28.638,2246.871,477.622,0.0,1769.249,1.0,3.757,0.0,1112706.76,3851.677,0.0,1097130.856,3797.761,0.0,1089446.228,3771.16,1.0,2026-06-29,0.0,0,0,0,P2,LOW_COVERAGE_RISK,PROTECT,"Base-case fill rate meets the governed service target, but ending inventory is below the 2.5-week safety-stock policy. Protect inventory and retain contingency chase capacity; do not release it yet.",1,1,1.0,1.0,0.0,0.0,0.0,0.0,0,0,368.542,425.112,334.792,0.635,0.732,0.576,0.0,0.0,0.0,1083.468,1117.218,0.0,1083.468,1117.218,0.0,0.0,0.0,0.0,0,0.0,0.0,686.945,1,430.273,0.0,0.0,43747.478,44551.408,0.0,0.0,0.92,2.5,0.08,0.18,PRIOR_YEAR_SEASONAL_RECEIPTS_SHIFTED_52W_PLUS_FROZEN_SKU_GROWTH,EXPLICIT_SEASONAL_RECEIPT,DERIVED_IBP_DECISION_LAYER,NET_REVENUE_INVENTORY_EXPOSURE_PROXY_NOT_ACCOUNTING_PROFIT,FROZEN_STEP4D,BASE_SERVICE_THEN_PERSISTENT_WEEKLY_SERVICE_THEN_BASE_COVERAGE_THEN_SEVERE_SCENARIO_THEN_EXCESS,IMMEDIATE_RELEASE_ONLY_FOR_AGGREGATE_BASE_SERVICE_RISK_WEEKLY_SERVICE_RISK_REQUIRES_SOE_REVIEW,LOW_COVERAGE_PROTECTS_INVENTORY_WITHOUT_AUTOMATIC_CHASE_RELEASE,SYNTHETIC_PLANNING_GOVERNANCE_2PLUS_FORECAST_WEEKS_BELOW_92PCT_ESCALATES_TO_P1_NO_AUTOMATIC_CHASE,P2_CHASE_AND_REALLOCATION_OPTIONS_ARE_NOT_RELEASED
2026-06-22,2026-08-03,6,CTS-001,RETAIL,HW_Damped_Mul,ETS,260,9.18,0.8,326.648,32,SCENARIO_ANALOG,FORWARD_SCENARIO_BAND,0,0,2,20,8,9,ADEQUATE,0.333,0.113,0.75,-3.0,4.0,-0.998,0.0,0.453,0.0,1.451,0.0,-1.699,0.732,CONDITIONAL_P75_SCENARIO_EXPOSURE_X_FROZEN_SKU_POLICY_CAP,HISTORICAL_PUBLIC_WEATHER_DERIVED_OVERLAY,PROJECT_ASSUMPTION,NO_REALIZED_FUTURE_WEATHER_USED,323.387,326.648,328.127,326.648,4.74,1.451,BASE_WITH_MILD_NORMAL_SEVERE_SCENARIOS,RECONSTRUCTED_DEMAND_UNITS,FROZEN_STEP4B_CHAMPION,FROZEN_STEP4C,DERIVED_FROM_SYNTHETIC_CASE_STUDY_DEMAND,707.045,286.503,0.0,5742.657,459.413,614.034,438898.37,0.055,0.9,336.958,842.396,1173.771,16.278,1190.048,323.387,0.0,866.661,1.0,2.572,1159.386,16.451,1175.837,326.648,0.0,849.189,1.0,2.52,1152.277,16.526,1168.803,328.127,0.0,840.676,1.0,2.495,0.0,532159.691,1842.091,0.0,521431.333,1804.955,0.0,516203.66,1786.859,0.654,2026-08-24,122.844,2,1,1,P1,WEEKLY_SERVICE_RISK,ESCALATE,"Base 13-week service meets target, but the series misses the 92% service target in 2 forecast weeks. Worst week 2026-08-24 falls to 65.4% fill with a 122.8-unit gap. Escalate for S&OE review and validate receipt timing, reallocation and chase feasibility before any release.",1,1,0.956,0.951,201.709,226.204,0.044,0.049,1,1,0.0,0.0,0.0,0.0,0.0,0.0,0.0,0.0,0.0,1028.153,1028.153,0.0,1028.153,1254.357,0.0,0.0,0.0,0.0,0,0.0,0.0,0.0,0,0.0,123855.957,138896.7,19143.477,19410.014,0.0,0.0,0.92,2.5,0.08,0.18,PRIOR_YEAR_SEASONAL_RECEIPTS_SHIFTED_52W_PLUS_FROZEN_SKU_GROWTH,EXPLICIT_SEASONAL_RECEIPT,DERIVED_IBP_DECISION_LAYER,NET_REVENUE_INVENTORY_EXPOSURE_PROXY_NOT_ACCOUNTING_PROFIT,FROZEN_STEP4D,BASE_SERVICE_THEN_PERSISTENT_WEEKLY_SERVICE_THEN_BASE_COVERAGE_THEN_SEVERE_SCENARIO_THEN_EXCESS,IMMEDIATE_RELEASE_ONLY_FOR_AGGREGATE_BASE_SERVICE_RISK_WEEKLY_SERVICE_RISK_REQUIRES_SOE_REVIEW,LOW_COVERAGE_PROTECTS_INVENTORY_WITHOUT_AUTOMATIC_CHASE_RELEASE,SYNTHETIC_PLANNING_GOVERNANCE_2PLUS_FORECAST_WEEKS_BELOW_92PCT_ESCALATES_TO_P1_NO_AUTOMATIC_CHASE,P2_CHASE_AND_REALLOCATION_OPTIONS_ARE_NOT_RELEASED
2026-06-22,2026-08-03,6,CTS-001,WHOLESALE,Seasonal_MA_2Y,BASELINE,260,21.73,2.41,240.5,32,SCENARIO_ANALOG,FORWARD_SCENARIO_BAND,0,0,2,20,8,9,ADEQUATE,0.324,0.114,0.75,-3.0,4.0,-0.971,0.0,0.454,0.0,1.425,0.0,-1.702,0.729,CONDITIONAL_P75_SCENARIO_EXPOSURE_X_FROZEN_SKU_POLICY_CAP,HISTORICAL_PUBLIC_WEATHER_DERIVED_OVERLAY,PROJECT_ASSUMPTION,NO_REALIZED_FUTURE_WEATHER_USED,238.165,240.5,241.592,240.5,3.427,1.425,BASE_WITH_MILD_NORMAL_SEVERE_SCENARIOS,RECONSTRUCTED_DEMAND_UNITS,FROZEN_STEP4B_CHAMPION,FROZEN_STEP4C,DERIVED_FROM_SYNTHETIC_CASE_STUDY_DEMAND,833.966,205.518,0.0,4254.815,340.385,337.376,281880.52,0.02,0.5,234.255,585.638,1522.966,3.31,1526.276,238.165,0.0,1288.111,1.0,5.499,1510.783,3.345,1514.128,240.5,0.0,1273.628,1.0,5.437,1504.657,3.36,1508.017,241.592,0.0,1266.425,1.0,5.406,0.0,434577.534,1504.307,0.0,429691.222,1487.393,0.0,427261.347,1478.982,1.0,2026-06-29,0.0,0,0,0,P2,LOW_COVERAGE_RISK,PROTECT,"Base-case fill rate meets the governed service target, but ending inventory is below the 2.5-week safety-stock policy. Protect inventory and retain contingency chase capacity; do not release it yet.",1,1,1.0,1.0,0.0,0.0,0.0,0.0,0,0,310.656,342.966,291.085,0.911,1.006,0.853,0.0,0.0,0.0,542.043,561.614,0.0,542.043,561.614,0.0,0.0,0.0,0.0,0,0.0,0.0,340.385,1,221.229,0.0,0.0,17897.756,18149.013,0.0,0.0,0.92,2.5,0.08,0.18,PRIOR_YEAR_SEASONAL_RECEIPTS_SHIFTED_52W_PLUS_FROZEN_SKU_GROWTH,EXPLICIT_SEASONAL_RECEIPT,DERIVED_IBP_DECISION_LAYER,NET_REVENUE_INVENTORY_EXPOSURE_PROXY_NOT_ACCOUNTING_PROFIT,FROZEN_STEP4D,BASE_SERVICE_THEN_PERSISTENT_WEEKLY_SERVICE_THEN_BASE_COVERAGE_THEN_SEVERE_SCENARIO_THEN_EXCESS,IMMEDIATE_RELEASE_ONLY_FOR_AGGREGATE_BASE_SERVICE_RISK_WEEKLY_SERVICE_RISK_REQUIRES_SOE_REVIEW,LOW_COVERAGE_PROTECTS_INVENTORY_WITHOUT_AUTOMATIC_CHASE_RELEASE,SYNTHETIC_PLANNING_GOVERNANCE_2PLUS_FORECAST_WEEKS_BELOW_92PCT_ESCALATES_TO_P1_NO_AUTOMATIC_CHASE,P2_CHASE_AND_REALLOCATION_OPTIONS_ARE_NOT_RELEASED
2026-06-22,2026-08-03,6,IMH-001,ECOM,HW_Damped_Mul,ETS,260,8.68,-1.32,537.796,32,SCENARIO_ANALOG,FORWARD_SCENARIO_BAND,0,0,2,20,8,9,ADEQUATE,0.31,0.125,0.75,-4.0,5.0,-1.241,0.0,0.623,0.0,1.864,0.0,-2.348,0.97,CONDITIONAL_P75_SCENARIO_EXPOSURE_X_FROZEN_SKU_POLICY_CAP,HISTORICAL_PUBLIC_WEATHER_DERIVED_OVERLAY,PROJECT_ASSUMPTION,NO_REALIZED_FUTURE_WEATHER_USED,531.121,537.796,541.146,537.796,10.025,1.864,BASE_WITH_MILD_NORMAL_SEVERE_SCENARIOS,RECONSTRUCTED_DEMAND_UNITS,FROZEN_STEP4B_CHAMPION,FROZEN_STEP4C,DERIVED_FROM_SYNTHETIC_CASE_STUDY_DEMAND,1960.271,440.0,0.0,11432.845,914.628,381.156,756664.65,0.07,0.85,522.285,1305.714,2510.474,27.925,2538.399,531.121,0.0,2007.278,1.0,3.843,2481.302,28.36,2509.661,537.796,0.0,1971.865,1.0,3.775,2468.141,28.536,2496.678,541.146,0.0,1955.532,1.0,3.744,0.0,765085.218,2648.372,0.0,751587.388,2601.649,0.0,745361.745,2580.098,1.0,2026-06-29,0.0,0,0,0,P2,LOW_COVERAGE_RISK,PROTECT,"Base-case fill rate meets the governed service target, but ending inventory is below the 2.5-week safety-stock policy. Protect inventory and retain contingency chase capacity; do not release it yet.",1,1,1.0,1.0,0.0,0.0,0.0,0.0,0,0,393.86,478.784,344.992,0.54,0.657,0.473,0.0,0.0,0.0,1428.223,1477.09,0.0,1428.223,1477.09,0.0,0.0,0.0,0.0,0,0.0,0.0,914.628,1,562.462,0.0,0.0,28691.117,29399.633,0.0,0.0,0.92,2.5,0.08,0.18,PRIOR_YEAR_SEASONAL_RECEIPTS_SHIFTED_52W_PLUS_FROZEN_SKU_GROWTH,EXPLICIT_SEASONAL_RECEIPT,DERIVED_IBP_DECISION_LAYER,NET_REVENUE_INVENTORY_EXPOSURE_PROXY_NOT_ACCOUNTING_PROFIT,FROZEN_STEP4D,BASE_SERVICE_THEN_PERSISTENT_WEEKLY_SERVICE_THEN_BASE_COVERAGE_THEN_SEVERE_SCENARIO_THEN_EXCESS,IMMEDIATE_RELEASE_ONLY_FOR_AGGREGATE_BASE_SERVICE_RISK_WEEKLY_SERVICE_RISK_REQUIRES_SOE_REVIEW,LOW_COVERAGE_PROTECTS_INVENTORY_WITHOUT_AUTOMATIC_CHASE_RELEASE,SYNTHETIC_PLANNING_GOVERNANCE_2PLUS_FORECAST_WEEKS_BELOW_92PCT_ESCALATES_TO_P1_NO_AUTOMATIC_CHASE,P2_CHASE_AND_REALLOCATION_OPTIONS_ARE_NOT_RELEASED
2026-06-22,2026-08-03,6,IMH-001,RETAIL,HW_Damped_Mul,ETS,260,8.48,-1.21,365.526,32,SCENARIO_ANALOG,FORWARD_SCENARIO_BAND,0,0,2,20,8,9,ADEQUATE,0.31,0.118,0.75,-4.0,5.0,-1.241,0.0,0.588,0.0,1.829,0.0,-2.388,0.991,CONDITIONAL_P75_SCENARIO_EXPOSURE_X_FROZEN_SKU_POLICY_CAP,HISTORICAL_PUBLIC_WEATHER_DERIVED_OVERLAY,PROJECT_ASSUMPTION,NO_REALIZED_FUTURE_WEATHER_USED,360.989,365.526,367.675,365.526,6.686,1.829,BASE_WITH_MILD_NORMAL_SEVERE_SCENARIOS,RECONSTRUCTED_DEMAND_UNITS,FROZEN_STEP4B_CHAMPION,FROZEN_STEP4C,DERIVED_FROM_SYNTHETIC_CASE_STUDY_DEMAND,1782.926,343.0,0.0,8900.319,712.025,376.051,681077.82,0.055,0.9,360.889,902.223,1741.245,16.522,1757.766,360.989,0.0,1396.777,1.0,3.87,1720.569,16.788,1737.357,365.526,0.0,1371.831,1.0,3.801,1711.743,16.887,1728.63,367.675,0.0,1360.955,1.0,3.771,0.0,525259.43,1818.206,0.0,515878.411,1785.733,0.0,511788.296,1771.575,1.0,2026-06-29,0.0,0,0,0,P2,LOW_COVERAGE_RISK,PROTECT,"Base-case fill rate meets the governed service target, but ending inventory is below the 2.5-week safety-stock policy. Protect inventory and retain contingency chase capacity; do not release it yet.",1,1,1.0,1.0,0.0,0.0,0.0,0.0,0,0,297.254,355.298,262.508,0.598,0.715,0.528,0.0,0.0,0.0,944.908,979.654,0.0,944.908,979.654,0.0,0.0,0.0,0.0,0,0.0,0.0,712.025,1,267.629,0.0,0.0,20380.389,20863.828,0.0,0.0,0.92,2.5,0.08,0.18,PRIOR_YEAR_SEASONAL_RECEIPTS_SHIFTED_52W_PLUS_FROZEN_SKU_GROWTH,EXPLICIT_SEASONAL_RECEIPT,DERIVED_IBP_DECISION_LAYER,NET_REVENUE_INVENTORY_EXPOSURE_PROXY_NOT_ACCOUNTING_PROFIT,FROZEN_STEP4D,BASE_SERVICE_THEN_PERSISTENT_WEEKLY_SERVICE_THEN_BASE_COVERAGE_THEN_SEVERE_SCENARIO_THEN_EXCESS,IMMEDIATE_RELEASE_ONLY_FOR_AGGREGATE_BASE_SERVICE_RISK_WEEKLY_SERVICE_RISK_REQUIRES_SOE_REVIEW,LOW_COVERAGE_PROTECTS_INVENTORY_WITHOUT_AUTOMATIC_CHASE_RELEASE,SYNTHETIC_PLANNING_GOVERNANCE_2PLUS_FORECAST_WEEKS_BELOW_92PCT_ESCALATES_TO_P1_NO_AUTOMATIC_CHASE,P2_CHASE_AND_REALLOCATION_OPTIONS_ARE_NOT_RELEASED
2026-06-22,2026-08-03,6,IMH-001,WHOLESALE,HW_Add_Add,ETS,260,18.55,1.41,296.961,32,SCENARIO_ANALOG,FORWARD_SCENARIO_BAND,0,0,2,20,8,9,ADEQUATE,0.326,0.102,0.75,-4.0,5.0,-1.304,0.0,0.512,0.0,1.817,0.0,-2.316,0.877,CONDITIONAL_P75_SCENARIO_EXPOSURE_X_FROZEN_SKU_POLICY_CAP,HISTORICAL_PUBLIC_WEATHER_DERIVED_OVERLAY,PROJECT_ASSUMPTION,NO_REALIZED_FUTURE_WEATHER_USED,293.088,296.961,298.482,296.961,5.394,1.817,BASE_WITH_MILD_NORMAL_SEVERE_SCENARIOS,RECONSTRUCTED_DEMAND_UNITS,FROZEN_STEP4B_CHAMPION,FROZEN_STEP4C,DERIVED_FROM_SYNTHETIC_CASE_STUDY_DEMAND,930.627,282.0,0.0,6251.029,500.082,207.635,193570.36,0.02,0.5,296.758,741.894,1115.402,2.67,1118.072,293.088,0.0,824.984,1.0,2.78,1097.079,2.713,1099.793,296.961,0.0,802.832,1.0,2.705,1090.165,2.727,1092.893,298.482,0.0,794.411,1.0,2.677,0.0,171295.781,592.947,0.0,166696.171,577.025,0.0,164947.613,570.973,0.741,2026-08-24,78.388,2,1,1,P1,WEEKLY_SERVICE_RISK,ESCALATE,"Base 13-week service meets target, but the series misses the 92% service target in 2 forecast weeks. Worst week 2026-08-24 falls to 74.1% fill with a 78.4-unit gap. Escalate for S&OE review and validate receipt timing, reallocation and chase feasibility before any release.",1,1,0.961,0.955,161.037,186.474,0.039,0.045,1,1,0.0,0.0,0.0,0.0,0.0,0.0,0.0,0.0,0.0,964.185,964.185,0.0,964.185,1150.659,0.0,0.0,0.0,0.0,0,0.0,0.0,0.0,0,0.0,33436.964,38718.609,6327.247,6438.521,0.0,0.0,0.92,2.5,0.08,0.18,PRIOR_YEAR_SEASONAL_RECEIPTS_SHIFTED_52W_PLUS_FROZEN_SKU_GROWTH,EXPLICIT_SEASONAL_RECEIPT,DERIVED_IBP_DECISION_LAYER,NET_REVENUE_INVENTORY_EXPOSURE_PROXY_NOT_ACCOUNTING_PROFIT,FROZEN_STEP4D,BASE_SERVICE_THEN_PERSISTENT_WEEKLY_SERVICE_THEN_BASE_COVERAGE_THEN_SEVERE_SCENARIO_THEN_EXCESS,IMMEDIATE_RELEASE_ONLY_FOR_AGGREGATE_BASE_SERVICE_RISK_WEEKLY_SERVICE_RISK_REQUIRES_SOE_REVIEW,LOW_COVERAGE_PROTECTS_INVENTORY_WITHOUT_AUTOMATIC_CHASE_RELEASE,SYNTHETIC_PLANNING_GOVERNANCE_2PLUS_FORECAST_WEEKS_BELOW_92PCT_ESCALATES_TO_P1_NO_AUTOMATIC_CHASE,P2_CHASE_AND_REALLOCATION_OPTIONS_ARE_NOT_RELEASED
2026-06-22,2026-08-10,7,APS-001,ECOM,HW_Damped_Mul,ETS,260,10.55,-3.09,165.212,33,SCENARIO_ANALOG,FORWARD_SCENARIO_BAND,0,0,2,20,10,8,ADEQUATE,0.265,0.159,0.75,-4.0,6.0,-1.061,0.0,0.951,0.0,2.012,-0.075,-2.33,1.315,CONDITIONAL_P75_SCENARIO_EXPOSURE_X_FROZEN_SKU_POLICY_CAP,HISTORICAL_PUBLIC_WEATHER_DERIVED_OVERLAY,PROJECT_ASSUMPTION,NO_REALIZED_FUTURE_WEATHER_USED,163.459,165.212,166.783,165.212,3.324,2.012,BASE_WITH_MILD_NORMAL_SEVERE_SCENARIOS,RECONSTRUCTED_DEMAND_UNITS,FROZEN_STEP4B_CHAMPION,FROZEN_STEP4C,DERIVED_FROM_SYNTHETIC_CASE_STUDY_DEMAND,758.867,133.0,0.0,4770.755,381.66,764.109,585845.65,0.07,0.85,183.913,459.783,762.496,9.408,771.904,163.459,0.0,608.445,1.0,3.308,752.165,9.527,761.691,165.212,0.0,596.479,1.0,3.243,745.212,9.613,754.826,166.783,0.0,588.043,1.0,3.197,0.0,464918.252,1609.332,0.0,455775.012,1577.683,0.0,449328.495,1555.368,1.0,2026-06-29,0.0,0,0,0,P2,LOW_COVERAGE_RISK,PROTECT,"Base-case fill rate meets the governed service target, but ending inventory is below the 2.5-week safety-stock policy. Protect inventory and retain contingency chase capacity; do not release it yet.",1,1,1.0,1.0,0.0,0.0,0.0,0.0,0,0,305.373,331.86,284.537,1.25,1.358,1.165,0.0,0.0,0.0,305.341,326.177,0.0,305.341,326.177,0.0,0.0,0.0,0.0,0,0.0,0.0,326.177,1,0.0,0.0,0.0,21642.102,22071.712,0.0,0.0,0.92,2.5,0.08,0.18,PRIOR_YEAR_SEASONAL_RECEIPTS_SHIFTED_52W_PLUS_FROZEN_SKU_GROWTH,EXPLICIT_SEASONAL_RECEIPT,DERIVED_IBP_DECISION_LAYER,NET_REVENUE_INVENTORY_EXPOSURE_PROXY_NOT_ACCOUNTING_PROFIT,FROZEN_STEP4D,BASE_SERVICE_THEN_PERSISTENT_WEEKLY_SERVICE_THEN_BASE_COVERAGE_THEN_SEVERE_SCENARIO_THEN_EXCESS,IMMEDIATE_RELEASE_ONLY_FOR_AGGREGATE_BASE_SERVICE_RISK_WEEKLY_SERVICE_RISK_REQUIRES_SOE_REVIEW,LOW_COVERAGE_PROTECTS_INVENTORY_WITHOUT_AUTOMATIC_CHASE_RELEASE,SYNTHETIC_PLANNING_GOVERNANCE_2PLUS_FORECAST_WEEKS_BELOW_92PCT_ESCALATES_TO_P1_NO_AUTOMATIC_CHASE,P2_CHASE_AND_REALLOCATION_OPTIONS_ARE_NOT_RELEASED
2026-06-22,2026-08-10,7,APS-001,RETAIL,HW_Damped_Mul,ETS,260,8.83,-0.97,114.229,33,SCENARIO_ANALOG,FORWARD_SCENARIO_BAND,0,0,2,20,10,8,ADEQUATE,0.266,0.155,0.75,-4.0,6.0,-1.064,0.0,0.93,0.0,1.994,-0.086,-2.314,1.303,CONDITIONAL_P75_SCENARIO_EXPOSURE_X_FROZEN_SKU_POLICY_CAP,HISTORICAL_PUBLIC_WEATHER_DERIVED_OVERLAY,PROJECT_ASSUMPTION,NO_REALIZED_FUTURE_WEATHER_USED,113.014,114.229,115.291,114.229,2.277,1.994,BASE_WITH_MILD_NORMAL_SEVERE_SCENARIOS,RECONSTRUCTED_DEMAND_UNITS,FROZEN_STEP4B_CHAMPION,FROZEN_STEP4C,DERIVED_FROM_SYNTHETIC_CASE_STUDY_DEMAND,502.461,96.0,0.0,3114.813,249.185,758.962,383880.5,0.055,0.9,123.116,307.789,380.091,5.638,385.729,113.014,0.0,272.715,1.0,2.215,372.999,5.71,378.709,114.229,0.0,264.48,1.0,2.148,368.306,5.761,374.066,115.291,0.0,258.775,1.0,2.102,0.0,206980.215,716.47,0.0,200729.868,694.834,0.0,196400.567,679.848,1.0,2026-06-29,0.0,0,0,0,P2,LOW_COVERAGE_RISK,PROTECT,"Base-case fill rate meets the governed service target, but ending inventory is below the 2.5-week safety-stock policy. Protect inventory and retain contingency chase capacity; do not release it yet.",1,1,1.0,1.0,0.0,0.0,0.0,0.0,0,0,46.707,64.946,32.687,0.281,0.391,0.197,0.0,0.0,0.0,368.516,382.537,0.0,368.516,382.537,0.0,0.0,0.0,0.0,0,0.0,0.0,249.185,1,133.352,0.0,0.0,10340.301,10633.988,0.0,0.0,0.92,2.5,0.08,0.18,PRIOR_YEAR_SEASONAL_RECEIPTS_SHIFTED_52W_PLUS_FROZEN_SKU_GROWTH,EXPLICIT_SEASONAL_RECEIPT,DERIVED_IBP_DECISION_LAYER,NET_REVENUE_INVENTORY_EXPOSURE_PROXY_NOT_ACCOUNTING_PROFIT,FROZEN_STEP4D,BASE_SERVICE_THEN_PERSISTENT_WEEKLY_SERVICE_THEN_BASE_COVERAGE_THEN_SEVERE_SCENARIO_THEN_EXCESS,IMMEDIATE_RELEASE_ONLY_FOR_AGGREGATE_BASE_SERVICE_RISK_WEEKLY_SERVICE_RISK_REQUIRES_SOE_REVIEW,LOW_COVERAGE_PROTECTS_INVENTORY_WITHOUT_AUTOMATIC_CHASE_RELEASE,SYNTHETIC_PLANNING_GOVERNANCE_2PLUS_FORECAST_WEEKS_BELOW_92PCT_ESCALATES_TO_P1_NO_AUTOMATIC_CHASE,P2_CHASE_AND_REALLOCATION_OPTIONS_ARE_NOT_RELEASED
2026-06-22,2026-08-10,7,APS-001,WHOLESALE,HW_Damped_Add,ETS,260,18.26,-0.35,93.324,33,SCENARIO_ANALOG,FORWARD_SCENARIO_BAND,0,0,2,20,10,8,ADEQUATE,0.289,0.157,0.75,-4.0,6.0,-1.155,0.0,0.943,0.0,2.098,-0.118,-2.26,1.27,CONDITIONAL_P75_SCENARIO_EXPOSURE_X_FROZEN_SKU_POLICY_CAP,HISTORICAL_PUBLIC_WEATHER_DERIVED_OVERLAY,PROJECT_ASSUMPTION,NO_REALIZED_FUTURE_WEATHER_USED,92.246,93.324,94.204,93.324,1.958,2.098,BASE_WITH_MILD_NORMAL_SEVERE_SCENARIOS,RECONSTRUCTED_DEMAND_UNITS,FROZEN_STEP4B_CHAMPION,FROZEN_STEP4C,DERIVED_FROM_SYNTHETIC_CASE_STUDY_DEMAND,419.581,82.0,0.0,2718.984,217.519,415.548,174545.81,0.02,0.5,100.127,250.317,212.908,0.861,213.768,92.246,0.0,121.522,1.0,1.214,206.571,0.872,207.443,93.324,0.0,114.119,1.0,1.14,202.323,0.88,203.203,94.204,0.0,108.999,1.0,1.089,0.0,50498.303,174.802,0.0,47421.958,164.153,0.0,45294.284,156.788,0.332,2026-08-24,62.506,2,1,1,P1,WEEKLY_SERVICE_RISK,ESCALATE,"Base 13-week service meets target, but the series misses the 92% service target in 2 forecast weeks. Worst week 2026-08-24 falls to 33.2% fill with a 62.5-unit gap. Escalate for S&OE review and validate receipt timing, reallocation and chase feasibility before any release.",1,1,0.935,0.927,84.648,96.864,0.065,0.073,1,1,0.0,0.0,0.0,0.0,0.0,0.0,0.0,0.0,0.0,335.369,335.369,0.0,335.369,432.233,0.0,0.0,0.0,0.0,0,0.0,0.0,0.0,0,0.0,35175.203,40251.626,3706.361,3772.726,0.0,0.0,0.92,2.5,0.08,0.18,PRIOR_YEAR_SEASONAL_RECEIPTS_SHIFTED_52W_PLUS_FROZEN_SKU_GROWTH,EXPLICIT_SEASONAL_RECEIPT,DERIVED_IBP_DECISION_LAYER,NET_REVENUE_INVENTORY_EXPOSURE_PROXY_NOT_ACCOUNTING_PROFIT,FROZEN_STEP4D,BASE_SERVICE_THEN_PERSISTENT_WEEKLY_SERVICE_THEN_BASE_COVERAGE_THEN_SEVERE_SCENARIO_THEN_EXCESS,IMMEDIATE_RELEASE_ONLY_FOR_AGGREGATE_BASE_SERVICE_RISK_WEEKLY_SERVICE_RISK_REQUIRES_SOE_REVIEW,LOW_COVERAGE_PROTECTS_INVENTORY_WITHOUT_AUTOMATIC_CHASE_RELEASE,SYNTHETIC_PLANNING_GOVERNANCE_2PLUS_FORECAST_WEEKS_BELOW_92PCT_ESCALATES_TO_P1_NO_AUTOMATIC_CHASE,P2_CHASE_AND_REALLOCATION_OPTIONS_ARE_NOT_RELEASED
2026-06-22,2026-08-10,7,CTS-001,ECOM,HW_Damped_Mul,ETS,260,8.37,-1.12,501.885,33,SCENARIO_ANALOG,FORWARD_SCENARIO_BAND,0,0,2,20,10,8,ADEQUATE,0.277,0.128,0.75,-3.0,4.0,-0.83,0.0,0.51,0.0,1.341,-0.116,-1.722,0.734,CONDITIONAL_P75_SCENARIO_EXPOSURE_X_FROZEN_SKU_POLICY_CAP,HISTORICAL_PUBLIC_WEATHER_DERIVED_OVERLAY,PROJECT_ASSUMPTION,NO_REALIZED_FUTURE_WEATHER_USED,497.717,501.885,504.446,501.885,6.729,1.341,BASE_WITH_MILD_NORMAL_SEVERE_SCENARIOS,RECONSTRUCTED_DEMAND_UNITS,FROZEN_STEP4B_CHAMPION,FROZEN_STEP4C,DERIVED_FROM_SYNTHETIC_CASE_STUDY_DEMAND,1667.095,409.342,0.0,8586.813,686.945,615.768,1045685.26,0.07,0.85,498.614,1246.536,1807.023,28.013,1835.037,497.717,0.0,1337.32,1.0,2.682,1781.728,28.29,1810.019,501.885,0.0,1308.134,1.0,2.624,1769.249,28.419,1797.667,504.446,0.0,1293.221,1.0,2.594,0.0,823478.473,2850.502,0.0,805506.527,2788.292,0.0,796323.837,2756.506,1.0,2026-06-29,0.0,0,0,0,P2,LOW_COVERAGE_RISK,PROTECT,"Base-case fill rate meets the governed service target, but ending inventory is below the 2.5-week safety-stock policy. Protect inventory and retain contingency chase capacity; do not release it yet.",1,1,1.0,1.0,0.0,0.0,0.0,0.0,0,0,368.542,425.112,334.792,0.635,0.732,0.576,0.0,0.0,0.0,1083.468,1117.218,0.0,1083.468,1117.218,0.0,0.0,0.0,0.0,0,0.0,0.0,686.945,1,430.273,0.0,0.0,43747.478,44551.408,0.0,0.0,0.92,2.5,0.08,0.18,PRIOR_YEAR_SEASONAL_RECEIPTS_SHIFTED_52W_PLUS_FROZEN_SKU_GROWTH,EXPLICIT_SEASONAL_RECEIPT,DERIVED_IBP_DECISION_LAYER,NET_REVENUE_INVENTORY_EXPOSURE_PROXY_NOT_ACCOUNTING_PROFIT,FROZEN_STEP4D,BASE_SERVICE_THEN_PERSISTENT_WEEKLY_SERVICE_THEN_BASE_COVERAGE_THEN_SEVERE_SCENARIO_THEN_EXCESS,IMMEDIATE_RELEASE_ONLY_FOR_AGGREGATE_BASE_SERVICE_RISK_WEEKLY_SERVICE_RISK_REQUIRES_SOE_REVIEW,LOW_COVERAGE_PROTECTS_INVENTORY_WITHOUT_AUTOMATIC_CHASE_RELEASE,SYNTHETIC_PLANNING_GOVERNANCE_2PLUS_FORECAST_WEEKS_BELOW_92PCT_ESCALATES_TO_P1_NO_AUTOMATIC_CHASE,P2_CHASE_AND_REALLOCATION_OPTIONS_ARE_NOT_RELEASED
2026-06-22,2026-08-10,7,CTS-001,RETAIL,HW_Damped_Mul,ETS,260,9.18,0.8,336.526,33,SCENARIO_ANALOG,FORWARD_SCENARIO_BAND,0,0,2,20,10,8,ADEQUATE,0.283,0.128,0.75,-3.0,4.0,-0.849,0.0,0.512,0.0,1.362,-0.113,-1.699,0.732,CONDITIONAL_P75_SCENARIO_EXPOSURE_X_FROZEN_SKU_POLICY_CAP,HISTORICAL_PUBLIC_WEATHER_DERIVED_OVERLAY,PROJECT_ASSUMPTION,NO_REALIZED_FUTURE_WEATHER_USED,333.669,336.526,338.251,336.526,4.582,1.362,BASE_WITH_MILD_NORMAL_SEVERE_SCENARIOS,RECONSTRUCTED_DEMAND_UNITS,FROZEN_STEP4B_CHAMPION,FROZEN_STEP4C,DERIVED_FROM_SYNTHETIC_CASE_STUDY_DEMAND,707.045,286.503,0.0,5742.657,459.413,614.034,438898.37,0.055,0.9,352.41,881.026,866.661,16.008,882.669,333.669,0.0,549.0,1.0,1.558,849.189,16.169,865.359,336.526,0.0,528.833,1.0,1.501,840.676,16.242,856.918,338.251,0.0,518.667,1.0,1.472,0.0,337104.779,1166.901,0.0,324721.241,1124.035,0.0,318479.314,1102.428,0.654,2026-08-24,122.844,2,1,1,P1,WEEKLY_SERVICE_RISK,ESCALATE,"Base 13-week service meets target, but the series misses the 92% service target in 2 forecast weeks. Worst week 2026-08-24 falls to 65.4% fill with a 122.8-unit gap. Escalate for S&OE review and validate receipt timing, reallocation and chase feasibility before any release.",1,1,0.956,0.951,201.709,226.204,0.044,0.049,1,1,0.0,0.0,0.0,0.0,0.0,0.0,0.0,0.0,0.0,1028.153,1028.153,0.0,1028.153,1254.357,0.0,0.0,0.0,0.0,0,0.0,0.0,0.0,0,0.0,123855.957,138896.7,19143.477,19410.014,0.0,0.0,0.92,2.5,0.08,0.18,PRIOR_YEAR_SEASONAL_RECEIPTS_SHIFTED_52W_PLUS_FROZEN_SKU_GROWTH,EXPLICIT_SEASONAL_RECEIPT,DERIVED_IBP_DECISION_LAYER,NET_REVENUE_INVENTORY_EXPOSURE_PROXY_NOT_ACCOUNTING_PROFIT,FROZEN_STEP4D,BASE_SERVICE_THEN_PERSISTENT_WEEKLY_SERVICE_THEN_BASE_COVERAGE_THEN_SEVERE_SCENARIO_THEN_EXCESS,IMMEDIATE_RELEASE_ONLY_FOR_AGGREGATE_BASE_SERVICE_RISK_WEEKLY_SERVICE_RISK_REQUIRES_SOE_REVIEW,LOW_COVERAGE_PROTECTS_INVENTORY_WITHOUT_AUTOMATIC_CHASE_RELEASE,SYNTHETIC_PLANNING_GOVERNANCE_2PLUS_FORECAST_WEEKS_BELOW_92PCT_ESCALATES_TO_P1_NO_AUTOMATIC_CHASE,P2_CHASE_AND_REALLOCATION_OPTIONS_ARE_NOT_RELEASED
2026-06-22,2026-08-10,7,CTS-001,WHOLESALE,Seasonal_MA_2Y,BASELINE,260,21.73,2.41,252.5,33,SCENARIO_ANALOG,FORWARD_SCENARIO_BAND,0,0,2,20,10,8,ADEQUATE,0.275,0.128,0.75,-3.0,4.0,-0.826,0.0,0.513,0.0,1.339,-0.116,-1.702,0.729,CONDITIONAL_P75_SCENARIO_EXPOSURE_X_FROZEN_SKU_POLICY_CAP,HISTORICAL_PUBLIC_WEATHER_DERIVED_OVERLAY,PROJECT_ASSUMPTION,NO_REALIZED_FUTURE_WEATHER_USED,250.414,252.5,253.795,252.5,3.381,1.339,BASE_WITH_MILD_NORMAL_SEVERE_SCENARIOS,RECONSTRUCTED_DEMAND_UNITS,FROZEN_STEP4B_CHAMPION,FROZEN_STEP4C,DERIVED_FROM_SYNTHETIC_CASE_STUDY_DEMAND,833.966,205.518,0.0,4254.815,340.385,337.376,281880.52,0.02,0.5,267.505,668.762,1288.111,2.382,1290.493,250.414,0.0,1040.079,1.0,3.888,1273.628,2.405,1276.033,252.5,0.0,1023.533,1.0,3.826,1266.425,2.416,1268.841,253.795,0.0,1015.046,1.0,3.794,0.0,350897.407,1214.645,0.0,345315.206,1195.322,0.0,342452.113,1185.411,1.0,2026-06-29,0.0,0,0,0,P2,LOW_COVERAGE_RISK,PROTECT,"Base-case fill rate meets the governed service target, but ending inventory is below the 2.5-week safety-stock policy. Protect inventory and retain contingency chase capacity; do not release it yet.",1,1,1.0,1.0,0.0,0.0,0.0,0.0,0,0,310.656,342.966,291.085,0.911,1.006,0.853,0.0,0.0,0.0,542.043,561.614,0.0,542.043,561.614,0.0,0.0,0.0,0.0,0,0.0,0.0,340.385,1,221.229,0.0,0.0,17897.756,18149.013,0.0,0.0,0.92,2.5,0.08,0.18,PRIOR_YEAR_SEASONAL_RECEIPTS_SHIFTED_52W_PLUS_FROZEN_SKU_GROWTH,EXPLICIT_SEASONAL_RECEIPT,DERIVED_IBP_DECISION_LAYER,NET_REVENUE_INVENTORY_EXPOSURE_PROXY_NOT_ACCOUNTING_PROFIT,FROZEN_STEP4D,BASE_SERVICE_THEN_PERSISTENT_WEEKLY_SERVICE_THEN_BASE_COVERAGE_THEN_SEVERE_SCENARIO_THEN_EXCESS,IMMEDIATE_RELEASE_ONLY_FOR_AGGREGATE_BASE_SERVICE_RISK_WEEKLY_SERVICE_RISK_REQUIRES_SOE_REVIEW,LOW_COVERAGE_PROTECTS_INVENTORY_WITHOUT_AUTOMATIC_CHASE_RELEASE,SYNTHETIC_PLANNING_GOVERNANCE_2PLUS_FORECAST_WEEKS_BELOW_92PCT_ESCALATES_TO_P1_NO_AUTOMATIC_CHASE,P2_CHASE_AND_REALLOCATION_OPTIONS_ARE_NOT_RELEASED
2026-06-22,2026-08-10,7,IMH-001,ECOM,HW_Damped_Mul,ETS,260,8.68,-1.32,539.722,33,SCENARIO_ANALOG,FORWARD_SCENARIO_BAND,0,0,2,20,10,8,ADEQUATE,0.264,0.138,0.75,-4.0,5.0,-1.057,0.0,0.689,0.0,1.746,-0.184,-2.348,0.97,CONDITIONAL_P75_SCENARIO_EXPOSURE_X_FROZEN_SKU_POLICY_CAP,HISTORICAL_PUBLIC_WEATHER_DERIVED_OVERLAY,PROJECT_ASSUMPTION,NO_REALIZED_FUTURE_WEATHER_USED,534.018,539.722,543.439,539.722,9.421,1.746,BASE_WITH_MILD_NORMAL_SEVERE_SCENARIOS,RECONSTRUCTED_DEMAND_UNITS,FROZEN_STEP4B_CHAMPION,FROZEN_STEP4C,DERIVED_FROM_SYNTHETIC_CASE_STUDY_DEMAND,1960.271,440.0,0.0,11432.845,914.628,381.156,756664.65,0.07,0.85,571.798,1429.494,2007.278,31.602,2038.88,534.018,0.0,1504.862,1.0,2.632,1971.865,31.999,2003.864,539.722,0.0,1464.142,1.0,2.561,1955.532,32.198,1987.73,543.439,0.0,1444.291,1.0,2.526,0.0,573586.467,1985.492,0.0,558065.907,1931.767,0.0,550499.482,1905.575,1.0,2026-06-29,0.0,0,0,0,P2,LOW_COVERAGE_RISK,PROTECT,"Base-case fill rate meets the governed service target, but ending inventory is below the 2.5-week safety-stock policy. Protect inventory and retain contingency chase capacity; do not release it yet.",1,1,1.0,1.0,0.0,0.0,0.0,0.0,0,0,393.86,478.784,344.992,0.54,0.657,0.473,0.0,0.0,0.0,1428.223,1477.09,0.0,1428.223,1477.09,0.0,0.0,0.0,0.0,0,0.0,0.0,914.628,1,562.462,0.0,0.0,28691.117,29399.633,0.0,0.0,0.92,2.5,0.08,0.18,PRIOR_YEAR_SEASONAL_RECEIPTS_SHIFTED_52W_PLUS_FROZEN_SKU_GROWTH,EXPLICIT_SEASONAL_RECEIPT,DERIVED_IBP_DECISION_LAYER,NET_REVENUE_INVENTORY_EXPOSURE_PROXY_NOT_ACCOUNTING_PROFIT,FROZEN_STEP4D,BASE_SERVICE_THEN_PERSISTENT_WEEKLY_SERVICE_THEN_BASE_COVERAGE_THEN_SEVERE_SCENARIO_THEN_EXCESS,IMMEDIATE_RELEASE_ONLY_FOR_AGGREGATE_BASE_SERVICE_RISK_WEEKLY_SERVICE_RISK_REQUIRES_SOE_REVIEW,LOW_COVERAGE_PROTECTS_INVENTORY_WITHOUT_AUTOMATIC_CHASE_RELEASE,SYNTHETIC_PLANNING_GOVERNANCE_2PLUS_FORECAST_WEEKS_BELOW_92PCT_ESCALATES_TO_P1_NO_AUTOMATIC_CHASE,P2_CHASE_AND_REALLOCATION_OPTIONS_ARE_NOT_RELEASED
2026-06-22,2026-08-10,7,IMH-001,RETAIL,HW_Damped_Mul,ETS,260,8.48,-1.21,357.02,33,SCENARIO_ANALOG,FORWARD_SCENARIO_BAND,0,0,2,20,10,8,ADEQUATE,0.256,0.136,0.75,-4.0,5.0,-1.024,0.0,0.681,0.0,1.705,-0.174,-2.388,0.991,CONDITIONAL_P75_SCENARIO_EXPOSURE_X_FROZEN_SKU_POLICY_CAP,HISTORICAL_PUBLIC_WEATHER_DERIVED_OVERLAY,PROJECT_ASSUMPTION,NO_REALIZED_FUTURE_WEATHER_USED,353.364,357.02,359.451,357.02,6.088,1.705,BASE_WITH_MILD_NORMAL_SEVERE_SCENARIOS,RECONSTRUCTED_DEMAND_UNITS,FROZEN_STEP4B_CHAMPION,FROZEN_STEP4C,DERIVED_FROM_SYNTHETIC_CASE_STUDY_DEMAND,1782.926,343.0,0.0,8900.319,712.025,376.051,681077.82,0.055,0.9,384.532,961.329,1396.777,17.869,1414.646,353.364,0.0,1061.282,1.0,2.76,1371.831,18.094,1389.925,357.02,0.0,1032.905,1.0,2.686,1360.955,18.2,1379.155,359.451,0.0,1019.704,1.0,2.652,0.0,399096.194,1381.487,0.0,388424.787,1344.547,0.0,383460.494,1327.363,1.0,2026-06-29,0.0,0,0,0,P2,LOW_COVERAGE_RISK,PROTECT,"Base-case fill rate meets the governed service target, but ending inventory is below the 2.5-week safety-stock policy. Protect inventory and retain contingency chase capacity; do not release it yet.",1,1,1.0,1.0,0.0,0.0,0.0,0.0,0,0,297.254,355.298,262.508,0.598,0.715,0.528,0.0,0.0,0.0,944.908,979.654,0.0,944.908,979.654,0.0,0.0,0.0,0.0,0,0.0,0.0,712.025,1,267.629,0.0,0.0,20380.389,20863.828,0.0,0.0,0.92,2.5,0.08,0.18,PRIOR_YEAR_SEASONAL_RECEIPTS_SHIFTED_52W_PLUS_FROZEN_SKU_GROWTH,EXPLICIT_SEASONAL_RECEIPT,DERIVED_IBP_DECISION_LAYER,NET_REVENUE_INVENTORY_EXPOSURE_PROXY_NOT_ACCOUNTING_PROFIT,FROZEN_STEP4D,BASE_SERVICE_THEN_PERSISTENT_WEEKLY_SERVICE_THEN_BASE_COVERAGE_THEN_SEVERE_SCENARIO_THEN_EXCESS,IMMEDIATE_RELEASE_ONLY_FOR_AGGREGATE_BASE_SERVICE_RISK_WEEKLY_SERVICE_RISK_REQUIRES_SOE_REVIEW,LOW_COVERAGE_PROTECTS_INVENTORY_WITHOUT_AUTOMATIC_CHASE_RELEASE,SYNTHETIC_PLANNING_GOVERNANCE_2PLUS_FORECAST_WEEKS_BELOW_92PCT_ESCALATES_TO_P1_NO_AUTOMATIC_CHASE,P2_CHASE_AND_REALLOCATION_OPTIONS_ARE_NOT_RELEASED
2026-06-22,2026-08-10,7,IMH-001,WHOLESALE,HW_Add_Add,ETS,260,18.55,1.41,270.771,33,SCENARIO_ANALOG,FORWARD_SCENARIO_BAND,0,0,2,20,10,8,ADEQUATE,0.279,0.12,0.75,-4.0,5.0,-1.116,0.0,0.599,0.0,1.715,-0.233,-2.316,0.877,CONDITIONAL_P75_SCENARIO_EXPOSURE_X_FROZEN_SKU_POLICY_CAP,HISTORICAL_PUBLIC_WEATHER_DERIVED_OVERLAY,PROJECT_ASSUMPTION,NO_REALIZED_FUTURE_WEATHER_USED,267.748,270.771,272.393,270.771,4.645,1.715,BASE_WITH_MILD_NORMAL_SEVERE_SCENARIOS,RECONSTRUCTED_DEMAND_UNITS,FROZEN_STEP4B_CHAMPION,FROZEN_STEP4C,DERIVED_FROM_SYNTHETIC_CASE_STUDY_DEMAND,930.627,282.0,0.0,6251.029,500.082,207.635,193570.36,0.02,0.5,318.808,797.019,824.984,2.931,827.915,267.748,0.0,560.167,1.0,1.757,802.832,2.97,805.801,270.771,0.0,535.03,1.0,1.678,794.411,2.985,797.395,272.393,0.0,525.002,1.0,1.647,0.0,116310.42,402.613,0.0,111091.171,384.546,0.0,109008.986,377.339,0.741,2026-08-24,78.388,2,1,1,P1,WEEKLY_SERVICE_RISK,ESCALATE,"Base 13-week service meets target, but the series misses the 92% service target in 2 forecast weeks. Worst week 2026-08-24 falls to 74.1% fill with a 78.4-unit gap. Escalate for S&OE review and validate receipt timing, reallocation and chase feasibility before any release.",1,1,0.961,0.955,161.037,186.474,0.039,0.045,1,1,0.0,0.0,0.0,0.0,0.0,0.0,0.0,0.0,0.0,964.185,964.185,0.0,964.185,1150.659,0.0,0.0,0.0,0.0,0,0.0,0.0,0.0,0,0.0,33436.964,38718.609,6327.247,6438.521,0.0,0.0,0.92,2.5,0.08,0.18,PRIOR_YEAR_SEASONAL_RECEIPTS_SHIFTED_52W_PLUS_FROZEN_SKU_GROWTH,EXPLICIT_SEASONAL_RECEIPT,DERIVED_IBP_DECISION_LAYER,NET_REVENUE_INVENTORY_EXPOSURE_PROXY_NOT_ACCOUNTING_PROFIT,FROZEN_STEP4D,BASE_SERVICE_THEN_PERSISTENT_WEEKLY_SERVICE_THEN_BASE_COVERAGE_THEN_SEVERE_SCENARIO_THEN_EXCESS,IMMEDIATE_RELEASE_ONLY_FOR_AGGREGATE_BASE_SERVICE_RISK_WEEKLY_SERVICE_RISK_REQUIRES_SOE_REVIEW,LOW_COVERAGE_PROTECTS_INVENTORY_WITHOUT_AUTOMATIC_CHASE_RELEASE,SYNTHETIC_PLANNING_GOVERNANCE_2PLUS_FORECAST_WEEKS_BELOW_92PCT_ESCALATES_TO_P1_NO_AUTOMATIC_CHASE,P2_CHASE_AND_REALLOCATION_OPTIONS_ARE_NOT_RELEASED
2026-06-22,2026-08-17,8,APS-001,ECOM,HW_Damped_Mul,ETS,260,10.55,-3.09,161.683,34,SCENARIO_ANALOG,FORWARD_SCENARIO_BAND,0,0,2,20,11,7,ADEQUATE,0.265,0.152,0.75,-4.0,6.0,-1.061,0.0,0.911,0.0,1.972,-0.15,-1.324,1.072,CONDITIONAL_P75_SCENARIO_EXPOSURE_X_FROZEN_SKU_POLICY_CAP,HISTORICAL_PUBLIC_WEATHER_DERIVED_OVERLAY,PROJECT_ASSUMPTION,NO_REALIZED_FUTURE_WEATHER_USED,159.968,161.683,163.156,161.683,3.188,1.972,BASE_WITH_MILD_NORMAL_SEVERE_SCENARIOS,RECONSTRUCTED_DEMAND_UNITS,FROZEN_STEP4B_CHAMPION,FROZEN_STEP4C,DERIVED_FROM_SYNTHETIC_CASE_STUDY_DEMAND,758.867,133.0,0.0,4770.755,381.66,764.109,585845.65,0.07,0.85,203.842,509.604,608.445,9.726,618.171,159.968,0.0,458.203,1.0,2.248,596.479,9.83,606.309,161.683,0.0,444.626,1.0,2.181,588.043,9.924,597.966,163.156,0.0,434.81,1.0,2.133,0.0,350116.889,1211.943,0.0,339742.902,1176.033,0.0,332242.277,1150.069,1.0,2026-06-29,0.0,0,0,0,P2,LOW_COVERAGE_RISK,PROTECT,"Base-case fill rate meets the governed service target, but ending inventory is below the 2.5-week safety-stock policy. Protect inventory and retain contingency chase capacity; do not release it yet.",1,1,1.0,1.0,0.0,0.0,0.0,0.0,0,0,305.373,331.86,284.537,1.25,1.358,1.165,0.0,0.0,0.0,305.341,326.177,0.0,305.341,326.177,0.0,0.0,0.0,0.0,0,0.0,0.0,326.177,1,0.0,0.0,0.0,21642.102,22071.712,0.0,0.0,0.92,2.5,0.08,0.18,PRIOR_YEAR_SEASONAL_RECEIPTS_SHIFTED_52W_PLUS_FROZEN_SKU_GROWTH,EXPLICIT_SEASONAL_RECEIPT,DERIVED_IBP_DECISION_LAYER,NET_REVENUE_INVENTORY_EXPOSURE_PROXY_NOT_ACCOUNTING_PROFIT,FROZEN_STEP4D,BASE_SERVICE_THEN_PERSISTENT_WEEKLY_SERVICE_THEN_BASE_COVERAGE_THEN_SEVERE_SCENARIO_THEN_EXCESS,IMMEDIATE_RELEASE_ONLY_FOR_AGGREGATE_BASE_SERVICE_RISK_WEEKLY_SERVICE_RISK_REQUIRES_SOE_REVIEW,LOW_COVERAGE_PROTECTS_INVENTORY_WITHOUT_AUTOMATIC_CHASE_RELEASE,SYNTHETIC_PLANNING_GOVERNANCE_2PLUS_FORECAST_WEEKS_BELOW_92PCT_ESCALATES_TO_P1_NO_AUTOMATIC_CHASE,P2_CHASE_AND_REALLOCATION_OPTIONS_ARE_NOT_RELEASED
2026-06-22,2026-08-17,8,APS-001,RETAIL,HW_Damped_Mul,ETS,260,8.83,-0.97,113.247,34,SCENARIO_ANALOG,FORWARD_SCENARIO_BAND,0,0,2,20,11,7,ADEQUATE,0.266,0.149,0.75,-4.0,6.0,-1.064,0.0,0.891,0.0,1.955,-0.172,-1.319,1.045,CONDITIONAL_P75_SCENARIO_EXPOSURE_X_FROZEN_SKU_POLICY_CAP,HISTORICAL_PUBLIC_WEATHER_DERIVED_OVERLAY,PROJECT_ASSUMPTION,NO_REALIZED_FUTURE_WEATHER_USED,112.042,113.247,114.256,113.247,2.214,1.955,BASE_WITH_MILD_NORMAL_SEVERE_SCENARIOS,RECONSTRUCTED_DEMAND_UNITS,FROZEN_STEP4B_CHAMPION,FROZEN_STEP4C,DERIVED_FROM_SYNTHETIC_CASE_STUDY_DEMAND,502.461,96.0,0.0,3114.813,249.185,758.962,383880.5,0.055,0.9,137.119,342.798,272.715,5.594,278.309,112.042,0.0,166.267,1.0,1.213,264.48,5.654,270.134,113.247,0.0,156.887,1.0,1.144,258.775,5.707,264.482,114.256,0.0,150.226,1.0,1.096,0.0,126190.412,436.813,0.0,119071.162,412.169,0.0,114015.966,394.671,1.0,2026-06-29,0.0,0,0,0,P2,LOW_COVERAGE_RISK,PROTECT,"Base-case fill rate meets the governed service target, but ending inventory is below the 2.5-week safety-stock policy. Protect inventory and retain contingency chase capacity; do not release it yet.",1,1,1.0,1.0,0.0,0.0,0.0,0.0,0,0,46.707,64.946,32.687,0.281,0.391,0.197,0.0,0.0,0.0,368.516,382.537,0.0,368.516,382.537,0.0,0.0,0.0,0.0,0,0.0,0.0,249.185,1,133.352,0.0,0.0,10340.301,10633.988,0.0,0.0,0.92,2.5,0.08,0.18,PRIOR_YEAR_SEASONAL_RECEIPTS_SHIFTED_52W_PLUS_FROZEN_SKU_GROWTH,EXPLICIT_SEASONAL_RECEIPT,DERIVED_IBP_DECISION_LAYER,NET_REVENUE_INVENTORY_EXPOSURE_PROXY_NOT_ACCOUNTING_PROFIT,FROZEN_STEP4D,BASE_SERVICE_THEN_PERSISTENT_WEEKLY_SERVICE_THEN_BASE_COVERAGE_THEN_SEVERE_SCENARIO_THEN_EXCESS,IMMEDIATE_RELEASE_ONLY_FOR_AGGREGATE_BASE_SERVICE_RISK_WEEKLY_SERVICE_RISK_REQUIRES_SOE_REVIEW,LOW_COVERAGE_PROTECTS_INVENTORY_WITHOUT_AUTOMATIC_CHASE_RELEASE,SYNTHETIC_PLANNING_GOVERNANCE_2PLUS_FORECAST_WEEKS_BELOW_92PCT_ESCALATES_TO_P1_NO_AUTOMATIC_CHASE,P2_CHASE_AND_REALLOCATION_OPTIONS_ARE_NOT_RELEASED
2026-06-22,2026-08-17,8,APS-001,WHOLESALE,HW_Damped_Add,ETS,260,18.26,-0.35,84.904,34,SCENARIO_ANALOG,FORWARD_SCENARIO_BAND,0,0,2,20,11,7,ADEQUATE,0.289,0.152,0.75,-4.0,6.0,-1.155,0.0,0.91,0.0,2.065,-0.241,-1.28,1.043,CONDITIONAL_P75_SCENARIO_EXPOSURE_X_FROZEN_SKU_POLICY_CAP,HISTORICAL_PUBLIC_WEATHER_DERIVED_OVERLAY,PROJECT_ASSUMPTION,NO_REALIZED_FUTURE_WEATHER_USED,83.923,84.904,85.677,84.904,1.753,2.065,BASE_WITH_MILD_NORMAL_SEVERE_SCENARIOS,RECONSTRUCTED_DEMAND_UNITS,FROZEN_STEP4B_CHAMPION,FROZEN_STEP4C,DERIVED_FROM_SYNTHETIC_CASE_STUDY_DEMAND,419.581,82.0,0.0,2718.984,217.519,415.548,174545.81,0.02,0.5,108.911,272.277,121.522,0.922,122.445,83.923,0.0,38.522,1.0,0.354,114.119,0.933,115.052,84.904,0.0,30.148,1.0,0.277,108.999,0.942,109.941,85.677,0.0,24.264,1.0,0.223,0.0,16007.627,55.411,0.0,12528.11,43.367,0.0,10082.874,34.902,0.332,2026-08-24,62.506,2,1,1,P1,WEEKLY_SERVICE_RISK,ESCALATE,"Base 13-week service meets target, but the series misses the 92% service target in 2 forecast weeks. Worst week 2026-08-24 falls to 33.2% fill with a 62.5-unit gap. Escalate for S&OE review and validate receipt timing, reallocation and chase feasibility before any release.",1,1,0.935,0.927,84.648,96.864,0.065,0.073,1,1,0.0,0.0,0.0,0.0,0.0,0.0,0.0,0.0,0.0,335.369,335.369,0.0,335.369,432.233,0.0,0.0,0.0,0.0,0,0.0,0.0,0.0,0,0.0,35175.203,40251.626,3706.361,3772.726,0.0,0.0,0.92,2.5,0.08,0.18,PRIOR_YEAR_SEASONAL_RECEIPTS_SHIFTED_52W_PLUS_FROZEN_SKU_GROWTH,EXPLICIT_SEASONAL_RECEIPT,DERIVED_IBP_DECISION_LAYER,NET_REVENUE_INVENTORY_EXPOSURE_PROXY_NOT_ACCOUNTING_PROFIT,FROZEN_STEP4D,BASE_SERVICE_THEN_PERSISTENT_WEEKLY_SERVICE_THEN_BASE_COVERAGE_THEN_SEVERE_SCENARIO_THEN_EXCESS,IMMEDIATE_RELEASE_ONLY_FOR_AGGREGATE_BASE_SERVICE_RISK_WEEKLY_SERVICE_RISK_REQUIRES_SOE_REVIEW,LOW_COVERAGE_PROTECTS_INVENTORY_WITHOUT_AUTOMATIC_CHASE_RELEASE,SYNTHETIC_PLANNING_GOVERNANCE_2PLUS_FORECAST_WEEKS_BELOW_92PCT_ESCALATES_TO_P1_NO_AUTOMATIC_CHASE,P2_CHASE_AND_REALLOCATION_OPTIONS_ARE_NOT_RELEASED
2026-06-22,2026-08-17,8,CTS-001,ECOM,HW_Damped_Mul,ETS,260,8.37,-1.12,463.359,34,SCENARIO_ANALOG,FORWARD_SCENARIO_BAND,0,0,2,20,11,7,ADEQUATE,0.277,0.113,0.75,-3.0,4.0,-0.83,0.0,0.453,0.0,1.283,-0.304,-0.998,0.734,CONDITIONAL_P75_SCENARIO_EXPOSURE_X_FROZEN_SKU_POLICY_CAP,HISTORICAL_PUBLIC_WEATHER_DERIVED_OVERLAY,PROJECT_ASSUMPTION,NO_REALIZED_FUTURE_WEATHER_USED,459.511,463.359,465.458,463.359,5.947,1.283,BASE_WITH_MILD_NORMAL_SEVERE_SCENARIOS,RECONSTRUCTED_DEMAND_UNITS,FROZEN_STEP4B_CHAMPION,FROZEN_STEP4C,DERIVED_FROM_SYNTHETIC_CASE_STUDY_DEMAND,1667.095,409.342,0.0,8586.813,686.945,615.768,1045685.26,0.07,0.85,518.143,1295.358,1337.32,29.614,1366.934,459.511,0.0,907.423,1.0,1.751,1308.134,29.862,1337.996,463.359,0.0,874.637,1.0,1.688,1293.221,30.015,1323.236,465.458,0.0,857.778,1.0,1.655,0.0,558761.851,1934.176,0.0,538573.138,1864.292,0.0,528191.782,1828.356,1.0,2026-06-29,0.0,0,0,0,P2,LOW_COVERAGE_RISK,PROTECT,"Base-case fill rate meets the governed service target, but ending inventory is below the 2.5-week safety-stock policy. Protect inventory and retain contingency chase capacity; do not release it yet.",1,1,1.0,1.0,0.0,0.0,0.0,0.0,0,0,368.542,425.112,334.792,0.635,0.732,0.576,0.0,0.0,0.0,1083.468,1117.218,0.0,1083.468,1117.218,0.0,0.0,0.0,0.0,0,0.0,0.0,686.945,1,430.273,0.0,0.0,43747.478,44551.408,0.0,0.0,0.92,2.5,0.08,0.18,PRIOR_YEAR_SEASONAL_RECEIPTS_SHIFTED_52W_PLUS_FROZEN_SKU_GROWTH,EXPLICIT_SEASONAL_RECEIPT,DERIVED_IBP_DECISION_LAYER,NET_REVENUE_INVENTORY_EXPOSURE_PROXY_NOT_ACCOUNTING_PROFIT,FROZEN_STEP4D,BASE_SERVICE_THEN_PERSISTENT_WEEKLY_SERVICE_THEN_BASE_COVERAGE_THEN_SEVERE_SCENARIO_THEN_EXCESS,IMMEDIATE_RELEASE_ONLY_FOR_AGGREGATE_BASE_SERVICE_RISK_WEEKLY_SERVICE_RISK_REQUIRES_SOE_REVIEW,LOW_COVERAGE_PROTECTS_INVENTORY_WITHOUT_AUTOMATIC_CHASE_RELEASE,SYNTHETIC_PLANNING_GOVERNANCE_2PLUS_FORECAST_WEEKS_BELOW_92PCT_ESCALATES_TO_P1_NO_AUTOMATIC_CHASE,P2_CHASE_AND_REALLOCATION_OPTIONS_ARE_NOT_RELEASED
2026-06-22,2026-08-17,8,CTS-001,RETAIL,HW_Damped_Mul,ETS,260,9.18,0.8,329.805,34,SCENARIO_ANALOG,FORWARD_SCENARIO_BAND,0,0,2,20,11,7,ADEQUATE,0.283,0.113,0.75,-3.0,4.0,-0.849,0.0,0.453,0.0,1.302,-0.311,-1.001,0.732,CONDITIONAL_P75_SCENARIO_EXPOSURE_X_FROZEN_SKU_POLICY_CAP,HISTORICAL_PUBLIC_WEATHER_DERIVED_OVERLAY,PROJECT_ASSUMPTION,NO_REALIZED_FUTURE_WEATHER_USED,327.004,329.805,331.298,329.805,4.294,1.302,BASE_WITH_MILD_NORMAL_SEVERE_SCENARIOS,RECONSTRUCTED_DEMAND_UNITS,FROZEN_STEP4B_CHAMPION,FROZEN_STEP4C,DERIVED_FROM_SYNTHETIC_CASE_STUDY_DEMAND,707.045,286.503,0.0,5742.657,459.413,614.034,438898.37,0.055,0.9,369.983,924.958,549.0,16.517,565.517,327.004,0.0,238.513,1.0,0.645,528.833,16.658,545.491,329.805,0.0,215.686,1.0,0.583,518.667,16.743,535.411,331.298,0.0,204.113,1.0,0.552,0.0,146454.922,506.959,0.0,132438.313,458.44,0.0,125332.063,433.842,0.654,2026-08-24,122.844,2,1,1,P1,WEEKLY_SERVICE_RISK,ESCALATE,"Base 13-week service meets target, but the series misses the 92% service target in 2 forecast weeks. Worst week 2026-08-24 falls to 65.4% fill with a 122.8-unit gap. Escalate for S&OE review and validate receipt timing, reallocation and chase feasibility before any release.",1,1,0.956,0.951,201.709,226.204,0.044,0.049,1,1,0.0,0.0,0.0,0.0,0.0,0.0,0.0,0.0,0.0,1028.153,1028.153,0.0,1028.153,1254.357,0.0,0.0,0.0,0.0,0,0.0,0.0,0.0,0,0.0,123855.957,138896.7,19143.477,19410.014,0.0,0.0,0.92,2.5,0.08,0.18,PRIOR_YEAR_SEASONAL_RECEIPTS_SHIFTED_52W_PLUS_FROZEN_SKU_GROWTH,EXPLICIT_SEASONAL_RECEIPT,DERIVED_IBP_DECISION_LAYER,NET_REVENUE_INVENTORY_EXPOSURE_PROXY_NOT_ACCOUNTING_PROFIT,FROZEN_STEP4D,BASE_SERVICE_THEN_PERSISTENT_WEEKLY_SERVICE_THEN_BASE_COVERAGE_THEN_SEVERE_SCENARIO_THEN_EXCESS,IMMEDIATE_RELEASE_ONLY_FOR_AGGREGATE_BASE_SERVICE_RISK_WEEKLY_SERVICE_RISK_REQUIRES_SOE_REVIEW,LOW_COVERAGE_PROTECTS_INVENTORY_WITHOUT_AUTOMATIC_CHASE_RELEASE,SYNTHETIC_PLANNING_GOVERNANCE_2PLUS_FORECAST_WEEKS_BELOW_92PCT_ESCALATES_TO_P1_NO_AUTOMATIC_CHASE,P2_CHASE_AND_REALLOCATION_OPTIONS_ARE_NOT_RELEASED
2026-06-22,2026-08-17,8,CTS-001,WHOLESALE,Seasonal_MA_2Y,BASELINE,260,21.73,2.41,254.796,34,SCENARIO_ANALOG,FORWARD_SCENARIO_BAND,0,0,2,20,11,7,ADEQUATE,0.275,0.114,0.75,-3.0,4.0,-0.826,0.0,0.454,0.0,1.28,-0.302,-1.018,0.729,CONDITIONAL_P75_SCENARIO_EXPOSURE_X_FROZEN_SKU_POLICY_CAP,HISTORICAL_PUBLIC_WEATHER_DERIVED_OVERLAY,PROJECT_ASSUMPTION,NO_REALIZED_FUTURE_WEATHER_USED,252.692,254.796,255.953,254.796,3.262,1.28,BASE_WITH_MILD_NORMAL_SEVERE_SCENARIOS,RECONSTRUCTED_DEMAND_UNITS,FROZEN_STEP4B_CHAMPION,FROZEN_STEP4C,DERIVED_FROM_SYNTHETIC_CASE_STUDY_DEMAND,833.966,205.518,0.0,4254.815,340.385,337.376,281880.52,0.02,0.5,312.755,781.888,1040.079,2.504,1042.583,252.692,0.0,789.891,1.0,2.526,1023.533,2.525,1026.058,254.796,0.0,771.262,1.0,2.466,1015.046,2.538,1017.584,255.953,0.0,761.631,1.0,2.435,0.0,266490.062,922.466,0.0,260205.06,900.71,0.0,256955.992,889.463,1.0,2026-06-29,0.0,0,0,0,P2,LOW_COVERAGE_RISK,PROTECT,"Base-case fill rate meets the governed service target, but ending inventory is below the 2.5-week safety-stock policy. Protect inventory and retain contingency chase capacity; do not release it yet.",1,1,1.0,1.0,0.0,0.0,0.0,0.0,0,0,310.656,342.966,291.085,0.911,1.006,0.853,0.0,0.0,0.0,542.043,561.614,0.0,542.043,561.614,0.0,0.0,0.0,0.0,0,0.0,0.0,340.385,1,221.229,0.0,0.0,17897.756,18149.013,0.0,0.0,0.92,2.5,0.08,0.18,PRIOR_YEAR_SEASONAL_RECEIPTS_SHIFTED_52W_PLUS_FROZEN_SKU_GROWTH,EXPLICIT_SEASONAL_RECEIPT,DERIVED_IBP_DECISION_LAYER,NET_REVENUE_INVENTORY_EXPOSURE_PROXY_NOT_ACCOUNTING_PROFIT,FROZEN_STEP4D,BASE_SERVICE_THEN_PERSISTENT_WEEKLY_SERVICE_THEN_BASE_COVERAGE_THEN_SEVERE_SCENARIO_THEN_EXCESS,IMMEDIATE_RELEASE_ONLY_FOR_AGGREGATE_BASE_SERVICE_RISK_WEEKLY_SERVICE_RISK_REQUIRES_SOE_REVIEW,LOW_COVERAGE_PROTECTS_INVENTORY_WITHOUT_AUTOMATIC_CHASE_RELEASE,SYNTHETIC_PLANNING_GOVERNANCE_2PLUS_FORECAST_WEEKS_BELOW_92PCT_ESCALATES_TO_P1_NO_AUTOMATIC_CHASE,P2_CHASE_AND_REALLOCATION_OPTIONS_ARE_NOT_RELEASED
2026-06-22,2026-08-17,8,IMH-001,ECOM,HW_Damped_Mul,ETS,260,8.68,-1.32,520.763,34,SCENARIO_ANALOG,FORWARD_SCENARIO_BAND,0,0,2,20,11,7,ADEQUATE,0.259,0.125,0.75,-4.0,5.0,-1.035,0.0,0.623,0.0,1.658,-0.368,-1.37,0.886,CONDITIONAL_P75_SCENARIO_EXPOSURE_X_FROZEN_SKU_POLICY_CAP,HISTORICAL_PUBLIC_WEATHER_DERIVED_OVERLAY,PROJECT_ASSUMPTION,NO_REALIZED_FUTURE_WEATHER_USED,515.373,520.763,524.007,520.763,8.634,1.658,BASE_WITH_MILD_NORMAL_SEVERE_SCENARIOS,RECONSTRUCTED_DEMAND_UNITS,FROZEN_STEP4B_CHAMPION,FROZEN_STEP4C,DERIVED_FROM_SYNTHETIC_CASE_STUDY_DEMAND,1960.271,440.0,0.0,11432.845,914.628,381.156,756664.65,0.07,0.85,613.649,1534.122,1504.862,31.774,1536.636,515.373,0.0,1021.263,1.0,1.664,1464.142,32.113,1496.256,520.763,0.0,975.493,1.0,1.59,1444.291,32.335,1476.626,524.007,0.0,952.619,1.0,1.552,0.0,389260.061,1347.439,0.0,371814.432,1287.05,0.0,363095.836,1256.87,1.0,2026-06-29,0.0,0,0,0,P2,LOW_COVERAGE_RISK,PROTECT,"Base-case fill rate meets the governed service target, but ending inventory is below the 2.5-week safety-stock policy. Protect inventory and retain contingency chase capacity; do not release it yet.",1,1,1.0,1.0,0.0,0.0,0.0,0.0,0,0,393.86,478.784,344.992,0.54,0.657,0.473,0.0,0.0,0.0,1428.223,1477.09,0.0,1428.223,1477.09,0.0,0.0,0.0,0.0,0,0.0,0.0,914.628,1,562.462,0.0,0.0,28691.117,29399.633,0.0,0.0,0.92,2.5,0.08,0.18,PRIOR_YEAR_SEASONAL_RECEIPTS_SHIFTED_52W_PLUS_FROZEN_SKU_GROWTH,EXPLICIT_SEASONAL_RECEIPT,DERIVED_IBP_DECISION_LAYER,NET_REVENUE_INVENTORY_EXPOSURE_PROXY_NOT_ACCOUNTING_PROFIT,FROZEN_STEP4D,BASE_SERVICE_THEN_PERSISTENT_WEEKLY_SERVICE_THEN_BASE_COVERAGE_THEN_SEVERE_SCENARIO_THEN_EXCESS,IMMEDIATE_RELEASE_ONLY_FOR_AGGREGATE_BASE_SERVICE_RISK_WEEKLY_SERVICE_RISK_REQUIRES_SOE_REVIEW,LOW_COVERAGE_PROTECTS_INVENTORY_WITHOUT_AUTOMATIC_CHASE_RELEASE,SYNTHETIC_PLANNING_GOVERNANCE_2PLUS_FORECAST_WEEKS_BELOW_92PCT_ESCALATES_TO_P1_NO_AUTOMATIC_CHASE,P2_CHASE_AND_REALLOCATION_OPTIONS_ARE_NOT_RELEASED
2026-06-22,2026-08-17,8,IMH-001,RETAIL,HW_Damped_Mul,ETS,260,8.48,-1.21,353.615,34,SCENARIO_ANALOG,FORWARD_SCENARIO_BAND,0,0,2,20,11,7,ADEQUATE,0.249,0.118,0.75,-4.0,5.0,-0.995,0.0,0.588,0.0,1.583,-0.348,-1.469,0.991,CONDITIONAL_P75_SCENARIO_EXPOSURE_X_FROZEN_SKU_POLICY_CAP,HISTORICAL_PUBLIC_WEATHER_DERIVED_OVERLAY,PROJECT_ASSUMPTION,NO_REALIZED_FUTURE_WEATHER_USED,350.098,353.615,355.694,353.615,5.596,1.583,BASE_WITH_MILD_NORMAL_SEVERE_SCENARIOS,RECONSTRUCTED_DEMAND_UNITS,FROZEN_STEP4B_CHAMPION,FROZEN_STEP4C,DERIVED_FROM_SYNTHETIC_CASE_STUDY_DEMAND,1782.926,343.0,0.0,8900.319,712.025,376.051,681077.82,0.055,0.9,429.381,1073.452,1061.282,17.492,1078.774,350.098,0.0,728.676,1.0,1.697,1032.905,17.672,1050.577,353.615,0.0,696.962,1.0,1.623,1019.704,17.793,1037.496,355.694,0.0,681.802,1.0,1.588,0.0,274019.204,948.528,0.0,262093.281,907.246,0.0,256392.43,887.512,1.0,2026-06-29,0.0,0,0,0,P2,LOW_COVERAGE_RISK,PROTECT,"Base-case fill rate meets the governed service target, but ending inventory is below the 2.5-week safety-stock policy. Protect inventory and retain contingency chase capacity; do not release it yet.",1,1,1.0,1.0,0.0,0.0,0.0,0.0,0,0,297.254,355.298,262.508,0.598,0.715,0.528,0.0,0.0,0.0,944.908,979.654,0.0,944.908,979.654,0.0,0.0,0.0,0.0,0,0.0,0.0,712.025,1,267.629,0.0,0.0,20380.389,20863.828,0.0,0.0,0.92,2.5,0.08,0.18,PRIOR_YEAR_SEASONAL_RECEIPTS_SHIFTED_52W_PLUS_FROZEN_SKU_GROWTH,EXPLICIT_SEASONAL_RECEIPT,DERIVED_IBP_DECISION_LAYER,NET_REVENUE_INVENTORY_EXPOSURE_PROXY_NOT_ACCOUNTING_PROFIT,FROZEN_STEP4D,BASE_SERVICE_THEN_PERSISTENT_WEEKLY_SERVICE_THEN_BASE_COVERAGE_THEN_SEVERE_SCENARIO_THEN_EXCESS,IMMEDIATE_RELEASE_ONLY_FOR_AGGREGATE_BASE_SERVICE_RISK_WEEKLY_SERVICE_RISK_REQUIRES_SOE_REVIEW,LOW_COVERAGE_PROTECTS_INVENTORY_WITHOUT_AUTOMATIC_CHASE_RELEASE,SYNTHETIC_PLANNING_GOVERNANCE_2PLUS_FORECAST_WEEKS_BELOW_92PCT_ESCALATES_TO_P1_NO_AUTOMATIC_CHASE,P2_CHASE_AND_REALLOCATION_OPTIONS_ARE_NOT_RELEASED
2026-06-22,2026-08-17,8,IMH-001,WHOLESALE,HW_Add_Add,ETS,260,18.55,1.41,317.16,34,SCENARIO_ANALOG,FORWARD_SCENARIO_BAND,0,0,2,20,11,7,ADEQUATE,0.268,0.102,0.75,-4.0,5.0,-1.07,0.0,0.512,0.0,1.583,-0.466,-1.393,0.859,CONDITIONAL_P75_SCENARIO_EXPOSURE_X_FROZEN_SKU_POLICY_CAP,HISTORICAL_PUBLIC_WEATHER_DERIVED_OVERLAY,PROJECT_ASSUMPTION,NO_REALIZED_FUTURE_WEATHER_USED,313.765,317.16,318.785,317.16,5.02,1.583,BASE_WITH_MILD_NORMAL_SEVERE_SCENARIOS,RECONSTRUCTED_DEMAND_UNITS,FROZEN_STEP4B_CHAMPION,FROZEN_STEP4C,DERIVED_FROM_SYNTHETIC_CASE_STUDY_DEMAND,930.627,282.0,0.0,6251.029,500.082,207.635,193570.36,0.02,0.5,359.309,898.272,560.167,2.677,562.845,313.765,0.0,249.08,1.0,0.693,535.03,2.708,537.738,317.16,0.0,220.578,1.0,0.614,525.002,2.724,527.726,318.785,0.0,208.941,1.0,0.582,0.0,51717.695,179.023,0.0,45799.8,158.538,0.0,43383.576,150.174,0.741,2026-08-24,78.388,2,1,1,P1,WEEKLY_SERVICE_RISK,ESCALATE,"Base 13-week service meets target, but the series misses the 92% service target in 2 forecast weeks. Worst week 2026-08-24 falls to 74.1% fill with a 78.4-unit gap. Escalate for S&OE review and validate receipt timing, reallocation and chase feasibility before any release.",1,1,0.961,0.955,161.037,186.474,0.039,0.045,1,1,0.0,0.0,0.0,0.0,0.0,0.0,0.0,0.0,0.0,964.185,964.185,0.0,964.185,1150.659,0.0,0.0,0.0,0.0,0,0.0,0.0,0.0,0,0.0,33436.964,38718.609,6327.247,6438.521,0.0,0.0,0.92,2.5,0.08,0.18,PRIOR_YEAR_SEASONAL_RECEIPTS_SHIFTED_52W_PLUS_FROZEN_SKU_GROWTH,EXPLICIT_SEASONAL_RECEIPT,DERIVED_IBP_DECISION_LAYER,NET_REVENUE_INVENTORY_EXPOSURE_PROXY_NOT_ACCOUNTING_PROFIT,FROZEN_STEP4D,BASE_SERVICE_THEN_PERSISTENT_WEEKLY_SERVICE_THEN_BASE_COVERAGE_THEN_SEVERE_SCENARIO_THEN_EXCESS,IMMEDIATE_RELEASE_ONLY_FOR_AGGREGATE_BASE_SERVICE_RISK_WEEKLY_SERVICE_RISK_REQUIRES_SOE_REVIEW,LOW_COVERAGE_PROTECTS_INVENTORY_WITHOUT_AUTOMATIC_CHASE_RELEASE,SYNTHETIC_PLANNING_GOVERNANCE_2PLUS_FORECAST_WEEKS_BELOW_92PCT_ESCALATES_TO_P1_NO_AUTOMATIC_CHASE,P2_CHASE_AND_REALLOCATION_OPTIONS_ARE_NOT_RELEASED
2026-06-22,2026-08-24,9,APS-001,ECOM,HW_Damped_Mul,ETS,260,10.55,-3.09,161.666,35,SCENARIO_ANALOG,FORWARD_SCENARIO_BAND,0,0,2,20,14,5,ADEQUATE,0.265,0.152,0.75,-4.0,6.0,-1.061,0.0,0.911,0.0,1.972,-0.33,-1.324,1.173,CONDITIONAL_P75_SCENARIO_EXPOSURE_X_FROZEN_SKU_POLICY_CAP,HISTORICAL_PUBLIC_WEATHER_DERIVED_OVERLAY,PROJECT_ASSUMPTION,NO_REALIZED_FUTURE_WEATHER_USED,159.952,161.666,163.139,161.666,3.187,1.972,BASE_WITH_MILD_NORMAL_SEVERE_SCENARIOS,RECONSTRUCTED_DEMAND_UNITS,FROZEN_STEP4B_CHAMPION,FROZEN_STEP4C,DERIVED_FROM_SYNTHETIC_CASE_STUDY_DEMAND,758.867,133.0,0.0,4770.755,381.66,764.109,585845.65,0.07,0.85,225.055,562.637,458.203,9.518,467.721,159.952,0.0,307.769,1.0,1.368,444.626,9.62,454.247,161.666,0.0,292.581,1.0,1.3,434.81,9.708,444.518,163.139,0.0,281.379,1.0,1.25,0.0,235169.036,814.047,0.0,223563.338,773.873,0.0,215004.15,744.245,1.0,2026-06-29,0.0,0,0,0,P2,LOW_COVERAGE_RISK,PROTECT,"Base-case fill rate meets the governed service target, but ending inventory is below the 2.5-week safety-stock policy. Protect inventory and retain contingency chase capacity; do not release it yet.",1,1,1.0,1.0,0.0,0.0,0.0,0.0,0,0,305.373,331.86,284.537,1.25,1.358,1.165,0.0,0.0,0.0,305.341,326.177,0.0,305.341,326.177,0.0,0.0,0.0,0.0,0,0.0,0.0,326.177,1,0.0,0.0,0.0,21642.102,22071.712,0.0,0.0,0.92,2.5,0.08,0.18,PRIOR_YEAR_SEASONAL_RECEIPTS_SHIFTED_52W_PLUS_FROZEN_SKU_GROWTH,EXPLICIT_SEASONAL_RECEIPT,DERIVED_IBP_DECISION_LAYER,NET_REVENUE_INVENTORY_EXPOSURE_PROXY_NOT_ACCOUNTING_PROFIT,FROZEN_STEP4D,BASE_SERVICE_THEN_PERSISTENT_WEEKLY_SERVICE_THEN_BASE_COVERAGE_THEN_SEVERE_SCENARIO_THEN_EXCESS,IMMEDIATE_RELEASE_ONLY_FOR_AGGREGATE_BASE_SERVICE_RISK_WEEKLY_SERVICE_RISK_REQUIRES_SOE_REVIEW,LOW_COVERAGE_PROTECTS_INVENTORY_WITHOUT_AUTOMATIC_CHASE_RELEASE,SYNTHETIC_PLANNING_GOVERNANCE_2PLUS_FORECAST_WEEKS_BELOW_92PCT_ESCALATES_TO_P1_NO_AUTOMATIC_CHASE,P2_CHASE_AND_REALLOCATION_OPTIONS_ARE_NOT_RELEASED
2026-06-22,2026-08-24,9,APS-001,RETAIL,HW_Damped_Mul,ETS,260,8.83,-0.97,106.081,35,SCENARIO_ANALOG,FORWARD_SCENARIO_BAND,0,0,2,20,14,5,ADEQUATE,0.266,0.149,0.75,-4.0,6.0,-1.064,0.0,0.891,0.0,1.955,-0.329,-1.319,1.178,CONDITIONAL_P75_SCENARIO_EXPOSURE_X_FROZEN_SKU_POLICY_CAP,HISTORICAL_PUBLIC_WEATHER_DERIVED_OVERLAY,PROJECT_ASSUMPTION,NO_REALIZED_FUTURE_WEATHER_USED,104.953,106.081,107.027,106.081,2.074,1.955,BASE_WITH_MILD_NORMAL_SEVERE_SCENARIOS,RECONSTRUCTED_DEMAND_UNITS,FROZEN_STEP4B_CHAMPION,FROZEN_STEP4C,DERIVED_FROM_SYNTHETIC_CASE_STUDY_DEMAND,502.461,96.0,0.0,3114.813,249.185,758.962,383880.5,0.055,0.9,152.294,380.734,166.267,5.546,171.813,104.953,0.0,66.86,1.0,0.439,156.887,5.606,162.493,106.081,0.0,56.412,1.0,0.37,150.226,5.656,155.882,107.027,0.0,48.855,1.0,0.321,0.0,50744.372,175.654,0.0,42814.283,148.203,0.0,37079.016,128.35,1.0,2026-06-29,0.0,0,0,0,P2,LOW_COVERAGE_RISK,PROTECT,"Base-case fill rate meets the governed service target, but ending inventory is below the 2.5-week safety-stock policy. Protect inventory and retain contingency chase capacity; do not release it yet.",1,1,1.0,1.0,0.0,0.0,0.0,0.0,0,0,46.707,64.946,32.687,0.281,0.391,0.197,0.0,0.0,0.0,368.516,382.537,0.0,368.516,382.537,0.0,0.0,0.0,0.0,0,0.0,0.0,249.185,1,133.352,0.0,0.0,10340.301,10633.988,0.0,0.0,0.92,2.5,0.08,0.18,PRIOR_YEAR_SEASONAL_RECEIPTS_SHIFTED_52W_PLUS_FROZEN_SKU_GROWTH,EXPLICIT_SEASONAL_RECEIPT,DERIVED_IBP_DECISION_LAYER,NET_REVENUE_INVENTORY_EXPOSURE_PROXY_NOT_ACCOUNTING_PROFIT,FROZEN_STEP4D,BASE_SERVICE_THEN_PERSISTENT_WEEKLY_SERVICE_THEN_BASE_COVERAGE_THEN_SEVERE_SCENARIO_THEN_EXCESS,IMMEDIATE_RELEASE_ONLY_FOR_AGGREGATE_BASE_SERVICE_RISK_WEEKLY_SERVICE_RISK_REQUIRES_SOE_REVIEW,LOW_COVERAGE_PROTECTS_INVENTORY_WITHOUT_AUTOMATIC_CHASE_RELEASE,SYNTHETIC_PLANNING_GOVERNANCE_2PLUS_FORECAST_WEEKS_BELOW_92PCT_ESCALATES_TO_P1_NO_AUTOMATIC_CHASE,P2_CHASE_AND_REALLOCATION_OPTIONS_ARE_NOT_RELEASED
2026-06-22,2026-08-24,9,APS-001,WHOLESALE,HW_Damped_Add,ETS,260,18.26,-0.35,93.503,35,SCENARIO_ANALOG,FORWARD_SCENARIO_BAND,0,0,2,20,14,5,ADEQUATE,0.289,0.152,0.75,-4.0,6.0,-1.155,0.0,0.91,0.0,2.065,-0.332,-1.28,1.048,CONDITIONAL_P75_SCENARIO_EXPOSURE_X_FROZEN_SKU_POLICY_CAP,HISTORICAL_PUBLIC_WEATHER_DERIVED_OVERLAY,PROJECT_ASSUMPTION,NO_REALIZED_FUTURE_WEATHER_USED,92.423,93.503,94.354,93.503,1.931,2.065,BASE_WITH_MILD_NORMAL_SEVERE_SCENARIOS,RECONSTRUCTED_DEMAND_UNITS,FROZEN_STEP4B_CHAMPION,FROZEN_STEP4C,DERIVED_FROM_SYNTHETIC_CASE_STUDY_DEMAND,419.581,82.0,0.0,2718.984,217.519,415.548,174545.81,0.02,0.5,120.351,300.878,38.522,0.839,39.361,39.361,53.062,0.0,0.426,0.0,30.148,0.849,30.997,30.997,62.506,0.0,0.332,0.0,24.264,0.857,25.121,25.121,69.233,0.0,0.266,0.0,22049.789,0.0,0.0,25974.021,0.0,0.0,28769.675,0.0,0.0,0.332,2026-08-24,62.506,2,1,1,P1,WEEKLY_SERVICE_RISK,ESCALATE,"Base 13-week service meets target, but the series misses the 92% service target in 2 forecast weeks. Worst week 2026-08-24 falls to 33.2% fill with a 62.5-unit gap. Escalate for S&OE review and validate receipt timing, reallocation and chase feasibility before any release.",1,1,0.935,0.927,84.648,96.864,0.065,0.073,1,1,0.0,0.0,0.0,0.0,0.0,0.0,0.0,0.0,0.0,335.369,335.369,0.0,335.369,432.233,0.0,0.0,0.0,0.0,0,0.0,0.0,0.0,0,0.0,35175.203,40251.626,3706.361,3772.726,0.0,0.0,0.92,2.5,0.08,0.18,PRIOR_YEAR_SEASONAL_RECEIPTS_SHIFTED_52W_PLUS_FROZEN_SKU_GROWTH,EXPLICIT_SEASONAL_RECEIPT,DERIVED_IBP_DECISION_LAYER,NET_REVENUE_INVENTORY_EXPOSURE_PROXY_NOT_ACCOUNTING_PROFIT,FROZEN_STEP4D,BASE_SERVICE_THEN_PERSISTENT_WEEKLY_SERVICE_THEN_BASE_COVERAGE_THEN_SEVERE_SCENARIO_THEN_EXCESS,IMMEDIATE_RELEASE_ONLY_FOR_AGGREGATE_BASE_SERVICE_RISK_WEEKLY_SERVICE_RISK_REQUIRES_SOE_REVIEW,LOW_COVERAGE_PROTECTS_INVENTORY_WITHOUT_AUTOMATIC_CHASE_RELEASE,SYNTHETIC_PLANNING_GOVERNANCE_2PLUS_FORECAST_WEEKS_BELOW_92PCT_ESCALATES_TO_P1_NO_AUTOMATIC_CHASE,P2_CHASE_AND_REALLOCATION_OPTIONS_ARE_NOT_RELEASED
2026-06-22,2026-08-24,9,CTS-001,ECOM,HW_Damped_Mul,ETS,260,8.37,-1.12,443.176,35,SCENARIO_ANALOG,FORWARD_SCENARIO_BAND,0,0,2,20,14,5,ADEQUATE,0.277,0.113,0.75,-3.0,4.0,-0.83,0.0,0.453,0.0,1.283,-0.377,-0.998,0.522,CONDITIONAL_P75_SCENARIO_EXPOSURE_X_FROZEN_SKU_POLICY_CAP,HISTORICAL_PUBLIC_WEATHER_DERIVED_OVERLAY,PROJECT_ASSUMPTION,NO_REALIZED_FUTURE_WEATHER_USED,439.496,443.176,445.183,443.176,5.688,1.283,BASE_WITH_MILD_NORMAL_SEVERE_SCENARIOS,RECONSTRUCTED_DEMAND_UNITS,FROZEN_STEP4B_CHAMPION,FROZEN_STEP4C,DERIVED_FROM_SYNTHETIC_CASE_STUDY_DEMAND,1667.095,409.342,0.0,8586.813,686.945,615.768,1045685.26,0.07,0.85,542.815,1357.038,907.423,27.341,934.764,439.496,0.0,495.268,1.0,0.912,874.637,27.57,902.207,443.176,0.0,459.031,1.0,0.846,857.778,27.695,885.472,445.183,0.0,440.289,1.0,0.811,0.0,304970.023,1055.665,0.0,282656.268,978.426,0.0,271115.969,938.478,1.0,2026-06-29,0.0,0,0,0,P2,LOW_COVERAGE_RISK,PROTECT,"Base-case fill rate meets the governed service target, but ending inventory is below the 2.5-week safety-stock policy. Protect inventory and retain contingency chase capacity; do not release it yet.",1,1,1.0,1.0,0.0,0.0,0.0,0.0,0,0,368.542,425.112,334.792,0.635,0.732,0.576,0.0,0.0,0.0,1083.468,1117.218,0.0,1083.468,1117.218,0.0,0.0,0.0,0.0,0,0.0,0.0,686.945,1,430.273,0.0,0.0,43747.478,44551.408,0.0,0.0,0.92,2.5,0.08,0.18,PRIOR_YEAR_SEASONAL_RECEIPTS_SHIFTED_52W_PLUS_FROZEN_SKU_GROWTH,EXPLICIT_SEASONAL_RECEIPT,DERIVED_IBP_DECISION_LAYER,NET_REVENUE_INVENTORY_EXPOSURE_PROXY_NOT_ACCOUNTING_PROFIT,FROZEN_STEP4D,BASE_SERVICE_THEN_PERSISTENT_WEEKLY_SERVICE_THEN_BASE_COVERAGE_THEN_SEVERE_SCENARIO_THEN_EXCESS,IMMEDIATE_RELEASE_ONLY_FOR_AGGREGATE_BASE_SERVICE_RISK_WEEKLY_SERVICE_RISK_REQUIRES_SOE_REVIEW,LOW_COVERAGE_PROTECTS_INVENTORY_WITHOUT_AUTOMATIC_CHASE_RELEASE,SYNTHETIC_PLANNING_GOVERNANCE_2PLUS_FORECAST_WEEKS_BELOW_92PCT_ESCALATES_TO_P1_NO_AUTOMATIC_CHASE,P2_CHASE_AND_REALLOCATION_OPTIONS_ARE_NOT_RELEASED
2026-06-22,2026-08-24,9,CTS-001,RETAIL,HW_Damped_Mul,ETS,260,9.18,0.8,354.855,35,SCENARIO_ANALOG,FORWARD_SCENARIO_BAND,0,0,2,20,14,5,ADEQUATE,0.283,0.113,0.75,-3.0,4.0,-0.849,0.0,0.453,0.0,1.302,-0.396,-1.001,0.517,CONDITIONAL_P75_SCENARIO_EXPOSURE_X_FROZEN_SKU_POLICY_CAP,HISTORICAL_PUBLIC_WEATHER_DERIVED_OVERLAY,PROJECT_ASSUMPTION,NO_REALIZED_FUTURE_WEATHER_USED,351.842,354.855,356.462,354.855,4.62,1.302,BASE_WITH_MILD_NORMAL_SEVERE_SCENARIOS,RECONSTRUCTED_DEMAND_UNITS,FROZEN_STEP4B_CHAMPION,FROZEN_STEP4C,DERIVED_FROM_SYNTHETIC_CASE_STUDY_DEMAND,707.045,286.503,0.0,5742.657,459.413,614.034,438898.37,0.055,0.9,396.932,992.331,238.513,16.187,254.699,254.699,97.143,0.0,0.724,0.0,215.686,16.325,232.011,232.011,122.844,0.0,0.654,0.0,204.113,16.399,220.512,220.512,135.95,0.0,0.619,0.0,59648.896,0.0,0.0,75430.454,0.0,0.0,83478.077,0.0,0.0,0.654,2026-08-24,122.844,2,1,1,P1,WEEKLY_SERVICE_RISK,ESCALATE,"Base 13-week service meets target, but the series misses the 92% service target in 2 forecast weeks. Worst week 2026-08-24 falls to 65.4% fill with a 122.8-unit gap. Escalate for S&OE review and validate receipt timing, reallocation and chase feasibility before any release.",1,1,0.956,0.951,201.709,226.204,0.044,0.049,1,1,0.0,0.0,0.0,0.0,0.0,0.0,0.0,0.0,0.0,1028.153,1028.153,0.0,1028.153,1254.357,0.0,0.0,0.0,0.0,0,0.0,0.0,0.0,0,0.0,123855.957,138896.7,19143.477,19410.014,0.0,0.0,0.92,2.5,0.08,0.18,PRIOR_YEAR_SEASONAL_RECEIPTS_SHIFTED_52W_PLUS_FROZEN_SKU_GROWTH,EXPLICIT_SEASONAL_RECEIPT,DERIVED_IBP_DECISION_LAYER,NET_REVENUE_INVENTORY_EXPOSURE_PROXY_NOT_ACCOUNTING_PROFIT,FROZEN_STEP4D,BASE_SERVICE_THEN_PERSISTENT_WEEKLY_SERVICE_THEN_BASE_COVERAGE_THEN_SEVERE_SCENARIO_THEN_EXCESS,IMMEDIATE_RELEASE_ONLY_FOR_AGGREGATE_BASE_SERVICE_RISK_WEEKLY_SERVICE_RISK_REQUIRES_SOE_REVIEW,LOW_COVERAGE_PROTECTS_INVENTORY_WITHOUT_AUTOMATIC_CHASE_RELEASE,SYNTHETIC_PLANNING_GOVERNANCE_2PLUS_FORECAST_WEEKS_BELOW_92PCT_ESCALATES_TO_P1_NO_AUTOMATIC_CHASE,P2_CHASE_AND_REALLOCATION_OPTIONS_ARE_NOT_RELEASED
2026-06-22,2026-08-24,9,CTS-001,WHOLESALE,Seasonal_MA_2Y,BASELINE,260,21.73,2.41,189.224,35,SCENARIO_ANALOG,FORWARD_SCENARIO_BAND,0,0,2,20,14,5,ADEQUATE,0.275,0.114,0.75,-3.0,4.0,-0.826,0.0,0.454,0.0,1.28,-0.372,-1.018,0.487,CONDITIONAL_P75_SCENARIO_EXPOSURE_X_FROZEN_SKU_POLICY_CAP,HISTORICAL_PUBLIC_WEATHER_DERIVED_OVERLAY,PROJECT_ASSUMPTION,NO_REALIZED_FUTURE_WEATHER_USED,187.66,189.224,190.083,189.224,2.422,1.28,BASE_WITH_MILD_NORMAL_SEVERE_SCENARIOS,RECONSTRUCTED_DEMAND_UNITS,FROZEN_STEP4B_CHAMPION,FROZEN_STEP4C,DERIVED_FROM_SYNTHETIC_CASE_STUDY_DEMAND,833.966,205.518,0.0,4254.815,340.385,337.376,281880.52,0.02,0.5,322.931,807.328,789.891,2.527,792.418,187.66,0.0,604.758,1.0,1.873,771.262,2.548,773.81,189.224,0.0,584.586,1.0,1.81,761.631,2.56,764.191,190.083,0.0,574.108,1.0,1.778,0.0,204030.63,706.26,0.0,197225.07,682.702,0.0,193690.1,670.466,1.0,2026-06-29,0.0,0,0,0,P2,LOW_COVERAGE_RISK,PROTECT,"Base-case fill rate meets the governed service target, but ending inventory is below the 2.5-week safety-stock policy. Protect inventory and retain contingency chase capacity; do not release it yet.",1,1,1.0,1.0,0.0,0.0,0.0,0.0,0,0,310.656,342.966,291.085,0.911,1.006,0.853,0.0,0.0,0.0,542.043,561.614,0.0,542.043,561.614,0.0,0.0,0.0,0.0,0,0.0,0.0,340.385,1,221.229,0.0,0.0,17897.756,18149.013,0.0,0.0,0.92,2.5,0.08,0.18,PRIOR_YEAR_SEASONAL_RECEIPTS_SHIFTED_52W_PLUS_FROZEN_SKU_GROWTH,EXPLICIT_SEASONAL_RECEIPT,DERIVED_IBP_DECISION_LAYER,NET_REVENUE_INVENTORY_EXPOSURE_PROXY_NOT_ACCOUNTING_PROFIT,FROZEN_STEP4D,BASE_SERVICE_THEN_PERSISTENT_WEEKLY_SERVICE_THEN_BASE_COVERAGE_THEN_SEVERE_SCENARIO_THEN_EXCESS,IMMEDIATE_RELEASE_ONLY_FOR_AGGREGATE_BASE_SERVICE_RISK_WEEKLY_SERVICE_RISK_REQUIRES_SOE_REVIEW,LOW_COVERAGE_PROTECTS_INVENTORY_WITHOUT_AUTOMATIC_CHASE_RELEASE,SYNTHETIC_PLANNING_GOVERNANCE_2PLUS_FORECAST_WEEKS_BELOW_92PCT_ESCALATES_TO_P1_NO_AUTOMATIC_CHASE,P2_CHASE_AND_REALLOCATION_OPTIONS_ARE_NOT_RELEASED
2026-06-22,2026-08-24,9,IMH-001,ECOM,HW_Damped_Mul,ETS,260,8.68,-1.32,490.861,35,SCENARIO_ANALOG,FORWARD_SCENARIO_BAND,0,0,2,20,14,5,ADEQUATE,0.248,0.125,0.75,-4.0,5.0,-0.991,0.0,0.623,0.0,1.614,-0.407,-1.37,0.911,CONDITIONAL_P75_SCENARIO_EXPOSURE_X_FROZEN_SKU_POLICY_CAP,HISTORICAL_PUBLIC_WEATHER_DERIVED_OVERLAY,PROJECT_ASSUMPTION,NO_REALIZED_FUTURE_WEATHER_USED,485.996,490.861,493.919,490.861,7.923,1.614,BASE_WITH_MILD_NORMAL_SEVERE_SCENARIOS,RECONSTRUCTED_DEMAND_UNITS,FROZEN_STEP4B_CHAMPION,FROZEN_STEP4C,DERIVED_FROM_SYNTHETIC_CASE_STUDY_DEMAND,1960.271,440.0,0.0,11432.845,914.628,381.156,756664.65,0.07,0.85,669.693,1674.233,1021.263,30.665,1051.928,485.996,0.0,565.932,1.0,0.845,975.493,30.985,1006.478,490.861,0.0,515.617,1.0,0.77,952.619,31.178,983.797,493.919,0.0,489.878,1.0,0.731,0.0,215708.015,746.682,0.0,196530.303,680.297,0.0,186719.704,646.337,1.0,2026-06-29,0.0,0,0,0,P2,LOW_COVERAGE_RISK,PROTECT,"Base-case fill rate meets the governed service target, but ending inventory is below the 2.5-week safety-stock policy. Protect inventory and retain contingency chase capacity; do not release it yet.",1,1,1.0,1.0,0.0,0.0,0.0,0.0,0,0,393.86,478.784,344.992,0.54,0.657,0.473,0.0,0.0,0.0,1428.223,1477.09,0.0,1428.223,1477.09,0.0,0.0,0.0,0.0,0,0.0,0.0,914.628,1,562.462,0.0,0.0,28691.117,29399.633,0.0,0.0,0.92,2.5,0.08,0.18,PRIOR_YEAR_SEASONAL_RECEIPTS_SHIFTED_52W_PLUS_FROZEN_SKU_GROWTH,EXPLICIT_SEASONAL_RECEIPT,DERIVED_IBP_DECISION_LAYER,NET_REVENUE_INVENTORY_EXPOSURE_PROXY_NOT_ACCOUNTING_PROFIT,FROZEN_STEP4D,BASE_SERVICE_THEN_PERSISTENT_WEEKLY_SERVICE_THEN_BASE_COVERAGE_THEN_SEVERE_SCENARIO_THEN_EXCESS,IMMEDIATE_RELEASE_ONLY_FOR_AGGREGATE_BASE_SERVICE_RISK_WEEKLY_SERVICE_RISK_REQUIRES_SOE_REVIEW,LOW_COVERAGE_PROTECTS_INVENTORY_WITHOUT_AUTOMATIC_CHASE_RELEASE,SYNTHETIC_PLANNING_GOVERNANCE_2PLUS_FORECAST_WEEKS_BELOW_92PCT_ESCALATES_TO_P1_NO_AUTOMATIC_CHASE,P2_CHASE_AND_REALLOCATION_OPTIONS_ARE_NOT_RELEASED
2026-06-22,2026-08-24,9,IMH-001,RETAIL,HW_Damped_Mul,ETS,260,8.48,-1.21,367.395,35,SCENARIO_ANALOG,FORWARD_SCENARIO_BAND,0,0,2,20,14,5,ADEQUATE,0.234,0.118,0.75,-4.0,5.0,-0.936,0.0,0.588,0.0,1.524,-0.399,-1.469,0.898,CONDITIONAL_P75_SCENARIO_EXPOSURE_X_FROZEN_SKU_POLICY_CAP,HISTORICAL_PUBLIC_WEATHER_DERIVED_OVERLAY,PROJECT_ASSUMPTION,NO_REALIZED_FUTURE_WEATHER_USED,363.957,367.395,369.555,367.395,5.598,1.524,BASE_WITH_MILD_NORMAL_SEVERE_SCENARIOS,RECONSTRUCTED_DEMAND_UNITS,FROZEN_STEP4B_CHAMPION,FROZEN_STEP4C,DERIVED_FROM_SYNTHETIC_CASE_STUDY_DEMAND,1782.926,343.0,0.0,8900.319,712.025,376.051,681077.82,0.055,0.9,466.887,1167.217,728.676,17.33,746.006,363.957,0.0,382.049,1.0,0.818,696.962,17.504,714.466,367.395,0.0,347.071,1.0,0.743,681.802,17.607,699.409,369.555,0.0,329.854,1.0,0.706,0.0,143669.729,497.318,0.0,130516.41,451.788,0.0,124041.989,429.376,1.0,2026-06-29,0.0,0,0,0,P2,LOW_COVERAGE_RISK,PROTECT,"Base-case fill rate meets the governed service target, but ending inventory is below the 2.5-week safety-stock policy. Protect inventory and retain contingency chase capacity; do not release it yet.",1,1,1.0,1.0,0.0,0.0,0.0,0.0,0,0,297.254,355.298,262.508,0.598,0.715,0.528,0.0,0.0,0.0,944.908,979.654,0.0,944.908,979.654,0.0,0.0,0.0,0.0,0,0.0,0.0,712.025,1,267.629,0.0,0.0,20380.389,20863.828,0.0,0.0,0.92,2.5,0.08,0.18,PRIOR_YEAR_SEASONAL_RECEIPTS_SHIFTED_52W_PLUS_FROZEN_SKU_GROWTH,EXPLICIT_SEASONAL_RECEIPT,DERIVED_IBP_DECISION_LAYER,NET_REVENUE_INVENTORY_EXPOSURE_PROXY_NOT_ACCOUNTING_PROFIT,FROZEN_STEP4D,BASE_SERVICE_THEN_PERSISTENT_WEEKLY_SERVICE_THEN_BASE_COVERAGE_THEN_SEVERE_SCENARIO_THEN_EXCESS,IMMEDIATE_RELEASE_ONLY_FOR_AGGREGATE_BASE_SERVICE_RISK_WEEKLY_SERVICE_RISK_REQUIRES_SOE_REVIEW,LOW_COVERAGE_PROTECTS_INVENTORY_WITHOUT_AUTOMATIC_CHASE_RELEASE,SYNTHETIC_PLANNING_GOVERNANCE_2PLUS_FORECAST_WEEKS_BELOW_92PCT_ESCALATES_TO_P1_NO_AUTOMATIC_CHASE,P2_CHASE_AND_REALLOCATION_OPTIONS_ARE_NOT_RELEASED
2026-06-22,2026-08-24,9,IMH-001,WHOLESALE,HW_Add_Add,ETS,260,18.55,1.41,302.138,35,SCENARIO_ANALOG,FORWARD_SCENARIO_BAND,0,0,2,20,14,5,ADEQUATE,0.245,0.102,0.75,-4.0,5.0,-0.978,0.0,0.512,0.0,1.491,-0.466,-1.393,0.899,CONDITIONAL_P75_SCENARIO_EXPOSURE_X_FROZEN_SKU_POLICY_CAP,HISTORICAL_PUBLIC_WEATHER_DERIVED_OVERLAY,PROJECT_ASSUMPTION,NO_REALIZED_FUTURE_WEATHER_USED,299.182,302.138,303.685,302.138,4.503,1.491,BASE_WITH_MILD_NORMAL_SEVERE_SCENARIOS,RECONSTRUCTED_DEMAND_UNITS,FROZEN_STEP4B_CHAMPION,FROZEN_STEP4C,DERIVED_FROM_SYNTHETIC_CASE_STUDY_DEMAND,930.627,282.0,0.0,6251.029,500.082,207.635,193570.36,0.02,0.5,374.515,936.287,249.08,3.138,252.217,252.217,46.965,0.0,0.843,0.0,220.578,3.172,223.75,223.75,78.388,0.0,0.741,0.0,208.941,3.188,212.129,212.129,91.556,0.0,0.699,0.0,9751.539,0.0,0.0,16276.154,0.0,0.0,19010.216,0.0,0.0,0.741,2026-08-24,78.388,2,1,1,P1,WEEKLY_SERVICE_RISK,ESCALATE,"Base 13-week service meets target, but the series misses the 92% service target in 2 forecast weeks. Worst week 2026-08-24 falls to 74.1% fill with a 78.4-unit gap. Escalate for S&OE review and validate receipt timing, reallocation and chase feasibility before any release.",1,1,0.961,0.955,161.037,186.474,0.039,0.045,1,1,0.0,0.0,0.0,0.0,0.0,0.0,0.0,0.0,0.0,964.185,964.185,0.0,964.185,1150.659,0.0,0.0,0.0,0.0,0,0.0,0.0,0.0,0,0.0,33436.964,38718.609,6327.247,6438.521,0.0,0.0,0.92,2.5,0.08,0.18,PRIOR_YEAR_SEASONAL_RECEIPTS_SHIFTED_52W_PLUS_FROZEN_SKU_GROWTH,EXPLICIT_SEASONAL_RECEIPT,DERIVED_IBP_DECISION_LAYER,NET_REVENUE_INVENTORY_EXPOSURE_PROXY_NOT_ACCOUNTING_PROFIT,FROZEN_STEP4D,BASE_SERVICE_THEN_PERSISTENT_WEEKLY_SERVICE_THEN_BASE_COVERAGE_THEN_SEVERE_SCENARIO_THEN_EXCESS,IMMEDIATE_RELEASE_ONLY_FOR_AGGREGATE_BASE_SERVICE_RISK_WEEKLY_SERVICE_RISK_REQUIRES_SOE_REVIEW,LOW_COVERAGE_PROTECTS_INVENTORY_WITHOUT_AUTOMATIC_CHASE_RELEASE,SYNTHETIC_PLANNING_GOVERNANCE_2PLUS_FORECAST_WEEKS_BELOW_92PCT_ESCALATES_TO_P1_NO_AUTOMATIC_CHASE,P2_CHASE_AND_REALLOCATION_OPTIONS_ARE_NOT_RELEASED
2026-06-22,2026-08-31,10,APS-001,ECOM,HW_Damped_Mul,ETS,260,10.55,-3.09,247.092,36,SCENARIO_ANALOG,FORWARD_SCENARIO_BAND,0,0,3,28,20,8,ADEQUATE,0.268,0.159,0.75,-4.0,6.0,-1.074,0.0,0.951,0.0,2.025,-0.504,-1.324,1.173,CONDITIONAL_P75_SCENARIO_EXPOSURE_X_FROZEN_SKU_POLICY_CAP,HISTORICAL_PUBLIC_WEATHER_DERIVED_OVERLAY,PROJECT_ASSUMPTION,NO_REALIZED_FUTURE_WEATHER_USED,244.439,247.092,249.443,247.092,5.004,2.025,BASE_WITH_MILD_NORMAL_SEVERE_SCENARIOS,RECONSTRUCTED_DEMAND_UNITS,FROZEN_STEP4B_CHAMPION,FROZEN_STEP4C,DERIVED_FROM_SYNTHETIC_CASE_STUDY_DEMAND,758.867,133.0,936.371,4770.755,381.66,764.109,585845.65,0.07,0.85,244.286,610.714,307.769,9.517,1253.657,244.439,0.0,1009.218,1.0,4.131,292.581,9.619,1238.571,247.092,0.0,991.479,1.0,4.059,281.379,9.707,1227.457,249.443,0.0,978.014,1.0,4.004,0.0,771152.402,2669.374,0.0,757597.45,2622.453,0.0,747308.811,2586.838,1.0,2026-06-29,0.0,0,0,0,P2,LOW_COVERAGE_RISK,PROTECT,"Base-case fill rate meets the governed service target, but ending inventory is below the 2.5-week safety-stock policy. Protect inventory and retain contingency chase capacity; do not release it yet.",1,1,1.0,1.0,0.0,0.0,0.0,0.0,0,0,305.373,331.86,284.537,1.25,1.358,1.165,0.0,0.0,0.0,305.341,326.177,0.0,305.341,326.177,0.0,0.0,0.0,0.0,0,0.0,0.0,326.177,1,0.0,0.0,0.0,21642.102,22071.712,0.0,0.0,0.92,2.5,0.08,0.18,PRIOR_YEAR_SEASONAL_RECEIPTS_SHIFTED_52W_PLUS_FROZEN_SKU_GROWTH,EXPLICIT_SEASONAL_RECEIPT,DERIVED_IBP_DECISION_LAYER,NET_REVENUE_INVENTORY_EXPOSURE_PROXY_NOT_ACCOUNTING_PROFIT,FROZEN_STEP4D,BASE_SERVICE_THEN_PERSISTENT_WEEKLY_SERVICE_THEN_BASE_COVERAGE_THEN_SEVERE_SCENARIO_THEN_EXCESS,IMMEDIATE_RELEASE_ONLY_FOR_AGGREGATE_BASE_SERVICE_RISK_WEEKLY_SERVICE_RISK_REQUIRES_SOE_REVIEW,LOW_COVERAGE_PROTECTS_INVENTORY_WITHOUT_AUTOMATIC_CHASE_RELEASE,SYNTHETIC_PLANNING_GOVERNANCE_2PLUS_FORECAST_WEEKS_BELOW_92PCT_ESCALATES_TO_P1_NO_AUTOMATIC_CHASE,P2_CHASE_AND_REALLOCATION_OPTIONS_ARE_NOT_RELEASED
2026-06-22,2026-08-31,10,APS-001,RETAIL,HW_Damped_Mul,ETS,260,8.83,-0.97,158.905,36,SCENARIO_ANALOG,FORWARD_SCENARIO_BAND,0,0,3,28,20,8,ADEQUATE,0.268,0.155,0.75,-4.0,6.0,-1.074,0.0,0.93,0.0,2.004,-0.508,-1.319,1.178,CONDITIONAL_P75_SCENARIO_EXPOSURE_X_FROZEN_SKU_POLICY_CAP,HISTORICAL_PUBLIC_WEATHER_DERIVED_OVERLAY,PROJECT_ASSUMPTION,NO_REALIZED_FUTURE_WEATHER_USED,157.198,158.905,160.382,158.905,3.184,2.004,BASE_WITH_MILD_NORMAL_SEVERE_SCENARIOS,RECONSTRUCTED_DEMAND_UNITS,FROZEN_STEP4B_CHAMPION,FROZEN_STEP4C,DERIVED_FROM_SYNTHETIC_CASE_STUDY_DEMAND,502.461,96.0,624.5,3114.813,249.185,758.962,383880.5,0.055,0.9,166.09,415.224,66.86,5.195,696.555,157.198,0.0,539.357,1.0,3.247,56.412,5.251,686.162,158.905,0.0,527.257,1.0,3.175,48.855,5.298,678.652,160.382,0.0,518.27,1.0,3.12,0.0,409351.247,1416.985,0.0,400167.988,1385.197,0.0,393347.275,1361.587,1.0,2026-06-29,0.0,0,0,0,P2,LOW_COVERAGE_RISK,PROTECT,"Base-case fill rate meets the governed service target, but ending inventory is below the 2.5-week safety-stock policy. Protect inventory and retain contingency chase capacity; do not release it yet.",1,1,1.0,1.0,0.0,0.0,0.0,0.0,0,0,46.707,64.946,32.687,0.281,0.391,0.197,0.0,0.0,0.0,368.516,382.537,0.0,368.516,382.537,0.0,0.0,0.0,0.0,0,0.0,0.0,249.185,1,133.352,0.0,0.0,10340.301,10633.988,0.0,0.0,0.92,2.5,0.08,0.18,PRIOR_YEAR_SEASONAL_RECEIPTS_SHIFTED_52W_PLUS_FROZEN_SKU_GROWTH,EXPLICIT_SEASONAL_RECEIPT,DERIVED_IBP_DECISION_LAYER,NET_REVENUE_INVENTORY_EXPOSURE_PROXY_NOT_ACCOUNTING_PROFIT,FROZEN_STEP4D,BASE_SERVICE_THEN_PERSISTENT_WEEKLY_SERVICE_THEN_BASE_COVERAGE_THEN_SEVERE_SCENARIO_THEN_EXCESS,IMMEDIATE_RELEASE_ONLY_FOR_AGGREGATE_BASE_SERVICE_RISK_WEEKLY_SERVICE_RISK_REQUIRES_SOE_REVIEW,LOW_COVERAGE_PROTECTS_INVENTORY_WITHOUT_AUTOMATIC_CHASE_RELEASE,SYNTHETIC_PLANNING_GOVERNANCE_2PLUS_FORECAST_WEEKS_BELOW_92PCT_ESCALATES_TO_P1_NO_AUTOMATIC_CHASE,P2_CHASE_AND_REALLOCATION_OPTIONS_ARE_NOT_RELEASED
2026-06-22,2026-08-31,10,APS-001,WHOLESALE,HW_Damped_Add,ETS,260,18.26,-0.35,128.776,36,SCENARIO_ANALOG,FORWARD_SCENARIO_BAND,0,0,3,28,20,8,ADEQUATE,0.289,0.157,0.75,-4.0,6.0,-1.155,0.0,0.943,0.0,2.098,-0.479,-1.28,1.048,CONDITIONAL_P75_SCENARIO_EXPOSURE_X_FROZEN_SKU_POLICY_CAP,HISTORICAL_PUBLIC_WEATHER_DERIVED_OVERLAY,PROJECT_ASSUMPTION,NO_REALIZED_FUTURE_WEATHER_USED,127.289,128.776,129.991,128.776,2.702,2.098,BASE_WITH_MILD_NORMAL_SEVERE_SCENARIOS,RECONSTRUCTED_DEMAND_UNITS,FROZEN_STEP4B_CHAMPION,FROZEN_STEP4C,DERIVED_FROM_SYNTHETIC_CASE_STUDY_DEMAND,419.581,82.0,510.259,2718.984,217.519,415.548,174545.81,0.02,0.5,134.147,335.369,0.0,0.394,510.652,127.289,0.0,383.363,1.0,2.858,0.0,0.31,510.569,128.776,0.0,381.793,1.0,2.846,0.0,0.251,510.51,129.991,0.0,380.519,1.0,2.837,0.0,159305.704,551.443,0.0,158653.03,549.184,0.0,158123.719,547.351,0.332,2026-08-24,62.506,2,1,1,P1,WEEKLY_SERVICE_RISK,ESCALATE,"Base 13-week service meets target, but the series misses the 92% service target in 2 forecast weeks. Worst week 2026-08-24 falls to 33.2% fill with a 62.5-unit gap. Escalate for S&OE review and validate receipt timing, reallocation and chase feasibility before any release.",1,1,0.935,0.927,84.648,96.864,0.065,0.073,1,1,0.0,0.0,0.0,0.0,0.0,0.0,0.0,0.0,0.0,335.369,335.369,0.0,335.369,432.233,0.0,0.0,0.0,0.0,0,0.0,0.0,0.0,0,0.0,35175.203,40251.626,3706.361,3772.726,0.0,0.0,0.92,2.5,0.08,0.18,PRIOR_YEAR_SEASONAL_RECEIPTS_SHIFTED_52W_PLUS_FROZEN_SKU_GROWTH,EXPLICIT_SEASONAL_RECEIPT,DERIVED_IBP_DECISION_LAYER,NET_REVENUE_INVENTORY_EXPOSURE_PROXY_NOT_ACCOUNTING_PROFIT,FROZEN_STEP4D,BASE_SERVICE_THEN_PERSISTENT_WEEKLY_SERVICE_THEN_BASE_COVERAGE_THEN_SEVERE_SCENARIO_THEN_EXCESS,IMMEDIATE_RELEASE_ONLY_FOR_AGGREGATE_BASE_SERVICE_RISK_WEEKLY_SERVICE_RISK_REQUIRES_SOE_REVIEW,LOW_COVERAGE_PROTECTS_INVENTORY_WITHOUT_AUTOMATIC_CHASE_RELEASE,SYNTHETIC_PLANNING_GOVERNANCE_2PLUS_FORECAST_WEEKS_BELOW_92PCT_ESCALATES_TO_P1_NO_AUTOMATIC_CHASE,P2_CHASE_AND_REALLOCATION_OPTIONS_ARE_NOT_RELEASED
2026-06-22,2026-08-31,10,CTS-001,ECOM,HW_Damped_Mul,ETS,260,8.37,-1.12,586.037,36,SCENARIO_ANALOG,FORWARD_SCENARIO_BAND,0,0,3,28,20,8,ADEQUATE,0.277,0.131,0.75,-3.0,4.0,-0.83,0.0,0.523,0.0,1.354,-0.387,-0.998,0.522,CONDITIONAL_P75_SCENARIO_EXPOSURE_X_FROZEN_SKU_POLICY_CAP,HISTORICAL_PUBLIC_WEATHER_DERIVED_OVERLAY,PROJECT_ASSUMPTION,NO_REALIZED_FUTURE_WEATHER_USED,581.171,586.037,589.103,586.037,7.932,1.354,BASE_WITH_MILD_NORMAL_SEVERE_SCENARIOS,RECONSTRUCTED_DEMAND_UNITS,FROZEN_STEP4B_CHAMPION,FROZEN_STEP4C,DERIVED_FROM_SYNTHETIC_CASE_STUDY_DEMAND,1667.095,409.342,2103.537,8586.813,686.945,615.768,1045685.26,0.07,0.85,580.804,1452.01,495.268,26.15,2624.955,581.171,0.0,2043.784,1.0,3.519,459.031,26.369,2588.937,586.037,0.0,2002.9,1.0,3.448,440.289,26.488,2570.315,589.103,0.0,1981.212,1.0,3.411,0.0,1258496.583,4356.334,0.0,1233321.331,4269.189,0.0,1219966.621,4222.961,1.0,2026-06-29,0.0,0,0,0,P2,LOW_COVERAGE_RISK,PROTECT,"Base-case fill rate meets the governed service target, but ending inventory is below the 2.5-week safety-stock policy. Protect inventory and retain contingency chase capacity; do not release it yet.",1,1,1.0,1.0,0.0,0.0,0.0,0.0,0,0,368.542,425.112,334.792,0.635,0.732,0.576,0.0,0.0,0.0,1083.468,1117.218,0.0,1083.468,1117.218,0.0,0.0,0.0,0.0,0,0.0,0.0,686.945,1,430.273,0.0,0.0,43747.478,44551.408,0.0,0.0,0.92,2.5,0.08,0.18,PRIOR_YEAR_SEASONAL_RECEIPTS_SHIFTED_52W_PLUS_FROZEN_SKU_GROWTH,EXPLICIT_SEASONAL_RECEIPT,DERIVED_IBP_DECISION_LAYER,NET_REVENUE_INVENTORY_EXPOSURE_PROXY_NOT_ACCOUNTING_PROFIT,FROZEN_STEP4D,BASE_SERVICE_THEN_PERSISTENT_WEEKLY_SERVICE_THEN_BASE_COVERAGE_THEN_SEVERE_SCENARIO_THEN_EXCESS,IMMEDIATE_RELEASE_ONLY_FOR_AGGREGATE_BASE_SERVICE_RISK_WEEKLY_SERVICE_RISK_REQUIRES_SOE_REVIEW,LOW_COVERAGE_PROTECTS_INVENTORY_WITHOUT_AUTOMATIC_CHASE_RELEASE,SYNTHETIC_PLANNING_GOVERNANCE_2PLUS_FORECAST_WEEKS_BELOW_92PCT_ESCALATES_TO_P1_NO_AUTOMATIC_CHASE,P2_CHASE_AND_REALLOCATION_OPTIONS_ARE_NOT_RELEASED
2026-06-22,2026-08-31,10,CTS-001,RETAIL,HW_Damped_Mul,ETS,260,9.18,0.8,388.456,36,SCENARIO_ANALOG,FORWARD_SCENARIO_BAND,0,0,3,28,20,8,ADEQUATE,0.283,0.131,0.75,-3.0,4.0,-0.849,0.0,0.523,0.0,1.372,-0.396,-1.001,0.517,CONDITIONAL_P75_SCENARIO_EXPOSURE_X_FROZEN_SKU_POLICY_CAP,HISTORICAL_PUBLIC_WEATHER_DERIVED_OVERLAY,PROJECT_ASSUMPTION,NO_REALIZED_FUTURE_WEATHER_USED,385.157,388.456,390.486,388.456,5.329,1.372,BASE_WITH_MILD_NORMAL_SEVERE_SCENARIOS,RECONSTRUCTED_DEMAND_UNITS,FROZEN_STEP4B_CHAMPION,FROZEN_STEP4C,DERIVED_FROM_SYNTHETIC_CASE_STUDY_DEMAND,707.045,286.503,1493.669,5742.657,459.413,614.034,438898.37,0.055,0.9,411.261,1028.153,0.0,12.608,1506.276,385.157,0.0,1121.119,1.0,2.726,0.0,11.485,1505.153,388.456,0.0,1116.697,1.0,2.715,0.0,10.915,1504.584,390.486,0.0,1114.098,1.0,2.709,0.0,688405.537,2382.942,0.0,685690.231,2373.543,0.0,684094.228,2368.018,0.654,2026-08-24,122.844,2,1,1,P1,WEEKLY_SERVICE_RISK,ESCALATE,"Base 13-week service meets target, but the series misses the 92% service target in 2 forecast weeks. Worst week 2026-08-24 falls to 65.4% fill with a 122.8-unit gap. Escalate for S&OE review and validate receipt timing, reallocation and chase feasibility before any release.",1,1,0.956,0.951,201.709,226.204,0.044,0.049,1,1,0.0,0.0,0.0,0.0,0.0,0.0,0.0,0.0,0.0,1028.153,1028.153,0.0,1028.153,1254.357,0.0,0.0,0.0,0.0,0,0.0,0.0,0.0,0,0.0,123855.957,138896.7,19143.477,19410.014,0.0,0.0,0.92,2.5,0.08,0.18,PRIOR_YEAR_SEASONAL_RECEIPTS_SHIFTED_52W_PLUS_FROZEN_SKU_GROWTH,EXPLICIT_SEASONAL_RECEIPT,DERIVED_IBP_DECISION_LAYER,NET_REVENUE_INVENTORY_EXPOSURE_PROXY_NOT_ACCOUNTING_PROFIT,FROZEN_STEP4D,BASE_SERVICE_THEN_PERSISTENT_WEEKLY_SERVICE_THEN_BASE_COVERAGE_THEN_SEVERE_SCENARIO_THEN_EXCESS,IMMEDIATE_RELEASE_ONLY_FOR_AGGREGATE_BASE_SERVICE_RISK_WEEKLY_SERVICE_RISK_REQUIRES_SOE_REVIEW,LOW_COVERAGE_PROTECTS_INVENTORY_WITHOUT_AUTOMATIC_CHASE_RELEASE,SYNTHETIC_PLANNING_GOVERNANCE_2PLUS_FORECAST_WEEKS_BELOW_92PCT_ESCALATES_TO_P1_NO_AUTOMATIC_CHASE,P2_CHASE_AND_REALLOCATION_OPTIONS_ARE_NOT_RELEASED
2026-06-22,2026-08-31,10,CTS-001,WHOLESALE,Seasonal_MA_2Y,BASELINE,260,21.73,2.41,373.5,36,SCENARIO_ANALOG,FORWARD_SCENARIO_BAND,0,0,3,28,20,8,ADEQUATE,0.275,0.131,0.75,-3.0,4.0,-0.826,0.0,0.523,0.0,1.349,-0.377,-1.018,0.487,CONDITIONAL_P75_SCENARIO_EXPOSURE_X_FROZEN_SKU_POLICY_CAP,HISTORICAL_PUBLIC_WEATHER_DERIVED_OVERLAY,PROJECT_ASSUMPTION,NO_REALIZED_FUTURE_WEATHER_USED,370.415,373.5,375.452,373.5,5.038,1.349,BASE_WITH_MILD_NORMAL_SEVERE_SCENARIOS,RECONSTRUCTED_DEMAND_UNITS,FROZEN_STEP4B_CHAMPION,FROZEN_STEP4C,DERIVED_FROM_SYNTHETIC_CASE_STUDY_DEMAND,833.966,205.518,1077.471,4254.815,340.385,337.376,281880.52,0.02,0.5,341.08,852.699,604.758,1.877,1684.106,370.415,0.0,1313.691,1.0,3.852,584.586,1.892,1663.949,373.5,0.0,1290.449,1.0,3.783,574.108,1.901,1653.48,375.452,0.0,1278.028,1.0,3.747,0.0,443207.486,1534.18,0.0,435366.398,1507.038,0.0,431175.768,1492.532,1.0,2026-06-29,0.0,0,0,0,P2,LOW_COVERAGE_RISK,PROTECT,"Base-case fill rate meets the governed service target, but ending inventory is below the 2.5-week safety-stock policy. Protect inventory and retain contingency chase capacity; do not release it yet.",1,1,1.0,1.0,0.0,0.0,0.0,0.0,0,0,310.656,342.966,291.085,0.911,1.006,0.853,0.0,0.0,0.0,542.043,561.614,0.0,542.043,561.614,0.0,0.0,0.0,0.0,0,0.0,0.0,340.385,1,221.229,0.0,0.0,17897.756,18149.013,0.0,0.0,0.92,2.5,0.08,0.18,PRIOR_YEAR_SEASONAL_RECEIPTS_SHIFTED_52W_PLUS_FROZEN_SKU_GROWTH,EXPLICIT_SEASONAL_RECEIPT,DERIVED_IBP_DECISION_LAYER,NET_REVENUE_INVENTORY_EXPOSURE_PROXY_NOT_ACCOUNTING_PROFIT,FROZEN_STEP4D,BASE_SERVICE_THEN_PERSISTENT_WEEKLY_SERVICE_THEN_BASE_COVERAGE_THEN_SEVERE_SCENARIO_THEN_EXCESS,IMMEDIATE_RELEASE_ONLY_FOR_AGGREGATE_BASE_SERVICE_RISK_WEEKLY_SERVICE_RISK_REQUIRES_SOE_REVIEW,LOW_COVERAGE_PROTECTS_INVENTORY_WITHOUT_AUTOMATIC_CHASE_RELEASE,SYNTHETIC_PLANNING_GOVERNANCE_2PLUS_FORECAST_WEEKS_BELOW_92PCT_ESCALATES_TO_P1_NO_AUTOMATIC_CHASE,P2_CHASE_AND_REALLOCATION_OPTIONS_ARE_NOT_RELEASED
2026-06-22,2026-08-31,10,IMH-001,ECOM,HW_Damped_Mul,ETS,260,8.68,-1.32,735.844,36,SCENARIO_ANALOG,FORWARD_SCENARIO_BAND,0,0,3,28,20,8,ADEQUATE,0.26,0.138,0.75,-4.0,5.0,-1.039,0.0,0.689,0.0,1.728,-0.472,-1.442,0.911,CONDITIONAL_P75_SCENARIO_EXPOSURE_X_FROZEN_SKU_POLICY_CAP,HISTORICAL_PUBLIC_WEATHER_DERIVED_OVERLAY,PROJECT_ASSUMPTION,NO_REALIZED_FUTURE_WEATHER_USED,728.199,735.844,740.912,735.844,12.713,1.728,BASE_WITH_MILD_NORMAL_SEVERE_SCENARIOS,RECONSTRUCTED_DEMAND_UNITS,FROZEN_STEP4B_CHAMPION,FROZEN_STEP4C,DERIVED_FROM_SYNTHETIC_CASE_STUDY_DEMAND,1960.271,440.0,2634.187,11432.845,914.628,381.156,756664.65,0.07,0.85,728.833,1822.083,565.932,28.917,3229.036,728.199,0.0,2500.837,1.0,3.431,515.617,29.206,3179.011,735.844,0.0,2443.167,1.0,3.352,489.878,29.388,3153.454,740.912,0.0,2412.542,1.0,3.31,0.0,953207.839,3299.566,0.0,931226.525,3223.476,0.0,919553.581,3183.07,1.0,2026-06-29,0.0,0,0,0,P2,LOW_COVERAGE_RISK,PROTECT,"Base-case fill rate meets the governed service target, but ending inventory is below the 2.5-week safety-stock policy. Protect inventory and retain contingency chase capacity; do not release it yet.",1,1,1.0,1.0,0.0,0.0,0.0,0.0,0,0,393.86,478.784,344.992,0.54,0.657,0.473,0.0,0.0,0.0,1428.223,1477.09,0.0,1428.223,1477.09,0.0,0.0,0.0,0.0,0,0.0,0.0,914.628,1,562.462,0.0,0.0,28691.117,29399.633,0.0,0.0,0.92,2.5,0.08,0.18,PRIOR_YEAR_SEASONAL_RECEIPTS_SHIFTED_52W_PLUS_FROZEN_SKU_GROWTH,EXPLICIT_SEASONAL_RECEIPT,DERIVED_IBP_DECISION_LAYER,NET_REVENUE_INVENTORY_EXPOSURE_PROXY_NOT_ACCOUNTING_PROFIT,FROZEN_STEP4D,BASE_SERVICE_THEN_PERSISTENT_WEEKLY_SERVICE_THEN_BASE_COVERAGE_THEN_SEVERE_SCENARIO_THEN_EXCESS,IMMEDIATE_RELEASE_ONLY_FOR_AGGREGATE_BASE_SERVICE_RISK_WEEKLY_SERVICE_RISK_REQUIRES_SOE_REVIEW,LOW_COVERAGE_PROTECTS_INVENTORY_WITHOUT_AUTOMATIC_CHASE_RELEASE,SYNTHETIC_PLANNING_GOVERNANCE_2PLUS_FORECAST_WEEKS_BELOW_92PCT_ESCALATES_TO_P1_NO_AUTOMATIC_CHASE,P2_CHASE_AND_REALLOCATION_OPTIONS_ARE_NOT_RELEASED
2026-06-22,2026-08-31,10,IMH-001,RETAIL,HW_Damped_Mul,ETS,260,8.48,-1.21,460.097,36,SCENARIO_ANALOG,FORWARD_SCENARIO_BAND,0,0,3,28,20,8,ADEQUATE,0.252,0.138,0.75,-4.0,5.0,-1.007,0.0,0.689,0.0,1.695,-0.46,-1.557,0.898,CONDITIONAL_P75_SCENARIO_EXPOSURE_X_FROZEN_SKU_POLICY_CAP,HISTORICAL_PUBLIC_WEATHER_DERIVED_OVERLAY,PROJECT_ASSUMPTION,NO_REALIZED_FUTURE_WEATHER_USED,455.466,460.097,463.265,460.097,7.8,1.695,BASE_WITH_MILD_NORMAL_SEVERE_SCENARIOS,RECONSTRUCTED_DEMAND_UNITS,FROZEN_STEP4B_CHAMPION,FROZEN_STEP4C,DERIVED_FROM_SYNTHETIC_CASE_STUDY_DEMAND,1782.926,343.0,1845.198,8900.319,712.025,376.051,681077.82,0.055,0.9,496.865,1242.162,382.049,18.016,2245.262,455.466,0.0,1789.796,1.0,3.602,347.071,18.186,2210.455,460.097,0.0,1750.358,1.0,3.523,329.854,18.293,2193.345,463.265,0.0,1730.08,1.0,3.482,0.0,673054.612,2329.804,0.0,658223.797,2278.467,0.0,650598.254,2252.071,1.0,2026-06-29,0.0,0,0,0,P2,LOW_COVERAGE_RISK,PROTECT,"Base-case fill rate meets the governed service target, but ending inventory is below the 2.5-week safety-stock policy. Protect inventory and retain contingency chase capacity; do not release it yet.",1,1,1.0,1.0,0.0,0.0,0.0,0.0,0,0,297.254,355.298,262.508,0.598,0.715,0.528,0.0,0.0,0.0,944.908,979.654,0.0,944.908,979.654,0.0,0.0,0.0,0.0,0,0.0,0.0,712.025,1,267.629,0.0,0.0,20380.389,20863.828,0.0,0.0,0.92,2.5,0.08,0.18,PRIOR_YEAR_SEASONAL_RECEIPTS_SHIFTED_52W_PLUS_FROZEN_SKU_GROWTH,EXPLICIT_SEASONAL_RECEIPT,DERIVED_IBP_DECISION_LAYER,NET_REVENUE_INVENTORY_EXPOSURE_PROXY_NOT_ACCOUNTING_PROFIT,FROZEN_STEP4D,BASE_SERVICE_THEN_PERSISTENT_WEEKLY_SERVICE_THEN_BASE_COVERAGE_THEN_SEVERE_SCENARIO_THEN_EXCESS,IMMEDIATE_RELEASE_ONLY_FOR_AGGREGATE_BASE_SERVICE_RISK_WEEKLY_SERVICE_RISK_REQUIRES_SOE_REVIEW,LOW_COVERAGE_PROTECTS_INVENTORY_WITHOUT_AUTOMATIC_CHASE_RELEASE,SYNTHETIC_PLANNING_GOVERNANCE_2PLUS_FORECAST_WEEKS_BELOW_92PCT_ESCALATES_TO_P1_NO_AUTOMATIC_CHASE,P2_CHASE_AND_REALLOCATION_OPTIONS_ARE_NOT_RELEASED
2026-06-22,2026-08-31,10,IMH-001,WHOLESALE,HW_Add_Add,ETS,260,18.55,1.41,385.161,36,SCENARIO_ANALOG,FORWARD_SCENARIO_BAND,0,0,3,28,20,8,ADEQUATE,0.256,0.12,0.75,-4.0,5.0,-1.024,0.0,0.599,0.0,1.623,-0.468,-1.629,0.899,CONDITIONAL_P75_SCENARIO_EXPOSURE_X_FROZEN_SKU_POLICY_CAP,HISTORICAL_PUBLIC_WEATHER_DERIVED_OVERLAY,PROJECT_ASSUMPTION,NO_REALIZED_FUTURE_WEATHER_USED,381.216,385.161,387.468,385.161,6.252,1.623,BASE_WITH_MILD_NORMAL_SEVERE_SCENARIOS,RECONSTRUCTED_DEMAND_UNITS,FROZEN_STEP4B_CHAMPION,FROZEN_STEP4C,DERIVED_FROM_SYNTHETIC_CASE_STUDY_DEMAND,930.627,282.0,1445.85,6251.029,500.082,207.635,193570.36,0.02,0.5,385.674,964.185,0.0,2.522,1448.373,381.216,0.0,1067.157,1.0,2.767,0.0,2.237,1448.088,385.161,0.0,1062.927,1.0,2.756,0.0,2.121,1447.972,387.468,0.0,1060.504,1.0,2.75,0.0,221579.301,767.005,0.0,220701.072,763.965,0.0,220197.929,762.224,0.741,2026-08-24,78.388,2,1,1,P1,WEEKLY_SERVICE_RISK,ESCALATE,"Base 13-week service meets target, but the series misses the 92% service target in 2 forecast weeks. Worst week 2026-08-24 falls to 74.1% fill with a 78.4-unit gap. Escalate for S&OE review and validate receipt timing, reallocation and chase feasibility before any release.",1,1,0.961,0.955,161.037,186.474,0.039,0.045,1,1,0.0,0.0,0.0,0.0,0.0,0.0,0.0,0.0,0.0,964.185,964.185,0.0,964.185,1150.659,0.0,0.0,0.0,0.0,0,0.0,0.0,0.0,0,0.0,33436.964,38718.609,6327.247,6438.521,0.0,0.0,0.92,2.5,0.08,0.18,PRIOR_YEAR_SEASONAL_RECEIPTS_SHIFTED_52W_PLUS_FROZEN_SKU_GROWTH,EXPLICIT_SEASONAL_RECEIPT,DERIVED_IBP_DECISION_LAYER,NET_REVENUE_INVENTORY_EXPOSURE_PROXY_NOT_ACCOUNTING_PROFIT,FROZEN_STEP4D,BASE_SERVICE_THEN_PERSISTENT_WEEKLY_SERVICE_THEN_BASE_COVERAGE_THEN_SEVERE_SCENARIO_THEN_EXCESS,IMMEDIATE_RELEASE_ONLY_FOR_AGGREGATE_BASE_SERVICE_RISK_WEEKLY_SERVICE_RISK_REQUIRES_SOE_REVIEW,LOW_COVERAGE_PROTECTS_INVENTORY_WITHOUT_AUTOMATIC_CHASE_RELEASE,SYNTHETIC_PLANNING_GOVERNANCE_2PLUS_FORECAST_WEEKS_BELOW_92PCT_ESCALATES_TO_P1_NO_AUTOMATIC_CHASE,P2_CHASE_AND_REALLOCATION_OPTIONS_ARE_NOT_RELEASED
2026-06-22,2026-09-07,11,APS-001,ECOM,HW_Damped_Mul,ETS,260,10.55,-3.09,244.925,37,SCENARIO_ANALOG,FORWARD_SCENARIO_BAND,0,0,2,20,16,5,ADEQUATE,0.283,0.179,0.75,-4.0,6.0,-1.133,0.0,1.072,0.0,2.205,-0.596,-1.324,1.173,CONDITIONAL_P75_SCENARIO_EXPOSURE_X_FROZEN_SKU_POLICY_CAP,HISTORICAL_PUBLIC_WEATHER_DERIVED_OVERLAY,PROJECT_ASSUMPTION,NO_REALIZED_FUTURE_WEATHER_USED,242.149,244.925,247.55,244.925,5.401,2.205,BASE_WITH_MILD_NORMAL_SEVERE_SCENARIOS,RECONSTRUCTED_DEMAND_UNITS,FROZEN_STEP4B_CHAMPION,FROZEN_STEP4C,DERIVED_FROM_SYNTHETIC_CASE_STUDY_DEMAND,758.867,133.0,0.0,4770.755,381.66,764.109,585845.65,0.07,0.85,244.286,610.714,1009.218,14.544,1023.762,242.149,0.0,781.613,1.0,3.2,991.479,14.702,1006.181,244.925,0.0,761.256,1.0,3.116,978.014,14.842,992.856,247.55,0.0,745.306,1.0,3.051,0.0,597237.535,2067.361,0.0,581682.034,2013.515,0.0,569494.497,1971.327,1.0,2026-06-29,0.0,0,0,0,P2,LOW_COVERAGE_RISK,PROTECT,"Base-case fill rate meets the governed service target, but ending inventory is below the 2.5-week safety-stock policy. Protect inventory and retain contingency chase capacity; do not release it yet.",1,1,1.0,1.0,0.0,0.0,0.0,0.0,0,0,305.373,331.86,284.537,1.25,1.358,1.165,0.0,0.0,0.0,305.341,326.177,0.0,305.341,326.177,0.0,0.0,0.0,0.0,0,0.0,0.0,326.177,1,0.0,0.0,0.0,21642.102,22071.712,0.0,0.0,0.92,2.5,0.08,0.18,PRIOR_YEAR_SEASONAL_RECEIPTS_SHIFTED_52W_PLUS_FROZEN_SKU_GROWTH,EXPLICIT_SEASONAL_RECEIPT,DERIVED_IBP_DECISION_LAYER,NET_REVENUE_INVENTORY_EXPOSURE_PROXY_NOT_ACCOUNTING_PROFIT,FROZEN_STEP4D,BASE_SERVICE_THEN_PERSISTENT_WEEKLY_SERVICE_THEN_BASE_COVERAGE_THEN_SEVERE_SCENARIO_THEN_EXCESS,IMMEDIATE_RELEASE_ONLY_FOR_AGGREGATE_BASE_SERVICE_RISK_WEEKLY_SERVICE_RISK_REQUIRES_SOE_REVIEW,LOW_COVERAGE_PROTECTS_INVENTORY_WITHOUT_AUTOMATIC_CHASE_RELEASE,SYNTHETIC_PLANNING_GOVERNANCE_2PLUS_FORECAST_WEEKS_BELOW_92PCT_ESCALATES_TO_P1_NO_AUTOMATIC_CHASE,P2_CHASE_AND_REALLOCATION_OPTIONS_ARE_NOT_RELEASED
2026-06-22,2026-09-07,11,APS-001,RETAIL,HW_Damped_Mul,ETS,260,8.83,-0.97,170.243,37,SCENARIO_ANALOG,FORWARD_SCENARIO_BAND,0,0,2,20,16,5,ADEQUATE,0.284,0.174,0.75,-4.0,6.0,-1.134,0.0,1.045,0.0,2.18,-0.598,-1.319,1.178,CONDITIONAL_P75_SCENARIO_EXPOSURE_X_FROZEN_SKU_POLICY_CAP,HISTORICAL_PUBLIC_WEATHER_DERIVED_OVERLAY,PROJECT_ASSUMPTION,NO_REALIZED_FUTURE_WEATHER_USED,168.312,170.243,172.023,170.243,3.711,2.18,BASE_WITH_MILD_NORMAL_SEVERE_SCENARIOS,RECONSTRUCTED_DEMAND_UNITS,FROZEN_STEP4B_CHAMPION,FROZEN_STEP4C,DERIVED_FROM_SYNTHETIC_CASE_STUDY_DEMAND,502.461,96.0,0.0,3114.813,249.185,758.962,383880.5,0.055,0.9,166.09,415.224,539.357,7.781,547.138,168.312,0.0,378.826,1.0,2.281,527.257,7.866,535.123,170.243,0.0,364.88,1.0,2.197,518.27,7.939,526.209,172.023,0.0,354.186,1.0,2.133,0.0,287514.603,995.243,0.0,276929.919,958.604,0.0,268813.743,930.509,1.0,2026-06-29,0.0,0,0,0,P2,LOW_COVERAGE_RISK,PROTECT,"Base-case fill rate meets the governed service target, but ending inventory is below the 2.5-week safety-stock policy. Protect inventory and retain contingency chase capacity; do not release it yet.",1,1,1.0,1.0,0.0,0.0,0.0,0.0,0,0,46.707,64.946,32.687,0.281,0.391,0.197,0.0,0.0,0.0,368.516,382.537,0.0,368.516,382.537,0.0,0.0,0.0,0.0,0,0.0,0.0,249.185,1,133.352,0.0,0.0,10340.301,10633.988,0.0,0.0,0.92,2.5,0.08,0.18,PRIOR_YEAR_SEASONAL_RECEIPTS_SHIFTED_52W_PLUS_FROZEN_SKU_GROWTH,EXPLICIT_SEASONAL_RECEIPT,DERIVED_IBP_DECISION_LAYER,NET_REVENUE_INVENTORY_EXPOSURE_PROXY_NOT_ACCOUNTING_PROFIT,FROZEN_STEP4D,BASE_SERVICE_THEN_PERSISTENT_WEEKLY_SERVICE_THEN_BASE_COVERAGE_THEN_SEVERE_SCENARIO_THEN_EXCESS,IMMEDIATE_RELEASE_ONLY_FOR_AGGREGATE_BASE_SERVICE_RISK_WEEKLY_SERVICE_RISK_REQUIRES_SOE_REVIEW,LOW_COVERAGE_PROTECTS_INVENTORY_WITHOUT_AUTOMATIC_CHASE_RELEASE,SYNTHETIC_PLANNING_GOVERNANCE_2PLUS_FORECAST_WEEKS_BELOW_92PCT_ESCALATES_TO_P1_NO_AUTOMATIC_CHASE,P2_CHASE_AND_REALLOCATION_OPTIONS_ARE_NOT_RELEASED
2026-06-22,2026-09-07,11,APS-001,WHOLESALE,HW_Damped_Add,ETS,260,18.26,-0.35,128.46,37,SCENARIO_ANALOG,FORWARD_SCENARIO_BAND,0,0,2,20,16,5,ADEQUATE,0.289,0.174,0.75,-4.0,6.0,-1.155,0.0,1.043,0.0,2.198,-0.573,-1.28,1.048,CONDITIONAL_P75_SCENARIO_EXPOSURE_X_FROZEN_SKU_POLICY_CAP,HISTORICAL_PUBLIC_WEATHER_DERIVED_OVERLAY,PROJECT_ASSUMPTION,NO_REALIZED_FUTURE_WEATHER_USED,126.976,128.46,129.8,128.46,2.824,2.198,BASE_WITH_MILD_NORMAL_SEVERE_SCENARIOS,RECONSTRUCTED_DEMAND_UNITS,FROZEN_STEP4B_CHAMPION,FROZEN_STEP4C,DERIVED_FROM_SYNTHETIC_CASE_STUDY_DEMAND,419.581,82.0,0.0,2718.984,217.519,415.548,174545.81,0.02,0.5,134.147,335.369,383.363,1.273,384.636,126.976,0.0,257.66,1.0,1.921,381.793,1.288,383.08,128.46,0.0,254.62,1.0,1.898,380.519,1.3,381.819,129.8,0.0,252.019,1.0,1.879,0.0,107070.078,370.627,0.0,105806.911,366.255,0.0,104725.815,362.512,0.332,2026-08-24,62.506,2,1,1,P1,WEEKLY_SERVICE_RISK,ESCALATE,"Base 13-week service meets target, but the series misses the 92% service target in 2 forecast weeks. Worst week 2026-08-24 falls to 33.2% fill with a 62.5-unit gap. Escalate for S&OE review and validate receipt timing, reallocation and chase feasibility before any release.",1,1,0.935,0.927,84.648,96.864,0.065,0.073,1,1,0.0,0.0,0.0,0.0,0.0,0.0,0.0,0.0,0.0,335.369,335.369,0.0,335.369,432.233,0.0,0.0,0.0,0.0,0,0.0,0.0,0.0,0,0.0,35175.203,40251.626,3706.361,3772.726,0.0,0.0,0.92,2.5,0.08,0.18,PRIOR_YEAR_SEASONAL_RECEIPTS_SHIFTED_52W_PLUS_FROZEN_SKU_GROWTH,EXPLICIT_SEASONAL_RECEIPT,DERIVED_IBP_DECISION_LAYER,NET_REVENUE_INVENTORY_EXPOSURE_PROXY_NOT_ACCOUNTING_PROFIT,FROZEN_STEP4D,BASE_SERVICE_THEN_PERSISTENT_WEEKLY_SERVICE_THEN_BASE_COVERAGE_THEN_SEVERE_SCENARIO_THEN_EXCESS,IMMEDIATE_RELEASE_ONLY_FOR_AGGREGATE_BASE_SERVICE_RISK_WEEKLY_SERVICE_RISK_REQUIRES_SOE_REVIEW,LOW_COVERAGE_PROTECTS_INVENTORY_WITHOUT_AUTOMATIC_CHASE_RELEASE,SYNTHETIC_PLANNING_GOVERNANCE_2PLUS_FORECAST_WEEKS_BELOW_92PCT_ESCALATES_TO_P1_NO_AUTOMATIC_CHASE,P2_CHASE_AND_REALLOCATION_OPTIONS_ARE_NOT_RELEASED
2026-06-22,2026-09-07,11,CTS-001,ECOM,HW_Damped_Mul,ETS,260,8.37,-1.12,580.001,37,SCENARIO_ANALOG,FORWARD_SCENARIO_BAND,0,0,2,20,16,5,ADEQUATE,0.278,0.183,0.75,-3.0,4.0,-0.834,0.0,0.734,0.0,1.567,-0.416,-0.998,0.522,CONDITIONAL_P75_SCENARIO_EXPOSURE_X_FROZEN_SKU_POLICY_CAP,HISTORICAL_PUBLIC_WEATHER_DERIVED_OVERLAY,PROJECT_ASSUMPTION,NO_REALIZED_FUTURE_WEATHER_USED,575.165,580.001,584.255,580.001,9.091,1.567,BASE_WITH_MILD_NORMAL_SEVERE_SCENARIOS,RECONSTRUCTED_DEMAND_UNITS,FROZEN_STEP4B_CHAMPION,FROZEN_STEP4C,DERIVED_FROM_SYNTHETIC_CASE_STUDY_DEMAND,1667.095,409.342,0.0,8586.813,686.945,615.768,1045685.26,0.07,0.85,580.804,1452.01,2043.784,34.58,2078.364,575.165,0.0,1503.199,1.0,2.588,2002.9,34.869,2037.769,580.001,0.0,1457.768,1.0,2.51,1981.212,35.052,2016.264,584.255,0.0,1432.009,1.0,2.466,0.0,925621.557,3204.075,0.0,897646.733,3107.239,0.0,881784.88,3052.332,1.0,2026-06-29,0.0,0,0,0,P2,LOW_COVERAGE_RISK,PROTECT,"Base-case fill rate meets the governed service target, but ending inventory is below the 2.5-week safety-stock policy. Protect inventory and retain contingency chase capacity; do not release it yet.",1,1,1.0,1.0,0.0,0.0,0.0,0.0,0,0,368.542,425.112,334.792,0.635,0.732,0.576,0.0,0.0,0.0,1083.468,1117.218,0.0,1083.468,1117.218,0.0,0.0,0.0,0.0,0,0.0,0.0,686.945,1,430.273,0.0,0.0,43747.478,44551.408,0.0,0.0,0.92,2.5,0.08,0.18,PRIOR_YEAR_SEASONAL_RECEIPTS_SHIFTED_52W_PLUS_FROZEN_SKU_GROWTH,EXPLICIT_SEASONAL_RECEIPT,DERIVED_IBP_DECISION_LAYER,NET_REVENUE_INVENTORY_EXPOSURE_PROXY_NOT_ACCOUNTING_PROFIT,FROZEN_STEP4D,BASE_SERVICE_THEN_PERSISTENT_WEEKLY_SERVICE_THEN_BASE_COVERAGE_THEN_SEVERE_SCENARIO_THEN_EXCESS,IMMEDIATE_RELEASE_ONLY_FOR_AGGREGATE_BASE_SERVICE_RISK_WEEKLY_SERVICE_RISK_REQUIRES_SOE_REVIEW,LOW_COVERAGE_PROTECTS_INVENTORY_WITHOUT_AUTOMATIC_CHASE_RELEASE,SYNTHETIC_PLANNING_GOVERNANCE_2PLUS_FORECAST_WEEKS_BELOW_92PCT_ESCALATES_TO_P1_NO_AUTOMATIC_CHASE,P2_CHASE_AND_REALLOCATION_OPTIONS_ARE_NOT_RELEASED
2026-06-22,2026-09-07,11,CTS-001,RETAIL,HW_Damped_Mul,ETS,260,9.18,0.8,406.817,37,SCENARIO_ANALOG,FORWARD_SCENARIO_BAND,0,0,2,20,16,5,ADEQUATE,0.283,0.183,0.75,-3.0,4.0,-0.849,0.0,0.732,0.0,1.581,-0.405,-1.001,0.517,CONDITIONAL_P75_SCENARIO_EXPOSURE_X_FROZEN_SKU_POLICY_CAP,HISTORICAL_PUBLIC_WEATHER_DERIVED_OVERLAY,PROJECT_ASSUMPTION,NO_REALIZED_FUTURE_WEATHER_USED,403.362,406.817,409.794,406.817,6.432,1.581,BASE_WITH_MILD_NORMAL_SEVERE_SCENARIOS,RECONSTRUCTED_DEMAND_UNITS,FROZEN_STEP4B_CHAMPION,FROZEN_STEP4C,DERIVED_FROM_SYNTHETIC_CASE_STUDY_DEMAND,707.045,286.503,0.0,5742.657,459.413,614.034,438898.37,0.055,0.9,411.261,1028.153,1121.119,19.065,1140.185,403.362,0.0,736.823,1.0,1.792,1116.697,19.229,1135.926,406.817,0.0,729.109,1.0,1.773,1114.098,19.329,1133.427,409.794,0.0,723.633,1.0,1.76,0.0,452434.223,1566.118,0.0,447697.7,1549.723,0.0,444335.419,1538.084,0.654,2026-08-24,122.844,2,1,1,P1,WEEKLY_SERVICE_RISK,ESCALATE,"Base 13-week service meets target, but the series misses the 92% service target in 2 forecast weeks. Worst week 2026-08-24 falls to 65.4% fill with a 122.8-unit gap. Escalate for S&OE review and validate receipt timing, reallocation and chase feasibility before any release.",1,1,0.956,0.951,201.709,226.204,0.044,0.049,1,1,0.0,0.0,0.0,0.0,0.0,0.0,0.0,0.0,0.0,1028.153,1028.153,0.0,1028.153,1254.357,0.0,0.0,0.0,0.0,0,0.0,0.0,0.0,0,0.0,123855.957,138896.7,19143.477,19410.014,0.0,0.0,0.92,2.5,0.08,0.18,PRIOR_YEAR_SEASONAL_RECEIPTS_SHIFTED_52W_PLUS_FROZEN_SKU_GROWTH,EXPLICIT_SEASONAL_RECEIPT,DERIVED_IBP_DECISION_LAYER,NET_REVENUE_INVENTORY_EXPOSURE_PROXY_NOT_ACCOUNTING_PROFIT,FROZEN_STEP4D,BASE_SERVICE_THEN_PERSISTENT_WEEKLY_SERVICE_THEN_BASE_COVERAGE_THEN_SEVERE_SCENARIO_THEN_EXCESS,IMMEDIATE_RELEASE_ONLY_FOR_AGGREGATE_BASE_SERVICE_RISK_WEEKLY_SERVICE_RISK_REQUIRES_SOE_REVIEW,LOW_COVERAGE_PROTECTS_INVENTORY_WITHOUT_AUTOMATIC_CHASE_RELEASE,SYNTHETIC_PLANNING_GOVERNANCE_2PLUS_FORECAST_WEEKS_BELOW_92PCT_ESCALATES_TO_P1_NO_AUTOMATIC_CHASE,P2_CHASE_AND_REALLOCATION_OPTIONS_ARE_NOT_RELEASED
2026-06-22,2026-09-07,11,CTS-001,WHOLESALE,Seasonal_MA_2Y,BASELINE,260,21.73,2.41,433.5,37,SCENARIO_ANALOG,FORWARD_SCENARIO_BAND,0,0,2,20,16,5,ADEQUATE,0.278,0.182,0.75,-3.0,4.0,-0.833,0.0,0.729,0.0,1.562,-0.408,-1.018,0.487,CONDITIONAL_P75_SCENARIO_EXPOSURE_X_FROZEN_SKU_POLICY_CAP,HISTORICAL_PUBLIC_WEATHER_DERIVED_OVERLAY,PROJECT_ASSUMPTION,NO_REALIZED_FUTURE_WEATHER_USED,429.889,433.5,436.66,433.5,6.771,1.562,BASE_WITH_MILD_NORMAL_SEVERE_SCENARIOS,RECONSTRUCTED_DEMAND_UNITS,FROZEN_STEP4B_CHAMPION,FROZEN_STEP4C,DERIVED_FROM_SYNTHETIC_CASE_STUDY_DEMAND,833.966,205.518,0.0,4254.815,340.385,337.376,281880.52,0.02,0.5,341.08,852.699,1313.691,3.704,1317.395,429.889,0.0,887.506,1.0,2.602,1290.449,3.735,1294.184,433.5,0.0,860.684,1.0,2.523,1278.028,3.755,1281.782,436.66,0.0,845.122,1.0,2.478,0.0,299423.005,1036.464,0.0,290374.061,1005.141,0.0,285123.909,986.967,1.0,2026-06-29,0.0,0,0,0,P2,LOW_COVERAGE_RISK,PROTECT,"Base-case fill rate meets the governed service target, but ending inventory is below the 2.5-week safety-stock policy. Protect inventory and retain contingency chase capacity; do not release it yet.",1,1,1.0,1.0,0.0,0.0,0.0,0.0,0,0,310.656,342.966,291.085,0.911,1.006,0.853,0.0,0.0,0.0,542.043,561.614,0.0,542.043,561.614,0.0,0.0,0.0,0.0,0,0.0,0.0,340.385,1,221.229,0.0,0.0,17897.756,18149.013,0.0,0.0,0.92,2.5,0.08,0.18,PRIOR_YEAR_SEASONAL_RECEIPTS_SHIFTED_52W_PLUS_FROZEN_SKU_GROWTH,EXPLICIT_SEASONAL_RECEIPT,DERIVED_IBP_DECISION_LAYER,NET_REVENUE_INVENTORY_EXPOSURE_PROXY_NOT_ACCOUNTING_PROFIT,FROZEN_STEP4D,BASE_SERVICE_THEN_PERSISTENT_WEEKLY_SERVICE_THEN_BASE_COVERAGE_THEN_SEVERE_SCENARIO_THEN_EXCESS,IMMEDIATE_RELEASE_ONLY_FOR_AGGREGATE_BASE_SERVICE_RISK_WEEKLY_SERVICE_RISK_REQUIRES_SOE_REVIEW,LOW_COVERAGE_PROTECTS_INVENTORY_WITHOUT_AUTOMATIC_CHASE_RELEASE,SYNTHETIC_PLANNING_GOVERNANCE_2PLUS_FORECAST_WEEKS_BELOW_92PCT_ESCALATES_TO_P1_NO_AUTOMATIC_CHASE,P2_CHASE_AND_REALLOCATION_OPTIONS_ARE_NOT_RELEASED
2026-06-22,2026-09-07,11,IMH-001,ECOM,HW_Damped_Mul,ETS,260,8.68,-1.32,707.128,37,SCENARIO_ANALOG,FORWARD_SCENARIO_BAND,0,0,2,20,16,5,ADEQUATE,0.277,0.177,0.75,-4.0,5.0,-1.108,0.0,0.886,0.0,1.994,-0.54,-1.442,0.911,CONDITIONAL_P75_SCENARIO_EXPOSURE_X_FROZEN_SKU_POLICY_CAP,HISTORICAL_PUBLIC_WEATHER_DERIVED_OVERLAY,PROJECT_ASSUMPTION,NO_REALIZED_FUTURE_WEATHER_USED,699.29,707.128,713.393,707.128,14.103,1.994,BASE_WITH_MILD_NORMAL_SEVERE_SCENARIOS,RECONSTRUCTED_DEMAND_UNITS,FROZEN_STEP4B_CHAMPION,FROZEN_STEP4C,DERIVED_FROM_SYNTHETIC_CASE_STUDY_DEMAND,1960.271,440.0,0.0,11432.845,914.628,381.156,756664.65,0.07,0.85,728.833,1822.083,2500.837,43.328,2544.165,699.29,0.0,1844.875,1.0,2.531,2443.167,43.783,2486.949,707.128,0.0,1779.821,1.0,2.442,2412.542,44.084,2456.626,713.393,0.0,1743.233,1.0,2.392,0.0,703184.234,2434.099,0.0,678388.803,2348.269,0.0,664442.855,2299.994,1.0,2026-06-29,0.0,0,0,0,P2,LOW_COVERAGE_RISK,PROTECT,"Base-case fill rate meets the governed service target, but ending inventory is below the 2.5-week safety-stock policy. Protect inventory and retain contingency chase capacity; do not release it yet.",1,1,1.0,1.0,0.0,0.0,0.0,0.0,0,0,393.86,478.784,344.992,0.54,0.657,0.473,0.0,0.0,0.0,1428.223,1477.09,0.0,1428.223,1477.09,0.0,0.0,0.0,0.0,0,0.0,0.0,914.628,1,562.462,0.0,0.0,28691.117,29399.633,0.0,0.0,0.92,2.5,0.08,0.18,PRIOR_YEAR_SEASONAL_RECEIPTS_SHIFTED_52W_PLUS_FROZEN_SKU_GROWTH,EXPLICIT_SEASONAL_RECEIPT,DERIVED_IBP_DECISION_LAYER,NET_REVENUE_INVENTORY_EXPOSURE_PROXY_NOT_ACCOUNTING_PROFIT,FROZEN_STEP4D,BASE_SERVICE_THEN_PERSISTENT_WEEKLY_SERVICE_THEN_BASE_COVERAGE_THEN_SEVERE_SCENARIO_THEN_EXCESS,IMMEDIATE_RELEASE_ONLY_FOR_AGGREGATE_BASE_SERVICE_RISK_WEEKLY_SERVICE_RISK_REQUIRES_SOE_REVIEW,LOW_COVERAGE_PROTECTS_INVENTORY_WITHOUT_AUTOMATIC_CHASE_RELEASE,SYNTHETIC_PLANNING_GOVERNANCE_2PLUS_FORECAST_WEEKS_BELOW_92PCT_ESCALATES_TO_P1_NO_AUTOMATIC_CHASE,P2_CHASE_AND_REALLOCATION_OPTIONS_ARE_NOT_RELEASED
2026-06-22,2026-09-07,11,IMH-001,RETAIL,HW_Damped_Mul,ETS,260,8.48,-1.21,536.416,37,SCENARIO_ANALOG,FORWARD_SCENARIO_BAND,0,0,2,20,16,5,ADEQUATE,0.27,0.198,0.75,-4.0,5.0,-1.081,0.0,0.991,0.0,2.072,-0.502,-1.557,0.898,CONDITIONAL_P75_SCENARIO_EXPOSURE_X_FROZEN_SKU_POLICY_CAP,HISTORICAL_PUBLIC_WEATHER_DERIVED_OVERLAY,PROJECT_ASSUMPTION,NO_REALIZED_FUTURE_WEATHER_USED,530.616,536.416,541.731,536.416,11.115,2.072,BASE_WITH_MILD_NORMAL_SEVERE_SCENARIOS,RECONSTRUCTED_DEMAND_UNITS,FROZEN_STEP4B_CHAMPION,FROZEN_STEP4C,DERIVED_FROM_SYNTHETIC_CASE_STUDY_DEMAND,1782.926,343.0,0.0,8900.319,712.025,376.051,681077.82,0.055,0.9,496.865,1242.162,1789.796,22.546,1812.342,530.616,0.0,1281.726,1.0,2.58,1750.358,22.775,1773.133,536.416,0.0,1236.717,1.0,2.489,1730.08,22.932,1753.012,541.731,0.0,1211.281,1.0,2.438,0.0,481994.234,1668.442,0.0,465068.527,1609.853,0.0,455503.244,1576.742,1.0,2026-06-29,0.0,0,0,0,P2,LOW_COVERAGE_RISK,PROTECT,"Base-case fill rate meets the governed service target, but ending inventory is below the 2.5-week safety-stock policy. Protect inventory and retain contingency chase capacity; do not release it yet.",1,1,1.0,1.0,0.0,0.0,0.0,0.0,0,0,297.254,355.298,262.508,0.598,0.715,0.528,0.0,0.0,0.0,944.908,979.654,0.0,944.908,979.654,0.0,0.0,0.0,0.0,0,0.0,0.0,712.025,1,267.629,0.0,0.0,20380.389,20863.828,0.0,0.0,0.92,2.5,0.08,0.18,PRIOR_YEAR_SEASONAL_RECEIPTS_SHIFTED_52W_PLUS_FROZEN_SKU_GROWTH,EXPLICIT_SEASONAL_RECEIPT,DERIVED_IBP_DECISION_LAYER,NET_REVENUE_INVENTORY_EXPOSURE_PROXY_NOT_ACCOUNTING_PROFIT,FROZEN_STEP4D,BASE_SERVICE_THEN_PERSISTENT_WEEKLY_SERVICE_THEN_BASE_COVERAGE_THEN_SEVERE_SCENARIO_THEN_EXCESS,IMMEDIATE_RELEASE_ONLY_FOR_AGGREGATE_BASE_SERVICE_RISK_WEEKLY_SERVICE_RISK_REQUIRES_SOE_REVIEW,LOW_COVERAGE_PROTECTS_INVENTORY_WITHOUT_AUTOMATIC_CHASE_RELEASE,SYNTHETIC_PLANNING_GOVERNANCE_2PLUS_FORECAST_WEEKS_BELOW_92PCT_ESCALATES_TO_P1_NO_AUTOMATIC_CHASE,P2_CHASE_AND_REALLOCATION_OPTIONS_ARE_NOT_RELEASED
2026-06-22,2026-09-07,11,IMH-001,WHOLESALE,HW_Add_Add,ETS,260,18.55,1.41,432.777,37,SCENARIO_ANALOG,FORWARD_SCENARIO_BAND,0,0,2,20,16,5,ADEQUATE,0.27,0.172,0.75,-4.0,5.0,-1.082,0.0,0.859,0.0,1.94,-0.51,-1.629,0.899,CONDITIONAL_P75_SCENARIO_EXPOSURE_X_FROZEN_SKU_POLICY_CAP,HISTORICAL_PUBLIC_WEATHER_DERIVED_OVERLAY,PROJECT_ASSUMPTION,NO_REALIZED_FUTURE_WEATHER_USED,428.095,432.777,436.493,432.777,8.398,1.94,BASE_WITH_MILD_NORMAL_SEVERE_SCENARIOS,RECONSTRUCTED_DEMAND_UNITS,FROZEN_STEP4B_CHAMPION,FROZEN_STEP4C,DERIVED_FROM_SYNTHETIC_CASE_STUDY_DEMAND,930.627,282.0,0.0,6251.029,500.082,207.635,193570.36,0.02,0.5,385.674,964.185,1067.157,3.812,1070.969,428.095,0.0,642.874,1.0,1.667,1062.927,3.852,1066.779,432.777,0.0,634.002,1.0,1.644,1060.504,3.875,1064.378,436.493,0.0,627.885,1.0,1.628,0.0,133483.24,462.057,0.0,131641.054,455.681,0.0,130371.129,451.285,0.741,2026-08-24,78.388,2,1,1,P1,WEEKLY_SERVICE_RISK,ESCALATE,"Base 13-week service meets target, but the series misses the 92% service target in 2 forecast weeks. Worst week 2026-08-24 falls to 74.1% fill with a 78.4-unit gap. Escalate for S&OE review and validate receipt timing, reallocation and chase feasibility before any release.",1,1,0.961,0.955,161.037,186.474,0.039,0.045,1,1,0.0,0.0,0.0,0.0,0.0,0.0,0.0,0.0,0.0,964.185,964.185,0.0,964.185,1150.659,0.0,0.0,0.0,0.0,0,0.0,0.0,0.0,0,0.0,33436.964,38718.609,6327.247,6438.521,0.0,0.0,0.92,2.5,0.08,0.18,PRIOR_YEAR_SEASONAL_RECEIPTS_SHIFTED_52W_PLUS_FROZEN_SKU_GROWTH,EXPLICIT_SEASONAL_RECEIPT,DERIVED_IBP_DECISION_LAYER,NET_REVENUE_INVENTORY_EXPOSURE_PROXY_NOT_ACCOUNTING_PROFIT,FROZEN_STEP4D,BASE_SERVICE_THEN_PERSISTENT_WEEKLY_SERVICE_THEN_BASE_COVERAGE_THEN_SEVERE_SCENARIO_THEN_EXCESS,IMMEDIATE_RELEASE_ONLY_FOR_AGGREGATE_BASE_SERVICE_RISK_WEEKLY_SERVICE_RISK_REQUIRES_SOE_REVIEW,LOW_COVERAGE_PROTECTS_INVENTORY_WITHOUT_AUTOMATIC_CHASE_RELEASE,SYNTHETIC_PLANNING_GOVERNANCE_2PLUS_FORECAST_WEEKS_BELOW_92PCT_ESCALATES_TO_P1_NO_AUTOMATIC_CHASE,P2_CHASE_AND_REALLOCATION_OPTIONS_ARE_NOT_RELEASED
2026-06-22,2026-09-14,12,APS-001,ECOM,HW_Damped_Mul,ETS,260,10.55,-3.09,246.536,38,SCENARIO_ANALOG,FORWARD_SCENARIO_BAND,0,0,2,20,17,5,ADEQUATE,0.298,0.179,0.75,-4.0,6.0,-1.193,0.0,1.072,0.0,2.265,-0.611,-1.478,1.173,CONDITIONAL_P75_SCENARIO_EXPOSURE_X_FROZEN_SKU_POLICY_CAP,HISTORICAL_PUBLIC_WEATHER_DERIVED_OVERLAY,PROJECT_ASSUMPTION,NO_REALIZED_FUTURE_WEATHER_USED,243.594,246.536,249.178,246.536,5.585,2.265,BASE_WITH_MILD_NORMAL_SEVERE_SCENARIOS,RECONSTRUCTED_DEMAND_UNITS,FROZEN_STEP4B_CHAMPION,FROZEN_STEP4C,DERIVED_FROM_SYNTHETIC_CASE_STUDY_DEMAND,758.867,133.0,0.0,4770.755,381.66,764.109,585845.65,0.07,0.85,244.286,610.714,781.613,14.408,796.021,243.594,0.0,552.427,1.0,2.261,761.256,14.573,775.829,246.536,0.0,529.293,1.0,2.167,745.306,14.729,760.035,249.178,0.0,510.857,1.0,2.091,0.0,422114.417,1461.165,0.0,404437.118,1399.975,0.0,390350.15,1351.212,1.0,2026-06-29,0.0,0,0,0,P2,LOW_COVERAGE_RISK,PROTECT,"Base-case fill rate meets the governed service target, but ending inventory is below the 2.5-week safety-stock policy. Protect inventory and retain contingency chase capacity; do not release it yet.",1,1,1.0,1.0,0.0,0.0,0.0,0.0,0,0,305.373,331.86,284.537,1.25,1.358,1.165,0.0,0.0,0.0,305.341,326.177,0.0,305.341,326.177,0.0,0.0,0.0,0.0,0,0.0,0.0,326.177,1,0.0,0.0,0.0,21642.102,22071.712,0.0,0.0,0.92,2.5,0.08,0.18,PRIOR_YEAR_SEASONAL_RECEIPTS_SHIFTED_52W_PLUS_FROZEN_SKU_GROWTH,EXPLICIT_SEASONAL_RECEIPT,DERIVED_IBP_DECISION_LAYER,NET_REVENUE_INVENTORY_EXPOSURE_PROXY_NOT_ACCOUNTING_PROFIT,FROZEN_STEP4D,BASE_SERVICE_THEN_PERSISTENT_WEEKLY_SERVICE_THEN_BASE_COVERAGE_THEN_SEVERE_SCENARIO_THEN_EXCESS,IMMEDIATE_RELEASE_ONLY_FOR_AGGREGATE_BASE_SERVICE_RISK_WEEKLY_SERVICE_RISK_REQUIRES_SOE_REVIEW,LOW_COVERAGE_PROTECTS_INVENTORY_WITHOUT_AUTOMATIC_CHASE_RELEASE,SYNTHETIC_PLANNING_GOVERNANCE_2PLUS_FORECAST_WEEKS_BELOW_92PCT_ESCALATES_TO_P1_NO_AUTOMATIC_CHASE,P2_CHASE_AND_REALLOCATION_OPTIONS_ARE_NOT_RELEASED
2026-06-22,2026-09-14,12,APS-001,RETAIL,HW_Damped_Mul,ETS,260,8.83,-0.97,173.946,38,SCENARIO_ANALOG,FORWARD_SCENARIO_BAND,0,0,2,20,17,5,ADEQUATE,0.306,0.174,0.75,-4.0,6.0,-1.223,0.0,1.045,0.0,2.268,-0.608,-1.467,1.178,CONDITIONAL_P75_SCENARIO_EXPOSURE_X_FROZEN_SKU_POLICY_CAP,HISTORICAL_PUBLIC_WEATHER_DERIVED_OVERLAY,PROJECT_ASSUMPTION,NO_REALIZED_FUTURE_WEATHER_USED,171.819,173.946,175.765,173.946,3.945,2.268,BASE_WITH_MILD_NORMAL_SEVERE_SCENARIOS,RECONSTRUCTED_DEMAND_UNITS,FROZEN_STEP4B_CHAMPION,FROZEN_STEP4C,DERIVED_FROM_SYNTHETIC_CASE_STUDY_DEMAND,502.461,96.0,0.0,3114.813,249.185,758.962,383880.5,0.055,0.9,166.09,415.224,378.826,8.331,387.158,171.819,0.0,215.339,1.0,1.297,364.88,8.427,373.307,173.946,0.0,199.361,1.0,1.2,354.186,8.515,362.701,175.765,0.0,186.936,1.0,1.126,0.0,163433.818,565.732,0.0,151307.367,523.756,0.0,141877.513,491.114,1.0,2026-06-29,0.0,0,0,0,P2,LOW_COVERAGE_RISK,PROTECT,"Base-case fill rate meets the governed service target, but ending inventory is below the 2.5-week safety-stock policy. Protect inventory and retain contingency chase capacity; do not release it yet.",1,1,1.0,1.0,0.0,0.0,0.0,0.0,0,0,46.707,64.946,32.687,0.281,0.391,0.197,0.0,0.0,0.0,368.516,382.537,0.0,368.516,382.537,0.0,0.0,0.0,0.0,0,0.0,0.0,249.185,1,133.352,0.0,0.0,10340.301,10633.988,0.0,0.0,0.92,2.5,0.08,0.18,PRIOR_YEAR_SEASONAL_RECEIPTS_SHIFTED_52W_PLUS_FROZEN_SKU_GROWTH,EXPLICIT_SEASONAL_RECEIPT,DERIVED_IBP_DECISION_LAYER,NET_REVENUE_INVENTORY_EXPOSURE_PROXY_NOT_ACCOUNTING_PROFIT,FROZEN_STEP4D,BASE_SERVICE_THEN_PERSISTENT_WEEKLY_SERVICE_THEN_BASE_COVERAGE_THEN_SEVERE_SCENARIO_THEN_EXCESS,IMMEDIATE_RELEASE_ONLY_FOR_AGGREGATE_BASE_SERVICE_RISK_WEEKLY_SERVICE_RISK_REQUIRES_SOE_REVIEW,LOW_COVERAGE_PROTECTS_INVENTORY_WITHOUT_AUTOMATIC_CHASE_RELEASE,SYNTHETIC_PLANNING_GOVERNANCE_2PLUS_FORECAST_WEEKS_BELOW_92PCT_ESCALATES_TO_P1_NO_AUTOMATIC_CHASE,P2_CHASE_AND_REALLOCATION_OPTIONS_ARE_NOT_RELEASED
2026-06-22,2026-09-14,12,APS-001,WHOLESALE,HW_Damped_Add,ETS,260,18.26,-0.35,130.666,38,SCENARIO_ANALOG,FORWARD_SCENARIO_BAND,0,0,2,20,17,5,ADEQUATE,0.289,0.174,0.75,-4.0,6.0,-1.155,0.0,1.043,0.0,2.198,-0.638,-1.46,1.048,CONDITIONAL_P75_SCENARIO_EXPOSURE_X_FROZEN_SKU_POLICY_CAP,HISTORICAL_PUBLIC_WEATHER_DERIVED_OVERLAY,PROJECT_ASSUMPTION,NO_REALIZED_FUTURE_WEATHER_USED,129.157,130.666,132.029,130.666,2.872,2.198,BASE_WITH_MILD_NORMAL_SEVERE_SCENARIOS,RECONSTRUCTED_DEMAND_UNITS,FROZEN_STEP4B_CHAMPION,FROZEN_STEP4C,DERIVED_FROM_SYNTHETIC_CASE_STUDY_DEMAND,419.581,82.0,0.0,2718.984,217.519,415.548,174545.81,0.02,0.5,134.147,335.369,257.66,1.27,258.93,129.157,0.0,129.773,1.0,0.967,254.62,1.285,255.905,130.666,0.0,125.239,1.0,0.934,252.019,1.298,253.317,132.029,0.0,121.288,1.0,0.904,0.0,53926.842,186.67,0.0,52042.78,180.148,0.0,50400.862,174.465,0.332,2026-08-24,62.506,2,1,1,P1,WEEKLY_SERVICE_RISK,ESCALATE,"Base 13-week service meets target, but the series misses the 92% service target in 2 forecast weeks. Worst week 2026-08-24 falls to 33.2% fill with a 62.5-unit gap. Escalate for S&OE review and validate receipt timing, reallocation and chase feasibility before any release.",1,1,0.935,0.927,84.648,96.864,0.065,0.073,1,1,0.0,0.0,0.0,0.0,0.0,0.0,0.0,0.0,0.0,335.369,335.369,0.0,335.369,432.233,0.0,0.0,0.0,0.0,0,0.0,0.0,0.0,0,0.0,35175.203,40251.626,3706.361,3772.726,0.0,0.0,0.92,2.5,0.08,0.18,PRIOR_YEAR_SEASONAL_RECEIPTS_SHIFTED_52W_PLUS_FROZEN_SKU_GROWTH,EXPLICIT_SEASONAL_RECEIPT,DERIVED_IBP_DECISION_LAYER,NET_REVENUE_INVENTORY_EXPOSURE_PROXY_NOT_ACCOUNTING_PROFIT,FROZEN_STEP4D,BASE_SERVICE_THEN_PERSISTENT_WEEKLY_SERVICE_THEN_BASE_COVERAGE_THEN_SEVERE_SCENARIO_THEN_EXCESS,IMMEDIATE_RELEASE_ONLY_FOR_AGGREGATE_BASE_SERVICE_RISK_WEEKLY_SERVICE_RISK_REQUIRES_SOE_REVIEW,LOW_COVERAGE_PROTECTS_INVENTORY_WITHOUT_AUTOMATIC_CHASE_RELEASE,SYNTHETIC_PLANNING_GOVERNANCE_2PLUS_FORECAST_WEEKS_BELOW_92PCT_ESCALATES_TO_P1_NO_AUTOMATIC_CHASE,P2_CHASE_AND_REALLOCATION_OPTIONS_ARE_NOT_RELEASED
2026-06-22,2026-09-14,12,CTS-001,ECOM,HW_Damped_Mul,ETS,260,8.37,-1.12,562.047,38,SCENARIO_ANALOG,FORWARD_SCENARIO_BAND,0,0,2,20,17,5,ADEQUATE,0.281,0.183,0.75,-3.0,4.0,-0.844,0.0,0.734,0.0,1.578,-0.448,-1.261,0.522,CONDITIONAL_P75_SCENARIO_EXPOSURE_X_FROZEN_SKU_POLICY_CAP,HISTORICAL_PUBLIC_WEATHER_DERIVED_OVERLAY,PROJECT_ASSUMPTION,NO_REALIZED_FUTURE_WEATHER_USED,557.302,562.047,566.17,562.047,8.868,1.578,BASE_WITH_MILD_NORMAL_SEVERE_SCENARIOS,RECONSTRUCTED_DEMAND_UNITS,FROZEN_STEP4B_CHAMPION,FROZEN_STEP4C,DERIVED_FROM_SYNTHETIC_CASE_STUDY_DEMAND,1667.095,409.342,0.0,8586.813,686.945,615.768,1045685.26,0.07,0.85,580.804,1452.01,1503.199,34.222,1537.421,557.302,0.0,980.119,1.0,1.688,1457.768,34.51,1492.278,562.047,0.0,930.231,1.0,1.602,1432.009,34.763,1466.772,566.17,0.0,900.602,1.0,1.551,0.0,603525.942,2089.128,0.0,572806.482,1982.792,0.0,554561.677,1919.637,1.0,2026-06-29,0.0,0,0,0,P2,LOW_COVERAGE_RISK,PROTECT,"Base-case fill rate meets the governed service target, but ending inventory is below the 2.5-week safety-stock policy. Protect inventory and retain contingency chase capacity; do not release it yet.",1,1,1.0,1.0,0.0,0.0,0.0,0.0,0,0,368.542,425.112,334.792,0.635,0.732,0.576,0.0,0.0,0.0,1083.468,1117.218,0.0,1083.468,1117.218,0.0,0.0,0.0,0.0,0,0.0,0.0,686.945,1,430.273,0.0,0.0,43747.478,44551.408,0.0,0.0,0.92,2.5,0.08,0.18,PRIOR_YEAR_SEASONAL_RECEIPTS_SHIFTED_52W_PLUS_FROZEN_SKU_GROWTH,EXPLICIT_SEASONAL_RECEIPT,DERIVED_IBP_DECISION_LAYER,NET_REVENUE_INVENTORY_EXPOSURE_PROXY_NOT_ACCOUNTING_PROFIT,FROZEN_STEP4D,BASE_SERVICE_THEN_PERSISTENT_WEEKLY_SERVICE_THEN_BASE_COVERAGE_THEN_SEVERE_SCENARIO_THEN_EXCESS,IMMEDIATE_RELEASE_ONLY_FOR_AGGREGATE_BASE_SERVICE_RISK_WEEKLY_SERVICE_RISK_REQUIRES_SOE_REVIEW,LOW_COVERAGE_PROTECTS_INVENTORY_WITHOUT_AUTOMATIC_CHASE_RELEASE,SYNTHETIC_PLANNING_GOVERNANCE_2PLUS_FORECAST_WEEKS_BELOW_92PCT_ESCALATES_TO_P1_NO_AUTOMATIC_CHASE,P2_CHASE_AND_REALLOCATION_OPTIONS_ARE_NOT_RELEASED
2026-06-22,2026-09-14,12,CTS-001,RETAIL,HW_Damped_Mul,ETS,260,9.18,0.8,437.601,38,SCENARIO_ANALOG,FORWARD_SCENARIO_BAND,0,0,2,20,17,5,ADEQUATE,0.283,0.183,0.75,-3.0,4.0,-0.849,0.0,0.732,0.0,1.581,-0.439,-1.236,0.517,CONDITIONAL_P75_SCENARIO_EXPOSURE_X_FROZEN_SKU_POLICY_CAP,HISTORICAL_PUBLIC_WEATHER_DERIVED_OVERLAY,PROJECT_ASSUMPTION,NO_REALIZED_FUTURE_WEATHER_USED,433.885,437.601,440.804,437.601,6.919,1.581,BASE_WITH_MILD_NORMAL_SEVERE_SCENARIOS,RECONSTRUCTED_DEMAND_UNITS,FROZEN_STEP4B_CHAMPION,FROZEN_STEP4C,DERIVED_FROM_SYNTHETIC_CASE_STUDY_DEMAND,707.045,286.503,0.0,5742.657,459.413,614.034,438898.37,0.055,0.9,411.261,1028.153,736.823,19.966,756.789,433.885,0.0,322.904,1.0,0.785,729.109,20.137,749.246,437.601,0.0,311.645,1.0,0.758,723.633,20.285,743.918,440.804,0.0,303.114,1.0,0.737,0.0,198274.079,686.333,0.0,191360.82,662.403,0.0,186122.272,644.269,0.654,2026-08-24,122.844,2,1,1,P1,WEEKLY_SERVICE_RISK,ESCALATE,"Base 13-week service meets target, but the series misses the 92% service target in 2 forecast weeks. Worst week 2026-08-24 falls to 65.4% fill with a 122.8-unit gap. Escalate for S&OE review and validate receipt timing, reallocation and chase feasibility before any release.",1,1,0.956,0.951,201.709,226.204,0.044,0.049,1,1,0.0,0.0,0.0,0.0,0.0,0.0,0.0,0.0,0.0,1028.153,1028.153,0.0,1028.153,1254.357,0.0,0.0,0.0,0.0,0,0.0,0.0,0.0,0,0.0,123855.957,138896.7,19143.477,19410.014,0.0,0.0,0.92,2.5,0.08,0.18,PRIOR_YEAR_SEASONAL_RECEIPTS_SHIFTED_52W_PLUS_FROZEN_SKU_GROWTH,EXPLICIT_SEASONAL_RECEIPT,DERIVED_IBP_DECISION_LAYER,NET_REVENUE_INVENTORY_EXPOSURE_PROXY_NOT_ACCOUNTING_PROFIT,FROZEN_STEP4D,BASE_SERVICE_THEN_PERSISTENT_WEEKLY_SERVICE_THEN_BASE_COVERAGE_THEN_SEVERE_SCENARIO_THEN_EXCESS,IMMEDIATE_RELEASE_ONLY_FOR_AGGREGATE_BASE_SERVICE_RISK_WEEKLY_SERVICE_RISK_REQUIRES_SOE_REVIEW,LOW_COVERAGE_PROTECTS_INVENTORY_WITHOUT_AUTOMATIC_CHASE_RELEASE,SYNTHETIC_PLANNING_GOVERNANCE_2PLUS_FORECAST_WEEKS_BELOW_92PCT_ESCALATES_TO_P1_NO_AUTOMATIC_CHASE,P2_CHASE_AND_REALLOCATION_OPTIONS_ARE_NOT_RELEASED
2026-06-22,2026-09-14,12,CTS-001,WHOLESALE,Seasonal_MA_2Y,BASELINE,260,21.73,2.41,295.5,38,SCENARIO_ANALOG,FORWARD_SCENARIO_BAND,0,0,2,20,17,5,ADEQUATE,0.285,0.182,0.75,-3.0,4.0,-0.854,0.0,0.729,0.0,1.583,-0.455,-1.274,0.487,CONDITIONAL_P75_SCENARIO_EXPOSURE_X_FROZEN_SKU_POLICY_CAP,HISTORICAL_PUBLIC_WEATHER_DERIVED_OVERLAY,PROJECT_ASSUMPTION,NO_REALIZED_FUTURE_WEATHER_USED,292.976,295.5,297.654,295.5,4.678,1.583,BASE_WITH_MILD_NORMAL_SEVERE_SCENARIOS,RECONSTRUCTED_DEMAND_UNITS,FROZEN_STEP4B_CHAMPION,FROZEN_STEP4C,DERIVED_FROM_SYNTHETIC_CASE_STUDY_DEMAND,833.966,205.518,0.0,4254.815,340.385,337.376,281880.52,0.02,0.5,341.08,852.699,887.506,4.299,891.805,292.976,0.0,598.829,1.0,1.756,860.684,4.335,865.019,295.5,0.0,569.519,1.0,1.67,845.122,4.367,849.489,297.654,0.0,551.835,1.0,1.618,0.0,202030.316,699.336,0.0,192142.019,665.107,0.0,186175.82,644.455,1.0,2026-06-29,0.0,0,0,0,P2,LOW_COVERAGE_RISK,PROTECT,"Base-case fill rate meets the governed service target, but ending inventory is below the 2.5-week safety-stock policy. Protect inventory and retain contingency chase capacity; do not release it yet.",1,1,1.0,1.0,0.0,0.0,0.0,0.0,0,0,310.656,342.966,291.085,0.911,1.006,0.853,0.0,0.0,0.0,542.043,561.614,0.0,542.043,561.614,0.0,0.0,0.0,0.0,0,0.0,0.0,340.385,1,221.229,0.0,0.0,17897.756,18149.013,0.0,0.0,0.92,2.5,0.08,0.18,PRIOR_YEAR_SEASONAL_RECEIPTS_SHIFTED_52W_PLUS_FROZEN_SKU_GROWTH,EXPLICIT_SEASONAL_RECEIPT,DERIVED_IBP_DECISION_LAYER,NET_REVENUE_INVENTORY_EXPOSURE_PROXY_NOT_ACCOUNTING_PROFIT,FROZEN_STEP4D,BASE_SERVICE_THEN_PERSISTENT_WEEKLY_SERVICE_THEN_BASE_COVERAGE_THEN_SEVERE_SCENARIO_THEN_EXCESS,IMMEDIATE_RELEASE_ONLY_FOR_AGGREGATE_BASE_SERVICE_RISK_WEEKLY_SERVICE_RISK_REQUIRES_SOE_REVIEW,LOW_COVERAGE_PROTECTS_INVENTORY_WITHOUT_AUTOMATIC_CHASE_RELEASE,SYNTHETIC_PLANNING_GOVERNANCE_2PLUS_FORECAST_WEEKS_BELOW_92PCT_ESCALATES_TO_P1_NO_AUTOMATIC_CHASE,P2_CHASE_AND_REALLOCATION_OPTIONS_ARE_NOT_RELEASED
2026-06-22,2026-09-14,12,IMH-001,ECOM,HW_Damped_Mul,ETS,260,8.68,-1.32,744.94,38,SCENARIO_ANALOG,FORWARD_SCENARIO_BAND,0,0,2,20,17,5,ADEQUATE,0.339,0.177,0.75,-4.0,5.0,-1.357,0.0,0.886,0.0,2.242,-0.581,-1.537,0.911,CONDITIONAL_P75_SCENARIO_EXPOSURE_X_FROZEN_SKU_POLICY_CAP,HISTORICAL_PUBLIC_WEATHER_DERIVED_OVERLAY,PROJECT_ASSUMPTION,NO_REALIZED_FUTURE_WEATHER_USED,734.835,744.94,751.54,744.94,16.705,2.242,BASE_WITH_MILD_NORMAL_SEVERE_SCENARIOS,RECONSTRUCTED_DEMAND_UNITS,FROZEN_STEP4B_CHAMPION,FROZEN_STEP4C,DERIVED_FROM_SYNTHETIC_CASE_STUDY_DEMAND,1960.271,440.0,0.0,11432.845,914.628,381.156,756664.65,0.07,0.85,728.833,1822.083,1844.875,41.608,1886.483,734.835,0.0,1151.648,1.0,1.58,1779.821,42.074,1821.896,744.94,0.0,1076.956,1.0,1.478,1743.233,42.447,1785.68,751.54,0.0,1034.14,1.0,1.419,0.0,438956.837,1519.466,0.0,410487.584,1420.919,0.0,394168.093,1364.428,1.0,2026-06-29,0.0,0,0,0,P2,LOW_COVERAGE_RISK,PROTECT,"Base-case fill rate meets the governed service target, but ending inventory is below the 2.5-week safety-stock policy. Protect inventory and retain contingency chase capacity; do not release it yet.",1,1,1.0,1.0,0.0,0.0,0.0,0.0,0,0,393.86,478.784,344.992,0.54,0.657,0.473,0.0,0.0,0.0,1428.223,1477.09,0.0,1428.223,1477.09,0.0,0.0,0.0,0.0,0,0.0,0.0,914.628,1,562.462,0.0,0.0,28691.117,29399.633,0.0,0.0,0.92,2.5,0.08,0.18,PRIOR_YEAR_SEASONAL_RECEIPTS_SHIFTED_52W_PLUS_FROZEN_SKU_GROWTH,EXPLICIT_SEASONAL_RECEIPT,DERIVED_IBP_DECISION_LAYER,NET_REVENUE_INVENTORY_EXPOSURE_PROXY_NOT_ACCOUNTING_PROFIT,FROZEN_STEP4D,BASE_SERVICE_THEN_PERSISTENT_WEEKLY_SERVICE_THEN_BASE_COVERAGE_THEN_SEVERE_SCENARIO_THEN_EXCESS,IMMEDIATE_RELEASE_ONLY_FOR_AGGREGATE_BASE_SERVICE_RISK_WEEKLY_SERVICE_RISK_REQUIRES_SOE_REVIEW,LOW_COVERAGE_PROTECTS_INVENTORY_WITHOUT_AUTOMATIC_CHASE_RELEASE,SYNTHETIC_PLANNING_GOVERNANCE_2PLUS_FORECAST_WEEKS_BELOW_92PCT_ESCALATES_TO_P1_NO_AUTOMATIC_CHASE,P2_CHASE_AND_REALLOCATION_OPTIONS_ARE_NOT_RELEASED
2026-06-22,2026-09-14,12,IMH-001,RETAIL,HW_Damped_Mul,ETS,260,8.48,-1.21,503.64,38,SCENARIO_ANALOG,FORWARD_SCENARIO_BAND,0,0,2,20,17,5,ADEQUATE,0.338,0.198,0.75,-4.0,5.0,-1.352,0.0,0.991,0.0,2.343,-0.535,-1.62,0.898,CONDITIONAL_P75_SCENARIO_EXPOSURE_X_FROZEN_SKU_POLICY_CAP,HISTORICAL_PUBLIC_WEATHER_DERIVED_OVERLAY,PROJECT_ASSUMPTION,NO_REALIZED_FUTURE_WEATHER_USED,496.832,503.64,508.631,503.64,11.798,2.343,BASE_WITH_MILD_NORMAL_SEVERE_SCENARIOS,RECONSTRUCTED_DEMAND_UNITS,FROZEN_STEP4B_CHAMPION,FROZEN_STEP4C,DERIVED_FROM_SYNTHETIC_CASE_STUDY_DEMAND,1782.926,343.0,0.0,8900.319,712.025,376.051,681077.82,0.055,0.9,496.865,1242.162,1281.726,26.265,1307.991,496.832,0.0,811.159,1.0,1.633,1236.717,26.553,1263.269,503.64,0.0,759.629,1.0,1.529,1211.281,26.816,1238.096,508.631,0.0,729.465,1.0,1.468,0.0,305037.243,1055.898,0.0,285659.346,988.821,0.0,274316.128,949.556,1.0,2026-06-29,0.0,0,0,0,P2,LOW_COVERAGE_RISK,PROTECT,"Base-case fill rate meets the governed service target, but ending inventory is below the 2.5-week safety-stock policy. Protect inventory and retain contingency chase capacity; do not release it yet.",1,1,1.0,1.0,0.0,0.0,0.0,0.0,0,0,297.254,355.298,262.508,0.598,0.715,0.528,0.0,0.0,0.0,944.908,979.654,0.0,944.908,979.654,0.0,0.0,0.0,0.0,0,0.0,0.0,712.025,1,267.629,0.0,0.0,20380.389,20863.828,0.0,0.0,0.92,2.5,0.08,0.18,PRIOR_YEAR_SEASONAL_RECEIPTS_SHIFTED_52W_PLUS_FROZEN_SKU_GROWTH,EXPLICIT_SEASONAL_RECEIPT,DERIVED_IBP_DECISION_LAYER,NET_REVENUE_INVENTORY_EXPOSURE_PROXY_NOT_ACCOUNTING_PROFIT,FROZEN_STEP4D,BASE_SERVICE_THEN_PERSISTENT_WEEKLY_SERVICE_THEN_BASE_COVERAGE_THEN_SEVERE_SCENARIO_THEN_EXCESS,IMMEDIATE_RELEASE_ONLY_FOR_AGGREGATE_BASE_SERVICE_RISK_WEEKLY_SERVICE_RISK_REQUIRES_SOE_REVIEW,LOW_COVERAGE_PROTECTS_INVENTORY_WITHOUT_AUTOMATIC_CHASE_RELEASE,SYNTHETIC_PLANNING_GOVERNANCE_2PLUS_FORECAST_WEEKS_BELOW_92PCT_ESCALATES_TO_P1_NO_AUTOMATIC_CHASE,P2_CHASE_AND_REALLOCATION_OPTIONS_ARE_NOT_RELEASED
2026-06-22,2026-09-14,12,IMH-001,WHOLESALE,HW_Add_Add,ETS,260,18.55,1.41,377.983,38,SCENARIO_ANALOG,FORWARD_SCENARIO_BAND,0,0,2,20,17,5,ADEQUATE,0.348,0.172,0.75,-4.0,5.0,-1.393,0.0,0.859,0.0,2.251,-0.549,-1.629,0.899,CONDITIONAL_P75_SCENARIO_EXPOSURE_X_FROZEN_SKU_POLICY_CAP,HISTORICAL_PUBLIC_WEATHER_DERIVED_OVERLAY,PROJECT_ASSUMPTION,NO_REALIZED_FUTURE_WEATHER_USED,372.72,377.983,381.229,377.983,8.509,2.251,BASE_WITH_MILD_NORMAL_SEVERE_SCENARIOS,RECONSTRUCTED_DEMAND_UNITS,FROZEN_STEP4B_CHAMPION,FROZEN_STEP4C,DERIVED_FROM_SYNTHETIC_CASE_STUDY_DEMAND,930.627,282.0,0.0,6251.029,500.082,207.635,193570.36,0.02,0.5,385.674,964.185,642.874,4.281,647.155,372.72,0.0,274.435,1.0,0.712,634.002,4.328,638.329,377.983,0.0,260.346,1.0,0.675,627.885,4.365,632.25,381.229,0.0,251.021,1.0,0.651,0.0,56982.317,197.246,0.0,54057.068,187.121,0.0,52120.875,180.418,0.741,2026-08-24,78.388,2,1,1,P1,WEEKLY_SERVICE_RISK,ESCALATE,"Base 13-week service meets target, but the series misses the 92% service target in 2 forecast weeks. Worst week 2026-08-24 falls to 74.1% fill with a 78.4-unit gap. Escalate for S&OE review and validate receipt timing, reallocation and chase feasibility before any release.",1,1,0.961,0.955,161.037,186.474,0.039,0.045,1,1,0.0,0.0,0.0,0.0,0.0,0.0,0.0,0.0,0.0,964.185,964.185,0.0,964.185,1150.659,0.0,0.0,0.0,0.0,0,0.0,0.0,0.0,0,0.0,33436.964,38718.609,6327.247,6438.521,0.0,0.0,0.92,2.5,0.08,0.18,PRIOR_YEAR_SEASONAL_RECEIPTS_SHIFTED_52W_PLUS_FROZEN_SKU_GROWTH,EXPLICIT_SEASONAL_RECEIPT,DERIVED_IBP_DECISION_LAYER,NET_REVENUE_INVENTORY_EXPOSURE_PROXY_NOT_ACCOUNTING_PROFIT,FROZEN_STEP4D,BASE_SERVICE_THEN_PERSISTENT_WEEKLY_SERVICE_THEN_BASE_COVERAGE_THEN_SEVERE_SCENARIO_THEN_EXCESS,IMMEDIATE_RELEASE_ONLY_FOR_AGGREGATE_BASE_SERVICE_RISK_WEEKLY_SERVICE_RISK_REQUIRES_SOE_REVIEW,LOW_COVERAGE_PROTECTS_INVENTORY_WITHOUT_AUTOMATIC_CHASE_RELEASE,SYNTHETIC_PLANNING_GOVERNANCE_2PLUS_FORECAST_WEEKS_BELOW_92PCT_ESCALATES_TO_P1_NO_AUTOMATIC_CHASE,P2_CHASE_AND_REALLOCATION_OPTIONS_ARE_NOT_RELEASED
2026-06-22,2026-09-21,13,APS-001,ECOM,HW_Damped_Mul,ETS,260,10.55,-3.09,238.589,39,SCENARIO_ANALOG,FORWARD_SCENARIO_BAND,0,0,2,20,17,5,ADEQUATE,0.37,0.179,0.75,-4.0,6.0,-1.478,0.0,1.072,0.0,2.55,-0.611,-1.668,1.173,CONDITIONAL_P75_SCENARIO_EXPOSURE_X_FROZEN_SKU_POLICY_CAP,HISTORICAL_PUBLIC_WEATHER_DERIVED_OVERLAY,PROJECT_ASSUMPTION,NO_REALIZED_FUTURE_WEATHER_USED,235.061,238.589,241.146,238.589,6.085,2.55,BASE_WITH_MILD_NORMAL_SEVERE_SCENARIOS,RECONSTRUCTED_DEMAND_UNITS,FROZEN_STEP4B_CHAMPION,FROZEN_STEP4C,DERIVED_FROM_SYNTHETIC_CASE_STUDY_DEMAND,758.867,133.0,0.0,4770.755,381.66,764.109,585845.65,0.07,0.85,244.286,610.714,552.427,14.494,566.921,235.061,0.0,331.86,1.0,1.358,529.293,14.669,543.962,238.589,0.0,305.373,1.0,1.25,510.857,14.826,525.683,241.146,0.0,284.537,1.0,1.165,0.0,253577.135,877.767,0.0,233337.817,807.708,0.0,217417.141,752.598,1.0,2026-06-29,0.0,0,0,0,P2,LOW_COVERAGE_RISK,PROTECT,"Base-case fill rate meets the governed service target, but ending inventory is below the 2.5-week safety-stock policy. Protect inventory and retain contingency chase capacity; do not release it yet.",1,1,1.0,1.0,0.0,0.0,0.0,0.0,0,0,305.373,331.86,284.537,1.25,1.358,1.165,0.0,0.0,0.0,305.341,326.177,0.0,305.341,326.177,0.0,0.0,0.0,0.0,0,0.0,0.0,326.177,1,0.0,0.0,0.0,21642.102,22071.712,0.0,0.0,0.92,2.5,0.08,0.18,PRIOR_YEAR_SEASONAL_RECEIPTS_SHIFTED_52W_PLUS_FROZEN_SKU_GROWTH,EXPLICIT_SEASONAL_RECEIPT,DERIVED_IBP_DECISION_LAYER,NET_REVENUE_INVENTORY_EXPOSURE_PROXY_NOT_ACCOUNTING_PROFIT,FROZEN_STEP4D,BASE_SERVICE_THEN_PERSISTENT_WEEKLY_SERVICE_THEN_BASE_COVERAGE_THEN_SEVERE_SCENARIO_THEN_EXCESS,IMMEDIATE_RELEASE_ONLY_FOR_AGGREGATE_BASE_SERVICE_RISK_WEEKLY_SERVICE_RISK_REQUIRES_SOE_REVIEW,LOW_COVERAGE_PROTECTS_INVENTORY_WITHOUT_AUTOMATIC_CHASE_RELEASE,SYNTHETIC_PLANNING_GOVERNANCE_2PLUS_FORECAST_WEEKS_BELOW_92PCT_ESCALATES_TO_P1_NO_AUTOMATIC_CHASE,P2_CHASE_AND_REALLOCATION_OPTIONS_ARE_NOT_RELEASED
2026-06-22,2026-09-21,13,APS-001,RETAIL,HW_Damped_Mul,ETS,260,8.83,-0.97,161.264,39,SCENARIO_ANALOG,FORWARD_SCENARIO_BAND,0,0,2,20,17,5,ADEQUATE,0.367,0.174,0.75,-4.0,6.0,-1.467,0.0,1.045,0.0,2.513,-0.608,-1.658,1.178,CONDITIONAL_P75_SCENARIO_EXPOSURE_X_FROZEN_SKU_POLICY_CAP,HISTORICAL_PUBLIC_WEATHER_DERIVED_OVERLAY,PROJECT_ASSUMPTION,NO_REALIZED_FUTURE_WEATHER_USED,158.898,161.264,162.95,161.264,4.052,2.513,BASE_WITH_MILD_NORMAL_SEVERE_SCENARIOS,RECONSTRUCTED_DEMAND_UNITS,FROZEN_STEP4B_CHAMPION,FROZEN_STEP4C,DERIVED_FROM_SYNTHETIC_CASE_STUDY_DEMAND,502.461,96.0,0.0,3114.813,249.185,758.962,383880.5,0.055,0.9,166.09,415.224,215.339,8.505,223.844,158.898,0.0,64.946,1.0,0.391,199.361,8.61,207.971,161.264,0.0,46.707,1.0,0.281,186.936,8.7,195.637,162.95,0.0,32.687,1.0,0.197,0.0,49291.33,170.624,0.0,35449.084,122.708,0.0,24807.957,85.874,1.0,2026-06-29,0.0,0,0,0,P2,LOW_COVERAGE_RISK,PROTECT,"Base-case fill rate meets the governed service target, but ending inventory is below the 2.5-week safety-stock policy. Protect inventory and retain contingency chase capacity; do not release it yet.",1,1,1.0,1.0,0.0,0.0,0.0,0.0,0,0,46.707,64.946,32.687,0.281,0.391,0.197,0.0,0.0,0.0,368.516,382.537,0.0,368.516,382.537,0.0,0.0,0.0,0.0,0,0.0,0.0,249.185,1,133.352,0.0,0.0,10340.301,10633.988,0.0,0.0,0.92,2.5,0.08,0.18,PRIOR_YEAR_SEASONAL_RECEIPTS_SHIFTED_52W_PLUS_FROZEN_SKU_GROWTH,EXPLICIT_SEASONAL_RECEIPT,DERIVED_IBP_DECISION_LAYER,NET_REVENUE_INVENTORY_EXPOSURE_PROXY_NOT_ACCOUNTING_PROFIT,FROZEN_STEP4D,BASE_SERVICE_THEN_PERSISTENT_WEEKLY_SERVICE_THEN_BASE_COVERAGE_THEN_SEVERE_SCENARIO_THEN_EXCESS,IMMEDIATE_RELEASE_ONLY_FOR_AGGREGATE_BASE_SERVICE_RISK_WEEKLY_SERVICE_RISK_REQUIRES_SOE_REVIEW,LOW_COVERAGE_PROTECTS_INVENTORY_WITHOUT_AUTOMATIC_CHASE_RELEASE,SYNTHETIC_PLANNING_GOVERNANCE_2PLUS_FORECAST_WEEKS_BELOW_92PCT_ESCALATES_TO_P1_NO_AUTOMATIC_CHASE,P2_CHASE_AND_REALLOCATION_OPTIONS_ARE_NOT_RELEASED
2026-06-22,2026-09-21,13,APS-001,WHOLESALE,HW_Damped_Add,ETS,260,18.26,-0.35,148.688,39,SCENARIO_ANALOG,FORWARD_SCENARIO_BAND,0,0,2,20,17,5,ADEQUATE,0.365,0.174,0.75,-4.0,6.0,-1.46,0.0,1.043,0.0,2.503,-0.638,-1.762,1.048,CONDITIONAL_P75_SCENARIO_EXPOSURE_X_FROZEN_SKU_POLICY_CAP,HISTORICAL_PUBLIC_WEATHER_DERIVED_OVERLAY,PROJECT_ASSUMPTION,NO_REALIZED_FUTURE_WEATHER_USED,146.517,148.688,150.239,148.688,3.722,2.503,BASE_WITH_MILD_NORMAL_SEVERE_SCENARIOS,RECONSTRUCTED_DEMAND_UNITS,FROZEN_STEP4B_CHAMPION,FROZEN_STEP4C,DERIVED_FROM_SYNTHETIC_CASE_STUDY_DEMAND,419.581,82.0,0.0,2718.984,217.519,415.548,174545.81,0.02,0.5,134.147,335.369,129.773,1.292,131.065,131.065,15.452,0.0,0.895,0.0,125.239,1.307,126.546,126.546,22.142,0.0,0.851,0.0,121.288,1.32,122.608,122.608,27.631,0.0,0.816,0.0,6421.237,0.0,0.0,9201.182,0.0,0.0,11481.951,0.0,0.0,0.332,2026-08-24,62.506,2,1,1,P1,WEEKLY_SERVICE_RISK,ESCALATE,"Base 13-week service meets target, but the series misses the 92% service target in 2 forecast weeks. Worst week 2026-08-24 falls to 33.2% fill with a 62.5-unit gap. Escalate for S&OE review and validate receipt timing, reallocation and chase feasibility before any release.",1,1,0.935,0.927,84.648,96.864,0.065,0.073,1,1,0.0,0.0,0.0,0.0,0.0,0.0,0.0,0.0,0.0,335.369,335.369,0.0,335.369,432.233,0.0,0.0,0.0,0.0,0,0.0,0.0,0.0,0,0.0,35175.203,40251.626,3706.361,3772.726,0.0,0.0,0.92,2.5,0.08,0.18,PRIOR_YEAR_SEASONAL_RECEIPTS_SHIFTED_52W_PLUS_FROZEN_SKU_GROWTH,EXPLICIT_SEASONAL_RECEIPT,DERIVED_IBP_DECISION_LAYER,NET_REVENUE_INVENTORY_EXPOSURE_PROXY_NOT_ACCOUNTING_PROFIT,FROZEN_STEP4D,BASE_SERVICE_THEN_PERSISTENT_WEEKLY_SERVICE_THEN_BASE_COVERAGE_THEN_SEVERE_SCENARIO_THEN_EXCESS,IMMEDIATE_RELEASE_ONLY_FOR_AGGREGATE_BASE_SERVICE_RISK_WEEKLY_SERVICE_RISK_REQUIRES_SOE_REVIEW,LOW_COVERAGE_PROTECTS_INVENTORY_WITHOUT_AUTOMATIC_CHASE_RELEASE,SYNTHETIC_PLANNING_GOVERNANCE_2PLUS_FORECAST_WEEKS_BELOW_92PCT_ESCALATES_TO_P1_NO_AUTOMATIC_CHASE,P2_CHASE_AND_REALLOCATION_OPTIONS_ARE_NOT_RELEASED
2026-06-22,2026-09-21,13,CTS-001,ECOM,HW_Damped_Mul,ETS,260,8.37,-1.12,595.131,39,SCENARIO_ANALOG,FORWARD_SCENARIO_BAND,0,0,2,20,17,5,ADEQUATE,0.39,0.183,0.75,-3.0,4.0,-1.17,0.0,0.734,0.0,1.904,-0.428,-1.261,0.522,CONDITIONAL_P75_SCENARIO_EXPOSURE_X_FROZEN_SKU_POLICY_CAP,HISTORICAL_PUBLIC_WEATHER_DERIVED_OVERLAY,PROJECT_ASSUMPTION,NO_REALIZED_FUTURE_WEATHER_USED,588.167,595.131,599.497,595.131,11.329,1.904,BASE_WITH_MILD_NORMAL_SEVERE_SCENARIOS,RECONSTRUCTED_DEMAND_UNITS,FROZEN_STEP4B_CHAMPION,FROZEN_STEP4C,DERIVED_FROM_SYNTHETIC_CASE_STUDY_DEMAND,1667.095,409.342,0.0,8586.813,686.945,615.768,1045685.26,0.07,0.85,580.804,1452.01,980.119,33.159,1013.279,588.167,0.0,425.112,1.0,0.732,930.231,33.442,963.673,595.131,0.0,368.542,1.0,0.635,900.602,33.687,934.289,599.497,0.0,334.792,1.0,0.576,0.0,261770.186,906.128,0.0,226936.368,785.549,0.0,206154.18,713.611,1.0,2026-06-29,0.0,0,0,0,P2,LOW_COVERAGE_RISK,PROTECT,"Base-case fill rate meets the governed service target, but ending inventory is below the 2.5-week safety-stock policy. Protect inventory and retain contingency chase capacity; do not release it yet.",1,1,1.0,1.0,0.0,0.0,0.0,0.0,0,0,368.542,425.112,334.792,0.635,0.732,0.576,0.0,0.0,0.0,1083.468,1117.218,0.0,1083.468,1117.218,0.0,0.0,0.0,0.0,0,0.0,0.0,686.945,1,430.273,0.0,0.0,43747.478,44551.408,0.0,0.0,0.92,2.5,0.08,0.18,PRIOR_YEAR_SEASONAL_RECEIPTS_SHIFTED_52W_PLUS_FROZEN_SKU_GROWTH,EXPLICIT_SEASONAL_RECEIPT,DERIVED_IBP_DECISION_LAYER,NET_REVENUE_INVENTORY_EXPOSURE_PROXY_NOT_ACCOUNTING_PROFIT,FROZEN_STEP4D,BASE_SERVICE_THEN_PERSISTENT_WEEKLY_SERVICE_THEN_BASE_COVERAGE_THEN_SEVERE_SCENARIO_THEN_EXCESS,IMMEDIATE_RELEASE_ONLY_FOR_AGGREGATE_BASE_SERVICE_RISK_WEEKLY_SERVICE_RISK_REQUIRES_SOE_REVIEW,LOW_COVERAGE_PROTECTS_INVENTORY_WITHOUT_AUTOMATIC_CHASE_RELEASE,SYNTHETIC_PLANNING_GOVERNANCE_2PLUS_FORECAST_WEEKS_BELOW_92PCT_ESCALATES_TO_P1_NO_AUTOMATIC_CHASE,P2_CHASE_AND_REALLOCATION_OPTIONS_ARE_NOT_RELEASED
2026-06-22,2026-09-21,13,CTS-001,RETAIL,HW_Damped_Mul,ETS,260,9.18,0.8,412.171,39,SCENARIO_ANALOG,FORWARD_SCENARIO_BAND,0,0,2,20,17,5,ADEQUATE,0.383,0.183,0.75,-3.0,4.0,-1.15,0.0,0.732,0.0,1.882,-0.43,-1.236,0.517,CONDITIONAL_P75_SCENARIO_EXPOSURE_X_FROZEN_SKU_POLICY_CAP,HISTORICAL_PUBLIC_WEATHER_DERIVED_OVERLAY,PROJECT_ASSUMPTION,NO_REALIZED_FUTURE_WEATHER_USED,407.43,412.171,415.187,412.171,7.757,1.882,BASE_WITH_MILD_NORMAL_SEVERE_SCENARIOS,RECONSTRUCTED_DEMAND_UNITS,FROZEN_STEP4B_CHAMPION,FROZEN_STEP4C,DERIVED_FROM_SYNTHETIC_CASE_STUDY_DEMAND,707.045,286.503,0.0,5742.657,459.413,614.034,438898.37,0.055,0.9,411.261,1028.153,322.904,21.477,344.381,344.381,63.049,0.0,0.845,0.0,311.645,21.661,333.306,333.306,78.865,0.0,0.809,0.0,303.114,21.82,324.934,324.934,90.253,0.0,0.783,0.0,38714.054,0.0,0.0,48425.503,0.0,0.0,55418.623,0.0,0.0,0.654,2026-08-24,122.844,2,1,1,P1,WEEKLY_SERVICE_RISK,ESCALATE,"Base 13-week service meets target, but the series misses the 92% service target in 2 forecast weeks. Worst week 2026-08-24 falls to 65.4% fill with a 122.8-unit gap. Escalate for S&OE review and validate receipt timing, reallocation and chase feasibility before any release.",1,1,0.956,0.951,201.709,226.204,0.044,0.049,1,1,0.0,0.0,0.0,0.0,0.0,0.0,0.0,0.0,0.0,1028.153,1028.153,0.0,1028.153,1254.357,0.0,0.0,0.0,0.0,0,0.0,0.0,0.0,0,0.0,123855.957,138896.7,19143.477,19410.014,0.0,0.0,0.92,2.5,0.08,0.18,PRIOR_YEAR_SEASONAL_RECEIPTS_SHIFTED_52W_PLUS_FROZEN_SKU_GROWTH,EXPLICIT_SEASONAL_RECEIPT,DERIVED_IBP_DECISION_LAYER,NET_REVENUE_INVENTORY_EXPOSURE_PROXY_NOT_ACCOUNTING_PROFIT,FROZEN_STEP4D,BASE_SERVICE_THEN_PERSISTENT_WEEKLY_SERVICE_THEN_BASE_COVERAGE_THEN_SEVERE_SCENARIO_THEN_EXCESS,IMMEDIATE_RELEASE_ONLY_FOR_AGGREGATE_BASE_SERVICE_RISK_WEEKLY_SERVICE_RISK_REQUIRES_SOE_REVIEW,LOW_COVERAGE_PROTECTS_INVENTORY_WITHOUT_AUTOMATIC_CHASE_RELEASE,SYNTHETIC_PLANNING_GOVERNANCE_2PLUS_FORECAST_WEEKS_BELOW_92PCT_ESCALATES_TO_P1_NO_AUTOMATIC_CHASE,P2_CHASE_AND_REALLOCATION_OPTIONS_ARE_NOT_RELEASED
2026-06-22,2026-09-21,13,CTS-001,WHOLESALE,Seasonal_MA_2Y,BASELINE,260,21.73,2.41,261.818,39,SCENARIO_ANALOG,FORWARD_SCENARIO_BAND,0,0,2,20,17,5,ADEQUATE,0.385,0.182,0.75,-3.0,4.0,-1.156,0.0,0.729,0.0,1.885,-0.43,-1.274,0.487,CONDITIONAL_P75_SCENARIO_EXPOSURE_X_FROZEN_SKU_POLICY_CAP,HISTORICAL_PUBLIC_WEATHER_DERIVED_OVERLAY,PROJECT_ASSUMPTION,NO_REALIZED_FUTURE_WEATHER_USED,258.792,261.818,263.727,261.818,4.934,1.885,BASE_WITH_MILD_NORMAL_SEVERE_SCENARIOS,RECONSTRUCTED_DEMAND_UNITS,FROZEN_STEP4B_CHAMPION,FROZEN_STEP4C,DERIVED_FROM_SYNTHETIC_CASE_STUDY_DEMAND,833.966,205.518,0.0,4254.815,340.385,337.376,281880.52,0.02,0.5,341.08,852.699,598.829,2.93,601.758,258.792,0.0,342.966,1.0,1.006,569.519,2.955,572.474,261.818,0.0,310.656,1.0,0.911,551.835,2.977,554.812,263.727,0.0,291.085,1.0,0.853,0.0,115708.573,400.53,0.0,104807.891,362.797,0.0,98204.909,339.94,1.0,2026-06-29,0.0,0,0,0,P2,LOW_COVERAGE_RISK,PROTECT,"Base-case fill rate meets the governed service target, but ending inventory is below the 2.5-week safety-stock policy. Protect inventory and retain contingency chase capacity; do not release it yet.",1,1,1.0,1.0,0.0,0.0,0.0,0.0,0,0,310.656,342.966,291.085,0.911,1.006,0.853,0.0,0.0,0.0,542.043,561.614,0.0,542.043,561.614,0.0,0.0,0.0,0.0,0,0.0,0.0,340.385,1,221.229,0.0,0.0,17897.756,18149.013,0.0,0.0,0.92,2.5,0.08,0.18,PRIOR_YEAR_SEASONAL_RECEIPTS_SHIFTED_52W_PLUS_FROZEN_SKU_GROWTH,EXPLICIT_SEASONAL_RECEIPT,DERIVED_IBP_DECISION_LAYER,NET_REVENUE_INVENTORY_EXPOSURE_PROXY_NOT_ACCOUNTING_PROFIT,FROZEN_STEP4D,BASE_SERVICE_THEN_PERSISTENT_WEEKLY_SERVICE_THEN_BASE_COVERAGE_THEN_SEVERE_SCENARIO_THEN_EXCESS,IMMEDIATE_RELEASE_ONLY_FOR_AGGREGATE_BASE_SERVICE_RISK_WEEKLY_SERVICE_RISK_REQUIRES_SOE_REVIEW,LOW_COVERAGE_PROTECTS_INVENTORY_WITHOUT_AUTOMATIC_CHASE_RELEASE,SYNTHETIC_PLANNING_GOVERNANCE_2PLUS_FORECAST_WEEKS_BELOW_92PCT_ESCALATES_TO_P1_NO_AUTOMATIC_CHASE,P2_CHASE_AND_REALLOCATION_OPTIONS_ARE_NOT_RELEASED
2026-06-22,2026-09-21,13,IMH-001,ECOM,HW_Damped_Mul,ETS,260,8.68,-1.32,727.42,39,SCENARIO_ANALOG,FORWARD_SCENARIO_BAND,0,0,2,20,17,5,ADEQUATE,0.372,0.177,0.75,-4.0,5.0,-1.489,0.0,0.886,0.0,2.375,-0.638,-1.639,0.911,CONDITIONAL_P75_SCENARIO_EXPOSURE_X_FROZEN_SKU_POLICY_CAP,HISTORICAL_PUBLIC_WEATHER_DERIVED_OVERLAY,PROJECT_ASSUMPTION,NO_REALIZED_FUTURE_WEATHER_USED,716.586,727.42,733.864,727.42,17.279,2.375,BASE_WITH_MILD_NORMAL_SEVERE_SCENARIOS,RECONSTRUCTED_DEMAND_UNITS,FROZEN_STEP4B_CHAMPION,FROZEN_STEP4C,DERIVED_FROM_SYNTHETIC_CASE_STUDY_DEMAND,1960.271,440.0,0.0,11432.845,914.628,381.156,756664.65,0.07,0.85,728.833,1822.083,1151.648,43.723,1195.37,716.586,0.0,478.784,1.0,0.657,1076.956,44.324,1121.28,727.42,0.0,393.86,1.0,0.54,1034.14,44.717,1078.856,733.864,0.0,344.992,1.0,0.473,0.0,182491.262,631.701,0.0,150121.74,519.652,0.0,131495.762,455.178,1.0,2026-06-29,0.0,0,0,0,P2,LOW_COVERAGE_RISK,PROTECT,"Base-case fill rate meets the governed service target, but ending inventory is below the 2.5-week safety-stock policy. Protect inventory and retain contingency chase capacity; do not release it yet.",1,1,1.0,1.0,0.0,0.0,0.0,0.0,0,0,393.86,478.784,344.992,0.54,0.657,0.473,0.0,0.0,0.0,1428.223,1477.09,0.0,1428.223,1477.09,0.0,0.0,0.0,0.0,0,0.0,0.0,914.628,1,562.462,0.0,0.0,28691.117,29399.633,0.0,0.0,0.92,2.5,0.08,0.18,PRIOR_YEAR_SEASONAL_RECEIPTS_SHIFTED_52W_PLUS_FROZEN_SKU_GROWTH,EXPLICIT_SEASONAL_RECEIPT,DERIVED_IBP_DECISION_LAYER,NET_REVENUE_INVENTORY_EXPOSURE_PROXY_NOT_ACCOUNTING_PROFIT,FROZEN_STEP4D,BASE_SERVICE_THEN_PERSISTENT_WEEKLY_SERVICE_THEN_BASE_COVERAGE_THEN_SEVERE_SCENARIO_THEN_EXCESS,IMMEDIATE_RELEASE_ONLY_FOR_AGGREGATE_BASE_SERVICE_RISK_WEEKLY_SERVICE_RISK_REQUIRES_SOE_REVIEW,LOW_COVERAGE_PROTECTS_INVENTORY_WITHOUT_AUTOMATIC_CHASE_RELEASE,SYNTHETIC_PLANNING_GOVERNANCE_2PLUS_FORECAST_WEEKS_BELOW_92PCT_ESCALATES_TO_P1_NO_AUTOMATIC_CHASE,P2_CHASE_AND_REALLOCATION_OPTIONS_ARE_NOT_RELEASED
2026-06-22,2026-09-21,13,IMH-001,RETAIL,HW_Damped_Mul,ETS,260,8.48,-1.21,487.306,39,SCENARIO_ANALOG,FORWARD_SCENARIO_BAND,0,0,2,20,17,5,ADEQUATE,0.352,0.198,0.75,-4.0,5.0,-1.406,0.0,0.991,0.0,2.397,-0.605,-1.62,0.898,CONDITIONAL_P75_SCENARIO_EXPOSURE_X_FROZEN_SKU_POLICY_CAP,HISTORICAL_PUBLIC_WEATHER_DERIVED_OVERLAY,PROJECT_ASSUMPTION,NO_REALIZED_FUTURE_WEATHER_USED,480.454,487.306,492.135,487.306,11.681,2.397,BASE_WITH_MILD_NORMAL_SEVERE_SCENARIOS,RECONSTRUCTED_DEMAND_UNITS,FROZEN_STEP4B_CHAMPION,FROZEN_STEP4C,DERIVED_FROM_SYNTHETIC_CASE_STUDY_DEMAND,1782.926,343.0,0.0,8900.319,712.025,376.051,681077.82,0.055,0.9,496.865,1242.162,811.159,24.593,835.752,480.454,0.0,355.298,1.0,0.715,759.629,24.93,784.56,487.306,0.0,297.254,1.0,0.598,729.465,25.177,754.643,492.135,0.0,262.508,1.0,0.528,0.0,133610.342,462.497,0.0,111782.471,386.939,0.0,98716.209,341.71,1.0,2026-06-29,0.0,0,0,0,P2,LOW_COVERAGE_RISK,PROTECT,"Base-case fill rate meets the governed service target, but ending inventory is below the 2.5-week safety-stock policy. Protect inventory and retain contingency chase capacity; do not release it yet.",1,1,1.0,1.0,0.0,0.0,0.0,0.0,0,0,297.254,355.298,262.508,0.598,0.715,0.528,0.0,0.0,0.0,944.908,979.654,0.0,944.908,979.654,0.0,0.0,0.0,0.0,0,0.0,0.0,712.025,1,267.629,0.0,0.0,20380.389,20863.828,0.0,0.0,0.92,2.5,0.08,0.18,PRIOR_YEAR_SEASONAL_RECEIPTS_SHIFTED_52W_PLUS_FROZEN_SKU_GROWTH,EXPLICIT_SEASONAL_RECEIPT,DERIVED_IBP_DECISION_LAYER,NET_REVENUE_INVENTORY_EXPOSURE_PROXY_NOT_ACCOUNTING_PROFIT,FROZEN_STEP4D,BASE_SERVICE_THEN_PERSISTENT_WEEKLY_SERVICE_THEN_BASE_COVERAGE_THEN_SEVERE_SCENARIO_THEN_EXCESS,IMMEDIATE_RELEASE_ONLY_FOR_AGGREGATE_BASE_SERVICE_RISK_WEEKLY_SERVICE_RISK_REQUIRES_SOE_REVIEW,LOW_COVERAGE_PROTECTS_INVENTORY_WITHOUT_AUTOMATIC_CHASE_RELEASE,SYNTHETIC_PLANNING_GOVERNANCE_2PLUS_FORECAST_WEEKS_BELOW_92PCT_ESCALATES_TO_P1_NO_AUTOMATIC_CHASE,P2_CHASE_AND_REALLOCATION_OPTIONS_ARE_NOT_RELEASED
2026-06-22,2026-09-21,13,IMH-001,WHOLESALE,HW_Add_Add,ETS,260,18.55,1.41,346.775,39,SCENARIO_ANALOG,FORWARD_SCENARIO_BAND,0,0,2,20,17,5,ADEQUATE,0.364,0.172,0.75,-4.0,5.0,-1.454,0.0,0.859,0.0,2.313,-0.649,-1.629,0.899,CONDITIONAL_P75_SCENARIO_EXPOSURE_X_FROZEN_SKU_POLICY_CAP,HISTORICAL_PUBLIC_WEATHER_DERIVED_OVERLAY,PROJECT_ASSUMPTION,NO_REALIZED_FUTURE_WEATHER_USED,341.731,346.775,349.752,346.775,8.021,2.313,BASE_WITH_MILD_NORMAL_SEVERE_SCENARIOS,RECONSTRUCTED_DEMAND_UNITS,FROZEN_STEP4B_CHAMPION,FROZEN_STEP4C,DERIVED_FROM_SYNTHETIC_CASE_STUDY_DEMAND,930.627,282.0,0.0,6251.029,500.082,207.635,193570.36,0.02,0.5,385.674,964.185,274.435,3.727,278.162,278.162,63.569,0.0,0.814,0.0,260.346,3.78,264.126,264.126,82.649,0.0,0.762,0.0,251.021,3.812,254.834,254.834,94.918,0.0,0.729,0.0,13199.176,0.0,0.0,17160.81,0.0,0.0,19708.393,0.0,0.0,0.741,2026-08-24,78.388,2,1,1,P1,WEEKLY_SERVICE_RISK,ESCALATE,"Base 13-week service meets target, but the series misses the 92% service target in 2 forecast weeks. Worst week 2026-08-24 falls to 74.1% fill with a 78.4-unit gap. Escalate for S&OE review and validate receipt timing, reallocation and chase feasibility before any release.",1,1,0.961,0.955,161.037,186.474,0.039,0.045,1,1,0.0,0.0,0.0,0.0,0.0,0.0,0.0,0.0,0.0,964.185,964.185,0.0,964.185,1150.659,0.0,0.0,0.0,0.0,0,0.0,0.0,0.0,0,0.0,33436.964,38718.609,6327.247,6438.521,0.0,0.0,0.92,2.5,0.08,0.18,PRIOR_YEAR_SEASONAL_RECEIPTS_SHIFTED_52W_PLUS_FROZEN_SKU_GROWTH,EXPLICIT_SEASONAL_RECEIPT,DERIVED_IBP_DECISION_LAYER,NET_REVENUE_INVENTORY_EXPOSURE_PROXY_NOT_ACCOUNTING_PROFIT,FROZEN_STEP4D,BASE_SERVICE_THEN_PERSISTENT_WEEKLY_SERVICE_THEN_BASE_COVERAGE_THEN_SEVERE_SCENARIO_THEN_EXCESS,IMMEDIATE_RELEASE_ONLY_FOR_AGGREGATE_BASE_SERVICE_RISK_WEEKLY_SERVICE_RISK_REQUIRES_SOE_REVIEW,LOW_COVERAGE_PROTECTS_INVENTORY_WITHOUT_AUTOMATIC_CHASE_RELEASE,SYNTHETIC_PLANNING_GOVERNANCE_2PLUS_FORECAST_WEEKS_BELOW_92PCT_ESCALATES_TO_P1_NO_AUTOMATIC_CHASE,P2_CHASE_AND_REALLOCATION_OPTIONS_ARE_NOT_RELEASED
