week_start,region_id,proxy_city,avg_temp_c,min_temp_c,max_temp_c,rain_mm,rain_days,snow_cm,snow_days,precipitation_mm,precipitation_hours,max_wind_kmh,max_gust_kmh,high_wind_days,cold_days_lt5c,wet_cold_days,days_in_week,source,model
2021-06-28,CA_ON,"Toronto, ON",19.75,14.3,24.9,19.9,2,0.0,0,19.9,24.0,20.8,42.8,0,0,0,4,Open-Meteo Historical Weather API,ERA5
2021-06-28,CA_PNW,"Vancouver, BC",20.075,15.1,24.8,0.0,0,0.0,0,0.0,0.0,9.8,27.7,0,0,0,4,Open-Meteo Historical Weather API,ERA5
2021-06-28,CA_PRAIRIE,"Calgary, AB",21.675,13.0,36.7,43.9,3,0.0,0,43.9,34.0,21.3,48.6,0,0,0,4,Open-Meteo Historical Weather API,ERA5
2021-06-28,CA_QC,"Montreal, QC",17.925,12.2,23.4,2.2,1,0.0,0,2.2,7.0,25.2,45.4,0,0,0,4,Open-Meteo Historical Weather API,ERA5
2021-06-28,US_MIDWEST,"Chicago, IL",20.775,13.7,29.2,0.0,0,0.0,0,0.0,0.0,24.8,47.9,0,0,0,4,Open-Meteo Historical Weather API,ERA5
2021-06-28,US_MTN,"Denver, CO",21.65,12.7,31.3,6.7,2,0.0,0,6.7,6.0,15.8,38.2,0,0,0,4,Open-Meteo Historical Weather API,ERA5
2021-06-28,US_NE,"New York, NY",21.475,16.5,27.5,74.8,3,0.0,0,74.8,52.0,20.1,36.0,0,0,0,4,Open-Meteo Historical Weather API,ERA5
2021-06-28,US_PNW,"Seattle, WA",19.95,15.7,26.1,0.1,0,0.0,0,0.1,1.0,11.4,28.4,0,0,0,4,Open-Meteo Historical Weather API,ERA5
2021-06-28,US_WEST,"San Francisco, CA",16.975,13.2,21.6,0.0,0,0.0,0,0.0,0.0,18.3,45.0,0,0,0,4,Open-Meteo Historical Weather API,ERA5
2021-07-05,CA_ON,"Toronto, ON",20.414,14.5,31.8,25.7,5,0.0,0,25.7,38.0,20.7,54.7,0,0,0,7,Open-Meteo Historical Weather API,ERA5
2021-07-05,CA_PNW,"Vancouver, BC",19.5,14.0,26.3,0.1,0,0.0,0,0.1,1.0,14.3,36.7,0,0,0,7,Open-Meteo Historical Weather API,ERA5
2021-07-05,CA_PRAIRIE,"Calgary, AB",18.471,11.0,31.1,32.8,5,0.0,0,32.8,44.0,17.6,30.2,0,0,0,7,Open-Meteo Historical Weather API,ERA5
2021-07-05,CA_QC,"Montreal, QC",19.229,10.2,28.6,21.0,3,0.0,0,21.0,24.0,24.2,49.7,0,0,0,7,Open-Meteo Historical Weather API,ERA5
2021-07-05,US_MIDWEST,"Chicago, IL",21.571,14.9,30.9,24.7,4,0.0,0,24.7,37.0,25.2,44.6,0,0,0,7,Open-Meteo Historical Weather API,ERA5
2021-07-05,US_MTN,"Denver, CO",23.714,13.3,35.9,1.1,0,0.0,0,1.1,3.0,18.6,36.7,0,0,0,7,Open-Meteo Historical Weather API,ERA5
2021-07-05,US_NE,"New York, NY",25.214,19.1,33.6,33.2,3,0.0,0,33.2,29.0,25.6,52.2,0,0,0,7,Open-Meteo Historical Weather API,ERA5
2021-07-05,US_PNW,"Seattle, WA",19.343,13.5,26.1,0.0,0,0.0,0,0.0,0.0,17.8,40.7,0,0,0,7,Open-Meteo Historical Weather API,ERA5
2021-07-05,US_WEST,"San Francisco, CA",17.157,12.0,26.0,0.0,0,0.0,0,0.0,0.0,18.8,45.7,0,0,0,7,Open-Meteo Historical Weather API,ERA5
2021-07-12,CA_ON,"Toronto, ON",22.3,17.3,29.6,23.5,4,0.0,0,23.5,32.0,26.8,55.8,0,0,0,7,Open-Meteo Historical Weather API,ERA5
2021-07-12,CA_PNW,"Vancouver, BC",18.643,13.0,25.8,0.4,0,0.0,0,0.4,3.0,13.8,33.8,0,0,0,7,Open-Meteo Historical Weather API,ERA5
2021-07-12,CA_PRAIRIE,"Calgary, AB",19.143,9.7,31.3,0.8,0,0.0,0,0.8,2.0,22.1,43.9,0,0,0,7,Open-Meteo Historical Weather API,ERA5
2021-07-12,CA_QC,"Montreal, QC",22.329,16.2,29.1,20.4,4,0.0,0,20.4,32.0,21.4,49.3,0,0,0,7,Open-Meteo Historical Weather API,ERA5
2021-07-12,US_MIDWEST,"Chicago, IL",21.343,18.0,27.6,15.0,2,0.0,0,15.0,32.0,29.1,48.2,0,0,0,7,Open-Meteo Historical Weather API,ERA5
2021-07-12,US_MTN,"Denver, CO",23.1,12.4,32.9,1.8,0,0.0,0,1.8,4.0,21.3,33.8,0,0,0,7,Open-Meteo Historical Weather API,ERA5
2021-07-12,US_NE,"New York, NY",25.9,21.1,32.6,39.0,4,0.0,0,39.0,38.0,17.1,35.6,0,0,0,7,Open-Meteo Historical Weather API,ERA5
2021-07-12,US_PNW,"Seattle, WA",19.014,14.4,26.4,0.0,0,0.0,0,0.0,0.0,12.4,28.8,0,0,0,7,Open-Meteo Historical Weather API,ERA5
2021-07-12,US_WEST,"San Francisco, CA",16.143,11.8,24.4,0.0,0,0.0,0,0.0,0.0,18.9,44.6,0,0,0,7,Open-Meteo Historical Weather API,ERA5
2021-07-19,CA_ON,"Toronto, ON",21.771,13.9,30.2,23.0,4,0.0,0,23.0,18.0,30.3,62.3,0,0,0,7,Open-Meteo Historical Weather API,ERA5
2021-07-19,CA_PNW,"Vancouver, BC",19.314,12.8,26.1,0.2,0,0.0,0,0.2,1.0,13.5,31.7,0,0,0,7,Open-Meteo Historical Weather API,ERA5
2021-07-19,CA_PRAIRIE,"Calgary, AB",18.2,7.5,29.0,2.6,1,0.0,0,2.6,14.0,21.9,49.7,0,0,0,7,Open-Meteo Historical Weather API,ERA5
2021-07-19,CA_QC,"Montreal, QC",20.7,13.4,27.5,34.9,4,0.0,0,34.9,25.0,27.2,66.2,0,0,0,7,Open-Meteo Historical Weather API,ERA5
2021-07-19,US_MIDWEST,"Chicago, IL",23.414,17.5,30.7,4.5,3,0.0,0,4.5,17.0,25.5,47.2,0,0,0,7,Open-Meteo Historical Weather API,ERA5
2021-07-19,US_MTN,"Denver, CO",25.043,15.6,34.2,3.6,1,0.0,0,3.6,12.0,24.3,32.4,0,0,0,7,Open-Meteo Historical Weather API,ERA5
2021-07-19,US_NE,"New York, NY",24.586,19.5,29.2,5.4,2,0.0,0,5.4,18.0,19.6,41.0,0,0,0,7,Open-Meteo Historical Weather API,ERA5
2021-07-19,US_PNW,"Seattle, WA",19.571,14.4,27.0,2.2,1,0.0,0,2.2,12.0,13.6,31.3,0,0,0,7,Open-Meteo Historical Weather API,ERA5
2021-07-19,US_WEST,"San Francisco, CA",17.286,12.4,24.7,0.0,0,0.0,0,0.0,0.0,18.8,42.1,0,0,0,7,Open-Meteo Historical Weather API,ERA5
2021-07-26,CA_ON,"Toronto, ON",19.757,10.3,30.1,34.5,3,0.0,0,34.5,20.0,20.4,50.0,0,0,0,7,Open-Meteo Historical Weather API,ERA5
2021-07-26,CA_PNW,"Vancouver, BC",22.386,15.0,32.0,0.0,0,0.0,0,0.0,0.0,11.7,28.1,0,0,0,7,Open-Meteo Historical Weather API,ERA5
2021-07-26,CA_PRAIRIE,"Calgary, AB",21.086,10.8,33.0,0.3,0,0.0,0,0.3,1.0,19.4,43.6,0,0,0,7,Open-Meteo Historical Weather API,ERA5
2021-07-26,CA_QC,"Montreal, QC",17.814,11.2,27.2,22.0,5,0.0,0,22.0,28.0,26.2,50.8,0,0,0,7,Open-Meteo Historical Weather API,ERA5
2021-07-26,US_MIDWEST,"Chicago, IL",23.129,16.6,29.9,0.9,0,0.0,0,0.9,3.0,32.1,49.7,0,0,0,7,Open-Meteo Historical Weather API,ERA5
2021-07-26,US_MTN,"Denver, CO",24.429,15.3,36.8,23.2,2,0.0,0,23.2,25.0,18.2,29.9,0,0,0,7,Open-Meteo Historical Weather API,ERA5
2021-07-26,US_NE,"New York, NY",23.971,16.6,31.2,12.6,1,0.0,0,12.6,10.0,21.4,42.1,0,0,0,7,Open-Meteo Historical Weather API,ERA5
2021-07-26,US_PNW,"Seattle, WA",21.714,16.0,30.0,1.0,1,0.0,0,1.0,3.0,13.8,28.4,0,0,0,7,Open-Meteo Historical Weather API,ERA5
2021-07-26,US_WEST,"San Francisco, CA",18.157,13.0,27.4,0.2,0,0.0,0,0.2,1.0,17.8,44.3,0,0,0,7,Open-Meteo Historical Weather API,ERA5
2021-08-02,CA_ON,"Toronto, ON",21.686,12.1,28.9,8.1,1,0.0,0,8.1,11.0,18.4,39.2,0,0,0,7,Open-Meteo Historical Weather API,ERA5
2021-08-02,CA_PNW,"Vancouver, BC",20.557,15.2,28.9,23.5,2,0.0,0,23.5,39.0,12.6,32.8,0,0,0,7,Open-Meteo Historical Weather API,ERA5
2021-08-02,CA_PRAIRIE,"Calgary, AB",19.629,10.5,31.2,14.4,3,0.0,0,14.4,27.0,20.3,43.9,0,0,0,7,Open-Meteo Historical Weather API,ERA5
2021-08-02,CA_QC,"Montreal, QC",21.271,13.9,30.1,1.6,1,0.0,0,1.6,4.0,22.5,48.2,0,0,0,7,Open-Meteo Historical Weather API,ERA5
2021-08-02,US_MIDWEST,"Chicago, IL",22.986,15.3,29.9,10.7,3,0.0,0,10.7,15.0,24.9,49.0,0,0,0,7,Open-Meteo Historical Weather API,ERA5
2021-08-02,US_MTN,"Denver, CO",23.114,14.6,34.8,2.7,1,0.0,0,2.7,6.0,17.8,33.8,0,0,0,7,Open-Meteo Historical Weather API,ERA5
2021-08-02,US_NE,"New York, NY",23.0,17.4,29.5,1.5,1,0.0,0,1.5,6.0,17.4,37.4,0,0,0,7,Open-Meteo Historical Weather API,ERA5
2021-08-02,US_PNW,"Seattle, WA",20.6,14.1,29.1,12.8,3,0.0,0,12.8,33.0,18.7,41.8,0,0,0,7,Open-Meteo Historical Weather API,ERA5
2021-08-02,US_WEST,"San Francisco, CA",17.286,12.3,25.2,0.0,0,0.0,0,0.0,0.0,18.4,45.7,0,0,0,7,Open-Meteo Historical Weather API,ERA5
2021-08-09,CA_ON,"Toronto, ON",23.814,12.2,31.2,9.5,1,0.0,0,9.5,14.0,26.8,50.0,0,0,0,7,Open-Meteo Historical Weather API,ERA5
2021-08-09,CA_PNW,"Vancouver, BC",22.657,15.7,34.4,0.0,0,0.0,0,0.0,0.0,11.2,29.5,0,0,0,7,Open-Meteo Historical Weather API,ERA5
2021-08-09,CA_PRAIRIE,"Calgary, AB",20.6,8.1,35.0,0.0,0,0.0,0,0.0,0.0,20.5,44.6,0,0,0,7,Open-Meteo Historical Weather API,ERA5
2021-08-09,CA_QC,"Montreal, QC",24.114,12.3,31.8,10.0,4,0.0,0,10.0,26.0,23.9,47.9,0,0,0,7,Open-Meteo Historical Weather API,ERA5
2021-08-09,US_MIDWEST,"Chicago, IL",23.9,16.2,32.7,24.9,3,0.0,0,24.9,29.0,30.3,58.0,0,0,0,7,Open-Meteo Historical Weather API,ERA5
2021-08-09,US_MTN,"Denver, CO",24.186,14.9,34.9,2.0,1,0.0,0,2.0,8.0,16.3,43.9,0,0,0,7,Open-Meteo Historical Weather API,ERA5
2021-08-09,US_NE,"New York, NY",26.2,20.7,33.2,9.2,3,0.0,0,9.2,18.0,18.4,40.3,0,0,0,7,Open-Meteo Historical Weather API,ERA5
2021-08-09,US_PNW,"Seattle, WA",22.429,15.1,31.5,0.0,0,0.0,0,0.0,0.0,16.6,31.0,0,0,0,7,Open-Meteo Historical Weather API,ERA5
2021-08-09,US_WEST,"San Francisco, CA",18.4,13.3,27.1,0.0,0,0.0,0,0.0,0.0,19.8,44.6,0,0,0,7,Open-Meteo Historical Weather API,ERA5
2021-08-16,CA_ON,"Toronto, ON",23.586,13.1,30.3,5.4,2,0.0,0,5.4,16.0,16.8,37.4,0,0,0,7,Open-Meteo Historical Weather API,ERA5
2021-08-16,CA_PNW,"Vancouver, BC",17.371,12.6,21.8,21.3,4,0.0,0,21.3,40.0,12.6,32.4,0,0,0,7,Open-Meteo Historical Weather API,ERA5
2021-08-16,CA_PRAIRIE,"Calgary, AB",12.543,5.0,21.2,66.1,6,0.0,0,66.1,63.0,17.7,42.5,0,0,0,7,Open-Meteo Historical Weather API,ERA5
2021-08-16,CA_QC,"Montreal, QC",23.414,12.0,32.0,3.1,2,0.0,0,3.1,12.0,16.5,29.9,0,0,0,7,Open-Meteo Historical Weather API,ERA5
2021-08-16,US_MIDWEST,"Chicago, IL",23.686,16.7,29.6,6.0,1,0.0,0,6.0,21.0,21.7,40.3,0,0,0,7,Open-Meteo Historical Weather API,ERA5
2021-08-16,US_MTN,"Denver, CO",22.8,13.4,35.0,7.2,2,0.0,0,7.2,7.0,18.9,42.1,0,0,0,7,Open-Meteo Historical Weather API,ERA5
2021-08-16,US_NE,"New York, NY",24.957,20.6,29.4,99.5,6,0.0,0,99.5,74.0,21.8,42.1,0,0,0,7,Open-Meteo Historical Weather API,ERA5
2021-08-16,US_PNW,"Seattle, WA",17.614,12.6,24.3,1.8,1,0.0,0,1.8,10.0,19.1,44.3,0,0,0,7,Open-Meteo Historical Weather API,ERA5
2021-08-16,US_WEST,"San Francisco, CA",17.914,13.8,26.0,0.0,0,0.0,0,0.0,0.0,21.6,47.2,0,0,0,7,Open-Meteo Historical Weather API,ERA5
2021-08-23,CA_ON,"Toronto, ON",25.0,18.7,32.5,5.0,2,0.0,0,5.0,12.0,22.5,42.5,0,0,0,7,Open-Meteo Historical Weather API,ERA5
2021-08-23,CA_PNW,"Vancouver, BC",16.886,11.2,22.9,11.2,3,0.0,0,11.2,29.0,10.8,27.0,0,0,0,7,Open-Meteo Historical Weather API,ERA5
2021-08-23,CA_PRAIRIE,"Calgary, AB",12.886,3.4,25.0,9.2,2,0.0,0,9.2,28.0,24.7,51.1,0,0,0,7,Open-Meteo Historical Weather API,ERA5
2021-08-23,CA_QC,"Montreal, QC",22.929,15.6,32.9,15.6,2,0.0,0,15.6,21.0,21.0,46.1,0,0,0,7,Open-Meteo Historical Weather API,ERA5
2021-08-23,US_MIDWEST,"Chicago, IL",25.686,17.8,32.8,21.0,4,0.0,0,21.0,11.0,25.1,53.6,0,0,0,7,Open-Meteo Historical Weather API,ERA5
2021-08-23,US_MTN,"Denver, CO",23.286,14.6,34.7,2.5,1,0.0,0,2.5,9.0,22.7,38.9,0,0,0,7,Open-Meteo Historical Weather API,ERA5
2021-08-23,US_NE,"New York, NY",25.614,20.4,32.6,65.1,3,0.0,0,65.1,40.0,20.8,43.9,0,0,0,7,Open-Meteo Historical Weather API,ERA5
2021-08-23,US_PNW,"Seattle, WA",17.086,10.5,24.0,2.2,1,0.0,0,2.2,10.0,14.9,33.5,0,0,0,7,Open-Meteo Historical Weather API,ERA5
2021-08-23,US_WEST,"San Francisco, CA",19.171,12.7,33.8,0.0,0,0.0,0,0.0,0.0,16.4,38.9,0,0,0,7,Open-Meteo Historical Weather API,ERA5
2021-08-30,CA_ON,"Toronto, ON",20.1,12.1,29.3,4.1,1,0.0,0,4.1,5.0,21.7,44.6,0,0,0,7,Open-Meteo Historical Weather API,ERA5
2021-08-30,CA_PNW,"Vancouver, BC",16.014,10.6,22.9,11.0,2,0.0,0,11.0,23.0,12.7,35.3,0,0,0,7,Open-Meteo Historical Weather API,ERA5
2021-08-30,CA_PRAIRIE,"Calgary, AB",13.286,2.9,26.2,4.4,1,0.0,0,4.4,7.0,22.2,46.1,0,0,0,7,Open-Meteo Historical Weather API,ERA5
2021-08-30,CA_QC,"Montreal, QC",18.657,11.5,28.3,15.9,2,0.0,0,15.9,22.0,24.0,47.2,0,0,0,7,Open-Meteo Historical Weather API,ERA5
2021-08-30,US_MIDWEST,"Chicago, IL",21.586,15.8,27.7,2.9,2,0.0,0,2.9,8.0,23.0,41.8,0,0,0,7,Open-Meteo Historical Weather API,ERA5
2021-08-30,US_MTN,"Denver, CO",22.414,12.9,34.3,10.2,3,0.0,0,10.2,13.0,16.9,42.8,0,0,0,7,Open-Meteo Historical Weather API,ERA5
2021-08-30,US_NE,"New York, NY",22.257,15.4,30.2,72.8,3,0.0,0,72.8,29.0,30.8,70.9,0,0,0,7,Open-Meteo Historical Weather API,ERA5
2021-08-30,US_PNW,"Seattle, WA",16.6,9.5,25.1,0.6,0,0.0,0,0.6,4.0,18.2,40.3,0,0,0,7,Open-Meteo Historical Weather API,ERA5
2021-08-30,US_WEST,"San Francisco, CA",17.4,11.1,27.9,0.0,0,0.0,0,0.0,0.0,19.3,43.6,0,0,0,7,Open-Meteo Historical Weather API,ERA5
2021-09-06,CA_ON,"Toronto, ON",19.143,11.2,26.2,10.0,2,0.0,0,10.0,13.0,30.3,61.6,0,0,0,7,Open-Meteo Historical Weather API,ERA5
2021-09-06,CA_PNW,"Vancouver, BC",17.643,12.9,24.5,9.6,2,0.0,0,9.6,34.0,10.8,28.4,0,0,0,7,Open-Meteo Historical Weather API,ERA5
2021-09-06,CA_PRAIRIE,"Calgary, AB",14.371,6.6,27.2,15.1,2,0.0,0,15.1,23.0,15.8,36.0,0,0,0,7,Open-Meteo Historical Weather API,ERA5
2021-09-06,CA_QC,"Montreal, QC",17.529,11.4,23.1,21.6,4,0.0,0,21.6,26.0,25.3,61.2,0,0,0,7,Open-Meteo Historical Weather API,ERA5
2021-09-06,US_MIDWEST,"Chicago, IL",21.129,13.8,29.2,13.9,1,0.0,0,13.9,7.0,33.5,65.9,0,0,0,7,Open-Meteo Historical Weather API,ERA5
2021-09-06,US_MTN,"Denver, CO",23.0,11.7,36.0,0.3,0,0.0,0,0.3,1.0,14.0,32.0,0,0,0,7,Open-Meteo Historical Weather API,ERA5
2021-09-06,US_NE,"New York, NY",22.214,15.7,27.8,18.5,1,0.0,0,18.5,15.0,22.7,49.3,0,0,0,7,Open-Meteo Historical Weather API,ERA5
2021-09-06,US_PNW,"Seattle, WA",18.014,13.0,26.0,8.7,3,0.0,0,8.7,28.0,15.9,33.5,0,0,0,7,Open-Meteo Historical Weather API,ERA5
2021-09-06,US_WEST,"San Francisco, CA",19.214,12.0,30.4,0.0,0,0.0,0,0.0,0.0,18.9,40.7,0,0,0,7,Open-Meteo Historical Weather API,ERA5
2021-09-13,CA_ON,"Toronto, ON",18.557,10.3,27.8,5.4,2,0.0,0,5.4,12.0,23.1,58.0,0,0,0,7,Open-Meteo Historical Weather API,ERA5
2021-09-13,CA_PNW,"Vancouver, BC",13.814,8.4,18.2,135.4,4,0.0,0,135.4,81.0,24.5,57.2,0,0,0,7,Open-Meteo Historical Weather API,ERA5
2021-09-13,CA_PRAIRIE,"Calgary, AB",10.386,-1.0,21.2,4.5,1,0.21,0,4.8,7.0,22.4,45.7,0,0,0,7,Open-Meteo Historical Weather API,ERA5
2021-09-13,CA_QC,"Montreal, QC",16.729,8.6,25.2,15.5,3,0.0,0,15.5,22.0,25.2,55.8,0,0,0,7,Open-Meteo Historical Weather API,ERA5
2021-09-13,US_MIDWEST,"Chicago, IL",21.971,13.2,30.8,3.3,1,0.0,0,3.3,6.0,27.5,49.7,0,0,0,7,Open-Meteo Historical Weather API,ERA5
2021-09-13,US_MTN,"Denver, CO",20.714,10.4,33.1,1.3,1,0.0,0,1.3,3.0,22.6,55.4,0,0,0,7,Open-Meteo Historical Weather API,ERA5
2021-09-13,US_NE,"New York, NY",23.243,18.1,29.8,3.6,2,0.0,0,3.6,17.0,18.6,33.8,0,0,0,7,Open-Meteo Historical Weather API,ERA5
2021-09-13,US_PNW,"Seattle, WA",14.757,8.8,19.0,59.6,5,0.0,0,59.6,72.0,23.2,68.4,0,0,0,7,Open-Meteo Historical Weather API,ERA5
2021-09-13,US_WEST,"San Francisco, CA",17.329,11.7,26.3,0.1,0,0.0,0,0.1,1.0,17.4,42.5,0,0,0,7,Open-Meteo Historical Weather API,ERA5
2021-09-20,CA_ON,"Toronto, ON",16.357,8.7,24.0,58.6,4,0.0,0,58.6,50.0,28.2,65.2,0,0,0,7,Open-Meteo Historical Weather API,ERA5
2021-09-20,CA_PNW,"Vancouver, BC",15.071,10.5,21.4,32.1,3,0.0,0,32.1,32.0,15.6,49.3,0,0,0,7,Open-Meteo Historical Weather API,ERA5
2021-09-20,CA_PRAIRIE,"Calgary, AB",13.543,0.9,26.0,0.1,0,0.0,0,0.1,1.0,18.5,36.7,0,0,0,7,Open-Meteo Historical Weather API,ERA5
2021-09-20,CA_QC,"Montreal, QC",17.814,6.7,26.0,35.6,2,0.0,0,35.6,21.0,26.1,62.6,0,0,0,7,Open-Meteo Historical Weather API,ERA5
2021-09-20,US_MIDWEST,"Chicago, IL",17.814,10.8,26.9,24.1,3,0.0,0,24.1,39.0,37.1,67.7,0,0,0,7,Open-Meteo Historical Weather API,ERA5
2021-09-20,US_MTN,"Denver, CO",16.829,5.5,31.3,1.3,0,0.0,0,1.3,6.0,20.5,50.0,0,0,0,7,Open-Meteo Historical Weather API,ERA5
2021-09-20,US_NE,"New York, NY",20.8,15.1,26.6,35.5,2,0.0,0,35.5,25.0,27.2,63.7,0,0,0,7,Open-Meteo Historical Weather API,ERA5
2021-09-20,US_PNW,"Seattle, WA",15.543,10.0,23.6,9.7,1,0.0,0,9.7,15.0,22.0,51.1,0,0,0,7,Open-Meteo Historical Weather API,ERA5
2021-09-20,US_WEST,"San Francisco, CA",19.071,12.1,33.1,0.0,0,0.0,0,0.0,0.0,17.3,37.8,0,0,0,7,Open-Meteo Historical Weather API,ERA5
2021-09-27,CA_ON,"Toronto, ON",15.657,7.5,25.6,17.8,2,0.0,0,17.8,29.0,19.7,42.5,0,0,0,7,Open-Meteo Historical Weather API,ERA5
2021-09-27,CA_PNW,"Vancouver, BC",12.814,9.9,16.0,128.9,5,0.0,0,128.9,98.0,24.6,70.6,0,0,0,7,Open-Meteo Historical Weather API,ERA5
2021-09-27,CA_PRAIRIE,"Calgary, AB",11.786,0.8,24.1,0.0,0,0.0,0,0.0,0.0,19.7,44.3,0,0,0,7,Open-Meteo Historical Weather API,ERA5
2021-09-27,CA_QC,"Montreal, QC",11.486,6.6,16.7,20.8,2,0.0,0,20.8,31.0,18.7,40.7,0,0,0,7,Open-Meteo Historical Weather API,ERA5
2021-09-27,US_MIDWEST,"Chicago, IL",20.171,13.2,29.3,21.7,2,0.0,0,21.7,25.0,28.9,45.7,0,0,0,7,Open-Meteo Historical Weather API,ERA5
2021-09-27,US_MTN,"Denver, CO",15.886,7.3,31.1,7.0,1,0.0,0,7.0,12.0,18.7,39.6,0,0,0,7,Open-Meteo Historical Weather API,ERA5
2021-09-27,US_NE,"New York, NY",17.9,10.3,26.2,4.1,1,0.0,0,4.1,3.0,20.9,38.5,0,0,0,7,Open-Meteo Historical Weather API,ERA5
2021-09-27,US_PNW,"Seattle, WA",13.271,8.3,18.1,36.3,5,0.0,0,36.3,67.0,23.8,53.3,0,0,0,7,Open-Meteo Historical Weather API,ERA5
2021-09-27,US_WEST,"San Francisco, CA",18.786,10.5,31.0,0.0,0,0.0,0,0.0,0.0,17.8,42.5,0,0,0,7,Open-Meteo Historical Weather API,ERA5
2021-10-04,CA_ON,"Toronto, ON",17.086,14.6,20.6,16.9,2,0.0,0,16.9,30.0,18.9,34.6,0,0,0,7,Open-Meteo Historical Weather API,ERA5
2021-10-04,CA_PNW,"Vancouver, BC",10.371,6.1,14.8,56.0,4,0.0,0,56.0,63.0,23.1,60.1,0,0,0,7,Open-Meteo Historical Weather API,ERA5
2021-10-04,CA_PRAIRIE,"Calgary, AB",7.014,-3.9,21.7,0.9,0,0.21,0,0.9,3.0,32.9,66.6,0,2,0,7,Open-Meteo Historical Weather API,ERA5
2021-10-04,CA_QC,"Montreal, QC",13.043,7.1,20.8,6.0,1,0.0,0,6.0,8.0,17.6,34.9,0,0,0,7,Open-Meteo Historical Weather API,ERA5
2021-10-04,US_MIDWEST,"Chicago, IL",19.057,16.2,24.3,22.1,3,0.0,0,22.1,36.0,26.5,44.3,0,0,0,7,Open-Meteo Historical Weather API,ERA5
2021-10-04,US_MTN,"Denver, CO",16.514,5.7,28.4,0.8,0,0.0,0,0.8,2.0,18.8,40.3,0,0,0,7,Open-Meteo Historical Weather API,ERA5
2021-10-04,US_NE,"New York, NY",18.4,15.3,22.9,13.4,2,0.0,0,13.4,24.0,20.6,39.2,0,0,0,7,Open-Meteo Historical Weather API,ERA5
2021-10-04,US_PNW,"Seattle, WA",10.914,5.4,15.2,31.4,4,0.0,0,31.4,55.0,24.5,51.5,0,0,0,7,Open-Meteo Historical Weather API,ERA5
2021-10-04,US_WEST,"San Francisco, CA",16.043,8.7,28.5,0.1,0,0.0,0,0.1,1.0,25.9,50.0,0,0,0,7,Open-Meteo Historical Weather API,ERA5
2021-10-11,CA_ON,"Toronto, ON",16.857,9.4,23.3,15.1,2,0.0,0,15.1,21.0,26.6,54.7,0,0,0,7,Open-Meteo Historical Weather API,ERA5
2021-10-11,CA_PNW,"Vancouver, BC",9.771,4.2,14.6,161.3,7,0.0,0,161.3,126.0,18.9,54.7,0,0,0,7,Open-Meteo Historical Weather API,ERA5
2021-10-11,CA_PRAIRIE,"Calgary, AB",4.143,-7.1,21.2,0.2,0,0.14,0,0.2,2.0,18.6,41.0,0,5,0,7,Open-Meteo Historical Weather API,ERA5
2021-10-11,CA_QC,"Montreal, QC",15.886,9.0,22.8,24.5,1,0.0,0,24.5,27.0,28.3,57.2,0,0,0,7,Open-Meteo Historical Weather API,ERA5
2021-10-11,US_MIDWEST,"Chicago, IL",15.686,6.7,23.3,37.0,4,0.0,0,37.0,32.0,28.4,51.5,0,0,0,7,Open-Meteo Historical Weather API,ERA5
2021-10-11,US_MTN,"Denver, CO",9.443,1.2,23.8,7.8,3,1.54,1,10.0,16.0,20.4,42.5,0,0,0,7,Open-Meteo Historical Weather API,ERA5
2021-10-11,US_NE,"New York, NY",18.514,11.0,24.7,10.9,1,0.0,0,10.9,9.0,23.8,45.0,0,0,0,7,Open-Meteo Historical Weather API,ERA5
2021-10-11,US_PNW,"Seattle, WA",10.529,3.5,17.6,15.1,6,0.0,0,15.1,51.0,17.4,34.9,0,0,0,7,Open-Meteo Historical Weather API,ERA5
2021-10-11,US_WEST,"San Francisco, CA",15.9,8.2,28.8,2.4,1,0.0,0,2.4,4.0,28.3,56.9,0,0,0,7,Open-Meteo Historical Weather API,ERA5
2021-10-18,CA_ON,"Toronto, ON",10.586,1.3,21.6,5.4,2,0.0,0,5.4,16.0,26.6,50.0,0,0,0,7,Open-Meteo Historical Weather API,ERA5
2021-10-18,CA_PNW,"Vancouver, BC",11.257,5.6,17.6,79.3,5,0.0,0,79.3,84.0,21.9,70.6,0,0,0,7,Open-Meteo Historical Weather API,ERA5
2021-10-18,CA_PRAIRIE,"Calgary, AB",5.157,-2.3,16.6,23.6,1,0.14,0,23.8,20.0,20.4,43.6,0,4,0,7,Open-Meteo Historical Weather API,ERA5
2021-10-18,CA_QC,"Montreal, QC",8.4,1.2,16.7,20.6,4,0.0,0,20.6,31.0,25.2,47.9,0,1,0,7,Open-Meteo Historical Weather API,ERA5
2021-10-18,US_MIDWEST,"Chicago, IL",11.871,5.0,20.9,36.2,1,0.0,0,36.2,21.0,36.0,68.4,0,0,0,7,Open-Meteo Historical Weather API,ERA5
2021-10-18,US_MTN,"Denver, CO",11.371,1.1,24.5,3.4,1,0.0,0,3.4,6.0,19.4,37.1,0,0,0,7,Open-Meteo Historical Weather API,ERA5
2021-10-18,US_NE,"New York, NY",14.957,8.4,23.8,0.6,0,0.0,0,0.6,3.0,25.7,52.2,0,0,0,7,Open-Meteo Historical Weather API,ERA5
2021-10-18,US_PNW,"Seattle, WA",12.071,7.2,19.1,33.9,5,0.0,0,33.9,63.0,24.1,58.3,0,0,0,7,Open-Meteo Historical Weather API,ERA5
2021-10-18,US_WEST,"San Francisco, CA",15.771,6.8,22.0,89.4,4,0.0,0,89.4,46.0,37.2,78.1,0,0,0,7,Open-Meteo Historical Weather API,ERA5
2021-10-25,CA_ON,"Toronto, ON",9.3,5.6,16.0,41.7,4,0.0,0,41.7,58.0,30.5,58.3,0,0,0,7,Open-Meteo Historical Weather API,ERA5
2021-10-25,CA_PNW,"Vancouver, BC",9.014,3.4,12.9,107.1,4,0.0,0,107.1,86.0,26.2,74.5,0,0,0,7,Open-Meteo Historical Weather API,ERA5
2021-10-25,CA_PRAIRIE,"Calgary, AB",2.086,-9.3,13.8,2.6,1,5.04,1,9.8,27.0,23.8,50.0,0,4,1,7,Open-Meteo Historical Weather API,ERA5
2021-10-25,CA_QC,"Montreal, QC",7.343,0.9,12.1,52.3,3,0.0,0,52.3,56.0,26.3,50.0,0,0,0,7,Open-Meteo Historical Weather API,ERA5
2021-10-25,US_MIDWEST,"Chicago, IL",10.414,5.6,13.2,43.8,4,0.0,0,43.8,56.0,41.8,77.4,1,0,0,7,Open-Meteo Historical Weather API,ERA5
2021-10-25,US_MTN,"Denver, CO",10.614,3.3,26.9,2.8,1,0.0,0,2.8,9.0,30.3,56.5,0,0,0,7,Open-Meteo Historical Weather API,ERA5
2021-10-25,US_NE,"New York, NY",14.571,9.2,21.7,130.0,6,0.0,0,130.0,61.0,32.7,68.4,0,0,0,7,Open-Meteo Historical Weather API,ERA5
2021-10-25,US_PNW,"Seattle, WA",10.414,3.8,15.4,82.2,5,0.0,0,82.2,81.0,27.5,62.3,0,0,0,7,Open-Meteo Historical Weather API,ERA5
2021-10-25,US_WEST,"San Francisco, CA",15.9,11.7,23.4,11.9,1,0.0,0,11.9,13.0,19.5,45.0,0,0,0,7,Open-Meteo Historical Weather API,ERA5
2021-11-01,CA_ON,"Toronto, ON",4.757,-1.3,16.0,0.4,0,0.0,0,0.4,3.0,27.4,52.2,0,4,0,7,Open-Meteo Historical Weather API,ERA5
2021-11-01,CA_PNW,"Vancouver, BC",8.914,4.1,13.7,159.3,7,7.56,2,170.1,135.0,23.9,72.4,0,0,0,7,Open-Meteo Historical Weather API,ERA5
2021-11-01,CA_PRAIRIE,"Calgary, AB",2.057,-10.2,15.5,0.0,0,0.0,0,0.0,0.0,20.3,42.5,0,5,0,7,Open-Meteo Historical Weather API,ERA5
2021-11-01,CA_QC,"Montreal, QC",3.714,-4.0,12.2,1.5,1,0.0,0,1.5,5.0,32.0,60.5,0,6,1,7,Open-Meteo Historical Weather API,ERA5
2021-11-01,US_MIDWEST,"Chicago, IL",6.071,-0.1,17.2,0.0,0,0.0,0,0.0,0.0,25.1,42.5,0,3,0,7,Open-Meteo Historical Weather API,ERA5
2021-11-01,US_MTN,"Denver, CO",9.557,1.4,26.2,0.6,0,0.0,0,0.6,5.0,14.6,29.2,0,2,0,7,Open-Meteo Historical Weather API,ERA5
2021-11-01,US_NE,"New York, NY",8.571,2.7,15.7,0.0,0,0.0,0,0.0,0.0,17.1,36.0,0,0,0,7,Open-Meteo Historical Weather API,ERA5
2021-11-01,US_PNW,"Seattle, WA",9.129,5.5,13.7,57.0,7,0.0,0,57.0,87.0,28.4,61.6,0,0,0,7,Open-Meteo Historical Weather API,ERA5
2021-11-01,US_WEST,"San Francisco, CA",15.214,7.9,21.7,6.3,2,0.0,0,6.3,15.0,18.4,43.9,0,0,0,7,Open-Meteo Historical Weather API,ERA5
2021-11-08,CA_ON,"Toronto, ON",7.771,1.8,18.3,16.8,4,0.28,0,17.2,33.0,25.2,50.8,0,1,1,7,Open-Meteo Historical Weather API,ERA5
2021-11-08,CA_PNW,"Vancouver, BC",8.171,2.7,11.7,184.5,7,0.0,0,184.5,107.0,23.8,59.0,0,0,0,7,Open-Meteo Historical Weather API,ERA5
2021-11-08,CA_PRAIRIE,"Calgary, AB",0.886,-5.5,9.0,0.1,0,0.7,0,0.4,3.0,21.3,45.4,0,7,0,7,Open-Meteo Historical Weather API,ERA5
2021-11-08,CA_QC,"Montreal, QC",6.1,-2.9,14.5,29.6,3,0.0,0,29.6,24.0,26.0,64.8,0,3,2,7,Open-Meteo Historical Weather API,ERA5
2021-11-08,US_MIDWEST,"Chicago, IL",7.557,1.8,17.6,9.6,2,0.35,0,10.0,22.0,36.2,64.1,0,3,1,7,Open-Meteo Historical Weather API,ERA5
2021-11-08,US_MTN,"Denver, CO",8.2,-2.6,20.4,0.2,0,0.14,0,0.4,3.0,25.6,52.9,0,0,0,7,Open-Meteo Historical Weather API,ERA5
2021-11-08,US_NE,"New York, NY",11.186,3.1,18.3,24.1,2,0.0,0,24.1,18.0,32.1,71.6,0,0,0,7,Open-Meteo Historical Weather API,ERA5
2021-11-08,US_PNW,"Seattle, WA",10.229,4.3,15.6,107.9,6,0.0,0,107.9,101.0,28.9,70.6,0,0,0,7,Open-Meteo Historical Weather API,ERA5
2021-11-08,US_WEST,"San Francisco, CA",14.2,7.8,20.3,11.4,2,0.0,0,11.4,13.0,26.7,69.5,0,0,0,7,Open-Meteo Historical Weather API,ERA5
2021-11-15,CA_ON,"Toronto, ON",4.8,-1.6,15.6,10.4,3,0.0,0,10.4,25.0,28.1,56.5,0,4,0,7,Open-Meteo Historical Weather API,ERA5
2021-11-15,CA_PNW,"Vancouver, BC",5.529,0.9,12.5,89.1,2,0.28,0,89.5,41.0,25.2,73.1,0,3,1,7,Open-Meteo Historical Weather API,ERA5
2021-11-15,CA_PRAIRIE,"Calgary, AB",-1.9,-9.9,6.1,1.5,1,7.63,1,12.0,22.0,32.6,69.5,0,7,1,7,Open-Meteo Historical Weather API,ERA5
2021-11-15,CA_QC,"Montreal, QC",2.014,-6.0,7.9,27.8,4,1.33,1,29.7,46.0,26.9,52.6,0,6,3,7,Open-Meteo Historical Weather API,ERA5
2021-11-15,US_MIDWEST,"Chicago, IL",4.329,-2.6,15.4,12.0,1,0.42,0,12.5,17.0,34.2,63.4,0,4,0,7,Open-Meteo Historical Weather API,ERA5
2021-11-15,US_MTN,"Denver, CO",7.729,-6.3,23.3,0.8,0,0.0,0,0.8,5.0,19.5,41.8,0,3,0,7,Open-Meteo Historical Weather API,ERA5
2021-11-15,US_NE,"New York, NY",7.714,1.5,18.8,6.5,2,0.0,0,6.5,10.0,25.4,51.1,0,1,0,7,Open-Meteo Historical Weather API,ERA5
2021-11-15,US_PNW,"Seattle, WA",6.814,0.8,14.8,33.8,3,0.0,0,33.8,36.0,34.1,77.4,0,2,0,7,Open-Meteo Historical Weather API,ERA5
2021-11-15,US_WEST,"San Francisco, CA",13.214,8.2,19.3,0.9,0,0.0,0,0.9,4.0,15.9,32.8,0,0,0,7,Open-Meteo Historical Weather API,ERA5
2021-11-22,CA_ON,"Toronto, ON",1.029,-4.1,8.1,7.9,1,3.64,1,12.9,31.0,32.6,64.8,0,6,0,7,Open-Meteo Historical Weather API,ERA5
2021-11-22,CA_PNW,"Vancouver, BC",7.586,2.6,12.0,155.4,7,0.28,0,155.8,112.0,14.5,39.2,0,0,0,7,Open-Meteo Historical Weather API,ERA5
2021-11-22,CA_PRAIRIE,"Calgary, AB",1.471,-9.1,12.2,0.0,0,1.05,0,1.1,6.0,21.2,41.8,0,7,0,7,Open-Meteo Historical Weather API,ERA5
2021-11-22,CA_QC,"Montreal, QC",-1.943,-8.6,6.3,8.6,2,5.67,1,16.6,40.0,29.2,55.4,0,7,2,7,Open-Meteo Historical Weather API,ERA5
2021-11-22,US_MIDWEST,"Chicago, IL",1.343,-6.1,10.5,5.0,2,0.0,0,5.0,17.0,31.3,55.1,0,6,2,7,Open-Meteo Historical Weather API,ERA5
2021-11-22,US_MTN,"Denver, CO",7.614,-5.6,21.2,0.0,0,0.28,0,0.0,0.0,17.7,42.8,0,2,0,7,Open-Meteo Historical Weather API,ERA5
2021-11-22,US_NE,"New York, NY",4.786,-0.6,12.0,6.3,2,0.63,0,7.1,19.0,26.2,49.3,0,4,0,7,Open-Meteo Historical Weather API,ERA5
2021-11-22,US_PNW,"Seattle, WA",8.814,3.0,14.4,67.2,5,0.0,0,67.2,90.0,26.2,60.1,0,0,0,7,Open-Meteo Historical Weather API,ERA5
2021-11-22,US_WEST,"San Francisco, CA",12.1,5.8,19.6,0.0,0,0.0,0,0.0,0.0,13.1,29.2,0,0,0,7,Open-Meteo Historical Weather API,ERA5
2021-11-29,CA_ON,"Toronto, ON",1.3,-6.5,9.6,6.1,2,4.69,2,12.5,23.0,35.3,85.3,0,6,1,7,Open-Meteo Historical Weather API,ERA5
2021-11-29,CA_PNW,"Vancouver, BC",7.171,1.2,12.4,93.5,4,1.96,1,96.2,70.0,24.9,57.2,0,3,1,7,Open-Meteo Historical Weather API,ERA5
2021-11-29,CA_PRAIRIE,"Calgary, AB",-1.614,-15.8,10.0,1.4,1,6.72,2,10.2,34.0,24.1,45.7,0,6,1,7,Open-Meteo Historical Weather API,ERA5
2021-11-29,CA_QC,"Montreal, QC",-3.857,-12.3,5.0,6.0,1,2.59,0,9.2,27.0,28.3,52.9,0,7,1,7,Open-Meteo Historical Weather API,ERA5
2021-11-29,US_MIDWEST,"Chicago, IL",4.786,-2.2,12.4,13.4,1,0.14,0,13.6,21.0,31.2,58.0,0,4,1,7,Open-Meteo Historical Weather API,ERA5
2021-11-29,US_MTN,"Denver, CO",9.971,-6.2,23.1,0.0,0,0.0,0,0.0,0.0,30.5,68.0,0,0,0,7,Open-Meteo Historical Weather API,ERA5
2021-11-29,US_NE,"New York, NY",5.3,-1.0,12.6,1.0,1,0.0,0,1.0,3.0,22.9,45.0,0,3,0,7,Open-Meteo Historical Weather API,ERA5
2021-11-29,US_PNW,"Seattle, WA",8.386,1.6,14.2,33.1,5,0.0,0,33.1,75.0,22.4,46.8,0,3,1,7,Open-Meteo Historical Weather API,ERA5
2021-11-29,US_WEST,"San Francisco, CA",11.843,7.0,20.0,0.0,0,0.0,0,0.0,0.0,14.5,29.9,0,0,0,7,Open-Meteo Historical Weather API,ERA5
2021-12-06,CA_ON,"Toronto, ON",1.514,-7.0,15.8,28.8,2,2.03,0,30.9,29.0,44.3,89.3,1,5,0,7,Open-Meteo Historical Weather API,ERA5
2021-12-06,CA_PNW,"Vancouver, BC",3.986,1.2,7.8,63.5,6,29.26,4,104.3,102.0,25.1,56.2,0,5,4,7,Open-Meteo Historical Weather API,ERA5
2021-12-06,CA_PRAIRIE,"Calgary, AB",-4.843,-15.0,5.1,0.0,0,0.77,0,0.1,1.0,37.1,82.8,0,7,0,7,Open-Meteo Historical Weather API,ERA5
2021-12-06,CA_QC,"Montreal, QC",-2.586,-10.3,10.4,30.1,2,9.94,1,43.3,39.0,45.3,87.5,2,7,2,7,Open-Meteo Historical Weather API,ERA5
2021-12-06,US_MIDWEST,"Chicago, IL",1.1,-9.7,12.5,19.8,2,0.28,0,20.2,18.0,43.8,77.4,2,5,0,7,Open-Meteo Historical Weather API,ERA5
2021-12-06,US_MTN,"Denver, CO",2.986,-8.5,19.2,0.0,0,1.68,1,2.3,6.0,27.6,51.8,0,4,0,7,Open-Meteo Historical Weather API,ERA5
2021-12-06,US_NE,"New York, NY",6.414,-0.6,17.6,12.5,2,0.21,0,12.8,26.0,28.6,81.7,0,4,0,7,Open-Meteo Historical Weather API,ERA5
2021-12-06,US_PNW,"Seattle, WA",5.843,3.0,9.1,61.9,6,0.49,0,62.6,116.0,35.9,80.3,0,3,3,7,Open-Meteo Historical Weather API,ERA5
2021-12-06,US_WEST,"San Francisco, CA",10.571,4.0,15.2,14.7,2,0.0,0,14.7,27.0,26.3,49.3,0,0,0,7,Open-Meteo Historical Weather API,ERA5
2021-12-13,CA_ON,"Toronto, ON",3.614,-8.6,16.1,5.3,1,5.39,1,12.9,18.0,41.3,77.8,1,4,0,7,Open-Meteo Historical Weather API,ERA5
2021-12-13,CA_PNW,"Vancouver, BC",3.171,-1.9,6.2,27.0,4,32.76,4,73.6,76.0,16.9,46.8,0,7,4,7,Open-Meteo Historical Weather API,ERA5
2021-12-13,CA_PRAIRIE,"Calgary, AB",-15.157,-28.8,-3.3,0.0,0,3.78,2,4.2,17.0,21.4,43.6,0,7,0,7,Open-Meteo Historical Weather API,ERA5
2021-12-13,CA_QC,"Montreal, QC",0.157,-15.1,13.2,4.4,1,8.05,3,15.7,30.0,37.5,67.7,0,4,0,7,Open-Meteo Historical Weather API,ERA5
2021-12-13,US_MIDWEST,"Chicago, IL",4.857,-3.0,17.6,7.7,2,0.84,0,8.9,25.0,47.6,83.2,2,4,1,7,Open-Meteo Historical Weather API,ERA5
2021-12-13,US_MTN,"Denver, CO",3.371,-9.7,18.0,0.3,0,0.0,0,0.3,2.0,46.3,97.6,1,4,0,7,Open-Meteo Historical Weather API,ERA5
2021-12-13,US_NE,"New York, NY",7.771,-0.8,15.1,5.1,2,0.0,0,5.1,15.0,22.1,43.9,0,1,1,7,Open-Meteo Historical Weather API,ERA5
2021-12-13,US_PNW,"Seattle, WA",4.6,1.9,9.4,43.0,6,1.33,0,44.9,78.0,32.9,67.7,0,6,5,7,Open-Meteo Historical Weather API,ERA5
2021-12-13,US_WEST,"San Francisco, CA",8.943,2.9,14.5,56.5,4,0.0,0,56.5,42.0,34.0,69.1,0,0,0,7,Open-Meteo Historical Weather API,ERA5
2021-12-20,CA_ON,"Toronto, ON",0.343,-9.7,6.1,5.3,1,3.01,2,9.3,21.0,32.1,63.7,0,7,1,7,Open-Meteo Historical Weather API,ERA5
2021-12-20,CA_PNW,"Vancouver, BC",-0.314,-9.3,7.3,45.1,4,13.79,5,63.7,88.0,20.9,49.3,0,6,3,7,Open-Meteo Historical Weather API,ERA5
2021-12-20,CA_PRAIRIE,"Calgary, AB",-16.557,-32.1,-0.8,0.0,0,2.38,1,2.2,10.0,23.0,49.7,0,7,0,7,Open-Meteo Historical Weather API,ERA5
2021-12-20,CA_QC,"Montreal, QC",-6.886,-15.5,0.7,0.0,0,2.03,1,2.1,11.0,28.2,52.9,0,7,0,7,Open-Meteo Historical Weather API,ERA5
2021-12-20,US_MIDWEST,"Chicago, IL",2.171,-6.0,11.7,3.0,2,0.0,0,3.0,12.0,31.5,57.2,0,5,1,7,Open-Meteo Historical Weather API,ERA5
2021-12-20,US_MTN,"Denver, CO",6.343,-0.7,19.1,4.3,1,0.0,0,4.3,8.0,19.5,40.7,0,2,0,7,Open-Meteo Historical Weather API,ERA5
2021-12-20,US_NE,"New York, NY",2.986,-4.2,9.5,13.9,2,0.84,0,14.9,25.0,23.3,49.3,0,5,1,7,Open-Meteo Historical Weather API,ERA5
2021-12-20,US_PNW,"Seattle, WA",3.471,-4.5,9.5,36.1,6,8.05,2,47.1,92.0,24.7,56.5,0,5,4,7,Open-Meteo Historical Weather API,ERA5
2021-12-20,US_WEST,"San Francisco, CA",10.171,4.5,14.8,56.8,6,0.0,0,56.8,85.0,23.4,51.1,0,0,0,7,Open-Meteo Historical Weather API,ERA5
2021-12-27,CA_ON,"Toronto, ON",0.271,-10.0,5.7,0.5,0,8.82,4,12.8,42.0,28.5,53.3,0,7,0,7,Open-Meteo Historical Weather API,ERA5
2021-12-27,CA_PNW,"Vancouver, BC",-4.3,-14.4,5.4,11.1,1,28.49,3,51.4,47.0,23.8,72.7,0,7,1,7,Open-Meteo Historical Weather API,ERA5
2021-12-27,CA_PRAIRIE,"Calgary, AB",-21.471,-34.9,-1.5,0.0,0,0.49,0,0.2,2.0,32.5,65.9,0,7,0,7,Open-Meteo Historical Weather API,ERA5
2021-12-27,CA_QC,"Montreal, QC",-4.957,-12.0,2.1,1.8,1,5.18,2,8.4,37.0,18.5,32.0,0,7,1,7,Open-Meteo Historical Weather API,ERA5
2021-12-27,US_MIDWEST,"Chicago, IL",0.986,-7.0,7.6,13.5,2,15.82,3,35.9,56.0,34.9,64.1,0,7,2,7,Open-Meteo Historical Weather API,ERA5
2021-12-27,US_MTN,"Denver, CO",-3.3,-18.6,9.5,0.7,0,8.05,2,12.1,38.0,28.4,59.4,0,7,0,7,Open-Meteo Historical Weather API,ERA5
2021-12-27,US_NE,"New York, NY",6.971,0.9,13.0,36.2,5,0.0,0,36.2,46.0,19.4,36.0,0,2,1,7,Open-Meteo Historical Weather API,ERA5
2021-12-27,US_PNW,"Seattle, WA",-1.5,-7.3,5.1,7.4,1,5.67,1,15.2,37.0,21.1,81.0,0,7,1,7,Open-Meteo Historical Weather API,ERA5
2021-12-27,US_WEST,"San Francisco, CA",7.786,0.0,12.7,22.0,3,0.0,0,22.0,42.0,23.8,52.9,0,0,0,7,Open-Meteo Historical Weather API,ERA5
2022-01-03,CA_ON,"Toronto, ON",-4.243,-17.2,4.1,1.7,1,0.28,0,2.1,17.0,29.5,57.2,0,7,1,7,Open-Meteo Historical Weather API,ERA5
2022-01-03,CA_PNW,"Vancouver, BC",1.857,-2.2,7.5,40.2,5,43.47,4,102.2,105.0,21.5,44.6,0,7,5,7,Open-Meteo Historical Weather API,ERA5
2022-01-03,CA_PRAIRIE,"Calgary, AB",-23.8,-33.8,-4.2,0.0,0,2.73,1,3.9,36.0,18.7,37.1,0,7,0,7,Open-Meteo Historical Weather API,ERA5
2022-01-03,CA_QC,"Montreal, QC",-9.343,-22.2,1.0,2.3,2,3.15,1,6.8,30.0,29.0,59.4,0,7,2,7,Open-Meteo Historical Weather API,ERA5
2022-01-03,US_MIDWEST,"Chicago, IL",-7.671,-17.6,1.4,3.6,2,0.7,0,4.6,15.0,41.7,73.8,1,7,2,7,Open-Meteo Historical Weather API,ERA5
2022-01-03,US_MTN,"Denver, CO",-2.629,-17.6,11.2,0.4,0,7.07,2,10.5,32.0,19.5,39.6,0,7,0,7,Open-Meteo Historical Weather API,ERA5
2022-01-03,US_NE,"New York, NY",-0.643,-7.7,6.5,6.3,2,8.33,2,18.2,37.0,25.8,45.7,0,7,2,7,Open-Meteo Historical Weather API,ERA5
2022-01-03,US_PNW,"Seattle, WA",4.529,0.7,9.8,110.7,6,6.86,2,120.5,119.0,29.1,62.3,0,4,3,7,Open-Meteo Historical Weather API,ERA5
2022-01-03,US_WEST,"San Francisco, CA",11.0,4.3,15.1,4.9,2,0.0,0,4.9,20.0,21.1,41.4,0,0,0,7,Open-Meteo Historical Weather API,ERA5
2022-01-10,CA_ON,"Toronto, ON",-8.114,-21.7,2.4,0.0,0,0.42,0,0.6,6.0,29.7,60.1,0,7,0,7,Open-Meteo Historical Weather API,ERA5
2022-01-10,CA_PNW,"Vancouver, BC",6.2,3.7,8.5,100.0,5,0.0,0,100.0,71.0,14.0,41.8,0,1,0,7,Open-Meteo Historical Weather API,ERA5
2022-01-10,CA_PRAIRIE,"Calgary, AB",1.786,-4.4,9.2,0.5,0,0.07,0,0.6,6.0,31.6,62.3,0,7,0,7,Open-Meteo Historical Weather API,ERA5
2022-01-10,CA_QC,"Montreal, QC",-16.329,-28.2,-3.1,0.0,0,2.52,2,3.6,27.0,27.8,51.5,0,7,0,7,Open-Meteo Historical Weather API,ERA5
2022-01-10,US_MIDWEST,"Chicago, IL",-3.843,-14.4,3.9,0.2,0,2.24,0,3.4,27.0,34.7,58.7,0,7,0,7,Open-Meteo Historical Weather API,ERA5
2022-01-10,US_MTN,"Denver, CO",1.757,-9.2,15.2,0.0,0,2.45,1,3.5,14.0,18.8,38.9,0,6,0,7,Open-Meteo Historical Weather API,ERA5
2022-01-10,US_NE,"New York, NY",-3.071,-13.6,6.6,2.2,1,0.56,0,3.0,5.0,25.5,49.7,0,7,1,7,Open-Meteo Historical Weather API,ERA5
2022-01-10,US_PNW,"Seattle, WA",7.743,2.6,14.1,58.9,4,0.0,0,58.9,51.0,20.4,41.0,0,0,0,7,Open-Meteo Historical Weather API,ERA5
2022-01-10,US_WEST,"San Francisco, CA",10.486,4.2,17.3,0.8,0,0.0,0,0.8,4.0,13.5,27.0,0,0,0,7,Open-Meteo Historical Weather API,ERA5
2022-01-17,CA_ON,"Toronto, ON",-8.329,-21.0,4.8,0.1,0,24.15,1,34.6,30.0,30.7,54.7,0,7,0,7,Open-Meteo Historical Weather API,ERA5
2022-01-17,CA_PNW,"Vancouver, BC",5.171,1.7,9.7,34.4,3,0.0,0,34.4,50.0,14.5,32.4,0,3,1,7,Open-Meteo Historical Weather API,ERA5
2022-01-17,CA_PRAIRIE,"Calgary, AB",-1.957,-19.2,10.7,0.0,0,1.82,1,2.6,11.0,27.9,54.4,0,5,0,7,Open-Meteo Historical Weather API,ERA5
2022-01-17,CA_QC,"Montreal, QC",-15.7,-32.3,-1.4,0.6,0,16.73,2,24.5,41.0,28.4,57.2,0,7,0,7,Open-Meteo Historical Weather API,ERA5
2022-01-17,US_MIDWEST,"Chicago, IL",-5.271,-14.3,5.2,0.0,0,4.76,1,6.8,15.0,34.4,56.9,0,7,0,7,Open-Meteo Historical Weather API,ERA5
2022-01-17,US_MTN,"Denver, CO",-0.529,-11.3,14.6,0.0,0,2.24,1,3.2,19.0,14.8,31.3,0,7,0,7,Open-Meteo Historical Weather API,ERA5
2022-01-17,US_NE,"New York, NY",-1.214,-11.2,7.9,33.7,2,2.24,1,36.9,24.0,38.0,71.3,0,7,2,7,Open-Meteo Historical Weather API,ERA5
2022-01-17,US_PNW,"Seattle, WA",6.671,2.2,11.1,30.6,4,0.0,0,30.6,56.0,22.2,52.2,0,2,0,7,Open-Meteo Historical Weather API,ERA5
2022-01-17,US_WEST,"San Francisco, CA",11.057,4.2,19.8,0.0,0,0.0,0,0.0,0.0,22.3,45.7,0,0,0,7,Open-Meteo Historical Weather API,ERA5
2022-01-24,CA_ON,"Toronto, ON",-11.957,-23.0,-3.7,0.0,0,2.52,1,3.6,16.0,30.7,53.3,0,7,0,7,Open-Meteo Historical Weather API,ERA5
2022-01-24,CA_PNW,"Vancouver, BC",3.886,0.6,7.7,32.8,2,0.0,0,32.8,31.0,16.4,41.0,0,6,1,7,Open-Meteo Historical Weather API,ERA5
2022-01-24,CA_PRAIRIE,"Calgary, AB",1.229,-7.4,8.1,0.3,0,0.77,0,1.4,10.0,27.9,55.1,0,7,0,7,Open-Meteo Historical Weather API,ERA5
2022-01-24,CA_QC,"Montreal, QC",-17.271,-28.7,-6.6,0.0,0,2.03,0,2.9,22.0,22.0,38.9,0,7,0,7,Open-Meteo Historical Weather API,ERA5
2022-01-24,US_MIDWEST,"Chicago, IL",-9.014,-20.8,-0.6,0.0,0,6.16,2,8.8,28.0,27.3,45.0,0,7,0,7,Open-Meteo Historical Weather API,ERA5
2022-01-24,US_MTN,"Denver, CO",-2.171,-13.1,12.2,0.0,0,8.19,2,11.7,25.0,18.5,36.7,0,7,0,7,Open-Meteo Historical Weather API,ERA5
2022-01-24,US_NE,"New York, NY",-3.7,-11.8,4.6,0.0,0,14.77,2,21.1,39.0,31.2,52.6,0,7,0,7,Open-Meteo Historical Weather API,ERA5
2022-01-24,US_PNW,"Seattle, WA",4.086,0.5,10.1,8.3,1,0.0,0,8.3,12.0,27.4,54.0,0,5,0,7,Open-Meteo Historical Weather API,ERA5
2022-01-24,US_WEST,"San Francisco, CA",9.471,3.4,17.9,0.0,0,0.0,0,0.0,0.0,13.2,28.1,0,0,0,7,Open-Meteo Historical Weather API,ERA5
2022-01-31,CA_ON,"Toronto, ON",-5.829,-16.5,4.4,4.5,1,10.64,3,19.7,38.0,24.1,45.4,0,7,1,7,Open-Meteo Historical Weather API,ERA5
2022-01-31,CA_PNW,"Vancouver, BC",4.257,-0.7,10.2,27.3,3,3.85,2,32.8,75.0,15.4,38.9,0,4,2,7,Open-Meteo Historical Weather API,ERA5
2022-01-31,CA_PRAIRIE,"Calgary, AB",-8.029,-24.6,12.4,0.1,0,1.54,1,2.3,19.0,34.2,65.9,0,7,0,7,Open-Meteo Historical Weather API,ERA5
2022-01-31,CA_QC,"Montreal, QC",-10.571,-24.3,3.1,5.0,2,11.2,2,21.0,54.0,27.9,48.2,0,7,2,7,Open-Meteo Historical Weather API,ERA5
2022-01-31,US_MIDWEST,"Chicago, IL",-4.443,-14.0,6.0,3.7,1,9.87,2,17.8,54.0,32.4,54.0,0,7,1,7,Open-Meteo Historical Weather API,ERA5
2022-01-31,US_MTN,"Denver, CO",-5.314,-21.6,13.7,0.0,0,11.97,3,17.1,43.0,15.3,32.8,0,7,0,7,Open-Meteo Historical Weather API,ERA5
2022-01-31,US_NE,"New York, NY",-1.657,-15.0,10.9,32.7,2,0.0,0,32.7,40.0,24.5,58.0,0,7,2,7,Open-Meteo Historical Weather API,ERA5
2022-01-31,US_PNW,"Seattle, WA",5.243,0.7,8.9,12.0,5,0.28,0,12.4,70.0,23.7,48.2,0,3,2,7,Open-Meteo Historical Weather API,ERA5
2022-01-31,US_WEST,"San Francisco, CA",10.543,3.1,19.0,0.0,0,0.0,0,0.0,0.0,26.9,54.7,0,0,0,7,Open-Meteo Historical Weather API,ERA5
2022-02-07,CA_ON,"Toronto, ON",-2.9,-17.9,5.3,3.9,1,1.26,1,5.7,19.0,27.6,52.2,0,7,1,7,Open-Meteo Historical Weather API,ERA5
2022-02-07,CA_PNW,"Vancouver, BC",6.543,2.1,12.2,11.6,2,0.0,0,11.6,40.0,13.9,34.2,0,0,0,7,Open-Meteo Historical Weather API,ERA5
2022-02-07,CA_PRAIRIE,"Calgary, AB",4.271,-3.6,13.5,0.4,0,0.0,0,0.4,3.0,33.8,66.2,0,4,0,7,Open-Meteo Historical Weather API,ERA5
2022-02-07,CA_QC,"Montreal, QC",-4.429,-20.4,3.9,6.1,3,0.21,0,6.4,33.0,26.9,50.8,0,7,3,7,Open-Meteo Historical Weather API,ERA5
2022-02-07,US_MIDWEST,"Chicago, IL",-2.971,-10.6,6.8,0.7,0,2.66,1,4.5,14.0,35.8,60.5,0,7,0,7,Open-Meteo Historical Weather API,ERA5
2022-02-07,US_MTN,"Denver, CO",1.186,-11.6,12.8,0.2,0,2.8,1,4.2,14.0,18.1,42.1,0,6,0,7,Open-Meteo Historical Weather API,ERA5
2022-02-07,US_NE,"New York, NY",3.086,-4.2,14.1,5.3,2,2.8,1,9.3,40.0,21.6,41.0,0,6,2,7,Open-Meteo Historical Weather API,ERA5
2022-02-07,US_PNW,"Seattle, WA",7.071,0.9,13.4,1.7,1,0.0,0,1.7,8.0,21.2,42.1,0,0,0,7,Open-Meteo Historical Weather API,ERA5
2022-02-07,US_WEST,"San Francisco, CA",13.971,3.9,24.0,0.0,0,0.0,0,0.0,0.0,13.4,29.5,0,0,0,7,Open-Meteo Historical Weather API,ERA5
2022-02-14,CA_ON,"Toronto, ON",-4.643,-18.6,8.8,18.7,1,13.3,3,37.7,40.0,36.8,65.9,0,7,1,7,Open-Meteo Historical Weather API,ERA5
2022-02-14,CA_PNW,"Vancouver, BC",6.186,3.0,8.9,23.9,5,0.28,0,24.3,69.0,12.4,31.0,0,1,1,7,Open-Meteo Historical Weather API,ERA5
2022-02-14,CA_PRAIRIE,"Calgary, AB",-4.329,-19.2,7.6,1.4,1,11.2,5,17.4,64.0,25.6,49.7,0,7,1,7,Open-Meteo Historical Weather API,ERA5
2022-02-14,CA_QC,"Montreal, QC",-9.271,-20.8,5.3,23.7,2,17.92,3,49.3,52.0,32.1,59.0,0,7,2,7,Open-Meteo Historical Weather API,ERA5
2022-02-14,US_MIDWEST,"Chicago, IL",-2.529,-14.6,10.9,16.4,2,4.27,1,22.5,25.0,39.3,68.8,0,6,1,7,Open-Meteo Historical Weather API,ERA5
2022-02-14,US_MTN,"Denver, CO",0.557,-10.2,13.5,0.0,0,6.02,2,8.6,15.0,16.5,32.4,0,7,0,7,Open-Meteo Historical Weather API,ERA5
2022-02-14,US_NE,"New York, NY",0.543,-9.4,16.8,12.3,2,0.0,0,12.3,13.0,37.6,79.6,0,5,0,7,Open-Meteo Historical Weather API,ERA5
2022-02-14,US_PNW,"Seattle, WA",7.057,4.1,10.5,18.3,3,0.07,0,18.4,54.0,24.9,52.9,0,0,0,7,Open-Meteo Historical Weather API,ERA5
2022-02-14,US_WEST,"San Francisco, CA",12.286,5.1,21.0,0.0,0,0.0,0,0.0,0.0,22.4,45.7,0,0,0,7,Open-Meteo Historical Weather API,ERA5
2022-02-21,CA_ON,"Toronto, ON",-3.357,-13.6,8.5,11.2,1,5.74,1,19.4,26.0,29.6,56.5,0,7,1,7,Open-Meteo Historical Weather API,ERA5
2022-02-21,CA_PNW,"Vancouver, BC",2.071,-5.0,9.5,42.4,3,7.42,2,53.0,46.0,20.8,50.4,0,6,2,7,Open-Meteo Historical Weather API,ERA5
2022-02-21,CA_PRAIRIE,"Calgary, AB",-12.814,-32.9,5.3,0.0,0,1.68,0,2.4,24.0,21.8,40.3,0,7,0,7,Open-Meteo Historical Weather API,ERA5
2022-02-21,CA_QC,"Montreal, QC",-8.243,-22.6,4.3,17.3,2,7.21,2,27.6,35.0,37.2,67.0,0,7,2,7,Open-Meteo Historical Weather API,ERA5
2022-02-21,US_MIDWEST,"Chicago, IL",-2.086,-9.9,8.5,15.7,1,4.34,2,21.9,40.0,28.1,50.0,0,7,1,7,Open-Meteo Historical Weather API,ERA5
2022-02-21,US_MTN,"Denver, CO",-8.386,-19.2,14.0,0.0,0,4.76,3,6.8,43.0,24.2,50.0,0,7,0,7,Open-Meteo Historical Weather API,ERA5
2022-02-21,US_NE,"New York, NY",3.786,-3.9,17.7,31.8,2,0.7,0,32.8,27.0,31.8,56.9,0,5,1,7,Open-Meteo Historical Weather API,ERA5
2022-02-21,US_PNW,"Seattle, WA",3.071,-3.7,9.6,27.3,3,0.84,0,28.5,56.0,21.3,55.8,0,6,2,7,Open-Meteo Historical Weather API,ERA5
2022-02-21,US_WEST,"San Francisco, CA",9.257,1.3,20.1,0.5,0,0.0,0,0.5,4.0,23.4,56.5,0,0,0,7,Open-Meteo Historical Weather API,ERA5
2022-02-28,CA_ON,"Toronto, ON",-1.643,-12.9,16.6,2.7,1,2.1,1,5.7,23.0,40.8,72.7,1,6,0,7,Open-Meteo Historical Weather API,ERA5
2022-02-28,CA_PNW,"Vancouver, BC",7.314,2.4,11.6,44.9,4,0.0,0,44.9,83.0,14.1,38.5,0,0,0,7,Open-Meteo Historical Weather API,ERA5
2022-02-28,CA_PRAIRIE,"Calgary, AB",-5.243,-11.6,8.1,0.0,0,6.3,2,9.0,46.0,18.6,37.8,0,7,0,7,Open-Meteo Historical Weather API,ERA5
2022-02-28,CA_QC,"Montreal, QC",-9.243,-20.6,9.9,5.8,1,7.14,2,16.0,33.0,37.0,65.9,0,7,1,7,Open-Meteo Historical Weather API,ERA5
2022-02-28,US_MIDWEST,"Chicago, IL",3.643,-3.5,17.4,2.8,1,0.0,0,2.8,7.0,43.9,81.4,1,5,0,7,Open-Meteo Historical Weather API,ERA5
2022-02-28,US_MTN,"Denver, CO",4.329,-8.0,20.1,1.0,0,3.85,2,6.5,36.0,16.1,35.6,0,3,0,7,Open-Meteo Historical Weather API,ERA5
2022-02-28,US_NE,"New York, NY",3.657,-5.7,17.1,7.7,2,0.0,0,7.7,14.0,23.7,59.4,0,5,1,7,Open-Meteo Historical Weather API,ERA5
2022-02-28,US_PNW,"Seattle, WA",8.371,2.3,13.3,75.6,4,0.0,0,75.6,91.0,24.4,51.8,0,0,0,7,Open-Meteo Historical Weather API,ERA5
2022-02-28,US_WEST,"San Francisco, CA",11.757,3.8,21.9,7.4,1,0.0,0,7.4,19.0,34.4,70.6,0,0,0,7,Open-Meteo Historical Weather API,ERA5
2022-03-07,CA_ON,"Toronto, ON",-1.314,-10.5,5.2,3.3,1,7.42,2,13.9,43.0,34.1,65.2,0,7,1,7,Open-Meteo Historical Weather API,ERA5
2022-03-07,CA_PNW,"Vancouver, BC",5.857,-0.4,10.6,27.4,4,2.94,1,31.6,76.0,13.9,36.4,0,3,1,7,Open-Meteo Historical Weather API,ERA5
2022-03-07,CA_PRAIRIE,"Calgary, AB",-4.857,-17.4,8.2,0.9,0,2.1,0,3.9,34.0,29.8,59.8,0,7,0,7,Open-Meteo Historical Weather API,ERA5
2022-03-07,CA_QC,"Montreal, QC",-2.771,-11.0,4.9,2.1,1,12.81,3,20.4,44.0,33.0,58.7,0,7,1,7,Open-Meteo Historical Weather API,ERA5
2022-03-07,US_MIDWEST,"Chicago, IL",-1.843,-11.8,9.9,1.0,1,6.93,1,10.9,35.0,30.0,53.6,0,7,1,7,Open-Meteo Historical Weather API,ERA5
2022-03-07,US_MTN,"Denver, CO",-4.171,-17.3,18.4,0.0,0,2.38,1,3.4,19.0,19.5,34.9,0,6,0,7,Open-Meteo Historical Weather API,ERA5
2022-03-07,US_NE,"New York, NY",5.186,-4.6,21.3,17.2,3,11.9,2,34.2,40.0,35.1,78.5,0,4,2,7,Open-Meteo Historical Weather API,ERA5
2022-03-07,US_PNW,"Seattle, WA",6.657,-0.7,13.3,17.7,3,0.0,0,17.7,32.0,21.1,44.3,0,2,0,7,Open-Meteo Historical Weather API,ERA5
2022-03-07,US_WEST,"San Francisco, CA",12.643,4.1,22.1,0.3,0,0.0,0,0.3,3.0,19.1,48.2,0,0,0,7,Open-Meteo Historical Weather API,ERA5
2022-03-14,CA_ON,"Toronto, ON",4.743,-4.7,19.3,11.7,2,5.04,1,18.9,41.0,24.4,49.3,0,3,0,7,Open-Meteo Historical Weather API,ERA5
2022-03-14,CA_PNW,"Vancouver, BC",6.9,2.9,10.0,103.2,7,1.82,0,105.8,121.0,18.4,36.7,0,1,1,7,Open-Meteo Historical Weather API,ERA5
2022-03-14,CA_PRAIRIE,"Calgary, AB",3.643,-3.3,11.4,1.5,0,0.07,0,1.6,11.0,25.4,54.7,0,6,0,7,Open-Meteo Historical Weather API,ERA5
2022-03-14,CA_QC,"Montreal, QC",2.771,-7.3,17.1,26.1,2,0.21,0,26.4,46.0,23.6,42.8,0,5,2,7,Open-Meteo Historical Weather API,ERA5
2022-03-14,US_MIDWEST,"Chicago, IL",6.229,-0.5,17.5,14.4,2,0.0,0,14.4,30.0,28.1,47.5,0,3,2,7,Open-Meteo Historical Weather API,ERA5
2022-03-14,US_MTN,"Denver, CO",4.443,-7.7,20.8,2.8,1,14.98,2,24.2,28.0,23.7,44.3,0,3,0,7,Open-Meteo Historical Weather API,ERA5
2022-03-14,US_NE,"New York, NY",10.629,0.3,17.3,6.8,2,0.0,0,6.8,13.0,23.2,44.3,0,0,0,7,Open-Meteo Historical Weather API,ERA5
2022-03-14,US_PNW,"Seattle, WA",8.2,3.9,12.4,56.8,6,0.07,0,56.9,124.0,20.1,46.8,0,0,0,7,Open-Meteo Historical Weather API,ERA5
2022-03-14,US_WEST,"San Francisco, CA",12.914,5.8,20.0,5.6,2,0.0,0,5.6,22.0,19.1,42.8,0,0,0,7,Open-Meteo Historical Weather API,ERA5
2022-03-21,CA_ON,"Toronto, ON",3.314,-7.0,12.7,11.9,3,2.59,1,15.6,39.0,32.6,78.1,0,4,2,7,Open-Meteo Historical Weather API,ERA5
2022-03-21,CA_PNW,"Vancouver, BC",9.086,3.1,14.0,30.6,5,0.14,0,30.8,79.0,11.2,28.1,0,0,0,7,Open-Meteo Historical Weather API,ERA5
2022-03-21,CA_PRAIRIE,"Calgary, AB",3.743,-5.2,15.0,0.3,0,0.35,0,0.8,4.0,25.7,51.1,0,5,0,7,Open-Meteo Historical Weather API,ERA5
2022-03-21,CA_QC,"Montreal, QC",2.029,-8.2,9.1,25.3,2,0.91,0,26.6,52.0,29.5,56.5,0,7,2,7,Open-Meteo Historical Weather API,ERA5
2022-03-21,US_MIDWEST,"Chicago, IL",5.243,-4.3,19.5,35.2,3,0.14,0,35.4,67.0,30.6,56.2,0,4,1,7,Open-Meteo Historical Weather API,ERA5
2022-03-21,US_MTN,"Denver, CO",6.8,-6.1,24.9,0.7,0,1.19,1,2.4,14.0,34.4,63.0,0,3,0,7,Open-Meteo Historical Weather API,ERA5
2022-03-21,US_NE,"New York, NY",8.1,0.6,16.0,30.1,4,0.21,0,30.4,39.0,27.2,52.6,0,1,0,7,Open-Meteo Historical Weather API,ERA5
2022-03-21,US_PNW,"Seattle, WA",9.886,3.8,16.9,28.5,4,0.0,0,28.5,62.0,17.6,38.5,0,0,0,7,Open-Meteo Historical Weather API,ERA5
2022-03-21,US_WEST,"San Francisco, CA",13.857,7.0,27.4,5.3,1,0.0,0,5.3,5.0,21.7,56.5,0,0,0,7,Open-Meteo Historical Weather API,ERA5
2022-03-28,CA_ON,"Toronto, ON",0.714,-9.9,16.4,3.6,1,0.84,0,4.8,18.0,32.5,60.1,0,6,1,7,Open-Meteo Historical Weather API,ERA5
2022-03-28,CA_PNW,"Vancouver, BC",8.629,4.6,13.5,64.8,5,0.0,0,64.8,95.0,21.0,52.2,0,0,0,7,Open-Meteo Historical Weather API,ERA5
2022-03-28,CA_PRAIRIE,"Calgary, AB",2.971,-5.8,16.9,3.6,2,1.47,1,5.7,21.0,21.3,45.4,0,6,2,7,Open-Meteo Historical Weather API,ERA5
2022-03-28,CA_QC,"Montreal, QC",-0.643,-12.1,9.8,11.1,2,3.5,1,16.1,38.0,24.2,48.6,0,6,1,7,Open-Meteo Historical Weather API,ERA5
2022-03-28,US_MIDWEST,"Chicago, IL",2.643,-4.9,13.8,60.9,3,0.98,0,62.3,55.0,31.7,52.6,0,6,2,7,Open-Meteo Historical Weather API,ERA5
2022-03-28,US_MTN,"Denver, CO",8.4,-1.7,24.5,9.8,1,0.0,0,9.8,29.0,29.2,58.7,0,1,0,7,Open-Meteo Historical Weather API,ERA5
2022-03-28,US_NE,"New York, NY",5.529,-3.5,17.4,24.3,3,0.0,0,24.3,30.0,30.7,74.2,0,3,0,7,Open-Meteo Historical Weather API,ERA5
2022-03-28,US_PNW,"Seattle, WA",9.286,5.2,13.2,22.4,5,0.0,0,22.4,66.0,27.3,52.6,0,0,0,7,Open-Meteo Historical Weather API,ERA5
2022-03-28,US_WEST,"San Francisco, CA",13.143,7.1,23.3,13.9,1,0.0,0,13.9,13.0,23.4,51.1,0,0,0,7,Open-Meteo Historical Weather API,ERA5
2022-04-04,CA_ON,"Toronto, ON",6.071,-1.1,12.7,10.7,5,0.0,0,10.7,41.0,25.6,50.4,0,3,1,7,Open-Meteo Historical Weather API,ERA5
2022-04-04,CA_PNW,"Vancouver, BC",7.929,1.7,17.2,59.0,5,0.63,0,59.9,86.0,23.9,63.4,0,1,1,7,Open-Meteo Historical Weather API,ERA5
2022-04-04,CA_PRAIRIE,"Calgary, AB",5.0,-6.0,21.0,2.3,1,0.0,0,2.3,15.0,29.8,57.6,0,4,0,7,Open-Meteo Historical Weather API,ERA5
2022-04-04,CA_QC,"Montreal, QC",4.814,-1.4,14.6,39.9,3,7.14,1,50.1,48.0,23.4,54.4,0,5,2,7,Open-Meteo Historical Weather API,ERA5
2022-04-04,US_MIDWEST,"Chicago, IL",5.929,-0.4,13.7,26.3,4,0.0,0,26.3,50.0,35.3,59.4,0,2,1,7,Open-Meteo Historical Weather API,ERA5
2022-04-04,US_MTN,"Denver, CO",8.8,-2.1,24.5,16.7,2,0.0,0,16.7,29.0,29.9,63.0,0,2,0,7,Open-Meteo Historical Weather API,ERA5
2022-04-04,US_NE,"New York, NY",9.386,4.8,15.7,56.4,4,0.0,0,56.4,45.0,27.5,56.5,0,0,0,7,Open-Meteo Historical Weather API,ERA5
2022-04-04,US_PNW,"Seattle, WA",8.471,1.5,21.3,43.8,5,0.49,0,44.5,91.0,32.4,78.5,0,1,1,7,Open-Meteo Historical Weather API,ERA5
2022-04-04,US_WEST,"San Francisco, CA",16.543,8.6,31.3,0.0,0,0.0,0,0.0,0.0,24.0,58.0,0,0,0,7,Open-Meteo Historical Weather API,ERA5
2022-04-11,CA_ON,"Toronto, ON",8.3,-0.8,20.7,8.8,2,0.0,0,8.8,34.0,39.3,77.0,0,2,0,7,Open-Meteo Historical Weather API,ERA5
2022-04-11,CA_PNW,"Vancouver, BC",6.314,1.2,12.9,15.1,5,1.61,0,17.4,53.0,14.4,46.8,0,0,0,7,Open-Meteo Historical Weather API,ERA5
2022-04-11,CA_PRAIRIE,"Calgary, AB",-5.314,-11.2,5.4,0.4,0,3.08,0,4.8,45.0,21.0,47.2,0,7,0,7,Open-Meteo Historical Weather API,ERA5
2022-04-11,CA_QC,"Montreal, QC",7.4,-0.5,17.0,38.1,4,0.0,0,38.1,52.0,31.4,61.6,0,1,0,7,Open-Meteo Historical Weather API,ERA5
2022-04-11,US_MIDWEST,"Chicago, IL",8.029,-0.3,18.2,11.7,2,0.0,0,11.7,21.0,46.6,82.1,1,2,0,7,Open-Meteo Historical Weather API,ERA5
2022-04-11,US_MTN,"Denver, CO",7.414,-5.5,19.8,1.5,0,0.07,0,1.6,11.0,25.6,53.3,0,1,0,7,Open-Meteo Historical Weather API,ERA5
2022-04-11,US_NE,"New York, NY",13.429,4.7,23.7,7.3,3,0.0,0,7.3,15.0,27.0,54.0,0,0,0,7,Open-Meteo Historical Weather API,ERA5
2022-04-11,US_PNW,"Seattle, WA",5.914,1.6,13.6,14.1,5,0.14,0,14.3,62.0,20.4,48.6,0,2,2,7,Open-Meteo Historical Weather API,ERA5
2022-04-11,US_WEST,"San Francisco, CA",11.943,6.0,17.7,14.7,2,0.0,0,14.7,37.0,35.5,73.1,0,0,0,7,Open-Meteo Historical Weather API,ERA5
2022-04-18,CA_ON,"Toronto, ON",6.586,-2.1,15.8,12.7,3,5.95,1,21.2,30.0,33.1,70.9,0,2,2,7,Open-Meteo Historical Weather API,ERA5
2022-04-18,CA_PNW,"Vancouver, BC",8.743,2.9,16.1,57.3,5,0.21,0,57.6,72.0,16.9,41.0,0,0,0,7,Open-Meteo Historical Weather API,ERA5
2022-04-18,CA_PRAIRIE,"Calgary, AB",2.229,-5.9,16.5,2.6,1,8.96,3,15.4,49.0,24.0,51.8,0,6,1,7,Open-Meteo Historical Weather API,ERA5
2022-04-18,CA_QC,"Montreal, QC",5.357,-2.5,12.4,15.8,2,13.23,1,34.7,37.0,31.5,60.1,0,4,1,7,Open-Meteo Historical Weather API,ERA5
2022-04-18,US_MIDWEST,"Chicago, IL",10.157,1.0,24.0,32.7,5,1.54,1,34.9,63.0,34.2,73.1,0,2,1,7,Open-Meteo Historical Weather API,ERA5
2022-04-18,US_MTN,"Denver, CO",13.229,-0.9,29.4,0.2,0,0.0,0,0.2,2.0,34.6,62.6,0,0,0,7,Open-Meteo Historical Weather API,ERA5
2022-04-18,US_NE,"New York, NY",10.771,4.5,19.2,35.1,2,0.0,0,35.1,18.0,32.8,64.4,0,0,0,7,Open-Meteo Historical Weather API,ERA5
2022-04-18,US_PNW,"Seattle, WA",9.529,3.2,19.0,25.1,4,0.0,0,25.1,60.0,29.3,65.5,0,0,0,7,Open-Meteo Historical Weather API,ERA5
2022-04-18,US_WEST,"San Francisco, CA",14.114,4.8,20.8,16.7,4,0.0,0,16.7,45.0,23.4,50.8,0,0,0,7,Open-Meteo Historical Weather API,ERA5
2022-04-25,CA_ON,"Toronto, ON",7.186,-1.2,17.8,26.2,2,0.0,0,26.2,24.0,23.3,58.3,0,2,0,7,Open-Meteo Historical Weather API,ERA5
2022-04-25,CA_PNW,"Vancouver, BC",9.229,2.9,14.3,33.0,4,0.0,0,33.0,82.0,12.0,32.0,0,0,0,7,Open-Meteo Historical Weather API,ERA5
2022-04-25,CA_PRAIRIE,"Calgary, AB",7.3,-2.4,17.8,3.7,1,0.0,0,3.7,17.0,20.4,49.3,0,0,0,7,Open-Meteo Historical Weather API,ERA5
2022-04-25,CA_QC,"Montreal, QC",8.857,0.5,18.8,10.4,2,0.0,0,10.4,27.0,26.2,51.5,0,0,0,7,Open-Meteo Historical Weather API,ERA5
2022-04-25,US_MIDWEST,"Chicago, IL",8.143,1.0,16.0,16.7,2,0.0,0,16.7,27.0,31.4,58.3,0,1,0,7,Open-Meteo Historical Weather API,ERA5
2022-04-25,US_MTN,"Denver, CO",12.414,1.7,25.0,3.1,1,0.14,0,3.3,14.0,32.5,64.1,0,0,0,7,Open-Meteo Historical Weather API,ERA5
2022-04-25,US_NE,"New York, NY",11.471,5.4,17.8,2.8,1,0.0,0,2.8,12.0,29.3,55.8,0,0,0,7,Open-Meteo Historical Weather API,ERA5
2022-04-25,US_PNW,"Seattle, WA",10.329,5.6,16.0,24.6,5,0.0,0,24.6,71.0,19.3,46.4,0,0,0,7,Open-Meteo Historical Weather API,ERA5
2022-04-25,US_WEST,"San Francisco, CA",14.2,7.2,21.8,0.0,0,0.0,0,0.0,0.0,26.8,56.5,0,0,0,7,Open-Meteo Historical Weather API,ERA5
2022-05-02,CA_ON,"Toronto, ON",10.586,4.1,16.1,26.1,2,0.0,0,26.1,24.0,23.5,43.9,0,0,0,7,Open-Meteo Historical Weather API,ERA5
2022-05-02,CA_PNW,"Vancouver, BC",9.786,5.1,13.0,46.8,6,0.0,0,46.8,110.0,14.8,34.2,0,0,0,7,Open-Meteo Historical Weather API,ERA5
2022-05-02,CA_PRAIRIE,"Calgary, AB",10.086,-1.3,19.9,7.6,3,0.0,0,7.6,26.0,24.8,53.6,0,1,1,7,Open-Meteo Historical Weather API,ERA5
2022-05-02,CA_QC,"Montreal, QC",10.829,2.2,18.2,13.5,2,0.0,0,13.5,23.0,20.6,44.6,0,0,0,7,Open-Meteo Historical Weather API,ERA5
2022-05-02,US_MIDWEST,"Chicago, IL",8.457,4.1,15.1,48.1,3,0.0,0,48.1,46.0,34.8,58.0,0,0,0,7,Open-Meteo Historical Weather API,ERA5
2022-05-02,US_MTN,"Denver, CO",12.786,1.4,30.2,14.1,3,0.98,0,15.5,41.0,20.9,43.2,0,0,0,7,Open-Meteo Historical Weather API,ERA5
2022-05-02,US_NE,"New York, NY",12.743,7.8,21.0,58.9,5,0.0,0,58.9,81.0,26.7,53.6,0,0,0,7,Open-Meteo Historical Weather API,ERA5
2022-05-02,US_PNW,"Seattle, WA",10.243,5.5,16.8,47.8,5,0.0,0,47.8,80.0,22.2,51.5,0,0,0,7,Open-Meteo Historical Weather API,ERA5
2022-05-02,US_WEST,"San Francisco, CA",15.043,8.8,24.6,1.0,0,0.0,0,1.0,3.0,31.6,66.6,0,0,0,7,Open-Meteo Historical Weather API,ERA5
2022-05-09,CA_ON,"Toronto, ON",16.3,5.3,28.2,0.9,0,0.0,0,0.9,5.0,15.0,35.3,0,0,0,7,Open-Meteo Historical Weather API,ERA5
2022-05-09,CA_PNW,"Vancouver, BC",9.714,4.8,13.9,68.5,7,0.35,0,69.0,122.0,22.0,59.0,0,0,0,7,Open-Meteo Historical Weather API,ERA5
2022-05-09,CA_PRAIRIE,"Calgary, AB",7.757,-1.4,19.6,4.9,2,4.34,1,11.1,30.0,17.6,38.2,0,2,1,7,Open-Meteo Historical Weather API,ERA5
2022-05-09,CA_QC,"Montreal, QC",19.143,3.4,30.7,6.0,1,0.0,0,6.0,17.0,17.5,35.6,0,0,0,7,Open-Meteo Historical Weather API,ERA5
2022-05-09,US_MIDWEST,"Chicago, IL",20.529,11.4,26.9,3.2,1,0.0,0,3.2,16.0,32.0,53.6,0,0,0,7,Open-Meteo Historical Weather API,ERA5
2022-05-09,US_MTN,"Denver, CO",17.4,6.0,31.3,0.5,0,0.0,0,0.5,2.0,28.3,60.1,0,0,0,7,Open-Meteo Historical Weather API,ERA5
2022-05-09,US_NE,"New York, NY",16.729,8.1,22.6,10.3,2,0.0,0,10.3,21.0,22.6,46.4,0,0,0,7,Open-Meteo Historical Weather API,ERA5
2022-05-09,US_PNW,"Seattle, WA",10.671,5.6,16.7,50.2,5,0.0,0,50.2,99.0,24.0,52.2,0,0,0,7,Open-Meteo Historical Weather API,ERA5
2022-05-09,US_WEST,"San Francisco, CA",14.3,6.9,25.1,1.3,1,0.0,0,1.3,8.0,25.1,53.3,0,0,0,7,Open-Meteo Historical Weather API,ERA5
2022-05-16,CA_ON,"Toronto, ON",14.814,4.7,28.0,22.2,4,0.0,0,22.2,34.0,26.5,52.6,0,0,0,7,Open-Meteo Historical Weather API,ERA5
2022-05-16,CA_PNW,"Vancouver, BC",11.6,5.3,19.4,31.0,2,0.0,0,31.0,40.0,26.5,63.0,0,0,0,7,Open-Meteo Historical Weather API,ERA5
2022-05-16,CA_PRAIRIE,"Calgary, AB",7.814,-2.2,21.2,15.5,3,0.0,0,15.5,46.0,35.6,73.1,0,2,2,7,Open-Meteo Historical Weather API,ERA5
2022-05-16,CA_QC,"Montreal, QC",15.814,4.9,31.0,29.9,4,0.0,0,29.9,43.0,31.0,61.9,0,0,0,7,Open-Meteo Historical Weather API,ERA5
2022-05-16,US_MIDWEST,"Chicago, IL",15.557,9.8,27.3,40.9,3,0.0,0,40.9,32.0,36.7,66.6,0,0,0,7,Open-Meteo Historical Weather API,ERA5
2022-05-16,US_MTN,"Denver, CO",13.2,-0.4,30.9,8.1,1,15.54,2,30.3,37.0,32.5,66.2,0,2,1,7,Open-Meteo Historical Weather API,ERA5
2022-05-16,US_NE,"New York, NY",19.386,13.0,29.3,26.2,3,0.0,0,26.2,25.0,27.2,46.8,0,0,0,7,Open-Meteo Historical Weather API,ERA5
2022-05-16,US_PNW,"Seattle, WA",12.0,6.6,19.7,14.4,3,0.0,0,14.4,42.0,27.8,60.8,0,0,0,7,Open-Meteo Historical Weather API,ERA5
2022-05-16,US_WEST,"San Francisco, CA",17.286,9.4,27.3,0.0,0,0.0,0,0.0,0.0,23.9,51.8,0,0,0,7,Open-Meteo Historical Weather API,ERA5
2022-05-23,CA_ON,"Toronto, ON",15.886,5.9,25.9,14.7,2,0.0,0,14.7,29.0,25.9,50.0,0,0,0,7,Open-Meteo Historical Weather API,ERA5
2022-05-23,CA_PNW,"Vancouver, BC",13.229,8.8,17.8,31.1,6,0.0,0,31.1,77.0,12.9,43.2,0,0,0,7,Open-Meteo Historical Weather API,ERA5
2022-05-23,CA_PRAIRIE,"Calgary, AB",13.286,2.7,22.3,2.1,1,0.0,0,2.1,7.0,18.7,43.9,0,0,0,7,Open-Meteo Historical Weather API,ERA5
2022-05-23,CA_QC,"Montreal, QC",16.157,4.1,25.1,47.4,3,0.0,0,47.4,41.0,23.7,44.3,0,0,0,7,Open-Meteo Historical Weather API,ERA5
2022-05-23,US_MIDWEST,"Chicago, IL",15.129,8.5,24.9,25.9,3,0.0,0,25.9,42.0,29.4,53.3,0,0,0,7,Open-Meteo Historical Weather API,ERA5
2022-05-23,US_MTN,"Denver, CO",15.129,3.3,30.3,5.5,2,0.0,0,5.5,31.0,22.4,49.3,0,0,0,7,Open-Meteo Historical Weather API,ERA5
2022-05-23,US_NE,"New York, NY",18.943,12.6,24.6,18.9,2,0.0,0,18.9,24.0,21.1,44.6,0,0,0,7,Open-Meteo Historical Weather API,ERA5
2022-05-23,US_PNW,"Seattle, WA",13.371,10.1,19.3,34.0,6,0.0,0,34.0,86.0,18.3,46.1,0,0,0,7,Open-Meteo Historical Weather API,ERA5
2022-05-23,US_WEST,"San Francisco, CA",17.571,11.2,30.8,0.0,0,0.0,0,0.0,0.0,22.6,53.3,0,0,0,7,Open-Meteo Historical Weather API,ERA5
2022-05-30,CA_ON,"Toronto, ON",19.157,7.6,31.0,8.3,2,0.0,0,8.3,10.0,24.9,42.8,0,0,0,7,Open-Meteo Historical Weather API,ERA5
2022-05-30,CA_PNW,"Vancouver, BC",15.143,9.9,22.0,81.4,5,0.0,0,81.4,88.0,15.1,34.6,0,0,0,7,Open-Meteo Historical Weather API,ERA5
2022-05-30,CA_PRAIRIE,"Calgary, AB",12.6,1.5,22.3,30.3,3,0.0,0,30.3,35.0,23.9,50.0,0,0,0,7,Open-Meteo Historical Weather API,ERA5
2022-05-30,CA_QC,"Montreal, QC",16.986,10.0,26.5,14.0,2,0.0,0,14.0,26.0,31.9,61.9,0,0,0,7,Open-Meteo Historical Weather API,ERA5
2022-05-30,US_MIDWEST,"Chicago, IL",19.329,11.9,27.4,6.6,3,0.0,0,6.6,17.0,30.3,51.1,0,0,0,7,Open-Meteo Historical Weather API,ERA5
2022-05-30,US_MTN,"Denver, CO",15.157,5.1,28.7,15.8,3,0.14,0,16.0,26.0,19.8,46.8,0,0,0,7,Open-Meteo Historical Weather API,ERA5
2022-05-30,US_NE,"New York, NY",21.957,15.8,32.2,11.2,2,0.0,0,11.2,23.0,15.7,31.7,0,0,0,7,Open-Meteo Historical Weather API,ERA5
2022-05-30,US_PNW,"Seattle, WA",15.114,9.3,22.1,38.8,5,0.0,0,38.8,69.0,20.4,45.7,0,0,0,7,Open-Meteo Historical Weather API,ERA5
2022-05-30,US_WEST,"San Francisco, CA",17.314,10.0,25.5,1.6,1,0.0,0,1.6,5.0,20.4,49.0,0,0,0,7,Open-Meteo Historical Weather API,ERA5
2022-06-06,CA_ON,"Toronto, ON",17.071,11.6,22.9,74.3,5,0.0,0,74.3,61.0,23.0,42.5,0,0,0,7,Open-Meteo Historical Weather API,ERA5
2022-06-06,CA_PNW,"Vancouver, BC",14.771,8.7,21.5,47.4,6,0.0,0,47.4,97.0,11.4,30.2,0,0,0,7,Open-Meteo Historical Weather API,ERA5
2022-06-06,CA_PRAIRIE,"Calgary, AB",14.257,6.4,23.8,28.3,4,0.0,0,28.3,42.0,21.2,47.5,0,0,0,7,Open-Meteo Historical Weather API,ERA5
2022-06-06,CA_QC,"Montreal, QC",17.471,10.4,24.9,39.9,4,0.0,0,39.9,50.0,27.2,61.6,0,0,0,7,Open-Meteo Historical Weather API,ERA5
2022-06-06,US_MIDWEST,"Chicago, IL",16.686,11.4,23.8,35.1,3,0.0,0,35.1,34.0,21.0,45.0,0,0,0,7,Open-Meteo Historical Weather API,ERA5
2022-06-06,US_MTN,"Denver, CO",21.871,10.6,36.2,8.0,2,0.0,0,8.0,12.0,18.1,44.3,0,0,0,7,Open-Meteo Historical Weather API,ERA5
2022-06-06,US_NE,"New York, NY",21.986,16.4,27.3,27.2,3,0.0,0,27.2,37.0,25.4,50.0,0,0,0,7,Open-Meteo Historical Weather API,ERA5
2022-06-06,US_PNW,"Seattle, WA",15.029,9.9,21.7,48.6,4,0.0,0,48.6,79.0,17.3,40.0,0,0,0,7,Open-Meteo Historical Weather API,ERA5
2022-06-06,US_WEST,"San Francisco, CA",19.6,12.7,31.7,0.0,0,0.0,0,0.0,0.0,21.4,49.7,0,0,0,7,Open-Meteo Historical Weather API,ERA5
2022-06-13,CA_ON,"Toronto, ON",19.214,9.6,30.7,4.6,1,0.0,0,4.6,3.0,34.3,64.1,0,0,0,7,Open-Meteo Historical Weather API,ERA5
2022-06-13,CA_PNW,"Vancouver, BC",13.943,9.4,18.0,19.3,7,0.0,0,19.3,77.0,16.3,37.1,0,0,0,7,Open-Meteo Historical Weather API,ERA5
2022-06-13,CA_PRAIRIE,"Calgary, AB",12.729,7.3,20.6,101.6,6,0.0,0,101.6,106.0,35.3,84.6,0,0,0,7,Open-Meteo Historical Weather API,ERA5
2022-06-13,CA_QC,"Montreal, QC",18.4,9.8,25.9,37.4,3,0.0,0,37.4,38.0,28.6,55.1,0,0,0,7,Open-Meteo Historical Weather API,ERA5
2022-06-13,US_MIDWEST,"Chicago, IL",23.057,11.8,32.2,20.1,2,0.0,0,20.1,9.0,31.1,51.1,0,0,0,7,Open-Meteo Historical Weather API,ERA5
2022-06-13,US_MTN,"Denver, CO",24.257,10.9,36.2,1.3,1,0.0,0,1.3,5.0,22.4,46.4,0,0,0,7,Open-Meteo Historical Weather API,ERA5
2022-06-13,US_NE,"New York, NY",22.071,14.2,30.9,2.8,2,0.0,0,2.8,11.0,27.3,53.3,0,0,0,7,Open-Meteo Historical Weather API,ERA5
2022-06-13,US_PNW,"Seattle, WA",13.757,9.9,19.0,18.3,4,0.0,0,18.3,61.0,20.6,40.3,0,0,0,7,Open-Meteo Historical Weather API,ERA5
2022-06-13,US_WEST,"San Francisco, CA",17.257,11.6,26.2,0.0,0,0.0,0,0.0,0.0,25.9,56.5,0,0,0,7,Open-Meteo Historical Weather API,ERA5
2022-06-20,CA_ON,"Toronto, ON",22.457,12.5,32.4,1.4,1,0.0,0,1.4,5.0,23.3,47.5,0,0,0,7,Open-Meteo Historical Weather API,ERA5
2022-06-20,CA_PNW,"Vancouver, BC",17.143,10.1,28.4,5.2,2,0.0,0,5.2,24.0,11.1,31.3,0,0,0,7,Open-Meteo Historical Weather API,ERA5
2022-06-20,CA_PRAIRIE,"Calgary, AB",13.371,5.5,23.5,21.8,3,0.0,0,21.8,45.0,24.4,61.6,0,0,0,7,Open-Meteo Historical Weather API,ERA5
2022-06-20,CA_QC,"Montreal, QC",19.529,9.1,30.9,56.9,4,0.0,0,56.9,47.0,25.2,50.0,0,0,0,7,Open-Meteo Historical Weather API,ERA5
2022-06-20,US_MIDWEST,"Chicago, IL",23.929,17.5,33.1,18.3,2,0.0,0,18.3,12.0,26.8,45.7,0,0,0,7,Open-Meteo Historical Weather API,ERA5
2022-06-20,US_MTN,"Denver, CO",20.886,11.9,32.2,7.7,2,0.0,0,7.7,15.0,21.4,42.8,0,0,0,7,Open-Meteo Historical Weather API,ERA5
2022-06-20,US_NE,"New York, NY",22.0,14.3,32.3,3.1,1,0.0,0,3.1,19.0,18.9,35.3,0,0,0,7,Open-Meteo Historical Weather API,ERA5
2022-06-20,US_PNW,"Seattle, WA",17.857,10.9,29.3,8.6,3,0.0,0,8.6,25.0,15.0,33.8,0,0,0,7,Open-Meteo Historical Weather API,ERA5
2022-06-20,US_WEST,"San Francisco, CA",20.114,11.7,36.1,0.0,0,0.0,0,0.0,0.0,19.3,40.7,0,0,0,7,Open-Meteo Historical Weather API,ERA5
2022-06-27,CA_ON,"Toronto, ON",19.943,11.0,29.0,9.5,1,0.0,0,9.5,9.0,23.1,48.2,0,0,0,7,Open-Meteo Historical Weather API,ERA5
2022-06-27,CA_PNW,"Vancouver, BC",17.529,12.0,30.7,22.9,3,0.0,0,22.9,48.0,13.2,35.6,0,0,0,7,Open-Meteo Historical Weather API,ERA5
2022-06-27,CA_PRAIRIE,"Calgary, AB",14.471,6.6,24.6,17.4,5,0.0,0,17.4,51.0,21.0,51.5,0,0,0,7,Open-Meteo Historical Weather API,ERA5
2022-06-27,CA_QC,"Montreal, QC",20.271,12.5,27.2,15.9,2,0.0,0,15.9,20.0,29.1,54.7,0,0,0,7,Open-Meteo Historical Weather API,ERA5
2022-06-27,US_MIDWEST,"Chicago, IL",22.329,14.9,30.0,0.5,0,0.0,0,0.5,4.0,26.5,44.6,0,0,0,7,Open-Meteo Historical Weather API,ERA5
2022-06-27,US_MTN,"Denver, CO",22.6,11.8,33.2,2.7,0,0.0,0,2.7,13.0,25.2,41.0,0,0,0,7,Open-Meteo Historical Weather API,ERA5
2022-06-27,US_NE,"New York, NY",25.057,18.5,32.5,14.1,2,0.0,0,14.1,14.0,19.8,41.0,0,0,0,7,Open-Meteo Historical Weather API,ERA5
2022-06-27,US_PNW,"Seattle, WA",17.414,12.3,31.0,7.3,1,0.0,0,7.3,36.0,21.5,46.1,0,0,0,7,Open-Meteo Historical Weather API,ERA5
2022-06-27,US_WEST,"San Francisco, CA",15.843,12.2,24.1,0.0,0,0.0,0,0.0,0.0,24.1,52.6,0,0,0,7,Open-Meteo Historical Weather API,ERA5
2022-07-04,CA_ON,"Toronto, ON",19.814,12.0,26.2,7.7,1,0.0,0,7.7,10.0,19.1,37.8,0,0,0,7,Open-Meteo Historical Weather API,ERA5
2022-07-04,CA_PNW,"Vancouver, BC",17.343,12.6,22.1,8.4,3,0.0,0,8.4,45.0,10.5,27.0,0,0,0,7,Open-Meteo Historical Weather API,ERA5
2022-07-04,CA_PRAIRIE,"Calgary, AB",15.957,7.3,25.7,11.4,4,0.0,0,11.4,43.0,16.9,39.2,0,0,0,7,Open-Meteo Historical Weather API,ERA5
2022-07-04,CA_QC,"Montreal, QC",18.914,9.8,26.6,6.7,1,0.0,0,6.7,20.0,19.4,37.4,0,0,0,7,Open-Meteo Historical Weather API,ERA5
2022-07-04,US_MIDWEST,"Chicago, IL",22.614,15.7,29.2,28.1,3,0.0,0,28.1,35.0,30.0,52.9,0,0,0,7,Open-Meteo Historical Weather API,ERA5
2022-07-04,US_MTN,"Denver, CO",25.071,14.3,37.6,6.0,3,0.0,0,6.0,16.0,23.5,35.6,0,0,0,7,Open-Meteo Historical Weather API,ERA5
2022-07-04,US_NE,"New York, NY",24.643,19.3,29.4,5.0,1,0.0,0,5.0,21.0,21.0,42.1,0,0,0,7,Open-Meteo Historical Weather API,ERA5
2022-07-04,US_PNW,"Seattle, WA",17.957,11.9,22.8,6.0,1,0.0,0,6.0,37.0,10.8,24.8,0,0,0,7,Open-Meteo Historical Weather API,ERA5
2022-07-04,US_WEST,"San Francisco, CA",18.9,13.6,27.5,0.2,0,0.0,0,0.2,2.0,22.0,44.6,0,0,0,7,Open-Meteo Historical Weather API,ERA5
2022-07-11,CA_ON,"Toronto, ON",21.557,13.2,30.0,2.2,1,0.0,0,2.2,12.0,26.2,51.5,0,0,0,7,Open-Meteo Historical Weather API,ERA5
2022-07-11,CA_PNW,"Vancouver, BC",18.386,12.3,26.6,4.1,2,0.0,0,4.1,18.0,11.5,31.7,0,0,0,7,Open-Meteo Historical Weather API,ERA5
2022-07-11,CA_PRAIRIE,"Calgary, AB",19.529,9.2,30.3,4.0,1,0.0,0,4.0,11.0,17.4,35.6,0,0,0,7,Open-Meteo Historical Weather API,ERA5
2022-07-11,CA_QC,"Montreal, QC",21.471,11.9,30.0,13.7,2,0.0,0,13.7,26.0,30.6,62.6,0,0,0,7,Open-Meteo Historical Weather API,ERA5
2022-07-11,US_MIDWEST,"Chicago, IL",22.0,16.4,28.6,23.4,4,0.0,0,23.4,44.0,24.6,44.6,0,0,0,7,Open-Meteo Historical Weather API,ERA5
2022-07-11,US_MTN,"Denver, CO",25.386,14.7,36.1,3.7,1,0.0,0,3.7,12.0,21.5,43.9,0,0,0,7,Open-Meteo Historical Weather API,ERA5
2022-07-11,US_NE,"New York, NY",25.6,19.1,31.6,11.5,2,0.0,0,11.5,24.0,21.9,43.2,0,0,0,7,Open-Meteo Historical Weather API,ERA5
2022-07-11,US_PNW,"Seattle, WA",18.857,13.6,26.7,0.7,0,0.0,0,0.7,7.0,13.1,30.2,0,0,0,7,Open-Meteo Historical Weather API,ERA5
2022-07-11,US_WEST,"San Francisco, CA",18.243,13.2,25.8,0.0,0,0.0,0,0.0,0.0,19.6,45.7,0,0,0,7,Open-Meteo Historical Weather API,ERA5
2022-07-18,CA_ON,"Toronto, ON",25.157,18.2,33.9,57.0,4,0.0,0,57.0,37.0,28.2,54.4,0,0,0,7,Open-Meteo Historical Weather API,ERA5
2022-07-18,CA_PNW,"Vancouver, BC",18.571,12.0,25.6,0.8,0,0.0,0,0.8,6.0,10.1,27.7,0,0,0,7,Open-Meteo Historical Weather API,ERA5
2022-07-18,CA_PRAIRIE,"Calgary, AB",18.029,8.8,28.7,22.1,2,0.0,0,22.1,19.0,21.9,45.0,0,0,0,7,Open-Meteo Historical Weather API,ERA5
2022-07-18,CA_QC,"Montreal, QC",24.243,17.0,31.2,47.3,5,0.0,0,47.3,38.0,25.5,58.0,0,0,0,7,Open-Meteo Historical Weather API,ERA5
2022-07-18,US_MIDWEST,"Chicago, IL",25.857,19.9,31.7,13.5,2,0.0,0,13.5,18.0,28.9,48.2,0,0,0,7,Open-Meteo Historical Weather API,ERA5
2022-07-18,US_MTN,"Denver, CO",25.986,16.5,36.9,17.0,3,0.0,0,17.0,25.0,17.6,41.4,0,0,0,7,Open-Meteo Historical Weather API,ERA5
2022-07-18,US_NE,"New York, NY",28.9,23.2,34.6,16.4,2,0.0,0,16.4,15.0,18.9,41.0,0,0,0,7,Open-Meteo Historical Weather API,ERA5
2022-07-18,US_PNW,"Seattle, WA",18.886,12.9,27.0,0.4,0,0.0,0,0.4,4.0,14.9,32.4,0,0,0,7,Open-Meteo Historical Weather API,ERA5
2022-07-18,US_WEST,"San Francisco, CA",16.671,11.8,24.6,0.0,0,0.0,0,0.0,0.0,17.7,41.8,0,0,0,7,Open-Meteo Historical Weather API,ERA5
2022-07-25,CA_ON,"Toronto, ON",21.2,13.0,27.3,1.7,1,0.0,0,1.7,5.0,24.8,46.8,0,0,0,7,Open-Meteo Historical Weather API,ERA5
2022-07-25,CA_PNW,"Vancouver, BC",24.857,16.6,32.1,0.0,0,0.0,0,0.0,0.0,10.0,27.0,0,0,0,7,Open-Meteo Historical Weather API,ERA5
2022-07-25,CA_PRAIRIE,"Calgary, AB",19.686,12.0,31.0,10.9,3,0.0,0,10.9,27.0,18.0,37.4,0,0,0,7,Open-Meteo Historical Weather API,ERA5
2022-07-25,CA_QC,"Montreal, QC",21.3,15.3,27.9,22.5,2,0.0,0,22.5,28.0,30.5,58.7,0,0,0,7,Open-Meteo Historical Weather API,ERA5
2022-07-25,US_MIDWEST,"Chicago, IL",22.457,16.6,27.7,1.7,1,0.0,0,1.7,12.0,17.2,35.6,0,0,0,7,Open-Meteo Historical Weather API,ERA5
2022-07-25,US_MTN,"Denver, CO",23.043,14.5,33.1,7.0,2,0.0,0,7.0,13.0,17.9,35.6,0,0,0,7,Open-Meteo Historical Weather API,ERA5
2022-07-25,US_NE,"New York, NY",26.343,21.4,31.1,7.8,2,0.0,0,7.8,7.0,20.4,54.7,0,0,0,7,Open-Meteo Historical Weather API,ERA5
2022-07-25,US_PNW,"Seattle, WA",24.043,15.0,32.6,0.0,0,0.0,0,0.0,0.0,11.5,27.4,0,0,0,7,Open-Meteo Historical Weather API,ERA5
2022-07-25,US_WEST,"San Francisco, CA",16.729,12.4,22.5,0.0,0,0.0,0,0.0,0.0,17.7,44.3,0,0,0,7,Open-Meteo Historical Weather API,ERA5
2022-08-01,CA_ON,"Toronto, ON",23.586,13.2,31.7,6.0,2,0.0,0,6.0,18.0,25.1,49.7,0,0,0,7,Open-Meteo Historical Weather API,ERA5
2022-08-01,CA_PNW,"Vancouver, BC",19.386,13.8,27.4,6.9,2,0.0,0,6.9,17.0,13.1,34.9,0,0,0,7,Open-Meteo Historical Weather API,ERA5
2022-08-01,CA_PRAIRIE,"Calgary, AB",17.171,5.0,30.6,13.7,1,0.0,0,13.7,10.0,28.4,46.1,0,0,0,7,Open-Meteo Historical Weather API,ERA5
2022-08-01,CA_QC,"Montreal, QC",23.1,11.3,31.9,19.9,4,0.0,0,19.9,37.0,19.9,46.1,0,0,0,7,Open-Meteo Historical Weather API,ERA5
2022-08-01,US_MIDWEST,"Chicago, IL",25.014,19.4,31.4,19.0,3,0.0,0,19.0,31.0,26.4,48.6,0,0,0,7,Open-Meteo Historical Weather API,ERA5
2022-08-01,US_MTN,"Denver, CO",26.014,17.0,36.1,5.1,2,0.0,0,5.1,10.0,17.7,35.3,0,0,0,7,Open-Meteo Historical Weather API,ERA5
2022-08-01,US_NE,"New York, NY",27.086,20.5,32.8,13.7,2,0.0,0,13.7,17.0,21.3,45.0,0,0,0,7,Open-Meteo Historical Weather API,ERA5
2022-08-01,US_PNW,"Seattle, WA",19.214,12.3,28.7,1.4,1,0.0,0,1.4,10.0,17.8,37.8,0,0,0,7,Open-Meteo Historical Weather API,ERA5
2022-08-01,US_WEST,"San Francisco, CA",19.286,14.5,26.0,0.1,0,0.0,0,0.1,1.0,20.6,45.4,0,0,0,7,Open-Meteo Historical Weather API,ERA5
2022-08-08,CA_ON,"Toronto, ON",20.7,11.1,28.7,5.2,1,0.0,0,5.2,9.0,24.3,53.6,0,0,0,7,Open-Meteo Historical Weather API,ERA5
2022-08-08,CA_PNW,"Vancouver, BC",20.343,14.1,28.0,3.3,1,0.0,0,3.3,22.0,13.9,34.6,0,0,0,7,Open-Meteo Historical Weather API,ERA5
2022-08-08,CA_PRAIRIE,"Calgary, AB",20.643,10.7,31.2,1.8,1,0.0,0,1.8,6.0,22.7,47.9,0,0,0,7,Open-Meteo Historical Weather API,ERA5
2022-08-08,CA_QC,"Montreal, QC",17.857,10.2,26.1,20.9,3,0.0,0,20.9,38.0,19.4,54.7,0,0,0,7,Open-Meteo Historical Weather API,ERA5
2022-08-08,US_MIDWEST,"Chicago, IL",21.114,15.0,27.3,16.0,3,0.0,0,16.0,25.0,29.1,48.6,0,0,0,7,Open-Meteo Historical Weather API,ERA5
2022-08-08,US_MTN,"Denver, CO",26.014,16.4,36.2,2.2,1,0.0,0,2.2,4.0,20.0,31.7,0,0,0,7,Open-Meteo Historical Weather API,ERA5
2022-08-08,US_NE,"New York, NY",26.257,18.1,35.4,1.2,0,0.0,0,1.2,11.0,18.9,38.9,0,0,0,7,Open-Meteo Historical Weather API,ERA5
2022-08-08,US_PNW,"Seattle, WA",19.657,14.3,29.0,0.9,0,0.0,0,0.9,8.0,17.4,38.9,0,0,0,7,Open-Meteo Historical Weather API,ERA5
2022-08-08,US_WEST,"San Francisco, CA",19.614,14.5,27.3,0.0,0,0.0,0,0.0,0.0,21.1,45.0,0,0,0,7,Open-Meteo Historical Weather API,ERA5
2022-08-15,CA_ON,"Toronto, ON",21.771,14.4,28.6,20.0,2,0.0,0,20.0,25.0,15.9,35.6,0,0,0,7,Open-Meteo Historical Weather API,ERA5
2022-08-15,CA_PNW,"Vancouver, BC",21.957,14.9,32.0,0.6,0,0.0,0,0.6,5.0,11.1,28.8,0,0,0,7,Open-Meteo Historical Weather API,ERA5
2022-08-15,CA_PRAIRIE,"Calgary, AB",20.257,9.3,31.3,3.7,1,0.0,0,3.7,8.0,21.0,44.6,0,0,0,7,Open-Meteo Historical Weather API,ERA5
2022-08-15,CA_QC,"Montreal, QC",20.957,11.4,30.4,15.7,2,0.0,0,15.7,20.0,18.4,38.9,0,0,0,7,Open-Meteo Historical Weather API,ERA5
2022-08-15,US_MIDWEST,"Chicago, IL",21.586,15.7,27.6,16.4,2,0.0,0,16.4,26.0,21.9,38.5,0,0,0,7,Open-Meteo Historical Weather API,ERA5
2022-08-15,US_MTN,"Denver, CO",20.586,13.9,30.6,40.3,3,0.0,0,40.3,39.0,16.3,35.3,0,0,0,7,Open-Meteo Historical Weather API,ERA5
2022-08-15,US_NE,"New York, NY",24.043,18.8,30.5,1.6,1,0.0,0,1.6,3.0,17.2,35.6,0,0,0,7,Open-Meteo Historical Weather API,ERA5
2022-08-15,US_PNW,"Seattle, WA",21.486,14.5,29.4,0.8,0,0.0,0,0.8,4.0,14.4,33.8,0,0,0,7,Open-Meteo Historical Weather API,ERA5
2022-08-15,US_WEST,"San Francisco, CA",19.314,13.5,30.0,0.0,0,0.0,0,0.0,0.0,20.2,45.7,0,0,0,7,Open-Meteo Historical Weather API,ERA5
2022-08-22,CA_ON,"Toronto, ON",21.057,12.5,29.1,17.4,2,0.0,0,17.4,27.0,21.4,40.0,0,0,0,7,Open-Meteo Historical Weather API,ERA5
2022-08-22,CA_PNW,"Vancouver, BC",19.943,13.7,28.8,5.7,2,0.0,0,5.7,22.0,11.7,33.1,0,0,0,7,Open-Meteo Historical Weather API,ERA5
2022-08-22,CA_PRAIRIE,"Calgary, AB",16.757,7.9,28.6,20.6,5,0.0,0,20.6,48.0,25.2,55.1,0,0,0,7,Open-Meteo Historical Weather API,ERA5
2022-08-22,CA_QC,"Montreal, QC",19.643,9.7,27.0,33.4,3,0.0,0,33.4,46.0,15.3,36.7,0,0,0,7,Open-Meteo Historical Weather API,ERA5
2022-08-22,US_MIDWEST,"Chicago, IL",22.071,15.0,29.8,17.3,2,0.0,0,17.3,15.0,22.8,44.3,0,0,0,7,Open-Meteo Historical Weather API,ERA5
2022-08-22,US_MTN,"Denver, CO",22.014,13.8,32.0,4.7,2,0.0,0,4.7,12.0,24.2,33.1,0,0,0,7,Open-Meteo Historical Weather API,ERA5
2022-08-22,US_NE,"New York, NY",25.586,21.6,31.3,28.9,4,0.0,0,28.9,51.0,16.0,36.0,0,0,0,7,Open-Meteo Historical Weather API,ERA5
2022-08-22,US_PNW,"Seattle, WA",19.8,13.0,29.2,2.9,1,0.0,0,2.9,19.0,17.4,37.1,0,0,0,7,Open-Meteo Historical Weather API,ERA5
2022-08-22,US_WEST,"San Francisco, CA",18.371,14.0,28.1,0.0,0,0.0,0,0.0,0.0,21.0,45.4,0,0,0,7,Open-Meteo Historical Weather API,ERA5
2022-08-29,CA_ON,"Toronto, ON",21.386,11.5,30.2,7.8,1,0.0,0,7.8,23.0,27.6,59.4,0,0,0,7,Open-Meteo Historical Weather API,ERA5
2022-08-29,CA_PNW,"Vancouver, BC",20.286,13.8,29.2,7.4,1,0.0,0,7.4,12.0,13.6,31.3,0,0,0,7,Open-Meteo Historical Weather API,ERA5
2022-08-29,CA_PRAIRIE,"Calgary, AB",20.429,8.4,33.1,0.0,0,0.0,0,0.0,0.0,16.1,37.8,0,0,0,7,Open-Meteo Historical Weather API,ERA5
2022-08-29,CA_QC,"Montreal, QC",19.014,7.0,30.4,34.3,3,0.0,0,34.3,37.0,23.5,44.6,0,0,0,7,Open-Meteo Historical Weather API,ERA5
2022-08-29,US_MIDWEST,"Chicago, IL",22.929,16.7,28.6,5.8,3,0.0,0,5.8,13.0,24.5,44.6,0,0,0,7,Open-Meteo Historical Weather API,ERA5
2022-08-29,US_MTN,"Denver, CO",23.886,14.4,34.7,0.2,0,0.0,0,0.2,1.0,15.7,42.8,0,0,0,7,Open-Meteo Historical Weather API,ERA5
2022-08-29,US_NE,"New York, NY",24.143,16.1,30.3,5.9,2,0.0,0,5.9,14.0,20.6,36.4,0,0,0,7,Open-Meteo Historical Weather API,ERA5
2022-08-29,US_PNW,"Seattle, WA",19.857,13.3,28.4,0.2,0,0.0,0,0.2,2.0,16.7,37.8,0,0,0,7,Open-Meteo Historical Weather API,ERA5
2022-08-29,US_WEST,"San Francisco, CA",19.086,12.3,32.7,0.0,0,0.0,0,0.0,0.0,17.1,40.7,0,0,0,7,Open-Meteo Historical Weather API,ERA5
2022-09-05,CA_ON,"Toronto, ON",19.757,13.8,27.7,0.6,0,0.0,0,0.6,6.0,18.2,33.5,0,0,0,7,Open-Meteo Historical Weather API,ERA5
2022-09-05,CA_PNW,"Vancouver, BC",18.271,10.6,27.3,0.9,0,0.0,0,0.9,8.0,14.4,42.1,0,0,0,7,Open-Meteo Historical Weather API,ERA5
2022-09-05,CA_PRAIRIE,"Calgary, AB",14.586,2.5,30.4,4.0,1,0.0,0,4.0,20.0,19.3,45.7,0,0,0,7,Open-Meteo Historical Weather API,ERA5
2022-09-05,CA_QC,"Montreal, QC",18.271,11.0,27.9,0.0,0,0.0,0,0.0,0.0,19.7,34.2,0,0,0,7,Open-Meteo Historical Weather API,ERA5
2022-09-05,US_MIDWEST,"Chicago, IL",20.686,15.2,27.1,46.2,2,0.0,0,46.2,30.0,31.2,71.6,0,0,0,7,Open-Meteo Historical Weather API,ERA5
2022-09-05,US_MTN,"Denver, CO",20.686,6.7,36.5,9.5,2,0.0,0,9.5,20.0,20.5,37.4,0,0,0,7,Open-Meteo Historical Weather API,ERA5
2022-09-05,US_NE,"New York, NY",22.071,17.3,28.9,43.1,4,0.0,0,43.1,67.0,17.5,38.2,0,0,0,7,Open-Meteo Historical Weather API,ERA5
2022-09-05,US_PNW,"Seattle, WA",18.171,11.4,28.6,1.2,1,0.0,0,1.2,8.0,18.6,41.8,0,0,0,7,Open-Meteo Historical Weather API,ERA5
2022-09-05,US_WEST,"San Francisco, CA",23.114,15.8,38.0,0.5,0,0.0,0,0.5,5.0,18.2,37.8,0,0,0,7,Open-Meteo Historical Weather API,ERA5
2022-09-12,CA_ON,"Toronto, ON",18.4,8.2,26.2,5.9,2,0.0,0,5.9,17.0,21.3,42.1,0,0,0,7,Open-Meteo Historical Weather API,ERA5
2022-09-12,CA_PNW,"Vancouver, BC",15.943,10.6,21.9,6.2,1,0.0,0,6.2,20.0,10.9,28.4,0,0,0,7,Open-Meteo Historical Weather API,ERA5
2022-09-12,CA_PRAIRIE,"Calgary, AB",13.357,1.7,23.0,1.3,1,0.0,0,1.3,5.0,18.7,36.0,0,0,0,7,Open-Meteo Historical Weather API,ERA5
2022-09-12,CA_QC,"Montreal, QC",15.586,4.4,26.1,35.2,3,0.0,0,35.2,46.0,23.1,49.0,0,0,0,7,Open-Meteo Historical Weather API,ERA5
2022-09-12,US_MIDWEST,"Chicago, IL",19.971,13.3,27.0,4.4,1,0.0,0,4.4,11.0,26.2,50.4,0,0,0,7,Open-Meteo Historical Weather API,ERA5
2022-09-12,US_MTN,"Denver, CO",19.257,9.8,31.2,8.2,2,0.0,0,8.2,12.0,21.1,38.9,0,0,0,7,Open-Meteo Historical Weather API,ERA5
2022-09-12,US_NE,"New York, NY",21.557,13.2,28.0,29.3,2,0.0,0,29.3,23.0,17.7,35.6,0,0,0,7,Open-Meteo Historical Weather API,ERA5
2022-09-12,US_PNW,"Seattle, WA",16.814,10.4,21.6,3.7,1,0.0,0,3.7,27.0,16.0,39.6,0,0,0,7,Open-Meteo Historical Weather API,ERA5
2022-09-12,US_WEST,"San Francisco, CA",18.243,13.9,23.9,12.0,1,0.0,0,12.0,23.0,26.3,59.0,0,0,0,7,Open-Meteo Historical Weather API,ERA5
2022-09-19,CA_ON,"Toronto, ON",16.429,5.5,27.9,27.3,2,0.0,0,27.3,30.0,30.3,58.3,0,0,0,7,Open-Meteo Historical Weather API,ERA5
2022-09-19,CA_PNW,"Vancouver, BC",16.243,9.8,24.6,0.8,0,0.0,0,0.8,4.0,12.2,31.3,0,0,0,7,Open-Meteo Historical Weather API,ERA5
2022-09-19,CA_PRAIRIE,"Calgary, AB",10.114,-1.0,23.9,0.3,0,0.0,0,0.3,3.0,25.5,49.3,0,0,0,7,Open-Meteo Historical Weather API,ERA5
2022-09-19,CA_QC,"Montreal, QC",12.529,5.1,18.7,42.0,4,0.0,0,42.0,48.0,23.9,51.1,0,0,0,7,Open-Meteo Historical Weather API,ERA5
2022-09-19,US_MIDWEST,"Chicago, IL",18.114,10.6,28.2,11.6,3,0.0,0,11.6,32.0,27.9,50.8,0,0,0,7,Open-Meteo Historical Weather API,ERA5
2022-09-19,US_MTN,"Denver, CO",17.929,8.5,31.7,12.1,2,0.0,0,12.1,22.0,14.7,29.9,0,0,0,7,Open-Meteo Historical Weather API,ERA5
2022-09-19,US_NE,"New York, NY",19.043,10.0,27.9,15.4,2,0.0,0,15.4,15.0,26.5,51.5,0,0,0,7,Open-Meteo Historical Weather API,ERA5
2022-09-19,US_PNW,"Seattle, WA",16.629,9.9,24.4,0.0,0,0.0,0,0.0,0.0,18.7,40.0,0,0,0,7,Open-Meteo Historical Weather API,ERA5
2022-09-19,US_WEST,"San Francisco, CA",19.043,13.0,29.4,2.4,1,0.0,0,2.4,19.0,14.6,34.2,0,0,0,7,Open-Meteo Historical Weather API,ERA5
2022-09-26,CA_ON,"Toronto, ON",12.3,4.4,19.1,19.7,2,0.0,0,19.7,29.0,27.3,57.2,0,0,0,7,Open-Meteo Historical Weather API,ERA5
2022-09-26,CA_PNW,"Vancouver, BC",17.014,12.1,26.0,0.3,0,0.0,0,0.3,3.0,9.6,25.2,0,0,0,7,Open-Meteo Historical Weather API,ERA5
2022-09-26,CA_PRAIRIE,"Calgary, AB",14.443,3.8,29.4,0.7,0,0.0,0,0.7,4.0,21.1,43.9,0,0,0,7,Open-Meteo Historical Weather API,ERA5
2022-09-26,CA_QC,"Montreal, QC",10.871,2.1,17.4,22.1,2,0.0,0,22.1,36.0,23.3,42.5,0,0,0,7,Open-Meteo Historical Weather API,ERA5
2022-09-26,US_MIDWEST,"Chicago, IL",12.857,7.4,18.5,0.8,0,0.0,0,0.8,8.0,30.2,56.5,0,0,0,7,Open-Meteo Historical Weather API,ERA5
2022-09-26,US_MTN,"Denver, CO",17.271,8.8,28.8,10.8,2,0.0,0,10.8,21.0,14.9,37.4,0,0,0,7,Open-Meteo Historical Weather API,ERA5
2022-09-26,US_NE,"New York, NY",15.614,10.9,22.5,36.3,2,0.0,0,36.3,38.0,28.0,51.5,0,0,0,7,Open-Meteo Historical Weather API,ERA5
2022-09-26,US_PNW,"Seattle, WA",16.686,11.3,26.2,2.2,1,0.0,0,2.2,13.0,13.2,30.6,0,0,0,7,Open-Meteo Historical Weather API,ERA5
2022-09-26,US_WEST,"San Francisco, CA",17.771,13.1,28.6,0.0,0,0.0,0,0.0,0.0,17.0,38.2,0,0,0,7,Open-Meteo Historical Weather API,ERA5
2022-10-03,CA_ON,"Toronto, ON",11.071,2.3,22.2,3.1,1,0.0,0,3.1,4.0,22.9,48.2,0,0,0,7,Open-Meteo Historical Weather API,ERA5
2022-10-03,CA_PNW,"Vancouver, BC",16.671,11.2,24.6,0.0,0,0.0,0,0.0,0.0,7.9,18.7,0,0,0,7,Open-Meteo Historical Weather API,ERA5
2022-10-03,CA_PRAIRIE,"Calgary, AB",10.957,0.8,24.0,0.5,0,0.0,0,0.5,4.0,12.9,29.2,0,0,0,7,Open-Meteo Historical Weather API,ERA5
2022-10-03,CA_QC,"Montreal, QC",9.329,-0.7,21.9,5.3,2,0.0,0,5.3,15.0,24.9,53.6,0,0,0,7,Open-Meteo Historical Weather API,ERA5
2022-10-03,US_MIDWEST,"Chicago, IL",12.6,3.1,23.4,3.2,2,0.0,0,3.2,15.0,34.3,60.1,0,0,0,7,Open-Meteo Historical Weather API,ERA5
2022-10-03,US_MTN,"Denver, CO",12.771,4.6,22.8,3.4,2,0.0,0,3.4,17.0,11.8,29.5,0,0,0,7,Open-Meteo Historical Weather API,ERA5
2022-10-03,US_NE,"New York, NY",13.2,6.0,23.8,58.3,3,0.0,0,58.3,65.0,24.7,49.7,0,0,0,7,Open-Meteo Historical Weather API,ERA5
2022-10-03,US_PNW,"Seattle, WA",15.614,10.6,23.4,0.0,0,0.0,0,0.0,0.0,10.0,24.5,0,0,0,7,Open-Meteo Historical Weather API,ERA5
2022-10-03,US_WEST,"San Francisco, CA",16.429,11.9,24.4,0.0,0,0.0,0,0.0,0.0,15.7,36.4,0,0,0,7,Open-Meteo Historical Weather API,ERA5
2022-10-10,CA_ON,"Toronto, ON",11.643,2.0,22.2,20.1,3,0.0,0,20.1,30.0,28.8,61.6,0,0,0,7,Open-Meteo Historical Weather API,ERA5
2022-10-10,CA_PNW,"Vancouver, BC",14.986,8.5,25.0,0.0,0,0.0,0,0.0,0.0,12.3,23.8,0,0,0,7,Open-Meteo Historical Weather API,ERA5
2022-10-10,CA_PRAIRIE,"Calgary, AB",8.343,-2.8,21.6,2.5,2,0.0,0,2.5,8.0,24.2,40.0,0,0,0,7,Open-Meteo Historical Weather API,ERA5
2022-10-10,CA_QC,"Montreal, QC",9.971,-0.5,18.6,40.0,2,0.0,0,40.0,24.0,30.3,63.0,0,0,0,7,Open-Meteo Historical Weather API,ERA5
2022-10-10,US_MIDWEST,"Chicago, IL",10.729,2.3,20.1,16.9,3,0.0,0,16.9,21.0,35.5,63.4,0,0,0,7,Open-Meteo Historical Weather API,ERA5
2022-10-10,US_MTN,"Denver, CO",12.586,3.4,25.2,0.0,0,0.0,0,0.0,0.0,20.3,40.7,0,0,0,7,Open-Meteo Historical Weather API,ERA5
2022-10-10,US_NE,"New York, NY",14.843,8.7,20.3,17.3,2,0.0,0,17.3,19.0,21.3,38.2,0,0,0,7,Open-Meteo Historical Weather API,ERA5
2022-10-10,US_PNW,"Seattle, WA",14.657,8.4,25.9,0.8,0,0.0,0,0.8,6.0,14.1,29.5,0,0,0,7,Open-Meteo Historical Weather API,ERA5
2022-10-10,US_WEST,"San Francisco, CA",15.343,11.7,21.0,0.0,0,0.0,0,0.0,0.0,17.9,39.2,0,0,0,7,Open-Meteo Historical Weather API,ERA5
2022-10-17,CA_ON,"Toronto, ON",8.743,0.2,20.4,7.2,3,0.0,0,7.2,35.0,27.2,52.6,0,1,0,7,Open-Meteo Historical Weather API,ERA5
2022-10-17,CA_PNW,"Vancouver, BC",11.429,5.4,19.0,12.6,3,0.0,0,12.6,37.0,9.7,23.0,0,0,0,7,Open-Meteo Historical Weather API,ERA5
2022-10-17,CA_PRAIRIE,"Calgary, AB",6.614,-4.3,25.5,4.4,1,6.65,2,13.9,57.0,22.5,39.6,0,3,1,7,Open-Meteo Historical Weather API,ERA5
2022-10-17,CA_QC,"Montreal, QC",9.057,1.2,20.6,11.9,3,0.0,0,11.9,35.0,25.1,55.1,0,0,0,7,Open-Meteo Historical Weather API,ERA5
2022-10-17,US_MIDWEST,"Chicago, IL",10.314,1.4,23.7,1.2,1,0.0,0,1.2,12.0,38.7,73.8,0,2,1,7,Open-Meteo Historical Weather API,ERA5
2022-10-17,US_MTN,"Denver, CO",13.3,1.5,26.5,1.1,1,0.0,0,1.1,5.0,22.8,50.4,0,0,0,7,Open-Meteo Historical Weather API,ERA5
2022-10-17,US_NE,"New York, NY",11.657,4.8,18.6,4.3,2,0.0,0,4.3,16.0,21.5,43.6,0,0,0,7,Open-Meteo Historical Weather API,ERA5
2022-10-17,US_PNW,"Seattle, WA",11.343,4.3,18.9,14.7,2,0.0,0,14.7,42.0,18.2,36.7,0,0,0,7,Open-Meteo Historical Weather API,ERA5
2022-10-17,US_WEST,"San Francisco, CA",17.043,8.8,30.7,0.0,0,0.0,0,0.0,0.0,25.8,56.2,0,0,0,7,Open-Meteo Historical Weather API,ERA5
2022-10-24,CA_ON,"Toronto, ON",8.771,-2.0,18.1,6.8,1,0.0,0,6.8,7.0,28.3,54.0,0,1,0,7,Open-Meteo Historical Weather API,ERA5
2022-10-24,CA_PNW,"Vancouver, BC",9.657,6.3,12.6,177.1,7,0.0,0,177.1,134.0,28.5,67.3,0,0,0,7,Open-Meteo Historical Weather API,ERA5
2022-10-24,CA_PRAIRIE,"Calgary, AB",2.857,-7.8,13.5,0.2,0,0.0,0,0.2,2.0,28.5,53.6,0,4,0,7,Open-Meteo Historical Weather API,ERA5
2022-10-24,CA_QC,"Montreal, QC",10.214,-2.7,23.0,11.8,1,0.0,0,11.8,8.0,29.0,54.7,0,1,0,7,Open-Meteo Historical Weather API,ERA5
2022-10-24,US_MIDWEST,"Chicago, IL",11.314,3.5,21.6,35.7,3,0.0,0,35.7,33.0,34.3,56.9,0,0,0,7,Open-Meteo Historical Weather API,ERA5
2022-10-24,US_MTN,"Denver, CO",7.0,-2.0,16.7,7.4,2,1.26,1,9.2,24.0,16.8,38.5,0,1,1,7,Open-Meteo Historical Weather API,ERA5
2022-10-24,US_NE,"New York, NY",13.829,5.3,20.8,12.8,2,0.0,0,12.8,31.0,19.8,38.2,0,0,0,7,Open-Meteo Historical Weather API,ERA5
2022-10-24,US_PNW,"Seattle, WA",10.771,7.0,16.2,70.0,6,0.0,0,70.0,103.0,25.2,57.2,0,0,0,7,Open-Meteo Historical Weather API,ERA5
2022-10-24,US_WEST,"San Francisco, CA",14.2,6.9,21.9,0.0,0,0.0,0,0.0,0.0,14.4,35.6,0,0,0,7,Open-Meteo Historical Weather API,ERA5
2022-10-31,CA_ON,"Toronto, ON",12.271,4.5,22.6,6.0,2,0.0,0,6.0,13.0,32.3,73.1,0,0,0,7,Open-Meteo Historical Weather API,ERA5
2022-10-31,CA_PNW,"Vancouver, BC",6.086,1.9,11.7,58.0,5,18.06,2,83.8,91.0,27.7,77.4,0,2,2,7,Open-Meteo Historical Weather API,ERA5
2022-10-31,CA_PRAIRIE,"Calgary, AB",-4.171,-16.6,5.7,0.4,0,16.24,3,23.6,72.0,27.9,51.5,0,7,0,7,Open-Meteo Historical Weather API,ERA5
2022-10-31,CA_QC,"Montreal, QC",11.929,-0.1,22.8,9.3,1,0.0,0,9.3,11.0,26.5,52.9,0,0,0,7,Open-Meteo Historical Weather API,ERA5
2022-10-31,US_MIDWEST,"Chicago, IL",13.629,6.6,20.7,11.2,2,0.0,0,11.2,18.0,51.9,87.1,1,0,0,7,Open-Meteo Historical Weather API,ERA5
2022-10-31,US_MTN,"Denver, CO",7.671,-2.4,22.7,0.0,0,3.08,1,4.4,15.0,20.3,46.8,0,2,0,7,Open-Meteo Historical Weather API,ERA5
2022-10-31,US_NE,"New York, NY",15.843,8.0,23.4,17.9,2,0.0,0,17.9,20.0,17.4,31.3,0,0,0,7,Open-Meteo Historical Weather API,ERA5
2022-10-31,US_PNW,"Seattle, WA",7.9,2.6,14.5,118.0,7,0.21,0,118.3,137.0,32.8,67.7,0,0,0,7,Open-Meteo Historical Weather API,ERA5
2022-10-31,US_WEST,"San Francisco, CA",12.843,6.0,17.9,8.2,2,0.0,0,8.2,20.0,24.2,55.8,0,0,0,7,Open-Meteo Historical Weather API,ERA5
2022-11-07,CA_ON,"Toronto, ON",8.271,-0.6,20.1,17.9,2,0.0,0,17.9,25.0,23.6,46.1,0,2,0,7,Open-Meteo Historical Weather API,ERA5
2022-11-07,CA_PNW,"Vancouver, BC",3.314,-4.4,9.2,1.5,1,0.91,0,2.8,18.0,17.7,42.8,0,4,1,7,Open-Meteo Historical Weather API,ERA5
2022-11-07,CA_PRAIRIE,"Calgary, AB",-14.471,-29.6,-1.3,0.0,0,6.23,1,8.9,27.0,16.1,35.6,0,7,0,7,Open-Meteo Historical Weather API,ERA5
2022-11-07,CA_QC,"Montreal, QC",8.214,-4.3,16.1,46.6,2,0.0,0,46.6,29.0,32.2,61.6,0,3,0,7,Open-Meteo Historical Weather API,ERA5
2022-11-07,US_MIDWEST,"Chicago, IL",8.171,-0.8,21.9,2.0,1,0.0,0,2.0,7.0,27.0,48.6,0,2,0,7,Open-Meteo Historical Weather API,ERA5
2022-11-07,US_MTN,"Denver, CO",4.529,-6.1,22.6,0.1,0,0.07,0,0.2,2.0,21.6,39.6,0,4,0,7,Open-Meteo Historical Weather API,ERA5
2022-11-07,US_NE,"New York, NY",14.171,3.9,24.1,20.7,3,0.0,0,20.7,32.0,26.5,50.8,0,0,0,7,Open-Meteo Historical Weather API,ERA5
2022-11-07,US_PNW,"Seattle, WA",4.7,-0.1,9.5,8.3,1,0.28,0,8.7,20.0,19.8,44.3,0,3,0,7,Open-Meteo Historical Weather API,ERA5
2022-11-07,US_WEST,"San Francisco, CA",10.886,5.6,16.8,31.7,2,0.0,0,31.7,41.0,27.9,59.0,0,0,0,7,Open-Meteo Historical Weather API,ERA5
2022-11-14,CA_ON,"Toronto, ON",-1.343,-6.1,3.6,4.7,2,4.34,1,10.9,37.0,32.5,68.0,0,7,2,7,Open-Meteo Historical Weather API,ERA5
2022-11-14,CA_PNW,"Vancouver, BC",4.786,0.3,10.2,0.2,0,0.0,0,0.2,1.0,17.2,45.0,0,4,0,7,Open-Meteo Historical Weather API,ERA5
2022-11-14,CA_PRAIRIE,"Calgary, AB",-5.1,-16.7,4.5,0.1,0,0.7,0,1.1,8.0,24.7,48.6,0,7,0,7,Open-Meteo Historical Weather API,ERA5
2022-11-14,CA_QC,"Montreal, QC",-2.2,-9.0,2.1,0.0,0,9.8,1,14.0,30.0,35.5,63.7,0,7,0,7,Open-Meteo Historical Weather API,ERA5
2022-11-14,US_MIDWEST,"Chicago, IL",-1.1,-9.7,4.4,6.4,2,4.06,2,12.2,46.0,35.0,65.5,0,7,2,7,Open-Meteo Historical Weather API,ERA5
2022-11-14,US_MTN,"Denver, CO",-4.586,-15.4,10.7,0.1,0,8.54,3,12.3,41.0,18.5,38.9,0,7,0,7,Open-Meteo Historical Weather API,ERA5
2022-11-14,US_NE,"New York, NY",4.414,-0.9,10.1,16.0,2,0.0,0,16.0,20.0,28.4,56.5,0,4,1,7,Open-Meteo Historical Weather API,ERA5
2022-11-14,US_PNW,"Seattle, WA",4.271,-0.8,11.3,0.0,0,0.0,0,0.0,0.0,13.2,32.8,0,6,0,7,Open-Meteo Historical Weather API,ERA5
2022-11-14,US_WEST,"San Francisco, CA",10.643,3.1,19.1,0.0,0,0.0,0,0.0,0.0,14.2,30.2,0,0,0,7,Open-Meteo Historical Weather API,ERA5
2022-11-21,CA_ON,"Toronto, ON",3.514,-6.6,12.4,12.3,2,0.21,0,12.6,17.0,31.8,58.7,0,4,0,7,Open-Meteo Historical Weather API,ERA5
2022-11-21,CA_PNW,"Vancouver, BC",6.8,2.3,12.3,77.4,5,0.21,0,77.7,71.0,26.7,66.6,0,0,0,7,Open-Meteo Historical Weather API,ERA5
2022-11-21,CA_PRAIRIE,"Calgary, AB",1.629,-8.6,8.6,0.8,0,4.55,2,7.3,21.0,31.9,59.8,0,7,0,7,Open-Meteo Historical Weather API,ERA5
2022-11-21,CA_QC,"Montreal, QC",0.243,-9.5,8.9,6.3,2,0.56,0,7.1,23.0,31.2,59.8,0,7,2,7,Open-Meteo Historical Weather API,ERA5
2022-11-21,US_MIDWEST,"Chicago, IL",5.043,-1.5,12.7,9.5,2,0.0,0,9.5,17.0,31.3,52.9,0,2,0,7,Open-Meteo Historical Weather API,ERA5
2022-11-21,US_MTN,"Denver, CO",1.5,-7.5,15.5,0.0,0,0.84,0,1.2,8.0,12.6,26.3,0,7,0,7,Open-Meteo Historical Weather API,ERA5
2022-11-21,US_NE,"New York, NY",6.2,-3.2,13.4,14.1,2,0.0,0,14.1,14.0,24.3,47.9,0,1,0,7,Open-Meteo Historical Weather API,ERA5
2022-11-21,US_PNW,"Seattle, WA",7.071,3.5,11.6,49.0,4,0.28,0,49.4,51.0,30.4,62.3,0,0,0,7,Open-Meteo Historical Weather API,ERA5
2022-11-21,US_WEST,"San Francisco, CA",11.043,2.6,20.8,0.0,0,0.0,0,0.0,0.0,15.0,31.7,0,0,0,7,Open-Meteo Historical Weather API,ERA5
2022-11-28,CA_ON,"Toronto, ON",2.6,-3.4,9.7,20.8,3,0.0,0,20.8,30.0,41.9,72.0,1,6,2,7,Open-Meteo Historical Weather API,ERA5
2022-11-28,CA_PNW,"Vancouver, BC",-0.186,-8.0,5.2,2.2,0,20.3,3,31.2,46.0,20.2,72.4,0,7,0,7,Open-Meteo Historical Weather API,ERA5
2022-11-28,CA_PRAIRIE,"Calgary, AB",-16.029,-30.0,-1.6,0.0,0,2.66,1,3.8,24.0,24.2,52.9,0,7,0,7,Open-Meteo Historical Weather API,ERA5
2022-11-28,CA_QC,"Montreal, QC",1.014,-5.7,8.8,22.7,3,0.35,0,23.2,39.0,39.4,76.7,0,7,3,7,Open-Meteo Historical Weather API,ERA5
2022-11-28,US_MIDWEST,"Chicago, IL",1.843,-6.8,13.3,5.5,3,0.0,0,5.5,16.0,38.5,65.5,0,5,1,7,Open-Meteo Historical Weather API,ERA5
2022-11-28,US_MTN,"Denver, CO",0.357,-14.1,15.0,1.5,1,3.43,1,6.4,20.0,30.1,59.0,0,5,0,7,Open-Meteo Historical Weather API,ERA5
2022-11-28,US_NE,"New York, NY",6.429,-1.5,14.0,26.4,2,0.0,0,26.4,21.0,31.9,72.0,0,4,0,7,Open-Meteo Historical Weather API,ERA5
2022-11-28,US_PNW,"Seattle, WA",1.843,-2.3,5.9,28.6,5,14.0,5,48.6,87.0,23.9,73.8,0,7,5,7,Open-Meteo Historical Weather API,ERA5
2022-11-28,US_WEST,"San Francisco, CA",9.3,2.5,15.4,34.8,3,0.0,0,34.8,41.0,28.5,57.6,0,0,0,7,Open-Meteo Historical Weather API,ERA5
2022-12-05,CA_ON,"Toronto, ON",1.971,-4.1,7.5,7.6,2,2.8,1,11.6,27.0,23.6,43.2,0,5,1,7,Open-Meteo Historical Weather API,ERA5
2022-12-05,CA_PNW,"Vancouver, BC",3.686,-0.9,6.8,35.0,5,32.41,4,81.3,114.0,20.2,64.1,0,5,3,7,Open-Meteo Historical Weather API,ERA5
2022-12-05,CA_PRAIRIE,"Calgary, AB",-11.029,-23.4,-0.5,0.0,0,4.41,2,6.3,39.0,18.5,36.4,0,7,0,7,Open-Meteo Historical Weather API,ERA5
2022-12-05,CA_QC,"Montreal, QC",-0.471,-11.4,9.2,28.8,2,0.77,0,29.9,40.0,21.6,41.4,0,6,1,7,Open-Meteo Historical Weather API,ERA5
2022-12-05,US_MIDWEST,"Chicago, IL",3.214,-1.2,6.0,8.8,1,3.5,1,13.8,21.0,24.2,46.1,0,7,1,7,Open-Meteo Historical Weather API,ERA5
2022-12-05,US_MTN,"Denver, CO",3.271,-5.8,17.1,0.0,0,0.0,0,0.0,0.0,22.3,49.7,0,5,0,7,Open-Meteo Historical Weather API,ERA5
2022-12-05,US_NE,"New York, NY",6.329,-1.7,14.7,27.1,3,0.0,0,27.1,33.0,16.0,36.7,0,4,1,7,Open-Meteo Historical Weather API,ERA5
2022-12-05,US_PNW,"Seattle, WA",5.114,0.7,8.2,32.5,5,1.05,0,34.0,76.0,19.9,60.5,0,3,2,7,Open-Meteo Historical Weather API,ERA5
2022-12-05,US_WEST,"San Francisco, CA",10.757,5.6,14.9,54.8,5,0.0,0,54.8,78.0,32.1,66.2,0,0,0,7,Open-Meteo Historical Weather API,ERA5
2022-12-12,CA_ON,"Toronto, ON",-1.5,-9.1,4.2,8.1,2,12.53,2,26.0,27.0,36.5,73.1,0,7,2,7,Open-Meteo Historical Weather API,ERA5
2022-12-12,CA_PNW,"Vancouver, BC",1.214,-6.1,6.1,0.4,0,3.15,1,4.9,22.0,17.2,41.8,0,7,0,7,Open-Meteo Historical Weather API,ERA5
2022-12-12,CA_PRAIRIE,"Calgary, AB",-12.171,-24.7,0.3,0.0,0,5.39,3,7.7,45.0,21.1,43.2,0,7,0,7,Open-Meteo Historical Weather API,ERA5
2022-12-12,CA_QC,"Montreal, QC",-2.643,-11.3,5.0,0.0,0,9.31,2,13.2,41.0,22.8,42.1,0,7,0,7,Open-Meteo Historical Weather API,ERA5
2022-12-12,US_MIDWEST,"Chicago, IL",0.157,-7.9,6.5,38.4,2,0.35,0,38.9,40.0,31.9,60.5,0,7,2,7,Open-Meteo Historical Weather API,ERA5
2022-12-12,US_MTN,"Denver, CO",-4.043,-14.9,12.3,0.3,0,5.95,1,8.8,37.0,22.7,47.9,0,7,0,7,Open-Meteo Historical Weather API,ERA5
2022-12-12,US_NE,"New York, NY",2.729,-2.9,6.9,28.3,2,0.49,0,29.0,42.0,32.2,62.6,0,6,1,7,Open-Meteo Historical Weather API,ERA5
2022-12-12,US_PNW,"Seattle, WA",3.757,-0.2,8.3,2.5,2,1.89,1,5.2,24.0,20.8,45.0,0,6,2,7,Open-Meteo Historical Weather API,ERA5
2022-12-12,US_WEST,"San Francisco, CA",6.971,1.3,13.0,1.7,1,0.0,0,1.7,6.0,14.1,32.0,0,0,0,7,Open-Meteo Historical Weather API,ERA5
2022-12-19,CA_ON,"Toronto, ON",-3.257,-13.4,4.2,14.2,2,5.25,1,21.7,50.0,44.6,83.2,2,7,2,7,Open-Meteo Historical Weather API,ERA5
2022-12-19,CA_PNW,"Vancouver, BC",-2.971,-11.2,8.1,80.2,3,21.28,2,110.6,89.0,18.4,54.0,0,5,1,7,Open-Meteo Historical Weather API,ERA5
2022-12-19,CA_PRAIRIE,"Calgary, AB",-23.214,-36.1,1.0,0.1,0,1.33,0,2.0,16.0,24.1,46.8,0,7,0,7,Open-Meteo Historical Weather API,ERA5
2022-12-19,CA_QC,"Montreal, QC",-5.0,-12.0,6.1,15.6,1,11.34,2,31.8,52.0,37.8,88.6,0,7,1,7,Open-Meteo Historical Weather API,ERA5
2022-12-19,US_MIDWEST,"Chicago, IL",-9.1,-22.1,1.1,0.1,0,4.55,1,6.6,26.0,41.8,77.0,1,7,0,7,Open-Meteo Historical Weather API,ERA5
2022-12-19,US_MTN,"Denver, CO",-6.6,-26.9,11.2,0.1,0,2.73,1,4.0,13.0,29.2,49.0,0,7,0,7,Open-Meteo Historical Weather API,ERA5
2022-12-19,US_NE,"New York, NY",-0.957,-12.7,12.8,29.3,2,0.21,0,29.6,28.0,35.2,83.9,0,7,2,7,Open-Meteo Historical Weather API,ERA5
2022-12-19,US_PNW,"Seattle, WA",1.671,-5.1,9.7,53.8,5,6.44,3,63.0,120.0,23.6,57.6,0,5,3,7,Open-Meteo Historical Weather API,ERA5
2022-12-19,US_WEST,"San Francisco, CA",8.6,3.6,14.8,0.9,0,0.0,0,0.9,2.0,11.4,26.3,0,0,0,7,Open-Meteo Historical Weather API,ERA5
2022-12-26,CA_ON,"Toronto, ON",2.657,-7.9,11.3,20.9,3,0.14,0,21.1,35.0,27.4,46.1,0,4,1,7,Open-Meteo Historical Weather API,ERA5
2022-12-26,CA_PNW,"Vancouver, BC",6.586,3.4,12.1,134.9,6,0.07,0,135.0,117.0,25.1,65.5,0,0,0,7,Open-Meteo Historical Weather API,ERA5
2022-12-26,CA_PRAIRIE,"Calgary, AB",-3.857,-10.1,6.8,2.1,1,4.48,1,8.5,38.0,22.5,39.2,0,7,1,7,Open-Meteo Historical Weather API,ERA5
2022-12-26,CA_QC,"Montreal, QC",-0.557,-12.1,6.0,19.2,3,5.74,1,27.4,76.0,19.1,31.3,0,6,2,7,Open-Meteo Historical Weather API,ERA5
2022-12-26,US_MIDWEST,"Chicago, IL",0.886,-11.4,13.0,6.7,1,0.49,0,7.4,21.0,34.4,55.4,0,5,1,7,Open-Meteo Historical Weather API,ERA5
2022-12-26,US_MTN,"Denver, CO",1.529,-11.3,16.5,3.7,1,12.04,2,20.9,16.0,14.8,32.4,0,5,0,7,Open-Meteo Historical Weather API,ERA5
2022-12-26,US_NE,"New York, NY",2.943,-8.2,12.3,7.1,1,0.0,0,7.1,12.0,15.6,29.9,0,4,0,7,Open-Meteo Historical Weather API,ERA5
2022-12-26,US_PNW,"Seattle, WA",7.857,3.5,12.2,71.6,6,0.0,0,71.6,108.0,31.1,71.3,0,0,0,7,Open-Meteo Historical Weather API,ERA5
2022-12-26,US_WEST,"San Francisco, CA",11.843,5.1,16.9,123.4,4,0.0,0,123.4,81.0,31.5,74.2,0,0,0,7,Open-Meteo Historical Weather API,ERA5
2023-01-02,CA_ON,"Toronto, ON",1.743,-6.4,5.5,27.1,2,0.0,0,27.1,32.0,21.9,41.4,0,7,2,7,Open-Meteo Historical Weather API,ERA5
2023-01-02,CA_PNW,"Vancouver, BC",6.771,2.9,10.0,55.8,4,1.4,1,57.8,93.0,17.7,47.5,0,2,0,7,Open-Meteo Historical Weather API,ERA5
2023-01-02,CA_PRAIRIE,"Calgary, AB",-6.571,-17.1,3.7,0.0,0,0.0,0,0.0,0.0,15.2,27.7,0,7,0,7,Open-Meteo Historical Weather API,ERA5
2023-01-02,CA_QC,"Montreal, QC",-1.871,-11.6,3.4,7.1,2,9.24,1,20.3,43.0,28.4,50.0,0,7,2,7,Open-Meteo Historical Weather API,ERA5
2023-01-02,US_MIDWEST,"Chicago, IL",1.071,-2.6,8.2,16.1,1,0.84,0,17.3,33.0,20.2,37.8,0,6,0,7,Open-Meteo Historical Weather API,ERA5
2023-01-02,US_MTN,"Denver, CO",-2.886,-9.6,9.4,0.1,0,3.15,1,4.6,28.0,12.5,26.6,0,7,0,7,Open-Meteo Historical Weather API,ERA5
2023-01-02,US_NE,"New York, NY",7.214,-0.3,16.9,22.6,3,0.0,0,22.6,38.0,13.5,32.4,0,2,0,7,Open-Meteo Historical Weather API,ERA5
2023-01-02,US_PNW,"Seattle, WA",7.286,2.2,13.3,24.5,5,0.42,0,25.1,76.0,22.1,48.2,0,1,0,7,Open-Meteo Historical Weather API,ERA5
2023-01-02,US_WEST,"San Francisco, CA",12.029,6.4,16.8,71.1,5,0.0,0,71.1,79.0,36.2,89.3,0,0,0,7,Open-Meteo Historical Weather API,ERA5
2023-01-09,CA_ON,"Toronto, ON",-2.829,-12.8,3.4,3.5,1,3.36,1,8.3,31.0,28.9,55.4,0,7,1,7,Open-Meteo Historical Weather API,ERA5
2023-01-09,CA_PNW,"Vancouver, BC",8.329,4.2,12.4,122.9,7,0.0,0,122.9,105.0,19.0,63.0,0,0,0,7,Open-Meteo Historical Weather API,ERA5
2023-01-09,CA_PRAIRIE,"Calgary, AB",-3.343,-16.0,5.0,0.1,0,0.0,0,0.1,1.0,18.4,34.9,0,7,0,7,Open-Meteo Historical Weather API,ERA5
2023-01-09,CA_QC,"Montreal, QC",-7.114,-19.0,-0.4,1.7,1,22.4,2,33.7,46.0,25.3,43.2,0,7,1,7,Open-Meteo Historical Weather API,ERA5
2023-01-09,US_MIDWEST,"Chicago, IL",1.457,-3.7,8.1,0.3,0,0.0,0,0.3,3.0,31.7,56.5,0,6,0,7,Open-Meteo Historical Weather API,ERA5
2023-01-09,US_MTN,"Denver, CO",1.914,-6.1,13.9,0.0,0,1.96,1,2.8,16.0,14.6,30.2,0,7,0,7,Open-Meteo Historical Weather API,ERA5
2023-01-09,US_NE,"New York, NY",3.729,-0.8,12.1,16.9,3,0.0,0,16.9,31.0,24.5,65.5,0,5,1,7,Open-Meteo Historical Weather API,ERA5
2023-01-09,US_PNW,"Seattle, WA",8.971,5.7,12.9,52.9,7,0.0,0,52.9,105.0,23.2,52.6,0,0,0,7,Open-Meteo Historical Weather API,ERA5
2023-01-09,US_WEST,"San Francisco, CA",13.171,9.3,18.4,114.6,6,0.0,0,114.6,113.0,36.5,87.8,0,0,0,7,Open-Meteo Historical Weather API,ERA5
2023-01-16,CA_ON,"Toronto, ON",0.771,-5.8,5.3,5.1,2,4.34,2,11.3,39.0,33.1,62.6,0,7,2,7,Open-Meteo Historical Weather API,ERA5
2023-01-16,CA_PNW,"Vancouver, BC",5.086,1.8,7.7,60.8,6,4.13,1,66.7,103.0,23.2,50.8,0,4,3,7,Open-Meteo Historical Weather API,ERA5
2023-01-16,CA_PRAIRIE,"Calgary, AB",-3.171,-9.8,5.8,0.0,0,0.63,0,0.9,7.0,18.0,39.2,0,7,0,7,Open-Meteo Historical Weather API,ERA5
2023-01-16,CA_QC,"Montreal, QC",-4.486,-16.3,1.8,0.0,0,8.89,2,12.7,39.0,22.0,38.2,0,7,0,7,Open-Meteo Historical Weather API,ERA5
2023-01-16,US_MIDWEST,"Chicago, IL",1.971,-1.9,9.0,19.3,3,2.03,1,22.2,63.0,32.8,53.3,0,7,3,7,Open-Meteo Historical Weather API,ERA5
2023-01-16,US_MTN,"Denver, CO",-3.171,-10.8,7.8,0.0,0,10.92,2,15.6,34.0,19.5,34.9,0,7,0,7,Open-Meteo Historical Weather API,ERA5
2023-01-16,US_NE,"New York, NY",4.286,-1.8,10.6,24.4,2,0.0,0,24.4,24.0,24.4,46.4,0,5,2,7,Open-Meteo Historical Weather API,ERA5
2023-01-16,US_PNW,"Seattle, WA",5.514,1.2,9.4,26.8,5,0.56,0,27.6,65.0,20.1,46.1,0,4,3,7,Open-Meteo Historical Weather API,ERA5
2023-01-16,US_WEST,"San Francisco, CA",9.2,2.5,15.8,21.8,3,0.0,0,21.8,14.0,25.7,51.5,0,0,0,7,Open-Meteo Historical Weather API,ERA5
2023-01-23,CA_ON,"Toronto, ON",-0.957,-6.4,3.3,2.1,1,19.04,4,29.3,51.0,33.9,64.8,0,7,1,7,Open-Meteo Historical Weather API,ERA5
2023-01-23,CA_PNW,"Vancouver, BC",4.571,-2.4,8.0,10.9,3,0.14,0,11.1,52.0,15.2,40.3,0,4,1,7,Open-Meteo Historical Weather API,ERA5
2023-01-23,CA_PRAIRIE,"Calgary, AB",-5.786,-25.7,8.1,1.6,0,5.67,1,9.7,40.0,27.1,56.2,0,7,0,7,Open-Meteo Historical Weather API,ERA5
2023-01-23,CA_QC,"Montreal, QC",-5.243,-13.6,1.3,0.2,0,18.62,4,26.8,56.0,29.7,56.9,0,7,0,7,Open-Meteo Historical Weather API,ERA5
2023-01-23,US_MIDWEST,"Chicago, IL",-2.486,-9.5,2.0,0.0,0,13.37,4,19.1,68.0,32.3,58.0,0,7,0,7,Open-Meteo Historical Weather API,ERA5
2023-01-23,US_MTN,"Denver, CO",-5.186,-21.2,6.1,0.1,0,2.24,0,3.3,26.0,15.5,44.3,0,7,0,7,Open-Meteo Historical Weather API,ERA5
2023-01-23,US_NE,"New York, NY",4.5,0.1,10.7,29.5,3,0.84,0,30.7,40.0,28.8,75.6,0,4,2,7,Open-Meteo Historical Weather API,ERA5
2023-01-23,US_PNW,"Seattle, WA",5.943,-0.8,8.9,7.6,1,0.0,0,7.6,26.0,16.9,35.6,0,2,0,7,Open-Meteo Historical Weather API,ERA5
2023-01-23,US_WEST,"San Francisco, CA",10.629,4.2,19.4,1.4,1,0.0,0,1.4,7.0,19.2,40.0,0,0,0,7,Open-Meteo Historical Weather API,ERA5
2023-01-30,CA_ON,"Toronto, ON",-8.0,-26.2,5.0,0.0,0,1.12,0,1.6,12.0,32.1,61.2,0,7,0,7,Open-Meteo Historical Weather API,ERA5
2023-01-30,CA_PNW,"Vancouver, BC",4.429,-4.6,8.8,32.5,3,2.17,1,35.6,73.0,24.7,71.3,0,3,0,7,Open-Meteo Historical Weather API,ERA5
2023-01-30,CA_PRAIRIE,"Calgary, AB",-6.257,-17.1,5.2,0.1,0,0.49,0,0.8,8.0,19.8,34.2,0,7,0,7,Open-Meteo Historical Weather API,ERA5
2023-01-30,CA_QC,"Montreal, QC",-14.986,-30.0,-1.5,0.0,0,4.69,3,6.7,41.0,32.1,64.1,0,7,0,7,Open-Meteo Historical Weather API,ERA5
2023-01-30,US_MIDWEST,"Chicago, IL",-7.5,-16.6,4.6,0.0,0,0.63,0,0.9,7.0,31.1,51.5,0,7,0,7,Open-Meteo Historical Weather API,ERA5
2023-01-30,US_MTN,"Denver, CO",-4.986,-24.2,11.8,0.0,0,0.63,0,0.9,9.0,15.7,32.8,0,7,0,7,Open-Meteo Historical Weather API,ERA5
2023-01-30,US_NE,"New York, NY",-0.271,-14.3,9.7,1.5,1,0.21,0,1.8,7.0,32.9,64.4,0,6,1,7,Open-Meteo Historical Weather API,ERA5
2023-01-30,US_PNW,"Seattle, WA",4.729,-3.6,10.7,12.0,3,0.0,0,12.0,37.0,26.3,58.3,0,4,0,7,Open-Meteo Historical Weather API,ERA5
2023-01-30,US_WEST,"San Francisco, CA",9.471,1.2,15.6,21.8,3,0.0,0,21.8,35.0,29.0,60.5,0,0,0,7,Open-Meteo Historical Weather API,ERA5
2023-02-06,CA_ON,"Toronto, ON",1.557,-6.5,8.1,18.8,1,0.0,0,18.8,18.0,30.1,59.4,0,7,1,7,Open-Meteo Historical Weather API,ERA5
2023-02-06,CA_PNW,"Vancouver, BC",6.243,2.6,9.6,80.6,6,0.77,0,81.7,104.0,19.1,50.0,0,2,1,7,Open-Meteo Historical Weather API,ERA5
2023-02-06,CA_PRAIRIE,"Calgary, AB",0.429,-9.3,7.4,0.0,0,0.28,0,0.4,4.0,26.8,56.5,0,7,0,7,Open-Meteo Historical Weather API,ERA5
2023-02-06,CA_QC,"Montreal, QC",-2.914,-17.8,4.0,12.0,2,10.08,2,26.4,43.0,33.1,61.6,0,7,2,7,Open-Meteo Historical Weather API,ERA5
2023-02-06,US_MIDWEST,"Chicago, IL",2.014,-4.5,9.9,19.8,1,0.0,0,19.8,24.0,37.3,62.6,0,7,1,7,Open-Meteo Historical Weather API,ERA5
2023-02-06,US_MTN,"Denver, CO",-0.743,-12.3,11.2,3.0,2,3.15,1,7.5,17.0,20.5,41.8,0,7,2,7,Open-Meteo Historical Weather API,ERA5
2023-02-06,US_NE,"New York, NY",4.671,-4.6,13.1,0.9,0,0.0,0,0.9,4.0,22.4,44.6,0,5,0,7,Open-Meteo Historical Weather API,ERA5
2023-02-06,US_PNW,"Seattle, WA",7.143,2.0,12.5,22.6,4,0.0,0,22.6,60.0,27.6,59.4,0,0,0,7,Open-Meteo Historical Weather API,ERA5
2023-02-06,US_WEST,"San Francisco, CA",10.043,3.7,18.4,1.8,1,0.0,0,1.8,10.0,20.0,40.0,0,0,0,7,Open-Meteo Historical Weather API,ERA5
2023-02-13,CA_ON,"Toronto, ON",1.971,-8.6,14.4,8.0,3,1.47,1,10.1,18.0,35.9,64.8,0,6,2,7,Open-Meteo Historical Weather API,ERA5
2023-02-13,CA_PNW,"Vancouver, BC",4.471,-1.0,7.8,20.1,5,7.56,2,30.9,83.0,15.9,44.6,0,4,2,7,Open-Meteo Historical Weather API,ERA5
2023-02-13,CA_PRAIRIE,"Calgary, AB",-3.214,-10.4,5.9,0.6,0,2.87,1,4.7,17.0,27.1,53.6,0,7,0,7,Open-Meteo Historical Weather API,ERA5
2023-02-13,CA_QC,"Montreal, QC",-1.7,-17.4,6.8,4.4,2,6.58,1,13.8,25.0,30.7,55.4,0,7,2,7,Open-Meteo Historical Weather API,ERA5
2023-02-13,US_MIDWEST,"Chicago, IL",2.557,-7.5,11.2,7.8,3,7.0,1,17.8,31.0,40.2,68.8,1,4,1,7,Open-Meteo Historical Weather API,ERA5
2023-02-13,US_MTN,"Denver, CO",-0.971,-15.2,14.3,0.0,0,5.74,1,8.2,28.0,16.2,35.6,0,7,0,7,Open-Meteo Historical Weather API,ERA5
2023-02-13,US_NE,"New York, NY",7.4,-2.1,17.3,12.9,3,0.0,0,12.9,27.0,24.8,50.4,0,2,0,7,Open-Meteo Historical Weather API,ERA5
2023-02-13,US_PNW,"Seattle, WA",5.243,-0.7,9.7,19.6,4,2.38,1,23.0,78.0,22.6,46.4,0,3,0,7,Open-Meteo Historical Weather API,ERA5
2023-02-13,US_WEST,"San Francisco, CA",9.443,1.7,17.9,1.0,1,0.0,0,1.0,4.0,32.5,68.8,0,0,0,7,Open-Meteo Historical Weather API,ERA5
2023-02-20,CA_ON,"Toronto, ON",-3.1,-16.5,5.6,1.9,1,17.64,3,27.1,39.0,31.4,59.8,0,7,1,7,Open-Meteo Historical Weather API,ERA5
2023-02-20,CA_PNW,"Vancouver, BC",1.357,-6.0,8.7,20.8,3,17.08,2,45.2,73.0,23.8,61.2,0,5,1,7,Open-Meteo Historical Weather API,ERA5
2023-02-20,CA_PRAIRIE,"Calgary, AB",-17.214,-34.1,1.1,0.1,0,10.36,2,14.9,43.0,17.4,35.6,0,7,0,7,Open-Meteo Historical Weather API,ERA5
2023-02-20,CA_QC,"Montreal, QC",-10.6,-25.3,3.6,0.7,0,11.13,3,16.6,52.0,25.7,45.0,0,7,0,7,Open-Meteo Historical Weather API,ERA5
2023-02-20,US_MIDWEST,"Chicago, IL",-0.043,-6.0,6.0,28.5,2,0.49,0,29.2,28.0,34.0,59.0,0,7,2,7,Open-Meteo Historical Weather API,ERA5
2023-02-20,US_MTN,"Denver, CO",-0.871,-22.2,16.5,0.3,0,4.13,1,6.2,23.0,26.1,52.2,0,4,0,7,Open-Meteo Historical Weather API,ERA5
2023-02-20,US_NE,"New York, NY",3.371,-4.6,13.8,11.4,3,0.56,0,12.2,31.0,27.5,58.7,0,5,2,7,Open-Meteo Historical Weather API,ERA5
2023-02-20,US_PNW,"Seattle, WA",2.686,-3.9,9.2,18.8,3,4.34,1,25.0,70.0,28.2,57.6,0,5,1,7,Open-Meteo Historical Weather API,ERA5
2023-02-20,US_WEST,"San Francisco, CA",8.686,4.2,19.1,34.6,4,0.0,0,34.6,61.0,41.5,81.7,1,0,0,7,Open-Meteo Historical Weather API,ERA5
2023-02-27,CA_ON,"Toronto, ON",-0.514,-11.3,5.7,1.3,0,28.56,4,42.1,41.0,38.8,73.4,0,7,0,7,Open-Meteo Historical Weather API,ERA5
2023-02-27,CA_PNW,"Vancouver, BC",2.971,-1.9,8.1,8.8,3,20.79,6,38.5,92.0,17.0,48.2,0,7,3,7,Open-Meteo Historical Weather API,ERA5
2023-02-27,CA_PRAIRIE,"Calgary, AB",-8.214,-15.8,2.4,0.0,0,3.29,2,4.7,37.0,27.0,52.9,0,7,0,7,Open-Meteo Historical Weather API,ERA5
2023-02-27,CA_QC,"Montreal, QC",-4.2,-18.8,3.6,0.0,0,19.81,3,28.3,57.0,27.1,47.9,0,7,0,7,Open-Meteo Historical Weather API,ERA5
2023-02-27,US_MIDWEST,"Chicago, IL",3.429,-1.3,12.1,30.5,4,3.43,1,35.4,31.0,33.5,74.5,0,5,2,7,Open-Meteo Historical Weather API,ERA5
2023-02-27,US_MTN,"Denver, CO",2.671,-5.9,13.4,3.8,2,1.4,0,5.8,25.0,21.4,44.6,0,6,2,7,Open-Meteo Historical Weather API,ERA5
2023-02-27,US_NE,"New York, NY",4.357,-0.9,11.0,32.7,4,9.17,2,45.8,44.0,32.8,76.7,0,4,2,7,Open-Meteo Historical Weather API,ERA5
2023-02-27,US_PNW,"Seattle, WA",4.314,0.8,9.3,29.0,6,2.31,0,32.3,99.0,24.6,52.9,0,5,4,7,Open-Meteo Historical Weather API,ERA5
2023-02-27,US_WEST,"San Francisco, CA",8.886,3.0,14.0,39.8,4,0.0,0,39.8,54.0,29.4,72.4,0,0,0,7,Open-Meteo Historical Weather API,ERA5
2023-03-06,CA_ON,"Toronto, ON",-1.386,-7.9,3.1,0.0,0,7.35,2,10.5,31.0,31.4,58.7,0,7,0,7,Open-Meteo Historical Weather API,ERA5
2023-03-06,CA_PNW,"Vancouver, BC",5.829,2.0,10.9,19.9,4,2.17,1,23.0,59.0,13.6,34.6,0,0,0,7,Open-Meteo Historical Weather API,ERA5
2023-03-06,CA_PRAIRIE,"Calgary, AB",-15.743,-21.2,-9.4,0.0,0,1.96,1,2.8,13.0,18.3,39.6,0,7,0,7,Open-Meteo Historical Weather API,ERA5
2023-03-06,CA_QC,"Montreal, QC",-2.486,-10.3,3.8,0.0,0,1.19,0,1.7,12.0,27.2,47.5,0,7,0,7,Open-Meteo Historical Weather API,ERA5
2023-03-06,US_MIDWEST,"Chicago, IL",2.486,-1.0,11.2,10.7,2,9.03,3,23.6,54.0,26.5,57.6,0,6,1,7,Open-Meteo Historical Weather API,ERA5
2023-03-06,US_MTN,"Denver, CO",3.186,-3.3,17.5,4.2,1,2.8,0,8.2,28.0,19.6,43.6,0,5,0,7,Open-Meteo Historical Weather API,ERA5
2023-03-06,US_NE,"New York, NY",4.629,0.1,10.5,15.8,2,1.68,1,18.2,29.0,31.2,58.7,0,6,2,7,Open-Meteo Historical Weather API,ERA5
2023-03-06,US_PNW,"Seattle, WA",6.057,0.6,10.4,16.3,4,0.07,0,16.4,65.0,17.5,45.0,0,1,1,7,Open-Meteo Historical Weather API,ERA5
2023-03-06,US_WEST,"San Francisco, CA",10.7,5.4,16.2,63.4,7,0.0,0,63.4,82.0,31.4,79.9,0,0,0,7,Open-Meteo Historical Weather API,ERA5
2023-03-13,CA_ON,"Toronto, ON",0.014,-7.2,8.7,13.1,1,2.73,2,17.0,39.0,31.2,60.8,0,7,1,7,Open-Meteo Historical Weather API,ERA5
2023-03-13,CA_PNW,"Vancouver, BC",7.086,1.1,15.8,20.2,3,3.71,2,25.5,51.0,10.8,30.2,0,1,1,7,Open-Meteo Historical Weather API,ERA5
2023-03-13,CA_PRAIRIE,"Calgary, AB",-5.343,-15.0,5.2,0.3,0,1.96,1,3.1,11.0,21.0,41.0,0,7,0,7,Open-Meteo Historical Weather API,ERA5
2023-03-13,CA_QC,"Montreal, QC",0.457,-6.2,5.1,13.4,3,3.22,1,18.0,55.0,33.7,64.8,0,7,3,7,Open-Meteo Historical Weather API,ERA5
2023-03-13,US_MIDWEST,"Chicago, IL",-0.257,-9.8,8.8,9.3,2,0.42,0,9.9,18.0,33.9,60.1,0,6,1,7,Open-Meteo Historical Weather API,ERA5
2023-03-13,US_MTN,"Denver, CO",3.729,-9.4,20.3,4.6,2,3.36,1,9.4,22.0,21.6,46.4,0,5,1,7,Open-Meteo Historical Weather API,ERA5
2023-03-13,US_NE,"New York, NY",5.343,-0.8,12.7,17.6,3,3.29,1,22.3,48.0,37.7,75.2,0,3,1,7,Open-Meteo Historical Weather API,ERA5
2023-03-13,US_PNW,"Seattle, WA",8.129,1.7,17.2,16.7,1,0.0,0,16.7,29.0,18.6,45.4,0,0,0,7,Open-Meteo Historical Weather API,ERA5
2023-03-13,US_WEST,"San Francisco, CA",12.786,6.1,19.2,37.2,3,0.0,0,37.2,42.0,38.1,81.0,0,0,0,7,Open-Meteo Historical Weather API,ERA5
2023-03-20,CA_ON,"Toronto, ON",4.114,-1.4,10.9,22.4,3,1.19,1,24.1,32.0,35.7,74.9,0,4,1,7,Open-Meteo Historical Weather API,ERA5
2023-03-20,CA_PNW,"Vancouver, BC",6.786,1.6,14.4,23.9,4,4.13,2,29.8,89.0,15.3,36.0,0,3,2,7,Open-Meteo Historical Weather API,ERA5
2023-03-20,CA_PRAIRIE,"Calgary, AB",-3.757,-13.4,6.8,1.4,0,0.84,0,2.6,20.0,16.5,33.8,0,7,0,7,Open-Meteo Historical Weather API,ERA5
2023-03-20,CA_QC,"Montreal, QC",0.557,-7.9,5.3,15.2,3,4.62,1,21.8,49.0,33.9,64.1,0,7,3,7,Open-Meteo Historical Weather API,ERA5
2023-03-20,US_MIDWEST,"Chicago, IL",3.986,-1.5,10.3,33.6,5,4.34,1,39.8,52.0,33.5,56.9,0,5,4,7,Open-Meteo Historical Weather API,ERA5
2023-03-20,US_MTN,"Denver, CO",3.471,-7.1,14.9,5.3,1,1.82,1,7.9,22.0,19.7,42.8,0,5,1,7,Open-Meteo Historical Weather API,ERA5
2023-03-20,US_NE,"New York, NY",8.171,-1.5,15.6,14.0,3,0.0,0,14.0,25.0,26.0,49.0,0,1,0,7,Open-Meteo Historical Weather API,ERA5
2023-03-20,US_PNW,"Seattle, WA",7.343,2.8,15.9,26.4,5,0.7,0,27.4,81.0,25.4,55.1,0,2,2,7,Open-Meteo Historical Weather API,ERA5
2023-03-20,US_WEST,"San Francisco, CA",10.629,4.9,15.1,42.6,2,0.0,0,42.6,44.0,33.1,62.3,0,0,0,7,Open-Meteo Historical Weather API,ERA5
2023-03-27,CA_ON,"Toronto, ON",2.314,-7.5,14.5,26.0,5,6.16,3,34.8,57.0,31.2,65.5,0,6,4,7,Open-Meteo Historical Weather API,ERA5
2023-03-27,CA_PNW,"Vancouver, BC",7.314,1.5,15.9,27.2,3,7.49,2,37.9,59.0,20.8,53.6,0,1,1,7,Open-Meteo Historical Weather API,ERA5
2023-03-27,CA_PRAIRIE,"Calgary, AB",-2.829,-16.5,9.6,1.3,1,6.79,2,11.0,42.0,20.6,42.5,0,7,1,7,Open-Meteo Historical Weather API,ERA5
2023-03-27,CA_QC,"Montreal, QC",0.857,-7.6,11.9,18.7,2,3.85,1,24.2,35.0,31.5,58.7,0,7,2,7,Open-Meteo Historical Weather API,ERA5
2023-03-27,US_MIDWEST,"Chicago, IL",4.614,-2.8,17.0,29.8,1,0.21,0,30.1,24.0,37.4,72.4,0,6,0,7,Open-Meteo Historical Weather API,ERA5
2023-03-27,US_MTN,"Denver, CO",5.257,-8.3,21.0,0.0,0,2.87,1,4.1,16.0,40.1,82.1,1,3,0,7,Open-Meteo Historical Weather API,ERA5
2023-03-27,US_NE,"New York, NY",8.014,0.1,17.8,12.1,2,0.0,0,12.1,24.0,29.9,63.4,0,1,0,7,Open-Meteo Historical Weather API,ERA5
2023-03-27,US_PNW,"Seattle, WA",7.9,1.9,15.6,21.8,3,0.42,0,22.4,53.0,21.9,51.1,0,1,1,7,Open-Meteo Historical Weather API,ERA5
2023-03-27,US_WEST,"San Francisco, CA",10.586,3.8,16.5,26.8,2,0.0,0,26.8,40.0,32.5,73.4,0,0,0,7,Open-Meteo Historical Weather API,ERA5
2023-04-03,CA_ON,"Toronto, ON",5.871,-5.2,15.2,12.7,3,0.42,0,13.3,18.0,30.3,52.2,0,3,0,7,Open-Meteo Historical Weather API,ERA5
2023-04-03,CA_PNW,"Vancouver, BC",7.6,1.6,12.5,96.4,5,0.21,0,96.7,105.0,27.8,66.6,0,1,0,7,Open-Meteo Historical Weather API,ERA5
2023-04-03,CA_PRAIRIE,"Calgary, AB",1.443,-13.6,14.5,0.7,0,1.68,1,3.1,18.0,24.5,44.6,0,5,0,7,Open-Meteo Historical Weather API,ERA5
2023-04-03,CA_QC,"Montreal, QC",2.871,-4.1,10.8,35.3,3,0.56,0,36.1,29.0,35.5,69.5,0,5,2,7,Open-Meteo Historical Weather API,ERA5
2023-04-03,US_MIDWEST,"Chicago, IL",8.371,0.4,19.4,35.4,3,0.0,0,35.4,37.0,38.5,68.4,0,1,0,7,Open-Meteo Historical Weather API,ERA5
2023-04-03,US_MTN,"Denver, CO",5.686,-7.8,20.3,0.7,0,3.85,1,6.2,28.0,22.6,47.2,0,3,0,7,Open-Meteo Historical Weather API,ERA5
2023-04-03,US_NE,"New York, NY",10.543,2.7,24.4,2.7,1,0.0,0,2.7,10.0,21.6,39.6,0,0,0,7,Open-Meteo Historical Weather API,ERA5
2023-04-03,US_PNW,"Seattle, WA",8.243,1.9,12.5,44.6,5,0.0,0,44.6,100.0,22.3,47.5,0,1,1,7,Open-Meteo Historical Weather API,ERA5
2023-04-03,US_WEST,"San Francisco, CA",11.771,4.4,22.0,3.7,1,0.0,0,3.7,13.0,28.7,61.9,0,0,0,7,Open-Meteo Historical Weather API,ERA5
2023-04-10,CA_ON,"Toronto, ON",16.357,0.6,28.5,1.8,1,0.0,0,1.8,4.0,26.3,48.2,0,0,0,7,Open-Meteo Historical Weather API,ERA5
2023-04-10,CA_PNW,"Vancouver, BC",7.214,1.1,11.8,40.4,4,1.54,1,42.6,80.0,18.0,46.8,0,0,0,7,Open-Meteo Historical Weather API,ERA5
2023-04-10,CA_PRAIRIE,"Calgary, AB",3.771,-5.2,15.9,7.7,2,0.21,0,8.0,28.0,28.3,57.2,0,5,1,7,Open-Meteo Historical Weather API,ERA5
2023-04-10,CA_QC,"Montreal, QC",13.714,-0.3,26.6,0.6,0,0.0,0,0.6,1.0,28.2,52.2,0,0,0,7,Open-Meteo Historical Weather API,ERA5
2023-04-10,US_MIDWEST,"Chicago, IL",15.586,1.6,23.9,12.1,2,0.14,0,12.3,28.0,34.6,63.0,0,0,0,7,Open-Meteo Historical Weather API,ERA5
2023-04-10,US_MTN,"Denver, CO",11.657,-4.3,29.3,7.3,2,3.15,2,11.8,30.0,20.6,43.9,0,1,1,7,Open-Meteo Historical Weather API,ERA5
2023-04-10,US_NE,"New York, NY",17.714,4.4,28.0,1.2,1,0.0,0,1.2,4.0,21.0,37.8,0,0,0,7,Open-Meteo Historical Weather API,ERA5
2023-04-10,US_PNW,"Seattle, WA",7.786,3.4,13.5,31.1,5,0.0,0,31.1,79.0,21.7,49.3,0,0,0,7,Open-Meteo Historical Weather API,ERA5
2023-04-10,US_WEST,"San Francisco, CA",12.686,7.2,20.3,0.0,0,0.0,0,0.0,0.0,23.6,49.3,0,0,0,7,Open-Meteo Historical Weather API,ERA5
2023-04-17,CA_ON,"Toronto, ON",6.929,1.5,16.5,28.3,5,0.0,0,28.3,60.0,27.6,53.3,0,2,1,7,Open-Meteo Historical Weather API,ERA5
2023-04-17,CA_PNW,"Vancouver, BC",7.243,2.6,12.3,63.6,7,4.55,2,70.1,143.0,21.4,52.2,0,0,0,7,Open-Meteo Historical Weather API,ERA5
2023-04-17,CA_PRAIRIE,"Calgary, AB",2.714,-5.8,16.2,0.7,0,1.19,0,2.4,20.0,24.3,60.5,0,5,0,7,Open-Meteo Historical Weather API,ERA5
2023-04-17,CA_QC,"Montreal, QC",8.271,1.0,19.3,51.1,3,0.0,0,51.1,51.0,28.4,59.0,0,2,0,7,Open-Meteo Historical Weather API,ERA5
2023-04-17,US_MIDWEST,"Chicago, IL",7.429,-0.0,22.3,9.7,2,0.98,0,11.1,44.0,34.0,61.9,0,2,1,7,Open-Meteo Historical Weather API,ERA5
2023-04-17,US_MTN,"Denver, CO",7.129,-3.2,24.2,4.5,1,3.22,1,9.1,24.0,22.5,49.3,0,3,0,7,Open-Meteo Historical Weather API,ERA5
2023-04-17,US_NE,"New York, NY",13.257,7.1,18.9,28.9,3,0.0,0,28.9,31.0,29.6,57.2,0,0,0,7,Open-Meteo Historical Weather API,ERA5
2023-04-17,US_PNW,"Seattle, WA",8.257,3.5,15.6,28.5,7,0.0,0,28.5,92.0,24.9,55.4,0,0,0,7,Open-Meteo Historical Weather API,ERA5
2023-04-17,US_WEST,"San Francisco, CA",14.014,7.1,24.0,0.8,0,0.0,0,0.8,4.0,20.9,47.2,0,0,0,7,Open-Meteo Historical Weather API,ERA5
2023-04-24,CA_ON,"Toronto, ON",6.986,0.7,11.7,23.1,6,0.0,0,23.1,66.0,26.2,46.8,0,0,0,7,Open-Meteo Historical Weather API,ERA5
2023-04-24,CA_PNW,"Vancouver, BC",12.1,5.9,22.4,7.2,2,0.0,0,7.2,22.0,10.5,30.2,0,0,0,7,Open-Meteo Historical Weather API,ERA5
2023-04-24,CA_PRAIRIE,"Calgary, AB",10.529,-1.4,24.0,5.5,2,0.0,0,5.5,9.0,20.8,43.9,0,0,0,7,Open-Meteo Historical Weather API,ERA5
2023-04-24,CA_QC,"Montreal, QC",8.529,-0.0,18.8,29.4,5,0.0,0,29.4,59.0,27.2,56.2,0,0,0,7,Open-Meteo Historical Weather API,ERA5
2023-04-24,US_MIDWEST,"Chicago, IL",6.657,1.5,14.2,9.5,3,0.0,0,9.5,33.0,28.6,50.8,0,2,1,7,Open-Meteo Historical Weather API,ERA5
2023-04-24,US_MTN,"Denver, CO",10.614,0.8,22.7,23.1,4,0.14,0,23.3,39.0,27.9,56.5,0,0,0,7,Open-Meteo Historical Weather API,ERA5
2023-04-24,US_NE,"New York, NY",11.429,7.6,15.5,74.8,5,0.0,0,74.8,64.0,27.3,64.1,0,0,0,7,Open-Meteo Historical Weather API,ERA5
2023-04-24,US_PNW,"Seattle, WA",12.9,6.8,23.0,5.0,2,0.0,0,5.0,22.0,15.0,33.5,0,0,0,7,Open-Meteo Historical Weather API,ERA5
2023-04-24,US_WEST,"San Francisco, CA",15.2,8.5,27.7,0.0,0,0.0,0,0.0,0.0,27.8,59.0,0,0,0,7,Open-Meteo Historical Weather API,ERA5
2023-05-01,CA_ON,"Toronto, ON",8.929,3.4,17.7,20.0,5,0.0,0,20.0,59.0,23.2,47.2,0,0,0,7,Open-Meteo Historical Weather API,ERA5
2023-05-01,CA_PNW,"Vancouver, BC",13.1,8.7,21.6,29.4,3,0.0,0,29.4,50.0,17.6,41.4,0,0,0,7,Open-Meteo Historical Weather API,ERA5
2023-05-01,CA_PRAIRIE,"Calgary, AB",14.1,3.0,27.2,5.9,1,0.0,0,5.9,23.0,21.3,43.2,0,0,0,7,Open-Meteo Historical Weather API,ERA5
2023-05-01,CA_QC,"Montreal, QC",11.314,5.5,23.5,52.3,4,0.0,0,52.3,66.0,30.8,75.2,0,0,0,7,Open-Meteo Historical Weather API,ERA5
2023-05-01,US_MIDWEST,"Chicago, IL",11.371,4.0,23.8,30.3,3,0.0,0,30.3,45.0,35.6,68.4,0,0,0,7,Open-Meteo Historical Weather API,ERA5
2023-05-01,US_MTN,"Denver, CO",15.057,3.7,26.2,3.1,1,0.0,0,3.1,12.0,22.5,48.6,0,0,0,7,Open-Meteo Historical Weather API,ERA5
2023-05-01,US_NE,"New York, NY",12.929,7.6,21.9,14.3,5,0.0,0,14.3,50.0,28.0,52.9,0,0,0,7,Open-Meteo Historical Weather API,ERA5
2023-05-01,US_PNW,"Seattle, WA",12.257,9.2,21.2,15.7,3,0.0,0,15.7,57.0,17.1,37.1,0,0,0,7,Open-Meteo Historical Weather API,ERA5
2023-05-01,US_WEST,"San Francisco, CA",12.929,9.8,17.4,20.4,5,0.0,0,20.4,73.0,27.0,52.6,0,0,0,7,Open-Meteo Historical Weather API,ERA5
2023-05-08,CA_ON,"Toronto, ON",15.429,4.5,27.0,0.0,0,0.0,0,0.0,0.0,19.9,33.5,0,0,0,7,Open-Meteo Historical Weather API,ERA5
2023-05-08,CA_PNW,"Vancouver, BC",16.186,6.7,29.5,0.7,0,0.0,0,0.7,7.0,12.8,26.6,0,0,0,7,Open-Meteo Historical Weather API,ERA5
2023-05-08,CA_PRAIRIE,"Calgary, AB",11.529,1.6,22.6,11.2,4,0.0,0,11.2,30.0,20.9,46.8,0,0,0,7,Open-Meteo Historical Weather API,ERA5
2023-05-08,CA_QC,"Montreal, QC",14.157,2.3,25.3,2.1,1,0.0,0,2.1,5.0,27.0,52.6,0,0,0,7,Open-Meteo Historical Weather API,ERA5
2023-05-08,US_MIDWEST,"Chicago, IL",13.457,7.5,22.3,22.2,3,0.0,0,22.2,33.0,21.9,37.4,0,0,0,7,Open-Meteo Historical Weather API,ERA5
2023-05-08,US_MTN,"Denver, CO",13.086,5.9,25.9,75.4,4,0.0,0,75.4,84.0,23.6,50.0,0,0,0,7,Open-Meteo Historical Weather API,ERA5
2023-05-08,US_NE,"New York, NY",18.529,9.6,27.6,5.1,1,0.0,0,5.1,5.0,17.3,32.0,0,0,0,7,Open-Meteo Historical Weather API,ERA5
2023-05-08,US_PNW,"Seattle, WA",16.014,8.0,27.8,0.5,0,0.0,0,0.5,5.0,15.0,33.8,0,0,0,7,Open-Meteo Historical Weather API,ERA5
2023-05-08,US_WEST,"San Francisco, CA",15.357,10.2,27.5,0.6,0,0.0,0,0.6,4.0,21.8,45.7,0,0,0,7,Open-Meteo Historical Weather API,ERA5
2023-05-15,CA_ON,"Toronto, ON",12.743,-0.8,23.3,19.4,2,0.0,0,19.4,17.0,25.5,50.4,0,0,0,7,Open-Meteo Historical Weather API,ERA5
2023-05-15,CA_PNW,"Vancouver, BC",18.929,12.3,29.3,0.0,0,0.0,0,0.0,0.0,12.2,32.8,0,0,0,7,Open-Meteo Historical Weather API,ERA5
2023-05-15,CA_PRAIRIE,"Calgary, AB",16.186,2.2,27.8,0.7,0,0.0,0,0.7,5.0,27.2,56.2,0,0,0,7,Open-Meteo Historical Weather API,ERA5
2023-05-15,CA_QC,"Montreal, QC",12.143,-1.5,23.8,19.5,3,0.0,0,19.5,36.0,30.2,59.8,0,1,0,7,Open-Meteo Historical Weather API,ERA5
2023-05-15,US_MIDWEST,"Chicago, IL",13.7,6.9,23.5,1.8,1,0.0,0,1.8,7.0,24.5,44.3,0,0,0,7,Open-Meteo Historical Weather API,ERA5
2023-05-15,US_MTN,"Denver, CO",15.271,8.6,26.1,21.6,3,0.0,0,21.6,45.0,21.1,30.2,0,0,0,7,Open-Meteo Historical Weather API,ERA5
2023-05-15,US_NE,"New York, NY",16.314,7.3,25.4,17.2,1,0.0,0,17.2,15.0,22.3,43.6,0,0,0,7,Open-Meteo Historical Weather API,ERA5
2023-05-15,US_PNW,"Seattle, WA",18.271,12.8,30.2,1.6,1,0.0,0,1.6,11.0,17.1,29.2,0,0,0,7,Open-Meteo Historical Weather API,ERA5
2023-05-15,US_WEST,"San Francisco, CA",15.443,11.6,24.2,0.0,0,0.0,0,0.0,0.0,20.0,43.9,0,0,0,7,Open-Meteo Historical Weather API,ERA5
2023-05-22,CA_ON,"Toronto, ON",13.886,3.9,26.3,1.4,1,0.0,0,1.4,4.0,22.0,46.1,0,0,0,7,Open-Meteo Historical Weather API,ERA5
2023-05-22,CA_PNW,"Vancouver, BC",15.586,9.9,24.5,7.5,2,0.0,0,7.5,29.0,10.1,28.4,0,0,0,7,Open-Meteo Historical Weather API,ERA5
2023-05-22,CA_PRAIRIE,"Calgary, AB",14.329,4.1,25.3,11.3,1,0.0,0,11.3,19.0,17.6,39.2,0,0,0,7,Open-Meteo Historical Weather API,ERA5
2023-05-22,CA_QC,"Montreal, QC",14.471,2.8,30.4,6.4,1,0.0,0,6.4,11.0,23.1,45.4,0,0,0,7,Open-Meteo Historical Weather API,ERA5
2023-05-22,US_MIDWEST,"Chicago, IL",14.329,7.4,22.1,0.0,0,0.0,0,0.0,0.0,28.3,50.8,0,0,0,7,Open-Meteo Historical Weather API,ERA5
2023-05-22,US_MTN,"Denver, CO",17.1,9.1,25.3,7.0,3,0.0,0,7.0,16.0,19.0,36.0,0,0,0,7,Open-Meteo Historical Weather API,ERA5
2023-05-22,US_NE,"New York, NY",16.943,11.0,23.5,0.5,0,0.0,0,0.5,5.0,19.5,42.5,0,0,0,7,Open-Meteo Historical Weather API,ERA5
2023-05-22,US_PNW,"Seattle, WA",15.2,9.6,26.1,2.4,1,0.0,0,2.4,8.0,14.4,33.5,0,0,0,7,Open-Meteo Historical Weather API,ERA5
2023-05-22,US_WEST,"San Francisco, CA",14.814,11.6,23.4,0.3,0,0.0,0,0.3,3.0,19.4,42.5,0,0,0,7,Open-Meteo Historical Weather API,ERA5
2023-05-29,CA_ON,"Toronto, ON",20.386,10.3,31.3,1.1,1,0.0,0,1.1,4.0,18.2,40.3,0,0,0,7,Open-Meteo Historical Weather API,ERA5
2023-05-29,CA_PNW,"Vancouver, BC",14.786,8.8,21.6,1.0,0,0.0,0,1.0,10.0,14.0,41.4,0,0,0,7,Open-Meteo Historical Weather API,ERA5
2023-05-29,CA_PRAIRIE,"Calgary, AB",16.6,3.3,29.2,2.6,1,0.0,0,2.6,14.0,18.7,38.9,0,0,0,7,Open-Meteo Historical Weather API,ERA5
2023-05-29,CA_QC,"Montreal, QC",18.943,6.9,33.2,1.9,1,0.0,0,1.9,5.0,30.1,52.9,0,0,0,7,Open-Meteo Historical Weather API,ERA5
2023-05-29,US_MIDWEST,"Chicago, IL",20.014,11.1,26.8,1.6,1,0.0,0,1.6,2.0,19.0,37.4,0,0,0,7,Open-Meteo Historical Weather API,ERA5
2023-05-29,US_MTN,"Denver, CO",16.414,10.1,28.1,34.6,5,0.0,0,34.6,55.0,20.8,40.7,0,0,0,7,Open-Meteo Historical Weather API,ERA5
2023-05-29,US_NE,"New York, NY",18.371,10.8,29.3,0.0,0,0.0,0,0.0,0.0,20.6,40.7,0,0,0,7,Open-Meteo Historical Weather API,ERA5
2023-05-29,US_PNW,"Seattle, WA",14.8,9.9,22.9,1.2,0,0.0,0,1.2,9.0,16.9,43.2,0,0,0,7,Open-Meteo Historical Weather API,ERA5
2023-05-29,US_WEST,"San Francisco, CA",15.829,11.7,23.6,0.0,0,0.0,0,0.0,0.0,19.3,44.3,0,0,0,7,Open-Meteo Historical Weather API,ERA5
2023-06-05,CA_ON,"Toronto, ON",17.471,9.9,25.9,10.2,3,0.0,0,10.2,29.0,23.8,47.5,0,0,0,7,Open-Meteo Historical Weather API,ERA5
2023-06-05,CA_PNW,"Vancouver, BC",17.343,9.8,27.9,8.7,2,0.0,0,8.7,28.0,15.6,40.3,0,0,0,7,Open-Meteo Historical Weather API,ERA5
2023-06-05,CA_PRAIRIE,"Calgary, AB",19.129,7.2,30.1,4.7,2,0.0,0,4.7,18.0,25.2,48.2,0,0,0,7,Open-Meteo Historical Weather API,ERA5
2023-06-05,CA_QC,"Montreal, QC",15.2,7.1,25.5,15.6,4,0.0,0,15.6,56.0,22.8,43.6,0,0,0,7,Open-Meteo Historical Weather API,ERA5
2023-06-05,US_MIDWEST,"Chicago, IL",17.186,10.5,26.8,6.7,2,0.0,0,6.7,15.0,33.3,56.9,0,0,0,7,Open-Meteo Historical Weather API,ERA5
2023-06-05,US_MTN,"Denver, CO",17.329,10.3,26.5,16.0,5,0.0,0,16.0,44.0,19.3,32.4,0,0,0,7,Open-Meteo Historical Weather API,ERA5
2023-06-05,US_NE,"New York, NY",18.757,13.1,26.3,3.5,1,0.0,0,3.5,8.0,19.1,40.7,0,0,0,7,Open-Meteo Historical Weather API,ERA5
2023-06-05,US_PNW,"Seattle, WA",16.057,10.0,26.5,7.6,2,0.0,0,7.6,32.0,19.2,44.3,0,0,0,7,Open-Meteo Historical Weather API,ERA5
2023-06-05,US_WEST,"San Francisco, CA",16.014,11.9,21.3,0.0,0,0.0,0,0.0,0.0,22.4,48.6,0,0,0,7,Open-Meteo Historical Weather API,ERA5
2023-06-12,CA_ON,"Toronto, ON",17.129,11.5,24.9,52.6,4,0.0,0,52.6,44.0,23.1,46.8,0,0,0,7,Open-Meteo Historical Weather API,ERA5
2023-06-12,CA_PNW,"Vancouver, BC",15.586,10.5,25.7,11.7,3,0.0,0,11.7,49.0,13.5,34.2,0,0,0,7,Open-Meteo Historical Weather API,ERA5
2023-06-12,CA_PRAIRIE,"Calgary, AB",15.257,6.9,30.4,65.6,4,0.0,0,65.6,56.0,27.0,62.3,0,0,0,7,Open-Meteo Historical Weather API,ERA5
2023-06-12,CA_QC,"Montreal, QC",18.286,12.5,28.6,48.6,4,0.0,0,48.6,66.0,21.0,41.4,0,0,0,7,Open-Meteo Historical Weather API,ERA5
2023-06-12,US_MIDWEST,"Chicago, IL",15.786,9.5,24.6,15.6,1,0.0,0,15.6,16.0,25.6,50.4,0,0,0,7,Open-Meteo Historical Weather API,ERA5
2023-06-12,US_MTN,"Denver, CO",15.929,9.6,28.7,51.7,5,0.0,0,51.7,59.0,16.9,36.4,0,0,0,7,Open-Meteo Historical Weather API,ERA5
2023-06-12,US_NE,"New York, NY",20.686,16.3,25.9,25.6,3,0.0,0,25.6,22.0,23.4,46.1,0,0,0,7,Open-Meteo Historical Weather API,ERA5
2023-06-12,US_PNW,"Seattle, WA",15.6,10.1,26.2,20.4,3,0.0,0,20.4,46.0,21.1,44.3,0,0,0,7,Open-Meteo Historical Weather API,ERA5
2023-06-12,US_WEST,"San Francisco, CA",16.871,13.1,22.7,1.3,1,0.0,0,1.3,2.0,25.6,57.2,0,0,0,7,Open-Meteo Historical Weather API,ERA5
2023-06-19,CA_ON,"Toronto, ON",20.5,12.8,26.8,19.9,2,0.0,0,19.9,32.0,19.2,39.2,0,0,0,7,Open-Meteo Historical Weather API,ERA5
2023-06-19,CA_PNW,"Vancouver, BC",15.486,9.3,24.3,20.0,3,0.0,0,20.0,53.0,10.6,26.6,0,0,0,7,Open-Meteo Historical Weather API,ERA5
2023-06-19,CA_PRAIRIE,"Calgary, AB",12.414,3.3,23.7,27.0,5,0.0,0,27.0,54.0,22.3,51.1,0,0,0,7,Open-Meteo Historical Weather API,ERA5
2023-06-19,CA_QC,"Montreal, QC",20.386,10.7,29.7,14.7,1,0.0,0,14.7,16.0,12.9,27.0,0,0,0,7,Open-Meteo Historical Weather API,ERA5
2023-06-19,US_MIDWEST,"Chicago, IL",21.171,15.2,27.4,6.8,1,0.0,0,6.8,6.0,36.3,62.6,0,0,0,7,Open-Meteo Historical Weather API,ERA5
2023-06-19,US_MTN,"Denver, CO",20.914,11.0,31.6,2.9,2,0.0,0,2.9,13.0,20.9,35.6,0,0,0,7,Open-Meteo Historical Weather API,ERA5
2023-06-19,US_NE,"New York, NY",20.486,15.6,27.6,34.4,4,0.0,0,34.4,46.0,20.4,44.6,0,0,0,7,Open-Meteo Historical Weather API,ERA5
2023-06-19,US_PNW,"Seattle, WA",15.929,9.1,26.1,5.2,2,0.0,0,5.2,30.0,13.9,31.0,0,0,0,7,Open-Meteo Historical Weather API,ERA5
2023-06-19,US_WEST,"San Francisco, CA",15.771,10.5,22.0,0.0,0,0.0,0,0.0,0.0,24.4,54.0,0,0,0,7,Open-Meteo Historical Weather API,ERA5
2023-06-26,CA_ON,"Toronto, ON",20.486,10.9,27.8,23.9,4,0.0,0,23.9,41.0,22.9,44.3,0,0,0,7,Open-Meteo Historical Weather API,ERA5
2023-06-26,CA_PNW,"Vancouver, BC",18.543,12.7,23.9,0.1,0,0.0,0,0.1,1.0,11.9,35.6,0,0,0,7,Open-Meteo Historical Weather API,ERA5
2023-06-26,CA_PRAIRIE,"Calgary, AB",18.129,8.7,28.8,8.1,2,0.0,0,8.1,17.0,27.6,50.8,0,0,0,7,Open-Meteo Historical Weather API,ERA5
2023-06-26,CA_QC,"Montreal, QC",21.271,16.0,27.5,62.7,6,0.0,0,62.7,85.0,20.8,44.6,0,0,0,7,Open-Meteo Historical Weather API,ERA5
2023-06-26,US_MIDWEST,"Chicago, IL",21.143,14.6,28.3,38.4,5,0.0,0,38.4,44.0,24.4,49.0,0,0,0,7,Open-Meteo Historical Weather API,ERA5
2023-06-26,US_MTN,"Denver, CO",20.943,10.5,33.6,13.9,3,0.0,0,13.9,24.0,20.2,41.8,0,0,0,7,Open-Meteo Historical Weather API,ERA5
2023-06-26,US_NE,"New York, NY",23.314,19.1,29.7,42.9,4,0.0,0,42.9,52.0,17.6,39.2,0,0,0,7,Open-Meteo Historical Weather API,ERA5
2023-06-26,US_PNW,"Seattle, WA",19.129,13.4,26.3,1.4,1,0.0,0,1.4,3.0,12.3,29.9,0,0,0,7,Open-Meteo Historical Weather API,ERA5
2023-06-26,US_WEST,"San Francisco, CA",17.514,12.1,30.6,0.0,0,0.0,0,0.0,0.0,19.0,42.8,0,0,0,7,Open-Meteo Historical Weather API,ERA5
2023-07-03,CA_ON,"Toronto, ON",22.671,13.1,31.1,6.0,2,0.0,0,6.0,21.0,15.3,40.3,0,0,0,7,Open-Meteo Historical Weather API,ERA5
2023-07-03,CA_PNW,"Vancouver, BC",20.286,13.1,28.7,0.0,0,0.0,0,0.0,0.0,14.4,38.2,0,0,0,7,Open-Meteo Historical Weather API,ERA5
2023-07-03,CA_PRAIRIE,"Calgary, AB",16.3,5.7,30.0,7.8,2,0.0,0,7.8,17.0,23.0,49.3,0,0,0,7,Open-Meteo Historical Weather API,ERA5
2023-07-03,CA_QC,"Montreal, QC",24.057,17.7,32.4,23.9,4,0.0,0,23.9,35.0,13.5,31.7,0,0,0,7,Open-Meteo Historical Weather API,ERA5
2023-07-03,US_MIDWEST,"Chicago, IL",21.657,16.0,29.2,13.5,3,0.0,0,13.5,24.0,16.2,30.6,0,0,0,7,Open-Meteo Historical Weather API,ERA5
2023-07-03,US_MTN,"Denver, CO",19.486,12.8,31.9,45.5,6,0.0,0,45.5,61.0,17.9,41.4,0,0,0,7,Open-Meteo Historical Weather API,ERA5
2023-07-03,US_NE,"New York, NY",26.286,22.4,32.5,33.1,4,0.0,0,33.1,55.0,14.5,24.8,0,0,0,7,Open-Meteo Historical Weather API,ERA5
2023-07-03,US_PNW,"Seattle, WA",19.943,12.9,29.5,0.0,0,0.0,0,0.0,0.0,14.2,33.5,0,0,0,7,Open-Meteo Historical Weather API,ERA5
2023-07-03,US_WEST,"San Francisco, CA",16.057,12.2,23.1,0.0,0,0.0,0,0.0,0.0,22.6,49.7,0,0,0,7,Open-Meteo Historical Weather API,ERA5
2023-07-10,CA_ON,"Toronto, ON",21.543,12.9,29.5,45.5,4,0.0,0,45.5,42.0,28.9,59.8,0,0,0,7,Open-Meteo Historical Weather API,ERA5
2023-07-10,CA_PNW,"Vancouver, BC",19.129,13.0,27.3,0.0,0,0.0,0,0.0,0.0,13.9,36.0,0,0,0,7,Open-Meteo Historical Weather API,ERA5
2023-07-10,CA_PRAIRIE,"Calgary, AB",17.343,10.1,27.3,14.2,5,0.0,0,14.2,40.0,17.3,39.6,0,0,0,7,Open-Meteo Historical Weather API,ERA5
2023-07-10,CA_QC,"Montreal, QC",21.9,15.7,28.4,75.0,5,0.0,0,75.0,64.0,28.0,57.6,0,0,0,7,Open-Meteo Historical Weather API,ERA5
2023-07-10,US_MIDWEST,"Chicago, IL",22.229,17.1,29.9,28.1,3,0.0,0,28.1,30.0,28.9,54.7,0,0,0,7,Open-Meteo Historical Weather API,ERA5
2023-07-10,US_MTN,"Denver, CO",24.114,14.7,34.3,2.5,1,0.0,0,2.5,7.0,21.8,42.5,0,0,0,7,Open-Meteo Historical Weather API,ERA5
2023-07-10,US_NE,"New York, NY",26.471,21.2,32.1,48.7,4,0.0,0,48.7,56.0,19.8,39.2,0,0,0,7,Open-Meteo Historical Weather API,ERA5
2023-07-10,US_PNW,"Seattle, WA",20.314,14.7,28.7,0.5,0,0.0,0,0.5,3.0,14.8,34.6,0,0,0,7,Open-Meteo Historical Weather API,ERA5
2023-07-10,US_WEST,"San Francisco, CA",18.043,12.4,27.7,0.0,0,0.0,0,0.0,0.0,16.1,37.8,0,0,0,7,Open-Meteo Historical Weather API,ERA5
2023-07-17,CA_ON,"Toronto, ON",21.086,13.2,27.6,22.1,3,0.0,0,22.1,19.0,22.2,48.6,0,0,0,7,Open-Meteo Historical Weather API,ERA5
2023-07-17,CA_PNW,"Vancouver, BC",20.771,14.2,29.1,0.9,0,0.0,0,0.9,8.0,10.5,30.6,0,0,0,7,Open-Meteo Historical Weather API,ERA5
2023-07-17,CA_PRAIRIE,"Calgary, AB",18.829,8.3,31.5,5.9,1,0.0,0,5.9,7.0,20.2,44.3,0,0,0,7,Open-Meteo Historical Weather API,ERA5
2023-07-17,CA_QC,"Montreal, QC",21.414,14.3,28.3,47.7,3,0.0,0,47.7,44.0,23.8,46.1,0,0,0,7,Open-Meteo Historical Weather API,ERA5
2023-07-17,US_MIDWEST,"Chicago, IL",22.0,16.7,29.1,6.5,1,0.0,0,6.5,11.0,21.3,43.9,0,0,0,7,Open-Meteo Historical Weather API,ERA5
2023-07-17,US_MTN,"Denver, CO",24.257,13.9,36.9,22.0,1,0.0,0,22.0,18.0,24.8,38.2,0,0,0,7,Open-Meteo Historical Weather API,ERA5
2023-07-17,US_NE,"New York, NY",25.386,21.0,30.9,37.5,3,0.0,0,37.5,35.0,13.0,32.8,0,0,0,7,Open-Meteo Historical Weather API,ERA5
2023-07-17,US_PNW,"Seattle, WA",20.5,13.3,28.5,6.1,1,0.0,0,6.1,17.0,17.2,38.5,0,0,0,7,Open-Meteo Historical Weather API,ERA5
2023-07-17,US_WEST,"San Francisco, CA",19.0,13.1,29.4,0.0,0,0.0,0,0.0,0.0,18.1,44.3,0,0,0,7,Open-Meteo Historical Weather API,ERA5
2023-07-24,CA_ON,"Toronto, ON",22.371,12.9,31.4,49.3,5,0.0,0,49.3,41.0,22.1,52.9,0,0,0,7,Open-Meteo Historical Weather API,ERA5
2023-07-24,CA_PNW,"Vancouver, BC",17.857,11.9,24.5,39.1,3,0.0,0,39.1,43.0,16.2,40.3,0,0,0,7,Open-Meteo Historical Weather API,ERA5
2023-07-24,CA_PRAIRIE,"Calgary, AB",17.343,6.4,34.5,11.8,3,0.0,0,11.8,30.0,22.8,43.6,0,0,0,7,Open-Meteo Historical Weather API,ERA5
2023-07-24,CA_QC,"Montreal, QC",21.114,11.1,28.2,47.2,5,0.0,0,47.2,38.0,21.3,47.2,0,0,0,7,Open-Meteo Historical Weather API,ERA5
2023-07-24,US_MIDWEST,"Chicago, IL",23.957,18.4,30.2,24.6,3,0.0,0,24.6,16.0,26.7,45.7,0,0,0,7,Open-Meteo Historical Weather API,ERA5
2023-07-24,US_MTN,"Denver, CO",25.629,16.5,36.7,4.3,2,0.0,0,4.3,14.0,18.7,43.2,0,0,0,7,Open-Meteo Historical Weather API,ERA5
2023-07-24,US_NE,"New York, NY",25.871,19.4,32.8,39.8,3,0.0,0,39.8,28.0,20.1,54.4,0,0,0,7,Open-Meteo Historical Weather API,ERA5
2023-07-24,US_PNW,"Seattle, WA",18.914,13.9,25.1,4.0,1,0.0,0,4.0,17.0,15.7,38.5,0,0,0,7,Open-Meteo Historical Weather API,ERA5
2023-07-24,US_WEST,"San Francisco, CA",18.186,13.2,26.1,0.0,0,0.0,0,0.0,0.0,19.8,43.6,0,0,0,7,Open-Meteo Historical Weather API,ERA5
2023-07-31,CA_ON,"Toronto, ON",20.429,12.7,28.4,9.2,2,0.0,0,9.2,17.0,20.6,42.8,0,0,0,7,Open-Meteo Historical Weather API,ERA5
2023-07-31,CA_PNW,"Vancouver, BC",20.071,13.3,26.8,0.0,0,0.0,0,0.0,0.0,10.3,27.4,0,0,0,7,Open-Meteo Historical Weather API,ERA5
2023-07-31,CA_PRAIRIE,"Calgary, AB",18.9,8.8,29.6,0.5,0,0.0,0,0.5,5.0,20.8,37.8,0,0,0,7,Open-Meteo Historical Weather API,ERA5
2023-07-31,CA_QC,"Montreal, QC",18.557,9.1,26.0,32.5,3,0.0,0,32.5,44.0,19.8,47.2,0,0,0,7,Open-Meteo Historical Weather API,ERA5
2023-07-31,US_MIDWEST,"Chicago, IL",22.414,16.7,27.8,13.2,2,0.0,0,13.2,25.0,27.4,46.1,0,0,0,7,Open-Meteo Historical Weather API,ERA5
2023-07-31,US_MTN,"Denver, CO",22.1,14.2,33.2,31.8,6,0.0,0,31.8,37.0,20.3,32.8,0,0,0,7,Open-Meteo Historical Weather API,ERA5
2023-07-31,US_NE,"New York, NY",23.114,17.8,27.7,0.9,0,0.0,0,0.9,7.0,18.8,35.6,0,0,0,7,Open-Meteo Historical Weather API,ERA5
2023-07-31,US_PNW,"Seattle, WA",20.486,14.7,27.4,2.6,2,0.0,0,2.6,12.0,11.2,28.8,0,0,0,7,Open-Meteo Historical Weather API,ERA5
2023-07-31,US_WEST,"San Francisco, CA",18.257,13.6,29.5,0.0,0,0.0,0,0.0,0.0,20.9,47.9,0,0,0,7,Open-Meteo Historical Weather API,ERA5
2023-08-07,CA_ON,"Toronto, ON",21.286,15.1,27.7,23.2,3,0.0,0,23.2,38.0,30.7,58.0,0,0,0,7,Open-Meteo Historical Weather API,ERA5
2023-08-07,CA_PNW,"Vancouver, BC",19.743,15.2,29.4,11.2,2,0.0,0,11.2,34.0,12.0,29.2,0,0,0,7,Open-Meteo Historical Weather API,ERA5
2023-08-07,CA_PRAIRIE,"Calgary, AB",17.329,8.1,29.3,7.1,2,0.0,0,7.1,17.0,15.8,41.4,0,0,0,7,Open-Meteo Historical Weather API,ERA5
2023-08-07,CA_QC,"Montreal, QC",19.943,12.9,26.7,97.4,6,0.0,0,97.4,67.0,24.2,50.4,0,0,0,7,Open-Meteo Historical Weather API,ERA5
2023-08-07,US_MIDWEST,"Chicago, IL",22.7,17.0,28.4,6.3,3,0.0,0,6.3,23.0,22.0,47.5,0,0,0,7,Open-Meteo Historical Weather API,ERA5
2023-08-07,US_MTN,"Denver, CO",21.543,12.0,32.4,1.3,1,0.0,0,1.3,5.0,18.5,39.6,0,0,0,7,Open-Meteo Historical Weather API,ERA5
2023-08-07,US_NE,"New York, NY",24.214,19.5,29.7,57.3,5,0.0,0,57.3,47.0,25.9,48.2,0,0,0,7,Open-Meteo Historical Weather API,ERA5
2023-08-07,US_PNW,"Seattle, WA",20.257,14.6,28.4,6.5,3,0.0,0,6.5,33.0,17.0,37.1,0,0,0,7,Open-Meteo Historical Weather API,ERA5
2023-08-07,US_WEST,"San Francisco, CA",19.0,14.4,28.1,0.1,0,0.0,0,0.1,1.0,19.1,45.0,0,0,0,7,Open-Meteo Historical Weather API,ERA5
2023-08-14,CA_ON,"Toronto, ON",20.071,12.6,28.2,18.7,3,0.0,0,18.7,40.0,30.0,56.9,0,0,0,7,Open-Meteo Historical Weather API,ERA5
2023-08-14,CA_PNW,"Vancouver, BC",21.4,11.8,30.0,0.0,0,0.0,0,0.0,0.0,11.8,33.8,0,0,0,7,Open-Meteo Historical Weather API,ERA5
2023-08-14,CA_PRAIRIE,"Calgary, AB",18.114,3.3,34.5,4.7,1,0.0,0,4.7,8.0,25.8,52.2,0,0,0,7,Open-Meteo Historical Weather API,ERA5
2023-08-14,CA_QC,"Montreal, QC",19.857,14.4,25.9,37.1,4,0.0,0,37.1,47.0,22.9,52.6,0,0,0,7,Open-Meteo Historical Weather API,ERA5
2023-08-14,US_MIDWEST,"Chicago, IL",21.2,15.2,28.6,31.6,3,0.0,0,31.6,30.0,31.1,61.9,0,0,0,7,Open-Meteo Historical Weather API,ERA5
2023-08-14,US_MTN,"Denver, CO",24.8,13.2,36.3,0.7,0,0.0,0,0.7,1.0,23.5,46.4,0,0,0,7,Open-Meteo Historical Weather API,ERA5
2023-08-14,US_NE,"New York, NY",23.686,17.8,28.7,41.3,4,0.0,0,41.3,42.0,20.5,39.2,0,0,0,7,Open-Meteo Historical Weather API,ERA5
2023-08-14,US_PNW,"Seattle, WA",21.614,12.5,31.2,0.0,0,0.0,0,0.0,0.0,17.1,39.2,0,0,0,7,Open-Meteo Historical Weather API,ERA5
2023-08-14,US_WEST,"San Francisco, CA",19.929,15.3,29.5,0.0,0,0.0,0,0.0,0.0,18.1,42.5,0,0,0,7,Open-Meteo Historical Weather API,ERA5
2023-08-21,CA_ON,"Toronto, ON",19.357,11.3,24.8,2.8,2,0.0,0,2.8,15.0,18.0,42.5,0,0,0,7,Open-Meteo Historical Weather API,ERA5
2023-08-21,CA_PNW,"Vancouver, BC",18.929,11.3,29.6,0.5,0,0.0,0,0.5,5.0,12.6,29.5,0,0,0,7,Open-Meteo Historical Weather API,ERA5
2023-08-21,CA_PRAIRIE,"Calgary, AB",16.129,6.6,28.3,15.0,2,0.0,0,15.0,33.0,22.9,46.8,0,0,0,7,Open-Meteo Historical Weather API,ERA5
2023-08-21,CA_QC,"Montreal, QC",18.314,9.9,24.9,20.5,3,0.0,0,20.5,40.0,19.1,33.8,0,0,0,7,Open-Meteo Historical Weather API,ERA5
2023-08-21,US_MIDWEST,"Chicago, IL",23.829,16.8,35.1,0.5,0,0.0,0,0.5,3.0,29.9,51.5,0,0,0,7,Open-Meteo Historical Weather API,ERA5
2023-08-21,US_MTN,"Denver, CO",23.886,14.3,37.2,12.4,1,0.0,0,12.4,20.0,26.0,44.6,0,0,0,7,Open-Meteo Historical Weather API,ERA5
2023-08-21,US_NE,"New York, NY",23.214,17.7,29.4,7.1,2,0.0,0,7.1,23.0,18.4,39.2,0,0,0,7,Open-Meteo Historical Weather API,ERA5
2023-08-21,US_PNW,"Seattle, WA",19.057,12.7,27.7,4.5,1,0.0,0,4.5,21.0,16.3,38.5,0,0,0,7,Open-Meteo Historical Weather API,ERA5
2023-08-21,US_WEST,"San Francisco, CA",20.586,14.3,31.3,1.4,1,0.0,0,1.4,3.0,22.7,47.5,0,0,0,7,Open-Meteo Historical Weather API,ERA5
2023-08-28,CA_ON,"Toronto, ON",18.1,9.2,29.7,5.6,1,0.0,0,5.6,7.0,24.7,47.5,0,0,0,7,Open-Meteo Historical Weather API,ERA5
2023-08-28,CA_PNW,"Vancouver, BC",17.786,14.2,25.6,17.7,3,0.0,0,17.7,52.0,13.8,36.7,0,0,0,7,Open-Meteo Historical Weather API,ERA5
2023-08-28,CA_PRAIRIE,"Calgary, AB",18.057,9.6,31.1,21.2,4,0.0,0,21.2,42.0,22.0,45.4,0,0,0,7,Open-Meteo Historical Weather API,ERA5
2023-08-28,CA_QC,"Montreal, QC",18.214,9.3,27.4,24.9,2,0.0,0,24.9,25.0,22.2,42.1,0,0,0,7,Open-Meteo Historical Weather API,ERA5
2023-08-28,US_MIDWEST,"Chicago, IL",21.157,12.6,32.4,0.6,0,0.0,0,0.6,3.0,24.7,46.1,0,0,0,7,Open-Meteo Historical Weather API,ERA5
2023-08-28,US_MTN,"Denver, CO",23.786,12.1,36.7,4.0,2,0.0,0,4.0,11.0,14.3,37.4,0,0,0,7,Open-Meteo Historical Weather API,ERA5
2023-08-28,US_NE,"New York, NY",22.157,15.4,30.5,5.3,1,0.0,0,5.3,16.0,18.5,39.6,0,0,0,7,Open-Meteo Historical Weather API,ERA5
2023-08-28,US_PNW,"Seattle, WA",18.2,14.7,26.2,20.4,3,0.0,0,20.4,50.0,20.5,46.8,0,0,0,7,Open-Meteo Historical Weather API,ERA5
2023-08-28,US_WEST,"San Francisco, CA",19.714,13.8,31.4,1.0,0,0.0,0,1.0,10.0,19.9,43.6,0,0,0,7,Open-Meteo Historical Weather API,ERA5
2023-09-04,CA_ON,"Toronto, ON",21.886,14.7,32.9,6.3,1,0.0,0,6.3,20.0,20.6,42.1,0,0,0,7,Open-Meteo Historical Weather API,ERA5
2023-09-04,CA_PNW,"Vancouver, BC",16.471,10.2,24.9,3.0,1,0.0,0,3.0,15.0,10.1,25.6,0,0,0,7,Open-Meteo Historical Weather API,ERA5
2023-09-04,CA_PRAIRIE,"Calgary, AB",11.943,4.3,22.6,8.3,2,0.0,0,8.3,28.0,19.5,44.3,0,0,0,7,Open-Meteo Historical Weather API,ERA5
2023-09-04,CA_QC,"Montreal, QC",21.957,14.5,31.3,26.4,3,0.0,0,26.4,41.0,18.6,42.1,0,0,0,7,Open-Meteo Historical Weather API,ERA5
2023-09-04,US_MIDWEST,"Chicago, IL",21.829,13.0,32.1,5.1,3,0.0,0,5.1,26.0,24.9,51.5,0,0,0,7,Open-Meteo Historical Weather API,ERA5
2023-09-04,US_MTN,"Denver, CO",21.286,11.7,32.9,11.4,1,0.0,0,11.4,12.0,18.0,40.3,0,0,0,7,Open-Meteo Historical Weather API,ERA5
2023-09-04,US_NE,"New York, NY",25.814,21.6,32.2,30.9,3,0.0,0,30.9,41.0,13.0,29.9,0,0,0,7,Open-Meteo Historical Weather API,ERA5
2023-09-04,US_PNW,"Seattle, WA",17.157,11.8,25.5,1.4,0,0.0,0,1.4,13.0,15.5,32.4,0,0,0,7,Open-Meteo Historical Weather API,ERA5
2023-09-04,US_WEST,"San Francisco, CA",18.329,12.5,26.4,0.0,0,0.0,0,0.0,0.0,16.9,39.2,0,0,0,7,Open-Meteo Historical Weather API,ERA5
2023-09-11,CA_ON,"Toronto, ON",16.457,7.3,22.9,9.6,2,0.0,0,9.6,21.0,19.6,41.0,0,0,0,7,Open-Meteo Historical Weather API,ERA5
2023-09-11,CA_PNW,"Vancouver, BC",16.886,10.7,25.0,3.1,1,0.0,0,3.1,14.0,10.5,28.1,0,0,0,7,Open-Meteo Historical Weather API,ERA5
2023-09-11,CA_PRAIRIE,"Calgary, AB",15.471,2.9,29.4,0.7,0,0.0,0,0.7,2.0,19.1,41.8,0,0,0,7,Open-Meteo Historical Weather API,ERA5
2023-09-11,CA_QC,"Montreal, QC",16.429,7.2,22.8,17.2,2,0.0,0,17.2,28.0,23.5,41.0,0,0,0,7,Open-Meteo Historical Weather API,ERA5
2023-09-11,US_MIDWEST,"Chicago, IL",16.871,12.0,23.3,33.8,3,0.0,0,33.8,45.0,25.0,38.5,0,0,0,7,Open-Meteo Historical Weather API,ERA5
2023-09-11,US_MTN,"Denver, CO",16.186,7.4,28.6,26.1,3,0.0,0,26.1,40.0,21.3,33.8,0,0,0,7,Open-Meteo Historical Weather API,ERA5
2023-09-11,US_NE,"New York, NY",21.271,14.3,28.0,31.9,3,0.0,0,31.9,41.0,19.7,41.8,0,0,0,7,Open-Meteo Historical Weather API,ERA5
2023-09-11,US_PNW,"Seattle, WA",17.429,11.6,25.7,0.7,0,0.0,0,0.7,3.0,12.4,28.4,0,0,0,7,Open-Meteo Historical Weather API,ERA5
2023-09-11,US_WEST,"San Francisco, CA",18.314,13.2,25.8,0.0,0,0.0,0,0.0,0.0,19.3,41.0,0,0,0,7,Open-Meteo Historical Weather API,ERA5
2023-09-18,CA_ON,"Toronto, ON",15.871,5.3,21.9,1.6,1,0.0,0,1.6,9.0,20.3,42.8,0,0,0,7,Open-Meteo Historical Weather API,ERA5
2023-09-18,CA_PNW,"Vancouver, BC",14.286,9.1,21.0,35.6,5,0.0,0,35.6,49.0,16.9,40.0,0,0,0,7,Open-Meteo Historical Weather API,ERA5
2023-09-18,CA_PRAIRIE,"Calgary, AB",10.557,2.6,21.2,7.0,2,0.0,0,7.0,16.0,22.8,52.2,0,0,0,7,Open-Meteo Historical Weather API,ERA5
2023-09-18,CA_QC,"Montreal, QC",14.914,7.0,22.7,10.9,2,0.0,0,10.9,29.0,17.7,37.1,0,0,0,7,Open-Meteo Historical Weather API,ERA5
2023-09-18,US_MIDWEST,"Chicago, IL",18.986,12.5,24.4,11.1,2,0.0,0,11.1,27.0,24.5,39.6,0,0,0,7,Open-Meteo Historical Weather API,ERA5
2023-09-18,US_MTN,"Denver, CO",18.2,5.7,28.7,0.6,0,0.0,0,0.6,4.0,16.8,29.2,0,0,0,7,Open-Meteo Historical Weather API,ERA5
2023-09-18,US_NE,"New York, NY",18.0,13.9,23.7,65.3,3,0.0,0,65.3,56.0,28.6,50.8,0,0,0,7,Open-Meteo Historical Weather API,ERA5
2023-09-18,US_PNW,"Seattle, WA",14.8,8.1,22.6,16.5,5,0.0,0,16.5,47.0,18.5,46.8,0,0,0,7,Open-Meteo Historical Weather API,ERA5
2023-09-18,US_WEST,"San Francisco, CA",17.243,12.5,23.1,0.0,0,0.0,0,0.0,0.0,17.9,42.1,0,0,0,7,Open-Meteo Historical Weather API,ERA5
2023-09-25,CA_ON,"Toronto, ON",16.986,11.8,25.0,1.0,1,0.0,0,1.0,4.0,24.6,48.6,0,0,0,7,Open-Meteo Historical Weather API,ERA5
2023-09-25,CA_PNW,"Vancouver, BC",12.886,7.9,16.7,91.6,4,0.0,0,91.6,87.0,20.2,60.5,0,0,0,7,Open-Meteo Historical Weather API,ERA5
2023-09-25,CA_PRAIRIE,"Calgary, AB",8.957,0.3,21.3,13.6,3,0.0,0,13.6,33.0,20.7,47.5,0,1,1,7,Open-Meteo Historical Weather API,ERA5
2023-09-25,CA_QC,"Montreal, QC",13.457,4.1,23.6,0.0,0,0.0,0,0.0,0.0,23.2,45.4,0,0,0,7,Open-Meteo Historical Weather API,ERA5
2023-09-25,US_MIDWEST,"Chicago, IL",19.029,14.7,26.2,29.3,3,0.0,0,29.3,51.0,19.6,38.5,0,0,0,7,Open-Meteo Historical Weather API,ERA5
2023-09-25,US_MTN,"Denver, CO",19.686,7.9,31.2,0.0,0,0.0,0,0.0,0.0,26.8,46.1,0,0,0,7,Open-Meteo Historical Weather API,ERA5
2023-09-25,US_NE,"New York, NY",16.057,11.4,23.9,68.6,5,0.0,0,68.6,69.0,22.2,43.6,0,0,0,7,Open-Meteo Historical Weather API,ERA5
2023-09-25,US_PNW,"Seattle, WA",13.029,7.2,18.5,48.7,4,0.0,0,48.7,84.0,21.0,54.7,0,0,0,7,Open-Meteo Historical Weather API,ERA5
2023-09-25,US_WEST,"San Francisco, CA",18.386,12.9,25.7,0.8,0,0.0,0,0.8,8.0,23.5,49.0,0,0,0,7,Open-Meteo Historical Weather API,ERA5
2023-10-02,CA_ON,"Toronto, ON",17.643,7.5,28.7,19.7,3,0.0,0,19.7,29.0,27.7,55.4,0,0,0,7,Open-Meteo Historical Weather API,ERA5
2023-10-02,CA_PNW,"Vancouver, BC",14.657,9.6,23.9,8.8,1,0.0,0,8.8,11.0,10.6,25.6,0,0,0,7,Open-Meteo Historical Weather API,ERA5
2023-10-02,CA_PRAIRIE,"Calgary, AB",9.2,-2.7,27.1,5.7,1,0.0,0,5.7,16.0,15.5,34.9,0,1,0,7,Open-Meteo Historical Weather API,ERA5
2023-10-02,CA_QC,"Montreal, QC",17.271,6.4,27.8,66.2,3,0.0,0,66.2,48.0,29.3,56.5,0,0,0,7,Open-Meteo Historical Weather API,ERA5
2023-10-02,US_MIDWEST,"Chicago, IL",16.671,7.3,27.4,9.6,2,0.0,0,9.6,16.0,31.3,52.6,0,0,0,7,Open-Meteo Historical Weather API,ERA5
2023-10-02,US_MTN,"Denver, CO",13.871,2.7,27.5,0.9,0,0.0,0,0.9,7.0,22.9,51.8,0,0,0,7,Open-Meteo Historical Weather API,ERA5
2023-10-02,US_NE,"New York, NY",18.757,10.5,27.2,26.6,2,0.0,0,26.6,41.0,23.9,47.9,0,0,0,7,Open-Meteo Historical Weather API,ERA5
2023-10-02,US_PNW,"Seattle, WA",15.186,10.5,24.7,13.4,1,0.0,0,13.4,17.0,15.1,34.6,0,0,0,7,Open-Meteo Historical Weather API,ERA5
2023-10-02,US_WEST,"San Francisco, CA",21.214,10.6,33.6,0.0,0,0.0,0,0.0,0.0,13.7,32.0,0,0,0,7,Open-Meteo Historical Weather API,ERA5
2023-10-09,CA_ON,"Toronto, ON",10.0,4.4,14.9,6.3,2,0.0,0,6.3,30.0,31.4,58.7,0,0,0,7,Open-Meteo Historical Weather API,ERA5
2023-10-09,CA_PNW,"Vancouver, BC",13.786,7.4,19.0,61.2,6,0.0,0,61.2,78.0,15.5,42.1,0,0,0,7,Open-Meteo Historical Weather API,ERA5
2023-10-09,CA_PRAIRIE,"Calgary, AB",9.357,1.3,25.8,13.5,2,0.0,0,13.5,42.0,20.6,41.8,0,0,0,7,Open-Meteo Historical Weather API,ERA5
2023-10-09,CA_QC,"Montreal, QC",10.014,6.2,15.8,13.5,3,0.0,0,13.5,52.0,26.4,48.6,0,0,0,7,Open-Meteo Historical Weather API,ERA5
2023-10-09,US_MIDWEST,"Chicago, IL",11.586,5.4,17.7,49.1,5,0.0,0,49.1,72.0,36.9,63.0,0,0,0,7,Open-Meteo Historical Weather API,ERA5
2023-10-09,US_MTN,"Denver, CO",11.443,0.2,26.2,6.7,2,0.0,0,6.7,13.0,22.2,48.6,0,0,0,7,Open-Meteo Historical Weather API,ERA5
2023-10-09,US_NE,"New York, NY",13.629,8.7,20.4,19.4,2,0.0,0,19.4,23.0,20.2,42.5,0,0,0,7,Open-Meteo Historical Weather API,ERA5
2023-10-09,US_PNW,"Seattle, WA",14.214,8.5,20.4,27.4,5,0.0,0,27.4,64.0,18.1,39.6,0,0,0,7,Open-Meteo Historical Weather API,ERA5
2023-10-09,US_WEST,"San Francisco, CA",17.6,10.1,24.7,1.5,0,0.0,0,1.5,12.0,17.3,40.3,0,0,0,7,Open-Meteo Historical Weather API,ERA5
2023-10-16,CA_ON,"Toronto, ON",10.9,4.2,16.1,6.7,2,0.0,0,6.7,20.0,29.9,58.0,0,0,0,7,Open-Meteo Historical Weather API,ERA5
2023-10-16,CA_PNW,"Vancouver, BC",12.943,8.5,15.9,90.7,4,0.0,0,90.7,80.0,18.4,47.2,0,0,0,7,Open-Meteo Historical Weather API,ERA5
2023-10-16,CA_PRAIRIE,"Calgary, AB",8.371,0.4,22.6,7.4,2,0.0,0,7.4,29.0,28.0,52.2,0,2,1,7,Open-Meteo Historical Weather API,ERA5
2023-10-16,CA_QC,"Montreal, QC",11.457,6.4,17.8,42.0,2,0.0,0,42.0,56.0,28.6,52.2,0,0,0,7,Open-Meteo Historical Weather API,ERA5
2023-10-16,US_MIDWEST,"Chicago, IL",11.129,5.2,18.0,11.9,3,0.0,0,11.9,34.0,28.0,50.8,0,0,0,7,Open-Meteo Historical Weather API,ERA5
2023-10-16,US_MTN,"Denver, CO",15.7,4.9,29.8,0.0,0,0.0,0,0.0,0.0,15.2,30.2,0,0,0,7,Open-Meteo Historical Weather API,ERA5
2023-10-16,US_NE,"New York, NY",13.957,8.7,17.7,28.3,2,0.0,0,28.3,34.0,24.2,49.7,0,0,0,7,Open-Meteo Historical Weather API,ERA5
2023-10-16,US_PNW,"Seattle, WA",13.371,8.8,20.2,23.2,3,0.0,0,23.2,26.0,19.7,46.1,0,0,0,7,Open-Meteo Historical Weather API,ERA5
2023-10-16,US_WEST,"San Francisco, CA",18.543,11.8,31.4,2.9,1,0.0,0,2.9,11.0,18.9,40.7,0,0,0,7,Open-Meteo Historical Weather API,ERA5
2023-10-23,CA_ON,"Toronto, ON",13.414,-1.5,22.3,10.3,3,0.0,0,10.3,38.0,26.1,44.6,0,0,0,7,Open-Meteo Historical Weather API,ERA5
2023-10-23,CA_PNW,"Vancouver, BC",6.586,-0.4,11.4,20.6,2,0.35,0,21.1,27.0,19.3,56.5,0,1,0,7,Open-Meteo Historical Weather API,ERA5
2023-10-23,CA_PRAIRIE,"Calgary, AB",-8.1,-18.3,3.2,0.2,0,10.01,2,14.5,49.0,18.9,35.3,0,7,0,7,Open-Meteo Historical Weather API,ERA5
2023-10-23,CA_QC,"Montreal, QC",11.6,1.5,19.0,23.0,4,0.0,0,23.0,41.0,26.6,52.6,0,1,0,7,Open-Meteo Historical Weather API,ERA5
2023-10-23,US_MIDWEST,"Chicago, IL",14.0,3.9,24.9,27.3,4,0.0,0,27.3,70.0,27.8,46.4,0,0,0,7,Open-Meteo Historical Weather API,ERA5
2023-10-23,US_MTN,"Denver, CO",6.229,-12.2,27.8,0.6,0,7.7,2,11.6,32.0,23.3,47.2,0,3,0,7,Open-Meteo Historical Weather API,ERA5
2023-10-23,US_NE,"New York, NY",15.086,8.1,24.5,9.9,1,0.0,0,9.9,15.0,17.5,38.9,0,0,0,7,Open-Meteo Historical Weather API,ERA5
2023-10-23,US_PNW,"Seattle, WA",7.3,0.7,13.1,22.2,3,0.0,0,22.2,43.0,20.8,40.3,0,1,0,7,Open-Meteo Historical Weather API,ERA5
2023-10-23,US_WEST,"San Francisco, CA",14.829,6.0,22.9,1.6,0,0.0,0,1.6,5.0,20.2,43.6,0,0,0,7,Open-Meteo Historical Weather API,ERA5
2023-10-30,CA_ON,"Toronto, ON",5.6,-1.0,14.0,7.6,2,0.0,0,7.6,24.0,28.3,53.6,0,4,1,7,Open-Meteo Historical Weather API,ERA5
2023-10-30,CA_PNW,"Vancouver, BC",9.743,2.1,16.0,113.6,5,0.0,0,113.6,90.0,21.1,49.7,0,0,0,7,Open-Meteo Historical Weather API,ERA5
2023-10-30,CA_PRAIRIE,"Calgary, AB",2.114,-6.6,12.1,0.0,0,0.49,0,0.7,7.0,15.7,32.0,0,6,0,7,Open-Meteo Historical Weather API,ERA5
2023-10-30,CA_QC,"Montreal, QC",3.343,-3.1,12.0,7.5,2,5.18,1,14.9,25.0,22.9,44.3,0,5,1,7,Open-Meteo Historical Weather API,ERA5
2023-10-30,US_MIDWEST,"Chicago, IL",5.629,-1.6,14.1,3.2,1,0.14,0,3.4,22.0,29.9,55.1,0,3,1,7,Open-Meteo Historical Weather API,ERA5
2023-10-30,US_MTN,"Denver, CO",6.029,-14.7,24.6,0.0,0,0.0,0,0.0,0.0,13.4,28.1,0,2,0,7,Open-Meteo Historical Weather API,ERA5
2023-10-30,US_NE,"New York, NY",9.343,1.5,17.0,9.8,2,0.0,0,9.8,32.0,18.9,41.8,0,0,0,7,Open-Meteo Historical Weather API,ERA5
2023-10-30,US_PNW,"Seattle, WA",10.643,1.7,16.9,67.9,5,0.0,0,67.9,64.0,24.8,57.2,0,0,0,7,Open-Meteo Historical Weather API,ERA5
2023-10-30,US_WEST,"San Francisco, CA",16.086,6.0,26.1,1.4,1,0.0,0,1.4,7.0,13.4,35.3,0,0,0,7,Open-Meteo Historical Weather API,ERA5
2023-11-06,CA_ON,"Toronto, ON",5.057,-2.6,13.3,15.2,3,0.49,0,15.9,24.0,31.6,68.4,0,3,1,7,Open-Meteo Historical Weather API,ERA5
2023-11-06,CA_PNW,"Vancouver, BC",8.843,5.6,11.3,113.1,7,0.0,0,113.1,106.0,27.0,83.9,0,0,0,7,Open-Meteo Historical Weather API,ERA5
2023-11-06,CA_PRAIRIE,"Calgary, AB",2.457,-3.1,10.5,2.2,1,0.21,0,2.5,12.0,30.8,65.9,0,7,1,7,Open-Meteo Historical Weather API,ERA5
2023-11-06,CA_QC,"Montreal, QC",1.771,-4.7,10.4,13.5,2,4.41,1,19.8,37.0,27.3,64.1,0,6,1,7,Open-Meteo Historical Weather API,ERA5
2023-11-06,US_MIDWEST,"Chicago, IL",8.871,0.0,19.3,20.3,2,0.0,0,20.3,22.0,34.1,60.5,0,0,0,7,Open-Meteo Historical Weather API,ERA5
2023-11-06,US_MTN,"Denver, CO",6.057,-6.6,24.2,9.3,1,2.24,1,12.5,21.0,15.6,29.9,0,4,1,7,Open-Meteo Historical Weather API,ERA5
2023-11-06,US_NE,"New York, NY",8.914,1.8,17.7,2.1,1,0.0,0,2.1,9.0,18.5,35.3,0,1,0,7,Open-Meteo Historical Weather API,ERA5
2023-11-06,US_PNW,"Seattle, WA",9.614,4.9,12.6,43.8,6,0.0,0,43.8,84.0,33.8,70.6,0,0,0,7,Open-Meteo Historical Weather API,ERA5
2023-11-06,US_WEST,"San Francisco, CA",14.314,7.1,22.0,1.9,1,0.0,0,1.9,13.0,15.0,38.5,0,0,0,7,Open-Meteo Historical Weather API,ERA5
2023-11-13,CA_ON,"Toronto, ON",5.886,-2.0,14.1,3.1,1,0.0,0,3.1,12.0,25.9,49.3,0,2,0,7,Open-Meteo Historical Weather API,ERA5
2023-11-13,CA_PNW,"Vancouver, BC",6.071,1.4,12.2,21.5,2,0.0,0,21.5,25.0,15.1,40.3,0,3,0,7,Open-Meteo Historical Weather API,ERA5
2023-11-13,CA_PRAIRIE,"Calgary, AB",2.886,-7.8,15.5,0.0,0,1.12,1,1.6,8.0,22.5,45.0,0,5,0,7,Open-Meteo Historical Weather API,ERA5
2023-11-13,CA_QC,"Montreal, QC",2.843,-6.6,13.5,11.2,2,1.05,0,12.7,25.0,27.7,46.8,0,5,1,7,Open-Meteo Historical Weather API,ERA5
2023-11-13,US_MIDWEST,"Chicago, IL",8.571,-0.4,17.3,1.4,1,0.0,0,1.4,8.0,30.8,54.7,0,0,0,7,Open-Meteo Historical Weather API,ERA5
2023-11-13,US_MTN,"Denver, CO",8.271,-1.2,21.6,1.6,0,0.0,0,1.6,10.0,16.1,29.9,0,0,0,7,Open-Meteo Historical Weather API,ERA5
2023-11-13,US_NE,"New York, NY",8.257,0.6,17.6,1.5,1,0.0,0,1.5,7.0,22.6,44.3,0,1,0,7,Open-Meteo Historical Weather API,ERA5
2023-11-13,US_PNW,"Seattle, WA",6.4,1.7,11.8,12.6,3,0.0,0,12.6,32.0,23.9,48.2,0,2,0,7,Open-Meteo Historical Weather API,ERA5
2023-11-13,US_WEST,"San Francisco, CA",15.429,9.1,21.8,25.1,4,0.0,0,25.1,50.0,22.2,48.2,0,0,0,7,Open-Meteo Historical Weather API,ERA5
2023-11-20,CA_ON,"Toronto, ON",1.6,-6.0,7.5,17.5,3,0.56,0,18.3,31.0,24.9,46.1,0,7,3,7,Open-Meteo Historical Weather API,ERA5
2023-11-20,CA_PNW,"Vancouver, BC",5.657,1.7,10.3,12.3,2,0.0,0,12.3,12.0,10.4,21.6,0,3,0,7,Open-Meteo Historical Weather API,ERA5
2023-11-20,CA_PRAIRIE,"Calgary, AB",-0.714,-11.2,10.8,0.0,0,2.45,1,3.5,18.0,22.9,46.8,0,6,0,7,Open-Meteo Historical Weather API,ERA5
2023-11-20,CA_QC,"Montreal, QC",-1.243,-10.0,4.3,6.9,1,9.17,2,20.0,24.0,22.9,43.9,0,7,1,7,Open-Meteo Historical Weather API,ERA5
2023-11-20,US_MIDWEST,"Chicago, IL",3.014,-1.6,8.3,19.7,2,2.24,1,22.9,31.0,28.6,50.0,0,5,0,7,Open-Meteo Historical Weather API,ERA5
2023-11-20,US_MTN,"Denver, CO",0.314,-10.1,20.9,1.4,1,5.11,2,8.7,40.0,22.0,47.5,0,6,1,7,Open-Meteo Historical Weather API,ERA5
2023-11-20,US_NE,"New York, NY",6.014,-0.9,11.8,36.6,3,0.0,0,36.6,25.0,27.9,64.8,0,3,1,7,Open-Meteo Historical Weather API,ERA5
2023-11-20,US_PNW,"Seattle, WA",5.786,-0.0,11.7,11.2,2,0.0,0,11.2,12.0,13.7,31.3,0,3,0,7,Open-Meteo Historical Weather API,ERA5
2023-11-20,US_WEST,"San Francisco, CA",11.514,5.0,20.2,0.0,0,0.0,0,0.0,0.0,14.6,31.3,0,0,0,7,Open-Meteo Historical Weather API,ERA5
2023-11-27,CA_ON,"Toronto, ON",1.286,-4.8,9.0,12.3,3,3.71,1,17.6,49.0,28.3,57.6,0,7,3,7,Open-Meteo Historical Weather API,ERA5
2023-11-27,CA_PNW,"Vancouver, BC",4.414,1.0,8.3,41.3,4,12.46,3,59.1,59.0,17.1,49.7,0,5,2,7,Open-Meteo Historical Weather API,ERA5
2023-11-27,CA_PRAIRIE,"Calgary, AB",-2.5,-10.6,8.5,0.1,0,0.42,0,0.7,5.0,19.1,34.9,0,7,0,7,Open-Meteo Historical Weather API,ERA5
2023-11-27,CA_QC,"Montreal, QC",0.529,-6.6,7.0,22.9,4,9.59,2,36.6,61.0,26.7,49.3,0,6,3,7,Open-Meteo Historical Weather API,ERA5
2023-11-27,US_MIDWEST,"Chicago, IL",1.171,-9.0,10.0,28.4,2,0.0,0,28.4,49.0,26.7,48.2,0,5,1,7,Open-Meteo Historical Weather API,ERA5
2023-11-27,US_MTN,"Denver, CO",-0.4,-10.4,14.1,0.6,0,2.1,1,3.6,10.0,21.6,42.8,0,7,0,7,Open-Meteo Historical Weather API,ERA5
2023-11-27,US_NE,"New York, NY",5.3,-2.7,11.5,20.3,3,0.0,0,20.3,30.0,27.5,59.4,0,3,0,7,Open-Meteo Historical Weather API,ERA5
2023-11-27,US_PNW,"Seattle, WA",5.314,0.4,12.0,47.3,4,0.0,0,47.3,69.0,29.6,82.4,0,4,1,7,Open-Meteo Historical Weather API,ERA5
2023-11-27,US_WEST,"San Francisco, CA",11.957,3.0,17.9,9.5,1,0.0,0,9.5,23.0,23.2,46.4,0,0,0,7,Open-Meteo Historical Weather API,ERA5
2023-12-04,CA_ON,"Toronto, ON",3.586,-3.6,12.4,8.5,2,2.17,0,11.6,28.0,20.8,38.5,0,5,0,7,Open-Meteo Historical Weather API,ERA5
2023-12-04,CA_PNW,"Vancouver, BC",6.314,2.0,11.8,108.4,6,11.9,1,125.4,101.0,16.3,47.2,0,2,1,7,Open-Meteo Historical Weather API,ERA5
2023-12-04,CA_PRAIRIE,"Calgary, AB",-0.9,-14.2,14.1,0.8,0,10.5,2,15.8,50.0,29.1,58.3,0,6,0,7,Open-Meteo Historical Weather API,ERA5
2023-12-04,CA_QC,"Montreal, QC",-5.3,-12.9,4.6,13.0,1,13.37,1,32.1,44.0,22.2,46.1,0,7,1,7,Open-Meteo Historical Weather API,ERA5
2023-12-04,US_MIDWEST,"Chicago, IL",4.671,-0.3,12.3,6.7,2,1.26,1,8.5,32.0,33.6,55.1,0,4,1,7,Open-Meteo Historical Weather API,ERA5
2023-12-04,US_MTN,"Denver, CO",3.357,-10.3,21.7,1.0,1,5.74,2,9.2,21.0,15.6,34.9,0,4,1,7,Open-Meteo Historical Weather API,ERA5
2023-12-04,US_NE,"New York, NY",5.729,-0.8,15.2,18.9,1,0.0,0,18.9,15.0,33.8,76.3,0,4,0,7,Open-Meteo Historical Weather API,ERA5
2023-12-04,US_PNW,"Seattle, WA",8.429,1.8,15.0,145.1,7,0.21,0,145.4,131.0,22.7,60.1,0,1,1,7,Open-Meteo Historical Weather API,ERA5
2023-12-04,US_WEST,"San Francisco, CA",11.029,2.6,17.5,6.0,2,0.0,0,6.0,16.0,23.5,45.7,0,0,0,7,Open-Meteo Historical Weather API,ERA5
2023-12-11,CA_ON,"Toronto, ON",3.257,-3.5,12.1,7.8,1,0.0,0,7.8,11.0,35.7,61.9,0,5,0,7,Open-Meteo Historical Weather API,ERA5
2023-12-11,CA_PNW,"Vancouver, BC",6.657,3.0,10.9,16.5,2,0.0,0,16.5,25.0,12.8,29.9,0,1,0,7,Open-Meteo Historical Weather API,ERA5
2023-12-11,CA_PRAIRIE,"Calgary, AB",-0.9,-9.6,9.8,0.1,0,2.8,1,4.1,16.0,17.7,34.9,0,7,0,7,Open-Meteo Historical Weather API,ERA5
2023-12-11,CA_QC,"Montreal, QC",0.386,-8.5,6.9,10.8,2,3.99,1,16.5,27.0,29.4,55.8,0,7,2,7,Open-Meteo Historical Weather API,ERA5
2023-12-11,US_MIDWEST,"Chicago, IL",3.043,-4.1,10.2,10.4,1,0.0,0,10.4,17.0,24.4,43.2,0,4,0,7,Open-Meteo Historical Weather API,ERA5
2023-12-11,US_MTN,"Denver, CO",1.214,-4.7,14.9,0.3,0,2.03,1,3.2,22.0,16.0,33.1,0,7,0,7,Open-Meteo Historical Weather API,ERA5
2023-12-11,US_NE,"New York, NY",5.414,-0.6,14.1,40.0,2,0.0,0,40.0,22.0,26.1,49.3,0,3,0,7,Open-Meteo Historical Weather API,ERA5
2023-12-11,US_PNW,"Seattle, WA",7.186,3.8,10.7,4.4,1,0.0,0,4.4,6.0,11.0,24.5,0,0,0,7,Open-Meteo Historical Weather API,ERA5
2023-12-11,US_WEST,"San Francisco, CA",10.186,4.8,18.4,5.5,1,0.0,0,5.5,8.0,12.9,31.7,0,0,0,7,Open-Meteo Historical Weather API,ERA5
2023-12-18,CA_ON,"Toronto, ON",0.871,-4.5,7.2,11.2,2,3.22,2,15.8,41.0,33.2,62.6,0,6,1,7,Open-Meteo Historical Weather API,ERA5
2023-12-18,CA_PNW,"Vancouver, BC",7.486,1.9,10.6,45.8,5,0.0,0,45.8,78.0,14.4,38.2,0,2,0,7,Open-Meteo Historical Weather API,ERA5
2023-12-18,CA_PRAIRIE,"Calgary, AB",-0.771,-15.9,9.9,0.4,0,1.47,1,2.5,10.0,23.1,47.5,0,7,0,7,Open-Meteo Historical Weather API,ERA5
2023-12-18,CA_QC,"Montreal, QC",-2.7,-12.8,8.2,50.4,1,0.42,0,51.0,32.0,26.9,53.3,0,6,0,7,Open-Meteo Historical Weather API,ERA5
2023-12-18,US_MIDWEST,"Chicago, IL",3.4,-6.9,10.5,14.8,2,0.0,0,14.8,32.0,38.4,73.4,0,4,0,7,Open-Meteo Historical Weather API,ERA5
2023-12-18,US_MTN,"Denver, CO",4.286,-6.7,18.0,2.5,1,3.22,1,7.1,15.0,16.9,34.2,0,3,0,7,Open-Meteo Historical Weather API,ERA5
2023-12-18,US_NE,"New York, NY",4.014,-3.6,16.0,69.3,1,0.0,0,69.3,21.0,45.7,98.3,1,5,0,7,Open-Meteo Historical Weather API,ERA5
2023-12-18,US_PNW,"Seattle, WA",6.714,1.6,10.5,26.0,3,0.0,0,26.0,34.0,18.5,37.1,0,2,0,7,Open-Meteo Historical Weather API,ERA5
2023-12-18,US_WEST,"San Francisco, CA",12.943,4.7,17.7,46.1,3,0.0,0,46.1,64.0,19.1,46.1,0,0,0,7,Open-Meteo Historical Weather API,ERA5
2023-12-25,CA_ON,"Toronto, ON",4.414,-1.1,7.6,24.6,3,1.47,1,26.7,53.0,15.5,29.2,0,3,0,7,Open-Meteo Historical Weather API,ERA5
2023-12-25,CA_PNW,"Vancouver, BC",9.457,5.9,13.3,76.6,6,0.0,0,76.6,111.0,22.3,63.0,0,0,0,7,Open-Meteo Historical Weather API,ERA5
2023-12-25,CA_PRAIRIE,"Calgary, AB",-0.243,-10.9,8.8,0.7,0,0.07,0,0.8,3.0,18.4,32.8,0,7,0,7,Open-Meteo Historical Weather API,ERA5
2023-12-25,CA_QC,"Montreal, QC",0.814,-5.9,6.3,11.0,3,1.89,1,13.7,46.0,15.4,28.1,0,7,3,7,Open-Meteo Historical Weather API,ERA5
2023-12-25,US_MIDWEST,"Chicago, IL",3.814,-1.9,11.6,17.4,3,1.26,1,19.2,63.0,30.1,50.4,0,5,2,7,Open-Meteo Historical Weather API,ERA5
2023-12-25,US_MTN,"Denver, CO",-0.414,-11.2,14.5,0.0,0,1.61,1,2.3,15.0,14.8,29.5,0,7,0,7,Open-Meteo Historical Weather API,ERA5
2023-12-25,US_NE,"New York, NY",7.071,4.0,11.4,30.4,2,0.0,0,30.4,39.0,20.1,38.2,0,1,0,7,Open-Meteo Historical Weather API,ERA5
2023-12-25,US_PNW,"Seattle, WA",9.514,5.4,14.2,24.8,5,0.0,0,24.8,49.0,19.6,57.6,0,0,0,7,Open-Meteo Historical Weather API,ERA5
2023-12-25,US_WEST,"San Francisco, CA",13.014,6.3,18.8,35.3,4,0.0,0,35.3,53.0,23.0,51.8,0,0,0,7,Open-Meteo Historical Weather API,ERA5
2024-01-01,CA_ON,"Toronto, ON",-1.243,-6.4,2.3,0.1,0,3.78,2,5.5,22.0,28.5,51.1,0,7,0,7,Open-Meteo Historical Weather API,ERA5
2024-01-01,CA_PNW,"Vancouver, BC",6.086,0.6,9.3,76.1,5,0.49,0,76.8,88.0,21.9,56.5,0,1,0,7,Open-Meteo Historical Weather API,ERA5
2024-01-01,CA_PRAIRIE,"Calgary, AB",-4.457,-19.3,3.9,0.9,0,6.51,3,10.2,33.0,19.7,38.9,0,7,0,7,Open-Meteo Historical Weather API,ERA5
2024-01-01,CA_QC,"Montreal, QC",-5.329,-13.4,1.8,0.0,0,7.28,1,10.4,36.0,22.8,43.2,0,7,0,7,Open-Meteo Historical Weather API,ERA5
2024-01-01,US_MIDWEST,"Chicago, IL",0.086,-3.2,2.1,0.4,0,4.69,1,7.1,26.0,27.3,47.9,0,7,0,7,Open-Meteo Historical Weather API,ERA5
2024-01-01,US_MTN,"Denver, CO",-0.229,-6.1,13.0,0.1,0,0.84,0,1.3,11.0,13.0,29.2,0,7,0,7,Open-Meteo Historical Weather API,ERA5
2024-01-01,US_NE,"New York, NY",2.1,-3.1,6.6,13.3,2,4.48,1,19.7,24.0,27.1,49.0,0,7,2,7,Open-Meteo Historical Weather API,ERA5
2024-01-01,US_PNW,"Seattle, WA",6.471,3.0,9.2,45.1,5,0.0,0,45.1,94.0,24.7,58.0,0,1,0,7,Open-Meteo Historical Weather API,ERA5
2024-01-01,US_WEST,"San Francisco, CA",10.629,3.4,17.3,20.0,3,0.0,0,20.0,20.0,29.3,63.0,0,0,0,7,Open-Meteo Historical Weather API,ERA5
2024-01-08,CA_ON,"Toronto, ON",0.386,-10.5,6.7,30.9,4,15.61,4,53.2,57.0,40.3,79.9,1,7,4,7,Open-Meteo Historical Weather API,ERA5
2024-01-08,CA_PNW,"Vancouver, BC",-1.671,-12.9,8.3,28.9,3,8.19,2,40.6,55.0,22.9,61.9,0,6,2,7,Open-Meteo Historical Weather API,ERA5
2024-01-08,CA_PRAIRIE,"Calgary, AB",-26.2,-42.9,-5.7,0.0,0,2.66,1,3.8,24.0,18.1,34.6,0,7,0,7,Open-Meteo Historical Weather API,ERA5
2024-01-08,CA_QC,"Montreal, QC",-4.143,-14.1,3.7,21.0,2,19.46,5,48.8,57.0,31.4,69.8,0,7,2,7,Open-Meteo Historical Weather API,ERA5
2024-01-08,US_MIDWEST,"Chicago, IL",-3.4,-23.0,2.2,15.2,2,30.87,3,59.3,77.0,40.4,68.4,1,7,2,7,Open-Meteo Historical Weather API,ERA5
2024-01-08,US_MTN,"Denver, CO",-7.714,-23.5,6.6,0.0,0,4.55,2,6.5,44.0,32.1,63.4,0,7,0,7,Open-Meteo Historical Weather API,ERA5
2024-01-08,US_NE,"New York, NY",5.771,-1.7,14.0,63.2,3,0.0,0,63.2,34.0,40.2,115.6,1,3,1,7,Open-Meteo Historical Weather API,ERA5
2024-01-08,US_PNW,"Seattle, WA",0.229,-10.1,9.4,38.9,4,1.82,1,41.5,80.0,31.2,70.9,0,5,2,7,Open-Meteo Historical Weather API,ERA5
2024-01-08,US_WEST,"San Francisco, CA",10.0,2.5,14.3,12.8,4,0.0,0,12.8,35.0,26.0,58.7,0,0,0,7,Open-Meteo Historical Weather API,ERA5
2024-01-15,CA_ON,"Toronto, ON",-9.614,-15.4,-1.3,0.0,0,1.33,0,1.9,17.0,29.1,56.5,0,7,0,7,Open-Meteo Historical Weather API,ERA5
2024-01-15,CA_PNW,"Vancouver, BC",1.686,-5.5,6.7,36.7,3,14.21,2,57.0,78.0,17.6,41.4,0,6,2,7,Open-Meteo Historical Weather API,ERA5
2024-01-15,CA_PRAIRIE,"Calgary, AB",-17.014,-38.3,-5.7,0.0,0,5.88,2,8.4,38.0,15.2,25.9,0,7,0,7,Open-Meteo Historical Weather API,ERA5
2024-01-15,CA_QC,"Montreal, QC",-11.1,-19.2,-4.9,0.0,0,2.45,1,3.5,15.0,22.6,42.1,0,7,0,7,Open-Meteo Historical Weather API,ERA5
2024-01-15,US_MIDWEST,"Chicago, IL",-13.457,-23.7,-5.5,0.0,0,3.85,1,5.5,28.0,31.3,55.1,0,7,0,7,Open-Meteo Historical Weather API,ERA5
2024-01-15,US_MTN,"Denver, CO",-5.786,-25.2,9.4,0.0,0,2.59,1,3.7,14.0,26.2,49.3,0,7,0,7,Open-Meteo Historical Weather API,ERA5
2024-01-15,US_NE,"New York, NY",-3.371,-7.2,-0.3,1.5,1,9.73,2,15.4,37.0,23.8,45.4,0,7,1,7,Open-Meteo Historical Weather API,ERA5
2024-01-15,US_PNW,"Seattle, WA",2.243,-5.9,8.1,50.7,5,0.21,0,51.0,77.0,17.7,41.4,0,5,4,7,Open-Meteo Historical Weather API,ERA5
2024-01-15,US_WEST,"San Francisco, CA",12.229,8.3,16.9,29.5,4,0.0,0,29.5,54.0,21.4,46.1,0,0,0,7,Open-Meteo Historical Weather API,ERA5
2024-01-22,CA_ON,"Toronto, ON",1.071,-6.9,5.0,33.0,3,6.79,1,42.6,64.0,23.0,41.0,0,7,3,7,Open-Meteo Historical Weather API,ERA5
2024-01-22,CA_PNW,"Vancouver, BC",8.214,6.2,12.3,166.1,7,0.0,0,166.1,155.0,14.6,39.2,0,0,0,7,Open-Meteo Historical Weather API,ERA5
2024-01-22,CA_PRAIRIE,"Calgary, AB",-1.786,-15.6,8.0,0.2,0,0.0,0,0.2,2.0,22.3,36.0,0,7,0,7,Open-Meteo Historical Weather API,ERA5
2024-01-22,CA_QC,"Montreal, QC",-2.843,-13.4,1.3,9.5,3,9.66,2,23.3,40.0,26.4,49.0,0,7,3,7,Open-Meteo Historical Weather API,ERA5
2024-01-22,US_MIDWEST,"Chicago, IL",1.214,-6.8,3.4,43.6,7,1.82,1,46.1,87.0,27.0,46.1,0,7,7,7,Open-Meteo Historical Weather API,ERA5
2024-01-22,US_MTN,"Denver, CO",3.871,-3.0,16.7,0.2,0,0.63,0,1.1,9.0,13.2,26.3,0,6,0,7,Open-Meteo Historical Weather API,ERA5
2024-01-22,US_NE,"New York, NY",4.129,-5.8,11.9,38.4,4,0.0,0,38.4,69.0,20.4,46.1,0,4,2,7,Open-Meteo Historical Weather API,ERA5
2024-01-22,US_PNW,"Seattle, WA",9.457,5.3,14.7,80.8,7,0.0,0,80.8,120.0,17.9,40.3,0,0,0,7,Open-Meteo Historical Weather API,ERA5
2024-01-22,US_WEST,"San Francisco, CA",13.586,9.8,19.2,26.5,2,0.0,0,26.5,39.0,24.1,49.3,0,0,0,7,Open-Meteo Historical Weather API,ERA5
2024-01-29,CA_ON,"Toronto, ON",0.929,-4.4,4.7,0.3,0,0.14,0,0.5,5.0,19.8,37.8,0,7,0,7,Open-Meteo Historical Weather API,ERA5
2024-01-29,CA_PNW,"Vancouver, BC",9.814,3.7,15.4,63.4,5,0.0,0,63.4,95.0,18.4,54.4,0,0,0,7,Open-Meteo Historical Weather API,ERA5
2024-01-29,CA_PRAIRIE,"Calgary, AB",3.071,-8.7,13.4,1.1,1,4.55,1,7.6,35.0,20.9,41.8,0,5,1,7,Open-Meteo Historical Weather API,ERA5
2024-01-29,CA_QC,"Montreal, QC",-3.8,-10.7,1.6,3.3,1,0.56,0,4.1,19.0,18.6,36.0,0,7,1,7,Open-Meteo Historical Weather API,ERA5
2024-01-29,US_MIDWEST,"Chicago, IL",1.743,-0.9,9.2,0.8,0,0.0,0,0.8,3.0,24.1,39.2,0,7,0,7,Open-Meteo Historical Weather API,ERA5
2024-01-29,US_MTN,"Denver, CO",4.814,-6.3,17.9,8.5,1,12.81,1,26.8,30.0,13.3,29.9,0,2,1,7,Open-Meteo Historical Weather API,ERA5
2024-01-29,US_NE,"New York, NY",2.814,-1.6,7.1,8.3,2,0.0,0,8.3,26.0,21.4,42.8,0,7,2,7,Open-Meteo Historical Weather API,ERA5
2024-01-29,US_PNW,"Seattle, WA",9.729,3.9,15.4,17.0,2,0.0,0,17.0,37.0,18.9,35.6,0,0,0,7,Open-Meteo Historical Weather API,ERA5
2024-01-29,US_WEST,"San Francisco, CA",12.814,8.3,20.4,84.6,5,0.0,0,84.6,94.0,43.0,105.8,1,0,0,7,Open-Meteo Historical Weather API,ERA5
2024-02-05,CA_ON,"Toronto, ON",2.714,-5.3,14.3,0.0,0,0.0,0,0.0,0.0,29.0,49.3,0,5,0,7,Open-Meteo Historical Weather API,ERA5
2024-02-05,CA_PNW,"Vancouver, BC",5.586,2.4,8.6,26.2,2,0.14,0,26.4,42.0,11.5,25.6,0,1,0,7,Open-Meteo Historical Weather API,ERA5
2024-02-05,CA_PRAIRIE,"Calgary, AB",-6.586,-17.9,1.5,0.0,0,1.4,0,2.0,14.0,14.6,23.8,0,7,0,7,Open-Meteo Historical Weather API,ERA5
2024-02-05,CA_QC,"Montreal, QC",-0.7,-11.0,8.2,3.4,2,0.21,0,3.7,16.0,22.3,40.7,0,6,1,7,Open-Meteo Historical Weather API,ERA5
2024-02-05,US_MIDWEST,"Chicago, IL",3.143,-2.5,12.9,2.1,1,0.0,0,2.1,6.0,34.2,66.2,0,5,0,7,Open-Meteo Historical Weather API,ERA5
2024-02-05,US_MTN,"Denver, CO",0.186,-11.3,10.9,3.3,1,2.73,1,7.2,33.0,18.7,33.8,0,7,1,7,Open-Meteo Historical Weather API,ERA5
2024-02-05,US_NE,"New York, NY",4.043,-2.6,11.6,0.0,0,0.0,0,0.0,0.0,15.1,31.0,0,4,0,7,Open-Meteo Historical Weather API,ERA5
2024-02-05,US_PNW,"Seattle, WA",6.586,3.3,10.7,23.7,5,0.0,0,23.7,81.0,19.1,45.0,0,0,0,7,Open-Meteo Historical Weather API,ERA5
2024-02-05,US_WEST,"San Francisco, CA",10.371,4.2,16.7,19.0,3,0.0,0,19.0,44.0,27.3,56.9,0,0,0,7,Open-Meteo Historical Weather API,ERA5
2024-02-12,CA_ON,"Toronto, ON",-2.771,-8.9,3.6,0.0,0,4.62,1,6.6,18.0,33.2,63.7,0,7,0,7,Open-Meteo Historical Weather API,ERA5
2024-02-12,CA_PNW,"Vancouver, BC",5.971,1.4,11.0,6.1,1,0.0,0,6.1,14.0,21.3,54.4,0,3,0,7,Open-Meteo Historical Weather API,ERA5
2024-02-12,CA_PRAIRIE,"Calgary, AB",-8.257,-20.0,3.8,0.0,0,2.31,1,3.1,20.0,15.7,42.1,0,7,0,7,Open-Meteo Historical Weather API,ERA5
2024-02-12,CA_QC,"Montreal, QC",-6.143,-18.4,1.7,0.1,0,6.65,2,9.6,43.0,29.1,57.6,0,7,0,7,Open-Meteo Historical Weather API,ERA5
2024-02-12,US_MIDWEST,"Chicago, IL",-0.4,-10.2,6.1,4.8,1,0.21,0,5.1,10.0,36.5,59.8,0,7,1,7,Open-Meteo Historical Weather API,ERA5
2024-02-12,US_MTN,"Denver, CO",-0.171,-13.5,12.6,0.4,0,5.04,2,7.6,23.0,18.4,41.4,0,7,0,7,Open-Meteo Historical Weather API,ERA5
2024-02-12,US_NE,"New York, NY",1.186,-7.7,6.1,2.5,1,20.37,2,31.6,32.0,27.5,50.0,0,7,1,7,Open-Meteo Historical Weather API,ERA5
2024-02-12,US_PNW,"Seattle, WA",6.4,0.5,10.8,12.0,4,2.59,1,15.7,51.0,19.2,40.3,0,1,1,7,Open-Meteo Historical Weather API,ERA5
2024-02-12,US_WEST,"San Francisco, CA",12.314,6.7,19.6,34.2,3,0.0,0,34.2,41.0,26.5,59.0,0,0,0,7,Open-Meteo Historical Weather API,ERA5
2024-02-19,CA_ON,"Toronto, ON",-0.743,-14.4,10.9,1.9,1,0.0,0,1.9,6.0,26.6,52.6,0,6,0,7,Open-Meteo Historical Weather API,ERA5
2024-02-19,CA_PNW,"Vancouver, BC",8.014,3.4,11.7,47.4,6,0.0,0,47.4,104.0,24.9,64.4,0,0,0,7,Open-Meteo Historical Weather API,ERA5
2024-02-19,CA_PRAIRIE,"Calgary, AB",-1.171,-9.8,8.6,0.1,0,1.89,1,2.8,16.0,26.0,41.8,0,7,0,7,Open-Meteo Historical Weather API,ERA5
2024-02-19,CA_QC,"Montreal, QC",-6.586,-18.5,5.8,1.6,1,0.7,0,2.6,12.0,22.4,41.0,0,7,1,7,Open-Meteo Historical Weather API,ERA5
2024-02-19,US_MIDWEST,"Chicago, IL",3.957,-5.3,14.8,0.1,0,1.61,1,2.4,9.0,36.0,61.6,0,4,0,7,Open-Meteo Historical Weather API,ERA5
2024-02-19,US_MTN,"Denver, CO",6.629,-3.8,20.0,2.8,2,0.21,0,3.1,14.0,18.9,38.5,0,3,1,7,Open-Meteo Historical Weather API,ERA5
2024-02-19,US_NE,"New York, NY",1.529,-5.2,7.7,6.6,2,0.0,0,6.6,24.0,15.9,31.7,0,6,1,7,Open-Meteo Historical Weather API,ERA5
2024-02-19,US_PNW,"Seattle, WA",7.9,3.7,13.2,35.9,5,0.98,0,37.3,95.0,28.1,58.7,0,0,0,7,Open-Meteo Historical Weather API,ERA5
2024-02-19,US_WEST,"San Francisco, CA",12.971,7.5,21.1,27.2,3,0.0,0,27.2,51.0,33.8,66.2,0,0,0,7,Open-Meteo Historical Weather API,ERA5
2024-02-26,CA_ON,"Toronto, ON",3.257,-8.9,14.3,10.9,2,0.0,0,10.9,15.0,38.8,70.6,0,3,0,7,Open-Meteo Historical Weather API,ERA5
2024-02-26,CA_PNW,"Vancouver, BC",3.529,-1.4,8.5,72.6,6,29.61,6,114.9,128.0,22.5,56.2,0,6,5,7,Open-Meteo Historical Weather API,ERA5
2024-02-26,CA_PRAIRIE,"Calgary, AB",-13.4,-26.7,7.0,0.3,0,9.59,3,14.0,63.0,29.6,59.4,0,7,0,7,Open-Meteo Historical Weather API,ERA5
2024-02-26,CA_QC,"Montreal, QC",-0.157,-15.4,13.5,11.4,2,1.05,0,12.9,31.0,45.2,88.9,1,6,1,7,Open-Meteo Historical Weather API,ERA5
2024-02-26,US_MIDWEST,"Chicago, IL",6.257,-6.5,19.7,4.2,1,0.21,0,4.5,8.0,37.0,63.7,0,3,0,7,Open-Meteo Historical Weather API,ERA5
2024-02-26,US_MTN,"Denver, CO",5.414,-12.8,20.3,2.3,1,5.81,1,10.6,24.0,21.3,45.0,0,3,0,7,Open-Meteo Historical Weather API,ERA5
2024-02-26,US_NE,"New York, NY",6.757,-2.1,19.0,49.6,4,0.0,0,49.6,50.0,32.4,72.4,0,3,1,7,Open-Meteo Historical Weather API,ERA5
2024-02-26,US_PNW,"Seattle, WA",4.829,-0.2,10.1,72.5,7,5.46,1,80.3,135.0,26.6,60.1,0,5,5,7,Open-Meteo Historical Weather API,ERA5
2024-02-26,US_WEST,"San Francisco, CA",11.614,5.8,18.7,34.7,4,0.0,0,34.7,78.0,34.5,69.8,0,0,0,7,Open-Meteo Historical Weather API,ERA5
2024-03-04,CA_ON,"Toronto, ON",6.357,-1.7,15.7,18.7,2,0.0,0,18.7,30.0,34.1,71.3,0,1,0,7,Open-Meteo Historical Weather API,ERA5
2024-03-04,CA_PNW,"Vancouver, BC",4.086,-1.9,9.2,48.4,3,5.53,2,56.3,79.0,23.7,66.2,0,4,0,7,Open-Meteo Historical Weather API,ERA5
2024-03-04,CA_PRAIRIE,"Calgary, AB",-9.643,-24.9,9.8,0.0,0,0.42,0,0.6,6.0,22.2,37.8,0,7,0,7,Open-Meteo Historical Weather API,ERA5
2024-03-04,CA_QC,"Montreal, QC",3.643,-3.7,12.3,19.8,3,16.94,2,44.0,60.0,28.9,55.8,0,6,3,7,Open-Meteo Historical Weather API,ERA5
2024-03-04,US_MIDWEST,"Chicago, IL",5.357,-0.6,18.7,40.4,3,0.0,0,40.4,41.0,29.1,67.3,0,6,2,7,Open-Meteo Historical Weather API,ERA5
2024-03-04,US_MTN,"Denver, CO",3.4,-5.1,19.1,1.6,1,3.15,1,6.1,33.0,20.6,42.5,0,5,0,7,Open-Meteo Historical Weather API,ERA5
2024-03-04,US_NE,"New York, NY",7.6,3.6,12.1,89.3,5,0.0,0,89.3,50.0,26.4,74.5,0,0,0,7,Open-Meteo Historical Weather API,ERA5
2024-03-04,US_PNW,"Seattle, WA",5.571,0.3,12.0,17.4,3,0.49,0,18.1,58.0,26.4,69.5,0,4,1,7,Open-Meteo Historical Weather API,ERA5
2024-03-04,US_WEST,"San Francisco, CA",12.243,7.0,18.3,7.2,2,0.0,0,7.2,33.0,20.6,43.2,0,0,0,7,Open-Meteo Historical Weather API,ERA5
2024-03-11,CA_ON,"Toronto, ON",6.029,-1.0,19.9,20.3,2,0.0,0,20.3,20.0,28.8,59.0,0,3,1,7,Open-Meteo Historical Weather API,ERA5
2024-03-11,CA_PNW,"Vancouver, BC",8.6,2.0,19.5,34.6,3,0.14,0,34.8,53.0,18.0,46.4,0,0,0,7,Open-Meteo Historical Weather API,ERA5
2024-03-11,CA_PRAIRIE,"Calgary, AB",3.4,-5.7,17.0,0.4,0,0.07,0,0.5,5.0,17.9,34.6,0,4,0,7,Open-Meteo Historical Weather API,ERA5
2024-03-11,CA_QC,"Montreal, QC",3.171,-4.1,11.9,16.8,3,0.77,0,17.9,45.0,33.3,68.4,0,5,2,7,Open-Meteo Historical Weather API,ERA5
2024-03-11,US_MIDWEST,"Chicago, IL",7.386,-0.6,18.2,14.3,2,0.0,0,14.3,25.0,34.6,59.8,0,2,0,7,Open-Meteo Historical Weather API,ERA5
2024-03-11,US_MTN,"Denver, CO",4.214,-4.1,16.1,11.0,2,29.82,2,53.6,51.0,20.5,41.4,0,4,1,7,Open-Meteo Historical Weather API,ERA5
2024-03-11,US_NE,"New York, NY",10.614,2.8,19.8,1.3,1,0.0,0,1.3,8.0,41.1,70.6,1,0,0,7,Open-Meteo Historical Weather API,ERA5
2024-03-11,US_PNW,"Seattle, WA",9.114,2.1,20.5,13.9,2,0.0,0,13.9,40.0,21.3,46.1,0,0,0,7,Open-Meteo Historical Weather API,ERA5
2024-03-11,US_WEST,"San Francisco, CA",14.329,7.8,22.9,6.0,2,0.0,0,6.0,15.0,28.2,58.0,0,0,0,7,Open-Meteo Historical Weather API,ERA5
2024-03-18,CA_ON,"Toronto, ON",-2.443,-8.5,2.1,0.9,0,6.58,3,10.3,36.0,33.4,64.4,0,7,0,7,Open-Meteo Historical Weather API,ERA5
2024-03-18,CA_PNW,"Vancouver, BC",9.486,4.0,16.5,12.5,2,0.0,0,12.5,43.0,10.3,29.5,0,0,0,7,Open-Meteo Historical Weather API,ERA5
2024-03-18,CA_PRAIRIE,"Calgary, AB",-4.229,-11.3,16.2,0.1,0,14.91,3,21.3,94.0,18.0,36.4,0,6,0,7,Open-Meteo Historical Weather API,ERA5
2024-03-18,CA_QC,"Montreal, QC",-3.143,-11.8,3.6,2.9,2,6.65,2,12.3,45.0,33.6,64.4,0,7,2,7,Open-Meteo Historical Weather API,ERA5
2024-03-18,US_MIDWEST,"Chicago, IL",1.343,-3.1,11.6,0.2,0,4.62,1,6.8,19.0,33.4,60.1,0,7,0,7,Open-Meteo Historical Weather API,ERA5
2024-03-18,US_MTN,"Denver, CO",6.171,-4.9,19.0,6.9,1,3.08,1,11.3,14.0,27.4,49.3,0,4,1,7,Open-Meteo Historical Weather API,ERA5
2024-03-18,US_NE,"New York, NY",4.586,-2.1,11.1,59.3,2,0.0,0,59.3,21.0,32.0,69.8,0,4,0,7,Open-Meteo Historical Weather API,ERA5
2024-03-18,US_PNW,"Seattle, WA",10.286,5.7,17.2,12.8,4,0.0,0,12.8,47.0,13.9,27.4,0,0,0,7,Open-Meteo Historical Weather API,ERA5
2024-03-18,US_WEST,"San Francisco, CA",13.343,8.6,19.4,20.5,3,0.0,0,20.5,41.0,24.1,54.0,0,0,0,7,Open-Meteo Historical Weather API,ERA5
2024-03-25,CA_ON,"Toronto, ON",4.571,-2.5,9.6,10.5,2,0.07,0,10.6,15.0,22.7,44.3,0,5,0,7,Open-Meteo Historical Weather API,ERA5
2024-03-25,CA_PNW,"Vancouver, BC",8.243,3.1,13.4,35.8,5,0.0,0,35.8,74.0,16.6,51.1,0,0,0,7,Open-Meteo Historical Weather API,ERA5
2024-03-25,CA_PRAIRIE,"Calgary, AB",-5.371,-16.5,4.9,0.1,0,2.66,1,3.9,31.0,17.9,32.8,0,7,0,7,Open-Meteo Historical Weather API,ERA5
2024-03-25,CA_QC,"Montreal, QC",4.514,-7.8,12.5,3.2,1,0.0,0,3.2,7.0,28.9,55.8,0,4,0,7,Open-Meteo Historical Weather API,ERA5
2024-03-25,US_MIDWEST,"Chicago, IL",5.257,-1.7,13.6,34.8,5,0.0,0,34.8,43.0,36.2,63.0,0,4,2,7,Open-Meteo Historical Weather API,ERA5
2024-03-25,US_MTN,"Denver, CO",4.571,-11.6,18.7,3.9,1,1.75,1,6.4,23.0,20.3,42.1,0,3,0,7,Open-Meteo Historical Weather API,ERA5
2024-03-25,US_NE,"New York, NY",7.843,1.2,14.5,27.8,3,0.0,0,27.8,38.0,30.2,56.2,0,0,0,7,Open-Meteo Historical Weather API,ERA5
2024-03-25,US_PNW,"Seattle, WA",9.171,4.7,14.7,23.8,4,0.0,0,23.8,65.0,19.6,53.3,0,0,0,7,Open-Meteo Historical Weather API,ERA5
2024-03-25,US_WEST,"San Francisco, CA",12.343,8.2,17.9,29.4,4,0.0,0,29.4,48.0,24.6,56.2,0,0,0,7,Open-Meteo Historical Weather API,ERA5
2024-04-01,CA_ON,"Toronto, ON",5.414,-0.1,13.3,29.4,3,6.37,2,38.5,70.0,37.6,72.7,0,2,1,7,Open-Meteo Historical Weather API,ERA5
2024-04-01,CA_PNW,"Vancouver, BC",8.586,3.4,14.2,20.0,4,0.0,0,20.0,52.0,13.6,42.1,0,0,0,7,Open-Meteo Historical Weather API,ERA5
2024-04-01,CA_PRAIRIE,"Calgary, AB",3.314,-2.1,15.6,2.6,1,10.15,2,17.1,52.0,23.4,49.3,0,5,0,7,Open-Meteo Historical Weather API,ERA5
2024-04-01,CA_QC,"Montreal, QC",3.443,-5.4,13.6,6.2,3,19.32,3,33.8,55.0,32.8,60.5,0,6,2,7,Open-Meteo Historical Weather API,ERA5
2024-04-01,US_MIDWEST,"Chicago, IL",4.214,1.1,8.5,42.1,5,3.64,1,47.3,76.0,30.4,56.2,0,6,4,7,Open-Meteo Historical Weather API,ERA5
2024-04-01,US_MTN,"Denver, CO",9.743,-0.2,23.5,9.9,1,0.77,0,11.0,26.0,39.4,90.4,0,0,0,7,Open-Meteo Historical Weather API,ERA5
2024-04-01,US_NE,"New York, NY",7.314,3.4,13.5,58.7,4,0.0,0,58.7,54.0,34.6,70.6,0,0,0,7,Open-Meteo Historical Weather API,ERA5
2024-04-01,US_PNW,"Seattle, WA",9.043,4.8,18.6,11.4,4,0.0,0,11.4,49.0,18.2,45.7,0,0,0,7,Open-Meteo Historical Weather API,ERA5
2024-04-01,US_WEST,"San Francisco, CA",11.743,4.3,21.4,13.1,2,0.0,0,13.1,29.0,23.2,52.6,0,0,0,7,Open-Meteo Historical Weather API,ERA5
2024-04-08,CA_ON,"Toronto, ON",9.314,2.5,18.1,49.8,6,0.0,0,49.8,63.0,34.8,68.8,0,0,0,7,Open-Meteo Historical Weather API,ERA5
2024-04-08,CA_PNW,"Vancouver, BC",8.957,3.4,15.5,48.3,4,0.0,0,48.3,52.0,18.4,38.5,0,0,0,7,Open-Meteo Historical Weather API,ERA5
2024-04-08,CA_PRAIRIE,"Calgary, AB",5.914,-3.1,17.1,2.1,1,0.0,0,2.1,8.0,22.5,43.6,0,3,1,7,Open-Meteo Historical Weather API,ERA5
2024-04-08,CA_QC,"Montreal, QC",9.571,-0.7,20.2,67.8,5,0.0,0,67.8,68.0,35.8,72.0,0,0,0,7,Open-Meteo Historical Weather API,ERA5
2024-04-08,US_MIDWEST,"Chicago, IL",11.957,4.7,22.3,6.4,2,0.0,0,6.4,22.0,34.0,65.9,0,0,0,7,Open-Meteo Historical Weather API,ERA5
2024-04-08,US_MTN,"Denver, CO",11.257,-1.4,26.7,3.7,2,0.0,0,3.7,17.0,20.9,38.5,0,0,0,7,Open-Meteo Historical Weather API,ERA5
2024-04-08,US_NE,"New York, NY",13.014,4.6,23.9,25.6,3,0.0,0,25.6,40.0,34.2,72.4,0,0,0,7,Open-Meteo Historical Weather API,ERA5
2024-04-08,US_PNW,"Seattle, WA",10.129,4.2,18.2,13.6,3,0.0,0,13.6,43.0,22.5,46.4,0,0,0,7,Open-Meteo Historical Weather API,ERA5
2024-04-08,US_WEST,"San Francisco, CA",13.614,7.3,23.9,18.1,2,0.0,0,18.1,27.0,22.7,46.4,0,0,0,7,Open-Meteo Historical Weather API,ERA5
2024-04-15,CA_ON,"Toronto, ON",8.429,2.4,16.1,16.4,3,0.0,0,16.4,32.0,31.0,58.7,0,0,0,7,Open-Meteo Historical Weather API,ERA5
2024-04-15,CA_PNW,"Vancouver, BC",9.471,0.9,18.8,9.1,3,0.0,0,9.1,31.0,18.3,43.9,0,0,0,7,Open-Meteo Historical Weather API,ERA5
2024-04-15,CA_PRAIRIE,"Calgary, AB",2.114,-7.8,16.6,3.4,2,4.06,1,9.2,35.0,32.3,64.1,0,5,1,7,Open-Meteo Historical Weather API,ERA5
2024-04-15,CA_QC,"Montreal, QC",7.514,-0.5,13.9,11.9,3,0.0,0,11.9,31.0,26.2,54.4,0,0,0,7,Open-Meteo Historical Weather API,ERA5
2024-04-15,US_MIDWEST,"Chicago, IL",10.214,1.3,19.4,22.2,3,0.0,0,22.2,19.0,36.3,61.2,0,1,0,7,Open-Meteo Historical Weather API,ERA5
2024-04-15,US_MTN,"Denver, CO",7.543,-2.6,22.8,9.2,2,8.68,2,21.6,59.0,28.7,58.3,0,3,1,7,Open-Meteo Historical Weather API,ERA5
2024-04-15,US_NE,"New York, NY",12.071,5.8,23.9,10.0,4,0.0,0,10.0,30.0,21.4,39.2,0,0,0,7,Open-Meteo Historical Weather API,ERA5
2024-04-15,US_PNW,"Seattle, WA",10.186,2.3,21.5,8.5,4,0.0,0,8.5,38.0,24.8,55.8,0,0,0,7,Open-Meteo Historical Weather API,ERA5
2024-04-15,US_WEST,"San Francisco, CA",15.186,9.3,24.1,0.0,0,0.0,0,0.0,0.0,16.6,37.8,0,0,0,7,Open-Meteo Historical Weather API,ERA5
2024-04-22,CA_ON,"Toronto, ON",8.857,-2.0,20.8,12.4,3,0.0,0,12.4,27.0,32.1,56.9,0,1,0,7,Open-Meteo Historical Weather API,ERA5
2024-04-22,CA_PNW,"Vancouver, BC",10.257,4.2,18.0,65.4,5,0.0,0,65.4,102.0,13.7,40.0,0,0,0,7,Open-Meteo Historical Weather API,ERA5
2024-04-22,CA_PRAIRIE,"Calgary, AB",8.343,-1.0,17.6,2.3,0,0.0,0,2.3,12.0,23.1,53.6,0,0,0,7,Open-Meteo Historical Weather API,ERA5
2024-04-22,CA_QC,"Montreal, QC",7.629,-5.2,19.8,15.1,2,0.0,0,15.1,26.0,25.5,49.7,0,2,0,7,Open-Meteo Historical Weather API,ERA5
2024-04-22,US_MIDWEST,"Chicago, IL",11.171,-0.7,22.7,33.3,4,0.0,0,33.3,43.0,36.8,68.4,0,1,0,7,Open-Meteo Historical Weather API,ERA5
2024-04-22,US_MTN,"Denver, CO",11.486,1.4,24.8,32.4,3,7.35,1,42.9,48.0,24.0,42.1,0,1,1,7,Open-Meteo Historical Weather API,ERA5
2024-04-22,US_NE,"New York, NY",11.214,5.1,20.6,3.7,2,0.0,0,3.7,8.0,21.5,41.0,0,0,0,7,Open-Meteo Historical Weather API,ERA5
2024-04-22,US_PNW,"Seattle, WA",11.029,5.1,19.8,34.1,5,0.0,0,34.1,94.0,19.9,51.1,0,0,0,7,Open-Meteo Historical Weather API,ERA5
2024-04-22,US_WEST,"San Francisco, CA",15.143,10.1,22.8,0.8,0,0.0,0,0.8,6.0,29.9,60.5,0,0,0,7,Open-Meteo Historical Weather API,ERA5
2024-04-29,CA_ON,"Toronto, ON",12.657,5.8,19.5,20.9,4,0.0,0,20.9,36.0,19.2,40.3,0,0,0,7,Open-Meteo Historical Weather API,ERA5
2024-04-29,CA_PNW,"Vancouver, BC",11.1,4.2,20.0,19.3,4,0.0,0,19.3,45.0,16.3,38.2,0,0,0,7,Open-Meteo Historical Weather API,ERA5
2024-04-29,CA_PRAIRIE,"Calgary, AB",4.7,-2.2,14.5,10.1,5,11.06,3,25.9,80.0,24.6,55.8,0,3,3,7,Open-Meteo Historical Weather API,ERA5
2024-04-29,CA_QC,"Montreal, QC",11.129,5.0,20.3,35.7,3,0.0,0,35.7,46.0,22.1,43.2,0,0,0,7,Open-Meteo Historical Weather API,ERA5
2024-04-29,US_MIDWEST,"Chicago, IL",14.729,7.5,21.4,32.7,4,0.0,0,32.7,38.0,28.2,46.4,0,0,0,7,Open-Meteo Historical Weather API,ERA5
2024-04-29,US_MTN,"Denver, CO",12.114,2.2,24.7,15.8,3,0.0,0,15.8,27.0,31.5,72.0,0,0,0,7,Open-Meteo Historical Weather API,ERA5
2024-04-29,US_NE,"New York, NY",14.7,10.0,27.2,5.3,1,0.0,0,5.3,24.0,17.2,32.8,0,0,0,7,Open-Meteo Historical Weather API,ERA5
2024-04-29,US_PNW,"Seattle, WA",10.357,4.4,19.3,33.3,5,0.0,0,33.3,90.0,22.7,43.9,0,0,0,7,Open-Meteo Historical Weather API,ERA5
2024-04-29,US_WEST,"San Francisco, CA",14.586,8.3,24.5,20.3,1,0.0,0,20.3,15.0,25.3,54.7,0,0,0,7,Open-Meteo Historical Weather API,ERA5
2024-05-06,CA_ON,"Toronto, ON",12.657,6.0,19.4,9.3,5,0.0,0,9.3,37.0,30.1,58.7,0,0,0,7,Open-Meteo Historical Weather API,ERA5
2024-05-06,CA_PNW,"Vancouver, BC",14.414,5.1,24.8,15.9,2,0.0,0,15.9,37.0,14.1,41.8,0,0,0,7,Open-Meteo Historical Weather API,ERA5
2024-05-06,CA_PRAIRIE,"Calgary, AB",11.786,1.1,26.0,24.6,3,0.0,0,24.6,40.0,35.0,69.8,0,0,0,7,Open-Meteo Historical Weather API,ERA5
2024-05-06,CA_QC,"Montreal, QC",12.7,5.4,22.3,13.3,3,0.0,0,13.3,37.0,22.1,42.5,0,0,0,7,Open-Meteo Historical Weather API,ERA5
2024-05-06,US_MIDWEST,"Chicago, IL",14.143,7.1,25.0,47.2,3,0.0,0,47.2,37.0,25.0,46.1,0,0,0,7,Open-Meteo Historical Weather API,ERA5
2024-05-06,US_MTN,"Denver, CO",10.243,2.1,18.5,19.4,3,0.0,0,19.4,45.0,36.3,73.1,0,0,0,7,Open-Meteo Historical Weather API,ERA5
2024-05-06,US_NE,"New York, NY",15.543,7.9,27.5,17.7,3,0.0,0,17.7,40.0,18.9,41.4,0,0,0,7,Open-Meteo Historical Weather API,ERA5
2024-05-06,US_PNW,"Seattle, WA",14.329,5.9,27.7,16.3,2,0.0,0,16.3,39.0,19.3,42.8,0,0,0,7,Open-Meteo Historical Weather API,ERA5
2024-05-06,US_WEST,"San Francisco, CA",17.229,7.9,29.3,0.0,0,0.0,0,0.0,0.0,20.2,43.6,0,0,0,7,Open-Meteo Historical Weather API,ERA5
2024-05-13,CA_ON,"Toronto, ON",16.086,10.6,22.9,5.7,3,0.0,0,5.7,26.0,21.1,55.8,0,0,0,7,Open-Meteo Historical Weather API,ERA5
2024-05-13,CA_PNW,"Vancouver, BC",13.014,8.1,19.6,17.7,3,0.0,0,17.7,46.0,20.9,49.7,0,0,0,7,Open-Meteo Historical Weather API,ERA5
2024-05-13,CA_PRAIRIE,"Calgary, AB",9.957,0.7,19.9,23.7,4,0.77,0,24.8,48.0,19.6,47.9,0,0,0,7,Open-Meteo Historical Weather API,ERA5
2024-05-13,CA_QC,"Montreal, QC",17.471,9.1,25.2,17.0,4,0.0,0,17.0,41.0,18.4,44.6,0,0,0,7,Open-Meteo Historical Weather API,ERA5
2024-05-13,US_MIDWEST,"Chicago, IL",16.029,9.1,25.2,21.8,3,0.0,0,21.8,31.0,27.2,47.5,0,0,0,7,Open-Meteo Historical Weather API,ERA5
2024-05-13,US_MTN,"Denver, CO",16.286,6.5,27.6,11.7,5,0.0,0,11.7,28.0,28.5,46.8,0,0,0,7,Open-Meteo Historical Weather API,ERA5
2024-05-13,US_NE,"New York, NY",16.771,9.5,22.6,13.4,3,0.0,0,13.4,47.0,27.1,49.3,0,0,0,7,Open-Meteo Historical Weather API,ERA5
2024-05-13,US_PNW,"Seattle, WA",13.514,7.6,21.8,16.3,3,0.0,0,16.3,43.0,27.1,57.2,0,0,0,7,Open-Meteo Historical Weather API,ERA5
2024-05-13,US_WEST,"San Francisco, CA",14.929,11.2,20.8,0.0,0,0.0,0,0.0,0.0,18.9,45.0,0,0,0,7,Open-Meteo Historical Weather API,ERA5
2024-05-20,CA_ON,"Toronto, ON",18.986,11.2,28.6,6.8,3,0.0,0,6.8,13.0,27.1,54.7,0,0,0,7,Open-Meteo Historical Weather API,ERA5
2024-05-20,CA_PNW,"Vancouver, BC",11.643,7.6,16.6,69.6,5,0.0,0,69.6,102.0,16.0,35.3,0,0,0,7,Open-Meteo Historical Weather API,ERA5
2024-05-20,CA_PRAIRIE,"Calgary, AB",8.543,1.9,16.2,26.9,6,0.07,0,27.0,72.0,18.4,52.2,0,0,0,7,Open-Meteo Historical Weather API,ERA5
2024-05-20,CA_QC,"Montreal, QC",19.757,7.3,30.6,13.0,4,0.0,0,13.0,22.0,29.0,54.4,0,0,0,7,Open-Meteo Historical Weather API,ERA5
2024-05-20,US_MIDWEST,"Chicago, IL",18.629,13.5,27.2,29.2,2,0.0,0,29.2,24.0,38.8,62.6,0,0,0,7,Open-Meteo Historical Weather API,ERA5
2024-05-20,US_MTN,"Denver, CO",14.043,2.5,25.6,25.1,4,0.0,0,25.1,35.0,25.3,45.7,0,0,0,7,Open-Meteo Historical Weather API,ERA5
2024-05-20,US_NE,"New York, NY",21.429,13.9,28.8,2.1,1,0.0,0,2.1,9.0,16.2,28.1,0,0,0,7,Open-Meteo Historical Weather API,ERA5
2024-05-20,US_PNW,"Seattle, WA",11.757,7.6,17.8,28.8,5,0.0,0,28.8,62.0,23.3,50.8,0,0,0,7,Open-Meteo Historical Weather API,ERA5
2024-05-20,US_WEST,"San Francisco, CA",15.557,10.1,25.2,0.0,0,0.0,0,0.0,0.0,22.9,51.1,0,0,0,7,Open-Meteo Historical Weather API,ERA5
2024-05-27,CA_ON,"Toronto, ON",16.186,6.8,24.5,33.3,3,0.0,0,33.3,38.0,33.2,60.8,0,0,0,7,Open-Meteo Historical Weather API,ERA5
2024-05-27,CA_PNW,"Vancouver, BC",12.729,6.5,18.8,58.1,6,0.0,0,58.1,94.0,17.5,41.8,0,0,0,7,Open-Meteo Historical Weather API,ERA5
2024-05-27,CA_PRAIRIE,"Calgary, AB",12.529,3.2,22.6,5.8,2,0.0,0,5.8,14.0,21.7,49.0,0,0,0,7,Open-Meteo Historical Weather API,ERA5
2024-05-27,CA_QC,"Montreal, QC",17.486,8.0,27.0,28.4,2,0.0,0,28.4,27.0,39.5,73.1,0,0,0,7,Open-Meteo Historical Weather API,ERA5
2024-05-27,US_MIDWEST,"Chicago, IL",15.6,8.4,22.9,37.3,3,0.0,0,37.3,38.0,24.5,46.4,0,0,0,7,Open-Meteo Historical Weather API,ERA5
2024-05-27,US_MTN,"Denver, CO",18.214,9.0,30.3,2.9,1,0.0,0,2.9,12.0,18.1,45.7,0,0,0,7,Open-Meteo Historical Weather API,ERA5
2024-05-27,US_NE,"New York, NY",20.871,14.7,27.4,28.2,2,0.0,0,28.2,26.0,23.2,48.6,0,0,0,7,Open-Meteo Historical Weather API,ERA5
2024-05-27,US_PNW,"Seattle, WA",13.514,7.3,20.2,29.7,3,0.0,0,29.7,56.0,25.0,50.4,0,0,0,7,Open-Meteo Historical Weather API,ERA5
2024-05-27,US_WEST,"San Francisco, CA",17.057,11.6,26.2,0.0,0,0.0,0,0.0,0.0,23.0,53.3,0,0,0,7,Open-Meteo Historical Weather API,ERA5
2024-06-03,CA_ON,"Toronto, ON",18.314,12.5,25.6,25.9,5,0.0,0,25.9,42.0,23.3,57.2,0,0,0,7,Open-Meteo Historical Weather API,ERA5
2024-06-03,CA_PNW,"Vancouver, BC",15.271,8.4,25.6,52.0,2,0.0,0,52.0,44.0,21.8,52.2,0,0,0,7,Open-Meteo Historical Weather API,ERA5
2024-06-03,CA_PRAIRIE,"Calgary, AB",12.871,4.6,21.4,3.2,1,0.0,0,3.2,16.0,27.4,61.6,0,0,0,7,Open-Meteo Historical Weather API,ERA5
2024-06-03,CA_QC,"Montreal, QC",20.129,12.8,29.9,40.3,5,0.0,0,40.3,35.0,26.4,50.8,0,0,0,7,Open-Meteo Historical Weather API,ERA5
2024-06-03,US_MIDWEST,"Chicago, IL",19.886,13.0,26.2,22.4,3,0.0,0,22.4,28.0,30.1,52.2,0,0,0,7,Open-Meteo Historical Weather API,ERA5
2024-06-03,US_MTN,"Denver, CO",22.329,12.4,32.8,4.7,2,0.0,0,4.7,10.0,29.5,58.3,0,0,0,7,Open-Meteo Historical Weather API,ERA5
2024-06-03,US_NE,"New York, NY",22.714,17.3,28.2,29.9,1,0.0,0,29.9,25.0,23.0,45.7,0,0,0,7,Open-Meteo Historical Weather API,ERA5
2024-06-03,US_PNW,"Seattle, WA",15.429,8.8,25.3,24.0,2,0.0,0,24.0,43.0,27.5,59.0,0,0,0,7,Open-Meteo Historical Weather API,ERA5
2024-06-03,US_WEST,"San Francisco, CA",18.186,12.5,30.3,0.0,0,0.0,0,0.0,0.0,22.8,48.2,0,0,0,7,Open-Meteo Historical Weather API,ERA5
2024-06-10,CA_ON,"Toronto, ON",17.214,9.5,29.1,3.2,1,0.0,0,3.2,7.0,25.3,55.8,0,0,0,7,Open-Meteo Historical Weather API,ERA5
2024-06-10,CA_PNW,"Vancouver, BC",13.643,8.3,20.3,39.5,5,0.0,0,39.5,73.0,18.4,48.2,0,0,0,7,Open-Meteo Historical Weather API,ERA5
2024-06-10,CA_PRAIRIE,"Calgary, AB",13.986,4.4,25.1,23.0,3,0.0,0,23.0,40.0,25.8,49.7,0,0,0,7,Open-Meteo Historical Weather API,ERA5
2024-06-10,CA_QC,"Montreal, QC",16.743,7.3,26.5,6.3,3,0.0,0,6.3,29.0,22.0,45.0,0,0,0,7,Open-Meteo Historical Weather API,ERA5
2024-06-10,US_MIDWEST,"Chicago, IL",20.4,8.6,29.9,6.0,1,0.0,0,6.0,7.0,27.7,51.8,0,0,0,7,Open-Meteo Historical Weather API,ERA5
2024-06-10,US_MTN,"Denver, CO",23.829,14.5,34.9,4.2,2,0.0,0,4.2,12.0,26.2,51.5,0,0,0,7,Open-Meteo Historical Weather API,ERA5
2024-06-10,US_NE,"New York, NY",21.157,15.7,28.1,20.7,2,0.0,0,20.7,15.0,18.4,36.7,0,0,0,7,Open-Meteo Historical Weather API,ERA5
2024-06-10,US_PNW,"Seattle, WA",14.214,8.8,20.6,21.5,3,0.0,0,21.5,46.0,22.8,50.4,0,0,0,7,Open-Meteo Historical Weather API,ERA5
2024-06-10,US_WEST,"San Francisco, CA",17.4,11.0,29.5,0.0,0,0.0,0,0.0,0.0,24.4,56.9,0,0,0,7,Open-Meteo Historical Weather API,ERA5
2024-06-17,CA_ON,"Toronto, ON",23.543,13.4,32.7,31.5,6,0.0,0,31.5,45.0,32.4,63.4,0,0,0,7,Open-Meteo Historical Weather API,ERA5
2024-06-17,CA_PNW,"Vancouver, BC",16.957,10.3,26.0,4.2,2,0.0,0,4.2,26.0,12.3,32.4,0,0,0,7,Open-Meteo Historical Weather API,ERA5
2024-06-17,CA_PRAIRIE,"Calgary, AB",12.214,1.8,26.4,12.4,4,0.0,0,12.4,39.0,18.5,38.5,0,0,0,7,Open-Meteo Historical Weather API,ERA5
2024-06-17,CA_QC,"Montreal, QC",23.686,15.4,32.8,67.7,4,0.0,0,67.7,38.0,27.2,58.0,0,0,0,7,Open-Meteo Historical Weather API,ERA5
2024-06-17,US_MIDWEST,"Chicago, IL",25.214,17.8,32.4,7.4,3,0.0,0,7.4,23.0,29.4,55.1,0,0,0,7,Open-Meteo Historical Weather API,ERA5
2024-06-17,US_MTN,"Denver, CO",22.2,10.9,35.3,4.0,2,0.0,0,4.0,16.0,22.8,47.9,0,0,0,7,Open-Meteo Historical Weather API,ERA5
2024-06-17,US_NE,"New York, NY",26.043,17.8,33.2,8.8,2,0.0,0,8.8,9.0,19.5,51.8,0,0,0,7,Open-Meteo Historical Weather API,ERA5
2024-06-17,US_PNW,"Seattle, WA",17.271,10.0,28.1,3.3,2,0.0,0,3.3,24.0,19.1,41.4,0,0,0,7,Open-Meteo Historical Weather API,ERA5
2024-06-17,US_WEST,"San Francisco, CA",17.086,11.4,27.0,0.0,0,0.0,0,0.0,0.0,20.5,46.4,0,0,0,7,Open-Meteo Historical Weather API,ERA5
2024-06-24,CA_ON,"Toronto, ON",19.786,8.6,27.9,39.5,3,0.0,0,39.5,28.0,26.0,57.2,0,0,0,7,Open-Meteo Historical Weather API,ERA5
2024-06-24,CA_PNW,"Vancouver, BC",16.7,11.1,23.5,18.6,5,0.0,0,18.6,61.0,11.2,32.0,0,0,0,7,Open-Meteo Historical Weather API,ERA5
2024-06-24,CA_PRAIRIE,"Calgary, AB",14.529,6.1,22.4,41.3,4,0.0,0,41.3,50.0,28.2,58.3,0,0,0,7,Open-Meteo Historical Weather API,ERA5
2024-06-24,CA_QC,"Montreal, QC",19.714,8.2,27.7,48.1,6,0.0,0,48.1,72.0,30.0,59.0,0,0,0,7,Open-Meteo Historical Weather API,ERA5
2024-06-24,US_MIDWEST,"Chicago, IL",21.757,14.7,29.7,21.5,3,0.0,0,21.5,32.0,40.5,56.5,1,0,0,7,Open-Meteo Historical Weather API,ERA5
2024-06-24,US_MTN,"Denver, CO",25.343,15.1,36.1,3.6,2,0.0,0,3.6,14.0,20.4,39.6,0,0,0,7,Open-Meteo Historical Weather API,ERA5
2024-06-24,US_NE,"New York, NY",24.371,17.5,31.3,46.4,2,0.0,0,46.4,27.0,33.7,58.0,0,0,0,7,Open-Meteo Historical Weather API,ERA5
2024-06-24,US_PNW,"Seattle, WA",16.943,11.5,24.1,15.9,4,0.0,0,15.9,54.0,22.7,51.8,0,0,0,7,Open-Meteo Historical Weather API,ERA5
2024-06-24,US_WEST,"San Francisco, CA",18.571,12.3,27.2,0.0,0,0.0,0,0.0,0.0,19.4,45.4,0,0,0,7,Open-Meteo Historical Weather API,ERA5
2024-07-01,CA_ON,"Toronto, ON",22.043,11.2,29.0,2.8,2,0.0,0,2.8,10.0,25.9,50.0,0,0,0,7,Open-Meteo Historical Weather API,ERA5
2024-07-01,CA_PNW,"Vancouver, BC",19.829,12.1,29.9,1.2,0,0.0,0,1.2,11.0,10.6,29.9,0,0,0,7,Open-Meteo Historical Weather API,ERA5
2024-07-01,CA_PRAIRIE,"Calgary, AB",16.286,9.4,27.4,10.9,4,0.0,0,10.9,36.0,22.7,50.8,0,0,0,7,Open-Meteo Historical Weather API,ERA5
2024-07-01,CA_QC,"Montreal, QC",22.7,12.8,29.2,26.4,3,0.0,0,26.4,33.0,25.9,51.1,0,0,0,7,Open-Meteo Historical Weather API,ERA5
2024-07-01,US_MIDWEST,"Chicago, IL",21.943,12.6,28.9,10.9,3,0.0,0,10.9,23.0,26.1,49.3,0,0,0,7,Open-Meteo Historical Weather API,ERA5
2024-07-01,US_MTN,"Denver, CO",22.671,13.2,34.4,5.4,3,0.0,0,5.4,9.0,25.6,47.2,0,0,0,7,Open-Meteo Historical Weather API,ERA5
2024-07-01,US_NE,"New York, NY",25.0,18.2,31.2,3.8,1,0.0,0,3.8,16.0,22.1,41.8,0,0,0,7,Open-Meteo Historical Weather API,ERA5
2024-07-01,US_PNW,"Seattle, WA",19.914,13.1,30.8,0.6,0,0.0,0,0.6,6.0,14.0,32.4,0,0,0,7,Open-Meteo Historical Weather API,ERA5
2024-07-01,US_WEST,"San Francisco, CA",21.543,13.4,34.3,0.0,0,0.0,0,0.0,0.0,15.4,38.5,0,0,0,7,Open-Meteo Historical Weather API,ERA5
2024-07-08,CA_ON,"Toronto, ON",22.757,16.8,29.4,45.3,4,0.0,0,45.3,43.0,25.2,49.7,0,0,0,7,Open-Meteo Historical Weather API,ERA5
2024-07-08,CA_PNW,"Vancouver, BC",22.443,15.0,30.9,0.0,0,0.0,0,0.0,0.0,10.1,26.3,0,0,0,7,Open-Meteo Historical Weather API,ERA5
2024-07-08,CA_PRAIRIE,"Calgary, AB",21.2,10.3,33.9,8.5,1,0.0,0,8.5,18.0,21.7,43.9,0,0,0,7,Open-Meteo Historical Weather API,ERA5
2024-07-08,CA_QC,"Montreal, QC",22.971,18.7,29.1,52.6,4,0.0,0,52.6,42.0,22.6,42.8,0,0,0,7,Open-Meteo Historical Weather API,ERA5
2024-07-08,US_MIDWEST,"Chicago, IL",22.729,17.6,29.5,25.6,4,0.0,0,25.6,33.0,26.9,47.9,0,0,0,7,Open-Meteo Historical Weather API,ERA5
2024-07-08,US_MTN,"Denver, CO",26.0,11.4,38.0,0.5,0,0.0,0,0.5,2.0,18.0,40.0,0,0,0,7,Open-Meteo Historical Weather API,ERA5
2024-07-08,US_NE,"New York, NY",27.071,23.6,31.3,37.8,4,0.0,0,37.8,43.0,25.5,47.9,0,0,0,7,Open-Meteo Historical Weather API,ERA5
2024-07-08,US_PNW,"Seattle, WA",22.557,14.9,32.5,0.0,0,0.0,0,0.0,0.0,13.3,29.9,0,0,0,7,Open-Meteo Historical Weather API,ERA5
2024-07-08,US_WEST,"San Francisco, CA",19.229,14.1,31.5,0.0,0,0.0,0,0.0,0.0,16.3,42.1,0,0,0,7,Open-Meteo Historical Weather API,ERA5
2024-07-15,CA_ON,"Toronto, ON",21.614,12.2,28.6,42.3,2,0.0,0,42.3,25.0,18.4,42.1,0,0,0,7,Open-Meteo Historical Weather API,ERA5
2024-07-15,CA_PNW,"Vancouver, BC",21.357,13.9,28.9,0.0,0,0.0,0,0.0,0.0,13.1,28.1,0,0,0,7,Open-Meteo Historical Weather API,ERA5
2024-07-15,CA_PRAIRIE,"Calgary, AB",22.529,11.7,33.9,3.2,2,0.0,0,3.2,14.0,15.4,35.6,0,0,0,7,Open-Meteo Historical Weather API,ERA5
2024-07-15,CA_QC,"Montreal, QC",21.857,13.8,29.8,16.4,1,0.0,0,16.4,23.0,24.6,46.8,0,0,0,7,Open-Meteo Historical Weather API,ERA5
2024-07-15,US_MIDWEST,"Chicago, IL",21.914,14.5,30.3,44.8,2,0.0,0,44.8,15.0,19.6,38.2,0,0,0,7,Open-Meteo Historical Weather API,ERA5
2024-07-15,US_MTN,"Denver, CO",23.129,15.3,35.6,12.4,5,0.0,0,12.4,23.0,24.8,49.3,0,0,0,7,Open-Meteo Historical Weather API,ERA5
2024-07-15,US_NE,"New York, NY",26.429,19.8,34.7,10.6,3,0.0,0,10.6,19.0,18.1,36.7,0,0,0,7,Open-Meteo Historical Weather API,ERA5
2024-07-15,US_PNW,"Seattle, WA",21.271,14.4,29.1,0.0,0,0.0,0,0.0,0.0,13.6,31.3,0,0,0,7,Open-Meteo Historical Weather API,ERA5
2024-07-15,US_WEST,"San Francisco, CA",18.771,13.4,31.6,0.0,0,0.0,0,0.0,0.0,19.0,43.2,0,0,0,7,Open-Meteo Historical Weather API,ERA5
2024-07-22,CA_ON,"Toronto, ON",21.514,13.5,27.4,6.0,1,0.0,0,6.0,10.0,23.5,47.5,0,0,0,7,Open-Meteo Historical Weather API,ERA5
2024-07-22,CA_PNW,"Vancouver, BC",17.757,12.5,23.0,5.1,1,0.0,0,5.1,19.0,12.4,31.0,0,0,0,7,Open-Meteo Historical Weather API,ERA5
2024-07-22,CA_PRAIRIE,"Calgary, AB",20.686,8.6,35.0,3.4,1,0.0,0,3.4,7.0,23.6,53.3,0,0,0,7,Open-Meteo Historical Weather API,ERA5
2024-07-22,CA_QC,"Montreal, QC",21.186,11.7,28.4,20.1,2,0.0,0,20.1,29.0,27.5,54.4,0,0,0,7,Open-Meteo Historical Weather API,ERA5
2024-07-22,US_MIDWEST,"Chicago, IL",21.557,15.3,27.9,12.8,3,0.0,0,12.8,24.0,18.3,36.4,0,0,0,7,Open-Meteo Historical Weather API,ERA5
2024-07-22,US_MTN,"Denver, CO",24.9,13.6,36.9,2.3,0,0.0,0,2.3,9.0,17.4,46.4,0,0,0,7,Open-Meteo Historical Weather API,ERA5
2024-07-22,US_NE,"New York, NY",24.614,19.7,28.7,8.1,2,0.0,0,8.1,27.0,16.8,34.2,0,0,0,7,Open-Meteo Historical Weather API,ERA5
2024-07-22,US_PNW,"Seattle, WA",18.314,11.9,25.1,2.9,2,0.0,0,2.9,26.0,12.8,33.1,0,0,0,7,Open-Meteo Historical Weather API,ERA5
2024-07-22,US_WEST,"San Francisco, CA",19.371,13.2,31.5,0.0,0,0.0,0,0.0,0.0,20.6,45.0,0,0,0,7,Open-Meteo Historical Weather API,ERA5
2024-07-29,CA_ON,"Toronto, ON",24.429,16.2,31.3,14.8,3,0.0,0,14.8,27.0,16.3,42.1,0,0,0,7,Open-Meteo Historical Weather API,ERA5
2024-07-29,CA_PNW,"Vancouver, BC",20.1,14.6,27.6,20.7,3,0.0,0,20.7,53.0,11.9,28.1,0,0,0,7,Open-Meteo Historical Weather API,ERA5
2024-07-29,CA_PRAIRIE,"Calgary, AB",20.486,10.4,33.0,3.2,2,0.0,0,3.2,10.0,22.4,41.8,0,0,0,7,Open-Meteo Historical Weather API,ERA5
2024-07-29,CA_QC,"Montreal, QC",24.671,16.8,30.9,44.5,3,0.0,0,44.5,49.0,16.7,37.4,0,0,0,7,Open-Meteo Historical Weather API,ERA5
2024-07-29,US_MIDWEST,"Chicago, IL",24.586,20.5,30.5,23.2,3,0.0,0,23.2,39.0,21.7,40.0,0,0,0,7,Open-Meteo Historical Weather API,ERA5
2024-07-29,US_MTN,"Denver, CO",27.7,16.3,37.4,0.7,0,0.0,0,0.7,3.0,30.1,46.1,0,0,0,7,Open-Meteo Historical Weather API,ERA5
2024-07-29,US_NE,"New York, NY",26.457,20.9,33.7,34.3,5,0.0,0,34.3,64.0,21.4,40.0,0,0,0,7,Open-Meteo Historical Weather API,ERA5
2024-07-29,US_PNW,"Seattle, WA",20.286,15.6,28.1,16.2,2,0.0,0,16.2,32.0,15.7,33.1,0,0,0,7,Open-Meteo Historical Weather API,ERA5
2024-07-29,US_WEST,"San Francisco, CA",17.971,13.7,25.7,0.0,0,0.0,0,0.0,0.0,20.2,42.1,0,0,0,7,Open-Meteo Historical Weather API,ERA5
2024-08-05,CA_ON,"Toronto, ON",20.543,14.3,28.0,43.3,4,0.0,0,43.3,41.0,25.6,51.5,0,0,0,7,Open-Meteo Historical Weather API,ERA5
2024-08-05,CA_PNW,"Vancouver, BC",20.257,14.1,28.5,0.4,0,0.0,0,0.4,1.0,10.7,25.6,0,0,0,7,Open-Meteo Historical Weather API,ERA5
2024-08-05,CA_PRAIRIE,"Calgary, AB",15.614,5.9,26.2,24.6,4,0.0,0,24.6,46.0,16.2,38.2,0,0,0,7,Open-Meteo Historical Weather API,ERA5
2024-08-05,CA_QC,"Montreal, QC",19.057,10.9,25.3,125.7,3,0.0,0,125.7,43.0,24.1,47.9,0,0,0,7,Open-Meteo Historical Weather API,ERA5
2024-08-05,US_MIDWEST,"Chicago, IL",20.986,14.1,28.1,3.6,2,0.0,0,3.6,9.0,33.5,59.0,0,0,0,7,Open-Meteo Historical Weather API,ERA5
2024-08-05,US_MTN,"Denver, CO",22.1,12.8,34.5,11.9,3,0.0,0,11.9,37.0,20.9,45.0,0,0,0,7,Open-Meteo Historical Weather API,ERA5
2024-08-05,US_NE,"New York, NY",24.429,19.7,31.7,73.8,5,0.0,0,73.8,70.0,33.6,74.2,0,0,0,7,Open-Meteo Historical Weather API,ERA5
2024-08-05,US_PNW,"Seattle, WA",19.614,13.5,28.5,0.0,0,0.0,0,0.0,0.0,11.8,29.2,0,0,0,7,Open-Meteo Historical Weather API,ERA5
2024-08-05,US_WEST,"San Francisco, CA",17.543,13.0,27.7,0.0,0,0.0,0,0.0,0.0,16.9,37.8,0,0,0,7,Open-Meteo Historical Weather API,ERA5
2024-08-12,CA_ON,"Toronto, ON",21.514,14.7,28.2,22.6,3,0.0,0,22.6,42.0,24.6,46.1,0,0,0,7,Open-Meteo Historical Weather API,ERA5
2024-08-12,CA_PNW,"Vancouver, BC",18.671,14.3,27.0,15.3,1,0.0,0,15.3,31.0,16.6,39.2,0,0,0,7,Open-Meteo Historical Weather API,ERA5
2024-08-12,CA_PRAIRIE,"Calgary, AB",17.357,9.4,26.9,14.4,4,0.0,0,14.4,29.0,16.7,40.0,0,0,0,7,Open-Meteo Historical Weather API,ERA5
2024-08-12,CA_QC,"Montreal, QC",21.429,14.1,28.7,8.0,3,0.0,0,8.0,29.0,23.2,42.5,0,0,0,7,Open-Meteo Historical Weather API,ERA5
2024-08-12,US_MIDWEST,"Chicago, IL",22.1,16.5,29.0,38.7,4,0.0,0,38.7,55.0,26.0,50.0,0,0,0,7,Open-Meteo Historical Weather API,ERA5
2024-08-12,US_MTN,"Denver, CO",24.143,15.3,36.5,4.7,2,0.0,0,4.7,10.0,19.4,36.7,0,0,0,7,Open-Meteo Historical Weather API,ERA5
2024-08-12,US_NE,"New York, NY",23.629,18.1,29.1,7.5,1,0.0,0,7.5,20.0,16.8,36.0,0,0,0,7,Open-Meteo Historical Weather API,ERA5
2024-08-12,US_PNW,"Seattle, WA",18.486,13.6,24.6,6.5,1,0.0,0,6.5,17.0,15.0,40.0,0,0,0,7,Open-Meteo Historical Weather API,ERA5
2024-08-12,US_WEST,"San Francisco, CA",18.771,13.5,25.8,0.3,0,0.0,0,0.3,3.0,20.9,45.0,0,0,0,7,Open-Meteo Historical Weather API,ERA5
2024-08-19,CA_ON,"Toronto, ON",18.043,11.3,26.6,0.6,0,0.0,0,0.6,6.0,26.5,47.2,0,0,0,7,Open-Meteo Historical Weather API,ERA5
2024-08-19,CA_PNW,"Vancouver, BC",16.786,13.8,21.9,68.9,5,0.0,0,68.9,91.0,12.7,31.0,0,0,0,7,Open-Meteo Historical Weather API,ERA5
2024-08-19,CA_PRAIRIE,"Calgary, AB",16.729,8.1,30.7,10.3,2,0.0,0,10.3,18.0,28.7,59.8,0,0,0,7,Open-Meteo Historical Weather API,ERA5
2024-08-19,CA_QC,"Montreal, QC",17.3,12.3,25.5,59.1,5,0.0,0,59.1,87.0,24.3,41.8,0,0,0,7,Open-Meteo Historical Weather API,ERA5
2024-08-19,US_MIDWEST,"Chicago, IL",20.671,13.0,31.5,0.1,0,0.0,0,0.1,1.0,22.7,43.2,0,0,0,7,Open-Meteo Historical Weather API,ERA5
2024-08-19,US_MTN,"Denver, CO",24.843,16.2,35.1,3.6,1,0.0,0,3.6,12.0,23.7,40.3,0,0,0,7,Open-Meteo Historical Weather API,ERA5
2024-08-19,US_NE,"New York, NY",21.243,14.1,28.3,5.1,1,0.0,0,5.1,14.0,18.4,36.0,0,0,0,7,Open-Meteo Historical Weather API,ERA5
2024-08-19,US_PNW,"Seattle, WA",16.7,12.5,23.6,35.1,4,0.0,0,35.1,74.0,17.5,37.4,0,0,0,7,Open-Meteo Historical Weather API,ERA5
2024-08-19,US_WEST,"San Francisco, CA",19.057,13.2,28.2,0.8,0,0.0,0,0.8,8.0,22.9,49.7,0,0,0,7,Open-Meteo Historical Weather API,ERA5
2024-08-26,CA_ON,"Toronto, ON",21.443,14.4,30.5,11.6,3,0.0,0,11.6,12.0,23.4,45.7,0,0,0,7,Open-Meteo Historical Weather API,ERA5
2024-08-26,CA_PNW,"Vancouver, BC",17.914,10.7,27.6,21.7,2,0.0,0,21.7,26.0,15.1,40.0,0,0,0,7,Open-Meteo Historical Weather API,ERA5
2024-08-26,CA_PRAIRIE,"Calgary, AB",15.686,6.0,30.8,28.0,1,0.0,0,28.0,25.0,33.8,76.7,0,0,0,7,Open-Meteo Historical Weather API,ERA5
2024-08-26,CA_QC,"Montreal, QC",19.171,8.9,27.8,26.7,3,0.0,0,26.7,28.0,26.6,53.6,0,0,0,7,Open-Meteo Historical Weather API,ERA5
2024-08-26,US_MIDWEST,"Chicago, IL",24.1,16.6,33.3,11.0,2,0.0,0,11.0,14.0,25.1,47.5,0,0,0,7,Open-Meteo Historical Weather API,ERA5
2024-08-26,US_MTN,"Denver, CO",23.171,13.3,34.1,0.7,0,0.0,0,0.7,3.0,15.7,34.2,0,0,0,7,Open-Meteo Historical Weather API,ERA5
2024-08-26,US_NE,"New York, NY",23.371,18.0,32.9,19.4,3,0.0,0,19.4,36.0,15.5,29.9,0,0,0,7,Open-Meteo Historical Weather API,ERA5
2024-08-26,US_PNW,"Seattle, WA",17.643,9.7,27.2,6.1,1,0.0,0,6.1,16.0,16.6,34.9,0,0,0,7,Open-Meteo Historical Weather API,ERA5
2024-08-26,US_WEST,"San Francisco, CA",19.357,14.0,31.1,0.0,0,0.0,0,0.0,0.0,18.0,41.4,0,0,0,7,Open-Meteo Historical Weather API,ERA5
2024-09-02,CA_ON,"Toronto, ON",16.371,8.4,25.4,8.7,2,0.0,0,8.7,27.0,30.8,59.4,0,0,0,7,Open-Meteo Historical Weather API,ERA5
2024-09-02,CA_PNW,"Vancouver, BC",20.129,13.6,29.7,0.2,0,0.0,0,0.2,2.0,9.9,25.2,0,0,0,7,Open-Meteo Historical Weather API,ERA5
2024-09-02,CA_PRAIRIE,"Calgary, AB",18.886,5.9,32.9,0.3,0,0.0,0,0.3,3.0,18.2,35.3,0,0,0,7,Open-Meteo Historical Weather API,ERA5
2024-09-02,CA_QC,"Montreal, QC",15.943,7.0,25.6,18.0,1,0.0,0,18.0,17.0,30.9,57.2,0,0,0,7,Open-Meteo Historical Weather API,ERA5
2024-09-02,US_MIDWEST,"Chicago, IL",17.886,9.2,29.6,7.2,2,0.0,0,7.2,26.0,24.9,49.7,0,0,0,7,Open-Meteo Historical Weather API,ERA5
2024-09-02,US_MTN,"Denver, CO",21.171,11.6,33.5,8.0,2,0.0,0,8.0,15.0,15.5,32.4,0,0,0,7,Open-Meteo Historical Weather API,ERA5
2024-09-02,US_NE,"New York, NY",19.3,11.9,25.5,7.9,1,0.0,0,7.9,17.0,21.7,42.5,0,0,0,7,Open-Meteo Historical Weather API,ERA5
2024-09-02,US_PNW,"Seattle, WA",19.043,12.7,29.4,0.0,0,0.0,0,0.0,0.0,12.2,27.7,0,0,0,7,Open-Meteo Historical Weather API,ERA5
2024-09-02,US_WEST,"San Francisco, CA",19.271,12.2,32.6,0.0,0,0.0,0,0.0,0.0,16.0,38.9,0,0,0,7,Open-Meteo Historical Weather API,ERA5
2024-09-09,CA_ON,"Toronto, ON",18.0,9.7,26.6,7.3,1,0.0,0,7.3,12.0,15.9,40.3,0,0,0,7,Open-Meteo Historical Weather API,ERA5
2024-09-09,CA_PNW,"Vancouver, BC",15.443,11.9,20.1,30.4,3,0.0,0,30.4,53.0,13.0,34.6,0,0,0,7,Open-Meteo Historical Weather API,ERA5
2024-09-09,CA_PRAIRIE,"Calgary, AB",12.029,4.1,26.5,27.5,5,0.0,0,27.5,55.0,25.1,46.4,0,0,0,7,Open-Meteo Historical Weather API,ERA5
2024-09-09,CA_QC,"Montreal, QC",17.0,6.2,27.9,1.1,1,0.0,0,1.1,5.0,26.7,43.6,0,0,0,7,Open-Meteo Historical Weather API,ERA5
2024-09-09,US_MIDWEST,"Chicago, IL",21.557,13.7,28.7,0.0,0,0.0,0,0.0,0.0,20.9,36.7,0,0,0,7,Open-Meteo Historical Weather API,ERA5
2024-09-09,US_MTN,"Denver, CO",22.0,11.2,33.0,0.9,0,0.0,0,0.9,4.0,20.6,43.2,0,0,0,7,Open-Meteo Historical Weather API,ERA5
2024-09-09,US_NE,"New York, NY",19.771,12.0,26.8,0.0,0,0.0,0,0.0,0.0,15.3,29.5,0,0,0,7,Open-Meteo Historical Weather API,ERA5
2024-09-09,US_PNW,"Seattle, WA",16.0,12.3,21.7,16.6,5,0.0,0,16.6,57.0,12.8,30.6,0,0,0,7,Open-Meteo Historical Weather API,ERA5
2024-09-09,US_WEST,"San Francisco, CA",17.529,12.5,26.9,0.0,0,0.0,0,0.0,0.0,26.3,56.2,0,0,0,7,Open-Meteo Historical Weather API,ERA5
2024-09-16,CA_ON,"Toronto, ON",19.314,12.1,27.0,0.2,0,0.0,0,0.2,2.0,14.0,31.0,0,0,0,7,Open-Meteo Historical Weather API,ERA5
2024-09-16,CA_PNW,"Vancouver, BC",14.486,9.8,19.6,5.2,1,0.0,0,5.2,21.0,10.5,27.4,0,0,0,7,Open-Meteo Historical Weather API,ERA5
2024-09-16,CA_PRAIRIE,"Calgary, AB",11.271,-0.2,22.2,8.1,2,0.0,0,8.1,17.0,21.9,47.5,0,0,0,7,Open-Meteo Historical Weather API,ERA5
2024-09-16,CA_QC,"Montreal, QC",18.929,12.1,28.2,0.5,0,0.0,0,0.5,4.0,15.9,32.0,0,0,0,7,Open-Meteo Historical Weather API,ERA5
2024-09-16,US_MIDWEST,"Chicago, IL",21.871,15.2,28.9,20.6,2,0.0,0,20.6,22.0,27.6,52.6,0,0,0,7,Open-Meteo Historical Weather API,ERA5
2024-09-16,US_MTN,"Denver, CO",18.629,8.2,31.6,12.1,2,0.0,0,12.1,19.0,25.9,50.8,0,0,0,7,Open-Meteo Historical Weather API,ERA5
2024-09-16,US_NE,"New York, NY",20.471,15.2,28.1,0.4,0,0.0,0,0.4,2.0,15.3,33.5,0,0,0,7,Open-Meteo Historical Weather API,ERA5
2024-09-16,US_PNW,"Seattle, WA",15.086,9.1,20.9,2.2,1,0.0,0,2.2,14.0,14.0,33.1,0,0,0,7,Open-Meteo Historical Weather API,ERA5
2024-09-16,US_WEST,"San Francisco, CA",16.986,13.1,24.5,0.8,0,0.0,0,0.8,7.0,20.2,41.0,0,0,0,7,Open-Meteo Historical Weather API,ERA5
2024-09-23,CA_ON,"Toronto, ON",18.957,12.0,24.1,39.3,3,0.0,0,39.3,47.0,26.8,51.5,0,0,0,7,Open-Meteo Historical Weather API,ERA5
2024-09-23,CA_PNW,"Vancouver, BC",14.5,8.7,22.5,60.1,4,0.0,0,60.1,87.0,19.8,50.4,0,0,0,7,Open-Meteo Historical Weather API,ERA5
2024-09-23,CA_PRAIRIE,"Calgary, AB",14.229,3.3,29.4,2.3,2,0.0,0,2.3,10.0,24.9,55.1,0,0,0,7,Open-Meteo Historical Weather API,ERA5
2024-09-23,CA_QC,"Montreal, QC",15.4,9.7,21.7,25.7,3,0.0,0,25.7,43.0,23.2,44.3,0,0,0,7,Open-Meteo Historical Weather API,ERA5
2024-09-23,US_MIDWEST,"Chicago, IL",18.129,13.6,22.8,22.2,2,0.0,0,22.2,30.0,35.8,63.0,0,0,0,7,Open-Meteo Historical Weather API,ERA5
2024-09-23,US_MTN,"Denver, CO",20.629,8.0,33.7,0.0,0,0.0,0,0.0,0.0,15.3,33.8,0,0,0,7,Open-Meteo Historical Weather API,ERA5
2024-09-23,US_NE,"New York, NY",18.386,15.2,24.3,21.3,6,0.0,0,21.3,70.0,19.5,35.3,0,0,0,7,Open-Meteo Historical Weather API,ERA5
2024-09-23,US_PNW,"Seattle, WA",15.3,8.3,23.2,22.9,4,0.0,0,22.9,52.0,18.9,39.6,0,0,0,7,Open-Meteo Historical Weather API,ERA5
2024-09-23,US_WEST,"San Francisco, CA",18.557,11.0,32.7,0.0,0,0.0,0,0.0,0.0,17.3,39.2,0,0,0,7,Open-Meteo Historical Weather API,ERA5
2024-09-30,CA_ON,"Toronto, ON",15.8,7.8,23.5,28.9,4,0.0,0,28.9,25.0,26.2,47.5,0,0,0,7,Open-Meteo Historical Weather API,ERA5
2024-09-30,CA_PNW,"Vancouver, BC",12.271,7.1,17.2,27.8,2,0.0,0,27.8,27.0,15.3,39.6,0,0,0,7,Open-Meteo Historical Weather API,ERA5
2024-09-30,CA_PRAIRIE,"Calgary, AB",8.486,-0.0,20.0,0.8,0,0.0,0,0.8,6.0,21.5,44.3,0,0,0,7,Open-Meteo Historical Weather API,ERA5
2024-09-30,CA_QC,"Montreal, QC",14.357,6.1,22.2,8.5,4,0.0,0,8.5,21.0,18.2,45.4,0,0,0,7,Open-Meteo Historical Weather API,ERA5
2024-09-30,US_MIDWEST,"Chicago, IL",17.843,8.8,25.8,1.2,1,0.0,0,1.2,5.0,33.4,54.4,0,0,0,7,Open-Meteo Historical Weather API,ERA5
2024-09-30,US_MTN,"Denver, CO",18.086,5.9,32.6,0.0,0,0.0,0,0.0,0.0,25.2,52.6,0,0,0,7,Open-Meteo Historical Weather API,ERA5
2024-09-30,US_NE,"New York, NY",17.714,12.1,23.3,0.6,0,0.0,0,0.6,4.0,15.7,30.6,0,0,0,7,Open-Meteo Historical Weather API,ERA5
2024-09-30,US_PNW,"Seattle, WA",12.429,6.2,19.8,13.6,1,0.0,0,13.6,17.0,21.1,44.3,0,0,0,7,Open-Meteo Historical Weather API,ERA5
2024-09-30,US_WEST,"San Francisco, CA",23.943,12.7,37.6,0.0,0,0.0,0,0.0,0.0,13.1,32.4,0,0,0,7,Open-Meteo Historical Weather API,ERA5
2024-10-07,CA_ON,"Toronto, ON",10.957,3.2,21.9,3.1,1,0.0,0,3.1,19.0,28.4,53.3,0,0,0,7,Open-Meteo Historical Weather API,ERA5
2024-10-07,CA_PNW,"Vancouver, BC",13.143,7.3,19.6,14.7,2,0.0,0,14.7,31.0,10.9,32.4,0,0,0,7,Open-Meteo Historical Weather API,ERA5
2024-10-07,CA_PRAIRIE,"Calgary, AB",8.471,-3.6,24.6,0.2,0,0.0,0,0.2,2.0,14.7,29.2,0,2,0,7,Open-Meteo Historical Weather API,ERA5
2024-10-07,CA_QC,"Montreal, QC",9.529,1.3,16.1,6.9,3,0.0,0,6.9,28.0,33.7,61.6,0,0,0,7,Open-Meteo Historical Weather API,ERA5
2024-10-07,US_MIDWEST,"Chicago, IL",15.2,9.0,27.0,34.9,2,0.0,0,34.9,23.0,36.9,67.0,0,0,0,7,Open-Meteo Historical Weather API,ERA5
2024-10-07,US_MTN,"Denver, CO",17.543,9.2,29.2,0.0,0,0.0,0,0.0,0.0,15.0,32.8,0,0,0,7,Open-Meteo Historical Weather API,ERA5
2024-10-07,US_NE,"New York, NY",15.5,6.9,22.9,10.2,1,0.0,0,10.2,7.0,19.0,36.4,0,0,0,7,Open-Meteo Historical Weather API,ERA5
2024-10-07,US_PNW,"Seattle, WA",13.514,7.1,23.0,6.1,2,0.0,0,6.1,24.0,14.8,34.2,0,0,0,7,Open-Meteo Historical Weather API,ERA5
2024-10-07,US_WEST,"San Francisco, CA",19.229,12.4,34.8,0.0,0,0.0,0,0.0,0.0,15.3,32.0,0,0,0,7,Open-Meteo Historical Weather API,ERA5
2024-10-14,CA_ON,"Toronto, ON",8.9,-0.5,23.0,1.9,1,0.0,0,1.9,11.0,26.8,48.6,0,0,0,7,Open-Meteo Historical Weather API,ERA5
2024-10-14,CA_PNW,"Vancouver, BC",11.257,6.8,15.8,217.5,6,0.0,0,217.5,108.0,19.3,51.5,0,0,0,7,Open-Meteo Historical Weather API,ERA5
2024-10-14,CA_PRAIRIE,"Calgary, AB",9.429,-4.9,24.7,0.2,0,0.0,0,0.2,1.0,21.2,41.0,0,2,0,7,Open-Meteo Historical Weather API,ERA5
2024-10-14,CA_QC,"Montreal, QC",7.814,-1.1,20.3,16.9,2,0.0,0,16.9,37.0,27.0,50.4,0,0,0,7,Open-Meteo Historical Weather API,ERA5
2024-10-14,US_MIDWEST,"Chicago, IL",10.843,3.3,24.3,13.1,2,0.0,0,13.1,39.0,36.1,68.4,0,0,0,7,Open-Meteo Historical Weather API,ERA5
2024-10-14,US_MTN,"Denver, CO",14.314,5.6,28.6,9.5,1,0.0,0,9.5,16.0,20.3,40.3,0,0,0,7,Open-Meteo Historical Weather API,ERA5
2024-10-14,US_NE,"New York, NY",11.9,4.9,21.5,0.3,0,0.0,0,0.3,1.0,29.3,54.0,0,0,0,7,Open-Meteo Historical Weather API,ERA5
2024-10-14,US_PNW,"Seattle, WA",13.129,8.1,18.5,32.4,6,0.0,0,32.4,94.0,24.4,55.1,0,0,0,7,Open-Meteo Historical Weather API,ERA5
2024-10-14,US_WEST,"San Francisco, CA",18.129,10.9,27.1,0.1,0,0.0,0,0.1,1.0,20.0,44.6,0,0,0,7,Open-Meteo Historical Weather API,ERA5
2024-10-21,CA_ON,"Toronto, ON",11.614,-0.0,25.7,1.1,0,0.0,0,1.1,5.0,26.9,52.6,0,0,0,7,Open-Meteo Historical Weather API,ERA5
2024-10-21,CA_PNW,"Vancouver, BC",9.6,3.8,14.4,70.0,4,0.0,0,70.0,77.0,19.8,69.1,0,0,0,7,Open-Meteo Historical Weather API,ERA5
2024-10-21,CA_PRAIRIE,"Calgary, AB",3.586,-6.6,17.5,0.3,0,6.3,1,9.3,20.0,31.0,67.3,0,5,0,7,Open-Meteo Historical Weather API,ERA5
2024-10-21,CA_QC,"Montreal, QC",10.629,-1.3,23.4,1.3,1,0.0,0,1.3,5.0,27.2,58.0,0,1,0,7,Open-Meteo Historical Weather API,ERA5
2024-10-21,US_MIDWEST,"Chicago, IL",12.814,3.6,25.3,13.3,1,0.0,0,13.3,10.0,25.4,51.8,0,0,0,7,Open-Meteo Historical Weather API,ERA5
2024-10-21,US_MTN,"Denver, CO",13.529,2.5,26.0,5.9,1,0.0,0,5.9,8.0,25.0,49.7,0,0,0,7,Open-Meteo Historical Weather API,ERA5
2024-10-21,US_NE,"New York, NY",14.786,6.1,24.6,0.2,0,0.0,0,0.2,1.0,21.2,41.0,0,0,0,7,Open-Meteo Historical Weather API,ERA5
2024-10-21,US_PNW,"Seattle, WA",10.429,5.5,15.5,45.5,4,0.0,0,45.5,65.0,27.6,57.2,0,0,0,7,Open-Meteo Historical Weather API,ERA5
2024-10-21,US_WEST,"San Francisco, CA",16.343,8.5,25.1,0.0,0,0.0,0,0.0,0.0,16.4,37.1,0,0,0,7,Open-Meteo Historical Weather API,ERA5
2024-10-28,CA_ON,"Toronto, ON",11.057,0.0,23.1,9.3,2,0.0,0,9.3,11.0,29.9,63.7,0,1,0,7,Open-Meteo Historical Weather API,ERA5
2024-10-28,CA_PNW,"Vancouver, BC",8.8,7.2,12.0,76.8,7,0.0,0,76.8,132.0,16.0,39.6,0,0,0,7,Open-Meteo Historical Weather API,ERA5
2024-10-28,CA_PRAIRIE,"Calgary, AB",0.357,-6.0,10.1,0.2,0,1.75,1,2.7,13.0,14.3,30.2,0,7,0,7,Open-Meteo Historical Weather API,ERA5
2024-10-28,CA_QC,"Montreal, QC",8.3,-6.2,24.6,24.6,4,0.0,0,24.6,23.0,34.5,66.2,0,3,0,7,Open-Meteo Historical Weather API,ERA5
2024-10-28,US_MIDWEST,"Chicago, IL",13.8,2.8,25.1,8.4,2,0.0,0,8.4,18.0,38.3,72.7,0,0,0,7,Open-Meteo Historical Weather API,ERA5
2024-10-28,US_MTN,"Denver, CO",8.671,-1.4,26.0,5.2,2,0.49,0,5.9,22.0,19.1,45.0,0,1,1,7,Open-Meteo Historical Weather API,ERA5
2024-10-28,US_NE,"New York, NY",14.043,3.9,25.2,1.7,1,0.0,0,1.7,4.0,23.8,40.3,0,0,0,7,Open-Meteo Historical Weather API,ERA5
2024-10-28,US_PNW,"Seattle, WA",9.286,6.4,12.9,51.5,6,0.0,0,51.5,123.0,18.9,38.2,0,0,0,7,Open-Meteo Historical Weather API,ERA5
2024-10-28,US_WEST,"San Francisco, CA",14.271,8.0,22.2,7.4,2,0.0,0,7.4,18.0,22.0,46.1,0,0,0,7,Open-Meteo Historical Weather API,ERA5
2024-11-04,CA_ON,"Toronto, ON",11.629,-0.8,22.2,12.7,3,0.0,0,12.7,29.0,27.0,52.6,0,1,0,7,Open-Meteo Historical Weather API,ERA5
2024-11-04,CA_PNW,"Vancouver, BC",9.6,5.9,13.9,55.6,4,0.0,0,55.6,52.0,26.3,68.8,0,0,0,7,Open-Meteo Historical Weather API,ERA5
2024-11-04,CA_PRAIRIE,"Calgary, AB",4.057,-5.6,16.4,1.3,0,2.45,1,4.8,23.0,24.9,49.0,0,5,0,7,Open-Meteo Historical Weather API,ERA5
2024-11-04,CA_QC,"Montreal, QC",8.329,-1.8,20.6,11.4,3,0.0,0,11.4,25.0,29.9,59.0,0,3,1,7,Open-Meteo Historical Weather API,ERA5
2024-11-04,US_MIDWEST,"Chicago, IL",12.671,6.2,18.7,54.5,3,0.0,0,54.5,54.0,35.3,70.9,0,0,0,7,Open-Meteo Historical Weather API,ERA5
2024-11-04,US_MTN,"Denver, CO",1.743,-9.8,14.0,2.1,1,31.64,6,47.3,88.0,23.0,42.5,0,6,1,7,Open-Meteo Historical Weather API,ERA5
2024-11-04,US_NE,"New York, NY",13.8,4.9,24.2,0.6,0,0.0,0,0.6,2.0,24.6,45.4,0,0,0,7,Open-Meteo Historical Weather API,ERA5
2024-11-04,US_PNW,"Seattle, WA",9.643,3.9,15.6,17.8,3,0.0,0,17.8,33.0,29.8,61.9,0,0,0,7,Open-Meteo Historical Weather API,ERA5
2024-11-04,US_WEST,"San Francisco, CA",14.814,7.2,22.3,0.0,0,0.0,0,0.0,0.0,25.0,52.6,0,0,0,7,Open-Meteo Historical Weather API,ERA5
2024-11-11,CA_ON,"Toronto, ON",6.486,-0.7,12.7,7.0,2,0.0,0,7.0,16.0,27.3,54.4,0,2,0,7,Open-Meteo Historical Weather API,ERA5
2024-11-11,CA_PNW,"Vancouver, BC",7.871,3.4,11.0,168.6,7,4.97,1,175.7,138.0,23.9,75.6,0,1,1,7,Open-Meteo Historical Weather API,ERA5
2024-11-11,CA_PRAIRIE,"Calgary, AB",2.1,-5.3,11.7,0.2,0,0.0,0,0.2,2.0,20.8,43.9,0,7,0,7,Open-Meteo Historical Weather API,ERA5
2024-11-11,CA_QC,"Montreal, QC",3.3,-4.6,12.7,16.4,2,0.0,0,16.4,27.0,26.9,51.8,0,5,1,7,Open-Meteo Historical Weather API,ERA5
2024-11-11,US_MIDWEST,"Chicago, IL",9.057,4.3,13.7,13.6,3,0.0,0,13.6,23.0,25.6,48.2,0,0,0,7,Open-Meteo Historical Weather API,ERA5
2024-11-11,US_MTN,"Denver, CO",2.929,-5.9,12.5,1.5,0,0.14,0,1.7,9.0,15.4,31.0,0,7,0,7,Open-Meteo Historical Weather API,ERA5
2024-11-11,US_NE,"New York, NY",9.657,2.4,19.3,6.5,1,0.0,0,6.5,6.0,29.0,55.8,0,0,0,7,Open-Meteo Historical Weather API,ERA5
2024-11-11,US_PNW,"Seattle, WA",8.9,4.1,13.2,83.4,7,0.0,0,83.4,144.0,25.5,67.7,0,0,0,7,Open-Meteo Historical Weather API,ERA5
2024-11-11,US_WEST,"San Francisco, CA",11.943,5.1,17.4,6.3,1,0.0,0,6.3,16.0,22.6,46.1,0,0,0,7,Open-Meteo Historical Weather API,ERA5
2024-11-18,CA_ON,"Toronto, ON",6.414,0.4,13.7,24.0,4,0.21,0,24.3,39.0,29.5,54.4,0,2,1,7,Open-Meteo Historical Weather API,ERA5
2024-11-18,CA_PNW,"Vancouver, BC",6.743,2.0,10.0,47.3,7,7.28,2,57.7,130.0,25.5,72.4,0,2,2,7,Open-Meteo Historical Weather API,ERA5
2024-11-18,CA_PRAIRIE,"Calgary, AB",-10.086,-21.5,-1.3,0.0,0,23.8,4,34.0,81.0,16.6,39.2,0,7,0,7,Open-Meteo Historical Weather API,ERA5
2024-11-18,CA_QC,"Montreal, QC",5.214,0.1,10.1,19.7,4,0.0,0,19.7,47.0,31.8,54.7,0,3,1,7,Open-Meteo Historical Weather API,ERA5
2024-11-18,US_MIDWEST,"Chicago, IL",6.914,-0.7,15.6,24.6,3,4.83,1,31.5,43.0,40.1,72.7,1,2,1,7,Open-Meteo Historical Weather API,ERA5
2024-11-18,US_MTN,"Denver, CO",4.843,-5.4,18.9,1.2,1,1.26,1,3.0,9.0,21.2,47.2,0,4,0,7,Open-Meteo Historical Weather API,ERA5
2024-11-18,US_NE,"New York, NY",8.886,3.4,17.8,47.6,3,0.0,0,47.6,54.0,32.9,60.5,0,1,1,7,Open-Meteo Historical Weather API,ERA5
2024-11-18,US_PNW,"Seattle, WA",7.429,3.3,14.0,44.5,6,0.35,0,45.0,113.0,29.5,77.8,0,0,0,7,Open-Meteo Historical Weather API,ERA5
2024-11-18,US_WEST,"San Francisco, CA",13.143,4.5,17.6,70.6,4,0.0,0,70.6,56.0,28.1,62.3,0,0,0,7,Open-Meteo Historical Weather API,ERA5
2024-11-25,CA_ON,"Toronto, ON",1.457,-3.4,7.2,4.7,2,0.63,0,5.6,29.0,30.1,57.6,0,6,1,7,Open-Meteo Historical Weather API,ERA5
2024-11-25,CA_PNW,"Vancouver, BC",4.643,1.2,9.7,11.8,3,0.07,0,11.9,61.0,10.3,23.4,0,4,2,7,Open-Meteo Historical Weather API,ERA5
2024-11-25,CA_PRAIRIE,"Calgary, AB",-16.071,-22.8,-5.6,0.0,0,0.49,0,0.7,7.0,14.4,31.0,0,7,0,7,Open-Meteo Historical Weather API,ERA5
2024-11-25,CA_QC,"Montreal, QC",0.971,-2.5,4.9,15.4,2,3.43,2,20.3,52.0,28.6,55.4,0,7,2,7,Open-Meteo Historical Weather API,ERA5
2024-11-25,US_MIDWEST,"Chicago, IL",-0.786,-9.4,10.1,1.3,1,0.0,0,1.3,10.0,27.5,50.0,0,6,0,7,Open-Meteo Historical Weather API,ERA5
2024-11-25,US_MTN,"Denver, CO",-1.414,-10.5,11.9,6.8,1,15.19,2,28.5,26.0,14.8,28.4,0,7,1,7,Open-Meteo Historical Weather API,ERA5
2024-11-25,US_NE,"New York, NY",5.4,-3.3,13.6,17.6,2,0.0,0,17.6,17.0,24.1,42.8,0,3,0,7,Open-Meteo Historical Weather API,ERA5
2024-11-25,US_PNW,"Seattle, WA",5.571,2.4,8.9,11.5,1,0.0,0,11.5,30.0,8.8,23.4,0,3,0,7,Open-Meteo Historical Weather API,ERA5
2024-11-25,US_WEST,"San Francisco, CA",10.829,3.1,17.1,4.2,1,0.0,0,4.2,18.0,13.0,30.6,0,0,0,7,Open-Meteo Historical Weather API,ERA5
2024-12-02,CA_ON,"Toronto, ON",-0.686,-8.5,6.5,0.4,0,6.72,2,10.0,37.0,34.9,59.8,0,7,0,7,Open-Meteo Historical Weather API,ERA5
2024-12-02,CA_PNW,"Vancouver, BC",6.271,2.4,10.8,49.9,3,0.0,0,49.9,39.0,14.9,46.4,0,3,0,7,Open-Meteo Historical Weather API,ERA5
2024-12-02,CA_PRAIRIE,"Calgary, AB",0.057,-18.2,6.8,0.5,0,0.35,0,1.0,9.0,24.1,40.7,0,7,0,7,Open-Meteo Historical Weather API,ERA5
2024-12-02,CA_QC,"Montreal, QC",-3.786,-12.1,0.8,0.6,0,12.32,3,18.2,49.0,27.0,49.7,0,7,0,7,Open-Meteo Historical Weather API,ERA5
2024-12-02,US_MIDWEST,"Chicago, IL",-1.614,-10.2,11.2,0.8,0,0.14,0,1.0,3.0,42.7,73.1,1,6,0,7,Open-Meteo Historical Weather API,ERA5
2024-12-02,US_MTN,"Denver, CO",1.171,-10.3,12.7,0.0,0,0.0,0,0.0,0.0,13.9,30.2,0,7,0,7,Open-Meteo Historical Weather API,ERA5
2024-12-02,US_NE,"New York, NY",1.929,-3.2,10.9,4.3,1,1.4,1,6.3,15.0,33.9,64.8,0,6,1,7,Open-Meteo Historical Weather API,ERA5
2024-12-02,US_PNW,"Seattle, WA",5.429,0.4,11.0,27.2,2,0.0,0,27.2,36.0,22.6,52.9,0,4,0,7,Open-Meteo Historical Weather API,ERA5
2024-12-02,US_WEST,"San Francisco, CA",11.514,5.3,19.2,0.0,0,0.0,0,0.0,0.0,8.7,20.9,0,0,0,7,Open-Meteo Historical Weather API,ERA5
2024-12-09,CA_ON,"Toronto, ON",-0.643,-10.5,7.1,15.2,4,1.19,0,16.9,30.0,42.6,80.3,1,7,4,7,Open-Meteo Historical Weather API,ERA5
2024-12-09,CA_PNW,"Vancouver, BC",5.843,1.2,9.3,59.4,3,0.07,0,59.5,70.0,31.0,87.1,0,2,0,7,Open-Meteo Historical Weather API,ERA5
2024-12-09,CA_PRAIRIE,"Calgary, AB",-2.9,-9.3,4.5,0.0,0,0.07,0,0.1,1.0,20.9,48.2,0,7,0,7,Open-Meteo Historical Weather API,ERA5
2024-12-09,CA_QC,"Montreal, QC",-4.571,-15.9,3.3,30.1,3,7.42,3,40.7,53.0,32.8,60.1,0,7,3,7,Open-Meteo Historical Weather API,ERA5
2024-12-09,US_MIDWEST,"Chicago, IL",-1.114,-14.9,10.2,11.8,2,0.14,0,12.0,20.0,33.5,58.7,0,6,2,7,Open-Meteo Historical Weather API,ERA5
2024-12-09,US_MTN,"Denver, CO",0.414,-9.2,14.0,0.0,0,2.17,1,3.1,13.0,14.5,31.3,0,7,0,7,Open-Meteo Historical Weather API,ERA5
2024-12-09,US_NE,"New York, NY",3.571,-5.0,15.9,51.0,3,0.0,0,51.0,35.0,29.4,68.4,0,4,0,7,Open-Meteo Historical Weather API,ERA5
2024-12-09,US_PNW,"Seattle, WA",5.786,1.1,10.0,19.4,4,0.0,0,19.4,47.0,31.6,72.7,0,2,0,7,Open-Meteo Historical Weather API,ERA5
2024-12-09,US_WEST,"San Francisco, CA",10.714,3.7,18.0,61.3,2,0.0,0,61.3,43.0,37.2,80.6,0,0,0,7,Open-Meteo Historical Weather API,ERA5
2024-12-16,CA_ON,"Toronto, ON",-2.029,-17.7,8.8,12.7,2,2.17,1,15.8,35.0,25.8,48.6,0,6,2,7,Open-Meteo Historical Weather API,ERA5
2024-12-16,CA_PNW,"Vancouver, BC",7.743,3.9,10.3,112.9,7,2.17,1,116.0,89.0,17.7,54.4,0,1,1,7,Open-Meteo Historical Weather API,ERA5
2024-12-16,CA_PRAIRIE,"Calgary, AB",-6.543,-16.8,5.0,2.5,1,2.52,1,6.1,37.0,16.8,37.1,0,7,1,7,Open-Meteo Historical Weather API,ERA5
2024-12-16,CA_QC,"Montreal, QC",-4.543,-16.6,7.3,10.2,2,2.45,1,13.7,33.0,30.5,64.1,0,6,1,7,Open-Meteo Historical Weather API,ERA5
2024-12-16,US_MIDWEST,"Chicago, IL",-0.386,-7.7,9.8,2.3,1,3.43,2,7.2,38.0,32.4,63.4,0,6,0,7,Open-Meteo Historical Weather API,ERA5
2024-12-16,US_MTN,"Denver, CO",3.957,-4.4,17.5,0.1,0,0.0,0,0.1,1.0,17.2,33.5,0,5,0,7,Open-Meteo Historical Weather API,ERA5
2024-12-16,US_NE,"New York, NY",2.943,-9.2,12.7,29.5,5,2.03,1,32.3,53.0,28.2,51.1,0,3,1,7,Open-Meteo Historical Weather API,ERA5
2024-12-16,US_PNW,"Seattle, WA",8.571,5.1,12.9,69.4,6,0.0,0,69.4,79.0,32.5,77.8,0,0,0,7,Open-Meteo Historical Weather API,ERA5
2024-12-16,US_WEST,"San Francisco, CA",10.457,6.2,16.9,9.8,3,0.0,0,9.8,25.0,16.7,41.0,0,0,0,7,Open-Meteo Historical Weather API,ERA5
2024-12-23,CA_ON,"Toronto, ON",0.714,-9.2,10.3,27.6,1,5.88,2,36.0,41.0,21.9,58.7,0,5,0,7,Open-Meteo Historical Weather API,ERA5
2024-12-23,CA_PNW,"Vancouver, BC",7.314,5.4,10.0,118.1,7,2.8,1,122.1,127.0,21.7,61.9,0,0,0,7,Open-Meteo Historical Weather API,ERA5
2024-12-23,CA_PRAIRIE,"Calgary, AB",0.014,-5.7,8.4,0.0,0,0.0,0,0.0,0.0,20.7,40.0,0,7,0,7,Open-Meteo Historical Weather API,ERA5
2024-12-23,CA_QC,"Montreal, QC",-10.114,-18.2,4.1,6.3,1,6.86,2,16.1,25.0,13.7,25.6,0,7,1,7,Open-Meteo Historical Weather API,ERA5
2024-12-23,US_MIDWEST,"Chicago, IL",4.414,-0.9,9.6,20.4,4,0.0,0,20.4,52.0,31.5,52.9,0,4,1,7,Open-Meteo Historical Weather API,ERA5
2024-12-23,US_MTN,"Denver, CO",4.4,-3.3,15.0,3.7,1,0.0,0,3.7,9.0,13.9,33.8,0,5,1,7,Open-Meteo Historical Weather API,ERA5
2024-12-23,US_NE,"New York, NY",0.386,-11.7,14.5,7.9,2,0.98,0,9.3,32.0,26.1,40.0,0,6,1,7,Open-Meteo Historical Weather API,ERA5
2024-12-23,US_PNW,"Seattle, WA",8.386,5.9,11.8,77.5,7,0.0,0,77.5,112.0,29.8,69.1,0,0,0,7,Open-Meteo Historical Weather API,ERA5
2024-12-23,US_WEST,"San Francisco, CA",13.771,5.7,17.4,27.7,4,0.0,0,27.7,44.0,26.0,52.9,0,0,0,7,Open-Meteo Historical Weather API,ERA5
2024-12-30,CA_ON,"Toronto, ON",0.129,-5.6,11.2,9.3,3,1.61,0,11.6,43.0,34.2,65.9,0,6,2,7,Open-Meteo Historical Weather API,ERA5
2024-12-30,CA_PNW,"Vancouver, BC",5.386,3.2,8.6,34.0,5,0.91,0,35.3,70.0,13.0,32.4,0,3,2,7,Open-Meteo Historical Weather API,ERA5
2024-12-30,CA_PRAIRIE,"Calgary, AB",-11.557,-19.4,-2.5,0.0,0,3.15,1,4.5,42.0,15.8,32.8,0,7,0,7,Open-Meteo Historical Weather API,ERA5
2024-12-30,CA_QC,"Montreal, QC",-2.686,-14.3,8.8,8.6,2,6.86,2,18.4,71.0,37.6,66.6,0,6,1,7,Open-Meteo Historical Weather API,ERA5
2024-12-30,US_MIDWEST,"Chicago, IL",-2.614,-10.8,5.7,6.1,1,0.84,0,7.3,28.0,30.8,52.9,0,7,1,7,Open-Meteo Historical Weather API,ERA5
2024-12-30,US_MTN,"Denver, CO",-0.757,-8.2,11.7,0.0,0,2.94,1,4.2,23.0,26.9,53.6,0,6,0,7,Open-Meteo Historical Weather API,ERA5
2024-12-30,US_NE,"New York, NY",4.143,-2.2,13.5,17.8,3,0.0,0,17.8,18.0,29.2,55.4,0,4,0,7,Open-Meteo Historical Weather API,ERA5
2024-12-30,US_PNW,"Seattle, WA",6.386,2.2,10.1,31.6,6,0.21,0,31.9,67.0,16.1,34.6,0,2,1,7,Open-Meteo Historical Weather API,ERA5
2024-12-30,US_WEST,"San Francisco, CA",10.343,4.9,16.1,6.3,1,0.0,0,6.3,11.0,19.8,38.2,0,0,0,7,Open-Meteo Historical Weather API,ERA5
2025-01-06,CA_ON,"Toronto, ON",-6.271,-13.2,0.9,0.1,0,4.13,3,6.0,24.0,26.4,50.8,0,7,0,7,Open-Meteo Historical Weather API,ERA5
2025-01-06,CA_PNW,"Vancouver, BC",5.9,2.5,9.3,17.8,3,0.0,0,17.8,42.0,13.3,32.4,0,1,0,7,Open-Meteo Historical Weather API,ERA5
2025-01-06,CA_PRAIRIE,"Calgary, AB",-1.257,-15.4,6.3,0.7,0,2.24,1,3.9,22.0,29.3,53.3,0,7,0,7,Open-Meteo Historical Weather API,ERA5
2025-01-06,CA_QC,"Montreal, QC",-10.014,-15.1,-5.6,0.0,0,9.03,4,12.9,75.0,27.2,49.7,0,7,0,7,Open-Meteo Historical Weather API,ERA5
2025-01-06,US_MIDWEST,"Chicago, IL",-3.829,-11.3,1.8,0.2,0,5.18,2,7.6,44.0,31.8,53.3,0,7,0,7,Open-Meteo Historical Weather API,ERA5
2025-01-06,US_MTN,"Denver, CO",-4.371,-15.2,4.1,0.1,0,8.33,2,12.0,35.0,23.8,41.8,0,7,0,7,Open-Meteo Historical Weather API,ERA5
2025-01-06,US_NE,"New York, NY",-1.671,-6.3,4.5,0.0,0,2.66,2,3.8,17.0,31.3,60.1,0,7,0,7,Open-Meteo Historical Weather API,ERA5
2025-01-06,US_PNW,"Seattle, WA",6.671,3.5,9.8,13.3,2,0.0,0,13.3,26.0,18.2,34.2,0,0,0,7,Open-Meteo Historical Weather API,ERA5
2025-01-06,US_WEST,"San Francisco, CA",12.943,6.0,21.0,0.0,0,0.0,0,0.0,0.0,19.4,43.2,0,0,0,7,Open-Meteo Historical Weather API,ERA5
2025-01-13,CA_ON,"Toronto, ON",-3.814,-10.9,3.6,3.0,1,3.22,0,7.6,36.0,30.3,54.4,0,7,1,7,Open-Meteo Historical Weather API,ERA5
2025-01-13,CA_PNW,"Vancouver, BC",3.757,-0.6,8.4,0.7,0,0.0,0,0.7,5.0,15.0,35.6,0,7,0,7,Open-Meteo Historical Weather API,ERA5
2025-01-13,CA_PRAIRIE,"Calgary, AB",-4.1,-17.0,7.6,0.6,0,0.7,0,1.6,11.0,34.3,67.0,0,7,0,7,Open-Meteo Historical Weather API,ERA5
2025-01-13,CA_QC,"Montreal, QC",-5.886,-14.6,2.0,1.6,1,4.41,2,7.9,40.0,27.6,52.6,0,7,1,7,Open-Meteo Historical Weather API,ERA5
2025-01-13,US_MIDWEST,"Chicago, IL",-6.114,-15.7,7.9,0.0,0,1.12,0,1.6,9.0,34.2,57.2,0,7,0,7,Open-Meteo Historical Weather API,ERA5
2025-01-13,US_MTN,"Denver, CO",-6.029,-22.1,14.8,0.0,0,6.09,2,8.7,33.0,20.1,38.2,0,7,0,7,Open-Meteo Historical Weather API,ERA5
2025-01-13,US_NE,"New York, NY",-0.686,-6.5,5.8,5.5,1,4.62,1,12.1,19.0,23.9,46.1,0,7,1,7,Open-Meteo Historical Weather API,ERA5
2025-01-13,US_PNW,"Seattle, WA",3.586,-0.7,6.7,0.7,0,0.0,0,0.7,7.0,13.3,25.9,0,7,0,7,Open-Meteo Historical Weather API,ERA5
2025-01-13,US_WEST,"San Francisco, CA",8.929,2.5,16.9,0.0,0,0.0,0,0.0,0.0,18.7,38.5,0,0,0,7,Open-Meteo Historical Weather API,ERA5
2025-01-20,CA_ON,"Toronto, ON",-8.629,-18.4,1.0,0.0,0,1.89,1,2.7,21.0,27.1,52.9,0,7,0,7,Open-Meteo Historical Weather API,ERA5
2025-01-20,CA_PNW,"Vancouver, BC",2.214,-1.7,8.2,0.0,0,0.07,0,0.1,1.0,9.3,19.1,0,7,0,7,Open-Meteo Historical Weather API,ERA5
2025-01-20,CA_PRAIRIE,"Calgary, AB",-3.529,-20.6,7.5,0.0,0,0.63,0,0.9,8.0,33.8,68.0,0,7,0,7,Open-Meteo Historical Weather API,ERA5
2025-01-20,CA_QC,"Montreal, QC",-12.886,-23.3,-1.4,0.0,0,2.66,1,3.8,28.0,31.4,64.8,0,7,0,7,Open-Meteo Historical Weather API,ERA5
2025-01-20,US_MIDWEST,"Chicago, IL",-9.829,-21.4,3.9,0.1,0,1.4,0,2.1,20.0,30.6,52.9,0,7,0,7,Open-Meteo Historical Weather API,ERA5
2025-01-20,US_MTN,"Denver, CO",-7.5,-22.3,7.0,0.0,0,5.95,2,8.5,33.0,17.7,37.8,0,7,0,7,Open-Meteo Historical Weather API,ERA5
2025-01-20,US_NE,"New York, NY",-5.6,-13.1,5.1,0.0,0,0.21,0,0.3,3.0,20.3,39.2,0,7,0,7,Open-Meteo Historical Weather API,ERA5
2025-01-20,US_PNW,"Seattle, WA",2.386,-1.7,7.4,0.0,0,0.0,0,0.0,0.0,13.7,29.5,0,7,0,7,Open-Meteo Historical Weather API,ERA5
2025-01-20,US_WEST,"San Francisco, CA",9.757,1.8,18.5,0.4,0,0.0,0,0.4,4.0,21.1,42.5,0,0,0,7,Open-Meteo Historical Weather API,ERA5
2025-01-27,CA_ON,"Toronto, ON",-5.3,-16.9,2.4,0.3,0,5.88,2,8.7,32.0,35.9,67.7,0,7,0,7,Open-Meteo Historical Weather API,ERA5
2025-01-27,CA_PNW,"Vancouver, BC",2.471,-1.6,7.7,31.1,2,15.68,3,53.5,68.0,19.7,47.9,0,7,2,7,Open-Meteo Historical Weather API,ERA5
2025-01-27,CA_PRAIRIE,"Calgary, AB",-4.471,-26.2,10.0,0.0,0,1.33,0,1.8,17.0,24.1,44.3,0,7,0,7,Open-Meteo Historical Weather API,ERA5
2025-01-27,CA_QC,"Montreal, QC",-12.043,-23.9,1.1,0.1,0,6.44,2,9.3,39.0,37.2,68.8,0,7,0,7,Open-Meteo Historical Weather API,ERA5
2025-01-27,US_MIDWEST,"Chicago, IL",1.557,-7.6,9.1,33.9,2,0.84,0,35.1,28.0,36.5,61.6,0,7,2,7,Open-Meteo Historical Weather API,ERA5
2025-01-27,US_MTN,"Denver, CO",0.729,-14.1,17.7,0.4,0,0.07,0,0.5,5.0,15.0,37.4,0,6,0,7,Open-Meteo Historical Weather API,ERA5
2025-01-27,US_NE,"New York, NY",0.814,-9.4,9.2,11.6,2,2.17,1,14.7,29.0,27.4,50.8,0,7,2,7,Open-Meteo Historical Weather API,ERA5
2025-01-27,US_PNW,"Seattle, WA",3.157,-2.0,9.1,30.0,4,0.63,0,30.9,50.0,25.8,51.1,0,6,3,7,Open-Meteo Historical Weather API,ERA5
2025-01-27,US_WEST,"San Francisco, CA",10.786,2.0,16.3,14.2,2,0.0,0,14.2,44.0,21.1,47.2,0,0,0,7,Open-Meteo Historical Weather API,ERA5
2025-02-03,CA_ON,"Toronto, ON",-4.671,-15.4,2.2,2.4,1,9.87,4,16.5,45.0,30.6,55.4,0,7,1,7,Open-Meteo Historical Weather API,ERA5
2025-02-03,CA_PNW,"Vancouver, BC",-1.843,-6.9,3.9,0.1,0,6.72,1,9.7,43.0,18.3,40.0,0,7,0,7,Open-Meteo Historical Weather API,ERA5
2025-02-03,CA_PRAIRIE,"Calgary, AB",-19.471,-27.8,-8.1,0.0,0,3.85,2,5.5,42.0,14.9,33.8,0,7,0,7,Open-Meteo Historical Weather API,ERA5
2025-02-03,CA_QC,"Montreal, QC",-9.014,-20.9,-1.0,0.3,0,10.5,3,15.3,52.0,36.5,63.4,0,7,0,7,Open-Meteo Historical Weather API,ERA5
2025-02-03,US_MIDWEST,"Chicago, IL",-1.786,-7.1,4.4,0.4,0,3.43,3,5.3,21.0,33.8,56.2,0,7,0,7,Open-Meteo Historical Weather API,ERA5
2025-02-03,US_MTN,"Denver, CO",3.314,-8.3,18.8,0.9,0,6.23,2,9.8,30.0,19.2,48.6,0,4,0,7,Open-Meteo Historical Weather API,ERA5
2025-02-03,US_NE,"New York, NY",0.843,-4.6,6.6,11.7,2,10.15,3,26.2,30.0,25.9,47.5,0,7,2,7,Open-Meteo Historical Weather API,ERA5
2025-02-03,US_PNW,"Seattle, WA",2.186,-2.9,5.2,12.9,4,4.9,2,19.9,85.0,14.3,28.4,0,7,4,7,Open-Meteo Historical Weather API,ERA5
2025-02-03,US_WEST,"San Francisco, CA",10.886,4.1,16.6,47.4,3,0.0,0,47.4,53.0,35.0,95.8,0,0,0,7,Open-Meteo Historical Weather API,ERA5
2025-02-10,CA_ON,"Toronto, ON",-5.943,-11.2,-1.9,0.8,0,35.42,4,51.4,65.0,29.7,54.0,0,7,0,7,Open-Meteo Historical Weather API,ERA5
2025-02-10,CA_PNW,"Vancouver, BC",-0.343,-10.5,5.4,18.1,2,3.15,1,22.6,47.0,14.2,37.1,0,7,2,7,Open-Meteo Historical Weather API,ERA5
2025-02-10,CA_PRAIRIE,"Calgary, AB",-17.686,-26.5,-6.9,0.0,0,2.45,1,3.5,31.0,17.7,40.7,0,7,0,7,Open-Meteo Historical Weather API,ERA5
2025-02-10,CA_QC,"Montreal, QC",-10.671,-19.7,-2.0,0.5,0,33.95,3,49.0,55.0,35.9,66.6,0,7,0,7,Open-Meteo Historical Weather API,ERA5
2025-02-10,US_MIDWEST,"Chicago, IL",-5.229,-17.4,-0.3,0.1,0,12.53,3,18.0,56.0,31.5,55.4,0,7,0,7,Open-Meteo Historical Weather API,ERA5
2025-02-10,US_MTN,"Denver, CO",-7.357,-20.7,10.9,2.5,1,6.79,3,12.2,37.0,21.1,40.7,0,7,1,7,Open-Meteo Historical Weather API,ERA5
2025-02-10,US_NE,"New York, NY",0.714,-5.1,8.7,32.9,3,7.21,2,43.2,61.0,29.5,69.1,0,7,3,7,Open-Meteo Historical Weather API,ERA5
2025-02-10,US_PNW,"Seattle, WA",2.286,-4.3,9.3,11.3,2,2.03,1,14.2,53.0,14.2,33.1,0,6,1,7,Open-Meteo Historical Weather API,ERA5
2025-02-10,US_WEST,"San Francisco, CA",10.357,3.0,15.0,49.5,3,0.0,0,49.5,44.0,33.8,74.9,0,0,0,7,Open-Meteo Historical Weather API,ERA5
2025-02-17,CA_ON,"Toronto, ON",-7.943,-13.2,1.4,0.0,0,1.54,0,2.2,22.0,34.4,64.1,0,7,0,7,Open-Meteo Historical Weather API,ERA5
2025-02-17,CA_PNW,"Vancouver, BC",7.757,4.6,11.8,105.6,5,0.0,0,105.6,108.0,21.6,54.4,0,0,0,7,Open-Meteo Historical Weather API,ERA5
2025-02-17,CA_PRAIRIE,"Calgary, AB",-8.014,-26.0,10.3,0.0,0,0.28,0,0.4,4.0,32.6,64.4,0,6,0,7,Open-Meteo Historical Weather API,ERA5
2025-02-17,CA_QC,"Montreal, QC",-10.514,-17.8,-1.1,0.0,0,2.66,1,3.8,19.0,38.5,68.0,0,7,0,7,Open-Meteo Historical Weather API,ERA5
2025-02-17,US_MIDWEST,"Chicago, IL",-9.014,-19.2,5.7,0.0,0,0.07,0,0.1,1.0,25.7,43.9,0,7,0,7,Open-Meteo Historical Weather API,ERA5
2025-02-17,US_MTN,"Denver, CO",-5.057,-19.7,13.5,0.2,0,6.37,3,9.3,31.0,15.8,29.9,0,7,0,7,Open-Meteo Historical Weather API,ERA5
2025-02-17,US_NE,"New York, NY",-2.229,-8.0,6.4,0.0,0,0.84,0,1.2,8.0,34.4,65.9,0,7,0,7,Open-Meteo Historical Weather API,ERA5
2025-02-17,US_PNW,"Seattle, WA",8.7,5.9,12.5,65.7,6,0.0,0,65.7,94.0,31.2,67.0,0,0,0,7,Open-Meteo Historical Weather API,ERA5
2025-02-17,US_WEST,"San Francisco, CA",12.043,6.2,19.1,0.8,0,0.0,0,0.8,4.0,18.9,40.0,0,0,0,7,Open-Meteo Historical Weather API,ERA5
2025-02-24,CA_ON,"Toronto, ON",-1.071,-18.6,6.8,1.1,0,2.87,1,5.2,24.0,36.7,67.0,0,7,0,7,Open-Meteo Historical Weather API,ERA5
2025-02-24,CA_PNW,"Vancouver, BC",9.2,5.5,14.6,29.4,2,0.0,0,29.4,35.0,22.5,55.4,0,0,0,7,Open-Meteo Historical Weather API,ERA5
2025-02-24,CA_PRAIRIE,"Calgary, AB",4.986,-1.7,14.0,0.0,0,0.07,0,0.1,1.0,24.6,48.2,0,5,0,7,Open-Meteo Historical Weather API,ERA5
2025-02-24,CA_QC,"Montreal, QC",-3.957,-19.3,5.6,8.8,3,5.6,2,16.8,51.0,31.2,53.3,0,7,3,7,Open-Meteo Historical Weather API,ERA5
2025-02-24,US_MIDWEST,"Chicago, IL",2.6,-8.5,13.3,2.7,1,0.0,0,2.7,14.0,36.4,61.6,0,4,1,7,Open-Meteo Historical Weather API,ERA5
2025-02-24,US_MTN,"Denver, CO",6.5,-5.0,19.2,0.4,0,0.07,0,0.5,4.0,15.7,32.4,0,2,0,7,Open-Meteo Historical Weather API,ERA5
2025-02-24,US_NE,"New York, NY",5.143,-5.9,15.2,2.2,1,0.0,0,2.2,11.0,31.2,55.1,0,2,0,7,Open-Meteo Historical Weather API,ERA5
2025-02-24,US_PNW,"Seattle, WA",8.957,2.8,16.2,31.2,2,0.0,0,31.2,37.0,36.0,76.0,0,0,0,7,Open-Meteo Historical Weather API,ERA5
2025-02-24,US_WEST,"San Francisco, CA",13.471,6.8,22.2,1.4,1,0.0,0,1.4,10.0,30.5,64.1,0,0,0,7,Open-Meteo Historical Weather API,ERA5
2025-03-03,CA_ON,"Toronto, ON",0.071,-11.5,7.6,19.1,2,0.21,0,19.4,30.0,32.1,61.2,0,7,2,7,Open-Meteo Historical Weather API,ERA5
2025-03-03,CA_PNW,"Vancouver, BC",7.214,2.6,11.0,85.0,5,0.21,0,85.3,93.0,19.4,50.0,0,0,0,7,Open-Meteo Historical Weather API,ERA5
2025-03-03,CA_PRAIRIE,"Calgary, AB",2.043,-8.7,12.5,0.2,0,3.01,1,4.5,16.0,33.8,70.6,0,5,0,7,Open-Meteo Historical Weather API,ERA5
2025-03-03,CA_QC,"Montreal, QC",-3.357,-22.7,6.2,16.5,2,5.95,1,25.0,58.0,35.1,63.0,0,7,2,7,Open-Meteo Historical Weather API,ERA5
2025-03-03,US_MIDWEST,"Chicago, IL",3.6,-3.6,13.3,26.8,4,1.82,1,29.4,49.0,34.9,64.4,0,4,2,7,Open-Meteo Historical Weather API,ERA5
2025-03-03,US_MTN,"Denver, CO",4.829,-4.5,19.8,4.1,1,2.87,1,8.2,30.0,31.8,63.0,0,4,1,7,Open-Meteo Historical Weather API,ERA5
2025-03-03,US_NE,"New York, NY",5.243,-6.0,12.3,33.9,2,0.0,0,33.9,18.0,32.8,72.4,0,3,0,7,Open-Meteo Historical Weather API,ERA5
2025-03-03,US_PNW,"Seattle, WA",8.086,2.8,13.1,17.5,3,0.0,0,17.5,31.0,21.9,49.0,0,0,0,7,Open-Meteo Historical Weather API,ERA5
2025-03-03,US_WEST,"San Francisco, CA",11.4,5.0,18.6,4.8,2,0.0,0,4.8,19.0,23.4,48.2,0,0,0,7,Open-Meteo Historical Weather API,ERA5
2025-03-10,CA_ON,"Toronto, ON",4.929,-5.2,16.6,15.5,2,0.0,0,15.5,19.0,34.4,77.8,0,3,0,7,Open-Meteo Historical Weather API,ERA5
2025-03-10,CA_PNW,"Vancouver, BC",5.557,1.9,10.1,58.0,6,14.0,5,78.0,135.0,13.3,36.4,0,2,2,7,Open-Meteo Historical Weather API,ERA5
2025-03-10,CA_PRAIRIE,"Calgary, AB",-3.543,-10.0,5.7,0.3,0,4.69,1,7.0,30.0,22.2,53.6,0,7,0,7,Open-Meteo Historical Weather API,ERA5
2025-03-10,CA_QC,"Montreal, QC",1.457,-10.7,15.0,10.8,1,2.59,1,14.5,23.0,29.9,72.0,0,5,0,7,Open-Meteo Historical Weather API,ERA5
2025-03-10,US_MIDWEST,"Chicago, IL",7.886,-1.2,21.6,10.0,2,3.01,1,14.3,22.0,39.4,82.8,0,2,1,7,Open-Meteo Historical Weather API,ERA5
2025-03-10,US_MTN,"Denver, CO",7.714,-3.6,21.7,1.5,1,0.77,0,2.6,8.0,29.6,57.6,0,1,0,7,Open-Meteo Historical Weather API,ERA5
2025-03-10,US_NE,"New York, NY",8.229,2.3,17.0,4.3,1,0.0,0,4.3,5.0,31.7,72.4,0,0,0,7,Open-Meteo Historical Weather API,ERA5
2025-03-10,US_PNW,"Seattle, WA",6.7,1.9,10.6,55.5,7,0.21,0,55.8,108.0,31.6,63.0,0,0,0,7,Open-Meteo Historical Weather API,ERA5
2025-03-10,US_WEST,"San Francisco, CA",11.729,7.0,19.2,40.4,4,0.0,0,40.4,62.0,38.0,73.8,0,0,0,7,Open-Meteo Historical Weather API,ERA5
2025-03-17,CA_ON,"Toronto, ON",4.157,-8.0,20.6,4.2,1,0.14,0,4.4,14.0,31.6,61.2,0,4,0,7,Open-Meteo Historical Weather API,ERA5
2025-03-17,CA_PNW,"Vancouver, BC",6.329,1.4,9.8,97.4,6,3.92,1,103.0,118.0,19.2,46.1,0,0,0,7,Open-Meteo Historical Weather API,ERA5
2025-03-17,CA_PRAIRIE,"Calgary, AB",0.929,-8.0,9.7,0.3,0,0.35,0,0.8,8.0,22.6,50.8,0,7,0,7,Open-Meteo Historical Weather API,ERA5
2025-03-17,CA_QC,"Montreal, QC",2.529,-12.6,17.3,6.3,4,0.77,0,7.4,29.0,31.3,54.7,0,5,3,7,Open-Meteo Historical Weather API,ERA5
2025-03-17,US_MIDWEST,"Chicago, IL",5.143,-2.8,17.2,18.7,2,3.64,1,23.9,36.0,38.5,82.8,0,4,1,7,Open-Meteo Historical Weather API,ERA5
2025-03-17,US_MTN,"Denver, CO",7.5,-4.0,21.9,1.0,0,2.17,1,4.1,11.0,30.2,58.3,0,2,0,7,Open-Meteo Historical Weather API,ERA5
2025-03-17,US_NE,"New York, NY",8.3,0.3,15.5,33.4,3,0.0,0,33.4,25.0,31.0,63.7,0,1,0,7,Open-Meteo Historical Weather API,ERA5
2025-03-17,US_PNW,"Seattle, WA",7.714,1.9,12.3,69.3,6,0.0,0,69.3,109.0,27.2,58.0,0,0,0,7,Open-Meteo Historical Weather API,ERA5
2025-03-17,US_WEST,"San Francisco, CA",11.871,5.4,19.8,8.5,1,0.0,0,8.5,18.0,28.1,61.6,0,0,0,7,Open-Meteo Historical Weather API,ERA5
2025-03-24,CA_ON,"Toronto, ON",1.8,-6.1,11.5,21.9,5,2.1,1,24.9,71.0,31.6,73.1,0,7,5,7,Open-Meteo Historical Weather API,ERA5
2025-03-24,CA_PNW,"Vancouver, BC",10.329,4.4,17.0,81.3,5,0.0,0,81.3,96.0,14.5,46.1,0,0,0,7,Open-Meteo Historical Weather API,ERA5
2025-03-24,CA_PRAIRIE,"Calgary, AB",0.786,-6.2,13.7,1.9,0,4.06,1,7.7,42.0,17.3,34.2,0,6,0,7,Open-Meteo Historical Weather API,ERA5
2025-03-24,CA_QC,"Montreal, QC",-0.143,-11.6,7.1,15.4,2,9.24,3,28.6,68.0,22.8,43.6,0,7,2,7,Open-Meteo Historical Weather API,ERA5
2025-03-24,US_MIDWEST,"Chicago, IL",8.543,-1.3,22.1,23.0,3,0.0,0,23.0,36.0,38.0,60.5,0,3,0,7,Open-Meteo Historical Weather API,ERA5
2025-03-24,US_MTN,"Denver, CO",11.971,1.9,24.4,24.5,2,0.77,0,25.6,30.0,19.8,45.0,0,0,0,7,Open-Meteo Historical Weather API,ERA5
2025-03-24,US_NE,"New York, NY",8.771,1.1,22.9,18.5,4,0.0,0,18.5,31.0,27.8,54.0,0,0,0,7,Open-Meteo Historical Weather API,ERA5
2025-03-24,US_PNW,"Seattle, WA",11.4,4.6,18.1,45.3,4,0.0,0,45.3,82.0,19.8,45.7,0,0,0,7,Open-Meteo Historical Weather API,ERA5
2025-03-24,US_WEST,"San Francisco, CA",15.114,7.2,27.6,8.5,2,0.0,0,8.5,30.0,33.9,62.6,0,0,0,7,Open-Meteo Historical Weather API,ERA5
2025-03-31,CA_ON,"Toronto, ON",5.057,-1.5,18.4,29.7,4,3.36,1,34.5,33.0,32.9,73.8,0,3,1,7,Open-Meteo Historical Weather API,ERA5
2025-03-31,CA_PNW,"Vancouver, BC",9.7,3.5,18.4,50.4,4,0.0,0,50.4,76.0,12.4,31.7,0,0,0,7,Open-Meteo Historical Weather API,ERA5
2025-03-31,CA_PRAIRIE,"Calgary, AB",1.7,-15.4,20.0,3.4,1,5.88,2,11.8,28.0,17.6,36.7,0,5,1,7,Open-Meteo Historical Weather API,ERA5
2025-03-31,CA_QC,"Montreal, QC",3.8,-7.7,17.1,36.2,4,1.89,1,38.9,57.0,30.8,60.1,0,3,1,7,Open-Meteo Historical Weather API,ERA5
2025-03-31,US_MIDWEST,"Chicago, IL",5.529,-0.7,16.8,45.8,3,0.0,0,45.8,35.0,36.0,70.6,0,4,1,7,Open-Meteo Historical Weather API,ERA5
2025-03-31,US_MTN,"Denver, CO",3.657,-6.7,16.3,2.8,2,5.95,4,11.3,42.0,24.5,51.1,0,5,1,7,Open-Meteo Historical Weather API,ERA5
2025-03-31,US_NE,"New York, NY",11.329,3.0,21.0,48.8,6,0.0,0,48.8,61.0,23.5,47.9,0,0,0,7,Open-Meteo Historical Weather API,ERA5
2025-03-31,US_PNW,"Seattle, WA",9.714,4.5,20.6,29.4,4,0.0,0,29.4,68.0,14.5,36.0,0,0,0,7,Open-Meteo Historical Weather API,ERA5
2025-03-31,US_WEST,"San Francisco, CA",12.757,6.4,21.3,12.0,2,0.0,0,12.0,42.0,29.2,62.3,0,0,0,7,Open-Meteo Historical Weather API,ERA5
2025-04-07,CA_ON,"Toronto, ON",2.343,-6.1,14.8,2.6,1,2.45,1,6.1,31.0,34.4,62.3,0,5,1,7,Open-Meteo Historical Weather API,ERA5
2025-04-07,CA_PNW,"Vancouver, BC",9.286,2.6,14.8,70.2,5,0.0,0,70.2,78.0,18.3,54.7,0,0,0,7,Open-Meteo Historical Weather API,ERA5
2025-04-07,CA_PRAIRIE,"Calgary, AB",7.329,-2.4,18.5,3.3,1,0.42,0,3.9,16.0,25.1,52.2,0,2,1,7,Open-Meteo Historical Weather API,ERA5
2025-04-07,CA_QC,"Montreal, QC",2.643,-8.0,14.1,3.1,1,7.42,1,13.7,43.0,22.7,44.3,0,5,1,7,Open-Meteo Historical Weather API,ERA5
2025-04-07,US_MIDWEST,"Chicago, IL",4.729,-2.7,14.4,4.7,1,0.0,0,4.7,17.0,33.3,59.4,0,5,1,7,Open-Meteo Historical Weather API,ERA5
2025-04-07,US_MTN,"Denver, CO",13.243,-1.1,28.8,2.6,1,0.0,0,2.6,6.0,22.8,45.7,0,0,0,7,Open-Meteo Historical Weather API,ERA5
2025-04-07,US_NE,"New York, NY",6.086,0.7,13.6,34.4,3,0.56,0,35.2,64.0,34.5,66.2,0,2,1,7,Open-Meteo Historical Weather API,ERA5
2025-04-07,US_PNW,"Seattle, WA",9.9,4.5,17.5,41.3,4,0.0,0,41.3,61.0,23.2,61.2,0,0,0,7,Open-Meteo Historical Weather API,ERA5
2025-04-07,US_WEST,"San Francisco, CA",14.9,7.4,24.8,0.0,0,0.0,0,0.0,0.0,19.3,41.0,0,0,0,7,Open-Meteo Historical Weather API,ERA5
2025-04-14,CA_ON,"Toronto, ON",8.386,-1.9,20.2,3.5,2,0.0,0,3.5,16.0,33.3,64.1,0,1,0,7,Open-Meteo Historical Weather API,ERA5
2025-04-14,CA_PNW,"Vancouver, BC",10.843,4.4,17.5,1.9,1,0.0,0,1.9,12.0,11.6,37.1,0,0,0,7,Open-Meteo Historical Weather API,ERA5
2025-04-14,CA_PRAIRIE,"Calgary, AB",5.886,-5.8,18.7,12.6,3,0.49,0,13.3,50.0,25.3,58.0,0,3,2,7,Open-Meteo Historical Weather API,ERA5
2025-04-14,CA_QC,"Montreal, QC",7.5,-3.4,18.6,12.2,4,0.42,0,12.8,41.0,31.7,60.5,0,2,0,7,Open-Meteo Historical Weather API,ERA5
2025-04-14,US_MIDWEST,"Chicago, IL",10.129,1.8,22.0,10.9,4,0.0,0,10.9,20.0,35.5,62.3,0,1,0,7,Open-Meteo Historical Weather API,ERA5
2025-04-14,US_MTN,"Denver, CO",8.014,-3.5,24.7,3.2,2,6.79,1,12.9,42.0,31.7,47.9,0,2,0,7,Open-Meteo Historical Weather API,ERA5
2025-04-14,US_NE,"New York, NY",13.314,5.6,26.0,2.1,1,0.0,0,2.1,5.0,29.9,55.1,0,0,0,7,Open-Meteo Historical Weather API,ERA5
2025-04-14,US_PNW,"Seattle, WA",11.657,5.8,20.1,12.5,2,0.0,0,12.5,40.0,15.7,41.4,0,0,0,7,Open-Meteo Historical Weather API,ERA5
2025-04-14,US_WEST,"San Francisco, CA",13.886,9.2,23.5,0.2,0,0.0,0,0.2,2.0,19.6,43.9,0,0,0,7,Open-Meteo Historical Weather API,ERA5
2025-04-21,CA_ON,"Toronto, ON",10.3,2.6,21.3,6.8,3,0.0,0,6.8,24.0,32.8,63.7,0,0,0,7,Open-Meteo Historical Weather API,ERA5
2025-04-21,CA_PNW,"Vancouver, BC",11.4,3.5,20.6,0.6,0,0.0,0,0.6,6.0,13.3,29.9,0,0,0,7,Open-Meteo Historical Weather API,ERA5
2025-04-21,CA_PRAIRIE,"Calgary, AB",6.271,-3.1,20.7,5.8,2,5.46,2,13.6,43.0,20.6,46.1,0,3,1,7,Open-Meteo Historical Weather API,ERA5
2025-04-21,CA_QC,"Montreal, QC",9.143,-2.0,17.4,35.5,4,0.0,0,35.5,54.0,26.5,51.5,0,0,0,7,Open-Meteo Historical Weather API,ERA5
2025-04-21,US_MIDWEST,"Chicago, IL",10.757,2.4,20.3,5.3,1,0.0,0,5.3,18.0,35.4,74.5,0,0,0,7,Open-Meteo Historical Weather API,ERA5
2025-04-21,US_MTN,"Denver, CO",12.743,2.2,27.2,6.9,2,0.0,0,6.9,28.0,24.0,46.8,0,0,0,7,Open-Meteo Historical Weather API,ERA5
2025-04-21,US_NE,"New York, NY",16.014,9.3,24.0,16.9,1,0.0,0,16.9,21.0,32.0,60.1,0,0,0,7,Open-Meteo Historical Weather API,ERA5
2025-04-21,US_PNW,"Seattle, WA",11.714,5.3,19.4,1.2,1,0.0,0,1.2,5.0,14.5,32.4,0,0,0,7,Open-Meteo Historical Weather API,ERA5
2025-04-21,US_WEST,"San Francisco, CA",12.986,7.6,23.6,0.5,0,0.0,0,0.5,5.0,18.7,42.8,0,0,0,7,Open-Meteo Historical Weather API,ERA5
2025-04-28,CA_ON,"Toronto, ON",10.6,1.5,26.3,15.7,4,0.0,0,15.7,23.0,31.9,73.1,0,0,0,7,Open-Meteo Historical Weather API,ERA5
2025-04-28,CA_PNW,"Vancouver, BC",12.129,6.0,21.6,25.6,4,0.0,0,25.6,60.0,15.6,36.4,0,0,0,7,Open-Meteo Historical Weather API,ERA5
2025-04-28,CA_PRAIRIE,"Calgary, AB",11.671,-1.9,26.8,3.7,2,0.0,0,3.7,20.0,21.1,47.9,0,0,0,7,Open-Meteo Historical Weather API,ERA5
2025-04-28,CA_QC,"Montreal, QC",12.114,-0.0,23.4,24.0,2,0.0,0,24.0,31.0,34.6,66.6,0,0,0,7,Open-Meteo Historical Weather API,ERA5
2025-04-28,US_MIDWEST,"Chicago, IL",11.757,5.4,24.7,27.2,3,0.0,0,27.2,41.0,34.9,61.9,0,0,0,7,Open-Meteo Historical Weather API,ERA5
2025-04-28,US_MTN,"Denver, CO",12.114,1.6,25.5,11.2,3,0.0,0,11.2,38.0,24.2,45.7,0,0,0,7,Open-Meteo Historical Weather API,ERA5
2025-04-28,US_NE,"New York, NY",18.443,11.1,26.4,17.2,3,0.0,0,17.2,25.0,21.3,46.1,0,0,0,7,Open-Meteo Historical Weather API,ERA5
2025-04-28,US_PNW,"Seattle, WA",11.8,6.0,20.7,18.3,3,0.0,0,18.3,49.0,19.3,41.8,0,0,0,7,Open-Meteo Historical Weather API,ERA5
2025-04-28,US_WEST,"San Francisco, CA",14.457,7.9,22.8,0.3,0,0.0,0,0.3,2.0,23.8,54.7,0,0,0,7,Open-Meteo Historical Weather API,ERA5
2025-05-05,CA_ON,"Toronto, ON",12.1,3.1,23.4,12.9,2,0.0,0,12.9,17.0,22.5,40.7,0,0,0,7,Open-Meteo Historical Weather API,ERA5
2025-05-05,CA_PNW,"Vancouver, BC",13.257,5.9,21.4,11.4,3,0.0,0,11.4,33.0,13.0,35.3,0,0,0,7,Open-Meteo Historical Weather API,ERA5
2025-05-05,CA_PRAIRIE,"Calgary, AB",13.086,0.0,24.3,0.4,0,0.0,0,0.4,2.0,24.3,50.8,0,0,0,7,Open-Meteo Historical Weather API,ERA5
2025-05-05,CA_QC,"Montreal, QC",12.3,3.2,21.9,26.1,5,0.0,0,26.1,52.0,25.1,45.7,0,0,0,7,Open-Meteo Historical Weather API,ERA5
2025-05-05,US_MIDWEST,"Chicago, IL",10.814,4.3,21.4,1.6,0,0.0,0,1.6,4.0,28.2,50.8,0,0,0,7,Open-Meteo Historical Weather API,ERA5
2025-05-05,US_MTN,"Denver, CO",13.3,3.8,29.5,30.4,3,0.0,0,30.4,45.0,29.8,58.7,0,0,0,7,Open-Meteo Historical Weather API,ERA5
2025-05-05,US_NE,"New York, NY",17.229,11.4,24.3,52.6,3,0.0,0,52.6,50.0,26.2,55.4,0,0,0,7,Open-Meteo Historical Weather API,ERA5
2025-05-05,US_PNW,"Seattle, WA",13.229,6.1,24.2,7.5,1,0.0,0,7.5,10.0,18.0,35.6,0,0,0,7,Open-Meteo Historical Weather API,ERA5
2025-05-05,US_WEST,"San Francisco, CA",17.129,9.9,29.3,0.0,0,0.0,0,0.0,0.0,22.0,49.3,0,0,0,7,Open-Meteo Historical Weather API,ERA5
2025-05-12,CA_ON,"Toronto, ON",15.243,3.5,28.6,13.2,4,0.0,0,13.2,34.0,25.6,52.9,0,0,0,7,Open-Meteo Historical Weather API,ERA5
2025-05-12,CA_PNW,"Vancouver, BC",11.986,8.5,16.7,36.4,5,0.0,0,36.4,84.0,13.4,36.4,0,0,0,7,Open-Meteo Historical Weather API,ERA5
2025-05-12,CA_PRAIRIE,"Calgary, AB",8.814,2.2,17.4,50.0,6,0.0,0,50.0,87.0,23.6,47.2,0,0,0,7,Open-Meteo Historical Weather API,ERA5
2025-05-12,CA_QC,"Montreal, QC",17.843,8.0,27.9,26.2,5,0.0,0,26.2,47.0,22.2,44.3,0,0,0,7,Open-Meteo Historical Weather API,ERA5
2025-05-12,US_MIDWEST,"Chicago, IL",15.929,7.3,28.2,19.6,2,0.0,0,19.6,12.0,32.9,58.0,0,0,0,7,Open-Meteo Historical Weather API,ERA5
2025-05-12,US_MTN,"Denver, CO",16.129,6.0,29.8,3.9,2,0.0,0,3.9,7.0,23.0,44.6,0,0,0,7,Open-Meteo Historical Weather API,ERA5
2025-05-12,US_NE,"New York, NY",18.757,12.3,26.7,23.0,5,0.0,0,23.0,51.0,26.7,52.9,0,0,0,7,Open-Meteo Historical Weather API,ERA5
2025-05-12,US_PNW,"Seattle, WA",11.871,6.9,16.4,31.9,5,0.0,0,31.9,80.0,16.5,36.7,0,0,0,7,Open-Meteo Historical Weather API,ERA5
2025-05-12,US_WEST,"San Francisco, CA",15.757,10.3,23.5,1.6,1,0.0,0,1.6,7.0,30.2,62.3,0,0,0,7,Open-Meteo Historical Weather API,ERA5
2025-05-19,CA_ON,"Toronto, ON",10.171,3.5,16.0,40.4,5,0.0,0,40.4,76.0,28.8,59.4,0,0,0,7,Open-Meteo Historical Weather API,ERA5
2025-05-19,CA_PNW,"Vancouver, BC",12.9,6.8,20.7,38.6,3,0.0,0,38.6,59.0,16.1,36.4,0,0,0,7,Open-Meteo Historical Weather API,ERA5
2025-05-19,CA_PRAIRIE,"Calgary, AB",10.729,0.9,26.6,10.8,5,0.0,0,10.8,34.0,20.1,51.1,0,0,0,7,Open-Meteo Historical Weather API,ERA5
2025-05-19,CA_QC,"Montreal, QC",9.857,5.9,16.7,28.2,6,0.0,0,28.2,84.0,25.1,48.6,0,0,0,7,Open-Meteo Historical Weather API,ERA5
2025-05-19,US_MIDWEST,"Chicago, IL",9.614,5.6,14.4,37.7,2,0.0,0,37.7,50.0,35.8,67.3,0,0,0,7,Open-Meteo Historical Weather API,ERA5
2025-05-19,US_MTN,"Denver, CO",15.043,4.6,28.3,21.7,2,0.0,0,21.7,44.0,21.3,42.5,0,0,0,7,Open-Meteo Historical Weather API,ERA5
2025-05-19,US_NE,"New York, NY",13.843,9.4,20.6,23.1,3,0.0,0,23.1,50.0,24.6,46.1,0,0,0,7,Open-Meteo Historical Weather API,ERA5
2025-05-19,US_PNW,"Seattle, WA",13.486,8.6,22.3,10.3,2,0.0,0,10.3,25.0,22.7,51.1,0,0,0,7,Open-Meteo Historical Weather API,ERA5
2025-05-19,US_WEST,"San Francisco, CA",15.657,10.2,25.6,0.0,0,0.0,0,0.0,0.0,25.6,53.6,0,0,0,7,Open-Meteo Historical Weather API,ERA5
2025-05-26,CA_ON,"Toronto, ON",14.043,6.6,23.6,7.5,2,0.0,0,7.5,27.0,32.0,60.1,0,0,0,7,Open-Meteo Historical Weather API,ERA5
2025-05-26,CA_PNW,"Vancouver, BC",15.643,9.9,25.9,28.7,3,0.0,0,28.7,40.0,12.3,37.1,0,0,0,7,Open-Meteo Historical Weather API,ERA5
2025-05-26,CA_PRAIRIE,"Calgary, AB",18.3,6.1,31.9,3.4,2,0.0,0,3.4,11.0,31.0,54.0,0,0,0,7,Open-Meteo Historical Weather API,ERA5
2025-05-26,CA_QC,"Montreal, QC",15.571,7.5,27.5,23.2,3,0.0,0,23.2,41.0,29.6,58.0,0,0,0,7,Open-Meteo Historical Weather API,ERA5
2025-05-26,US_MIDWEST,"Chicago, IL",12.814,5.8,21.8,7.8,2,0.0,0,7.8,15.0,20.1,42.8,0,0,0,7,Open-Meteo Historical Weather API,ERA5
2025-05-26,US_MTN,"Denver, CO",15.943,6.4,29.3,20.3,4,0.0,0,20.3,46.0,20.2,40.3,0,0,0,7,Open-Meteo Historical Weather API,ERA5
2025-05-26,US_NE,"New York, NY",16.614,11.4,21.8,39.4,4,0.0,0,39.4,38.0,28.8,63.7,0,0,0,7,Open-Meteo Historical Weather API,ERA5
2025-05-26,US_PNW,"Seattle, WA",15.743,9.4,26.0,4.3,3,0.0,0,4.3,28.0,19.1,39.2,0,0,0,7,Open-Meteo Historical Weather API,ERA5
2025-05-26,US_WEST,"San Francisco, CA",16.843,11.7,27.3,0.0,0,0.0,0,0.0,0.0,22.4,48.6,0,0,0,7,Open-Meteo Historical Weather API,ERA5
2025-06-02,CA_ON,"Toronto, ON",18.643,5.4,29.4,14.1,1,0.0,0,14.1,20.0,25.4,49.0,0,0,0,7,Open-Meteo Historical Weather API,ERA5
2025-06-02,CA_PNW,"Vancouver, BC",17.4,9.8,27.9,0.2,0,0.0,0,0.2,2.0,11.7,30.2,0,0,0,7,Open-Meteo Historical Weather API,ERA5
2025-06-02,CA_PRAIRIE,"Calgary, AB",14.886,4.4,27.9,3.2,1,0.0,0,3.2,17.0,21.2,47.2,0,0,0,7,Open-Meteo Historical Weather API,ERA5
2025-06-02,CA_QC,"Montreal, QC",19.114,6.8,31.2,0.9,0,0.0,0,0.9,8.0,21.7,43.2,0,0,0,7,Open-Meteo Historical Weather API,ERA5
2025-06-02,US_MIDWEST,"Chicago, IL",17.143,8.6,26.2,26.1,1,0.0,0,26.1,25.0,36.3,59.4,0,0,0,7,Open-Meteo Historical Weather API,ERA5
2025-06-02,US_MTN,"Denver, CO",16.057,9.1,28.6,53.3,5,0.0,0,53.3,61.0,26.7,39.2,0,0,0,7,Open-Meteo Historical Weather API,ERA5
2025-06-02,US_NE,"New York, NY",21.186,13.0,28.5,14.7,2,0.0,0,14.7,22.0,17.2,33.1,0,0,0,7,Open-Meteo Historical Weather API,ERA5
2025-06-02,US_PNW,"Seattle, WA",17.657,9.7,28.1,0.2,0,0.0,0,0.2,2.0,13.6,31.0,0,0,0,7,Open-Meteo Historical Weather API,ERA5
2025-06-02,US_WEST,"San Francisco, CA",16.157,11.7,22.6,0.0,0,0.0,0,0.0,0.0,19.1,46.1,0,0,0,7,Open-Meteo Historical Weather API,ERA5
2025-06-09,CA_ON,"Toronto, ON",17.643,12.7,27.1,1.8,1,0.0,0,1.8,8.0,23.6,46.8,0,0,0,7,Open-Meteo Historical Weather API,ERA5
2025-06-09,CA_PNW,"Vancouver, BC",16.214,11.0,23.6,1.9,1,0.0,0,1.9,12.0,10.7,28.1,0,0,0,7,Open-Meteo Historical Weather API,ERA5
2025-06-09,CA_PRAIRIE,"Calgary, AB",16.9,7.6,30.1,5.1,2,0.0,0,5.1,20.0,20.2,47.2,0,0,0,7,Open-Meteo Historical Weather API,ERA5
2025-06-09,CA_QC,"Montreal, QC",17.129,8.1,24.2,20.6,2,0.0,0,20.6,29.0,26.2,54.0,0,0,0,7,Open-Meteo Historical Weather API,ERA5
2025-06-09,US_MIDWEST,"Chicago, IL",18.243,12.7,29.0,1.9,1,0.0,0,1.9,6.0,24.9,43.6,0,0,0,7,Open-Meteo Historical Weather API,ERA5
2025-06-09,US_MTN,"Denver, CO",21.786,10.8,32.8,1.7,1,0.0,0,1.7,5.0,24.6,38.2,0,0,0,7,Open-Meteo Historical Weather API,ERA5
2025-06-09,US_NE,"New York, NY",20.4,15.9,30.6,25.4,3,0.0,0,25.4,41.0,18.8,32.4,0,0,0,7,Open-Meteo Historical Weather API,ERA5
2025-06-09,US_PNW,"Seattle, WA",16.486,10.9,27.5,0.2,0,0.0,0,0.2,2.0,14.7,34.6,0,0,0,7,Open-Meteo Historical Weather API,ERA5
2025-06-09,US_WEST,"San Francisco, CA",14.771,11.2,21.7,0.0,0,0.0,0,0.0,0.0,21.0,46.8,0,0,0,7,Open-Meteo Historical Weather API,ERA5
2025-06-16,CA_ON,"Toronto, ON",21.429,11.9,34.0,26.0,3,0.0,0,26.0,30.0,37.3,64.8,0,0,0,7,Open-Meteo Historical Weather API,ERA5
2025-06-16,CA_PNW,"Vancouver, BC",14.971,10.1,20.8,33.1,3,0.0,0,33.1,62.0,12.9,38.2,0,0,0,7,Open-Meteo Historical Weather API,ERA5
2025-06-16,CA_PRAIRIE,"Calgary, AB",14.057,4.7,25.7,81.9,4,0.0,0,81.9,55.0,31.7,63.7,0,0,0,7,Open-Meteo Historical Weather API,ERA5
2025-06-16,CA_QC,"Montreal, QC",21.543,10.6,29.2,33.3,5,0.0,0,33.3,52.0,30.8,59.4,0,0,0,7,Open-Meteo Historical Weather API,ERA5
2025-06-16,US_MIDWEST,"Chicago, IL",23.557,15.3,31.7,64.5,3,0.0,0,64.5,33.0,34.9,59.4,0,0,0,7,Open-Meteo Historical Weather API,ERA5
2025-06-16,US_MTN,"Denver, CO",23.614,9.8,36.8,6.1,1,0.0,0,6.1,6.0,28.9,55.1,0,0,0,7,Open-Meteo Historical Weather API,ERA5
2025-06-16,US_NE,"New York, NY",23.071,16.6,31.1,16.8,4,0.0,0,16.8,30.0,22.5,43.6,0,0,0,7,Open-Meteo Historical Weather API,ERA5
2025-06-16,US_PNW,"Seattle, WA",15.514,11.2,22.7,14.4,2,0.0,0,14.4,37.0,19.3,46.1,0,0,0,7,Open-Meteo Historical Weather API,ERA5
2025-06-16,US_WEST,"San Francisco, CA",16.629,11.4,24.9,0.0,0,0.0,0,0.0,0.0,30.0,63.4,0,0,0,7,Open-Meteo Historical Weather API,ERA5
2025-06-23,CA_ON,"Toronto, ON",23.514,13.3,35.4,6.0,1,0.0,0,6.0,18.0,21.7,44.3,0,0,0,7,Open-Meteo Historical Weather API,ERA5
2025-06-23,CA_PNW,"Vancouver, BC",16.443,12.1,24.2,5.6,2,0.0,0,5.6,32.0,10.2,30.2,0,0,0,7,Open-Meteo Historical Weather API,ERA5
2025-06-23,CA_PRAIRIE,"Calgary, AB",15.1,4.8,23.9,6.4,1,0.0,0,6.4,14.0,15.5,43.2,0,0,0,7,Open-Meteo Historical Weather API,ERA5
2025-06-23,CA_QC,"Montreal, QC",22.129,11.0,34.8,32.2,2,0.0,0,32.2,29.0,22.2,48.2,0,0,0,7,Open-Meteo Historical Weather API,ERA5
2025-06-23,US_MIDWEST,"Chicago, IL",25.2,19.4,32.2,30.3,3,0.0,0,30.3,27.0,26.1,49.3,0,0,0,7,Open-Meteo Historical Weather API,ERA5
2025-06-23,US_MTN,"Denver, CO",21.429,12.0,34.2,21.2,5,0.0,0,21.2,33.0,16.5,41.8,0,0,0,7,Open-Meteo Historical Weather API,ERA5
2025-06-23,US_NE,"New York, NY",26.743,17.7,36.6,3.6,2,0.0,0,3.6,17.0,18.8,38.9,0,0,0,7,Open-Meteo Historical Weather API,ERA5
2025-06-23,US_PNW,"Seattle, WA",17.214,12.9,24.8,3.3,1,0.0,0,3.3,13.0,17.1,36.4,0,0,0,7,Open-Meteo Historical Weather API,ERA5
2025-06-23,US_WEST,"San Francisco, CA",16.529,11.3,26.0,0.0,0,0.0,0,0.0,0.0,19.9,42.8,0,0,0,7,Open-Meteo Historical Weather API,ERA5
2025-06-30,CA_ON,"Toronto, ON",23.286,11.9,33.1,11.3,3,0.0,0,11.3,17.0,25.3,50.4,0,0,0,7,Open-Meteo Historical Weather API,ERA5
2025-06-30,CA_PNW,"Vancouver, BC",18.943,12.4,27.3,0.1,0,0.0,0,0.1,1.0,10.4,29.2,0,0,0,7,Open-Meteo Historical Weather API,ERA5
2025-06-30,CA_PRAIRIE,"Calgary, AB",17.371,8.7,30.7,7.9,3,0.0,0,7.9,33.0,20.9,51.5,0,0,0,7,Open-Meteo Historical Weather API,ERA5
2025-06-30,CA_QC,"Montreal, QC",21.957,13.0,32.0,31.1,3,0.0,0,31.1,32.0,22.6,45.4,0,0,0,7,Open-Meteo Historical Weather API,ERA5
2025-06-30,US_MIDWEST,"Chicago, IL",25.514,19.0,32.0,13.9,2,0.0,0,13.9,23.0,22.6,41.4,0,0,0,7,Open-Meteo Historical Weather API,ERA5
2025-06-30,US_MTN,"Denver, CO",23.414,13.9,33.7,5.1,2,0.0,0,5.1,18.0,20.3,48.2,0,0,0,7,Open-Meteo Historical Weather API,ERA5
2025-06-30,US_NE,"New York, NY",25.586,19.4,32.3,38.6,2,0.0,0,38.6,39.0,16.0,36.4,0,0,0,7,Open-Meteo Historical Weather API,ERA5
2025-06-30,US_PNW,"Seattle, WA",18.871,13.0,27.4,0.0,0,0.0,0,0.0,0.0,14.2,30.2,0,0,0,7,Open-Meteo Historical Weather API,ERA5
2025-06-30,US_WEST,"San Francisco, CA",16.157,11.8,22.9,0.0,0,0.0,0,0.0,0.0,23.1,49.7,0,0,0,7,Open-Meteo Historical Weather API,ERA5
2025-07-07,CA_ON,"Toronto, ON",24.329,16.4,33.0,7.9,2,0.0,0,7.9,18.0,21.4,51.8,0,0,0,7,Open-Meteo Historical Weather API,ERA5
2025-07-07,CA_PNW,"Vancouver, BC",19.957,14.2,27.9,12.7,2,0.0,0,12.7,30.0,12.7,33.5,0,0,0,7,Open-Meteo Historical Weather API,ERA5
2025-07-07,CA_PRAIRIE,"Calgary, AB",18.857,6.5,31.8,4.6,2,0.0,0,4.6,13.0,22.9,49.7,0,0,0,7,Open-Meteo Historical Weather API,ERA5
2025-07-07,CA_QC,"Montreal, QC",22.571,15.6,31.2,24.3,3,0.0,0,24.3,37.0,19.2,51.8,0,0,0,7,Open-Meteo Historical Weather API,ERA5
2025-07-07,US_MIDWEST,"Chicago, IL",22.943,17.9,28.9,46.7,5,0.0,0,46.7,38.0,19.7,35.6,0,0,0,7,Open-Meteo Historical Weather API,ERA5
2025-07-07,US_MTN,"Denver, CO",24.386,14.1,37.1,6.1,3,0.0,0,6.1,27.0,26.4,52.2,0,0,0,7,Open-Meteo Historical Weather API,ERA5
2025-07-07,US_NE,"New York, NY",26.357,23.1,33.8,31.9,3,0.0,0,31.9,38.0,15.8,34.6,0,0,0,7,Open-Meteo Historical Weather API,ERA5
2025-07-07,US_PNW,"Seattle, WA",20.243,13.6,28.8,3.0,2,0.0,0,3.0,20.0,18.7,40.7,0,0,0,7,Open-Meteo Historical Weather API,ERA5
2025-07-07,US_WEST,"San Francisco, CA",17.286,12.2,25.2,0.0,0,0.0,0,0.0,0.0,17.9,45.7,0,0,0,7,Open-Meteo Historical Weather API,ERA5
2025-07-14,CA_ON,"Toronto, ON",23.014,11.2,32.1,13.0,2,0.0,0,13.0,20.0,30.5,59.8,0,0,0,7,Open-Meteo Historical Weather API,ERA5
2025-07-14,CA_PNW,"Vancouver, BC",20.086,13.6,28.7,0.3,0,0.0,0,0.3,2.0,14.4,29.9,0,0,0,7,Open-Meteo Historical Weather API,ERA5
2025-07-14,CA_PRAIRIE,"Calgary, AB",13.543,5.7,21.1,82.5,5,0.0,0,82.5,81.0,18.8,42.5,0,0,0,7,Open-Meteo Historical Weather API,ERA5
2025-07-14,CA_QC,"Montreal, QC",22.714,14.4,32.5,24.0,3,0.0,0,24.0,34.0,29.2,59.8,0,0,0,7,Open-Meteo Historical Weather API,ERA5
2025-07-14,US_MIDWEST,"Chicago, IL",22.543,15.2,28.9,8.1,2,0.0,0,8.1,20.0,26.3,49.7,0,0,0,7,Open-Meteo Historical Weather API,ERA5
2025-07-14,US_MTN,"Denver, CO",23.943,14.8,34.3,6.8,4,0.0,0,6.8,15.0,21.1,41.0,0,0,0,7,Open-Meteo Historical Weather API,ERA5
2025-07-14,US_NE,"New York, NY",26.843,21.8,33.1,20.4,4,0.0,0,20.4,43.0,23.9,46.4,0,0,0,7,Open-Meteo Historical Weather API,ERA5
2025-07-14,US_PNW,"Seattle, WA",20.0,13.2,31.2,1.5,1,0.0,0,1.5,5.0,15.9,37.1,0,0,0,7,Open-Meteo Historical Weather API,ERA5
2025-07-14,US_WEST,"San Francisco, CA",15.943,11.6,23.7,0.0,0,0.0,0,0.0,0.0,20.0,48.2,0,0,0,7,Open-Meteo Historical Weather API,ERA5
2025-07-21,CA_ON,"Toronto, ON",23.0,13.1,34.1,13.6,3,0.0,0,13.6,18.0,24.0,49.0,0,0,0,7,Open-Meteo Historical Weather API,ERA5
2025-07-21,CA_PNW,"Vancouver, BC",18.429,12.5,24.7,0.5,0,0.0,0,0.5,5.0,10.7,29.9,0,0,0,7,Open-Meteo Historical Weather API,ERA5
2025-07-21,CA_PRAIRIE,"Calgary, AB",13.957,7.2,26.8,44.2,5,0.0,0,44.2,70.0,20.4,32.0,0,0,0,7,Open-Meteo Historical Weather API,ERA5
2025-07-21,CA_QC,"Montreal, QC",21.329,10.3,32.1,2.6,1,0.0,0,2.6,12.0,24.7,47.2,0,0,0,7,Open-Meteo Historical Weather API,ERA5
2025-07-21,US_MIDWEST,"Chicago, IL",24.743,19.0,32.0,39.7,4,0.0,0,39.7,37.0,20.6,45.7,0,0,0,7,Open-Meteo Historical Weather API,ERA5
2025-07-21,US_MTN,"Denver, CO",24.871,15.5,36.5,4.0,2,0.0,0,4.0,18.0,20.2,39.2,0,0,0,7,Open-Meteo Historical Weather API,ERA5
2025-07-21,US_NE,"New York, NY",25.286,19.5,34.7,12.7,2,0.0,0,12.7,21.0,15.3,34.2,0,0,0,7,Open-Meteo Historical Weather API,ERA5
2025-07-21,US_PNW,"Seattle, WA",18.686,13.5,27.2,0.4,0,0.0,0,0.4,4.0,12.9,28.8,0,0,0,7,Open-Meteo Historical Weather API,ERA5
2025-07-21,US_WEST,"San Francisco, CA",16.429,13.5,21.3,0.0,0,0.0,0,0.0,0.0,21.2,47.2,0,0,0,7,Open-Meteo Historical Weather API,ERA5
2025-07-28,CA_ON,"Toronto, ON",22.4,12.1,32.6,6.7,2,0.0,0,6.7,14.0,22.6,33.1,0,0,0,7,Open-Meteo Historical Weather API,ERA5
2025-07-28,CA_PNW,"Vancouver, BC",19.943,12.7,27.6,0.0,0,0.0,0,0.0,0.0,10.8,29.9,0,0,0,7,Open-Meteo Historical Weather API,ERA5
2025-07-28,CA_PRAIRIE,"Calgary, AB",17.7,11.2,26.1,15.8,4,0.0,0,15.8,39.0,19.1,38.2,0,0,0,7,Open-Meteo Historical Weather API,ERA5
2025-07-28,CA_QC,"Montreal, QC",21.443,10.1,31.3,3.9,1,0.0,0,3.9,5.0,21.5,44.6,0,0,0,7,Open-Meteo Historical Weather API,ERA5
2025-07-28,US_MIDWEST,"Chicago, IL",22.186,15.6,30.2,16.8,1,0.0,0,16.8,23.0,27.0,50.4,0,0,0,7,Open-Meteo Historical Weather API,ERA5
2025-07-28,US_MTN,"Denver, CO",22.7,13.6,36.0,9.1,3,0.0,0,9.1,30.0,15.2,35.3,0,0,0,7,Open-Meteo Historical Weather API,ERA5
2025-07-28,US_NE,"New York, NY",25.471,17.7,35.7,43.7,4,0.0,0,43.7,28.0,25.1,43.2,0,0,0,7,Open-Meteo Historical Weather API,ERA5
2025-07-28,US_PNW,"Seattle, WA",20.129,13.5,27.7,1.5,1,0.0,0,1.5,13.0,10.5,24.1,0,0,0,7,Open-Meteo Historical Weather API,ERA5
2025-07-28,US_WEST,"San Francisco, CA",17.429,13.2,23.1,0.0,0,0.0,0,0.0,0.0,20.7,47.9,0,0,0,7,Open-Meteo Historical Weather API,ERA5
2025-08-04,CA_ON,"Toronto, ON",23.686,14.6,33.2,0.5,0,0.0,0,0.5,1.0,17.3,38.2,0,0,0,7,Open-Meteo Historical Weather API,ERA5
2025-08-04,CA_PNW,"Vancouver, BC",18.671,13.8,27.0,25.1,3,0.0,0,25.1,44.0,13.3,35.3,0,0,0,7,Open-Meteo Historical Weather API,ERA5
2025-08-04,CA_PRAIRIE,"Calgary, AB",16.657,9.4,28.0,23.5,4,0.0,0,23.5,29.0,22.6,56.5,0,0,0,7,Open-Meteo Historical Weather API,ERA5
2025-08-04,CA_QC,"Montreal, QC",21.871,12.5,32.9,2.1,1,0.0,0,2.1,7.0,14.9,31.7,0,0,0,7,Open-Meteo Historical Weather API,ERA5
2025-08-04,US_MIDWEST,"Chicago, IL",25.0,18.8,31.1,1.2,1,0.0,0,1.2,7.0,22.7,41.4,0,0,0,7,Open-Meteo Historical Weather API,ERA5
2025-08-04,US_MTN,"Denver, CO",25.043,14.3,37.2,16.5,2,0.0,0,16.5,19.0,28.5,41.0,0,0,0,7,Open-Meteo Historical Weather API,ERA5
2025-08-04,US_NE,"New York, NY",23.029,17.6,29.5,0.2,0,0.0,0,0.2,2.0,14.4,29.2,0,0,0,7,Open-Meteo Historical Weather API,ERA5
2025-08-04,US_PNW,"Seattle, WA",18.714,13.3,28.1,19.5,2,0.0,0,19.5,38.0,18.4,38.5,0,0,0,7,Open-Meteo Historical Weather API,ERA5
2025-08-04,US_WEST,"San Francisco, CA",18.971,13.0,29.0,0.0,0,0.0,0,0.0,0.0,22.9,49.7,0,0,0,7,Open-Meteo Historical Weather API,ERA5
2025-08-11,CA_ON,"Toronto, ON",24.2,16.2,32.7,18.4,3,0.0,0,18.4,25.0,22.2,46.1,0,0,0,7,Open-Meteo Historical Weather API,ERA5
2025-08-11,CA_PNW,"Vancouver, BC",19.757,14.4,29.2,66.3,3,0.0,0,66.3,56.0,20.5,41.8,0,0,0,7,Open-Meteo Historical Weather API,ERA5
2025-08-11,CA_PRAIRIE,"Calgary, AB",16.829,8.2,26.4,3.1,0,0.0,0,3.1,20.0,21.5,42.1,0,0,0,7,Open-Meteo Historical Weather API,ERA5
2025-08-11,CA_QC,"Montreal, QC",22.557,11.6,34.1,15.6,2,0.0,0,15.6,13.0,21.7,44.3,0,0,0,7,Open-Meteo Historical Weather API,ERA5
2025-08-11,US_MIDWEST,"Chicago, IL",24.4,17.9,30.5,35.0,4,0.0,0,35.0,29.0,19.9,37.8,0,0,0,7,Open-Meteo Historical Weather API,ERA5
2025-08-11,US_MTN,"Denver, CO",24.114,12.7,36.4,2.9,1,0.0,0,2.9,9.0,15.8,43.9,0,0,0,7,Open-Meteo Historical Weather API,ERA5
2025-08-11,US_NE,"New York, NY",25.757,20.1,30.9,15.8,2,0.0,0,15.8,25.0,16.2,30.2,0,0,0,7,Open-Meteo Historical Weather API,ERA5
2025-08-11,US_PNW,"Seattle, WA",20.186,15.6,29.9,36.7,2,0.0,0,36.7,53.0,20.4,41.4,0,0,0,7,Open-Meteo Historical Weather API,ERA5
2025-08-11,US_WEST,"San Francisco, CA",17.8,13.0,25.4,0.5,0,0.0,0,0.5,5.0,21.9,48.6,0,0,0,7,Open-Meteo Historical Weather API,ERA5
2025-08-18,CA_ON,"Toronto, ON",19.771,13.0,26.4,29.2,3,0.0,0,29.2,23.0,21.7,41.0,0,0,0,7,Open-Meteo Historical Weather API,ERA5
2025-08-18,CA_PNW,"Vancouver, BC",20.1,12.3,29.8,1.2,0,0.0,0,1.2,10.0,9.0,27.7,0,0,0,7,Open-Meteo Historical Weather API,ERA5
2025-08-18,CA_PRAIRIE,"Calgary, AB",15.857,5.7,28.4,3.4,1,0.0,0,3.4,4.0,17.9,34.6,0,0,0,7,Open-Meteo Historical Weather API,ERA5
2025-08-18,CA_QC,"Montreal, QC",18.971,7.5,29.2,20.9,1,0.0,0,20.9,20.0,19.5,50.0,0,0,0,7,Open-Meteo Historical Weather API,ERA5
2025-08-18,US_MIDWEST,"Chicago, IL",21.543,15.6,27.2,29.2,2,0.0,0,29.2,22.0,22.6,41.4,0,0,0,7,Open-Meteo Historical Weather API,ERA5
2025-08-18,US_MTN,"Denver, CO",23.114,15.3,35.5,7.6,2,0.0,0,7.6,20.0,20.0,43.2,0,0,0,7,Open-Meteo Historical Weather API,ERA5
2025-08-18,US_NE,"New York, NY",20.657,16.0,27.5,10.1,2,0.0,0,10.1,22.0,24.4,44.6,0,0,0,7,Open-Meteo Historical Weather API,ERA5
2025-08-18,US_PNW,"Seattle, WA",19.686,12.4,29.2,1.8,1,0.0,0,1.8,13.0,13.7,31.7,0,0,0,7,Open-Meteo Historical Weather API,ERA5
2025-08-18,US_WEST,"San Francisco, CA",18.871,13.5,29.9,0.0,0,0.0,0,0.0,0.0,18.9,41.4,0,0,0,7,Open-Meteo Historical Weather API,ERA5
2025-08-25,CA_ON,"Toronto, ON",15.857,8.2,23.3,13.1,2,0.0,0,13.1,15.0,23.6,46.8,0,0,0,7,Open-Meteo Historical Weather API,ERA5
2025-08-25,CA_PNW,"Vancouver, BC",20.629,14.8,29.0,0.2,0,0.0,0,0.2,2.0,10.2,24.5,0,0,0,7,Open-Meteo Historical Weather API,ERA5
2025-08-25,CA_PRAIRIE,"Calgary, AB",18.929,8.5,30.2,1.1,1,0.0,0,1.1,2.0,18.9,42.5,0,0,0,7,Open-Meteo Historical Weather API,ERA5
2025-08-25,CA_QC,"Montreal, QC",16.386,9.9,24.8,23.5,3,0.0,0,23.5,50.0,23.2,44.6,0,0,0,7,Open-Meteo Historical Weather API,ERA5
2025-08-25,US_MIDWEST,"Chicago, IL",17.786,12.8,23.5,8.6,2,0.0,0,8.6,21.0,19.7,37.4,0,0,0,7,Open-Meteo Historical Weather API,ERA5
2025-08-25,US_MTN,"Denver, CO",19.086,12.1,27.2,32.5,6,0.0,0,32.5,50.0,12.9,32.0,0,0,0,7,Open-Meteo Historical Weather API,ERA5
2025-08-25,US_NE,"New York, NY",20.514,13.3,28.5,0.1,0,0.0,0,0.1,1.0,17.4,33.1,0,0,0,7,Open-Meteo Historical Weather API,ERA5
2025-08-25,US_PNW,"Seattle, WA",20.343,15.1,28.8,0.5,0,0.0,0,0.5,5.0,14.0,30.6,0,0,0,7,Open-Meteo Historical Weather API,ERA5
2025-08-25,US_WEST,"San Francisco, CA",19.386,13.5,30.7,0.0,0,0.0,0,0.0,0.0,16.7,41.0,0,0,0,7,Open-Meteo Historical Weather API,ERA5
2025-09-01,CA_ON,"Toronto, ON",16.943,9.7,26.1,14.6,2,0.0,0,14.6,14.0,36.7,58.3,0,0,0,7,Open-Meteo Historical Weather API,ERA5
2025-09-01,CA_PNW,"Vancouver, BC",19.314,14.8,27.4,1.0,0,0.0,0,1.0,6.0,9.8,23.8,0,0,0,7,Open-Meteo Historical Weather API,ERA5
2025-09-01,CA_PRAIRIE,"Calgary, AB",15.771,3.4,29.1,2.8,1,0.0,0,2.8,4.0,18.2,36.4,0,0,0,7,Open-Meteo Historical Weather API,ERA5
2025-09-01,CA_QC,"Montreal, QC",17.6,10.1,26.3,24.8,3,0.0,0,24.8,20.0,27.8,51.5,0,0,0,7,Open-Meteo Historical Weather API,ERA5
2025-09-01,US_MIDWEST,"Chicago, IL",16.457,9.1,24.3,6.5,1,0.0,0,6.5,12.0,31.5,57.6,0,0,0,7,Open-Meteo Historical Weather API,ERA5
2025-09-01,US_MTN,"Denver, CO",19.757,9.5,30.3,0.6,0,0.0,0,0.6,5.0,19.2,34.6,0,0,0,7,Open-Meteo Historical Weather API,ERA5
2025-09-01,US_NE,"New York, NY",20.757,15.8,29.6,33.3,4,0.0,0,33.3,29.0,23.4,50.4,0,0,0,7,Open-Meteo Historical Weather API,ERA5
2025-09-01,US_PNW,"Seattle, WA",18.929,15.0,25.4,0.1,0,0.0,0,0.1,1.0,13.7,29.5,0,0,0,7,Open-Meteo Historical Weather API,ERA5
2025-09-01,US_WEST,"San Francisco, CA",19.0,14.2,29.0,0.0,0,0.0,0,0.0,0.0,18.4,41.0,0,0,0,7,Open-Meteo Historical Weather API,ERA5
2025-09-08,CA_ON,"Toronto, ON",16.886,7.1,24.6,1.2,0,0.0,0,1.2,7.0,13.7,32.4,0,0,0,7,Open-Meteo Historical Weather API,ERA5
2025-09-08,CA_PNW,"Vancouver, BC",17.343,13.3,22.6,5.6,1,0.0,0,5.6,18.0,10.5,27.7,0,0,0,7,Open-Meteo Historical Weather API,ERA5
2025-09-08,CA_PRAIRIE,"Calgary, AB",16.214,7.8,26.1,3.2,1,0.0,0,3.2,9.0,13.8,23.4,0,0,0,7,Open-Meteo Historical Weather API,ERA5
2025-09-08,CA_QC,"Montreal, QC",14.743,5.7,23.6,0.9,0,0.0,0,0.9,7.0,16.0,36.4,0,0,0,7,Open-Meteo Historical Weather API,ERA5
2025-09-08,US_MIDWEST,"Chicago, IL",19.214,9.5,26.0,4.0,1,0.0,0,4.0,8.0,23.2,34.2,0,0,0,7,Open-Meteo Historical Weather API,ERA5
2025-09-08,US_MTN,"Denver, CO",20.357,11.1,33.1,10.4,2,0.0,0,10.4,20.0,16.2,38.9,0,0,0,7,Open-Meteo Historical Weather API,ERA5
2025-09-08,US_NE,"New York, NY",19.529,13.5,25.3,4.2,1,0.0,0,4.2,11.0,17.9,33.8,0,0,0,7,Open-Meteo Historical Weather API,ERA5
2025-09-08,US_PNW,"Seattle, WA",17.386,13.3,23.3,3.6,1,0.0,0,3.6,19.0,18.7,40.7,0,0,0,7,Open-Meteo Historical Weather API,ERA5
2025-09-08,US_WEST,"San Francisco, CA",19.243,14.9,25.3,1.0,0,0.0,0,1.0,8.0,18.7,40.0,0,0,0,7,Open-Meteo Historical Weather API,ERA5
2025-09-15,CA_ON,"Toronto, ON",17.071,10.0,27.7,1.1,1,0.0,0,1.1,4.0,18.6,39.2,0,0,0,7,Open-Meteo Historical Weather API,ERA5
2025-09-15,CA_PNW,"Vancouver, BC",17.3,10.9,28.6,23.8,2,0.0,0,23.8,21.0,12.5,31.3,0,0,0,7,Open-Meteo Historical Weather API,ERA5
2025-09-15,CA_PRAIRIE,"Calgary, AB",15.771,6.9,29.2,2.9,1,0.0,0,2.9,9.0,22.5,44.6,0,0,0,7,Open-Meteo Historical Weather API,ERA5
2025-09-15,CA_QC,"Montreal, QC",14.5,1.7,26.5,0.0,0,0.0,0,0.0,0.0,18.6,37.1,0,0,0,7,Open-Meteo Historical Weather API,ERA5
2025-09-15,US_MIDWEST,"Chicago, IL",21.129,15.2,27.1,7.5,2,0.0,0,7.5,25.0,15.1,31.7,0,0,0,7,Open-Meteo Historical Weather API,ERA5
2025-09-15,US_MTN,"Denver, CO",17.386,8.3,28.5,5.1,2,0.0,0,5.1,20.0,14.6,37.1,0,0,0,7,Open-Meteo Historical Weather API,ERA5
2025-09-15,US_NE,"New York, NY",19.957,14.5,27.5,7.5,1,0.0,0,7.5,15.0,18.7,36.7,0,0,0,7,Open-Meteo Historical Weather API,ERA5
2025-09-15,US_PNW,"Seattle, WA",17.214,10.1,31.6,15.6,1,0.0,0,15.6,17.0,15.9,32.8,0,0,0,7,Open-Meteo Historical Weather API,ERA5
2025-09-15,US_WEST,"San Francisco, CA",19.786,14.1,30.6,0.2,0,0.0,0,0.2,2.0,19.2,40.0,0,0,0,7,Open-Meteo Historical Weather API,ERA5
2025-09-22,CA_ON,"Toronto, ON",19.486,12.7,24.7,21.4,4,0.0,0,21.4,50.0,16.2,35.3,0,0,0,7,Open-Meteo Historical Weather API,ERA5
2025-09-22,CA_PNW,"Vancouver, BC",15.1,10.5,22.4,13.5,2,0.0,0,13.5,32.0,11.7,30.2,0,0,0,7,Open-Meteo Historical Weather API,ERA5
2025-09-22,CA_PRAIRIE,"Calgary, AB",13.286,4.2,29.0,1.1,0,0.0,0,1.1,3.0,24.7,47.9,0,0,0,7,Open-Meteo Historical Weather API,ERA5
2025-09-22,CA_QC,"Montreal, QC",16.7,7.6,24.2,28.5,3,0.0,0,28.5,43.0,21.3,43.2,0,0,0,7,Open-Meteo Historical Weather API,ERA5
2025-09-22,US_MIDWEST,"Chicago, IL",19.829,13.8,29.3,5.2,1,0.0,0,5.2,10.0,21.9,41.4,0,0,0,7,Open-Meteo Historical Weather API,ERA5
2025-09-22,US_MTN,"Denver, CO",16.171,8.3,27.8,33.0,3,0.0,0,33.0,37.0,17.7,33.5,0,0,0,7,Open-Meteo Historical Weather API,ERA5
2025-09-22,US_NE,"New York, NY",21.643,13.7,27.9,28.4,5,0.0,0,28.4,48.0,19.3,42.8,0,0,0,7,Open-Meteo Historical Weather API,ERA5
2025-09-22,US_PNW,"Seattle, WA",15.586,11.1,22.3,0.8,0,0.0,0,0.8,6.0,12.7,33.8,0,0,0,7,Open-Meteo Historical Weather API,ERA5
2025-09-22,US_WEST,"San Francisco, CA",20.114,13.8,33.4,0.2,0,0.0,0,0.2,2.0,20.1,44.3,0,0,0,7,Open-Meteo Historical Weather API,ERA5
2025-09-29,CA_ON,"Toronto, ON",16.2,7.1,28.1,0.0,0,0.0,0,0.0,0.0,16.5,33.8,0,0,0,7,Open-Meteo Historical Weather API,ERA5
2025-09-29,CA_PNW,"Vancouver, BC",13.957,9.3,17.9,83.2,4,0.0,0,83.2,88.0,18.1,52.6,0,0,0,7,Open-Meteo Historical Weather API,ERA5
2025-09-29,CA_PRAIRIE,"Calgary, AB",10.871,-2.4,27.3,6.2,1,0.0,0,6.2,17.0,23.6,49.0,0,1,0,7,Open-Meteo Historical Weather API,ERA5
2025-09-29,CA_QC,"Montreal, QC",14.229,0.7,29.6,0.0,0,0.0,0,0.0,0.0,20.4,39.6,0,0,0,7,Open-Meteo Historical Weather API,ERA5
2025-09-29,US_MIDWEST,"Chicago, IL",21.371,14.3,29.3,0.0,0,0.0,0,0.0,0.0,23.9,45.4,0,0,0,7,Open-Meteo Historical Weather API,ERA5
2025-09-29,US_MTN,"Denver, CO",17.157,7.3,30.2,3.9,2,0.0,0,3.9,11.0,24.9,52.2,0,0,0,7,Open-Meteo Historical Weather API,ERA5
2025-09-29,US_NE,"New York, NY",18.5,10.9,26.8,0.0,0,0.0,0,0.0,0.0,19.1,39.6,0,0,0,7,Open-Meteo Historical Weather API,ERA5
2025-09-29,US_PNW,"Seattle, WA",14.543,9.4,20.4,24.6,4,0.0,0,24.6,56.0,15.9,41.0,0,0,0,7,Open-Meteo Historical Weather API,ERA5
2025-09-29,US_WEST,"San Francisco, CA",18.643,11.8,25.3,3.0,1,0.0,0,3.0,18.0,20.4,43.6,0,0,0,7,Open-Meteo Historical Weather API,ERA5
2025-10-06,CA_ON,"Toronto, ON",13.671,3.0,27.8,10.9,2,0.0,0,10.9,29.0,23.5,47.5,0,0,0,7,Open-Meteo Historical Weather API,ERA5
2025-10-06,CA_PNW,"Vancouver, BC",12.1,7.9,18.2,25.3,5,0.0,0,25.3,59.0,11.6,32.8,0,0,0,7,Open-Meteo Historical Weather API,ERA5
2025-10-06,CA_PRAIRIE,"Calgary, AB",7.357,-2.0,23.0,3.8,1,2.59,2,7.5,17.0,27.3,55.8,0,1,0,7,Open-Meteo Historical Weather API,ERA5
2025-10-06,CA_QC,"Montreal, QC",12.1,-1.3,28.7,25.6,2,0.0,0,25.6,14.0,19.2,40.3,0,0,0,7,Open-Meteo Historical Weather API,ERA5
2025-10-06,US_MIDWEST,"Chicago, IL",14.957,7.7,25.9,33.7,3,0.0,0,33.7,25.0,26.6,45.0,0,0,0,7,Open-Meteo Historical Weather API,ERA5
2025-10-06,US_MTN,"Denver, CO",13.957,6.0,28.4,18.3,4,0.0,0,18.3,44.0,16.9,29.2,0,0,0,7,Open-Meteo Historical Weather API,ERA5
2025-10-06,US_NE,"New York, NY",16.629,7.6,26.0,16.2,2,0.0,0,16.2,31.0,28.6,59.0,0,0,0,7,Open-Meteo Historical Weather API,ERA5
2025-10-06,US_PNW,"Seattle, WA",12.414,7.5,21.4,25.2,4,0.0,0,25.2,59.0,18.4,40.0,0,0,0,7,Open-Meteo Historical Weather API,ERA5
2025-10-06,US_WEST,"San Francisco, CA",18.357,10.0,29.5,0.2,0,0.0,0,0.2,2.0,19.5,44.3,0,0,0,7,Open-Meteo Historical Weather API,ERA5
2025-10-13,CA_ON,"Toronto, ON",13.043,2.9,22.1,17.1,2,0.0,0,17.1,24.0,28.4,64.8,0,0,0,7,Open-Meteo Historical Weather API,ERA5
2025-10-13,CA_PNW,"Vancouver, BC",9.5,2.8,14.9,49.9,3,0.0,0,49.9,45.0,17.5,40.0,0,0,0,7,Open-Meteo Historical Weather API,ERA5
2025-10-13,CA_PRAIRIE,"Calgary, AB",3.543,-5.5,18.4,2.1,1,0.0,0,2.1,7.0,23.4,40.7,0,3,0,7,Open-Meteo Historical Weather API,ERA5
2025-10-13,CA_QC,"Montreal, QC",9.843,-1.1,22.0,0.2,0,0.0,0,0.2,2.0,26.5,46.8,0,0,0,7,Open-Meteo Historical Weather API,ERA5
2025-10-13,US_MIDWEST,"Chicago, IL",15.586,9.4,21.9,36.0,3,0.0,0,36.0,41.0,35.8,63.4,0,0,0,7,Open-Meteo Historical Weather API,ERA5
2025-10-13,US_MTN,"Denver, CO",13.014,1.6,26.9,0.4,0,0.0,0,0.4,4.0,26.3,52.9,0,0,0,7,Open-Meteo Historical Weather API,ERA5
2025-10-13,US_NE,"New York, NY",13.757,8.1,21.4,23.9,1,0.0,0,23.9,22.0,33.1,72.4,0,0,0,7,Open-Meteo Historical Weather API,ERA5
2025-10-13,US_PNW,"Seattle, WA",10.129,3.4,14.8,26.2,4,0.0,0,26.2,51.0,29.2,61.9,0,0,0,7,Open-Meteo Historical Weather API,ERA5
2025-10-13,US_WEST,"San Francisco, CA",15.257,9.9,25.3,24.9,2,0.0,0,24.9,31.0,22.0,49.0,0,0,0,7,Open-Meteo Historical Weather API,ERA5
2025-10-20,CA_ON,"Toronto, ON",8.186,-0.7,16.2,12.1,4,0.0,0,12.1,29.0,26.4,50.8,0,1,0,7,Open-Meteo Historical Weather API,ERA5
2025-10-20,CA_PNW,"Vancouver, BC",10.571,6.8,14.4,87.7,7,0.0,0,87.7,113.0,23.0,60.8,0,0,0,7,Open-Meteo Historical Weather API,ERA5
2025-10-20,CA_PRAIRIE,"Calgary, AB",7.614,-3.1,16.2,1.4,0,0.0,0,1.4,10.0,28.3,54.7,0,1,0,7,Open-Meteo Historical Weather API,ERA5
2025-10-20,CA_QC,"Montreal, QC",9.386,2.6,18.6,50.9,4,0.0,0,50.9,65.0,26.1,50.4,0,0,0,7,Open-Meteo Historical Weather API,ERA5
2025-10-20,US_MIDWEST,"Chicago, IL",8.857,2.7,17.4,6.0,3,0.0,0,6.0,14.0,34.5,67.7,0,0,0,7,Open-Meteo Historical Weather API,ERA5
2025-10-20,US_MTN,"Denver, CO",11.657,2.0,22.6,0.0,0,0.0,0,0.0,0.0,25.6,50.4,0,0,0,7,Open-Meteo Historical Weather API,ERA5
2025-10-20,US_NE,"New York, NY",12.9,6.6,19.4,13.4,2,0.0,0,13.4,20.0,28.6,54.7,0,0,0,7,Open-Meteo Historical Weather API,ERA5
2025-10-20,US_PNW,"Seattle, WA",10.743,6.5,15.5,52.6,3,0.0,0,52.6,63.0,34.7,79.6,0,0,0,7,Open-Meteo Historical Weather API,ERA5
2025-10-20,US_WEST,"San Francisco, CA",16.2,11.7,25.9,1.2,0,0.0,0,1.2,8.0,29.4,58.3,0,0,0,7,Open-Meteo Historical Weather API,ERA5
2025-10-27,CA_ON,"Toronto, ON",6.543,-1.6,12.0,20.6,2,0.0,0,20.6,35.0,34.5,64.4,0,1,0,7,Open-Meteo Historical Weather API,ERA5
2025-10-27,CA_PNW,"Vancouver, BC",8.986,5.1,13.3,102.2,6,0.0,0,102.2,91.0,17.9,63.0,0,0,0,7,Open-Meteo Historical Weather API,ERA5
2025-10-27,CA_PRAIRIE,"Calgary, AB",4.7,-4.5,14.5,1.4,1,0.0,0,1.4,6.0,29.9,63.4,0,5,0,7,Open-Meteo Historical Weather API,ERA5
2025-10-27,CA_QC,"Montreal, QC",5.743,0.5,11.5,69.3,3,0.0,0,69.3,43.0,31.0,56.5,0,3,1,7,Open-Meteo Historical Weather API,ERA5
2025-10-27,US_MIDWEST,"Chicago, IL",8.829,3.9,13.5,1.8,1,0.0,0,1.8,12.0,30.1,52.9,0,0,0,7,Open-Meteo Historical Weather API,ERA5
2025-10-27,US_MTN,"Denver, CO",7.386,-4.7,27.8,6.3,1,0.0,0,6.3,9.0,22.4,39.6,0,2,0,7,Open-Meteo Historical Weather API,ERA5
2025-10-27,US_NE,"New York, NY",10.886,4.7,16.8,40.3,2,0.0,0,40.3,26.0,33.3,69.5,0,0,0,7,Open-Meteo Historical Weather API,ERA5
2025-10-27,US_PNW,"Seattle, WA",9.7,3.9,14.6,65.1,6,0.0,0,65.1,60.0,27.2,78.1,0,0,0,7,Open-Meteo Historical Weather API,ERA5
2025-10-27,US_WEST,"San Francisco, CA",15.657,8.9,25.9,0.0,0,0.0,0,0.0,0.0,13.0,31.0,0,0,0,7,Open-Meteo Historical Weather API,ERA5
2025-11-03,CA_ON,"Toronto, ON",5.843,-2.4,13.9,9.8,3,4.97,1,16.9,48.0,30.0,59.8,0,3,0,7,Open-Meteo Historical Weather API,ERA5
2025-11-03,CA_PNW,"Vancouver, BC",9.743,3.3,16.1,84.1,4,0.0,0,84.1,70.0,24.7,74.9,0,0,0,7,Open-Meteo Historical Weather API,ERA5
2025-11-03,CA_PRAIRIE,"Calgary, AB",2.4,-5.5,12.9,1.5,1,3.36,1,6.3,14.0,17.6,37.4,0,6,1,7,Open-Meteo Historical Weather API,ERA5
2025-11-03,CA_QC,"Montreal, QC",3.871,-3.9,11.7,30.2,6,4.69,1,36.9,64.0,29.0,58.0,0,5,4,7,Open-Meteo Historical Weather API,ERA5
2025-11-03,US_MIDWEST,"Chicago, IL",8.357,-1.8,16.1,16.2,3,1.89,1,18.9,53.0,34.3,63.4,0,1,1,7,Open-Meteo Historical Weather API,ERA5
2025-11-03,US_MTN,"Denver, CO",8.386,-4.4,24.3,0.0,0,0.0,0,0.0,0.0,23.2,45.0,0,1,0,7,Open-Meteo Historical Weather API,ERA5
2025-11-03,US_NE,"New York, NY",11.471,3.2,18.0,16.0,2,0.0,0,16.0,19.0,28.3,56.2,0,0,0,7,Open-Meteo Historical Weather API,ERA5
2025-11-03,US_PNW,"Seattle, WA",10.357,4.7,16.3,41.6,4,0.0,0,41.6,70.0,25.8,69.5,0,0,0,7,Open-Meteo Historical Weather API,ERA5
2025-11-03,US_WEST,"San Francisco, CA",16.071,10.8,24.1,5.8,1,0.0,0,5.8,12.0,27.5,67.7,0,0,0,7,Open-Meteo Historical Weather API,ERA5
2025-11-10,CA_ON,"Toronto, ON",2.586,-4.4,11.6,7.4,1,2.03,1,10.3,39.0,34.4,68.4,0,6,0,7,Open-Meteo Historical Weather API,ERA5
2025-11-10,CA_PNW,"Vancouver, BC",9.6,6.1,13.9,56.3,6,0.0,0,56.3,78.0,12.6,30.2,0,0,0,7,Open-Meteo Historical Weather API,ERA5
2025-11-10,CA_PRAIRIE,"Calgary, AB",4.329,-4.8,16.4,0.1,0,0.77,0,1.2,7.0,34.8,64.8,0,4,0,7,Open-Meteo Historical Weather API,ERA5
2025-11-10,CA_QC,"Montreal, QC",-0.071,-3.3,2.3,17.6,3,22.05,4,49.1,101.0,27.0,48.2,0,7,3,7,Open-Meteo Historical Weather API,ERA5
2025-11-10,US_MIDWEST,"Chicago, IL",6.443,-3.7,19.1,0.1,0,4.2,1,6.1,14.0,38.1,65.2,0,2,0,7,Open-Meteo Historical Weather API,ERA5
2025-11-10,US_MTN,"Denver, CO",12.171,-0.2,25.3,0.0,0,0.0,0,0.0,0.0,16.4,29.9,0,0,0,7,Open-Meteo Historical Weather API,ERA5
2025-11-10,US_NE,"New York, NY",7.414,1.4,13.6,13.3,4,0.0,0,13.3,35.0,33.9,64.4,0,1,1,7,Open-Meteo Historical Weather API,ERA5
2025-11-10,US_PNW,"Seattle, WA",11.243,6.1,14.0,47.6,6,0.0,0,47.6,99.0,18.7,42.5,0,0,0,7,Open-Meteo Historical Weather API,ERA5
2025-11-10,US_WEST,"San Francisco, CA",15.857,10.6,24.7,39.8,5,0.0,0,39.8,61.0,24.6,72.0,0,0,0,7,Open-Meteo Historical Weather API,ERA5
2025-11-17,CA_ON,"Toronto, ON",2.9,-3.7,10.1,1.4,1,0.07,0,1.5,9.0,26.2,50.8,0,5,0,7,Open-Meteo Historical Weather API,ERA5
2025-11-17,CA_PNW,"Vancouver, BC",8.229,3.2,11.8,83.6,6,0.0,0,83.6,95.0,15.4,37.8,0,0,0,7,Open-Meteo Historical Weather API,ERA5
2025-11-17,CA_PRAIRIE,"Calgary, AB",1.371,-6.7,12.2,2.1,1,2.31,1,5.4,18.0,22.2,51.5,0,6,1,7,Open-Meteo Historical Weather API,ERA5
2025-11-17,CA_QC,"Montreal, QC",-1.6,-6.7,3.3,3.1,1,2.38,0,6.5,30.0,28.5,53.3,0,7,1,7,Open-Meteo Historical Weather API,ERA5
2025-11-17,US_MIDWEST,"Chicago, IL",5.843,0.3,11.8,7.4,1,0.0,0,7.4,23.0,24.4,41.8,0,1,0,7,Open-Meteo Historical Weather API,ERA5
2025-11-17,US_MTN,"Denver, CO",8.014,2.5,18.0,2.7,2,0.0,0,2.7,21.0,17.5,38.5,0,0,0,7,Open-Meteo Historical Weather API,ERA5
2025-11-17,US_NE,"New York, NY",5.671,0.1,10.1,9.5,2,0.0,0,9.5,21.0,32.9,59.4,0,3,1,7,Open-Meteo Historical Weather API,ERA5
2025-11-17,US_PNW,"Seattle, WA",8.857,4.6,12.7,29.1,3,0.0,0,29.1,65.0,17.4,35.3,0,0,0,7,Open-Meteo Historical Weather API,ERA5
2025-11-17,US_WEST,"San Francisco, CA",12.271,7.0,17.7,26.2,3,0.0,0,26.2,37.0,25.5,62.3,0,0,0,7,Open-Meteo Historical Weather API,ERA5
2025-11-24,CA_ON,"Toronto, ON",2.686,-5.0,10.1,7.8,2,5.32,1,15.4,38.0,37.1,68.4,0,5,1,7,Open-Meteo Historical Weather API,ERA5
2025-11-24,CA_PNW,"Vancouver, BC",5.914,1.4,9.8,35.4,4,0.0,0,35.4,63.0,13.0,31.0,0,3,1,7,Open-Meteo Historical Weather API,ERA5
2025-11-24,CA_PRAIRIE,"Calgary, AB",-12.057,-23.5,-2.1,0.0,0,9.66,2,13.8,35.0,17.9,34.6,0,7,0,7,Open-Meteo Historical Weather API,ERA5
2025-11-24,CA_QC,"Montreal, QC",0.757,-5.8,6.5,13.8,2,3.01,1,18.1,45.0,29.3,51.5,0,7,2,7,Open-Meteo Historical Weather API,ERA5
2025-11-24,US_MIDWEST,"Chicago, IL",1.371,-4.9,10.2,8.7,2,15.61,2,31.0,51.0,46.7,85.3,1,5,0,7,Open-Meteo Historical Weather API,ERA5
2025-11-24,US_MTN,"Denver, CO",1.686,-9.3,16.4,0.1,0,2.03,1,3.0,14.0,19.7,38.2,0,5,0,7,Open-Meteo Historical Weather API,ERA5
2025-11-24,US_NE,"New York, NY",6.329,0.7,15.3,16.7,3,0.0,0,16.7,23.0,31.1,57.6,0,3,1,7,Open-Meteo Historical Weather API,ERA5
2025-11-24,US_PNW,"Seattle, WA",6.8,1.1,10.8,37.4,5,0.0,0,37.4,65.0,14.6,30.6,0,1,0,7,Open-Meteo Historical Weather API,ERA5
2025-11-24,US_WEST,"San Francisco, CA",9.786,6.5,15.0,0.0,0,0.0,0,0.0,0.0,13.8,30.2,0,0,0,7,Open-Meteo Historical Weather API,ERA5
2025-12-01,CA_ON,"Toronto, ON",-3.043,-13.5,1.8,0.0,0,3.57,2,5.1,35.0,28.0,54.4,0,7,0,7,Open-Meteo Historical Weather API,ERA5
2025-12-01,CA_PNW,"Vancouver, BC",7.043,3.6,10.0,56.1,6,0.0,0,56.1,107.0,12.7,38.9,0,1,1,7,Open-Meteo Historical Weather API,ERA5
2025-12-01,CA_PRAIRIE,"Calgary, AB",-5.029,-15.8,3.6,0.3,0,4.34,3,6.5,38.0,19.3,36.4,0,7,0,7,Open-Meteo Historical Weather API,ERA5
2025-12-01,CA_QC,"Montreal, QC",-7.829,-18.5,1.8,0.4,0,6.02,4,9.0,49.0,31.9,56.9,0,7,0,7,Open-Meteo Historical Weather API,ERA5
2025-12-01,US_MIDWEST,"Chicago, IL",-4.529,-11.3,0.3,0.2,0,7.84,2,11.4,31.0,27.4,48.2,0,7,0,7,Open-Meteo Historical Weather API,ERA5
2025-12-01,US_MTN,"Denver, CO",-0.971,-12.2,10.6,0.9,0,9.38,1,14.3,33.0,14.3,31.7,0,7,0,7,Open-Meteo Historical Weather API,ERA5
2025-12-01,US_NE,"New York, NY",1.429,-6.4,5.9,16.4,1,0.21,0,16.7,14.0,23.1,46.1,0,7,1,7,Open-Meteo Historical Weather API,ERA5
2025-12-01,US_PNW,"Seattle, WA",7.986,3.0,12.5,46.4,5,0.0,0,46.4,99.0,28.6,61.9,0,1,0,7,Open-Meteo Historical Weather API,ERA5
2025-12-01,US_WEST,"San Francisco, CA",8.929,4.5,17.4,0.0,0,0.0,0,0.0,0.0,13.9,28.8,0,0,0,7,Open-Meteo Historical Weather API,ERA5
2025-12-08,CA_ON,"Toronto, ON",-5.714,-14.3,1.4,1.5,1,8.26,2,13.3,28.0,30.6,54.7,0,7,1,7,Open-Meteo Historical Weather API,ERA5
2025-12-08,CA_PNW,"Vancouver, BC",9.114,7.0,11.9,127.3,7,0.0,0,127.3,131.0,19.2,50.8,0,0,0,7,Open-Meteo Historical Weather API,ERA5
2025-12-08,CA_PRAIRIE,"Calgary, AB",-6.986,-22.2,4.9,0.7,0,6.51,2,10.0,32.0,23.2,50.0,0,7,0,7,Open-Meteo Historical Weather API,ERA5
2025-12-08,CA_QC,"Montreal, QC",-9.771,-22.0,-3.1,0.0,0,12.04,3,17.2,60.0,29.8,55.8,0,7,0,7,Open-Meteo Historical Weather API,ERA5
2025-12-08,US_MIDWEST,"Chicago, IL",-4.886,-16.6,4.2,5.4,2,2.17,0,8.5,29.0,34.8,59.8,0,7,2,7,Open-Meteo Historical Weather API,ERA5
2025-12-08,US_MTN,"Denver, CO",6.771,-4.1,19.4,0.0,0,0.0,0,0.0,0.0,19.5,40.7,0,1,0,7,Open-Meteo Historical Weather API,ERA5
2025-12-08,US_NE,"New York, NY",-0.657,-8.2,6.3,4.1,1,7.91,1,15.4,26.0,29.3,54.4,0,7,1,7,Open-Meteo Historical Weather API,ERA5
2025-12-08,US_PNW,"Seattle, WA",10.843,7.8,14.5,144.4,6,0.0,0,144.4,106.0,31.7,72.0,0,0,0,7,Open-Meteo Historical Weather API,ERA5
2025-12-08,US_WEST,"San Francisco, CA",7.214,3.1,13.8,0.0,0,0.0,0,0.0,0.0,14.8,30.2,0,0,0,7,Open-Meteo Historical Weather API,ERA5
2025-12-15,CA_ON,"Toronto, ON",-0.729,-11.6,8.6,10.9,1,1.33,0,12.8,24.0,33.5,80.6,0,7,1,7,Open-Meteo Historical Weather API,ERA5
2025-12-15,CA_PNW,"Vancouver, BC",7.3,1.6,14.2,188.0,7,2.94,1,192.2,137.0,30.1,81.4,0,1,1,7,Open-Meteo Historical Weather API,ERA5
2025-12-15,CA_PRAIRIE,"Calgary, AB",-7.057,-23.8,9.8,0.7,0,4.83,1,7.6,16.0,36.2,71.6,0,6,0,7,Open-Meteo Historical Weather API,ERA5
2025-12-15,CA_QC,"Montreal, QC",-3.243,-15.6,10.5,17.6,2,0.98,0,19.0,36.0,43.1,99.0,1,7,2,7,Open-Meteo Historical Weather API,ERA5
2025-12-15,US_MIDWEST,"Chicago, IL",-2.057,-14.3,9.3,6.9,1,0.0,0,6.9,13.0,40.4,68.4,1,7,1,7,Open-Meteo Historical Weather API,ERA5
2025-12-15,US_MTN,"Denver, CO",8.257,-1.4,22.5,2.4,1,0.0,0,2.4,5.0,21.2,62.6,0,1,0,7,Open-Meteo Historical Weather API,ERA5
2025-12-15,US_NE,"New York, NY",0.8,-7.8,14.0,14.1,1,0.0,0,14.1,17.0,34.0,64.1,0,6,0,7,Open-Meteo Historical Weather API,ERA5
2025-12-15,US_PNW,"Seattle, WA",8.329,4.0,15.6,86.5,7,0.0,0,86.5,133.0,32.1,79.6,0,0,0,7,Open-Meteo Historical Weather API,ERA5
2025-12-15,US_WEST,"San Francisco, CA",12.571,4.4,17.3,9.4,3,0.0,0,9.4,36.0,22.6,48.2,0,0,0,7,Open-Meteo Historical Weather API,ERA5
2025-12-22,CA_ON,"Toronto, ON",-2.086,-9.9,4.0,19.9,1,13.93,2,39.8,39.0,33.3,63.7,0,7,1,7,Open-Meteo Historical Weather API,ERA5
2025-12-22,CA_PNW,"Vancouver, BC",3.829,-0.4,6.9,42.2,5,3.71,1,47.5,83.0,24.5,68.0,0,6,4,7,Open-Meteo Historical Weather API,ERA5
2025-12-22,CA_PRAIRIE,"Calgary, AB",-16.414,-31.6,-1.8,0.0,0,5.88,2,8.4,34.0,23.1,45.4,0,7,0,7,Open-Meteo Historical Weather API,ERA5
2025-12-22,CA_QC,"Montreal, QC",-11.271,-22.5,-4.4,0.0,0,9.66,3,13.8,41.0,20.9,37.8,0,7,0,7,Open-Meteo Historical Weather API,ERA5
2025-12-22,US_MIDWEST,"Chicago, IL",4.429,-1.9,10.4,38.3,4,0.0,0,38.3,45.0,37.5,67.7,0,5,2,7,Open-Meteo Historical Weather API,ERA5
2025-12-22,US_MTN,"Denver, CO",8.7,-8.1,24.7,0.0,0,1.26,1,1.8,7.0,20.7,41.8,0,1,0,7,Open-Meteo Historical Weather API,ERA5
2025-12-22,US_NE,"New York, NY",-0.471,-9.2,7.6,2.1,0,12.53,3,20.0,31.0,28.6,50.0,0,7,0,7,Open-Meteo Historical Weather API,ERA5
2025-12-22,US_PNW,"Seattle, WA",4.714,0.0,10.3,22.5,6,0.07,0,22.6,68.0,22.8,53.3,0,4,3,7,Open-Meteo Historical Weather API,ERA5
2025-12-22,US_WEST,"San Francisco, CA",13.271,4.2,17.5,43.9,5,0.0,0,43.9,76.0,38.4,97.2,0,0,0,7,Open-Meteo Historical Weather API,ERA5
2025-12-29,CA_ON,"Toronto, ON",-5.429,-14.5,8.6,3.8,1,3.85,2,9.3,43.0,39.3,81.0,0,7,1,7,Open-Meteo Historical Weather API,ERA5
2025-12-29,CA_PNW,"Vancouver, BC",5.443,2.5,8.8,51.8,3,0.07,0,51.9,54.0,14.0,38.2,0,4,0,7,Open-Meteo Historical Weather API,ERA5
2025-12-29,CA_PRAIRIE,"Calgary, AB",-4.229,-13.8,6.9,0.2,0,0.14,0,0.4,4.0,18.6,34.2,0,7,0,7,Open-Meteo Historical Weather API,ERA5
2025-12-29,CA_QC,"Montreal, QC",-12.643,-23.8,2.7,16.9,1,3.43,1,21.8,33.0,33.1,63.4,0,7,1,7,Open-Meteo Historical Weather API,ERA5
2025-12-29,US_MIDWEST,"Chicago, IL",-5.186,-10.7,1.3,0.9,0,3.29,2,5.6,32.0,43.4,79.2,1,7,0,7,Open-Meteo Historical Weather API,ERA5
2025-12-29,US_MTN,"Denver, CO",5.914,-8.5,20.9,0.0,0,0.0,0,0.0,0.0,15.0,30.6,0,2,0,7,Open-Meteo Historical Weather API,ERA5
2025-12-29,US_NE,"New York, NY",-1.586,-6.0,8.0,5.4,1,1.05,0,6.9,25.0,31.4,59.4,0,7,1,7,Open-Meteo Historical Weather API,ERA5
2025-12-29,US_PNW,"Seattle, WA",5.243,0.4,11.6,28.7,3,0.0,0,28.7,64.0,21.2,45.0,0,4,0,7,Open-Meteo Historical Weather API,ERA5
2025-12-29,US_WEST,"San Francisco, CA",11.486,4.4,17.4,48.9,5,0.0,0,48.9,83.0,26.1,59.8,0,0,0,7,Open-Meteo Historical Weather API,ERA5
2026-01-05,CA_ON,"Toronto, ON",1.171,-8.4,12.1,20.1,4,6.09,4,28.8,47.0,38.8,83.5,0,6,3,7,Open-Meteo Historical Weather API,ERA5
2026-01-05,CA_PNW,"Vancouver, BC",5.386,0.5,7.9,82.3,7,19.95,3,110.8,107.0,21.5,47.9,0,2,2,7,Open-Meteo Historical Weather API,ERA5
2026-01-05,CA_PRAIRIE,"Calgary, AB",-3.1,-15.3,10.3,0.0,0,0.07,0,0.1,1.0,24.8,49.3,0,6,0,7,Open-Meteo Historical Weather API,ERA5
2026-01-05,CA_QC,"Montreal, QC",-3.914,-20.6,6.9,9.9,2,13.44,3,29.1,50.0,41.2,77.0,2,7,2,7,Open-Meteo Historical Weather API,ERA5
2026-01-05,US_MIDWEST,"Chicago, IL",3.2,-4.9,13.8,21.6,4,1.82,1,24.2,26.0,38.8,83.2,0,5,2,7,Open-Meteo Historical Weather API,ERA5
2026-01-05,US_MTN,"Denver, CO",2.429,-12.2,16.1,0.1,0,8.68,2,12.5,30.0,19.3,39.6,0,4,0,7,Open-Meteo Historical Weather API,ERA5
2026-01-05,US_NE,"New York, NY",3.414,-3.7,10.7,13.0,2,0.14,0,13.2,22.0,22.8,46.4,0,6,1,7,Open-Meteo Historical Weather API,ERA5
2026-01-05,US_PNW,"Seattle, WA",6.386,2.9,9.8,49.5,5,0.0,0,49.5,103.0,27.5,57.6,0,0,0,7,Open-Meteo Historical Weather API,ERA5
2026-01-05,US_WEST,"San Francisco, CA",10.257,2.0,16.0,28.0,2,0.0,0,28.0,29.0,23.1,47.9,0,0,0,7,Open-Meteo Historical Weather API,ERA5
2026-01-12,CA_ON,"Toronto, ON",-3.671,-16.4,5.1,0.9,0,16.1,3,23.9,43.0,31.3,60.8,0,7,0,7,Open-Meteo Historical Weather API,ERA5
2026-01-12,CA_PNW,"Vancouver, BC",7.3,3.1,11.2,72.6,2,0.0,0,72.6,36.0,15.0,42.1,0,0,0,7,Open-Meteo Historical Weather API,ERA5
2026-01-12,CA_PRAIRIE,"Calgary, AB",3.157,-7.2,16.4,0.0,0,0.0,0,0.0,0.0,31.4,57.6,0,4,0,7,Open-Meteo Historical Weather API,ERA5
2026-01-12,CA_QC,"Montreal, QC",-5.257,-16.7,3.9,5.2,3,8.68,2,17.6,73.0,28.6,53.3,0,7,3,7,Open-Meteo Historical Weather API,ERA5
2026-01-12,US_MIDWEST,"Chicago, IL",-3.643,-13.8,9.0,1.2,0,4.27,2,7.3,34.0,39.7,71.3,0,7,0,7,Open-Meteo Historical Weather API,ERA5
2026-01-12,US_MTN,"Denver, CO",3.4,-6.3,16.3,0.0,0,0.14,0,0.2,2.0,29.1,53.6,0,5,0,7,Open-Meteo Historical Weather API,ERA5
2026-01-12,US_NE,"New York, NY",1.557,-5.9,10.3,2.7,1,7.14,2,12.9,27.0,23.3,43.9,0,6,1,7,Open-Meteo Historical Weather API,ERA5
2026-01-12,US_PNW,"Seattle, WA",7.714,1.3,12.3,7.8,2,0.0,0,7.8,31.0,18.4,39.2,0,1,0,7,Open-Meteo Historical Weather API,ERA5
2026-01-12,US_WEST,"San Francisco, CA",9.214,2.5,18.2,0.0,0,0.0,0,0.0,0.0,15.2,30.6,0,0,0,7,Open-Meteo Historical Weather API,ERA5
2026-01-19,CA_ON,"Toronto, ON",-10.371,-26.4,-0.4,0.0,0,10.99,2,15.7,39.0,33.8,60.8,0,7,0,7,Open-Meteo Historical Weather API,ERA5
2026-01-19,CA_PNW,"Vancouver, BC",3.029,-2.3,9.8,0.0,0,0.0,0,0.0,0.0,11.1,24.1,0,7,0,7,Open-Meteo Historical Weather API,ERA5
2026-01-19,CA_PRAIRIE,"Calgary, AB",-7.986,-19.7,4.7,0.0,0,4.48,1,6.4,32.0,26.5,55.8,0,7,0,7,Open-Meteo Historical Weather API,ERA5
2026-01-19,CA_QC,"Montreal, QC",-12.914,-26.4,-2.1,0.0,0,5.39,3,7.6,32.0,28.1,47.5,0,7,0,7,Open-Meteo Historical Weather API,ERA5
2026-01-19,US_MIDWEST,"Chicago, IL",-11.814,-23.3,-1.1,0.0,0,6.02,2,8.6,50.0,34.3,65.2,0,7,0,7,Open-Meteo Historical Weather API,ERA5
2026-01-19,US_MTN,"Denver, CO",-4.886,-17.2,13.0,0.0,0,4.06,2,5.8,21.0,27.5,47.5,0,7,0,7,Open-Meteo Historical Weather API,ERA5
2026-01-19,US_NE,"New York, NY",-4.514,-12.8,7.3,4.9,1,17.57,1,30.0,23.0,24.6,45.4,0,7,1,7,Open-Meteo Historical Weather API,ERA5
2026-01-19,US_PNW,"Seattle, WA",2.986,-1.9,9.2,0.0,0,0.0,0,0.0,0.0,11.2,27.0,0,7,0,7,Open-Meteo Historical Weather API,ERA5
2026-01-19,US_WEST,"San Francisco, CA",9.9,4.8,18.3,0.0,0,0.0,0,0.0,0.0,14.9,31.0,0,0,0,7,Open-Meteo Historical Weather API,ERA5
2026-01-26,CA_ON,"Toronto, ON",-13.671,-23.7,-6.3,0.0,0,1.05,0,1.5,11.0,25.8,43.6,0,7,0,7,Open-Meteo Historical Weather API,ERA5
2026-01-26,CA_PNW,"Vancouver, BC",7.786,-0.0,10.3,110.9,5,0.0,0,110.9,102.0,17.2,60.1,0,1,0,7,Open-Meteo Historical Weather API,ERA5
2026-01-26,CA_PRAIRIE,"Calgary, AB",0.2,-14.0,11.4,0.0,0,0.0,0,0.0,0.0,20.5,38.2,0,6,0,7,Open-Meteo Historical Weather API,ERA5
2026-01-26,CA_QC,"Montreal, QC",-15.786,-20.9,-11.1,0.0,0,5.95,1,8.5,34.0,21.8,39.6,0,7,0,7,Open-Meteo Historical Weather API,ERA5
2026-01-26,US_MIDWEST,"Chicago, IL",-10.671,-18.1,-2.8,0.0,0,2.1,1,3.0,23.0,33.9,55.8,0,7,0,7,Open-Meteo Historical Weather API,ERA5
2026-01-26,US_MTN,"Denver, CO",1.486,-18.0,18.1,0.0,0,0.0,0,0.0,0.0,19.1,41.8,0,6,0,7,Open-Meteo Historical Weather API,ERA5
2026-01-26,US_NE,"New York, NY",-9.171,-17.4,-2.8,0.0,0,0.77,0,1.1,8.0,22.2,41.8,0,7,0,7,Open-Meteo Historical Weather API,ERA5
2026-01-26,US_PNW,"Seattle, WA",8.143,0.0,13.3,40.6,4,0.0,0,40.6,78.0,21.3,44.3,0,1,0,7,Open-Meteo Historical Weather API,ERA5
2026-01-26,US_WEST,"San Francisco, CA",10.914,4.0,18.1,1.7,1,0.0,0,1.7,6.0,11.9,29.5,0,0,0,7,Open-Meteo Historical Weather API,ERA5
2026-02-02,CA_ON,"Toronto, ON",-11.414,-22.5,-2.7,0.0,0,2.38,1,3.4,20.0,36.7,64.4,0,7,0,7,Open-Meteo Historical Weather API,ERA5
2026-02-02,CA_PNW,"Vancouver, BC",9.057,4.6,14.7,51.2,2,0.0,0,51.2,47.0,18.8,40.7,0,0,0,7,Open-Meteo Historical Weather API,ERA5
2026-02-02,CA_PRAIRIE,"Calgary, AB",6.443,-2.3,16.6,0.3,0,0.0,0,0.3,3.0,27.7,45.4,0,4,0,7,Open-Meteo Historical Weather API,ERA5
2026-02-02,CA_QC,"Montreal, QC",-12.971,-21.3,-5.0,0.0,0,3.08,1,4.4,26.0,22.6,43.9,0,7,0,7,Open-Meteo Historical Weather API,ERA5
2026-02-02,US_MIDWEST,"Chicago, IL",-4.529,-10.8,2.2,0.6,0,3.71,2,5.9,28.0,27.7,52.2,0,7,0,7,Open-Meteo Historical Weather API,ERA5
2026-02-02,US_MTN,"Denver, CO",6.457,-4.2,18.9,0.6,0,0.0,0,0.6,6.0,16.0,33.1,0,2,0,7,Open-Meteo Historical Weather API,ERA5
2026-02-02,US_NE,"New York, NY",-6.743,-16.9,1.0,0.0,0,0.98,0,1.4,13.0,33.6,61.9,0,7,0,7,Open-Meteo Historical Weather API,ERA5
2026-02-02,US_PNW,"Seattle, WA",9.157,4.9,14.8,23.5,2,0.0,0,23.5,42.0,22.2,46.8,0,0,0,7,Open-Meteo Historical Weather API,ERA5
2026-02-02,US_WEST,"San Francisco, CA",12.257,5.7,20.4,0.0,0,0.0,0,0.0,0.0,17.1,31.7,0,0,0,7,Open-Meteo Historical Weather API,ERA5
2026-02-09,CA_ON,"Toronto, ON",-5.286,-26.4,2.2,0.1,0,2.38,1,3.5,14.0,26.4,47.9,0,7,0,7,Open-Meteo Historical Weather API,ERA5
2026-02-09,CA_PNW,"Vancouver, BC",5.714,0.5,11.5,38.1,5,1.26,1,39.9,77.0,11.9,26.3,0,1,0,7,Open-Meteo Historical Weather API,ERA5
2026-02-09,CA_PRAIRIE,"Calgary, AB",1.329,-5.2,10.8,0.3,0,0.0,0,0.3,3.0,17.5,33.1,0,7,0,7,Open-Meteo Historical Weather API,ERA5
2026-02-09,CA_QC,"Montreal, QC",-9.743,-21.0,-0.7,0.0,0,4.9,1,7.0,22.0,17.5,30.2,0,7,0,7,Open-Meteo Historical Weather API,ERA5
2026-02-09,US_MIDWEST,"Chicago, IL",1.471,-5.6,12.8,0.0,0,0.0,0,0.0,0.0,25.4,41.8,0,7,0,7,Open-Meteo Historical Weather API,ERA5
2026-02-09,US_MTN,"Denver, CO",7.1,-2.3,21.7,5.3,3,0.0,0,5.3,19.0,19.6,38.5,0,1,0,7,Open-Meteo Historical Weather API,ERA5
2026-02-09,US_NE,"New York, NY",-1.8,-14.2,5.9,0.6,0,0.49,0,1.3,6.0,19.6,37.1,0,7,0,7,Open-Meteo Historical Weather API,ERA5
2026-02-09,US_PNW,"Seattle, WA",6.543,2.8,12.2,10.9,3,0.0,0,10.9,37.0,18.8,40.7,0,1,0,7,Open-Meteo Historical Weather API,ERA5
2026-02-09,US_WEST,"San Francisco, CA",12.443,7.7,18.0,34.8,4,0.0,0,34.8,62.0,23.7,55.8,0,0,0,7,Open-Meteo Historical Weather API,ERA5
2026-02-16,CA_ON,"Toronto, ON",0.329,-6.7,5.1,11.8,3,13.23,3,30.6,69.0,29.0,56.9,0,7,3,7,Open-Meteo Historical Weather API,ERA5
2026-02-16,CA_PNW,"Vancouver, BC",3.043,-2.7,9.3,22.0,3,9.66,3,35.8,70.0,18.7,53.6,0,6,2,7,Open-Meteo Historical Weather API,ERA5
2026-02-16,CA_PRAIRIE,"Calgary, AB",-15.257,-25.7,0.8,0.0,0,8.82,2,12.6,40.0,28.4,60.1,0,7,0,7,Open-Meteo Historical Weather API,ERA5
2026-02-16,CA_QC,"Montreal, QC",-5.629,-13.2,1.8,0.3,0,4.48,2,6.7,21.0,26.1,44.6,0,7,0,7,Open-Meteo Historical Weather API,ERA5
2026-02-16,US_MIDWEST,"Chicago, IL",3.614,-5.8,15.8,12.2,3,0.21,0,12.5,16.0,39.3,70.9,0,3,1,7,Open-Meteo Historical Weather API,ERA5
2026-02-16,US_MTN,"Denver, CO",2.329,-7.8,20.7,0.9,0,1.82,0,3.5,19.0,27.5,54.4,0,4,0,7,Open-Meteo Historical Weather API,ERA5
2026-02-16,US_NE,"New York, NY",1.971,-0.9,6.4,11.2,3,9.03,2,24.0,46.0,26.5,50.0,0,7,3,7,Open-Meteo Historical Weather API,ERA5
2026-02-16,US_PNW,"Seattle, WA",4.5,-0.6,11.0,21.2,5,0.21,0,21.5,70.0,19.8,38.2,0,5,3,7,Open-Meteo Historical Weather API,ERA5
2026-02-16,US_WEST,"San Francisco, CA",9.786,2.9,19.2,70.8,4,0.0,0,70.8,65.0,34.5,70.2,0,0,0,7,Open-Meteo Historical Weather API,ERA5
2026-02-23,CA_ON,"Toronto, ON",-4.543,-16.4,6.2,0.4,0,3.22,1,5.0,18.0,28.8,53.3,0,7,0,7,Open-Meteo Historical Weather API,ERA5
2026-02-23,CA_PNW,"Vancouver, BC",6.657,1.5,11.6,23.4,4,0.0,0,23.4,58.0,17.2,47.2,0,1,0,7,Open-Meteo Historical Weather API,ERA5
2026-02-23,CA_PRAIRIE,"Calgary, AB",-4.657,-19.7,9.8,0.4,0,5.04,1,7.6,34.0,22.7,47.9,0,7,0,7,Open-Meteo Historical Weather API,ERA5
2026-02-23,CA_QC,"Montreal, QC",-6.914,-17.7,6.2,2.4,1,3.78,1,7.8,31.0,29.5,54.7,0,7,1,7,Open-Meteo Historical Weather API,ERA5
2026-02-23,US_MIDWEST,"Chicago, IL",-0.9,-6.6,14.9,0.0,0,0.42,0,0.6,2.0,33.7,59.0,0,6,0,7,Open-Meteo Historical Weather API,ERA5
2026-02-23,US_MTN,"Denver, CO",10.943,-2.3,23.2,0.0,0,0.0,0,0.0,0.0,28.2,51.5,0,0,0,7,Open-Meteo Historical Weather API,ERA5
2026-02-23,US_NE,"New York, NY",0.443,-7.0,8.7,0.1,0,16.17,1,23.2,23.0,35.4,70.2,0,7,0,7,Open-Meteo Historical Weather API,ERA5
2026-02-23,US_PNW,"Seattle, WA",6.986,2.1,11.9,13.4,1,0.0,0,13.4,24.0,24.5,52.6,0,0,0,7,Open-Meteo Historical Weather API,ERA5
2026-02-23,US_WEST,"San Francisco, CA",16.157,9.6,23.7,2.5,1,0.0,0,2.5,7.0,18.7,41.0,0,0,0,7,Open-Meteo Historical Weather API,ERA5
2026-03-02,CA_ON,"Toronto, ON",0.214,-20.9,15.7,13.4,2,0.0,0,13.4,21.0,29.5,52.9,0,5,1,7,Open-Meteo Historical Weather API,ERA5
2026-03-02,CA_PNW,"Vancouver, BC",8.5,2.6,12.0,74.5,6,0.07,0,74.6,111.0,18.9,52.2,0,0,0,7,Open-Meteo Historical Weather API,ERA5
2026-03-02,CA_PRAIRIE,"Calgary, AB",1.357,-8.9,16.0,2.1,1,4.41,1,8.4,22.0,31.2,61.6,0,6,1,7,Open-Meteo Historical Weather API,ERA5
2026-03-02,CA_QC,"Montreal, QC",-3.157,-21.9,7.9,18.5,2,0.28,0,18.9,23.0,27.8,67.0,0,6,1,7,Open-Meteo Historical Weather API,ERA5
2026-03-02,US_MIDWEST,"Chicago, IL",5.129,-3.9,17.4,24.5,4,0.0,0,24.5,28.0,31.1,67.3,0,4,2,7,Open-Meteo Historical Weather API,ERA5
2026-03-02,US_MTN,"Denver, CO",6.629,-7.5,22.6,5.3,1,7.28,1,15.7,36.0,20.9,35.3,0,2,0,7,Open-Meteo Historical Weather API,ERA5
2026-03-02,US_NE,"New York, NY",2.9,-7.9,17.6,42.3,4,0.7,0,43.3,46.0,19.4,30.6,0,6,4,7,Open-Meteo Historical Weather API,ERA5
2026-03-02,US_PNW,"Seattle, WA",9.429,2.5,14.5,63.2,6,0.07,0,63.3,129.0,22.7,48.2,0,0,0,7,Open-Meteo Historical Weather API,ERA5
2026-03-02,US_WEST,"San Francisco, CA",14.971,7.6,24.3,0.7,0,0.0,0,0.7,6.0,21.8,53.6,0,0,0,7,Open-Meteo Historical Weather API,ERA5
2026-03-09,CA_ON,"Toronto, ON",3.557,-6.0,18.3,15.6,1,6.37,2,24.7,39.0,36.2,68.4,0,5,1,7,Open-Meteo Historical Weather API,ERA5
2026-03-09,CA_PNW,"Vancouver, BC",4.071,0.1,8.7,23.6,5,21.56,5,54.4,80.0,24.8,61.9,0,7,5,7,Open-Meteo Historical Weather API,ERA5
2026-03-09,CA_PRAIRIE,"Calgary, AB",-6.614,-20.6,4.1,0.0,0,6.16,1,8.8,40.0,22.9,52.6,0,7,0,7,Open-Meteo Historical Weather API,ERA5
2026-03-09,CA_QC,"Montreal, QC",0.486,-12.6,15.8,22.2,1,6.37,1,31.3,52.0,31.4,58.3,0,5,1,7,Open-Meteo Historical Weather API,ERA5
2026-03-09,US_MIDWEST,"Chicago, IL",5.071,-2.4,18.8,63.5,2,2.38,1,66.9,46.0,50.4,93.6,1,3,1,7,Open-Meteo Historical Weather API,ERA5
2026-03-09,US_MTN,"Denver, CO",8.971,-7.3,23.5,3.2,2,3.43,1,8.1,19.0,30.6,67.3,0,2,2,7,Open-Meteo Historical Weather API,ERA5
2026-03-09,US_NE,"New York, NY",7.786,-0.8,20.6,12.1,2,0.0,0,12.1,17.0,33.6,65.2,0,2,0,7,Open-Meteo Historical Weather API,ERA5
2026-03-09,US_PNW,"Seattle, WA",4.829,1.0,11.5,64.2,7,9.45,2,77.7,121.0,37.0,81.0,0,5,5,7,Open-Meteo Historical Weather API,ERA5
2026-03-09,US_WEST,"San Francisco, CA",14.629,7.6,25.7,0.0,0,0.0,0,0.0,0.0,15.9,32.4,0,0,0,7,Open-Meteo Historical Weather API,ERA5
2026-03-16,CA_ON,"Toronto, ON",0.614,-10.1,11.6,22.4,3,3.22,1,27.0,48.0,38.7,65.2,0,6,2,7,Open-Meteo Historical Weather API,ERA5
2026-03-16,CA_PNW,"Vancouver, BC",9.086,2.9,13.7,190.2,6,2.8,2,194.2,131.0,16.2,42.8,0,0,0,7,Open-Meteo Historical Weather API,ERA5
2026-03-16,CA_PRAIRIE,"Calgary, AB",6.086,-8.6,18.3,1.1,1,1.12,1,2.7,18.0,30.2,67.7,0,3,0,7,Open-Meteo Historical Weather API,ERA5
2026-03-16,CA_QC,"Montreal, QC",-1.871,-13.9,12.3,22.3,2,12.88,4,40.7,64.0,41.4,78.5,1,6,1,7,Open-Meteo Historical Weather API,ERA5
2026-03-16,US_MIDWEST,"Chicago, IL",2.943,-9.7,20.3,0.9,0,4.76,1,7.7,27.0,40.4,75.6,1,4,0,7,Open-Meteo Historical Weather API,ERA5
2026-03-16,US_MTN,"Denver, CO",13.814,-9.1,30.9,0.0,0,0.0,0,0.0,0.0,17.4,40.0,0,1,0,7,Open-Meteo Historical Weather API,ERA5
2026-03-16,US_NE,"New York, NY",6.271,-3.0,15.5,38.0,4,0.0,0,38.0,35.0,37.1,94.3,0,3,1,7,Open-Meteo Historical Weather API,ERA5
2026-03-16,US_PNW,"Seattle, WA",10.2,3.7,14.5,81.2,6,0.0,0,81.2,112.0,21.7,46.1,0,0,0,7,Open-Meteo Historical Weather API,ERA5
2026-03-16,US_WEST,"San Francisco, CA",19.386,9.9,31.1,0.0,0,0.0,0,0.0,0.0,16.5,38.5,0,0,0,7,Open-Meteo Historical Weather API,ERA5
2026-03-23,CA_ON,"Toronto, ON",1.029,-7.1,10.7,8.0,1,0.42,0,8.6,15.0,31.1,58.7,0,6,0,7,Open-Meteo Historical Weather API,ERA5
2026-03-23,CA_PNW,"Vancouver, BC",6.214,0.9,12.5,25.7,3,1.89,1,28.4,54.0,28.3,82.1,0,1,0,7,Open-Meteo Historical Weather API,ERA5
2026-03-23,CA_PRAIRIE,"Calgary, AB",-4.414,-16.7,8.7,0.8,0,5.74,3,9.0,38.0,23.4,45.7,0,7,0,7,Open-Meteo Historical Weather API,ERA5
2026-03-23,CA_QC,"Montreal, QC",-1.957,-9.9,7.0,4.7,1,1.68,0,7.1,27.0,22.1,42.5,0,7,1,7,Open-Meteo Historical Weather API,ERA5
2026-03-23,US_MIDWEST,"Chicago, IL",5.129,-4.2,18.3,3.5,1,0.0,0,3.5,9.0,36.3,63.7,0,4,0,7,Open-Meteo Historical Weather API,ERA5
2026-03-23,US_MTN,"Denver, CO",15.714,2.5,31.0,0.3,0,0.0,0,0.3,2.0,27.1,52.2,0,0,0,7,Open-Meteo Historical Weather API,ERA5
2026-03-23,US_NE,"New York, NY",7.257,0.1,20.4,17.7,2,0.0,0,17.7,21.0,24.8,57.2,0,2,0,7,Open-Meteo Historical Weather API,ERA5
2026-03-23,US_PNW,"Seattle, WA",7.514,2.0,13.4,30.9,3,0.0,0,30.9,46.0,27.5,62.3,0,0,0,7,Open-Meteo Historical Weather API,ERA5
2026-03-23,US_WEST,"San Francisco, CA",17.229,9.0,28.9,0.0,0,0.0,0,0.0,0.0,22.2,47.2,0,0,0,7,Open-Meteo Historical Weather API,ERA5
2026-03-30,CA_ON,"Toronto, ON",7.7,0.4,21.7,34.6,5,0.0,0,34.6,46.0,32.1,64.1,0,3,2,7,Open-Meteo Historical Weather API,ERA5
2026-03-30,CA_PNW,"Vancouver, BC",8.357,0.8,18.7,33.4,3,0.0,0,33.4,62.0,15.5,34.9,0,1,0,7,Open-Meteo Historical Weather API,ERA5
2026-03-30,CA_PRAIRIE,"Calgary, AB",-2.229,-16.1,7.8,0.0,0,14.91,3,21.3,57.0,15.2,31.3,0,7,0,7,Open-Meteo Historical Weather API,ERA5
2026-03-30,CA_QC,"Montreal, QC",4.486,-2.9,15.4,46.8,6,0.84,0,48.0,66.0,37.0,75.6,0,4,4,7,Open-Meteo Historical Weather API,ERA5
2026-03-30,US_MIDWEST,"Chicago, IL",9.1,1.4,22.8,48.4,5,0.07,0,48.5,52.0,37.9,74.5,0,1,1,7,Open-Meteo Historical Weather API,ERA5
2026-03-30,US_MTN,"Denver, CO",10.771,0.4,26.3,12.1,1,0.0,0,12.1,11.0,24.8,43.9,0,0,0,7,Open-Meteo Historical Weather API,ERA5
2026-03-30,US_NE,"New York, NY",13.029,5.1,24.7,20.6,3,0.0,0,20.6,31.0,23.2,43.2,0,0,0,7,Open-Meteo Historical Weather API,ERA5
2026-03-30,US_PNW,"Seattle, WA",8.857,1.2,17.5,21.3,1,0.0,0,21.3,33.0,17.9,42.1,0,0,0,7,Open-Meteo Historical Weather API,ERA5
2026-03-30,US_WEST,"San Francisco, CA",16.571,7.8,27.8,4.6,2,0.0,0,4.6,19.0,24.6,54.7,0,0,0,7,Open-Meteo Historical Weather API,ERA5
2026-04-06,CA_ON,"Toronto, ON",3.314,-7.7,17.9,11.9,4,0.0,0,11.9,25.0,32.0,60.8,0,6,3,7,Open-Meteo Historical Weather API,ERA5
2026-04-06,CA_PNW,"Vancouver, BC",10.786,3.0,18.3,1.1,0,0.0,0,1.1,8.0,12.6,31.7,0,0,0,7,Open-Meteo Historical Weather API,ERA5
2026-04-06,CA_PRAIRIE,"Calgary, AB",2.386,-7.6,15.8,0.6,0,4.83,1,7.5,30.0,28.1,54.4,0,5,0,7,Open-Meteo Historical Weather API,ERA5
2026-04-06,CA_QC,"Montreal, QC",3.257,-7.4,16.1,16.3,3,0.98,0,17.7,33.0,31.0,60.5,0,5,1,7,Open-Meteo Historical Weather API,ERA5
2026-04-06,US_MIDWEST,"Chicago, IL",8.071,-2.4,22.4,18.9,4,0.0,0,18.9,36.0,33.8,66.2,0,1,0,7,Open-Meteo Historical Weather API,ERA5
2026-04-06,US_MTN,"Denver, CO",13.4,0.7,24.7,1.5,0,0.0,0,1.5,8.0,23.1,43.6,0,0,0,7,Open-Meteo Historical Weather API,ERA5
2026-04-06,US_NE,"New York, NY",8.429,-0.1,16.3,0.3,0,0.0,0,0.3,1.0,26.0,51.1,0,1,0,7,Open-Meteo Historical Weather API,ERA5
2026-04-06,US_PNW,"Seattle, WA",10.943,3.9,20.2,14.6,2,0.0,0,14.6,33.0,13.0,28.4,0,0,0,7,Open-Meteo Historical Weather API,ERA5
2026-04-06,US_WEST,"San Francisco, CA",14.886,10.8,22.5,42.1,3,0.0,0,42.1,64.0,28.9,64.8,0,0,0,7,Open-Meteo Historical Weather API,ERA5
2026-04-13,CA_ON,"Toronto, ON",12.443,0.4,21.7,29.7,6,0.07,0,29.8,51.0,30.1,61.6,0,1,1,7,Open-Meteo Historical Weather API,ERA5
2026-04-13,CA_PNW,"Vancouver, BC",9.557,3.1,21.2,37.3,2,0.0,0,37.3,55.0,22.4,47.9,0,0,0,7,Open-Meteo Historical Weather API,ERA5
2026-04-13,CA_PRAIRIE,"Calgary, AB",2.471,-13.1,19.8,1.1,1,12.46,2,18.9,30.0,24.0,43.9,0,4,1,7,Open-Meteo Historical Weather API,ERA5
2026-04-13,CA_QC,"Montreal, QC",9.214,2.2,22.0,74.8,6,0.0,0,74.8,67.0,33.9,65.9,0,0,0,7,Open-Meteo Historical Weather API,ERA5
2026-04-13,US_MIDWEST,"Chicago, IL",13.957,2.5,24.0,75.5,7,0.0,0,75.5,70.0,33.2,59.4,0,0,0,7,Open-Meteo Historical Weather API,ERA5
2026-04-13,US_MTN,"Denver, CO",10.657,-5.0,25.1,2.6,1,2.38,1,6.0,15.0,25.6,50.4,0,1,0,7,Open-Meteo Historical Weather API,ERA5
2026-04-13,US_NE,"New York, NY",17.771,6.9,28.0,6.3,2,0.0,0,6.3,13.0,25.2,55.1,0,0,0,7,Open-Meteo Historical Weather API,ERA5
2026-04-13,US_PNW,"Seattle, WA",9.629,2.8,21.4,40.1,3,0.21,0,40.4,64.0,26.2,54.4,0,0,0,7,Open-Meteo Historical Weather API,ERA5
2026-04-13,US_WEST,"San Francisco, CA",14.714,7.6,23.9,0.3,0,0.0,0,0.3,3.0,20.4,47.9,0,0,0,7,Open-Meteo Historical Weather API,ERA5
2026-04-20,CA_ON,"Toronto, ON",7.114,-3.7,17.3,10.8,2,0.0,0,10.8,19.0,22.0,46.1,0,2,0,7,Open-Meteo Historical Weather API,ERA5
2026-04-20,CA_PNW,"Vancouver, BC",12.686,5.1,21.0,3.7,2,0.0,0,3.7,24.0,14.4,36.4,0,0,0,7,Open-Meteo Historical Weather API,ERA5
2026-04-20,CA_PRAIRIE,"Calgary, AB",4.757,-6.0,23.5,2.2,1,5.74,2,10.4,61.0,42.3,80.6,1,4,0,7,Open-Meteo Historical Weather API,ERA5
2026-04-20,CA_QC,"Montreal, QC",6.471,-6.1,18.6,0.8,0,0.28,0,1.2,9.0,19.8,42.8,0,2,0,7,Open-Meteo Historical Weather API,ERA5
2026-04-20,US_MIDWEST,"Chicago, IL",11.729,0.2,23.2,2.9,1,0.0,0,2.9,11.0,25.2,46.1,0,0,0,7,Open-Meteo Historical Weather API,ERA5
2026-04-20,US_MTN,"Denver, CO",13.486,1.1,28.6,8.5,1,0.0,0,8.5,11.0,31.1,51.1,0,0,0,7,Open-Meteo Historical Weather API,ERA5
2026-04-20,US_NE,"New York, NY",9.943,2.0,22.4,32.3,3,0.0,0,32.3,36.0,19.6,41.0,0,0,0,7,Open-Meteo Historical Weather API,ERA5
2026-04-20,US_PNW,"Seattle, WA",11.929,4.5,19.6,12.5,1,0.0,0,12.5,25.0,17.3,38.9,0,0,0,7,Open-Meteo Historical Weather API,ERA5
2026-04-20,US_WEST,"San Francisco, CA",14.229,9.4,20.4,36.6,3,0.0,0,36.6,58.0,20.9,43.9,0,0,0,7,Open-Meteo Historical Weather API,ERA5
2026-04-27,CA_ON,"Toronto, ON",8.1,-1.7,16.6,23.1,4,0.0,0,23.1,40.0,24.2,47.2,0,1,1,7,Open-Meteo Historical Weather API,ERA5
2026-04-27,CA_PNW,"Vancouver, BC",14.557,7.8,25.0,6.7,1,0.0,0,6.7,23.0,12.0,29.9,0,0,0,7,Open-Meteo Historical Weather API,ERA5
2026-04-27,CA_PRAIRIE,"Calgary, AB",9.957,-5.6,23.8,1.3,1,0.0,0,1.3,10.0,23.0,45.0,0,1,0,7,Open-Meteo Historical Weather API,ERA5
2026-04-27,CA_QC,"Montreal, QC",10.529,2.2,22.6,21.8,3,0.0,0,21.8,32.0,24.0,50.0,0,0,0,7,Open-Meteo Historical Weather API,ERA5
2026-04-27,US_MIDWEST,"Chicago, IL",9.014,0.8,17.8,30.0,5,0.0,0,30.0,49.0,37.2,68.0,0,1,1,7,Open-Meteo Historical Weather API,ERA5
2026-04-27,US_MTN,"Denver, CO",9.329,0.9,22.9,33.1,4,0.28,0,33.5,69.0,15.7,38.5,0,0,0,7,Open-Meteo Historical Weather API,ERA5
2026-04-27,US_NE,"New York, NY",12.4,7.5,17.8,14.7,3,0.0,0,14.7,21.0,26.7,51.8,0,0,0,7,Open-Meteo Historical Weather API,ERA5
2026-04-27,US_PNW,"Seattle, WA",13.814,8.2,23.7,0.7,0,0.0,0,0.7,7.0,18.2,41.0,0,0,0,7,Open-Meteo Historical Weather API,ERA5
2026-04-27,US_WEST,"San Francisco, CA",14.771,9.5,21.0,0.0,0,0.0,0,0.0,0.0,18.9,41.4,0,0,0,7,Open-Meteo Historical Weather API,ERA5
2026-05-04,CA_ON,"Toronto, ON",9.957,1.0,21.3,7.3,4,0.0,0,7.3,39.0,26.9,56.9,0,0,0,7,Open-Meteo Historical Weather API,ERA5
2026-05-04,CA_PNW,"Vancouver, BC",15.1,8.5,25.6,0.3,0,0.0,0,0.3,3.0,13.5,31.3,0,0,0,7,Open-Meteo Historical Weather API,ERA5
2026-05-04,CA_PRAIRIE,"Calgary, AB",12.586,-2.0,23.6,1.6,0,0.0,0,1.6,6.0,25.1,55.1,0,0,0,7,Open-Meteo Historical Weather API,ERA5
2026-05-04,CA_QC,"Montreal, QC",10.4,2.2,20.5,22.3,4,0.0,0,22.3,46.0,33.7,70.6,0,0,0,7,Open-Meteo Historical Weather API,ERA5
2026-05-04,US_MIDWEST,"Chicago, IL",11.3,3.2,23.1,5.7,2,0.0,0,5.7,11.0,29.2,55.8,0,0,0,7,Open-Meteo Historical Weather API,ERA5
2026-05-04,US_MTN,"Denver, CO",10.1,-0.4,25.1,19.1,3,12.53,2,37.0,55.0,30.9,54.4,0,2,1,7,Open-Meteo Historical Weather API,ERA5
2026-05-04,US_NE,"New York, NY",15.743,9.6,25.1,15.2,4,0.0,0,15.2,26.0,25.6,43.9,0,0,0,7,Open-Meteo Historical Weather API,ERA5
2026-05-04,US_PNW,"Seattle, WA",14.4,10.0,23.2,0.0,0,0.0,0,0.0,0.0,17.4,38.2,0,0,0,7,Open-Meteo Historical Weather API,ERA5
2026-05-04,US_WEST,"San Francisco, CA",15.057,11.1,20.7,4.8,1,0.0,0,4.8,7.0,18.2,41.8,0,0,0,7,Open-Meteo Historical Weather API,ERA5
2026-05-11,CA_ON,"Toronto, ON",11.543,0.6,25.6,21.0,3,0.0,0,21.0,21.0,26.9,54.7,0,0,0,7,Open-Meteo Historical Weather API,ERA5
2026-05-11,CA_PNW,"Vancouver, BC",13.3,7.8,24.4,38.6,4,0.0,0,38.6,73.0,17.1,37.1,0,0,0,7,Open-Meteo Historical Weather API,ERA5
2026-05-11,CA_PRAIRIE,"Calgary, AB",10.857,0.9,24.4,14.1,3,4.2,1,20.1,49.0,31.1,70.2,0,1,1,7,Open-Meteo Historical Weather API,ERA5
2026-05-11,CA_QC,"Montreal, QC",11.986,3.1,22.9,34.7,4,0.0,0,34.7,56.0,22.8,52.9,0,0,0,7,Open-Meteo Historical Weather API,ERA5
2026-05-11,US_MIDWEST,"Chicago, IL",13.971,4.1,25.8,4.9,2,0.0,0,4.9,15.0,28.3,56.9,0,0,0,7,Open-Meteo Historical Weather API,ERA5
2026-05-11,US_MTN,"Denver, CO",18.786,8.3,31.5,5.1,2,0.0,0,5.1,17.0,21.3,39.2,0,0,0,7,Open-Meteo Historical Weather API,ERA5
2026-05-11,US_NE,"New York, NY",16.529,8.7,28.7,8.1,3,0.0,0,8.1,21.0,26.8,48.2,0,0,0,7,Open-Meteo Historical Weather API,ERA5
2026-05-11,US_PNW,"Seattle, WA",12.743,5.9,24.5,30.7,4,0.0,0,30.7,80.0,23.6,49.7,0,0,0,7,Open-Meteo Historical Weather API,ERA5
2026-05-11,US_WEST,"San Francisco, CA",16.5,10.6,25.1,0.0,0,0.0,0,0.0,0.0,26.4,58.0,0,0,0,7,Open-Meteo Historical Weather API,ERA5
2026-05-18,CA_ON,"Toronto, ON",14.429,4.7,30.2,43.2,4,0.0,0,43.2,41.0,34.2,60.1,0,0,0,7,Open-Meteo Historical Weather API,ERA5
2026-05-18,CA_PNW,"Vancouver, BC",14.943,8.4,22.2,0.7,0,0.0,0,0.7,5.0,11.5,30.6,0,0,0,7,Open-Meteo Historical Weather API,ERA5
2026-05-18,CA_PRAIRIE,"Calgary, AB",11.429,-1.5,23.8,6.1,4,0.0,0,6.1,24.0,20.6,49.0,0,0,0,7,Open-Meteo Historical Weather API,ERA5
2026-05-18,CA_QC,"Montreal, QC",15.114,3.0,28.3,20.2,3,0.0,0,20.2,34.0,29.5,54.4,0,0,0,7,Open-Meteo Historical Weather API,ERA5
2026-05-18,US_MIDWEST,"Chicago, IL",14.914,8.2,23.9,10.9,1,0.0,0,10.9,14.0,35.4,58.7,0,0,0,7,Open-Meteo Historical Weather API,ERA5
2026-05-18,US_MTN,"Denver, CO",11.486,2.9,27.7,29.1,5,0.42,0,29.7,81.0,18.9,37.4,0,0,0,7,Open-Meteo Historical Weather API,ERA5
2026-05-18,US_NE,"New York, NY",19.2,11.1,34.2,34.0,4,0.0,0,34.0,43.0,19.7,39.2,0,0,0,7,Open-Meteo Historical Weather API,ERA5
2026-05-18,US_PNW,"Seattle, WA",15.114,9.0,22.8,1.2,0,0.0,0,1.2,11.0,11.4,30.2,0,0,0,7,Open-Meteo Historical Weather API,ERA5
2026-05-18,US_WEST,"San Francisco, CA",17.7,10.8,28.8,0.0,0,0.0,0,0.0,0.0,27.1,56.9,0,0,0,7,Open-Meteo Historical Weather API,ERA5
2026-05-25,CA_ON,"Toronto, ON",17.457,8.8,27.6,0.2,0,0.0,0,0.2,2.0,28.0,54.4,0,0,0,7,Open-Meteo Historical Weather API,ERA5
2026-05-25,CA_PNW,"Vancouver, BC",14.9,8.6,23.7,22.0,4,0.0,0,22.0,48.0,14.2,38.9,0,0,0,7,Open-Meteo Historical Weather API,ERA5
2026-05-25,CA_PRAIRIE,"Calgary, AB",17.3,4.3,28.2,43.6,4,0.0,0,43.6,49.0,33.6,65.9,0,0,0,7,Open-Meteo Historical Weather API,ERA5
2026-05-25,CA_QC,"Montreal, QC",15.514,9.0,27.7,35.4,4,0.0,0,35.4,36.0,36.2,69.1,0,0,0,7,Open-Meteo Historical Weather API,ERA5
2026-05-25,US_MIDWEST,"Chicago, IL",17.029,9.2,24.6,0.0,0,0.0,0,0.0,0.0,22.6,41.4,0,0,0,7,Open-Meteo Historical Weather API,ERA5
2026-05-25,US_MTN,"Denver, CO",18.329,9.1,28.2,10.5,5,0.0,0,10.5,30.0,24.5,48.6,0,0,0,7,Open-Meteo Historical Weather API,ERA5
2026-05-25,US_NE,"New York, NY",19.1,10.3,27.2,4.2,1,0.0,0,4.2,11.0,31.7,60.1,0,0,0,7,Open-Meteo Historical Weather API,ERA5
2026-05-25,US_PNW,"Seattle, WA",14.543,9.1,25.6,10.3,3,0.0,0,10.3,33.0,16.4,36.0,0,0,0,7,Open-Meteo Historical Weather API,ERA5
2026-05-25,US_WEST,"San Francisco, CA",15.629,11.1,24.2,3.6,1,0.0,0,3.6,17.0,27.7,59.4,0,0,0,7,Open-Meteo Historical Weather API,ERA5
2026-06-01,CA_ON,"Toronto, ON",19.357,8.2,29.3,22.6,2,0.0,0,22.6,16.0,33.2,54.7,0,0,0,7,Open-Meteo Historical Weather API,ERA5
2026-06-01,CA_PNW,"Vancouver, BC",15.529,9.1,26.7,25.2,4,0.0,0,25.2,57.0,13.1,36.4,0,0,0,7,Open-Meteo Historical Weather API,ERA5
2026-06-01,CA_PRAIRIE,"Calgary, AB",10.843,4.5,19.8,56.5,4,0.0,0,56.5,62.0,31.7,62.6,0,0,0,7,Open-Meteo Historical Weather API,ERA5
2026-06-01,CA_QC,"Montreal, QC",18.557,7.1,28.4,30.7,2,0.0,0,30.7,33.0,22.7,45.0,0,0,0,7,Open-Meteo Historical Weather API,ERA5
2026-06-01,US_MIDWEST,"Chicago, IL",18.871,9.8,27.0,8.6,2,0.0,0,8.6,22.0,21.4,41.4,0,0,0,7,Open-Meteo Historical Weather API,ERA5
2026-06-01,US_MTN,"Denver, CO",21.157,11.0,33.7,9.2,3,0.0,0,9.2,20.0,22.4,39.2,0,0,0,7,Open-Meteo Historical Weather API,ERA5
2026-06-01,US_NE,"New York, NY",21.6,11.8,32.7,1.0,0,0.0,0,1.0,3.0,21.9,45.0,0,0,0,7,Open-Meteo Historical Weather API,ERA5
2026-06-01,US_PNW,"Seattle, WA",15.5,9.0,28.7,18.0,1,0.0,0,18.0,36.0,19.6,46.8,0,0,0,7,Open-Meteo Historical Weather API,ERA5
2026-06-01,US_WEST,"San Francisco, CA",17.086,11.0,25.3,0.0,0,0.0,0,0.0,0.0,23.1,53.3,0,0,0,7,Open-Meteo Historical Weather API,ERA5
2026-06-08,CA_ON,"Toronto, ON",20.829,11.9,29.5,41.2,3,0.0,0,41.2,32.0,23.4,46.1,0,0,0,7,Open-Meteo Historical Weather API,ERA5
2026-06-08,CA_PNW,"Vancouver, BC",16.614,8.7,29.4,24.3,3,0.0,0,24.3,40.0,16.7,38.9,0,0,0,7,Open-Meteo Historical Weather API,ERA5
2026-06-08,CA_PRAIRIE,"Calgary, AB",12.886,6.1,23.6,20.2,4,0.0,0,20.2,49.0,26.3,63.7,0,0,0,7,Open-Meteo Historical Weather API,ERA5
2026-06-08,CA_QC,"Montreal, QC",21.457,9.9,30.8,58.5,4,0.0,0,58.5,49.0,22.9,46.8,0,0,0,7,Open-Meteo Historical Weather API,ERA5
2026-06-08,US_MIDWEST,"Chicago, IL",21.7,15.4,29.6,43.1,6,0.0,0,43.1,60.0,29.5,54.0,0,0,0,7,Open-Meteo Historical Weather API,ERA5
2026-06-08,US_MTN,"Denver, CO",20.529,10.6,32.8,5.0,1,0.0,0,5.0,6.0,21.3,46.8,0,0,0,7,Open-Meteo Historical Weather API,ERA5
2026-06-08,US_NE,"New York, NY",24.357,15.7,33.4,2.8,1,0.0,0,2.8,10.0,21.8,39.6,0,0,0,7,Open-Meteo Historical Weather API,ERA5
2026-06-08,US_PNW,"Seattle, WA",16.457,9.7,27.9,32.3,3,0.0,0,32.3,44.0,27.1,56.9,0,0,0,7,Open-Meteo Historical Weather API,ERA5
2026-06-08,US_WEST,"San Francisco, CA",19.214,11.4,33.1,0.0,0,0.0,0,0.0,0.0,27.2,55.1,0,0,0,7,Open-Meteo Historical Weather API,ERA5
2026-06-15,CA_ON,"Toronto, ON",17.443,9.6,23.3,27.1,3,0.0,0,27.1,28.0,35.1,65.9,0,0,0,7,Open-Meteo Historical Weather API,ERA5
2026-06-15,CA_PNW,"Vancouver, BC",18.914,11.9,26.2,0.6,0,0.0,0,0.6,5.0,14.1,40.0,0,0,0,7,Open-Meteo Historical Weather API,ERA5
2026-06-15,CA_PRAIRIE,"Calgary, AB",13.843,4.2,25.2,16.6,4,0.0,0,16.6,32.0,31.5,60.5,0,0,0,7,Open-Meteo Historical Weather API,ERA5
2026-06-15,CA_QC,"Montreal, QC",17.843,10.8,23.5,78.6,5,0.0,0,78.6,82.0,29.8,74.5,0,0,0,7,Open-Meteo Historical Weather API,ERA5
2026-06-15,US_MIDWEST,"Chicago, IL",18.114,12.4,23.4,41.5,3,0.0,0,41.5,28.0,34.4,60.1,0,0,0,7,Open-Meteo Historical Weather API,ERA5
2026-06-15,US_MTN,"Denver, CO",22.614,9.6,35.1,3.3,1,0.0,0,3.3,9.0,28.4,50.0,0,0,0,7,Open-Meteo Historical Weather API,ERA5
2026-06-15,US_NE,"New York, NY",22.829,15.6,30.1,14.6,2,0.0,0,14.6,13.0,34.3,58.3,0,0,0,7,Open-Meteo Historical Weather API,ERA5
2026-06-15,US_PNW,"Seattle, WA",18.657,11.5,29.3,0.0,0,0.0,0,0.0,0.0,15.8,37.1,0,0,0,7,Open-Meteo Historical Weather API,ERA5
2026-06-15,US_WEST,"San Francisco, CA",17.329,12.4,22.4,0.0,0,0.0,0,0.0,0.0,20.2,49.7,0,0,0,7,Open-Meteo Historical Weather API,ERA5
2026-06-22,CA_ON,"Toronto, ON",18.243,11.7,25.5,14.0,3,0.0,0,14.0,27.0,17.3,34.6,0,0,0,7,Open-Meteo Historical Weather API,ERA5
2026-06-22,CA_PNW,"Vancouver, BC",18.529,12.2,29.6,24.8,1,0.0,0,24.8,43.0,14.0,35.3,0,0,0,7,Open-Meteo Historical Weather API,ERA5
2026-06-22,CA_PRAIRIE,"Calgary, AB",14.743,4.1,24.1,40.6,3,0.0,0,40.6,36.0,32.2,62.6,0,0,0,7,Open-Meteo Historical Weather API,ERA5
2026-06-22,CA_QC,"Montreal, QC",19.971,14.0,27.6,8.9,3,0.0,0,8.9,39.0,23.4,45.7,0,0,0,7,Open-Meteo Historical Weather API,ERA5
2026-06-22,US_MIDWEST,"Chicago, IL",17.714,12.2,24.0,22.7,2,0.0,0,22.7,16.0,22.9,43.9,0,0,0,7,Open-Meteo Historical Weather API,ERA5
2026-06-22,US_MTN,"Denver, CO",22.371,13.6,35.3,24.0,3,0.0,0,24.0,28.0,23.1,49.7,0,0,0,7,Open-Meteo Historical Weather API,ERA5
2026-06-22,US_NE,"New York, NY",22.514,17.0,27.7,31.7,4,0.0,0,31.7,47.0,21.6,43.2,0,0,0,7,Open-Meteo Historical Weather API,ERA5
2026-06-22,US_PNW,"Seattle, WA",18.4,12.8,28.8,6.9,2,0.0,0,6.9,39.0,18.5,52.6,0,0,0,7,Open-Meteo Historical Weather API,ERA5
2026-06-22,US_WEST,"San Francisco, CA",16.757,12.2,25.4,0.0,0,0.0,0,0.0,0.0,25.7,53.3,0,0,0,7,Open-Meteo Historical Weather API,ERA5
2026-06-29,CA_ON,"Toronto, ON",23.2,14.5,32.2,0.4,0,0.0,0,0.4,3.0,21.8,36.4,0,0,0,2,Open-Meteo Historical Weather API,ERA5
2026-06-29,CA_PNW,"Vancouver, BC",15.7,13.6,18.3,1.4,1,0.0,0,1.4,10.0,11.4,24.8,0,0,0,2,Open-Meteo Historical Weather API,ERA5
2026-06-29,CA_PRAIRIE,"Calgary, AB",15.8,11.6,20.6,15.9,2,0.0,0,15.9,37.0,24.4,53.6,0,0,0,2,Open-Meteo Historical Weather API,ERA5
2026-06-29,CA_QC,"Montreal, QC",21.8,13.8,28.7,5.7,1,0.0,0,5.7,5.0,14.3,28.8,0,0,0,2,Open-Meteo Historical Weather API,ERA5
2026-06-29,US_MIDWEST,"Chicago, IL",27.2,22.5,31.7,0.0,0,0.0,0,0.0,0.0,27.2,51.1,0,0,0,2,Open-Meteo Historical Weather API,ERA5
2026-06-29,US_MTN,"Denver, CO",23.5,13.3,32.5,0.0,0,0.0,0,0.0,0.0,19.9,41.0,0,0,0,2,Open-Meteo Historical Weather API,ERA5
2026-06-29,US_NE,"New York, NY",25.5,20.5,29.8,0.0,0,0.0,0,0.0,0.0,15.5,27.7,0,0,0,2,Open-Meteo Historical Weather API,ERA5
2026-06-29,US_PNW,"Seattle, WA",15.2,13.0,17.9,0.4,0,0.0,0,0.4,4.0,14.6,33.1,0,0,0,2,Open-Meteo Historical Weather API,ERA5
2026-06-29,US_WEST,"San Francisco, CA",18.25,13.7,25.3,0.0,0,0.0,0,0.0,0.0,19.0,44.3,0,0,0,2,Open-Meteo Historical Weather API,ERA5
