week_start,region_id,proxy_city,avg_temp_c,min_temp_c,max_temp_c,rain_mm,rain_days,snow_cm,snow_days,precipitation_mm,precipitation_hours,max_wind_kmh,max_gust_kmh,high_wind_days,cold_days_lt5c,wet_cold_days,days_in_week,source,model,year,month,quarter,week_of_year,season,temp_reference_c,rain_reference_mm,snow_reference_cm,temp_anomaly_c,rain_anomaly_mm,snow_anomaly_cm,rain_anomaly_pct,wet_cold_index,snow_cold_index,rain_wind_index,heavy_rain_week_flag,heavy_snow_week_flag,cold_week_flag,very_cold_week_flag,wet_cold_week_flag,high_wind_week_flag,avg_temp_c_lag1,avg_temp_c_lag2,temp_anomaly_c_lag1,temp_anomaly_c_lag2,rain_mm_lag1,rain_mm_lag2,rain_anomaly_mm_lag1,rain_anomaly_mm_lag2,snow_cm_lag1,snow_cm_lag2,max_wind_kmh_lag1,max_wind_kmh_lag2,wet_cold_days_lag1,wet_cold_days_lag2,wet_cold_index_lag1,wet_cold_index_lag2,rain_mm_4wk,snow_cm_4wk,avg_temp_4wk,wet_cold_days_4wk,weather_reference_available
2021-07-05,CA_ON,"Toronto, ON",20.414,14.5,31.8,25.7,5,0.0,0,25.7,38.0,20.7,54.7,0,0,0,7,Open-Meteo Historical Weather API,ERA5,2021,7,3,27,SUMMER,,,,,,,,,,531.99,0,0,0,0,0,0,,,,,,,,,,,,,,,,,25.7,0.0,20.414,0.0,0
2021-07-12,CA_ON,"Toronto, ON",22.3,17.3,29.6,23.5,4,0.0,0,23.5,32.0,26.8,55.8,0,0,0,7,Open-Meteo Historical Weather API,ERA5,2021,7,3,28,SUMMER,,,,,,,,,,629.8,0,0,0,0,0,0,20.414,,,,25.7,,,,0.0,,20.7,,0.0,,,,49.2,0.0,21.357,0.0,0
2021-07-19,CA_ON,"Toronto, ON",21.771,13.9,30.2,23.0,4,0.0,0,23.0,18.0,30.3,62.3,0,0,0,7,Open-Meteo Historical Weather API,ERA5,2021,7,3,29,SUMMER,,,,,,,,,,696.9,0,0,0,0,0,0,22.3,20.414,,,23.5,25.7,,,0.0,0.0,26.8,20.7,0.0,0.0,,,72.2,0.0,21.495,0.0,0
2021-07-26,CA_ON,"Toronto, ON",19.757,10.3,30.1,34.5,3,0.0,0,34.5,20.0,20.4,50.0,0,0,0,7,Open-Meteo Historical Weather API,ERA5,2021,7,3,30,SUMMER,,,,,,,,,,703.8,0,0,0,0,0,0,21.771,22.3,,,23.0,23.5,,,0.0,0.0,30.3,26.8,0.0,0.0,,,106.7,0.0,21.06,0.0,0
2021-08-02,CA_ON,"Toronto, ON",21.686,12.1,28.9,8.1,1,0.0,0,8.1,11.0,18.4,39.2,0,0,0,7,Open-Meteo Historical Weather API,ERA5,2021,8,3,31,SUMMER,,,,,,,,,,149.04,0,0,0,0,0,0,19.757,21.771,,,34.5,23.0,,,0.0,0.0,20.4,30.3,0.0,0.0,,,89.1,0.0,21.379,0.0,0
2021-08-09,CA_ON,"Toronto, ON",23.814,12.2,31.2,9.5,1,0.0,0,9.5,14.0,26.8,50.0,0,0,0,7,Open-Meteo Historical Weather API,ERA5,2021,8,3,32,SUMMER,,,,,,,,,,254.6,0,0,0,0,0,0,21.686,19.757,,,8.1,34.5,,,0.0,0.0,18.4,20.4,0.0,0.0,,,75.1,0.0,21.757,0.0,0
2021-08-16,CA_ON,"Toronto, ON",23.586,13.1,30.3,5.4,2,0.0,0,5.4,16.0,16.8,37.4,0,0,0,7,Open-Meteo Historical Weather API,ERA5,2021,8,3,33,SUMMER,,,,,,,,,,90.72,0,0,0,0,0,0,23.814,21.686,,,9.5,8.1,,,0.0,0.0,26.8,18.4,0.0,0.0,,,57.5,0.0,22.211,0.0,0
2021-08-23,CA_ON,"Toronto, ON",25.0,18.7,32.5,5.0,2,0.0,0,5.0,12.0,22.5,42.5,0,0,0,7,Open-Meteo Historical Weather API,ERA5,2021,8,3,34,SUMMER,,,,,,,,,,112.5,0,0,0,0,0,0,23.586,23.814,,,5.4,9.5,,,0.0,0.0,16.8,26.8,0.0,0.0,,,28.0,0.0,23.522,0.0,0
2021-08-30,CA_ON,"Toronto, ON",20.1,12.1,29.3,4.1,1,0.0,0,4.1,5.0,21.7,44.6,0,0,0,7,Open-Meteo Historical Weather API,ERA5,2021,8,3,35,SUMMER,,,,,,,,,,88.97,0,0,0,0,0,0,25.0,23.586,,,5.0,5.4,,,0.0,0.0,22.5,16.8,0.0,0.0,,,24.0,0.0,23.125,0.0,0
2021-09-06,CA_ON,"Toronto, ON",19.143,11.2,26.2,10.0,2,0.0,0,10.0,13.0,30.3,61.6,0,0,0,7,Open-Meteo Historical Weather API,ERA5,2021,9,3,36,FALL,,,,,,,,,,303.0,0,0,0,0,0,0,20.1,25.0,,,4.1,5.0,,,0.0,0.0,21.7,22.5,0.0,0.0,,,24.5,0.0,21.957,0.0,0
2021-09-13,CA_ON,"Toronto, ON",18.557,10.3,27.8,5.4,2,0.0,0,5.4,12.0,23.1,58.0,0,0,0,7,Open-Meteo Historical Weather API,ERA5,2021,9,3,37,FALL,,,,,,,,,,124.74,0,0,0,0,0,0,19.143,20.1,,,10.0,4.1,,,0.0,0.0,30.3,21.7,0.0,0.0,,,24.5,0.0,20.7,0.0,0
2021-09-20,CA_ON,"Toronto, ON",16.357,8.7,24.0,58.6,4,0.0,0,58.6,50.0,28.2,65.2,0,0,0,7,Open-Meteo Historical Weather API,ERA5,2021,9,3,38,FALL,,,,,,,,,,1652.52,1,0,0,0,0,0,18.557,19.143,,,5.4,10.0,,,0.0,0.0,23.1,30.3,0.0,0.0,,,78.1,0.0,18.539,0.0,0
2021-09-27,CA_ON,"Toronto, ON",15.657,7.5,25.6,17.8,2,0.0,0,17.8,29.0,19.7,42.5,0,0,0,7,Open-Meteo Historical Weather API,ERA5,2021,9,3,39,FALL,,,,,,,,,,350.66,0,0,0,0,0,0,16.357,18.557,,,58.6,5.4,,,0.0,0.0,28.2,23.1,0.0,0.0,,,91.8,0.0,17.428,0.0,0
2021-10-04,CA_ON,"Toronto, ON",17.086,14.6,20.6,16.9,2,0.0,0,16.9,30.0,18.9,34.6,0,0,0,7,Open-Meteo Historical Weather API,ERA5,2021,10,4,40,FALL,,,,,,,,,,319.41,0,0,0,0,0,0,15.657,16.357,,,17.8,58.6,,,0.0,0.0,19.7,28.2,0.0,0.0,,,98.7,0.0,16.914,0.0,0
2021-10-11,CA_ON,"Toronto, ON",16.857,9.4,23.3,15.1,2,0.0,0,15.1,21.0,26.6,54.7,0,0,0,7,Open-Meteo Historical Weather API,ERA5,2021,10,4,41,FALL,,,,,,,,,,401.66,0,0,0,0,0,0,17.086,15.657,,,16.9,17.8,,,0.0,0.0,18.9,19.7,0.0,0.0,,,108.4,0.0,16.489,0.0,0
2021-10-18,CA_ON,"Toronto, ON",10.586,1.3,21.6,5.4,2,0.0,0,5.4,16.0,26.6,50.0,0,0,0,7,Open-Meteo Historical Weather API,ERA5,2021,10,4,42,FALL,,,,,,,,,,143.64,0,0,0,0,0,0,16.857,17.086,,,15.1,16.9,,,0.0,0.0,26.6,18.9,0.0,0.0,,,55.2,0.0,15.046,0.0,0
2021-10-25,CA_ON,"Toronto, ON",9.3,5.6,16.0,41.7,4,0.0,0,41.7,58.0,30.5,58.3,0,0,0,7,Open-Meteo Historical Weather API,ERA5,2021,10,4,43,FALL,,,,,,,,,,1271.85,0,0,0,0,0,0,10.586,16.857,,,5.4,15.1,,,0.0,0.0,26.6,26.6,0.0,0.0,,,79.1,0.0,13.457,0.0,0
2021-11-01,CA_ON,"Toronto, ON",4.757,-1.3,16.0,0.4,0,0.0,0,0.4,3.0,27.4,52.2,0,4,0,7,Open-Meteo Historical Weather API,ERA5,2021,11,4,44,FALL,,,,,,,,,,10.96,0,0,0,0,0,0,9.3,10.586,,,41.7,5.4,,,0.0,0.0,30.5,26.6,0.0,0.0,,,62.6,0.0,10.375,0.0,0
2021-11-08,CA_ON,"Toronto, ON",7.771,1.8,18.3,16.8,4,0.28,0,17.2,33.0,25.2,50.8,0,1,1,7,Open-Meteo Historical Weather API,ERA5,2021,11,4,45,FALL,,,,,,,,,,423.36,0,0,0,0,0,0,4.757,9.3,,,0.4,41.7,,,0.0,0.0,27.4,30.5,0.0,0.0,,,64.3,0.28,8.104,1.0,0
2021-11-15,CA_ON,"Toronto, ON",4.8,-1.6,15.6,10.4,3,0.0,0,10.4,25.0,28.1,56.5,0,4,0,7,Open-Meteo Historical Weather API,ERA5,2021,11,4,46,FALL,,,,,,,,,,292.24,0,0,0,0,0,0,7.771,4.757,,,16.8,0.4,,,0.28,0.0,25.2,27.4,1.0,0.0,,,69.3,0.28,6.657,1.0,0
2021-11-22,CA_ON,"Toronto, ON",1.029,-4.1,8.1,7.9,1,3.64,1,12.9,31.0,32.6,64.8,0,6,0,7,Open-Meteo Historical Weather API,ERA5,2021,11,4,47,FALL,,,,,,,,,,257.54,0,0,0,0,0,0,4.8,7.771,,,10.4,16.8,,,0.0,0.28,28.1,25.2,0.0,1.0,,,35.5,3.92,4.589,1.0,0
2021-11-29,CA_ON,"Toronto, ON",1.3,-6.5,9.6,6.1,2,4.69,2,12.5,23.0,35.3,85.3,0,6,1,7,Open-Meteo Historical Weather API,ERA5,2021,11,4,48,FALL,,,,,,,,,,215.33,0,0,0,0,0,0,1.029,4.8,,,7.9,10.4,,,3.64,0.0,32.6,28.1,0.0,0.0,,,41.2,8.61,3.725,2.0,0
2021-12-06,CA_ON,"Toronto, ON",1.514,-7.0,15.8,28.8,2,2.03,0,30.9,29.0,44.3,89.3,1,5,0,7,Open-Meteo Historical Weather API,ERA5,2021,12,4,49,WINTER,,,,,,,,,,1275.84,0,0,0,0,0,0,1.3,1.029,,,6.1,7.9,,,4.69,3.64,35.3,32.6,1.0,0.0,,,53.2,10.36,2.161,1.0,0
2021-12-13,CA_ON,"Toronto, ON",3.614,-8.6,16.1,5.3,1,5.39,1,12.9,18.0,41.3,77.8,1,4,0,7,Open-Meteo Historical Weather API,ERA5,2021,12,4,50,WINTER,,,,,,,,,,218.89,0,0,0,0,0,0,1.514,1.3,,,28.8,6.1,,,2.03,4.69,44.3,35.3,0.0,1.0,,,48.1,15.75,1.864,1.0,0
2021-12-20,CA_ON,"Toronto, ON",0.343,-9.7,6.1,5.3,1,3.01,2,9.3,21.0,32.1,63.7,0,7,1,7,Open-Meteo Historical Weather API,ERA5,2021,12,4,51,WINTER,,,,,,,,,,170.13,0,0,0,0,0,0,3.614,1.514,,,5.3,28.8,,,5.39,2.03,41.3,44.3,0.0,0.0,,,45.5,15.12,1.693,2.0,0
2021-12-27,CA_ON,"Toronto, ON",0.271,-10.0,5.7,0.5,0,8.82,4,12.8,42.0,28.5,53.3,0,7,0,7,Open-Meteo Historical Weather API,ERA5,2021,12,4,52,WINTER,,,,,,,,,,14.25,0,0,0,0,0,0,0.343,3.614,,,5.3,5.3,,,3.01,5.39,32.1,41.3,1.0,0.0,,,39.9,19.25,1.436,1.0,0
2022-01-03,CA_ON,"Toronto, ON",-4.243,-17.2,4.1,1.7,1,0.28,0,2.1,17.0,29.5,57.2,0,7,1,7,Open-Meteo Historical Weather API,ERA5,2022,1,1,1,WINTER,,,,,,,,,,50.15,0,0,1,0,0,0,0.271,0.343,,,0.5,5.3,,,8.82,3.01,28.5,32.1,0.0,1.0,,,12.8,17.5,-0.004,2.0,0
2022-01-10,CA_ON,"Toronto, ON",-8.114,-21.7,2.4,0.0,0,0.42,0,0.6,6.0,29.7,60.1,0,7,0,7,Open-Meteo Historical Weather API,ERA5,2022,1,1,2,WINTER,,,,,,,,,,0.0,0,0,1,0,0,0,-4.243,0.271,,,1.7,0.5,,,0.28,8.82,29.5,28.5,1.0,0.0,,,7.5,12.53,-2.936,2.0,0
2022-01-17,CA_ON,"Toronto, ON",-8.329,-21.0,4.8,0.1,0,24.15,1,34.6,30.0,30.7,54.7,0,7,0,7,Open-Meteo Historical Weather API,ERA5,2022,1,1,3,WINTER,,,,,,,,,,3.07,0,1,1,0,0,0,-8.114,-4.243,,,0.0,1.7,,,0.42,0.28,29.7,29.5,0.0,1.0,,,2.3,33.67,-5.104,1.0,0
2022-01-24,CA_ON,"Toronto, ON",-11.957,-23.0,-3.7,0.0,0,2.52,1,3.6,16.0,30.7,53.3,0,7,0,7,Open-Meteo Historical Weather API,ERA5,2022,1,1,4,WINTER,,,,,,,,,,0.0,0,0,1,1,0,0,-8.329,-8.114,,,0.1,0.0,,,24.15,0.42,30.7,29.7,0.0,0.0,,,1.8,27.37,-8.161,1.0,0
2022-01-31,CA_ON,"Toronto, ON",-5.829,-16.5,4.4,4.5,1,10.64,3,19.7,38.0,24.1,45.4,0,7,1,7,Open-Meteo Historical Weather API,ERA5,2022,1,1,5,WINTER,,,,,,,,,,108.45,0,0,1,0,0,0,-11.957,-8.329,,,0.0,0.1,,,2.52,24.15,30.7,30.7,0.0,0.0,,,4.6,37.73,-8.557,1.0,0
2022-02-07,CA_ON,"Toronto, ON",-2.9,-17.9,5.3,3.9,1,1.26,1,5.7,19.0,27.6,52.2,0,7,1,7,Open-Meteo Historical Weather API,ERA5,2022,2,1,6,WINTER,,,,,,,,,,107.64,0,0,1,0,0,0,-5.829,-11.957,,,4.5,0.0,,,10.64,2.52,24.1,30.7,1.0,0.0,,,8.5,38.57,-7.254,2.0,0
2022-02-14,CA_ON,"Toronto, ON",-4.643,-18.6,8.8,18.7,1,13.3,3,37.7,40.0,36.8,65.9,0,7,1,7,Open-Meteo Historical Weather API,ERA5,2022,2,1,7,WINTER,,,,,,,,,,688.16,0,0,1,0,0,0,-2.9,-5.829,,,3.9,4.5,,,1.26,10.64,27.6,24.1,1.0,1.0,,,27.1,27.72,-6.332,3.0,0
2022-02-21,CA_ON,"Toronto, ON",-3.357,-13.6,8.5,11.2,1,5.74,1,19.4,26.0,29.6,56.5,0,7,1,7,Open-Meteo Historical Weather API,ERA5,2022,2,1,8,WINTER,,,,,,,,,,331.52,0,0,1,0,0,0,-4.643,-2.9,,,18.7,3.9,,,13.3,1.26,36.8,27.6,1.0,1.0,,,38.3,30.94,-4.182,4.0,0
2022-02-28,CA_ON,"Toronto, ON",-1.643,-12.9,16.6,2.7,1,2.1,1,5.7,23.0,40.8,72.7,1,6,0,7,Open-Meteo Historical Weather API,ERA5,2022,2,1,9,WINTER,,,,,,,,,,110.16,0,0,1,0,0,0,-3.357,-4.643,,,11.2,18.7,,,5.74,13.3,29.6,36.8,1.0,1.0,,,36.5,22.4,-3.136,3.0,0
2022-03-07,CA_ON,"Toronto, ON",-1.314,-10.5,5.2,3.3,1,7.42,2,13.9,43.0,34.1,65.2,0,7,1,7,Open-Meteo Historical Weather API,ERA5,2022,3,1,10,SPRING,,,,,,,,,,112.53,0,0,1,0,0,0,-1.643,-3.357,,,2.7,11.2,,,2.1,5.74,40.8,29.6,0.0,1.0,,,35.9,28.56,-2.739,3.0,0
2022-03-14,CA_ON,"Toronto, ON",4.743,-4.7,19.3,11.7,2,5.04,1,18.9,41.0,24.4,49.3,0,3,0,7,Open-Meteo Historical Weather API,ERA5,2022,3,1,11,SPRING,,,,,,,,,,285.48,0,0,0,0,0,0,-1.314,-1.643,,,3.3,2.7,,,7.42,2.1,34.1,40.8,1.0,0.0,,,28.9,20.3,-0.393,2.0,0
2022-03-21,CA_ON,"Toronto, ON",3.314,-7.0,12.7,11.9,3,2.59,1,15.6,39.0,32.6,78.1,0,4,2,7,Open-Meteo Historical Weather API,ERA5,2022,3,1,12,SPRING,,,,,,,,,,387.94,0,0,0,0,1,0,4.743,-1.314,,,11.7,3.3,,,5.04,7.42,24.4,34.1,0.0,1.0,,,29.6,17.15,1.275,3.0,0
2022-03-28,CA_ON,"Toronto, ON",0.714,-9.9,16.4,3.6,1,0.84,0,4.8,18.0,32.5,60.1,0,6,1,7,Open-Meteo Historical Weather API,ERA5,2022,3,1,13,SPRING,,,,,,,,,,117.0,0,0,0,0,0,0,3.314,4.743,,,11.9,11.7,,,2.59,5.04,32.6,24.4,2.0,0.0,,,30.5,15.89,1.864,4.0,0
2022-04-04,CA_ON,"Toronto, ON",6.071,-1.1,12.7,10.7,5,0.0,0,10.7,41.0,25.6,50.4,0,3,1,7,Open-Meteo Historical Weather API,ERA5,2022,4,2,14,SPRING,,,,,,,,,,273.92,0,0,0,0,0,0,0.714,3.314,,,3.6,11.9,,,0.84,2.59,32.5,32.6,1.0,2.0,,,37.9,8.47,3.71,4.0,0
2022-04-11,CA_ON,"Toronto, ON",8.3,-0.8,20.7,8.8,2,0.0,0,8.8,34.0,39.3,77.0,0,2,0,7,Open-Meteo Historical Weather API,ERA5,2022,4,2,15,SPRING,,,,,,,,,,345.84,0,0,0,0,0,0,6.071,0.714,,,10.7,3.6,,,0.0,0.84,25.6,32.5,1.0,1.0,,,35.0,3.43,4.6,4.0,0
2022-04-18,CA_ON,"Toronto, ON",6.586,-2.1,15.8,12.7,3,5.95,1,21.2,30.0,33.1,70.9,0,2,2,7,Open-Meteo Historical Weather API,ERA5,2022,4,2,16,SPRING,,,,,,,,,,420.37,0,0,0,0,1,0,8.3,6.071,,,8.8,10.7,,,0.0,0.0,39.3,25.6,0.0,1.0,,,35.8,6.79,5.418,4.0,0
2022-04-25,CA_ON,"Toronto, ON",7.186,-1.2,17.8,26.2,2,0.0,0,26.2,24.0,23.3,58.3,0,2,0,7,Open-Meteo Historical Weather API,ERA5,2022,4,2,17,SPRING,,,,,,,,,,610.46,0,0,0,0,0,0,6.586,8.3,,,12.7,8.8,,,5.95,0.0,33.1,39.3,2.0,0.0,,,58.4,5.95,7.036,3.0,0
2022-05-02,CA_ON,"Toronto, ON",10.586,4.1,16.1,26.1,2,0.0,0,26.1,24.0,23.5,43.9,0,0,0,7,Open-Meteo Historical Weather API,ERA5,2022,5,2,18,SPRING,,,,,,,,,,613.35,0,0,0,0,0,0,7.186,6.586,,,26.2,12.7,,,0.0,5.95,23.3,33.1,0.0,2.0,,,73.8,5.95,8.164,2.0,0
2022-05-09,CA_ON,"Toronto, ON",16.3,5.3,28.2,0.9,0,0.0,0,0.9,5.0,15.0,35.3,0,0,0,7,Open-Meteo Historical Weather API,ERA5,2022,5,2,19,SPRING,,,,,,,,,,13.5,0,0,0,0,0,0,10.586,7.186,,,26.1,26.2,,,0.0,0.0,23.5,23.3,0.0,0.0,,,65.9,5.95,10.164,2.0,0
2022-05-16,CA_ON,"Toronto, ON",14.814,4.7,28.0,22.2,4,0.0,0,22.2,34.0,26.5,52.6,0,0,0,7,Open-Meteo Historical Weather API,ERA5,2022,5,2,20,SPRING,,,,,,,,,,588.3,0,0,0,0,0,0,16.3,10.586,,,0.9,26.1,,,0.0,0.0,15.0,23.5,0.0,0.0,,,75.4,0.0,12.222,0.0,0
2022-05-23,CA_ON,"Toronto, ON",15.886,5.9,25.9,14.7,2,0.0,0,14.7,29.0,25.9,50.0,0,0,0,7,Open-Meteo Historical Weather API,ERA5,2022,5,2,21,SPRING,,,,,,,,,,380.73,0,0,0,0,0,0,14.814,16.3,,,22.2,0.9,,,0.0,0.0,26.5,15.0,0.0,0.0,,,63.9,0.0,14.396,0.0,0
2022-05-30,CA_ON,"Toronto, ON",19.157,7.6,31.0,8.3,2,0.0,0,8.3,10.0,24.9,42.8,0,0,0,7,Open-Meteo Historical Weather API,ERA5,2022,5,2,22,SPRING,,,,,,,,,,206.67,0,0,0,0,0,0,15.886,14.814,,,14.7,22.2,,,0.0,0.0,25.9,26.5,0.0,0.0,,,46.1,0.0,16.539,0.0,0
2022-06-06,CA_ON,"Toronto, ON",17.071,11.6,22.9,74.3,5,0.0,0,74.3,61.0,23.0,42.5,0,0,0,7,Open-Meteo Historical Weather API,ERA5,2022,6,2,23,SUMMER,,,,,,,,,,1708.9,1,0,0,0,0,0,19.157,15.886,,,8.3,14.7,,,0.0,0.0,24.9,25.9,0.0,0.0,,,119.5,0.0,16.732,0.0,0
2022-06-13,CA_ON,"Toronto, ON",19.214,9.6,30.7,4.6,1,0.0,0,4.6,3.0,34.3,64.1,0,0,0,7,Open-Meteo Historical Weather API,ERA5,2022,6,2,24,SUMMER,,,,,,,,,,157.78,0,0,0,0,0,0,17.071,19.157,,,74.3,8.3,,,0.0,0.0,23.0,24.9,0.0,0.0,,,101.9,0.0,17.832,0.0,0
2022-06-20,CA_ON,"Toronto, ON",22.457,12.5,32.4,1.4,1,0.0,0,1.4,5.0,23.3,47.5,0,0,0,7,Open-Meteo Historical Weather API,ERA5,2022,6,2,25,SUMMER,,,,,,,,,,32.62,0,0,0,0,0,0,19.214,17.071,,,4.6,74.3,,,0.0,0.0,34.3,23.0,0.0,0.0,,,88.6,0.0,19.475,0.0,0
2022-06-27,CA_ON,"Toronto, ON",19.943,11.0,29.0,9.5,1,0.0,0,9.5,9.0,23.1,48.2,0,0,0,7,Open-Meteo Historical Weather API,ERA5,2022,6,2,26,SUMMER,,,,,,,,,,219.45,0,0,0,0,0,0,22.457,19.214,,,1.4,4.6,,,0.0,0.0,23.3,34.3,0.0,0.0,,,89.8,0.0,19.671,0.0,0
2022-07-04,CA_ON,"Toronto, ON",19.814,12.0,26.2,7.7,1,0.0,0,7.7,10.0,19.1,37.8,0,0,0,7,Open-Meteo Historical Weather API,ERA5,2022,7,3,27,SUMMER,20.414,25.7,0.0,-0.6,-18.0,0.0,-0.7,4.62,0.0,147.07,0,0,0,0,0,0,19.943,22.457,,,9.5,1.4,,,0.0,0.0,23.1,23.3,0.0,0.0,,,23.2,0.0,20.357,0.0,1
2022-07-11,CA_ON,"Toronto, ON",21.557,13.2,30.0,2.2,1,0.0,0,2.2,12.0,26.2,51.5,0,0,0,7,Open-Meteo Historical Weather API,ERA5,2022,7,3,28,SUMMER,22.3,23.5,0.0,-0.743,-21.3,0.0,-0.906,1.635,0.0,57.64,0,0,0,0,0,0,19.814,19.943,-0.6,,7.7,9.5,-18.0,,0.0,0.0,19.1,23.1,0.0,0.0,4.62,,20.8,0.0,20.943,0.0,1
2022-07-18,CA_ON,"Toronto, ON",25.157,18.2,33.9,57.0,4,0.0,0,57.0,37.0,28.2,54.4,0,0,0,7,Open-Meteo Historical Weather API,ERA5,2022,7,3,29,SUMMER,21.771,23.0,0.0,3.386,34.0,0.0,1.478,0.0,0.0,1607.4,1,0,0,0,0,0,21.557,19.814,-0.743,-0.6,2.2,7.7,-21.3,-18.0,0.0,0.0,26.2,19.1,0.0,0.0,1.635,4.62,76.4,0.0,21.618,0.0,1
2022-07-25,CA_ON,"Toronto, ON",21.2,13.0,27.3,1.7,1,0.0,0,1.7,5.0,24.8,46.8,0,0,0,7,Open-Meteo Historical Weather API,ERA5,2022,7,3,30,SUMMER,19.757,34.5,0.0,1.443,-32.8,0.0,-0.951,0.0,0.0,42.16,0,0,0,0,0,0,25.157,21.557,3.386,-0.743,57.0,2.2,34.0,-21.3,0.0,0.0,28.2,26.2,0.0,0.0,0.0,1.635,68.6,0.0,21.932,0.0,1
2022-08-01,CA_ON,"Toronto, ON",23.586,13.2,31.7,6.0,2,0.0,0,6.0,18.0,25.1,49.7,0,0,0,7,Open-Meteo Historical Weather API,ERA5,2022,8,3,31,SUMMER,21.686,8.1,0.0,1.9,-2.1,0.0,-0.259,0.0,0.0,150.6,0,0,0,0,0,0,21.2,25.157,1.443,3.386,1.7,57.0,-32.8,34.0,0.0,0.0,24.8,28.2,0.0,0.0,0.0,0.0,66.9,0.0,22.875,0.0,1
2022-08-08,CA_ON,"Toronto, ON",20.7,11.1,28.7,5.2,1,0.0,0,5.2,9.0,24.3,53.6,0,0,0,7,Open-Meteo Historical Weather API,ERA5,2022,8,3,32,SUMMER,23.814,9.5,0.0,-3.114,-4.3,0.0,-0.453,16.193,0.0,126.36,0,0,0,0,0,0,23.586,21.2,1.9,1.443,6.0,1.7,-2.1,-32.8,0.0,0.0,25.1,24.8,0.0,0.0,0.0,0.0,69.9,0.0,22.661,0.0,1
2022-08-15,CA_ON,"Toronto, ON",21.771,14.4,28.6,20.0,2,0.0,0,20.0,25.0,15.9,35.6,0,0,0,7,Open-Meteo Historical Weather API,ERA5,2022,8,3,33,SUMMER,23.586,5.4,0.0,-1.815,14.6,0.0,2.704,36.3,0.0,318.0,0,0,0,0,0,0,20.7,23.586,-3.114,1.9,5.2,6.0,-4.3,-2.1,0.0,0.0,24.3,25.1,0.0,0.0,16.193,0.0,32.9,0.0,21.814,0.0,1
2022-08-22,CA_ON,"Toronto, ON",21.057,12.5,29.1,17.4,2,0.0,0,17.4,27.0,21.4,40.0,0,0,0,7,Open-Meteo Historical Weather API,ERA5,2022,8,3,34,SUMMER,25.0,5.0,0.0,-3.943,12.4,0.0,2.48,68.608,0.0,372.36,0,0,0,0,0,0,21.771,20.7,-1.815,-3.114,20.0,5.2,14.6,-4.3,0.0,0.0,15.9,24.3,0.0,0.0,36.3,16.193,48.6,0.0,21.778,0.0,1
2022-08-29,CA_ON,"Toronto, ON",21.386,11.5,30.2,7.8,1,0.0,0,7.8,23.0,27.6,59.4,0,0,0,7,Open-Meteo Historical Weather API,ERA5,2022,8,3,35,SUMMER,20.1,4.1,0.0,1.286,3.7,0.0,0.902,0.0,0.0,215.28,0,0,0,0,0,0,21.057,21.771,-3.943,-1.815,17.4,20.0,12.4,14.6,0.0,0.0,21.4,15.9,0.0,0.0,68.608,36.3,50.4,0.0,21.228,0.0,1
2022-09-05,CA_ON,"Toronto, ON",19.757,13.8,27.7,0.6,0,0.0,0,0.6,6.0,18.2,33.5,0,0,0,7,Open-Meteo Historical Weather API,ERA5,2022,9,3,36,FALL,19.143,10.0,0.0,0.614,-9.4,0.0,-0.94,0.0,0.0,10.92,0,0,0,0,0,0,21.386,21.057,1.286,-3.943,7.8,17.4,3.7,12.4,0.0,0.0,27.6,21.4,0.0,0.0,0.0,68.608,45.8,0.0,20.993,0.0,1
2022-09-12,CA_ON,"Toronto, ON",18.4,8.2,26.2,5.9,2,0.0,0,5.9,17.0,21.3,42.1,0,0,0,7,Open-Meteo Historical Weather API,ERA5,2022,9,3,37,FALL,18.557,5.4,0.0,-0.157,0.5,0.0,0.093,0.926,0.0,125.67,0,0,0,0,0,0,19.757,21.386,0.614,1.286,0.6,7.8,-9.4,3.7,0.0,0.0,18.2,27.6,0.0,0.0,0.0,0.0,31.7,0.0,20.15,0.0,1
2022-09-19,CA_ON,"Toronto, ON",16.429,5.5,27.9,27.3,2,0.0,0,27.3,30.0,30.3,58.3,0,0,0,7,Open-Meteo Historical Weather API,ERA5,2022,9,3,38,FALL,16.357,58.6,0.0,0.072,-31.3,0.0,-0.534,0.0,0.0,827.19,0,0,0,0,0,0,18.4,19.757,-0.157,0.614,5.9,0.6,0.5,-9.4,0.0,0.0,21.3,18.2,0.0,0.0,0.926,0.0,41.6,0.0,18.993,0.0,1
2022-09-26,CA_ON,"Toronto, ON",12.3,4.4,19.1,19.7,2,0.0,0,19.7,29.0,27.3,57.2,0,0,0,7,Open-Meteo Historical Weather API,ERA5,2022,9,3,39,FALL,15.657,17.8,0.0,-3.357,1.9,0.0,0.107,66.133,0.0,537.81,0,0,0,0,0,0,16.429,18.4,0.072,-0.157,27.3,5.9,-31.3,0.5,0.0,0.0,30.3,21.3,0.0,0.0,0.0,0.926,53.5,0.0,16.722,0.0,1
2022-10-03,CA_ON,"Toronto, ON",11.071,2.3,22.2,3.1,1,0.0,0,3.1,4.0,22.9,48.2,0,0,0,7,Open-Meteo Historical Weather API,ERA5,2022,10,4,40,FALL,17.086,16.9,0.0,-6.015,-13.8,0.0,-0.817,18.646,0.0,70.99,0,0,0,0,0,0,12.3,16.429,-3.357,0.072,19.7,27.3,1.9,-31.3,0.0,0.0,27.3,30.3,0.0,0.0,66.133,0.0,56.0,0.0,14.55,0.0,1
2022-10-10,CA_ON,"Toronto, ON",11.643,2.0,22.2,20.1,3,0.0,0,20.1,30.0,28.8,61.6,0,0,0,7,Open-Meteo Historical Weather API,ERA5,2022,10,4,41,FALL,16.857,15.1,0.0,-5.214,5.0,0.0,0.331,104.801,0.0,578.88,0,0,0,0,0,0,11.071,12.3,-6.015,-3.357,3.1,19.7,-13.8,1.9,0.0,0.0,22.9,27.3,0.0,0.0,18.646,66.133,70.2,0.0,12.861,0.0,1
2022-10-17,CA_ON,"Toronto, ON",8.743,0.2,20.4,7.2,3,0.0,0,7.2,35.0,27.2,52.6,0,1,0,7,Open-Meteo Historical Weather API,ERA5,2022,10,4,42,FALL,10.586,5.4,0.0,-1.843,1.8,0.0,0.333,13.27,0.0,195.84,0,0,0,0,0,0,11.643,11.071,-5.214,-6.015,20.1,3.1,5.0,-13.8,0.0,0.0,28.8,22.9,0.0,0.0,104.801,18.646,50.1,0.0,10.939,0.0,1
2022-10-24,CA_ON,"Toronto, ON",8.771,-2.0,18.1,6.8,1,0.0,0,6.8,7.0,28.3,54.0,0,1,0,7,Open-Meteo Historical Weather API,ERA5,2022,10,4,43,FALL,9.3,41.7,0.0,-0.529,-34.9,0.0,-0.837,3.597,0.0,192.44,0,0,0,0,0,0,8.743,11.643,-1.843,-5.214,7.2,20.1,1.8,5.0,0.0,0.0,27.2,28.8,0.0,0.0,13.27,104.801,37.2,0.0,10.057,0.0,1
2022-10-31,CA_ON,"Toronto, ON",12.271,4.5,22.6,6.0,2,0.0,0,6.0,13.0,32.3,73.1,0,0,0,7,Open-Meteo Historical Weather API,ERA5,2022,10,4,44,FALL,4.757,0.4,0.0,7.514,5.6,0.0,5.6,0.0,0.0,193.8,0,0,0,0,0,0,8.771,8.743,-0.529,-1.843,6.8,7.2,-34.9,1.8,0.0,0.0,28.3,27.2,0.0,0.0,3.597,13.27,40.1,0.0,10.357,0.0,1
2022-11-07,CA_ON,"Toronto, ON",8.271,-0.6,20.1,17.9,2,0.0,0,17.9,25.0,23.6,46.1,0,2,0,7,Open-Meteo Historical Weather API,ERA5,2022,11,4,45,FALL,7.771,16.8,0.28,0.5,1.1,-0.28,0.065,0.0,0.0,422.44,0,0,0,0,0,0,12.271,8.771,7.514,-0.529,6.0,6.8,5.6,-34.9,0.0,0.0,32.3,28.3,0.0,0.0,0.0,3.597,37.9,0.0,9.514,0.0,1
2022-11-14,CA_ON,"Toronto, ON",-1.343,-6.1,3.6,4.7,2,4.34,1,10.9,37.0,32.5,68.0,0,7,2,7,Open-Meteo Historical Weather API,ERA5,2022,11,4,46,FALL,4.8,10.4,0.0,-6.143,-5.7,4.34,-0.548,28.872,26.661,152.75,0,0,1,0,1,0,8.271,12.271,0.5,7.514,17.9,6.0,1.1,5.6,0.0,0.0,23.6,32.3,0.0,0.0,0.0,0.0,35.4,4.34,6.993,2.0,1
2022-11-21,CA_ON,"Toronto, ON",3.514,-6.6,12.4,12.3,2,0.21,0,12.6,17.0,31.8,58.7,0,4,0,7,Open-Meteo Historical Weather API,ERA5,2022,11,4,47,FALL,1.029,7.9,3.64,2.485,4.4,-3.43,0.557,0.0,0.0,391.14,0,0,0,0,0,0,-1.343,8.271,-6.143,0.5,4.7,17.9,-5.7,1.1,4.34,0.0,32.5,23.6,2.0,0.0,28.872,0.0,40.9,4.55,5.678,2.0,1
2022-11-28,CA_ON,"Toronto, ON",2.6,-3.4,9.7,20.8,3,0.0,0,20.8,30.0,41.9,72.0,1,6,2,7,Open-Meteo Historical Weather API,ERA5,2022,11,4,48,FALL,1.3,6.1,4.69,1.3,14.7,-4.69,2.41,0.0,0.0,871.52,0,0,0,0,1,0,3.514,-1.343,2.485,-6.143,12.3,4.7,4.4,-5.7,0.21,4.34,31.8,32.5,0.0,2.0,0.0,28.872,55.7,4.55,3.261,4.0,1
2022-12-05,CA_ON,"Toronto, ON",1.971,-4.1,7.5,7.6,2,2.8,1,11.6,27.0,23.6,43.2,0,5,1,7,Open-Meteo Historical Weather API,ERA5,2022,12,4,49,WINTER,1.514,28.8,2.03,0.457,-21.2,0.77,-0.736,0.0,0.0,179.36,0,0,0,0,0,0,2.6,3.514,1.3,2.485,20.8,12.3,14.7,4.4,0.0,0.21,41.9,31.8,2.0,0.0,0.0,0.0,45.4,7.35,1.686,5.0,1
2022-12-12,CA_ON,"Toronto, ON",-1.5,-9.1,4.2,8.1,2,12.53,2,26.0,27.0,36.5,73.1,0,7,2,7,Open-Meteo Historical Weather API,ERA5,2022,12,4,50,WINTER,3.614,5.3,5.39,-5.114,2.8,7.14,0.528,41.423,64.078,295.65,0,0,1,0,1,0,1.971,2.6,0.457,1.3,7.6,20.8,-21.2,14.7,2.8,0.0,23.6,41.9,1.0,2.0,0.0,0.0,48.8,15.54,1.646,5.0,1
2022-12-19,CA_ON,"Toronto, ON",-3.257,-13.4,4.2,14.2,2,5.25,1,21.7,50.0,44.6,83.2,2,7,2,7,Open-Meteo Historical Weather API,ERA5,2022,12,4,51,WINTER,0.343,5.3,3.01,-3.6,8.9,2.24,1.679,51.12,18.9,633.32,0,0,1,0,1,1,-1.5,1.971,-5.114,0.457,8.1,7.6,2.8,-21.2,12.53,2.8,36.5,23.6,2.0,1.0,41.423,0.0,50.7,20.58,-0.046,7.0,1
2022-12-26,CA_ON,"Toronto, ON",2.657,-7.9,11.3,20.9,3,0.14,0,21.1,35.0,27.4,46.1,0,4,1,7,Open-Meteo Historical Weather API,ERA5,2022,12,4,52,WINTER,0.271,0.5,8.82,2.386,20.4,-8.68,20.4,0.0,0.0,572.66,0,0,0,0,0,0,-3.257,-1.5,-3.6,-5.114,14.2,8.1,8.9,2.8,5.25,12.53,44.6,36.5,2.0,2.0,51.12,41.423,50.8,20.72,-0.032,6.0,1
2023-01-02,CA_ON,"Toronto, ON",1.743,-6.4,5.5,27.1,2,0.0,0,27.1,32.0,21.9,41.4,0,7,2,7,Open-Meteo Historical Weather API,ERA5,2023,1,1,1,WINTER,-4.243,1.7,0.28,5.986,25.4,-0.28,14.941,0.0,0.0,593.49,0,0,0,0,1,0,2.657,-3.257,2.386,-3.6,20.9,14.2,20.4,8.9,0.14,5.25,27.4,44.6,1.0,2.0,0.0,51.12,70.3,17.92,-0.089,7.0,1
2023-01-09,CA_ON,"Toronto, ON",-2.829,-12.8,3.4,3.5,1,3.36,1,8.3,31.0,28.9,55.4,0,7,1,7,Open-Meteo Historical Weather API,ERA5,2023,1,1,2,WINTER,-8.114,0.0,0.42,5.285,3.5,2.94,3.5,0.0,0.0,101.15,0,0,1,0,0,0,1.743,2.657,5.986,2.386,27.1,20.9,25.4,20.4,0.0,0.14,21.9,27.4,2.0,1.0,0.0,0.0,65.7,8.75,-0.422,6.0,1
2023-01-16,CA_ON,"Toronto, ON",0.771,-5.8,5.3,5.1,2,4.34,2,11.3,39.0,33.1,62.6,0,7,2,7,Open-Meteo Historical Weather API,ERA5,2023,1,1,3,WINTER,-8.329,0.1,24.15,9.1,5.0,-19.81,5.0,0.0,0.0,168.81,0,0,0,0,1,0,-2.829,1.743,5.285,5.986,3.5,27.1,3.5,25.4,3.36,0.0,28.9,21.9,1.0,2.0,0.0,0.0,56.6,7.84,0.586,6.0,1
2023-01-23,CA_ON,"Toronto, ON",-0.957,-6.4,3.3,2.1,1,19.04,4,29.3,51.0,33.9,64.8,0,7,1,7,Open-Meteo Historical Weather API,ERA5,2023,1,1,4,WINTER,-11.957,0.0,2.52,11.0,2.1,16.52,2.1,0.0,0.0,71.19,0,1,1,0,0,0,0.771,-2.829,9.1,5.285,5.1,3.5,5.0,3.5,4.34,3.36,33.1,28.9,2.0,1.0,0.0,0.0,37.8,26.74,-0.318,6.0,1
2023-01-30,CA_ON,"Toronto, ON",-8.0,-26.2,5.0,0.0,0,1.12,0,1.6,12.0,32.1,61.2,0,7,0,7,Open-Meteo Historical Weather API,ERA5,2023,1,1,5,WINTER,-5.829,4.5,10.64,-2.171,-4.5,-9.52,-1.0,0.0,2.432,0.0,0,0,1,0,0,0,-0.957,0.771,11.0,9.1,2.1,5.1,2.1,5.0,19.04,4.34,33.9,33.1,1.0,2.0,0.0,0.0,10.7,27.86,-2.754,4.0,1
2023-02-06,CA_ON,"Toronto, ON",1.557,-6.5,8.1,18.8,1,0.0,0,18.8,18.0,30.1,59.4,0,7,1,7,Open-Meteo Historical Weather API,ERA5,2023,2,1,6,WINTER,-2.9,3.9,1.26,4.457,14.9,-1.26,3.821,0.0,0.0,565.88,0,0,0,0,0,0,-8.0,-0.957,-2.171,11.0,0.0,2.1,-4.5,2.1,1.12,19.04,32.1,33.9,0.0,1.0,0.0,0.0,26.0,24.5,-1.657,4.0,1
2023-02-13,CA_ON,"Toronto, ON",1.971,-8.6,14.4,8.0,3,1.47,1,10.1,18.0,35.9,64.8,0,6,2,7,Open-Meteo Historical Weather API,ERA5,2023,2,1,7,WINTER,-4.643,18.7,13.3,6.614,-10.7,-11.83,-0.572,0.0,0.0,287.2,0,0,0,0,1,0,1.557,-8.0,4.457,-2.171,18.8,0.0,14.9,-4.5,0.0,1.12,30.1,32.1,1.0,0.0,0.0,0.0,28.9,21.63,-1.357,4.0,1
2023-02-20,CA_ON,"Toronto, ON",-3.1,-16.5,5.6,1.9,1,17.64,3,27.1,39.0,31.4,59.8,0,7,1,7,Open-Meteo Historical Weather API,ERA5,2023,2,1,8,WINTER,-3.357,11.2,5.74,0.257,-9.3,11.9,-0.83,0.0,0.0,59.66,0,1,1,0,0,0,1.971,1.557,6.614,4.457,8.0,18.8,-10.7,14.9,1.47,0.0,35.9,30.1,2.0,1.0,0.0,0.0,28.7,20.23,-1.893,4.0,1
2023-02-27,CA_ON,"Toronto, ON",-0.514,-11.3,5.7,1.3,0,28.56,4,42.1,41.0,38.8,73.4,0,7,0,7,Open-Meteo Historical Weather API,ERA5,2023,2,1,9,WINTER,-1.643,2.7,2.1,1.129,-1.4,26.46,-0.519,0.0,0.0,50.44,0,1,1,0,0,0,-3.1,1.971,0.257,6.614,1.9,8.0,-9.3,-10.7,17.64,1.47,31.4,35.9,1.0,2.0,0.0,0.0,30.0,47.67,-0.022,4.0,1
2023-03-06,CA_ON,"Toronto, ON",-1.386,-7.9,3.1,0.0,0,7.35,2,10.5,31.0,31.4,58.7,0,7,0,7,Open-Meteo Historical Weather API,ERA5,2023,3,1,10,SPRING,-1.314,3.3,7.42,-0.072,-3.3,-0.07,-1.0,0.0,0.529,0.0,0,0,1,0,0,0,-0.514,-3.1,1.129,0.257,1.3,1.9,-1.4,-9.3,28.56,17.64,38.8,31.4,0.0,1.0,0.0,0.0,11.2,55.02,-0.757,3.0,1
2023-03-13,CA_ON,"Toronto, ON",0.014,-7.2,8.7,13.1,1,2.73,2,17.0,39.0,31.2,60.8,0,7,1,7,Open-Meteo Historical Weather API,ERA5,2023,3,1,11,SPRING,4.743,11.7,5.04,-4.729,1.4,-2.31,0.12,61.95,12.91,408.72,0,0,0,0,0,0,-1.386,-0.514,-0.072,1.129,0.0,1.3,-3.3,-1.4,7.35,28.56,31.4,38.8,0.0,0.0,0.0,0.0,16.3,56.28,-1.246,2.0,1
2023-03-20,CA_ON,"Toronto, ON",4.114,-1.4,10.9,22.4,3,1.19,1,24.1,32.0,35.7,74.9,0,4,1,7,Open-Meteo Historical Weather API,ERA5,2023,3,1,12,SPRING,3.314,11.9,2.59,0.8,10.5,-1.4,0.882,0.0,0.0,799.68,0,0,0,0,0,0,0.014,-1.386,-4.729,-0.072,13.1,0.0,1.4,-3.3,2.73,7.35,31.2,31.4,1.0,0.0,61.95,0.0,36.8,39.83,0.557,2.0,1
2023-03-27,CA_ON,"Toronto, ON",2.314,-7.5,14.5,26.0,5,6.16,3,34.8,57.0,31.2,65.5,0,6,4,7,Open-Meteo Historical Weather API,ERA5,2023,3,1,13,SPRING,0.714,3.6,0.84,1.6,22.4,5.32,6.222,0.0,0.0,811.2,0,0,0,0,1,0,4.114,0.014,0.8,-4.729,22.4,13.1,10.5,1.4,1.19,2.73,35.7,31.2,1.0,1.0,0.0,61.95,61.5,17.43,1.264,6.0,1
2023-04-03,CA_ON,"Toronto, ON",5.871,-5.2,15.2,12.7,3,0.42,0,13.3,18.0,30.3,52.2,0,3,0,7,Open-Meteo Historical Weather API,ERA5,2023,4,2,14,SPRING,6.071,10.7,0.0,-0.2,2.0,0.42,0.187,2.54,0.084,384.81,0,0,0,0,0,0,2.314,4.114,1.6,0.8,26.0,22.4,22.4,10.5,6.16,1.19,31.2,35.7,4.0,1.0,0.0,0.0,74.2,10.5,3.078,6.0,1
2023-04-10,CA_ON,"Toronto, ON",16.357,0.6,28.5,1.8,1,0.0,0,1.8,4.0,26.3,48.2,0,0,0,7,Open-Meteo Historical Weather API,ERA5,2023,4,2,15,SPRING,8.3,8.8,0.0,8.057,-7.0,0.0,-0.795,0.0,0.0,47.34,0,0,0,0,0,0,5.871,2.314,-0.2,1.6,12.7,26.0,2.0,22.4,0.42,6.16,30.3,31.2,0.0,4.0,2.54,0.0,62.9,7.77,7.164,5.0,1
2023-04-17,CA_ON,"Toronto, ON",6.929,1.5,16.5,28.3,5,0.0,0,28.3,60.0,27.6,53.3,0,2,1,7,Open-Meteo Historical Weather API,ERA5,2023,4,2,16,SPRING,6.586,12.7,5.95,0.343,15.6,-5.95,1.228,0.0,0.0,781.08,0,0,0,0,0,0,16.357,5.871,8.057,-0.2,1.8,12.7,-7.0,2.0,0.0,0.42,26.3,30.3,0.0,0.0,0.0,2.54,68.8,6.58,7.868,5.0,1
2023-04-24,CA_ON,"Toronto, ON",6.986,0.7,11.7,23.1,6,0.0,0,23.1,66.0,26.2,46.8,0,0,0,7,Open-Meteo Historical Weather API,ERA5,2023,4,2,17,SPRING,7.186,26.2,0.0,-0.2,-3.1,0.0,-0.118,4.62,0.0,605.22,0,0,0,0,0,0,6.929,16.357,0.343,8.057,28.3,1.8,15.6,-7.0,0.0,0.0,27.6,26.3,1.0,0.0,0.0,0.0,65.9,0.42,9.036,1.0,1
2023-05-01,CA_ON,"Toronto, ON",8.929,3.4,17.7,20.0,5,0.0,0,20.0,59.0,23.2,47.2,0,0,0,7,Open-Meteo Historical Weather API,ERA5,2023,5,2,18,SPRING,10.586,26.1,0.0,-1.657,-6.1,0.0,-0.234,33.14,0.0,464.0,0,0,0,0,0,0,6.986,6.929,-0.2,0.343,23.1,28.3,-3.1,15.6,0.0,0.0,26.2,27.6,0.0,1.0,4.62,0.0,73.2,0.0,9.8,1.0,1
2023-05-08,CA_ON,"Toronto, ON",15.429,4.5,27.0,0.0,0,0.0,0,0.0,0.0,19.9,33.5,0,0,0,7,Open-Meteo Historical Weather API,ERA5,2023,5,2,19,SPRING,16.3,0.9,0.0,-0.871,-0.9,0.0,-0.9,0.0,0.0,0.0,0,0,0,0,0,0,8.929,6.986,-1.657,-0.2,20.0,23.1,-6.1,-3.1,0.0,0.0,23.2,26.2,0.0,0.0,33.14,4.62,71.4,0.0,9.568,1.0,1
2023-05-15,CA_ON,"Toronto, ON",12.743,-0.8,23.3,19.4,2,0.0,0,19.4,17.0,25.5,50.4,0,0,0,7,Open-Meteo Historical Weather API,ERA5,2023,5,2,20,SPRING,14.814,22.2,0.0,-2.071,-2.8,0.0,-0.126,40.177,0.0,494.7,0,0,0,0,0,0,15.429,8.929,-0.871,-1.657,0.0,20.0,-0.9,-6.1,0.0,0.0,19.9,23.2,0.0,0.0,0.0,33.14,62.5,0.0,11.022,0.0,1
2023-05-22,CA_ON,"Toronto, ON",13.886,3.9,26.3,1.4,1,0.0,0,1.4,4.0,22.0,46.1,0,0,0,7,Open-Meteo Historical Weather API,ERA5,2023,5,2,21,SPRING,15.886,14.7,0.0,-2.0,-13.3,0.0,-0.905,2.8,0.0,30.8,0,0,0,0,0,0,12.743,15.429,-2.071,-0.871,19.4,0.0,-2.8,-0.9,0.0,0.0,25.5,19.9,0.0,0.0,40.177,0.0,40.8,0.0,12.747,0.0,1
2023-05-29,CA_ON,"Toronto, ON",20.386,10.3,31.3,1.1,1,0.0,0,1.1,4.0,18.2,40.3,0,0,0,7,Open-Meteo Historical Weather API,ERA5,2023,5,2,22,SPRING,19.157,8.3,0.0,1.229,-7.2,0.0,-0.867,0.0,0.0,20.02,0,0,0,0,0,0,13.886,12.743,-2.0,-2.071,1.4,19.4,-13.3,-2.8,0.0,0.0,22.0,25.5,0.0,0.0,2.8,40.177,21.9,0.0,15.611,0.0,1
2023-06-05,CA_ON,"Toronto, ON",17.471,9.9,25.9,10.2,3,0.0,0,10.2,29.0,23.8,47.5,0,0,0,7,Open-Meteo Historical Weather API,ERA5,2023,6,2,23,SUMMER,17.071,74.3,0.0,0.4,-64.1,0.0,-0.863,0.0,0.0,242.76,0,0,0,0,0,0,20.386,13.886,1.229,-2.0,1.1,1.4,-7.2,-13.3,0.0,0.0,18.2,22.0,0.0,0.0,0.0,2.8,32.1,0.0,16.121,0.0,1
2023-06-12,CA_ON,"Toronto, ON",17.129,11.5,24.9,52.6,4,0.0,0,52.6,44.0,23.1,46.8,0,0,0,7,Open-Meteo Historical Weather API,ERA5,2023,6,2,24,SUMMER,19.214,4.6,0.0,-2.085,48.0,0.0,10.435,109.671,0.0,1215.06,1,0,0,0,0,0,17.471,20.386,0.4,1.229,10.2,1.1,-64.1,-7.2,0.0,0.0,23.8,18.2,0.0,0.0,0.0,0.0,65.3,0.0,17.218,0.0,1
2023-06-19,CA_ON,"Toronto, ON",20.5,12.8,26.8,19.9,2,0.0,0,19.9,32.0,19.2,39.2,0,0,0,7,Open-Meteo Historical Weather API,ERA5,2023,6,2,25,SUMMER,22.457,1.4,0.0,-1.957,18.5,0.0,13.214,38.944,0.0,382.08,0,0,0,0,0,0,17.129,17.471,-2.085,0.4,52.6,10.2,48.0,-64.1,0.0,0.0,23.1,23.8,0.0,0.0,109.671,0.0,83.8,0.0,18.871,0.0,1
2023-06-26,CA_ON,"Toronto, ON",20.486,10.9,27.8,23.9,4,0.0,0,23.9,41.0,22.9,44.3,0,0,0,7,Open-Meteo Historical Weather API,ERA5,2023,6,2,26,SUMMER,19.943,9.5,0.0,0.543,14.4,0.0,1.516,0.0,0.0,547.31,0,0,0,0,0,0,20.5,17.129,-1.957,-2.085,19.9,52.6,18.5,48.0,0.0,0.0,19.2,23.1,0.0,0.0,38.944,109.671,106.6,0.0,18.896,0.0,1
2023-07-03,CA_ON,"Toronto, ON",22.671,13.1,31.1,6.0,2,0.0,0,6.0,21.0,15.3,40.3,0,0,0,7,Open-Meteo Historical Weather API,ERA5,2023,7,3,27,SUMMER,20.114,16.7,0.0,2.557,-10.7,0.0,-0.641,0.0,0.0,91.8,0,0,0,0,0,0,20.486,20.5,0.543,-1.957,23.9,19.9,14.4,18.5,0.0,0.0,22.9,19.2,0.0,0.0,0.0,38.944,102.4,0.0,20.196,0.0,1
2023-07-10,CA_ON,"Toronto, ON",21.543,12.9,29.5,45.5,4,0.0,0,45.5,42.0,28.9,59.8,0,0,0,7,Open-Meteo Historical Weather API,ERA5,2023,7,3,28,SUMMER,21.928,12.85,0.0,-0.386,32.65,0.0,2.541,17.54,0.0,1314.95,0,0,0,0,0,0,22.671,20.486,2.557,0.543,6.0,23.9,-10.7,14.4,0.0,0.0,15.3,22.9,0.0,0.0,0.0,0.0,95.3,0.0,21.3,0.0,1
2023-07-17,CA_ON,"Toronto, ON",21.086,13.2,27.6,22.1,3,0.0,0,22.1,19.0,22.2,48.6,0,0,0,7,Open-Meteo Historical Weather API,ERA5,2023,7,3,29,SUMMER,23.464,40.0,0.0,-2.378,-17.9,0.0,-0.447,52.554,0.0,490.62,0,0,0,0,0,0,21.543,22.671,-0.386,2.557,45.5,6.0,32.65,-10.7,0.0,0.0,28.9,15.3,0.0,0.0,17.54,0.0,97.5,0.0,21.446,0.0,1
2023-07-24,CA_ON,"Toronto, ON",22.371,12.9,31.4,49.3,5,0.0,0,49.3,41.0,22.1,52.9,0,0,0,7,Open-Meteo Historical Weather API,ERA5,2023,7,3,30,SUMMER,20.478,18.1,0.0,1.892,31.2,0.0,1.724,0.0,0.0,1089.53,0,0,0,0,0,0,21.086,21.543,-2.378,-0.386,22.1,45.5,-17.9,32.65,0.0,0.0,22.2,28.9,0.0,0.0,52.554,17.54,122.9,0.0,21.918,0.0,1
2023-07-31,CA_ON,"Toronto, ON",20.429,12.7,28.4,9.2,2,0.0,0,9.2,17.0,20.6,42.8,0,0,0,7,Open-Meteo Historical Weather API,ERA5,2023,7,3,31,SUMMER,22.636,7.05,0.0,-2.207,2.15,0.0,0.305,20.304,0.0,189.52,0,0,0,0,0,0,22.371,21.086,1.892,-2.378,49.3,22.1,31.2,-17.9,0.0,0.0,22.1,22.2,0.0,0.0,0.0,52.554,126.1,0.0,21.357,0.0,1
2023-08-07,CA_ON,"Toronto, ON",21.286,15.1,27.7,23.2,3,0.0,0,23.2,38.0,30.7,58.0,0,0,0,7,Open-Meteo Historical Weather API,ERA5,2023,8,3,32,SUMMER,22.257,7.35,0.0,-0.971,15.85,0.0,2.156,22.527,0.0,712.24,0,0,0,0,0,0,20.429,22.371,-2.207,1.892,9.2,49.3,2.15,31.2,0.0,0.0,20.6,22.1,0.0,0.0,20.304,0.0,103.8,0.0,21.293,0.0,1
2023-08-14,CA_ON,"Toronto, ON",20.071,12.6,28.2,18.7,3,0.0,0,18.7,40.0,30.0,56.9,0,0,0,7,Open-Meteo Historical Weather API,ERA5,2023,8,3,33,SUMMER,22.678,12.7,0.0,-2.607,6.0,0.0,0.472,48.76,0.0,561.0,0,0,0,0,0,0,21.286,20.429,-0.971,-2.207,23.2,9.2,15.85,2.15,0.0,0.0,30.7,20.6,0.0,0.0,22.527,20.304,100.4,0.0,21.039,0.0,1
2023-08-21,CA_ON,"Toronto, ON",19.357,11.3,24.8,2.8,2,0.0,0,2.8,15.0,18.0,42.5,0,0,0,7,Open-Meteo Historical Weather API,ERA5,2023,8,3,34,SUMMER,23.028,11.2,0.0,-3.672,-8.4,0.0,-0.75,10.28,0.0,50.4,0,0,0,0,0,0,20.071,21.286,-2.607,-0.971,18.7,23.2,6.0,15.85,0.0,0.0,30.0,30.7,0.0,0.0,48.76,22.527,53.9,0.0,20.286,0.0,1
2023-08-28,CA_ON,"Toronto, ON",18.1,9.2,29.7,5.6,1,0.0,0,5.6,7.0,24.7,47.5,0,0,0,7,Open-Meteo Historical Weather API,ERA5,2023,8,3,35,SUMMER,20.743,5.95,0.0,-2.643,-0.35,0.0,-0.059,14.801,0.0,138.32,0,0,0,0,0,0,19.357,20.071,-3.672,-2.607,2.8,18.7,-8.4,6.0,0.0,0.0,18.0,30.0,0.0,0.0,10.28,48.76,50.3,0.0,19.704,0.0,1
2023-09-04,CA_ON,"Toronto, ON",21.886,14.7,32.9,6.3,1,0.0,0,6.3,20.0,20.6,42.1,0,0,0,7,Open-Meteo Historical Weather API,ERA5,2023,9,3,36,FALL,19.45,5.3,0.0,2.436,1.0,0.0,0.189,0.0,0.0,129.78,0,0,0,0,0,0,18.1,19.357,-2.643,-3.672,5.6,2.8,-0.35,-8.4,0.0,0.0,24.7,18.0,0.0,0.0,14.801,10.28,33.4,0.0,19.854,0.0,1
2023-09-11,CA_ON,"Toronto, ON",16.457,7.3,22.9,9.6,2,0.0,0,9.6,21.0,19.6,41.0,0,0,0,7,Open-Meteo Historical Weather API,ERA5,2023,9,3,37,FALL,18.478,5.65,0.0,-2.021,3.95,0.0,0.699,19.406,0.0,188.16,0,0,0,0,0,0,21.886,18.1,2.436,-2.643,6.3,5.6,1.0,-0.35,0.0,0.0,20.6,24.7,0.0,0.0,0.0,14.801,24.3,0.0,18.95,0.0,1
2023-09-18,CA_ON,"Toronto, ON",15.871,5.3,21.9,1.6,1,0.0,0,1.6,9.0,20.3,42.8,0,0,0,7,Open-Meteo Historical Weather API,ERA5,2023,9,3,38,FALL,16.393,42.95,0.0,-0.522,-41.35,0.0,-0.963,0.835,0.0,32.48,0,0,0,0,0,0,16.457,21.886,-2.021,2.436,9.6,6.3,3.95,1.0,0.0,0.0,19.6,20.6,0.0,0.0,19.406,0.0,23.1,0.0,18.078,0.0,1
2023-09-25,CA_ON,"Toronto, ON",16.986,11.8,25.0,1.0,1,0.0,0,1.0,4.0,24.6,48.6,0,0,0,7,Open-Meteo Historical Weather API,ERA5,2023,9,3,39,FALL,13.978,18.75,0.0,3.008,-17.75,0.0,-0.947,0.0,0.0,24.6,0,0,0,0,0,0,15.871,16.457,-0.522,-2.021,1.6,9.6,-41.35,3.95,0.0,0.0,20.3,19.6,0.0,0.0,0.835,19.406,18.5,0.0,17.8,0.0,1
2023-10-02,CA_ON,"Toronto, ON",17.643,7.5,28.7,19.7,3,0.0,0,19.7,29.0,27.7,55.4,0,0,0,7,Open-Meteo Historical Weather API,ERA5,2023,10,4,40,FALL,14.078,10.0,0.0,3.565,9.7,0.0,0.97,0.0,0.0,545.69,0,0,0,0,0,0,16.986,15.871,3.008,-0.522,1.0,1.6,-17.75,-41.35,0.0,0.0,24.6,20.3,0.0,0.0,0.0,0.835,31.9,0.0,16.739,0.0,1
2023-10-09,CA_ON,"Toronto, ON",10.0,4.4,14.9,6.3,2,0.0,0,6.3,30.0,31.4,58.7,0,0,0,7,Open-Meteo Historical Weather API,ERA5,2023,10,4,41,FALL,14.25,17.6,0.0,-4.25,-11.3,0.0,-0.642,26.775,0.0,197.82,0,0,0,0,0,0,17.643,16.986,3.565,3.008,19.7,1.0,9.7,-17.75,0.0,0.0,27.7,24.6,0.0,0.0,0.0,0.0,28.6,0.0,15.125,0.0,1
2023-10-16,CA_ON,"Toronto, ON",10.9,4.2,16.1,6.7,2,0.0,0,6.7,20.0,29.9,58.0,0,0,0,7,Open-Meteo Historical Weather API,ERA5,2023,10,4,42,FALL,9.664,6.3,0.0,1.236,0.4,0.0,0.063,0.0,0.0,200.33,0,0,0,0,0,0,10.0,17.643,-4.25,3.565,6.3,19.7,-11.3,9.7,0.0,0.0,31.4,27.7,0.0,0.0,26.775,0.0,33.7,0.0,13.882,0.0,1
2023-10-23,CA_ON,"Toronto, ON",13.414,-1.5,22.3,10.3,3,0.0,0,10.3,38.0,26.1,44.6,0,0,0,7,Open-Meteo Historical Weather API,ERA5,2023,10,4,43,FALL,9.036,24.25,0.0,4.378,-13.95,0.0,-0.575,0.0,0.0,268.83,0,0,0,0,0,0,10.9,10.0,1.236,-4.25,6.7,6.3,0.4,-11.3,0.0,0.0,29.9,31.4,0.0,0.0,0.0,26.775,43.0,0.0,12.989,0.0,1
2023-10-30,CA_ON,"Toronto, ON",5.6,-1.0,14.0,7.6,2,0.0,0,7.6,24.0,28.3,53.6,0,4,1,7,Open-Meteo Historical Weather API,ERA5,2023,10,4,44,FALL,8.514,3.2,0.0,-2.914,4.4,0.0,1.375,22.146,0.0,215.08,0,0,0,0,0,0,13.414,10.9,4.378,1.236,10.3,6.7,-13.95,0.4,0.0,0.0,26.1,29.9,0.0,0.0,0.0,0.0,30.9,0.0,9.978,1.0,1
2023-11-06,CA_ON,"Toronto, ON",5.057,-2.6,13.3,15.2,3,0.49,0,15.9,24.0,31.6,68.4,0,3,1,7,Open-Meteo Historical Weather API,ERA5,2023,11,4,45,FALL,8.021,17.35,0.14,-2.964,-2.15,0.35,-0.124,45.053,1.452,480.32,0,0,0,0,0,0,5.6,13.414,-2.914,4.378,7.6,10.3,4.4,-13.95,0.0,0.0,28.3,26.1,1.0,0.0,22.146,0.0,39.8,0.49,8.743,2.0,1
2023-11-13,CA_ON,"Toronto, ON",5.886,-2.0,14.1,3.1,1,0.0,0,3.1,12.0,25.9,49.3,0,2,0,7,Open-Meteo Historical Weather API,ERA5,2023,11,4,46,FALL,1.728,7.55,2.17,4.158,-4.45,-2.17,-0.589,0.0,0.0,80.29,0,0,0,0,0,0,5.057,5.6,-2.964,-2.914,15.2,7.6,-2.15,4.4,0.49,0.0,31.6,28.3,1.0,1.0,45.053,22.146,36.2,0.49,7.489,2.0,1
2023-11-20,CA_ON,"Toronto, ON",1.6,-6.0,7.5,17.5,3,0.56,0,18.3,31.0,24.9,46.1,0,7,3,7,Open-Meteo Historical Weather API,ERA5,2023,11,4,47,FALL,2.271,10.1,1.925,-0.671,7.4,-1.365,0.733,11.751,0.376,435.75,0,0,0,0,1,0,5.886,5.057,4.158,-2.964,3.1,15.2,-4.45,-2.15,0.0,0.49,25.9,31.6,0.0,1.0,0.0,45.053,43.4,1.05,4.536,5.0,1
2023-11-27,CA_ON,"Toronto, ON",1.286,-4.8,9.0,12.3,3,3.71,1,17.6,49.0,28.3,57.6,0,7,3,7,Open-Meteo Historical Weather API,ERA5,2023,11,4,48,FALL,1.95,13.45,2.345,-0.664,-1.15,1.365,-0.086,8.167,2.463,348.09,0,0,0,0,1,0,1.6,5.886,-0.671,4.158,17.5,3.1,7.4,-4.45,0.56,0.0,24.9,25.9,3.0,0.0,11.751,0.0,48.1,4.76,3.457,7.0,1
2023-12-04,CA_ON,"Toronto, ON",3.586,-3.6,12.4,8.5,2,2.17,0,11.6,28.0,20.8,38.5,0,5,0,7,Open-Meteo Historical Weather API,ERA5,2023,12,4,49,WINTER,1.743,18.2,2.415,1.843,-9.7,-0.245,-0.533,0.0,0.0,176.8,0,0,0,0,0,0,1.286,1.6,-0.664,-0.671,12.3,17.5,-1.15,7.4,3.71,0.56,28.3,24.9,3.0,3.0,8.167,11.751,41.4,6.44,3.09,6.0,1
2023-12-11,CA_ON,"Toronto, ON",3.257,-3.5,12.1,7.8,1,0.0,0,7.8,11.0,35.7,61.9,0,5,0,7,Open-Meteo Historical Weather API,ERA5,2023,12,4,50,WINTER,1.057,6.7,8.96,2.2,1.1,-8.96,0.164,0.0,0.0,278.46,0,0,0,0,0,0,3.586,1.286,1.843,-0.664,8.5,12.3,-9.7,-1.15,2.17,3.71,20.8,28.3,0.0,3.0,0.0,8.167,46.1,6.44,2.432,6.0,1
2023-12-18,CA_ON,"Toronto, ON",0.871,-4.5,7.2,11.2,2,3.22,2,15.8,41.0,33.2,62.6,0,6,1,7,Open-Meteo Historical Weather API,ERA5,2023,12,4,51,WINTER,-1.457,9.75,4.13,2.328,1.45,-0.91,0.149,0.0,0.0,371.84,0,0,0,0,0,0,3.257,3.586,2.2,1.843,7.8,8.5,1.1,-9.7,0.0,2.17,35.7,20.8,0.0,0.0,0.0,0.0,39.8,9.1,2.25,4.0,1
2023-12-25,CA_ON,"Toronto, ON",4.414,-1.1,7.6,24.6,3,1.47,1,26.7,53.0,15.5,29.2,0,3,0,7,Open-Meteo Historical Weather API,ERA5,2023,12,4,52,WINTER,1.464,10.7,4.48,2.95,13.9,-3.01,1.299,0.0,0.0,381.3,0,0,0,0,0,0,0.871,3.257,2.328,2.2,11.2,7.8,1.45,1.1,3.22,0.0,33.2,35.7,1.0,0.0,0.0,0.0,52.1,6.86,3.032,1.0,1
2024-01-01,CA_ON,"Toronto, ON",-1.243,-6.4,2.3,0.1,0,3.78,2,5.5,22.0,28.5,51.1,0,7,0,7,Open-Meteo Historical Weather API,ERA5,2024,1,1,1,WINTER,-1.25,14.4,0.14,0.007,-14.3,3.64,-0.993,0.0,0.0,2.85,0,0,1,0,0,0,4.414,0.871,2.95,2.328,24.6,11.2,13.9,1.45,1.47,3.22,15.5,33.2,0.0,1.0,0.0,0.0,43.7,8.47,1.825,1.0,1
2024-01-08,CA_ON,"Toronto, ON",0.386,-10.5,6.7,30.9,4,15.61,4,53.2,57.0,40.3,79.9,1,7,4,7,Open-Meteo Historical Weather API,ERA5,2024,1,1,2,WINTER,-5.472,1.75,1.89,5.858,29.15,13.72,16.657,0.0,0.0,1245.27,0,1,0,0,1,0,-1.243,4.414,0.007,2.95,0.1,24.6,-14.3,13.9,3.78,1.47,28.5,15.5,0.0,0.0,0.0,0.0,66.8,24.08,1.107,5.0,1
2024-01-15,CA_ON,"Toronto, ON",-9.614,-15.4,-1.3,0.0,0,1.33,0,1.9,17.0,29.1,56.5,0,7,0,7,Open-Meteo Historical Weather API,ERA5,2024,1,1,3,WINTER,-3.779,2.6,14.245,-5.835,-2.6,-12.915,-1.0,0.0,7.761,0.0,0,0,1,0,0,0,0.386,-1.243,5.858,0.007,30.9,0.1,29.15,-14.3,15.61,3.78,40.3,28.5,4.0,0.0,0.0,0.0,55.6,22.19,-1.514,4.0,1
2024-01-22,CA_ON,"Toronto, ON",1.071,-6.9,5.0,33.0,3,6.79,1,42.6,64.0,23.0,41.0,0,7,3,7,Open-Meteo Historical Weather API,ERA5,2024,1,1,4,WINTER,-6.457,1.05,10.78,7.528,31.95,-3.99,30.429,0.0,0.0,759.0,0,0,0,0,1,0,-9.614,0.386,-5.835,5.858,0.0,30.9,-2.6,29.15,1.33,15.61,29.1,40.3,0.0,4.0,0.0,0.0,64.0,27.51,-2.35,7.0,1
2024-01-29,CA_ON,"Toronto, ON",0.929,-4.4,4.7,0.3,0,0.14,0,0.5,5.0,19.8,37.8,0,7,0,7,Open-Meteo Historical Weather API,ERA5,2024,1,1,5,WINTER,-6.914,2.25,5.88,7.844,-1.95,-5.74,-0.867,0.0,0.0,5.94,0,0,0,0,0,0,1.071,-9.614,7.528,-5.835,33.0,0.0,31.95,-2.6,6.79,1.33,23.0,29.1,3.0,0.0,0.0,0.0,64.2,23.87,-1.807,7.0,1
2024-02-05,CA_ON,"Toronto, ON",2.714,-5.3,14.3,0.0,0,0.0,0,0.0,0.0,29.0,49.3,0,5,0,7,Open-Meteo Historical Weather API,ERA5,2024,2,1,6,WINTER,-0.672,11.35,0.63,3.386,-11.35,-0.63,-1.0,0.0,0.0,0.0,0,0,0,0,0,0,0.929,1.071,7.844,7.528,0.3,33.0,-1.95,31.95,0.14,6.79,19.8,23.0,0.0,3.0,0.0,0.0,33.3,8.26,-1.225,3.0,1
2024-02-12,CA_ON,"Toronto, ON",-2.771,-8.9,3.6,0.0,0,4.62,1,6.6,18.0,33.2,63.7,0,7,0,7,Open-Meteo Historical Weather API,ERA5,2024,2,1,7,WINTER,-1.336,13.35,7.385,-1.435,-13.35,-2.765,-1.0,0.0,6.63,0.0,0,0,1,0,0,0,2.714,0.929,3.386,7.844,0.0,0.3,-11.35,-1.95,0.0,0.14,29.0,19.8,0.0,0.0,0.0,0.0,33.3,11.55,0.486,3.0,1
2024-02-19,CA_ON,"Toronto, ON",-0.743,-14.4,10.9,1.9,1,0.0,0,1.9,6.0,26.6,52.6,0,6,0,7,Open-Meteo Historical Weather API,ERA5,2024,2,1,8,WINTER,-3.229,6.55,11.69,2.486,-4.65,-11.69,-0.71,0.0,0.0,50.54,0,0,1,0,0,0,-2.771,2.714,-1.435,3.386,0.0,0.0,-13.35,-11.35,4.62,0.0,33.2,29.0,0.0,0.0,0.0,0.0,2.2,4.76,0.032,0.0,1
2024-02-26,CA_ON,"Toronto, ON",3.257,-8.9,14.3,10.9,2,0.0,0,10.9,15.0,38.8,70.6,0,3,0,7,Open-Meteo Historical Weather API,ERA5,2024,2,1,9,WINTER,-1.078,2.0,15.33,4.336,8.9,-15.33,4.45,0.0,0.0,422.92,0,0,0,0,0,0,-0.743,-2.771,2.486,-1.435,1.9,0.0,-4.65,-13.35,0.0,4.62,26.6,33.2,0.0,0.0,0.0,0.0,12.8,4.62,0.614,0.0,1
2024-03-04,CA_ON,"Toronto, ON",6.357,-1.7,15.7,18.7,2,0.0,0,18.7,30.0,34.1,71.3,0,1,0,7,Open-Meteo Historical Weather API,ERA5,2024,3,1,10,SPRING,-1.35,1.65,7.385,7.707,17.05,-7.385,10.333,0.0,0.0,637.67,0,0,0,0,0,0,3.257,-0.743,4.336,2.486,10.9,1.9,8.9,-4.65,0.0,0.0,38.8,26.6,0.0,0.0,0.0,0.0,31.5,4.62,1.525,0.0,1
2024-03-11,CA_ON,"Toronto, ON",6.029,-1.0,19.9,20.3,2,0.0,0,20.3,20.0,28.8,59.0,0,3,1,7,Open-Meteo Historical Weather API,ERA5,2024,3,1,11,SPRING,2.379,12.4,3.885,3.65,7.9,-3.885,0.637,0.0,0.0,584.64,0,0,0,0,0,0,6.357,3.257,7.707,4.336,18.7,10.9,17.05,8.9,0.0,0.0,34.1,38.8,0.0,0.0,0.0,0.0,51.8,0.0,3.725,1.0,1
2024-03-18,CA_ON,"Toronto, ON",-2.443,-8.5,2.1,0.9,0,6.58,3,10.3,36.0,33.4,64.4,0,7,0,7,Open-Meteo Historical Weather API,ERA5,2024,3,1,12,SPRING,3.714,17.15,1.89,-6.157,-16.25,4.69,-0.948,5.541,40.513,30.06,0,0,1,0,0,0,6.029,6.357,3.65,7.707,20.3,18.7,7.9,17.05,0.0,0.0,28.8,34.1,1.0,0.0,0.0,0.0,50.8,6.58,3.3,1.0,1
2024-03-25,CA_ON,"Toronto, ON",4.571,-2.5,9.6,10.5,2,0.07,0,10.6,15.0,22.7,44.3,0,5,0,7,Open-Meteo Historical Weather API,ERA5,2024,3,1,13,SPRING,1.514,14.8,3.5,3.057,-4.3,-3.43,-0.291,0.0,0.0,238.35,0,0,0,0,0,0,-2.443,6.029,-6.157,3.65,0.9,20.3,-16.25,7.9,6.58,0.0,33.4,28.8,0.0,1.0,5.541,0.0,50.4,6.65,3.628,1.0,1
2024-04-01,CA_ON,"Toronto, ON",5.414,-0.1,13.3,29.4,3,6.37,2,38.5,70.0,37.6,72.7,0,2,1,7,Open-Meteo Historical Weather API,ERA5,2024,4,2,14,SPRING,5.971,11.7,0.21,-0.557,17.7,6.16,1.513,16.376,3.548,1105.44,0,0,0,0,0,0,4.571,-2.443,3.057,-6.157,10.5,0.9,-4.3,-16.25,0.07,6.58,22.7,33.4,0.0,0.0,0.0,5.541,61.1,13.02,3.393,2.0,1
2024-04-08,CA_ON,"Toronto, ON",9.314,2.5,18.1,49.8,6,0.0,0,49.8,63.0,34.8,68.8,0,0,0,7,Open-Meteo Historical Weather API,ERA5,2024,4,2,15,SPRING,12.328,5.3,0.0,-3.014,44.5,0.0,8.396,150.122,0.0,1733.04,0,0,0,0,0,0,5.414,4.571,-0.557,3.057,29.4,10.5,17.7,-4.3,6.37,0.07,37.6,22.7,1.0,0.0,16.376,0.0,90.6,13.02,4.214,1.0,1
2024-04-15,CA_ON,"Toronto, ON",8.429,2.4,16.1,16.4,3,0.0,0,16.4,32.0,31.0,58.7,0,0,0,7,Open-Meteo Historical Weather API,ERA5,2024,4,2,16,SPRING,6.758,20.5,2.975,1.672,-4.1,-2.975,-0.2,0.0,0.0,508.4,0,0,0,0,0,0,9.314,5.414,-3.014,-0.557,49.8,29.4,44.5,17.7,0.0,6.37,34.8,37.6,0.0,1.0,150.122,16.376,106.1,6.44,6.932,1.0,1
2024-04-22,CA_ON,"Toronto, ON",8.857,-2.0,20.8,12.4,3,0.0,0,12.4,27.0,32.1,56.9,0,1,0,7,Open-Meteo Historical Weather API,ERA5,2024,4,2,17,SPRING,7.086,24.65,0.0,1.771,-12.25,0.0,-0.497,0.0,0.0,398.04,0,0,0,0,0,0,8.429,9.314,1.672,-3.014,16.4,49.8,-4.1,44.5,0.0,0.0,31.0,34.8,0.0,0.0,0.0,150.122,108.0,6.37,8.003,1.0,1
2024-04-29,CA_ON,"Toronto, ON",12.657,5.8,19.5,20.9,4,0.0,0,20.9,36.0,19.2,40.3,0,0,0,7,Open-Meteo Historical Weather API,ERA5,2024,4,2,18,SPRING,9.758,23.05,0.0,2.899,-2.15,0.0,-0.093,0.0,0.0,401.28,0,0,0,0,0,0,8.857,8.429,1.771,1.672,12.4,16.4,-12.25,-4.1,0.0,0.0,32.1,31.0,0.0,0.0,0.0,0.0,99.5,0.0,9.814,0.0,1
2024-05-06,CA_ON,"Toronto, ON",12.657,6.0,19.4,9.3,5,0.0,0,9.3,37.0,30.1,58.7,0,0,0,7,Open-Meteo Historical Weather API,ERA5,2024,5,2,19,SPRING,15.864,0.45,0.0,-3.207,8.85,0.0,8.85,29.83,0.0,279.93,0,0,0,0,0,0,12.657,8.857,2.899,1.771,20.9,12.4,-2.15,-12.25,0.0,0.0,19.2,32.1,0.0,0.0,0.0,0.0,59.0,0.0,10.65,0.0,1
2024-05-13,CA_ON,"Toronto, ON",16.086,10.6,22.9,5.7,3,0.0,0,5.7,26.0,21.1,55.8,0,0,0,7,Open-Meteo Historical Weather API,ERA5,2024,5,2,20,SPRING,13.779,20.8,0.0,2.307,-15.1,0.0,-0.726,0.0,0.0,120.27,0,0,0,0,0,0,12.657,12.657,-3.207,2.899,9.3,20.9,8.85,-2.15,0.0,0.0,30.1,19.2,0.0,0.0,29.83,0.0,48.3,0.0,12.564,0.0,1
2024-05-20,CA_ON,"Toronto, ON",18.986,11.2,28.6,6.8,3,0.0,0,6.8,13.0,27.1,54.7,0,0,0,7,Open-Meteo Historical Weather API,ERA5,2024,5,2,21,SPRING,14.886,8.05,0.0,4.1,-1.25,0.0,-0.155,0.0,0.0,184.28,0,0,0,0,0,0,16.086,12.657,2.307,-3.207,5.7,9.3,-15.1,8.85,0.0,0.0,21.1,30.1,0.0,0.0,0.0,29.83,42.7,0.0,15.096,0.0,1
2024-05-27,CA_ON,"Toronto, ON",16.186,6.8,24.5,33.3,3,0.0,0,33.3,38.0,33.2,60.8,0,0,0,7,Open-Meteo Historical Weather API,ERA5,2024,5,2,22,SPRING,19.772,4.7,0.0,-3.585,28.6,0.0,6.085,119.397,0.0,1105.56,0,0,0,0,0,0,18.986,16.086,4.1,2.307,6.8,5.7,-1.25,-15.1,0.0,0.0,27.1,21.1,0.0,0.0,0.0,0.0,55.1,0.0,15.979,0.0,1
2024-06-03,CA_ON,"Toronto, ON",18.314,12.5,25.6,25.9,5,0.0,0,25.9,42.0,23.3,57.2,0,0,0,7,Open-Meteo Historical Weather API,ERA5,2024,6,2,23,SUMMER,17.271,42.25,0.0,1.043,-16.35,0.0,-0.387,0.0,0.0,603.47,0,0,0,0,0,0,16.186,18.986,-3.585,4.1,33.3,6.8,28.6,-1.25,0.0,0.0,33.2,27.1,0.0,0.0,119.397,0.0,71.7,0.0,17.393,0.0,1
2024-06-10,CA_ON,"Toronto, ON",17.214,9.5,29.1,3.2,1,0.0,0,3.2,7.0,25.3,55.8,0,0,0,7,Open-Meteo Historical Weather API,ERA5,2024,6,2,24,SUMMER,18.172,28.6,0.0,-0.958,-25.4,0.0,-0.888,3.064,0.0,80.96,0,0,0,0,0,0,18.314,16.186,1.043,-3.585,25.9,33.3,-16.35,28.6,0.0,0.0,23.3,33.2,0.0,0.0,0.0,119.397,69.2,0.0,17.675,0.0,1
2024-06-17,CA_ON,"Toronto, ON",23.543,13.4,32.7,31.5,6,0.0,0,31.5,45.0,32.4,63.4,0,0,0,7,Open-Meteo Historical Weather API,ERA5,2024,6,2,25,SUMMER,21.478,10.65,0.0,2.064,20.85,0.0,1.958,0.0,0.0,1020.6,0,0,0,0,0,0,17.214,18.314,-0.958,1.043,3.2,25.9,-25.4,-16.35,0.0,0.0,25.3,23.3,0.0,0.0,3.064,0.0,93.9,0.0,18.814,0.0,1
2024-06-24,CA_ON,"Toronto, ON",19.786,8.6,27.9,39.5,3,0.0,0,39.5,28.0,26.0,57.2,0,0,0,7,Open-Meteo Historical Weather API,ERA5,2024,6,2,26,SUMMER,20.214,16.7,0.0,-0.428,22.8,0.0,1.365,16.926,0.0,1027.0,0,0,0,0,0,0,23.543,17.214,2.064,-0.958,31.5,3.2,20.85,-25.4,0.0,0.0,32.4,25.3,0.0,0.0,0.0,3.064,100.1,0.0,19.714,0.0,1
2024-07-01,CA_ON,"Toronto, ON",22.043,11.2,29.0,2.8,2,0.0,0,2.8,10.0,25.9,50.0,0,0,0,7,Open-Meteo Historical Weather API,ERA5,2024,7,3,27,SUMMER,20.966,13.133,0.0,1.077,-10.333,0.0,-0.787,0.0,0.0,72.52,0,0,0,0,0,0,19.786,23.543,-0.428,2.064,39.5,31.5,22.8,20.85,0.0,0.0,26.0,32.4,0.0,0.0,16.926,0.0,77.0,0.0,20.646,0.0,1
2024-07-08,CA_ON,"Toronto, ON",22.757,16.8,29.4,45.3,4,0.0,0,45.3,43.0,25.2,49.7,0,0,0,7,Open-Meteo Historical Weather API,ERA5,2024,7,3,28,SUMMER,21.8,23.733,0.0,0.957,21.567,0.0,0.909,0.0,0.0,1141.56,0,0,0,0,0,0,22.043,19.786,1.077,-0.428,2.8,39.5,-10.333,22.8,0.0,0.0,25.9,26.0,0.0,0.0,0.0,16.926,119.1,0.0,22.032,0.0,1
2024-07-15,CA_ON,"Toronto, ON",21.614,12.2,28.6,42.3,2,0.0,0,42.3,25.0,18.4,42.1,0,0,0,7,Open-Meteo Historical Weather API,ERA5,2024,7,3,29,SUMMER,22.671,34.033,0.0,-1.057,8.267,0.0,0.243,44.725,0.0,778.32,0,0,0,0,0,0,22.757,22.043,0.957,1.077,45.3,2.8,21.567,-10.333,0.0,0.0,25.2,25.9,0.0,0.0,0.0,0.0,129.9,0.0,21.55,0.0,1
2024-07-22,CA_ON,"Toronto, ON",21.514,13.5,27.4,6.0,1,0.0,0,6.0,10.0,23.5,47.5,0,0,0,7,Open-Meteo Historical Weather API,ERA5,2024,7,3,30,SUMMER,21.109,28.5,0.0,0.405,-22.5,0.0,-0.789,0.0,0.0,141.0,0,0,0,0,0,0,21.614,22.757,-1.057,0.957,42.3,45.3,8.267,21.567,0.0,0.0,18.4,25.2,0.0,0.0,44.725,0.0,96.4,0.0,21.982,0.0,1
2024-07-29,CA_ON,"Toronto, ON",24.429,16.2,31.3,14.8,3,0.0,0,14.8,27.0,16.3,42.1,0,0,0,7,Open-Meteo Historical Weather API,ERA5,2024,7,3,31,SUMMER,21.9,7.767,0.0,2.529,7.033,0.0,0.906,0.0,0.0,241.24,0,0,0,0,0,0,21.514,21.614,0.405,-1.057,6.0,42.3,-22.5,8.267,0.0,0.0,23.5,18.4,0.0,0.0,0.0,44.725,108.4,0.0,22.578,0.0,1
2024-08-05,CA_ON,"Toronto, ON",20.543,14.3,28.0,43.3,4,0.0,0,43.3,41.0,25.6,51.5,0,0,0,7,Open-Meteo Historical Weather API,ERA5,2024,8,3,32,SUMMER,21.933,12.633,0.0,-1.39,30.667,0.0,2.427,60.201,0.0,1108.48,0,0,0,0,0,0,24.429,21.514,2.529,0.405,14.8,6.0,7.033,-22.5,0.0,0.0,16.3,23.5,0.0,0.0,0.0,0.0,106.4,0.0,22.025,0.0,1
2024-08-12,CA_ON,"Toronto, ON",21.514,14.7,28.2,22.6,3,0.0,0,22.6,42.0,24.6,46.1,0,0,0,7,Open-Meteo Historical Weather API,ERA5,2024,8,3,33,SUMMER,21.809,14.7,0.0,-0.295,7.9,0.0,0.537,6.675,0.0,555.96,0,0,0,0,0,0,20.543,24.429,-1.39,2.529,43.3,14.8,30.667,7.033,0.0,0.0,25.6,16.3,0.0,0.0,60.201,0.0,86.7,0.0,22.0,0.0,1
2024-08-19,CA_ON,"Toronto, ON",18.043,11.3,26.6,0.6,0,0.0,0,0.6,6.0,26.5,47.2,0,0,0,7,Open-Meteo Historical Weather API,ERA5,2024,8,3,34,SUMMER,21.805,8.4,0.0,-3.762,-7.8,0.0,-0.929,2.257,0.0,15.9,0,0,0,0,0,0,21.514,20.543,-0.295,-1.39,22.6,43.3,7.9,30.667,0.0,0.0,24.6,25.6,0.0,0.0,6.675,60.201,81.3,0.0,21.132,0.0,1
2024-08-26,CA_ON,"Toronto, ON",21.443,14.4,30.5,11.6,3,0.0,0,11.6,12.0,23.4,45.7,0,0,0,7,Open-Meteo Historical Weather API,ERA5,2024,8,3,35,SUMMER,19.862,5.833,0.0,1.581,5.767,0.0,0.989,0.0,0.0,271.44,0,0,0,0,0,0,18.043,21.514,-3.762,-0.295,0.6,22.6,-7.8,7.9,0.0,0.0,26.5,24.6,0.0,0.0,2.257,6.675,78.1,0.0,20.386,0.0,1
2024-09-02,CA_ON,"Toronto, ON",16.371,8.4,25.4,8.7,2,0.0,0,8.7,27.0,30.8,59.4,0,0,0,7,Open-Meteo Historical Weather API,ERA5,2024,9,3,36,FALL,20.262,5.633,0.0,-3.891,3.067,0.0,0.544,33.852,0.0,267.96,0,0,0,0,0,0,21.443,18.043,1.581,-3.762,11.6,0.6,5.767,-7.8,0.0,0.0,23.4,26.5,0.0,0.0,0.0,2.257,43.5,0.0,19.343,0.0,1
2024-09-09,CA_ON,"Toronto, ON",18.0,9.7,26.6,7.3,1,0.0,0,7.3,12.0,15.9,40.3,0,0,0,7,Open-Meteo Historical Weather API,ERA5,2024,9,3,37,FALL,17.805,6.967,0.0,0.195,0.333,0.0,0.048,0.0,0.0,116.07,0,0,0,0,0,0,16.371,21.443,-3.891,1.581,8.7,11.6,3.067,5.767,0.0,0.0,30.8,23.4,0.0,0.0,33.852,0.0,28.2,0.0,18.464,0.0,1
2024-09-16,CA_ON,"Toronto, ON",19.314,12.1,27.0,0.2,0,0.0,0,0.2,2.0,14.0,31.0,0,0,0,7,Open-Meteo Historical Weather API,ERA5,2024,9,3,38,FALL,16.219,29.167,0.0,3.095,-28.967,0.0,-0.993,0.0,0.0,2.8,0,0,0,0,0,0,18.0,16.371,0.195,-3.891,7.3,8.7,0.333,3.067,0.0,0.0,15.9,30.8,0.0,0.0,0.0,33.852,27.8,0.0,18.782,0.0,1
2024-09-23,CA_ON,"Toronto, ON",18.957,12.0,24.1,39.3,3,0.0,0,39.3,47.0,26.8,51.5,0,0,0,7,Open-Meteo Historical Weather API,ERA5,2024,9,3,39,FALL,14.981,12.833,0.0,3.976,26.467,0.0,2.062,0.0,0.0,1053.24,0,0,0,0,0,0,19.314,18.0,3.095,0.195,0.2,7.3,-28.967,0.333,0.0,0.0,14.0,15.9,0.0,0.0,0.0,0.0,55.5,0.0,18.16,0.0,1
2024-09-30,CA_ON,"Toronto, ON",15.8,7.8,23.5,28.9,4,0.0,0,28.9,25.0,26.2,47.5,0,0,0,7,Open-Meteo Historical Weather API,ERA5,2024,9,3,40,FALL,15.267,13.233,0.0,0.533,15.667,0.0,1.184,0.0,0.0,757.18,0,0,0,0,0,0,18.957,19.314,3.976,3.095,39.3,0.2,26.467,-28.967,0.0,0.0,26.8,14.0,0.0,0.0,0.0,0.0,75.7,0.0,18.018,0.0,1
2024-10-07,CA_ON,"Toronto, ON",10.957,3.2,21.9,3.1,1,0.0,0,3.1,19.0,28.4,53.3,0,0,0,7,Open-Meteo Historical Weather API,ERA5,2024,10,4,41,FALL,12.833,13.833,0.0,-1.876,-10.733,0.0,-0.776,5.817,0.0,88.04,0,0,0,0,0,0,15.8,18.957,0.533,3.976,28.9,39.3,15.667,26.467,0.0,0.0,26.2,26.8,0.0,0.0,0.0,0.0,71.5,0.0,16.257,0.0,1
2024-10-14,CA_ON,"Toronto, ON",8.9,-0.5,23.0,1.9,1,0.0,0,1.9,11.0,26.8,48.6,0,0,0,7,Open-Meteo Historical Weather API,ERA5,2024,10,4,42,FALL,10.076,6.433,0.0,-1.176,-4.533,0.0,-0.705,2.235,0.0,50.92,0,0,0,0,0,0,10.957,15.8,-1.876,0.533,3.1,28.9,-10.733,15.667,0.0,0.0,28.4,26.2,0.0,0.0,5.817,0.0,73.2,0.0,13.654,0.0,1
2024-10-21,CA_ON,"Toronto, ON",11.614,-0.0,25.7,1.1,0,0.0,0,1.1,5.0,26.9,52.6,0,0,0,7,Open-Meteo Historical Weather API,ERA5,2024,10,4,43,FALL,10.495,19.6,0.0,1.119,-18.5,0.0,-0.944,0.0,0.0,29.59,0,0,0,0,0,0,8.9,10.957,-1.176,-1.876,1.9,3.1,-4.533,-10.733,0.0,0.0,26.8,28.4,0.0,0.0,2.235,5.817,35.0,0.0,11.818,0.0,1
2024-10-28,CA_ON,"Toronto, ON",11.057,0.0,23.1,9.3,2,0.0,0,9.3,11.0,29.9,63.7,0,1,0,7,Open-Meteo Historical Weather API,ERA5,2024,10,4,44,FALL,7.543,4.667,0.0,3.514,4.633,0.0,0.993,0.0,0.0,278.07,0,0,0,0,0,0,11.614,8.9,1.119,-1.176,1.1,1.9,-18.5,-4.533,0.0,0.0,26.9,26.8,0.0,0.0,0.0,2.235,15.4,0.0,10.632,0.0,1
2024-11-04,CA_ON,"Toronto, ON",11.629,-0.8,22.2,12.7,3,0.0,0,12.7,29.0,27.0,52.6,0,1,0,7,Open-Meteo Historical Weather API,ERA5,2024,11,4,45,FALL,7.033,16.633,0.257,4.596,-3.933,-0.257,-0.236,0.0,0.0,342.9,0,0,0,0,0,0,11.057,11.614,3.514,1.119,9.3,1.1,4.633,-18.5,0.0,0.0,29.9,26.9,0.0,0.0,0.0,0.0,25.0,0.0,10.8,0.0,1
2024-11-11,CA_ON,"Toronto, ON",6.486,-0.7,12.7,7.0,2,0.0,0,7.0,16.0,27.3,54.4,0,2,0,7,Open-Meteo Historical Weather API,ERA5,2024,11,4,46,FALL,3.114,6.067,1.447,3.372,0.933,-1.447,0.154,0.0,0.0,191.1,0,0,0,0,0,0,11.629,11.057,4.596,3.514,12.7,9.3,-3.933,4.633,0.0,0.0,27.0,29.9,0.0,0.0,0.0,0.0,30.1,0.0,10.196,0.0,1
2024-11-18,CA_ON,"Toronto, ON",6.414,0.4,13.7,24.0,4,0.21,0,24.3,39.0,29.5,54.4,0,2,1,7,Open-Meteo Historical Weather API,ERA5,2024,11,4,47,FALL,2.048,12.567,1.47,4.366,11.433,-1.26,0.91,0.0,0.0,708.0,0,0,0,0,0,0,6.486,11.629,3.372,4.596,7.0,12.7,0.933,-3.933,0.0,0.0,27.3,27.0,0.0,0.0,0.0,0.0,53.0,0.21,8.896,1.0,1
2024-11-25,CA_ON,"Toronto, ON",1.457,-3.4,7.2,4.7,2,0.63,0,5.6,29.0,30.1,57.6,0,6,1,7,Open-Meteo Historical Weather API,ERA5,2024,11,4,48,FALL,1.729,13.067,2.8,-0.272,-8.367,-2.17,-0.64,1.277,0.171,141.47,0,0,0,0,0,0,6.414,6.486,4.366,3.372,24.0,7.0,11.433,0.933,0.21,0.0,29.5,27.3,1.0,0.0,0.0,0.0,48.4,0.84,6.496,2.0,1
2024-12-02,CA_ON,"Toronto, ON",-0.686,-8.5,6.5,0.4,0,6.72,2,10.0,37.0,34.9,59.8,0,7,0,7,Open-Meteo Historical Weather API,ERA5,2024,12,4,49,WINTER,2.357,14.967,2.333,-3.043,-14.567,4.387,-0.973,1.217,20.449,13.96,0,0,1,0,0,0,1.457,6.414,-0.272,4.366,4.7,24.0,-8.367,11.433,0.63,0.21,30.1,29.5,1.0,1.0,1.277,0.0,36.1,7.56,3.418,2.0,1
2024-12-09,CA_ON,"Toronto, ON",-0.643,-10.5,7.1,15.2,4,1.19,0,16.9,30.0,42.6,80.3,1,7,4,7,Open-Meteo Historical Weather API,ERA5,2024,12,4,50,WINTER,1.79,7.067,5.973,-2.433,8.133,-4.783,1.151,36.987,2.896,647.52,0,0,1,0,1,0,-0.686,1.457,-3.043,-0.272,0.4,4.7,-14.567,-8.367,6.72,0.63,34.9,30.1,0.0,1.0,1.217,1.277,44.3,8.75,1.635,6.0,1
2024-12-16,CA_ON,"Toronto, ON",-2.029,-17.7,8.8,12.7,2,2.17,1,15.8,35.0,25.8,48.6,0,6,2,7,Open-Meteo Historical Weather API,ERA5,2024,12,4,51,WINTER,-0.681,10.233,3.827,-1.348,2.467,-1.657,0.241,17.12,2.925,327.66,0,0,1,0,1,0,-0.643,-0.686,-2.433,-3.043,15.2,0.4,8.133,-14.567,1.19,6.72,42.6,34.9,4.0,0.0,36.987,1.217,33.0,10.71,-0.475,7.0,1
2024-12-23,CA_ON,"Toronto, ON",0.714,-9.2,10.3,27.6,1,5.88,2,36.0,41.0,21.9,58.7,0,5,0,7,Open-Meteo Historical Weather API,ERA5,2024,12,4,52,WINTER,2.447,15.333,3.477,-1.733,12.267,2.403,0.8,47.84,10.192,604.44,0,0,0,0,0,0,-2.029,-0.643,-1.348,-2.433,12.7,15.2,2.467,8.133,2.17,1.19,25.8,42.6,2.0,4.0,17.12,36.987,55.9,15.96,-0.661,6.0,1
2024-12-30,CA_ON,"Toronto, ON",0.129,-5.6,11.2,9.3,3,1.61,0,11.6,43.0,34.2,65.9,0,6,2,7,Open-Meteo Historical Weather API,ERA5,2024,12,4,1,WINTER,-1.248,9.633,1.353,1.377,-0.333,0.257,-0.035,0.0,0.0,318.06,0,0,0,0,1,0,0.714,-2.029,-1.733,-1.348,27.6,12.7,12.267,2.467,5.88,2.17,21.9,25.8,0.0,2.0,47.84,17.12,64.8,10.85,-0.457,8.0,1
2025-01-06,CA_ON,"Toronto, ON",-6.271,-13.2,0.9,0.1,0,4.13,3,6.0,24.0,26.4,50.8,0,7,0,7,Open-Meteo Historical Weather API,ERA5,2025,1,1,2,WINTER,-3.519,11.467,6.463,-2.752,-11.367,-2.333,-0.991,0.275,11.366,2.64,0,0,1,0,0,0,0.129,0.714,1.377,-1.733,9.3,27.6,-0.333,12.267,1.61,5.88,34.2,21.9,2.0,0.0,0.0,47.84,49.7,13.79,-1.864,4.0,1
2025-01-13,CA_ON,"Toronto, ON",-3.814,-10.9,3.6,3.0,1,3.22,0,7.6,36.0,30.3,54.4,0,7,1,7,Open-Meteo Historical Weather API,ERA5,2025,1,1,3,WINTER,-5.724,1.733,9.94,1.91,1.267,-6.72,0.731,0.0,0.0,90.9,0,0,1,0,0,0,-6.271,0.129,-2.752,1.377,0.1,9.3,-11.367,-0.333,4.13,1.61,26.4,34.2,0.0,2.0,0.275,0.0,40.0,14.84,-2.311,3.0,1
2025-01-20,CA_ON,"Toronto, ON",-8.629,-18.4,1.0,0.0,0,1.89,1,2.7,21.0,27.1,52.9,0,7,0,7,Open-Meteo Historical Weather API,ERA5,2025,1,1,4,WINTER,-3.948,11.7,9.45,-4.681,-11.7,-7.56,-1.0,0.0,8.848,0.0,0,0,1,0,0,0,-3.814,-6.271,1.91,-2.752,3.0,0.1,1.267,-11.367,3.22,4.13,30.3,26.4,1.0,0.0,0.0,0.275,12.4,10.85,-4.646,3.0,1
2025-01-27,CA_ON,"Toronto, ON",-5.3,-16.9,2.4,0.3,0,5.88,2,8.7,32.0,35.9,67.7,0,7,0,7,Open-Meteo Historical Weather API,ERA5,2025,1,1,5,WINTER,-4.3,1.6,3.967,-1.0,-1.3,1.913,-0.812,0.3,5.88,10.77,0,0,1,0,0,0,-8.629,-3.814,-4.681,1.91,0.0,3.0,-11.7,1.267,1.89,3.22,27.1,30.3,0.0,1.0,0.0,0.0,3.4,15.12,-6.004,1.0,1
2025-02-03,CA_ON,"Toronto, ON",-4.671,-15.4,2.2,2.4,1,9.87,4,16.5,45.0,30.6,55.4,0,7,1,7,Open-Meteo Historical Weather API,ERA5,2025,2,1,6,WINTER,0.457,7.567,0.42,-5.128,-5.167,9.45,-0.683,12.307,50.613,73.44,0,0,1,0,0,0,-5.3,-8.629,-1.0,-4.681,0.3,0.0,-1.3,-11.7,5.88,1.89,35.9,27.1,0.0,0.0,0.3,0.0,5.7,20.86,-5.604,2.0,1
2025-02-10,CA_ON,"Toronto, ON",-5.943,-11.2,-1.9,0.8,0,35.42,4,51.4,65.0,29.7,54.0,0,7,0,7,Open-Meteo Historical Weather API,ERA5,2025,2,1,7,WINTER,-1.814,8.9,6.463,-4.129,-8.1,28.957,-0.91,3.303,146.237,23.76,0,1,1,0,0,0,-4.671,-5.3,-5.128,-1.0,2.4,0.3,-5.167,-1.3,9.87,5.88,30.6,35.9,1.0,0.0,12.307,0.3,3.5,53.06,-6.136,1.0,1
2025-02-17,CA_ON,"Toronto, ON",-7.943,-13.2,1.4,0.0,0,1.54,0,2.2,22.0,34.4,64.1,0,7,0,7,Open-Meteo Historical Weather API,ERA5,2025,2,1,8,WINTER,-2.4,5.0,7.793,-5.543,-5.0,-6.253,-1.0,0.0,8.536,0.0,0,0,1,0,0,0,-5.943,-4.671,-4.129,-5.128,0.8,2.4,-8.1,-5.167,35.42,9.87,29.7,30.6,0.0,1.0,3.303,12.307,3.5,52.71,-5.964,1.0,1
2025-02-24,CA_ON,"Toronto, ON",-1.071,-18.6,6.8,1.1,0,2.87,1,5.2,24.0,36.7,67.0,0,7,0,7,Open-Meteo Historical Weather API,ERA5,2025,2,1,9,WINTER,0.367,4.967,10.22,-1.438,-3.867,-7.35,-0.779,1.581,4.126,40.37,0,0,1,0,0,0,-7.943,-5.943,-5.543,-4.129,0.0,0.8,-5.0,-8.1,1.54,35.42,34.4,29.7,0.0,0.0,0.0,3.303,4.3,49.7,-4.907,1.0,1
2025-03-03,CA_ON,"Toronto, ON",0.071,-11.5,7.6,19.1,2,0.21,0,19.4,30.0,32.1,61.2,0,7,2,7,Open-Meteo Historical Weather API,ERA5,2025,3,1,10,SPRING,1.219,7.333,4.923,-1.148,11.767,-4.713,1.605,21.927,0.241,613.11,0,0,0,0,1,0,-1.071,-7.943,-1.438,-5.543,1.1,0.0,-3.867,-5.0,2.87,1.54,36.7,34.4,0.0,0.0,1.581,0.0,21.0,40.04,-3.722,2.0,1
2025-03-10,CA_ON,"Toronto, ON",4.929,-5.2,16.6,15.5,2,0.0,0,15.5,19.0,34.4,77.8,0,3,0,7,Open-Meteo Historical Weather API,ERA5,2025,3,1,11,SPRING,3.595,15.033,2.59,1.334,0.467,-2.59,0.031,0.0,0.0,533.2,0,0,0,0,0,0,0.071,-1.071,-1.148,-1.438,19.1,1.1,11.767,-3.867,0.21,2.87,32.1,36.7,2.0,0.0,21.927,1.581,35.7,4.62,-1.004,2.0,1
2025-03-17,CA_ON,"Toronto, ON",4.157,-8.0,20.6,4.2,1,0.14,0,4.4,14.0,31.6,61.2,0,4,0,7,Open-Meteo Historical Weather API,ERA5,2025,3,1,12,SPRING,1.662,11.733,3.453,2.495,-7.533,-3.313,-0.642,0.0,0.0,132.72,0,0,0,0,0,0,4.929,0.071,1.334,-1.148,15.5,19.1,0.467,11.767,0.0,0.21,34.4,32.1,0.0,2.0,0.0,21.927,39.9,3.22,2.021,2.0,1
2025-03-24,CA_ON,"Toronto, ON",1.8,-6.1,11.5,21.9,5,2.1,1,24.9,71.0,31.6,73.1,0,7,5,7,Open-Meteo Historical Weather API,ERA5,2025,3,1,13,SPRING,2.533,13.367,2.357,-0.733,8.533,-0.257,0.638,16.053,1.539,692.04,0,0,0,0,1,0,4.157,4.929,2.495,1.334,4.2,15.5,-7.533,0.467,0.14,0.0,31.6,34.4,0.0,0.0,0.0,0.0,60.7,2.45,2.739,7.0,1
2025-03-31,CA_ON,"Toronto, ON",5.057,-1.5,18.4,29.7,4,3.36,1,34.5,33.0,32.9,73.8,0,3,1,7,Open-Meteo Historical Weather API,ERA5,2025,3,1,14,SPRING,5.785,17.6,2.263,-0.728,12.1,1.097,0.688,21.632,2.447,977.13,0,0,0,0,0,0,1.8,4.157,-0.733,2.495,21.9,4.2,8.533,-7.533,2.1,0.14,31.6,31.6,5.0,0.0,16.053,0.0,71.3,5.6,3.986,6.0,1
2025-04-07,CA_ON,"Toronto, ON",2.343,-6.1,14.8,2.6,1,2.45,1,6.1,31.0,34.4,62.3,0,5,1,7,Open-Meteo Historical Weather API,ERA5,2025,4,2,15,SPRING,11.324,20.133,0.0,-8.981,-17.533,2.45,-0.871,23.35,22.003,89.44,0,0,0,0,0,0,5.057,1.8,-0.728,-0.733,29.7,21.9,12.1,8.533,3.36,2.1,32.9,31.6,1.0,5.0,21.632,16.053,58.4,8.05,3.339,7.0,1
2025-04-14,CA_ON,"Toronto, ON",8.386,-1.9,20.2,3.5,2,0.0,0,3.5,16.0,33.3,64.1,0,1,0,7,Open-Meteo Historical Weather API,ERA5,2025,4,2,16,SPRING,7.315,19.133,1.983,1.071,-15.633,-1.983,-0.817,0.0,0.0,116.55,0,0,0,0,0,0,2.343,5.057,-8.981,-0.728,2.6,29.7,-17.533,12.1,2.45,3.36,34.4,32.9,1.0,1.0,23.35,21.632,57.7,7.91,4.396,7.0,1
2025-04-21,CA_ON,"Toronto, ON",10.3,2.6,21.3,6.8,3,0.0,0,6.8,24.0,32.8,63.7,0,0,0,7,Open-Meteo Historical Weather API,ERA5,2025,4,2,17,SPRING,7.676,20.567,0.0,2.624,-13.767,0.0,-0.669,0.0,0.0,223.04,0,0,0,0,0,0,8.386,2.343,1.071,-8.981,3.5,2.6,-15.633,-17.533,0.0,2.45,33.3,34.4,0.0,1.0,0.0,23.35,42.6,5.81,6.522,2.0,1
2025-04-28,CA_ON,"Toronto, ON",10.6,1.5,26.3,15.7,4,0.0,0,15.7,23.0,31.9,73.1,0,0,0,7,Open-Meteo Historical Weather API,ERA5,2025,4,2,18,SPRING,10.724,22.333,0.0,-0.124,-6.633,0.0,-0.297,1.947,0.0,500.83,0,0,0,0,0,0,10.3,8.386,2.624,1.071,6.8,3.5,-13.767,-15.633,0.0,0.0,32.8,33.3,0.0,0.0,0.0,0.0,28.6,2.45,7.907,1.0,1
2025-05-05,CA_ON,"Toronto, ON",12.1,3.1,23.4,12.9,2,0.0,0,12.9,17.0,22.5,40.7,0,0,0,7,Open-Meteo Historical Weather API,ERA5,2025,5,2,19,SPRING,14.795,3.4,0.0,-2.695,9.5,0.0,2.794,34.77,0.0,290.25,0,0,0,0,0,0,10.6,10.3,-0.124,2.624,15.7,6.8,-6.633,-13.767,0.0,0.0,31.9,32.8,0.0,0.0,1.947,0.0,38.9,0.0,10.346,0.0,1
2025-05-12,CA_ON,"Toronto, ON",15.243,3.5,28.6,13.2,4,0.0,0,13.2,34.0,25.6,52.9,0,0,0,7,Open-Meteo Historical Weather API,ERA5,2025,5,2,20,SPRING,14.548,15.767,0.0,0.695,-2.567,0.0,-0.163,0.0,0.0,337.92,0,0,0,0,0,0,12.1,10.6,-2.695,-0.124,12.9,15.7,9.5,-6.633,0.0,0.0,22.5,31.9,0.0,0.0,34.77,1.947,48.6,0.0,12.061,0.0,1
2025-05-19,CA_ON,"Toronto, ON",10.171,3.5,16.0,40.4,5,0.0,0,40.4,76.0,28.8,59.4,0,0,0,7,Open-Meteo Historical Weather API,ERA5,2025,5,2,21,SPRING,16.253,7.633,0.0,-6.082,32.767,0.0,4.293,245.699,0.0,1163.52,0,0,0,0,0,0,15.243,12.1,0.695,-2.695,13.2,12.9,-2.567,9.5,0.0,0.0,25.6,22.5,0.0,0.0,0.0,34.77,82.2,0.0,12.028,0.0,1
2025-05-26,CA_ON,"Toronto, ON",14.043,6.6,23.6,7.5,2,0.0,0,7.5,27.0,32.0,60.1,0,0,0,7,Open-Meteo Historical Weather API,ERA5,2025,5,2,22,SPRING,18.576,14.233,0.0,-4.533,-6.733,0.0,-0.473,34.0,0.0,240.0,0,0,0,0,0,0,10.171,15.243,-6.082,0.695,40.4,13.2,32.767,-2.567,0.0,0.0,28.8,25.6,0.0,0.0,245.699,0.0,74.0,0.0,12.889,0.0,1
2025-06-02,CA_ON,"Toronto, ON",18.643,5.4,29.4,14.1,1,0.0,0,14.1,20.0,25.4,49.0,0,0,0,7,Open-Meteo Historical Weather API,ERA5,2025,6,2,23,SUMMER,17.619,36.8,0.0,1.024,-22.7,0.0,-0.617,0.0,0.0,358.14,0,0,0,0,0,0,14.043,10.171,-4.533,-6.082,7.5,40.4,-6.733,32.767,0.0,0.0,32.0,28.8,0.0,0.0,34.0,245.699,75.2,0.0,14.525,0.0,1
2025-06-09,CA_ON,"Toronto, ON",17.643,12.7,27.1,1.8,1,0.0,0,1.8,8.0,23.6,46.8,0,0,0,7,Open-Meteo Historical Weather API,ERA5,2025,6,2,24,SUMMER,17.852,20.133,0.0,-0.209,-18.333,0.0,-0.911,0.377,0.0,42.48,0,0,0,0,0,0,18.643,14.043,1.024,-4.533,14.1,7.5,-22.7,-6.733,0.0,0.0,25.4,32.0,0.0,0.0,0.0,34.0,63.8,0.0,15.125,0.0,1
2025-06-16,CA_ON,"Toronto, ON",21.429,11.9,34.0,26.0,3,0.0,0,26.0,30.0,37.3,64.8,0,0,0,7,Open-Meteo Historical Weather API,ERA5,2025,6,2,25,SUMMER,22.167,17.6,0.0,-0.738,8.4,0.0,0.477,19.179,0.0,969.8,0,0,0,0,0,0,17.643,18.643,-0.209,1.024,1.8,14.1,-18.333,-22.7,0.0,0.0,23.6,25.4,0.0,0.0,0.377,0.0,49.4,0.0,17.94,0.0,1
2025-06-23,CA_ON,"Toronto, ON",23.514,13.3,35.4,6.0,1,0.0,0,6.0,18.0,21.7,44.3,0,0,0,7,Open-Meteo Historical Weather API,ERA5,2025,6,2,26,SUMMER,20.072,24.3,0.0,3.442,-18.3,0.0,-0.753,0.0,0.0,130.2,0,0,0,0,0,0,21.429,17.643,-0.738,-0.209,26.0,1.8,8.4,-18.333,0.0,0.0,37.3,23.6,0.0,0.0,19.179,0.377,47.9,0.0,20.307,0.0,1
2025-06-30,CA_ON,"Toronto, ON",23.286,11.9,33.1,11.3,3,0.0,0,11.3,17.0,25.3,50.4,0,0,0,7,Open-Meteo Historical Weather API,ERA5,2025,6,2,27,SUMMER,21.236,10.55,0.0,2.05,0.75,0.0,0.071,0.0,0.0,285.89,0,0,0,0,0,0,23.514,21.429,3.442,-0.738,6.0,26.0,-18.3,8.4,0.0,0.0,21.7,37.3,0.0,0.0,0.0,19.179,45.1,0.0,21.468,0.0,1
2025-07-07,CA_ON,"Toronto, ON",24.329,16.4,33.0,7.9,2,0.0,0,7.9,18.0,21.4,51.8,0,0,0,7,Open-Meteo Historical Weather API,ERA5,2025,7,3,28,SUMMER,22.039,29.125,0.0,2.29,-21.225,0.0,-0.729,0.0,0.0,169.06,0,0,0,0,0,0,23.286,23.514,2.05,3.442,11.3,6.0,0.75,-18.3,0.0,0.0,25.3,21.7,0.0,0.0,0.0,0.0,51.2,0.0,23.14,0.0,1
2025-07-14,CA_ON,"Toronto, ON",23.014,11.2,32.1,13.0,2,0.0,0,13.0,20.0,30.5,59.8,0,0,0,7,Open-Meteo Historical Weather API,ERA5,2025,7,3,29,SUMMER,22.407,36.1,0.0,0.607,-23.1,0.0,-0.64,0.0,0.0,396.5,0,0,0,0,0,0,24.329,23.286,2.29,2.05,7.9,11.3,-21.225,0.75,0.0,0.0,21.4,25.3,0.0,0.0,0.0,0.0,38.2,0.0,23.536,0.0,1
2025-07-21,CA_ON,"Toronto, ON",23.0,13.1,34.1,13.6,3,0.0,0,13.6,18.0,24.0,49.0,0,0,0,7,Open-Meteo Historical Weather API,ERA5,2025,7,3,30,SUMMER,21.21,22.875,0.0,1.79,-9.275,0.0,-0.405,0.0,0.0,326.4,0,0,0,0,0,0,23.014,24.329,0.607,2.29,13.0,7.9,-23.1,-21.225,0.0,0.0,30.5,21.4,0.0,0.0,0.0,0.0,45.8,0.0,23.407,0.0,1
2025-07-28,CA_ON,"Toronto, ON",22.4,12.1,32.6,6.7,2,0.0,0,6.7,14.0,22.6,33.1,0,0,0,7,Open-Meteo Historical Weather API,ERA5,2025,7,3,31,SUMMER,22.532,9.525,0.0,-0.133,-2.825,0.0,-0.297,0.888,0.0,151.42,0,0,0,0,0,0,23.0,23.014,1.79,0.607,13.6,13.0,-9.275,-23.1,0.0,0.0,24.0,30.5,0.0,0.0,0.0,0.0,41.2,0.0,23.186,0.0,1
2025-08-04,CA_ON,"Toronto, ON",23.686,14.6,33.2,0.5,0,0.0,0,0.5,1.0,17.3,38.2,0,0,0,7,Open-Meteo Historical Weather API,ERA5,2025,8,3,32,SUMMER,21.586,20.3,0.0,2.1,-19.8,0.0,-0.975,0.0,0.0,8.65,0,0,0,0,0,0,22.4,23.0,-0.133,1.79,6.7,13.6,-2.825,-9.275,0.0,0.0,22.6,24.0,0.0,0.0,0.888,0.0,33.8,0.0,23.025,0.0,1
2025-08-11,CA_ON,"Toronto, ON",24.2,16.2,32.7,18.4,3,0.0,0,18.4,25.0,22.2,46.1,0,0,0,7,Open-Meteo Historical Weather API,ERA5,2025,8,3,33,SUMMER,21.736,16.675,0.0,2.464,1.725,0.0,0.103,0.0,0.0,408.48,0,0,0,0,0,0,23.686,22.4,2.1,-0.133,0.5,6.7,-19.8,-2.825,0.0,0.0,17.3,22.6,0.0,0.0,0.0,0.888,39.2,0.0,23.322,0.0,1
2025-08-18,CA_ON,"Toronto, ON",19.771,13.0,26.4,29.2,3,0.0,0,29.2,23.0,21.7,41.0,0,0,0,7,Open-Meteo Historical Weather API,ERA5,2025,8,3,34,SUMMER,20.864,6.45,0.0,-1.093,22.75,0.0,3.527,31.923,0.0,633.64,0,0,0,0,0,0,24.2,23.686,2.464,2.1,18.4,0.5,1.725,-19.8,0.0,0.0,22.2,17.3,0.0,0.0,0.0,0.0,54.8,0.0,22.514,0.0,1
2025-08-25,CA_ON,"Toronto, ON",15.857,8.2,23.3,13.1,2,0.0,0,13.1,15.0,23.6,46.8,0,0,0,7,Open-Meteo Historical Weather API,ERA5,2025,8,3,35,SUMMER,20.257,7.275,0.0,-4.4,5.825,0.0,0.801,57.643,0.0,309.16,0,0,0,0,0,0,19.771,24.2,-1.093,2.464,29.2,18.4,22.75,1.725,0.0,0.0,21.7,22.2,0.0,0.0,31.923,0.0,61.2,0.0,20.879,0.0,1
2025-09-01,CA_ON,"Toronto, ON",16.943,9.7,26.1,14.6,2,0.0,0,14.6,14.0,36.7,58.3,0,0,0,7,Open-Meteo Historical Weather API,ERA5,2025,9,3,36,FALL,19.289,6.4,0.0,-2.346,8.2,0.0,1.281,34.255,0.0,535.82,0,0,0,0,0,0,15.857,19.771,-4.4,-1.093,13.1,29.2,5.825,22.75,0.0,0.0,23.6,21.7,0.0,0.0,57.643,31.923,75.3,0.0,19.193,0.0,1
2025-09-08,CA_ON,"Toronto, ON",16.886,7.1,24.6,1.2,0,0.0,0,1.2,7.0,13.7,32.4,0,0,0,7,Open-Meteo Historical Weather API,ERA5,2025,9,3,37,FALL,17.854,7.05,0.0,-0.968,-5.85,0.0,-0.83,1.161,0.0,16.44,0,0,0,0,0,0,16.943,15.857,-2.346,-4.4,14.6,13.1,8.2,5.825,0.0,0.0,36.7,23.6,0.0,0.0,34.255,57.643,58.1,0.0,17.364,0.0,1
2025-09-15,CA_ON,"Toronto, ON",17.071,10.0,27.7,1.1,1,0.0,0,1.1,4.0,18.6,39.2,0,0,0,7,Open-Meteo Historical Weather API,ERA5,2025,9,3,38,FALL,16.993,21.925,0.0,0.078,-20.825,0.0,-0.95,0.0,0.0,20.46,0,0,0,0,0,0,16.886,16.943,-0.968,-2.346,1.2,14.6,-5.85,8.2,0.0,0.0,13.7,36.7,0.0,0.0,1.161,34.255,30.0,0.0,16.689,0.0,1
2025-09-22,CA_ON,"Toronto, ON",19.486,12.7,24.7,21.4,4,0.0,0,21.4,50.0,16.2,35.3,0,0,0,7,Open-Meteo Historical Weather API,ERA5,2025,9,3,39,FALL,15.975,19.45,0.0,3.511,1.95,0.0,0.1,0.0,0.0,346.68,0,0,0,0,0,0,17.071,16.886,0.078,-0.968,1.1,1.2,-20.825,-5.85,0.0,0.0,18.6,13.7,0.0,0.0,0.0,1.161,38.3,0.0,17.596,0.0,1
2025-09-29,CA_ON,"Toronto, ON",16.2,7.1,28.1,0.0,0,0.0,0,0.0,0.0,16.5,33.8,0,0,0,7,Open-Meteo Historical Weather API,ERA5,2025,9,3,40,FALL,15.4,17.15,0.0,0.8,-17.15,0.0,-1.0,0.0,0.0,0.0,0,0,0,0,0,0,19.486,17.071,3.511,0.078,21.4,1.1,1.95,-20.825,0.0,0.0,16.2,18.6,0.0,0.0,0.0,0.0,23.7,0.0,17.411,0.0,1
2025-10-06,CA_ON,"Toronto, ON",13.671,3.0,27.8,10.9,2,0.0,0,10.9,29.0,23.5,47.5,0,0,0,7,Open-Meteo Historical Weather API,ERA5,2025,10,4,41,FALL,12.364,11.15,0.0,1.307,-0.25,0.0,-0.022,0.0,0.0,256.15,0,0,0,0,0,0,16.2,19.486,0.8,3.511,0.0,21.4,-17.15,1.95,0.0,0.0,16.5,16.2,0.0,0.0,0.0,0.0,33.4,0.0,16.607,0.0,1
2025-10-13,CA_ON,"Toronto, ON",13.043,2.9,22.1,17.1,2,0.0,0,17.1,24.0,28.4,64.8,0,0,0,7,Open-Meteo Historical Weather API,ERA5,2025,10,4,42,FALL,9.782,5.3,0.0,3.261,11.8,0.0,2.226,0.0,0.0,485.64,0,0,0,0,0,0,13.671,16.2,1.307,0.8,10.9,0.0,-0.25,-17.15,0.0,0.0,23.5,16.5,0.0,0.0,0.0,0.0,49.4,0.0,15.6,0.0,1
2025-10-20,CA_ON,"Toronto, ON",8.186,-0.7,16.2,12.1,4,0.0,0,12.1,29.0,26.4,50.8,0,1,0,7,Open-Meteo Historical Weather API,ERA5,2025,10,4,43,FALL,10.775,14.975,0.0,-2.589,-2.875,0.0,-0.192,31.324,0.0,319.44,0,0,0,0,0,0,13.043,13.671,3.261,1.307,17.1,10.9,11.8,-0.25,0.0,0.0,28.4,23.5,0.0,0.0,0.0,0.0,40.1,0.0,12.775,0.0,1
2025-10-27,CA_ON,"Toronto, ON",6.543,-1.6,12.0,20.6,2,0.0,0,20.6,35.0,34.5,64.4,0,1,0,7,Open-Meteo Historical Weather API,ERA5,2025,10,4,44,FALL,8.421,5.825,0.0,-1.878,14.775,0.0,2.536,38.692,0.0,710.7,0,0,0,0,0,0,8.186,13.043,-2.589,3.261,12.1,17.1,-2.875,11.8,0.0,0.0,26.4,28.4,0.0,0.0,31.324,0.0,60.7,0.0,10.361,0.0,1
2025-11-03,CA_ON,"Toronto, ON",5.843,-2.4,13.9,9.8,3,4.97,1,16.9,48.0,30.0,59.8,0,3,0,7,Open-Meteo Historical Weather API,ERA5,2025,11,4,45,FALL,8.182,15.65,0.192,-2.339,-5.85,4.778,-0.374,22.922,11.625,294.0,0,0,0,0,0,0,6.543,8.186,-1.878,-2.589,20.6,12.1,14.775,-2.875,0.0,0.0,34.5,26.4,0.0,0.0,38.692,31.324,59.6,4.97,8.404,0.0,1
2025-11-10,CA_ON,"Toronto, ON",2.586,-4.4,11.6,7.4,1,2.03,1,10.3,39.0,34.4,68.4,0,6,0,7,Open-Meteo Historical Weather API,ERA5,2025,11,4,46,FALL,3.957,6.3,1.085,-1.371,1.1,0.945,0.175,10.147,2.784,254.56,0,0,0,0,0,0,5.843,6.543,-2.339,-1.878,9.8,20.6,-5.85,14.775,4.97,0.0,30.0,34.5,0.0,0.0,22.922,38.692,49.9,7.0,5.79,0.0,1
2025-11-17,CA_ON,"Toronto, ON",2.9,-3.7,10.1,1.4,1,0.07,0,1.5,9.0,26.2,50.8,0,5,0,7,Open-Meteo Historical Weather API,ERA5,2025,11,4,47,FALL,3.139,15.425,1.155,-0.239,-14.025,-1.085,-0.909,0.335,0.017,36.68,0,0,0,0,0,0,2.586,5.843,-1.371,-2.339,7.4,9.8,1.1,-5.85,2.03,4.97,34.4,30.0,0.0,0.0,10.147,22.922,39.2,7.07,4.468,0.0,1
2025-11-24,CA_ON,"Toronto, ON",2.686,-5.0,10.1,7.8,2,5.32,1,15.4,38.0,37.1,68.4,0,5,1,7,Open-Meteo Historical Weather API,ERA5,2025,11,4,48,FALL,1.661,10.975,2.258,1.025,-3.175,3.062,-0.289,0.0,0.0,289.38,0,0,0,0,0,0,2.9,2.586,-0.239,-1.371,1.4,7.4,-14.025,1.1,0.07,2.03,26.2,34.4,0.0,0.0,0.335,10.147,26.4,12.39,3.504,1.0,1
2025-12-01,CA_ON,"Toronto, ON",-3.043,-13.5,1.8,0.0,0,3.57,2,5.1,35.0,28.0,54.4,0,7,0,7,Open-Meteo Historical Weather API,ERA5,2025,12,4,49,WINTER,1.596,11.325,3.43,-4.639,-11.325,0.14,-1.0,0.0,16.562,0.0,0,0,1,0,0,0,2.686,2.9,1.025,-0.239,7.8,1.4,-3.175,-14.025,5.32,0.07,37.1,26.2,1.0,0.0,0.0,0.335,16.6,10.99,1.282,1.0,1
2025-12-08,CA_ON,"Toronto, ON",-5.714,-14.3,1.4,1.5,1,8.26,2,13.3,28.0,30.6,54.7,0,7,1,7,Open-Meteo Historical Weather API,ERA5,2025,12,4,50,WINTER,1.182,9.1,4.778,-6.896,-7.6,3.482,-0.835,10.344,56.961,45.9,0,0,1,0,0,0,-3.043,2.686,-4.639,1.025,0.0,7.8,-11.325,-3.175,3.57,5.32,28.0,37.1,0.0,1.0,0.0,0.0,10.7,17.22,-0.793,2.0,1
2025-12-15,CA_ON,"Toronto, ON",-0.729,-11.6,8.6,10.9,1,1.33,0,12.8,24.0,33.5,80.6,0,7,1,7,Open-Meteo Historical Weather API,ERA5,2025,12,4,51,WINTER,-1.018,10.85,3.412,0.289,0.05,-2.082,0.005,0.0,0.0,365.15,0,0,1,0,0,0,-5.714,-3.043,-6.896,-4.639,1.5,0.0,-7.6,-11.325,8.26,3.57,30.6,28.0,1.0,0.0,10.344,0.0,20.2,18.48,-1.7,3.0,1
2025-12-22,CA_ON,"Toronto, ON",-2.086,-9.9,4.0,19.9,1,13.93,2,39.8,39.0,33.3,63.7,0,7,1,7,Open-Meteo Historical Weather API,ERA5,2025,12,4,52,WINTER,2.014,18.4,4.078,-4.1,1.5,9.852,0.082,81.59,57.113,662.67,0,0,1,0,0,0,-0.729,-5.714,0.289,-6.896,10.9,1.5,0.05,-7.6,1.33,8.26,33.5,30.6,1.0,1.0,0.0,10.344,32.3,27.09,-2.893,3.0,1
2025-12-29,CA_ON,"Toronto, ON",-5.429,-14.5,8.6,3.8,1,3.85,2,9.3,43.0,39.3,81.0,0,7,1,7,Open-Meteo Historical Weather API,ERA5,2025,12,4,1,WINTER,-0.904,9.55,1.418,-4.526,-5.75,2.432,-0.602,17.197,17.423,149.34,0,0,1,0,0,0,-2.086,-0.729,-4.1,0.289,19.9,10.9,1.5,0.05,13.93,1.33,33.3,33.5,1.0,1.0,81.59,0.0,36.1,27.37,-3.49,4.0,1
2026-01-05,CA_ON,"Toronto, ON",1.171,-8.4,12.1,20.1,4,6.09,4,28.8,47.0,38.8,83.5,0,6,3,7,Open-Meteo Historical Weather API,ERA5,2026,1,1,2,WINTER,-4.207,8.625,5.88,5.378,11.475,0.21,1.33,0.0,0.0,779.88,0,0,0,0,1,0,-5.429,-2.086,-4.526,-4.1,3.8,19.9,-5.75,1.5,3.85,13.93,39.3,33.3,1.0,1.0,17.197,81.59,54.7,25.2,-1.768,6.0,1
2026-01-12,CA_ON,"Toronto, ON",-3.671,-16.4,5.1,0.9,0,16.1,3,23.9,43.0,31.3,60.8,0,7,0,7,Open-Meteo Historical Weather API,ERA5,2026,1,1,3,WINTER,-5.246,2.05,8.26,1.576,-1.15,7.84,-0.561,0.0,0.0,28.17,0,1,1,0,0,0,1.171,-5.429,5.378,-4.526,20.1,3.8,11.475,-5.75,6.09,3.85,38.8,39.3,3.0,1.0,0.0,17.197,44.7,39.97,-2.504,5.0,1
2026-01-19,CA_ON,"Toronto, ON",-10.371,-26.4,-0.4,0.0,0,10.99,2,15.7,39.0,33.8,60.8,0,7,0,7,Open-Meteo Historical Weather API,ERA5,2026,1,1,4,WINTER,-5.118,8.775,7.56,-5.253,-8.775,3.43,-1.0,0.0,57.73,0.0,0,0,1,1,0,0,-3.671,1.171,1.576,5.378,0.9,20.1,-1.15,11.475,16.1,6.09,31.3,38.8,0.0,3.0,0.0,0.0,24.8,37.03,-4.575,4.0,1
2026-01-26,CA_ON,"Toronto, ON",-13.671,-23.7,-6.3,0.0,0,1.05,0,1.5,11.0,25.8,43.6,0,7,0,7,Open-Meteo Historical Weather API,ERA5,2026,1,1,5,WINTER,-4.55,1.275,4.445,-9.121,-1.275,-3.395,-1.0,0.0,9.577,0.0,0,0,1,1,0,0,-10.371,-3.671,-5.253,1.576,0.0,0.9,-8.775,-1.15,10.99,16.1,33.8,31.3,0.0,0.0,0.0,0.0,21.0,34.23,-6.636,3.0,1
2026-02-02,CA_ON,"Toronto, ON",-11.414,-22.5,-2.7,0.0,0,2.38,1,3.4,20.0,36.7,64.4,0,7,0,7,Open-Meteo Historical Weather API,ERA5,2026,2,1,6,WINTER,-0.825,6.275,2.782,-10.589,-6.275,-0.402,-1.0,0.0,25.202,0.0,0,0,1,1,0,0,-13.671,-10.371,-9.121,-5.253,0.0,0.0,-1.275,-8.775,1.05,10.99,25.8,33.8,0.0,0.0,0.0,0.0,0.9,30.52,-9.782,0.0,1
2026-02-09,CA_ON,"Toronto, ON",-5.286,-26.4,2.2,0.1,0,2.38,1,3.5,14.0,26.4,47.9,0,7,0,7,Open-Meteo Historical Weather API,ERA5,2026,2,1,7,WINTER,-2.846,6.875,13.702,-2.44,-6.775,-11.323,-0.985,0.244,5.806,2.64,0,0,1,0,0,0,-11.414,-13.671,-10.589,-9.121,0.0,0.0,-6.275,-1.275,2.38,1.05,36.7,25.8,0.0,0.0,0.0,0.0,0.1,16.8,-10.186,0.0,1
2026-02-16,CA_ON,"Toronto, ON",0.329,-6.7,5.1,11.8,3,13.23,3,30.6,69.0,29.0,56.9,0,7,3,7,Open-Meteo Historical Weather API,ERA5,2026,2,1,8,WINTER,-3.786,3.75,6.23,4.115,8.05,7.0,2.147,0.0,0.0,342.2,0,0,0,0,1,0,-5.286,-11.414,-2.44,-10.589,0.1,0.0,-6.775,-6.275,2.38,2.38,26.4,36.7,0.0,0.0,0.244,0.0,11.9,19.04,-7.51,3.0,1
2026-02-23,CA_ON,"Toronto, ON",-4.543,-16.4,6.2,0.4,0,3.22,1,5.0,18.0,28.8,53.3,0,7,0,7,Open-Meteo Historical Weather API,ERA5,2026,2,1,9,WINTER,0.007,4.0,8.382,-4.55,-3.6,-5.162,-0.9,1.82,14.652,11.52,0,0,1,0,0,0,0.329,-5.286,4.115,-2.44,11.8,0.1,8.05,-6.775,13.23,2.38,29.0,26.4,3.0,0.0,0.0,0.244,12.3,21.21,-5.228,3.0,1
2026-03-02,CA_ON,"Toronto, ON",0.214,-20.9,15.7,13.4,2,0.0,0,13.4,21.0,29.5,52.9,0,5,1,7,Open-Meteo Historical Weather API,ERA5,2026,3,1,10,SPRING,0.932,10.275,3.745,-0.718,3.125,-3.745,0.304,9.621,0.0,395.3,0,0,0,0,0,0,-4.543,0.329,-4.55,4.115,0.4,11.8,-3.6,8.05,3.22,13.23,28.8,29.0,0.0,3.0,1.82,0.0,25.7,18.83,-2.322,4.0,1
2026-03-09,CA_ON,"Toronto, ON",3.557,-6.0,18.3,15.6,1,6.37,2,24.7,39.0,36.2,68.4,0,5,1,7,Open-Meteo Historical Weather API,ERA5,2026,3,1,11,SPRING,3.929,15.15,1.942,-0.372,0.45,4.428,0.03,5.799,2.368,564.72,0,0,0,0,0,0,0.214,-4.543,-0.718,-4.55,13.4,0.4,3.125,-3.6,0.0,3.22,29.5,28.8,1.0,0.0,9.621,1.82,41.2,22.82,-0.111,5.0,1
2026-03-16,CA_ON,"Toronto, ON",0.614,-10.1,11.6,22.4,3,3.22,1,27.0,48.0,38.7,65.2,0,6,2,7,Open-Meteo Historical Weather API,ERA5,2026,3,1,12,SPRING,2.286,9.85,2.625,-1.672,12.55,0.595,1.274,37.442,5.382,866.88,0,0,0,0,1,0,3.557,0.214,-0.372,-0.718,15.6,13.4,0.45,3.125,6.37,0.0,36.2,29.5,1.0,1.0,5.799,9.621,51.8,12.81,-0.04,4.0,1
2026-03-23,CA_ON,"Toronto, ON",1.029,-7.1,10.7,8.0,1,0.42,0,8.6,15.0,31.1,58.7,0,6,0,7,Open-Meteo Historical Weather API,ERA5,2026,3,1,13,SPRING,2.35,15.5,2.292,-1.321,-7.5,-1.872,-0.484,10.566,0.555,248.8,0,0,0,0,0,0,0.614,3.557,-1.672,-0.372,22.4,15.6,12.55,0.45,3.22,6.37,38.7,36.2,2.0,1.0,37.442,5.799,59.4,10.01,1.354,4.0,1
2026-03-30,CA_ON,"Toronto, ON",7.7,0.4,21.7,34.6,5,0.0,0,34.6,46.0,32.1,64.1,0,3,2,7,Open-Meteo Historical Weather API,ERA5,2026,3,1,14,SPRING,5.603,20.625,2.538,2.097,13.975,-2.538,0.678,0.0,0.0,1110.66,0,0,0,0,1,0,1.029,0.614,-1.321,-1.672,8.0,22.4,-7.5,12.55,0.42,3.22,31.1,38.7,0.0,2.0,10.566,37.442,80.6,10.01,3.225,5.0,1
2026-04-06,CA_ON,"Toronto, ON",3.314,-7.7,17.9,11.9,4,0.0,0,11.9,25.0,32.0,60.8,0,6,3,7,Open-Meteo Historical Weather API,ERA5,2026,4,2,15,SPRING,9.078,15.75,0.612,-5.764,-3.85,-0.612,-0.244,68.598,0.0,380.8,0,0,0,0,1,0,7.7,1.029,2.097,-1.321,34.6,8.0,13.975,-7.5,0.0,0.42,32.1,31.1,2.0,0.0,0.0,10.566,76.9,3.64,3.164,7.0,1
2026-04-13,CA_ON,"Toronto, ON",12.443,0.4,21.7,29.7,6,0.07,0,29.8,51.0,30.1,61.6,0,1,1,7,Open-Meteo Historical Weather API,ERA5,2026,4,2,16,SPRING,7.582,15.225,1.488,4.86,14.475,-1.418,0.951,0.0,0.0,893.97,0,0,0,0,0,0,3.314,7.7,-5.764,2.097,11.9,34.6,-3.85,13.975,0.0,0.0,32.0,32.1,3.0,2.0,68.598,0.0,84.2,0.49,6.122,6.0,1
2026-04-20,CA_ON,"Toronto, ON",7.114,-3.7,17.3,10.8,2,0.0,0,10.8,19.0,22.0,46.1,0,2,0,7,Open-Meteo Historical Weather API,ERA5,2026,4,2,17,SPRING,8.332,17.125,0.0,-1.218,-6.325,0.0,-0.369,13.157,0.0,237.6,0,0,0,0,0,0,12.443,3.314,4.86,-5.764,29.7,11.9,14.475,-3.85,0.07,0.0,30.1,32.0,1.0,3.0,0.0,68.598,87.0,0.07,7.643,6.0,1
2026-04-27,CA_ON,"Toronto, ON",8.1,-1.7,16.6,23.1,4,0.0,0,23.1,40.0,24.2,47.2,0,1,1,7,Open-Meteo Historical Weather API,ERA5,2026,4,2,18,SPRING,10.693,20.675,0.0,-2.593,2.425,0.0,0.117,59.898,0.0,559.02,0,0,0,0,0,0,7.114,12.443,-1.218,4.86,10.8,29.7,-6.325,14.475,0.0,0.07,22.0,30.1,0.0,1.0,13.157,0.0,75.5,0.07,7.743,5.0,1
2026-05-04,CA_ON,"Toronto, ON",9.957,1.0,21.3,7.3,4,0.0,0,7.3,39.0,26.9,56.9,0,0,0,7,Open-Meteo Historical Weather API,ERA5,2026,5,2,19,SPRING,14.122,5.775,0.0,-4.164,1.525,0.0,0.264,30.401,0.0,196.37,0,0,0,0,0,0,8.1,7.114,-2.593,-1.218,23.1,10.8,2.425,-6.325,0.0,0.0,24.2,22.0,1.0,0.0,59.898,13.157,70.9,0.07,9.404,2.0,1
2026-05-11,CA_ON,"Toronto, ON",11.543,0.6,25.6,21.0,3,0.0,0,21.0,21.0,26.9,54.7,0,0,0,7,Open-Meteo Historical Weather API,ERA5,2026,5,2,20,SPRING,14.722,15.125,0.0,-3.179,5.875,0.0,0.388,66.749,0.0,564.9,0,0,0,0,0,0,9.957,8.1,-4.164,-2.593,7.3,23.1,1.525,2.425,0.0,0.0,26.9,24.2,0.0,1.0,30.401,59.898,62.2,0.0,9.178,1.0,1
2026-05-18,CA_ON,"Toronto, ON",14.429,4.7,30.2,43.2,4,0.0,0,43.2,41.0,34.2,60.1,0,0,0,7,Open-Meteo Historical Weather API,ERA5,2026,5,2,21,SPRING,14.732,15.825,0.0,-0.303,27.375,0.0,1.73,13.1,0.0,1477.44,0,0,0,0,0,0,11.543,9.957,-3.179,-4.164,21.0,7.3,5.875,1.525,0.0,0.0,26.9,26.9,0.0,0.0,66.749,30.401,94.6,0.0,11.007,1.0,1
2026-05-25,CA_ON,"Toronto, ON",17.457,8.8,27.6,0.2,0,0.0,0,0.2,2.0,28.0,54.4,0,0,0,7,Open-Meteo Historical Weather API,ERA5,2026,5,2,22,SPRING,17.443,12.55,0.0,0.014,-12.35,0.0,-0.984,0.0,0.0,5.6,0,0,0,0,0,0,14.429,11.543,-0.303,-3.179,43.2,21.0,27.375,5.875,0.0,0.0,34.2,26.9,0.0,0.0,13.1,66.749,71.7,0.0,13.346,0.0,1
2026-06-01,CA_ON,"Toronto, ON",19.357,8.2,29.3,22.6,2,0.0,0,22.6,16.0,33.2,54.7,0,0,0,7,Open-Meteo Historical Weather API,ERA5,2026,6,2,23,SUMMER,17.875,31.125,0.0,1.482,-8.525,0.0,-0.274,0.0,0.0,750.32,0,0,0,0,0,0,17.457,14.429,0.014,-0.303,0.2,43.2,-12.35,27.375,0.0,0.0,28.0,34.2,0.0,0.0,0.0,13.1,87.0,0.0,15.696,0.0,1
2026-06-08,CA_ON,"Toronto, ON",20.829,11.9,29.5,41.2,3,0.0,0,41.2,32.0,23.4,46.1,0,0,0,7,Open-Meteo Historical Weather API,ERA5,2026,6,2,24,SUMMER,17.8,15.55,0.0,3.029,25.65,0.0,1.65,0.0,0.0,964.08,0,0,0,0,0,0,19.357,17.457,1.482,0.014,22.6,0.2,-8.525,-12.35,0.0,0.0,33.2,28.0,0.0,0.0,0.0,0.0,107.2,0.0,18.018,0.0,1
2026-06-15,CA_ON,"Toronto, ON",17.443,9.6,23.3,27.1,3,0.0,0,27.1,28.0,35.1,65.9,0,0,0,7,Open-Meteo Historical Weather API,ERA5,2026,6,2,25,SUMMER,21.982,19.7,0.0,-4.539,7.4,0.0,0.376,123.014,0.0,951.21,0,0,0,0,0,0,20.829,19.357,3.029,1.482,41.2,22.6,25.65,-8.525,0.0,0.0,23.4,33.2,0.0,0.0,0.0,0.0,91.1,0.0,18.772,0.0,1
2026-06-22,CA_ON,"Toronto, ON",18.243,11.7,25.5,14.0,3,0.0,0,14.0,27.0,17.3,34.6,0,0,0,7,Open-Meteo Historical Weather API,ERA5,2026,6,2,26,SUMMER,20.932,19.725,0.0,-2.689,-5.725,0.0,-0.29,37.65,0.0,242.2,0,0,0,0,0,0,17.443,20.829,-4.539,3.029,27.1,41.2,7.4,25.65,0.0,0.0,35.1,23.4,0.0,0.0,123.014,0.0,104.9,0.0,18.968,0.0,1
2021-07-05,CA_PNW,"Vancouver, BC",19.5,14.0,26.3,0.1,0,0.0,0,0.1,1.0,14.3,36.7,0,0,0,7,Open-Meteo Historical Weather API,ERA5,2021,7,3,27,SUMMER,,,,,,,,,,1.43,0,0,0,0,0,0,,,,,,,,,,,,,,,,,0.1,0.0,19.5,0.0,0
2021-07-12,CA_PNW,"Vancouver, BC",18.643,13.0,25.8,0.4,0,0.0,0,0.4,3.0,13.8,33.8,0,0,0,7,Open-Meteo Historical Weather API,ERA5,2021,7,3,28,SUMMER,,,,,,,,,,5.52,0,0,0,0,0,0,19.5,,,,0.1,,,,0.0,,14.3,,0.0,,,,0.5,0.0,19.072,0.0,0
2021-07-19,CA_PNW,"Vancouver, BC",19.314,12.8,26.1,0.2,0,0.0,0,0.2,1.0,13.5,31.7,0,0,0,7,Open-Meteo Historical Weather API,ERA5,2021,7,3,29,SUMMER,,,,,,,,,,2.7,0,0,0,0,0,0,18.643,19.5,,,0.4,0.1,,,0.0,0.0,13.8,14.3,0.0,0.0,,,0.7,0.0,19.152,0.0,0
2021-07-26,CA_PNW,"Vancouver, BC",22.386,15.0,32.0,0.0,0,0.0,0,0.0,0.0,11.7,28.1,0,0,0,7,Open-Meteo Historical Weather API,ERA5,2021,7,3,30,SUMMER,,,,,,,,,,0.0,0,0,0,0,0,0,19.314,18.643,,,0.2,0.4,,,0.0,0.0,13.5,13.8,0.0,0.0,,,0.7,0.0,19.961,0.0,0
2021-08-02,CA_PNW,"Vancouver, BC",20.557,15.2,28.9,23.5,2,0.0,0,23.5,39.0,12.6,32.8,0,0,0,7,Open-Meteo Historical Weather API,ERA5,2021,8,3,31,SUMMER,,,,,,,,,,296.1,0,0,0,0,0,0,22.386,19.314,,,0.0,0.2,,,0.0,0.0,11.7,13.5,0.0,0.0,,,24.1,0.0,20.225,0.0,0
2021-08-09,CA_PNW,"Vancouver, BC",22.657,15.7,34.4,0.0,0,0.0,0,0.0,0.0,11.2,29.5,0,0,0,7,Open-Meteo Historical Weather API,ERA5,2021,8,3,32,SUMMER,,,,,,,,,,0.0,0,0,0,0,0,0,20.557,22.386,,,23.5,0.0,,,0.0,0.0,12.6,11.7,0.0,0.0,,,23.7,0.0,21.228,0.0,0
2021-08-16,CA_PNW,"Vancouver, BC",17.371,12.6,21.8,21.3,4,0.0,0,21.3,40.0,12.6,32.4,0,0,0,7,Open-Meteo Historical Weather API,ERA5,2021,8,3,33,SUMMER,,,,,,,,,,268.38,0,0,0,0,0,0,22.657,20.557,,,0.0,23.5,,,0.0,0.0,11.2,12.6,0.0,0.0,,,44.8,0.0,20.743,0.0,0
2021-08-23,CA_PNW,"Vancouver, BC",16.886,11.2,22.9,11.2,3,0.0,0,11.2,29.0,10.8,27.0,0,0,0,7,Open-Meteo Historical Weather API,ERA5,2021,8,3,34,SUMMER,,,,,,,,,,120.96,0,0,0,0,0,0,17.371,22.657,,,21.3,0.0,,,0.0,0.0,12.6,11.2,0.0,0.0,,,56.0,0.0,19.368,0.0,0
2021-08-30,CA_PNW,"Vancouver, BC",16.014,10.6,22.9,11.0,2,0.0,0,11.0,23.0,12.7,35.3,0,0,0,7,Open-Meteo Historical Weather API,ERA5,2021,8,3,35,SUMMER,,,,,,,,,,139.7,0,0,0,0,0,0,16.886,17.371,,,11.2,21.3,,,0.0,0.0,10.8,12.6,0.0,0.0,,,43.5,0.0,18.232,0.0,0
2021-09-06,CA_PNW,"Vancouver, BC",17.643,12.9,24.5,9.6,2,0.0,0,9.6,34.0,10.8,28.4,0,0,0,7,Open-Meteo Historical Weather API,ERA5,2021,9,3,36,FALL,,,,,,,,,,103.68,0,0,0,0,0,0,16.014,16.886,,,11.0,11.2,,,0.0,0.0,12.7,10.8,0.0,0.0,,,53.1,0.0,16.978,0.0,0
2021-09-13,CA_PNW,"Vancouver, BC",13.814,8.4,18.2,135.4,4,0.0,0,135.4,81.0,24.5,57.2,0,0,0,7,Open-Meteo Historical Weather API,ERA5,2021,9,3,37,FALL,,,,,,,,,,3317.3,1,0,0,0,0,0,17.643,16.014,,,9.6,11.0,,,0.0,0.0,10.8,12.7,0.0,0.0,,,167.2,0.0,16.089,0.0,0
2021-09-20,CA_PNW,"Vancouver, BC",15.071,10.5,21.4,32.1,3,0.0,0,32.1,32.0,15.6,49.3,0,0,0,7,Open-Meteo Historical Weather API,ERA5,2021,9,3,38,FALL,,,,,,,,,,500.76,0,0,0,0,0,0,13.814,17.643,,,135.4,9.6,,,0.0,0.0,24.5,10.8,0.0,0.0,,,188.1,0.0,15.636,0.0,0
2021-09-27,CA_PNW,"Vancouver, BC",12.814,9.9,16.0,128.9,5,0.0,0,128.9,98.0,24.6,70.6,0,0,0,7,Open-Meteo Historical Weather API,ERA5,2021,9,3,39,FALL,,,,,,,,,,3170.94,1,0,0,0,0,0,15.071,13.814,,,32.1,135.4,,,0.0,0.0,15.6,24.5,0.0,0.0,,,306.0,0.0,14.836,0.0,0
2021-10-04,CA_PNW,"Vancouver, BC",10.371,6.1,14.8,56.0,4,0.0,0,56.0,63.0,23.1,60.1,0,0,0,7,Open-Meteo Historical Weather API,ERA5,2021,10,4,40,FALL,,,,,,,,,,1293.6,1,0,0,0,0,0,12.814,15.071,,,128.9,32.1,,,0.0,0.0,24.6,15.6,0.0,0.0,,,352.4,0.0,13.018,0.0,0
2021-10-11,CA_PNW,"Vancouver, BC",9.771,4.2,14.6,161.3,7,0.0,0,161.3,126.0,18.9,54.7,0,0,0,7,Open-Meteo Historical Weather API,ERA5,2021,10,4,41,FALL,,,,,,,,,,3048.57,1,0,0,0,0,0,10.371,12.814,,,56.0,128.9,,,0.0,0.0,23.1,24.6,0.0,0.0,,,378.3,0.0,12.007,0.0,0
2021-10-18,CA_PNW,"Vancouver, BC",11.257,5.6,17.6,79.3,5,0.0,0,79.3,84.0,21.9,70.6,0,0,0,7,Open-Meteo Historical Weather API,ERA5,2021,10,4,42,FALL,,,,,,,,,,1736.67,1,0,0,0,0,0,9.771,10.371,,,161.3,56.0,,,0.0,0.0,18.9,23.1,0.0,0.0,,,425.5,0.0,11.053,0.0,0
2021-10-25,CA_PNW,"Vancouver, BC",9.014,3.4,12.9,107.1,4,0.0,0,107.1,86.0,26.2,74.5,0,0,0,7,Open-Meteo Historical Weather API,ERA5,2021,10,4,43,FALL,,,,,,,,,,2806.02,1,0,0,0,0,0,11.257,9.771,,,79.3,161.3,,,0.0,0.0,21.9,18.9,0.0,0.0,,,403.7,0.0,10.103,0.0,0
2021-11-01,CA_PNW,"Vancouver, BC",8.914,4.1,13.7,159.3,7,7.56,2,170.1,135.0,23.9,72.4,0,0,0,7,Open-Meteo Historical Weather API,ERA5,2021,11,4,44,FALL,,,,,,,,,,3807.27,1,0,0,0,0,0,9.014,11.257,,,107.1,79.3,,,0.0,0.0,26.2,21.9,0.0,0.0,,,507.0,7.56,9.739,0.0,0
2021-11-08,CA_PNW,"Vancouver, BC",8.171,2.7,11.7,184.5,7,0.0,0,184.5,107.0,23.8,59.0,0,0,0,7,Open-Meteo Historical Weather API,ERA5,2021,11,4,45,FALL,,,,,,,,,,4391.1,1,0,0,0,0,0,8.914,9.014,,,159.3,107.1,,,7.56,0.0,23.9,26.2,0.0,0.0,,,530.2,7.56,9.339,0.0,0
2021-11-15,CA_PNW,"Vancouver, BC",5.529,0.9,12.5,89.1,2,0.28,0,89.5,41.0,25.2,73.1,0,3,1,7,Open-Meteo Historical Weather API,ERA5,2021,11,4,46,FALL,,,,,,,,,,2245.32,1,0,0,0,0,0,8.171,8.914,,,184.5,159.3,,,0.0,7.56,23.8,23.9,0.0,0.0,,,540.0,7.84,7.907,1.0,0
2021-11-22,CA_PNW,"Vancouver, BC",7.586,2.6,12.0,155.4,7,0.28,0,155.8,112.0,14.5,39.2,0,0,0,7,Open-Meteo Historical Weather API,ERA5,2021,11,4,47,FALL,,,,,,,,,,2253.3,1,0,0,0,0,0,5.529,8.171,,,89.1,184.5,,,0.28,0.0,25.2,23.8,1.0,0.0,,,588.3,8.12,7.55,1.0,0
2021-11-29,CA_PNW,"Vancouver, BC",7.171,1.2,12.4,93.5,4,1.96,1,96.2,70.0,24.9,57.2,0,3,1,7,Open-Meteo Historical Weather API,ERA5,2021,11,4,48,FALL,,,,,,,,,,2328.15,1,0,0,0,0,0,7.586,5.529,,,155.4,89.1,,,0.28,0.28,14.5,25.2,0.0,1.0,,,522.5,2.52,7.114,2.0,0
2021-12-06,CA_PNW,"Vancouver, BC",3.986,1.2,7.8,63.5,6,29.26,4,104.3,102.0,25.1,56.2,0,5,4,7,Open-Meteo Historical Weather API,ERA5,2021,12,4,49,WINTER,,,,,,,,,,1593.85,1,1,0,0,1,0,7.171,7.586,,,93.5,155.4,,,1.96,0.28,24.9,14.5,1.0,0.0,,,401.5,31.78,6.068,6.0,0
2021-12-13,CA_PNW,"Vancouver, BC",3.171,-1.9,6.2,27.0,4,32.76,4,73.6,76.0,16.9,46.8,0,7,4,7,Open-Meteo Historical Weather API,ERA5,2021,12,4,50,WINTER,,,,,,,,,,456.3,0,1,0,0,1,0,3.986,7.171,,,63.5,93.5,,,29.26,1.96,25.1,24.9,4.0,1.0,,,339.4,64.26,5.478,9.0,0
2021-12-20,CA_PNW,"Vancouver, BC",-0.314,-9.3,7.3,45.1,4,13.79,5,63.7,88.0,20.9,49.3,0,6,3,7,Open-Meteo Historical Weather API,ERA5,2021,12,4,51,WINTER,,,,,,,,,,942.59,0,0,1,0,1,0,3.171,3.986,,,27.0,63.5,,,32.76,29.26,16.9,25.1,4.0,4.0,,,229.1,77.77,3.504,12.0,0
2021-12-27,CA_PNW,"Vancouver, BC",-4.3,-14.4,5.4,11.1,1,28.49,3,51.4,47.0,23.8,72.7,0,7,1,7,Open-Meteo Historical Weather API,ERA5,2021,12,4,52,WINTER,,,,,,,,,,264.18,0,1,1,0,0,0,-0.314,3.171,,,45.1,27.0,,,13.79,32.76,20.9,16.9,3.0,4.0,,,146.7,104.3,0.636,12.0,0
2022-01-03,CA_PNW,"Vancouver, BC",1.857,-2.2,7.5,40.2,5,43.47,4,102.2,105.0,21.5,44.6,0,7,5,7,Open-Meteo Historical Weather API,ERA5,2022,1,1,1,WINTER,,,,,,,,,,864.3,0,1,0,0,1,0,-4.3,-0.314,,,11.1,45.1,,,28.49,13.79,23.8,20.9,1.0,3.0,,,123.4,118.51,0.103,13.0,0
2022-01-10,CA_PNW,"Vancouver, BC",6.2,3.7,8.5,100.0,5,0.0,0,100.0,71.0,14.0,41.8,0,1,0,7,Open-Meteo Historical Weather API,ERA5,2022,1,1,2,WINTER,,,,,,,,,,1400.0,1,0,0,0,0,0,1.857,-4.3,,,40.2,11.1,,,43.47,28.49,21.5,23.8,5.0,1.0,,,196.4,85.75,0.861,9.0,0
2022-01-17,CA_PNW,"Vancouver, BC",5.171,1.7,9.7,34.4,3,0.0,0,34.4,50.0,14.5,32.4,0,3,1,7,Open-Meteo Historical Weather API,ERA5,2022,1,1,3,WINTER,,,,,,,,,,498.8,0,0,0,0,0,0,6.2,1.857,,,100.0,40.2,,,0.0,43.47,14.0,21.5,0.0,5.0,,,185.7,71.96,2.232,7.0,0
2022-01-24,CA_PNW,"Vancouver, BC",3.886,0.6,7.7,32.8,2,0.0,0,32.8,31.0,16.4,41.0,0,6,1,7,Open-Meteo Historical Weather API,ERA5,2022,1,1,4,WINTER,,,,,,,,,,537.92,0,0,0,0,0,0,5.171,6.2,,,34.4,100.0,,,0.0,0.0,14.5,14.0,1.0,0.0,,,207.4,43.47,4.278,7.0,0
2022-01-31,CA_PNW,"Vancouver, BC",4.257,-0.7,10.2,27.3,3,3.85,2,32.8,75.0,15.4,38.9,0,4,2,7,Open-Meteo Historical Weather API,ERA5,2022,1,1,5,WINTER,,,,,,,,,,420.42,0,0,0,0,1,0,3.886,5.171,,,32.8,34.4,,,0.0,0.0,16.4,14.5,1.0,1.0,,,194.5,3.85,4.878,4.0,0
2022-02-07,CA_PNW,"Vancouver, BC",6.543,2.1,12.2,11.6,2,0.0,0,11.6,40.0,13.9,34.2,0,0,0,7,Open-Meteo Historical Weather API,ERA5,2022,2,1,6,WINTER,,,,,,,,,,161.24,0,0,0,0,0,0,4.257,3.886,,,27.3,32.8,,,3.85,0.0,15.4,16.4,2.0,1.0,,,106.1,3.85,4.964,4.0,0
2022-02-14,CA_PNW,"Vancouver, BC",6.186,3.0,8.9,23.9,5,0.28,0,24.3,69.0,12.4,31.0,0,1,1,7,Open-Meteo Historical Weather API,ERA5,2022,2,1,7,WINTER,,,,,,,,,,296.36,0,0,0,0,0,0,6.543,4.257,,,11.6,27.3,,,0.0,3.85,13.9,15.4,0.0,2.0,,,95.6,4.13,5.218,4.0,0
2022-02-21,CA_PNW,"Vancouver, BC",2.071,-5.0,9.5,42.4,3,7.42,2,53.0,46.0,20.8,50.4,0,6,2,7,Open-Meteo Historical Weather API,ERA5,2022,2,1,8,WINTER,,,,,,,,,,881.92,0,0,0,0,1,0,6.186,6.543,,,23.9,11.6,,,0.28,0.0,12.4,13.9,1.0,0.0,,,105.2,11.55,4.764,5.0,0
2022-02-28,CA_PNW,"Vancouver, BC",7.314,2.4,11.6,44.9,4,0.0,0,44.9,83.0,14.1,38.5,0,0,0,7,Open-Meteo Historical Weather API,ERA5,2022,2,1,9,WINTER,,,,,,,,,,633.09,0,0,0,0,0,0,2.071,6.186,,,42.4,23.9,,,7.42,0.28,20.8,12.4,2.0,1.0,,,122.8,7.7,5.528,3.0,0
2022-03-07,CA_PNW,"Vancouver, BC",5.857,-0.4,10.6,27.4,4,2.94,1,31.6,76.0,13.9,36.4,0,3,1,7,Open-Meteo Historical Weather API,ERA5,2022,3,1,10,SPRING,,,,,,,,,,380.86,0,0,0,0,0,0,7.314,2.071,,,44.9,42.4,,,0.0,7.42,14.1,20.8,0.0,2.0,,,138.6,10.64,5.357,4.0,0
2022-03-14,CA_PNW,"Vancouver, BC",6.9,2.9,10.0,103.2,7,1.82,0,105.8,121.0,18.4,36.7,0,1,1,7,Open-Meteo Historical Weather API,ERA5,2022,3,1,11,SPRING,,,,,,,,,,1898.88,1,0,0,0,0,0,5.857,7.314,,,27.4,44.9,,,2.94,0.0,13.9,14.1,1.0,0.0,,,217.9,12.18,5.536,4.0,0
2022-03-21,CA_PNW,"Vancouver, BC",9.086,3.1,14.0,30.6,5,0.14,0,30.8,79.0,11.2,28.1,0,0,0,7,Open-Meteo Historical Weather API,ERA5,2022,3,1,12,SPRING,,,,,,,,,,342.72,0,0,0,0,0,0,6.9,5.857,,,103.2,27.4,,,1.82,2.94,18.4,13.9,1.0,1.0,,,206.1,4.9,7.289,2.0,0
2022-03-28,CA_PNW,"Vancouver, BC",8.629,4.6,13.5,64.8,5,0.0,0,64.8,95.0,21.0,52.2,0,0,0,7,Open-Meteo Historical Weather API,ERA5,2022,3,1,13,SPRING,,,,,,,,,,1360.8,1,0,0,0,0,0,9.086,6.9,,,30.6,103.2,,,0.14,1.82,11.2,18.4,0.0,1.0,,,226.0,4.9,7.618,2.0,0
2022-04-04,CA_PNW,"Vancouver, BC",7.929,1.7,17.2,59.0,5,0.63,0,59.9,86.0,23.9,63.4,0,1,1,7,Open-Meteo Historical Weather API,ERA5,2022,4,2,14,SPRING,,,,,,,,,,1410.1,1,0,0,0,0,0,8.629,9.086,,,64.8,30.6,,,0.0,0.14,21.0,11.2,0.0,0.0,,,257.6,2.59,8.136,2.0,0
2022-04-11,CA_PNW,"Vancouver, BC",6.314,1.2,12.9,15.1,5,1.61,0,17.4,53.0,14.4,46.8,0,0,0,7,Open-Meteo Historical Weather API,ERA5,2022,4,2,15,SPRING,,,,,,,,,,217.44,0,0,0,0,0,0,7.929,8.629,,,59.0,64.8,,,0.63,0.0,23.9,21.0,1.0,0.0,,,169.5,2.38,7.99,1.0,0
2022-04-18,CA_PNW,"Vancouver, BC",8.743,2.9,16.1,57.3,5,0.21,0,57.6,72.0,16.9,41.0,0,0,0,7,Open-Meteo Historical Weather API,ERA5,2022,4,2,16,SPRING,,,,,,,,,,968.37,1,0,0,0,0,0,6.314,7.929,,,15.1,59.0,,,1.61,0.63,14.4,23.9,0.0,1.0,,,196.2,2.45,7.904,1.0,0
2022-04-25,CA_PNW,"Vancouver, BC",9.229,2.9,14.3,33.0,4,0.0,0,33.0,82.0,12.0,32.0,0,0,0,7,Open-Meteo Historical Weather API,ERA5,2022,4,2,17,SPRING,,,,,,,,,,396.0,0,0,0,0,0,0,8.743,6.314,,,57.3,15.1,,,0.21,1.61,16.9,14.4,0.0,0.0,,,164.4,2.45,8.054,1.0,0
2022-05-02,CA_PNW,"Vancouver, BC",9.786,5.1,13.0,46.8,6,0.0,0,46.8,110.0,14.8,34.2,0,0,0,7,Open-Meteo Historical Weather API,ERA5,2022,5,2,18,SPRING,,,,,,,,,,692.64,0,0,0,0,0,0,9.229,8.743,,,33.0,57.3,,,0.0,0.21,12.0,16.9,0.0,0.0,,,152.2,1.82,8.518,0.0,0
2022-05-09,CA_PNW,"Vancouver, BC",9.714,4.8,13.9,68.5,7,0.35,0,69.0,122.0,22.0,59.0,0,0,0,7,Open-Meteo Historical Weather API,ERA5,2022,5,2,19,SPRING,,,,,,,,,,1507.0,1,0,0,0,0,0,9.786,9.229,,,46.8,33.0,,,0.0,0.0,14.8,12.0,0.0,0.0,,,205.6,0.56,9.368,0.0,0
2022-05-16,CA_PNW,"Vancouver, BC",11.6,5.3,19.4,31.0,2,0.0,0,31.0,40.0,26.5,63.0,0,0,0,7,Open-Meteo Historical Weather API,ERA5,2022,5,2,20,SPRING,,,,,,,,,,821.5,0,0,0,0,0,0,9.714,9.786,,,68.5,46.8,,,0.35,0.0,22.0,14.8,0.0,0.0,,,179.3,0.35,10.082,0.0,0
2022-05-23,CA_PNW,"Vancouver, BC",13.229,8.8,17.8,31.1,6,0.0,0,31.1,77.0,12.9,43.2,0,0,0,7,Open-Meteo Historical Weather API,ERA5,2022,5,2,21,SPRING,,,,,,,,,,401.19,0,0,0,0,0,0,11.6,9.714,,,31.0,68.5,,,0.0,0.35,26.5,22.0,0.0,0.0,,,177.4,0.35,11.082,0.0,0
2022-05-30,CA_PNW,"Vancouver, BC",15.143,9.9,22.0,81.4,5,0.0,0,81.4,88.0,15.1,34.6,0,0,0,7,Open-Meteo Historical Weather API,ERA5,2022,5,2,22,SPRING,,,,,,,,,,1229.14,1,0,0,0,0,0,13.229,11.6,,,31.1,31.0,,,0.0,0.0,12.9,26.5,0.0,0.0,,,212.0,0.35,12.421,0.0,0
2022-06-06,CA_PNW,"Vancouver, BC",14.771,8.7,21.5,47.4,6,0.0,0,47.4,97.0,11.4,30.2,0,0,0,7,Open-Meteo Historical Weather API,ERA5,2022,6,2,23,SUMMER,,,,,,,,,,540.36,0,0,0,0,0,0,15.143,13.229,,,81.4,31.1,,,0.0,0.0,15.1,12.9,0.0,0.0,,,190.9,0.0,13.686,0.0,0
2022-06-13,CA_PNW,"Vancouver, BC",13.943,9.4,18.0,19.3,7,0.0,0,19.3,77.0,16.3,37.1,0,0,0,7,Open-Meteo Historical Weather API,ERA5,2022,6,2,24,SUMMER,,,,,,,,,,314.59,0,0,0,0,0,0,14.771,15.143,,,47.4,81.4,,,0.0,0.0,11.4,15.1,0.0,0.0,,,179.2,0.0,14.272,0.0,0
2022-06-20,CA_PNW,"Vancouver, BC",17.143,10.1,28.4,5.2,2,0.0,0,5.2,24.0,11.1,31.3,0,0,0,7,Open-Meteo Historical Weather API,ERA5,2022,6,2,25,SUMMER,,,,,,,,,,57.72,0,0,0,0,0,0,13.943,14.771,,,19.3,47.4,,,0.0,0.0,16.3,11.4,0.0,0.0,,,153.3,0.0,15.25,0.0,0
2022-06-27,CA_PNW,"Vancouver, BC",17.529,12.0,30.7,22.9,3,0.0,0,22.9,48.0,13.2,35.6,0,0,0,7,Open-Meteo Historical Weather API,ERA5,2022,6,2,26,SUMMER,,,,,,,,,,302.28,0,0,0,0,0,0,17.143,13.943,,,5.2,19.3,,,0.0,0.0,11.1,16.3,0.0,0.0,,,94.8,0.0,15.846,0.0,0
2022-07-04,CA_PNW,"Vancouver, BC",17.343,12.6,22.1,8.4,3,0.0,0,8.4,45.0,10.5,27.0,0,0,0,7,Open-Meteo Historical Weather API,ERA5,2022,7,3,27,SUMMER,19.5,0.1,0.0,-2.157,8.3,0.0,8.3,18.119,0.0,88.2,0,0,0,0,0,0,17.529,17.143,,,22.9,5.2,,,0.0,0.0,13.2,11.1,0.0,0.0,,,55.8,0.0,16.49,0.0,1
2022-07-11,CA_PNW,"Vancouver, BC",18.386,12.3,26.6,4.1,2,0.0,0,4.1,18.0,11.5,31.7,0,0,0,7,Open-Meteo Historical Weather API,ERA5,2022,7,3,28,SUMMER,18.643,0.4,0.0,-0.257,3.7,0.0,3.7,1.054,0.0,47.15,0,0,0,0,0,0,17.343,17.529,-2.157,,8.4,22.9,8.3,,0.0,0.0,10.5,13.2,0.0,0.0,18.119,,40.6,0.0,17.6,0.0,1
2022-07-18,CA_PNW,"Vancouver, BC",18.571,12.0,25.6,0.8,0,0.0,0,0.8,6.0,10.1,27.7,0,0,0,7,Open-Meteo Historical Weather API,ERA5,2022,7,3,29,SUMMER,19.314,0.2,0.0,-0.743,0.6,0.0,0.6,0.594,0.0,8.08,0,0,0,0,0,0,18.386,17.343,-0.257,-2.157,4.1,8.4,3.7,8.3,0.0,0.0,11.5,10.5,0.0,0.0,1.054,18.119,36.2,0.0,17.957,0.0,1
2022-07-25,CA_PNW,"Vancouver, BC",24.857,16.6,32.1,0.0,0,0.0,0,0.0,0.0,10.0,27.0,0,0,0,7,Open-Meteo Historical Weather API,ERA5,2022,7,3,30,SUMMER,22.386,0.0,0.0,2.471,0.0,0.0,0.0,0.0,0.0,0.0,0,0,0,0,0,0,18.571,18.386,-0.743,-0.257,0.8,4.1,0.6,3.7,0.0,0.0,10.1,11.5,0.0,0.0,0.594,1.054,13.3,0.0,19.789,0.0,1
2022-08-01,CA_PNW,"Vancouver, BC",19.386,13.8,27.4,6.9,2,0.0,0,6.9,17.0,13.1,34.9,0,0,0,7,Open-Meteo Historical Weather API,ERA5,2022,8,3,31,SUMMER,20.557,23.5,0.0,-1.171,-16.6,0.0,-0.706,8.08,0.0,90.39,0,0,0,0,0,0,24.857,18.571,2.471,-0.743,0.0,0.8,0.0,0.6,0.0,0.0,10.0,10.1,0.0,0.0,0.0,0.594,11.8,0.0,20.3,0.0,1
2022-08-08,CA_PNW,"Vancouver, BC",20.343,14.1,28.0,3.3,1,0.0,0,3.3,22.0,13.9,34.6,0,0,0,7,Open-Meteo Historical Weather API,ERA5,2022,8,3,32,SUMMER,22.657,0.0,0.0,-2.314,3.3,0.0,3.3,7.636,0.0,45.87,0,0,0,0,0,0,19.386,24.857,-1.171,2.471,6.9,0.0,-16.6,0.0,0.0,0.0,13.1,10.0,0.0,0.0,8.08,0.0,11.0,0.0,20.789,0.0,1
2022-08-15,CA_PNW,"Vancouver, BC",21.957,14.9,32.0,0.6,0,0.0,0,0.6,5.0,11.1,28.8,0,0,0,7,Open-Meteo Historical Weather API,ERA5,2022,8,3,33,SUMMER,17.371,21.3,0.0,4.586,-20.7,0.0,-0.972,0.0,0.0,6.66,0,0,0,0,0,0,20.343,19.386,-2.314,-1.171,3.3,6.9,3.3,-16.6,0.0,0.0,13.9,13.1,0.0,0.0,7.636,8.08,10.8,0.0,21.636,0.0,1
2022-08-22,CA_PNW,"Vancouver, BC",19.943,13.7,28.8,5.7,2,0.0,0,5.7,22.0,11.7,33.1,0,0,0,7,Open-Meteo Historical Weather API,ERA5,2022,8,3,34,SUMMER,16.886,11.2,0.0,3.057,-5.5,0.0,-0.491,0.0,0.0,66.69,0,0,0,0,0,0,21.957,20.343,4.586,-2.314,0.6,3.3,-20.7,3.3,0.0,0.0,11.1,13.9,0.0,0.0,0.0,7.636,16.5,0.0,20.407,0.0,1
2022-08-29,CA_PNW,"Vancouver, BC",20.286,13.8,29.2,7.4,1,0.0,0,7.4,12.0,13.6,31.3,0,0,0,7,Open-Meteo Historical Weather API,ERA5,2022,8,3,35,SUMMER,16.014,11.0,0.0,4.272,-3.6,0.0,-0.327,0.0,0.0,100.64,0,0,0,0,0,0,19.943,21.957,3.057,4.586,5.7,0.6,-5.5,-20.7,0.0,0.0,11.7,11.1,0.0,0.0,0.0,0.0,17.0,0.0,20.632,0.0,1
2022-09-05,CA_PNW,"Vancouver, BC",18.271,10.6,27.3,0.9,0,0.0,0,0.9,8.0,14.4,42.1,0,0,0,7,Open-Meteo Historical Weather API,ERA5,2022,9,3,36,FALL,17.643,9.6,0.0,0.628,-8.7,0.0,-0.906,0.0,0.0,12.96,0,0,0,0,0,0,20.286,19.943,4.272,3.057,7.4,5.7,-3.6,-5.5,0.0,0.0,13.6,11.7,0.0,0.0,0.0,0.0,14.6,0.0,20.114,0.0,1
2022-09-12,CA_PNW,"Vancouver, BC",15.943,10.6,21.9,6.2,1,0.0,0,6.2,20.0,10.9,28.4,0,0,0,7,Open-Meteo Historical Weather API,ERA5,2022,9,3,37,FALL,13.814,135.4,0.0,2.129,-129.2,0.0,-0.954,0.0,0.0,67.58,0,0,0,0,0,0,18.271,20.286,0.628,4.272,0.9,7.4,-8.7,-3.6,0.0,0.0,14.4,13.6,0.0,0.0,0.0,0.0,20.2,0.0,18.611,0.0,1
2022-09-19,CA_PNW,"Vancouver, BC",16.243,9.8,24.6,0.8,0,0.0,0,0.8,4.0,12.2,31.3,0,0,0,7,Open-Meteo Historical Weather API,ERA5,2022,9,3,38,FALL,15.071,32.1,0.0,1.172,-31.3,0.0,-0.975,0.0,0.0,9.76,0,0,0,0,0,0,15.943,18.271,2.129,0.628,6.2,0.9,-129.2,-8.7,0.0,0.0,10.9,14.4,0.0,0.0,0.0,0.0,15.3,0.0,17.686,0.0,1
2022-09-26,CA_PNW,"Vancouver, BC",17.014,12.1,26.0,0.3,0,0.0,0,0.3,3.0,9.6,25.2,0,0,0,7,Open-Meteo Historical Weather API,ERA5,2022,9,3,39,FALL,12.814,128.9,0.0,4.2,-128.6,0.0,-0.998,0.0,0.0,2.88,0,0,0,0,0,0,16.243,15.943,1.172,2.129,0.8,6.2,-31.3,-129.2,0.0,0.0,12.2,10.9,0.0,0.0,0.0,0.0,8.2,0.0,16.868,0.0,1
2022-10-03,CA_PNW,"Vancouver, BC",16.671,11.2,24.6,0.0,0,0.0,0,0.0,0.0,7.9,18.7,0,0,0,7,Open-Meteo Historical Weather API,ERA5,2022,10,4,40,FALL,10.371,56.0,0.0,6.3,-56.0,0.0,-1.0,0.0,0.0,0.0,0,0,0,0,0,0,17.014,16.243,4.2,1.172,0.3,0.8,-128.6,-31.3,0.0,0.0,9.6,12.2,0.0,0.0,0.0,0.0,7.3,0.0,16.468,0.0,1
2022-10-10,CA_PNW,"Vancouver, BC",14.986,8.5,25.0,0.0,0,0.0,0,0.0,0.0,12.3,23.8,0,0,0,7,Open-Meteo Historical Weather API,ERA5,2022,10,4,41,FALL,9.771,161.3,0.0,5.215,-161.3,0.0,-1.0,0.0,0.0,0.0,0,0,0,0,0,0,16.671,17.014,6.3,4.2,0.0,0.3,-56.0,-128.6,0.0,0.0,7.9,9.6,0.0,0.0,0.0,0.0,1.1,0.0,16.228,0.0,1
2022-10-17,CA_PNW,"Vancouver, BC",11.429,5.4,19.0,12.6,3,0.0,0,12.6,37.0,9.7,23.0,0,0,0,7,Open-Meteo Historical Weather API,ERA5,2022,10,4,42,FALL,11.257,79.3,0.0,0.172,-66.7,0.0,-0.841,0.0,0.0,122.22,0,0,0,0,0,0,14.986,16.671,5.215,6.3,0.0,0.0,-161.3,-56.0,0.0,0.0,12.3,7.9,0.0,0.0,0.0,0.0,12.9,0.0,15.025,0.0,1
2022-10-24,CA_PNW,"Vancouver, BC",9.657,6.3,12.6,177.1,7,0.0,0,177.1,134.0,28.5,67.3,0,0,0,7,Open-Meteo Historical Weather API,ERA5,2022,10,4,43,FALL,9.014,107.1,0.0,0.643,70.0,0.0,0.654,0.0,0.0,5047.35,1,0,0,0,0,0,11.429,14.986,0.172,5.215,12.6,0.0,-66.7,-161.3,0.0,0.0,9.7,12.3,0.0,0.0,0.0,0.0,189.7,0.0,13.186,0.0,1
2022-10-31,CA_PNW,"Vancouver, BC",6.086,1.9,11.7,58.0,5,18.06,2,83.8,91.0,27.7,77.4,0,2,2,7,Open-Meteo Historical Weather API,ERA5,2022,10,4,44,FALL,8.914,159.3,7.56,-2.828,-101.3,10.5,-0.636,164.024,51.074,1606.6,1,1,0,0,1,0,9.657,11.429,0.643,0.172,177.1,12.6,70.0,-66.7,0.0,0.0,28.5,9.7,0.0,0.0,0.0,0.0,247.7,18.06,10.54,2.0,1
2022-11-07,CA_PNW,"Vancouver, BC",3.314,-4.4,9.2,1.5,1,0.91,0,2.8,18.0,17.7,42.8,0,4,1,7,Open-Meteo Historical Weather API,ERA5,2022,11,4,45,FALL,8.171,184.5,0.0,-4.857,-183.0,0.91,-0.992,7.285,4.42,26.55,0,0,0,0,0,0,6.086,9.657,-2.828,0.643,58.0,177.1,-101.3,70.0,18.06,0.0,27.7,28.5,2.0,0.0,164.024,0.0,249.2,18.97,7.622,3.0,1
2022-11-14,CA_PNW,"Vancouver, BC",4.786,0.3,10.2,0.2,0,0.0,0,0.2,1.0,17.2,45.0,0,4,0,7,Open-Meteo Historical Weather API,ERA5,2022,11,4,46,FALL,5.529,89.1,0.28,-0.743,-88.9,-0.28,-0.998,0.149,0.0,3.44,0,0,0,0,0,0,3.314,6.086,-4.857,-2.828,1.5,58.0,-183.0,-101.3,0.91,18.06,17.7,27.7,1.0,2.0,7.285,164.024,236.8,18.97,5.961,3.0,1
2022-11-21,CA_PNW,"Vancouver, BC",6.8,2.3,12.3,77.4,5,0.21,0,77.7,71.0,26.7,66.6,0,0,0,7,Open-Meteo Historical Weather API,ERA5,2022,11,4,47,FALL,7.586,155.4,0.28,-0.786,-78.0,-0.07,-0.502,60.836,0.165,2066.58,1,0,0,0,0,0,4.786,3.314,-0.743,-4.857,0.2,1.5,-88.9,-183.0,0.0,0.91,17.2,17.7,0.0,1.0,0.149,7.285,137.1,19.18,5.246,3.0,1
2022-11-28,CA_PNW,"Vancouver, BC",-0.186,-8.0,5.2,2.2,0,20.3,3,31.2,46.0,20.2,72.4,0,7,0,7,Open-Meteo Historical Weather API,ERA5,2022,11,4,48,FALL,7.171,93.5,1.96,-7.357,-91.3,18.34,-0.976,16.185,149.347,44.44,0,1,1,0,0,0,6.8,4.786,-0.786,-0.743,77.4,0.2,-78.0,-88.9,0.21,0.0,26.7,17.2,0.0,0.0,60.836,0.149,81.3,21.42,3.678,1.0,1
2022-12-05,CA_PNW,"Vancouver, BC",3.686,-0.9,6.8,35.0,5,32.41,4,81.3,114.0,20.2,64.1,0,5,3,7,Open-Meteo Historical Weather API,ERA5,2022,12,4,49,WINTER,3.986,63.5,29.26,-0.3,-28.5,3.15,-0.449,10.5,9.723,707.0,0,1,0,0,1,0,-0.186,6.8,-7.357,-0.786,2.2,77.4,-91.3,-78.0,20.3,0.21,20.2,26.7,0.0,0.0,16.185,60.836,114.8,52.92,3.771,3.0,1
2022-12-12,CA_PNW,"Vancouver, BC",1.214,-6.1,6.1,0.4,0,3.15,1,4.9,22.0,17.2,41.8,0,7,0,7,Open-Meteo Historical Weather API,ERA5,2022,12,4,50,WINTER,3.171,27.0,32.76,-1.957,-26.6,-29.61,-0.985,0.783,6.165,6.88,0,0,0,0,0,0,3.686,-0.186,-0.3,-7.357,35.0,2.2,-28.5,-91.3,32.41,20.3,20.2,20.2,3.0,0.0,10.5,16.185,115.0,56.07,2.878,3.0,1
2022-12-19,CA_PNW,"Vancouver, BC",-2.971,-11.2,8.1,80.2,3,21.28,2,110.6,89.0,18.4,54.0,0,5,1,7,Open-Meteo Historical Weather API,ERA5,2022,12,4,51,WINTER,-0.314,45.1,13.79,-2.657,35.1,7.49,0.778,213.091,56.541,1475.68,1,1,1,0,0,0,1.214,3.686,-1.957,-0.3,0.4,35.0,-26.6,-28.5,3.15,32.41,17.2,20.2,0.0,3.0,0.783,10.5,117.8,77.14,0.436,4.0,1
2022-12-26,CA_PNW,"Vancouver, BC",6.586,3.4,12.1,134.9,6,0.07,0,135.0,117.0,25.1,65.5,0,0,0,7,Open-Meteo Historical Weather API,ERA5,2022,12,4,52,WINTER,-4.3,11.1,28.49,10.886,123.8,-28.42,11.153,0.0,0.0,3385.99,1,0,0,0,0,0,-2.971,1.214,-2.657,-1.957,80.2,0.4,35.1,-26.6,21.28,3.15,18.4,17.2,1.0,0.0,213.091,0.783,250.5,56.91,2.129,4.0,1
2023-01-02,CA_PNW,"Vancouver, BC",6.771,2.9,10.0,55.8,4,1.4,1,57.8,93.0,17.7,47.5,0,2,0,7,Open-Meteo Historical Weather API,ERA5,2023,1,1,1,WINTER,1.857,40.2,43.47,4.914,15.6,-42.07,0.388,0.0,0.0,987.66,1,0,0,0,0,0,6.586,-2.971,10.886,-2.657,134.9,80.2,123.8,35.1,0.07,21.28,25.1,18.4,0.0,1.0,0.0,213.091,271.3,25.9,2.9,1.0,1
2023-01-09,CA_PNW,"Vancouver, BC",8.329,4.2,12.4,122.9,7,0.0,0,122.9,105.0,19.0,63.0,0,0,0,7,Open-Meteo Historical Weather API,ERA5,2023,1,1,2,WINTER,6.2,100.0,0.0,2.129,22.9,0.0,0.229,0.0,0.0,2335.1,1,0,0,0,0,0,6.771,6.586,4.914,10.886,55.8,134.9,15.6,123.8,1.4,0.07,17.7,25.1,0.0,0.0,0.0,0.0,393.8,22.75,4.679,1.0,1
2023-01-16,CA_PNW,"Vancouver, BC",5.086,1.8,7.7,60.8,6,4.13,1,66.7,103.0,23.2,50.8,0,4,3,7,Open-Meteo Historical Weather API,ERA5,2023,1,1,3,WINTER,5.171,34.4,0.0,-0.085,26.4,4.13,0.767,5.168,0.351,1410.56,1,0,0,0,1,0,8.329,6.771,2.129,4.914,122.9,55.8,22.9,15.6,0.0,1.4,19.0,17.7,0.0,0.0,0.0,0.0,374.4,5.6,6.693,3.0,1
2023-01-23,CA_PNW,"Vancouver, BC",4.571,-2.4,8.0,10.9,3,0.14,0,11.1,52.0,15.2,40.3,0,4,1,7,Open-Meteo Historical Weather API,ERA5,2023,1,1,4,WINTER,3.886,32.8,0.0,0.685,-21.9,0.14,-0.668,0.0,0.0,165.68,0,0,0,0,0,0,5.086,8.329,-0.085,2.129,60.8,122.9,26.4,22.9,4.13,0.0,23.2,19.0,3.0,0.0,5.168,0.0,250.4,5.67,6.189,4.0,1
2023-01-30,CA_PNW,"Vancouver, BC",4.429,-4.6,8.8,32.5,3,2.17,1,35.6,73.0,24.7,71.3,0,3,0,7,Open-Meteo Historical Weather API,ERA5,2023,1,1,5,WINTER,4.257,27.3,3.85,0.172,5.2,-1.68,0.19,0.0,0.0,802.75,0,0,0,0,0,0,4.571,5.086,0.685,-0.085,10.9,60.8,-21.9,26.4,0.14,4.13,15.2,23.2,1.0,3.0,0.0,5.168,227.1,6.44,5.604,4.0,1
2023-02-06,CA_PNW,"Vancouver, BC",6.243,2.6,9.6,80.6,6,0.77,0,81.7,104.0,19.1,50.0,0,2,1,7,Open-Meteo Historical Weather API,ERA5,2023,2,1,6,WINTER,6.543,11.6,0.0,-0.3,69.0,0.77,5.948,24.18,0.231,1539.46,1,0,0,0,0,0,4.429,4.571,0.172,0.685,32.5,10.9,5.2,-21.9,2.17,0.14,24.7,15.2,0.0,1.0,0.0,0.0,184.8,7.21,5.082,5.0,1
2023-02-13,CA_PNW,"Vancouver, BC",4.471,-1.0,7.8,20.1,5,7.56,2,30.9,83.0,15.9,44.6,0,4,2,7,Open-Meteo Historical Weather API,ERA5,2023,2,1,7,WINTER,6.186,23.9,0.28,-1.715,-3.8,7.28,-0.159,34.472,12.965,319.59,0,0,0,0,1,0,6.243,4.429,-0.3,0.172,80.6,32.5,69.0,5.2,0.77,2.17,19.1,24.7,1.0,0.0,24.18,0.0,144.1,10.64,4.929,4.0,1
2023-02-20,CA_PNW,"Vancouver, BC",1.357,-6.0,8.7,20.8,3,17.08,2,45.2,73.0,23.8,61.2,0,5,1,7,Open-Meteo Historical Weather API,ERA5,2023,2,1,8,WINTER,2.071,42.4,7.42,-0.714,-21.6,9.66,-0.509,14.851,12.195,495.04,0,1,0,0,0,0,4.471,6.243,-1.715,-0.3,20.1,80.6,-3.8,69.0,7.56,0.77,15.9,19.1,2.0,1.0,34.472,24.18,154.0,27.58,4.125,4.0,1
2023-02-27,CA_PNW,"Vancouver, BC",2.971,-1.9,8.1,8.8,3,20.79,6,38.5,92.0,17.0,48.2,0,7,3,7,Open-Meteo Historical Weather API,ERA5,2023,2,1,9,WINTER,7.314,44.9,0.0,-4.343,-36.1,20.79,-0.804,38.218,90.291,149.6,0,1,0,0,1,0,1.357,4.471,-0.714,-1.715,20.8,20.1,-21.6,-3.8,17.08,7.56,23.8,15.9,1.0,2.0,14.851,34.472,130.3,46.2,3.761,7.0,1
2023-03-06,CA_PNW,"Vancouver, BC",5.829,2.0,10.9,19.9,4,2.17,1,23.0,59.0,13.6,34.6,0,0,0,7,Open-Meteo Historical Weather API,ERA5,2023,3,1,10,SPRING,5.857,27.4,2.94,-0.028,-7.5,-0.77,-0.274,0.557,0.061,270.64,0,0,0,0,0,0,2.971,1.357,-4.343,-0.714,8.8,20.8,-36.1,-21.6,20.79,17.08,17.0,23.8,3.0,1.0,38.218,14.851,69.6,47.6,3.657,6.0,1
2023-03-13,CA_PNW,"Vancouver, BC",7.086,1.1,15.8,20.2,3,3.71,2,25.5,51.0,10.8,30.2,0,1,1,7,Open-Meteo Historical Weather API,ERA5,2023,3,1,11,SPRING,6.9,103.2,1.82,0.186,-83.0,1.89,-0.804,0.0,0.0,218.16,0,0,0,0,0,0,5.829,2.971,-0.028,-4.343,19.9,8.8,-7.5,-36.1,2.17,20.79,13.6,17.0,0.0,3.0,0.557,38.218,69.7,43.75,4.311,5.0,1
2023-03-20,CA_PNW,"Vancouver, BC",6.786,1.6,14.4,23.9,4,4.13,2,29.8,89.0,15.3,36.0,0,3,2,7,Open-Meteo Historical Weather API,ERA5,2023,3,1,12,SPRING,9.086,30.6,0.14,-2.3,-6.7,3.99,-0.219,54.97,9.499,365.67,0,0,0,0,1,0,7.086,5.829,0.186,-0.028,20.2,19.9,-83.0,-7.5,3.71,2.17,10.8,13.6,1.0,0.0,0.0,0.557,72.8,30.8,5.668,6.0,1
2023-03-27,CA_PNW,"Vancouver, BC",7.314,1.5,15.9,27.2,3,7.49,2,37.9,59.0,20.8,53.6,0,1,1,7,Open-Meteo Historical Weather API,ERA5,2023,3,1,13,SPRING,8.629,64.8,0.0,-1.315,-37.6,7.49,-0.58,35.768,9.849,565.76,0,0,0,0,0,0,6.786,7.086,-2.3,0.186,23.9,20.2,-6.7,-83.0,4.13,3.71,15.3,10.8,2.0,1.0,54.97,0.0,91.2,17.5,6.754,4.0,1
2023-04-03,CA_PNW,"Vancouver, BC",7.6,1.6,12.5,96.4,5,0.21,0,96.7,105.0,27.8,66.6,0,1,0,7,Open-Meteo Historical Weather API,ERA5,2023,4,2,14,SPRING,7.929,59.0,0.63,-0.329,37.4,-0.42,0.634,31.716,0.069,2679.92,1,0,0,0,0,0,7.314,6.786,-1.315,-2.3,27.2,23.9,-37.6,-6.7,7.49,4.13,20.8,15.3,1.0,2.0,35.768,54.97,167.7,15.54,7.196,4.0,1
2023-04-10,CA_PNW,"Vancouver, BC",7.214,1.1,11.8,40.4,4,1.54,1,42.6,80.0,18.0,46.8,0,0,0,7,Open-Meteo Historical Weather API,ERA5,2023,4,2,15,SPRING,6.314,15.1,1.61,0.9,25.3,-0.07,1.675,0.0,0.0,727.2,0,0,0,0,0,0,7.6,7.314,-0.329,-1.315,96.4,27.2,37.4,-37.6,0.21,7.49,27.8,20.8,0.0,1.0,31.716,35.768,187.9,13.37,7.228,3.0,1
2023-04-17,CA_PNW,"Vancouver, BC",7.243,2.6,12.3,63.6,7,4.55,2,70.1,143.0,21.4,52.2,0,0,0,7,Open-Meteo Historical Weather API,ERA5,2023,4,2,16,SPRING,8.743,57.3,0.21,-1.5,6.3,4.34,0.11,95.4,6.825,1361.04,1,0,0,0,0,0,7.214,7.6,0.9,-0.329,40.4,96.4,25.3,37.4,1.54,0.21,18.0,27.8,0.0,0.0,0.0,31.716,227.6,13.79,7.343,1.0,1
2023-04-24,CA_PNW,"Vancouver, BC",12.1,5.9,22.4,7.2,2,0.0,0,7.2,22.0,10.5,30.2,0,0,0,7,Open-Meteo Historical Weather API,ERA5,2023,4,2,17,SPRING,9.229,33.0,0.0,2.871,-25.8,0.0,-0.782,0.0,0.0,75.6,0,0,0,0,0,0,7.243,7.214,-1.5,0.9,63.6,40.4,6.3,25.3,4.55,1.54,21.4,18.0,0.0,0.0,95.4,0.0,207.6,6.3,8.539,0.0,1
2023-05-01,CA_PNW,"Vancouver, BC",13.1,8.7,21.6,29.4,3,0.0,0,29.4,50.0,17.6,41.4,0,0,0,7,Open-Meteo Historical Weather API,ERA5,2023,5,2,18,SPRING,9.786,46.8,0.0,3.314,-17.4,0.0,-0.372,0.0,0.0,517.44,0,0,0,0,0,0,12.1,7.243,2.871,-1.5,7.2,63.6,-25.8,6.3,0.0,4.55,10.5,21.4,0.0,0.0,0.0,95.4,140.6,6.09,9.914,0.0,1
2023-05-08,CA_PNW,"Vancouver, BC",16.186,6.7,29.5,0.7,0,0.0,0,0.7,7.0,12.8,26.6,0,0,0,7,Open-Meteo Historical Weather API,ERA5,2023,5,2,19,SPRING,9.714,68.5,0.35,6.472,-67.8,-0.35,-0.99,0.0,0.0,8.96,0,0,0,0,0,0,13.1,12.1,3.314,2.871,29.4,7.2,-17.4,-25.8,0.0,0.0,17.6,10.5,0.0,0.0,0.0,0.0,100.9,4.55,12.157,0.0,1
2023-05-15,CA_PNW,"Vancouver, BC",18.929,12.3,29.3,0.0,0,0.0,0,0.0,0.0,12.2,32.8,0,0,0,7,Open-Meteo Historical Weather API,ERA5,2023,5,2,20,SPRING,11.6,31.0,0.0,7.329,-31.0,0.0,-1.0,0.0,0.0,0.0,0,0,0,0,0,0,16.186,13.1,6.472,3.314,0.7,29.4,-67.8,-17.4,0.0,0.0,12.8,17.6,0.0,0.0,0.0,0.0,37.3,0.0,15.079,0.0,1
2023-05-22,CA_PNW,"Vancouver, BC",15.586,9.9,24.5,7.5,2,0.0,0,7.5,29.0,10.1,28.4,0,0,0,7,Open-Meteo Historical Weather API,ERA5,2023,5,2,21,SPRING,13.229,31.1,0.0,2.357,-23.6,0.0,-0.759,0.0,0.0,75.75,0,0,0,0,0,0,18.929,16.186,7.329,6.472,0.0,0.7,-31.0,-67.8,0.0,0.0,12.2,12.8,0.0,0.0,0.0,0.0,37.6,0.0,15.95,0.0,1
2023-05-29,CA_PNW,"Vancouver, BC",14.786,8.8,21.6,1.0,0,0.0,0,1.0,10.0,14.0,41.4,0,0,0,7,Open-Meteo Historical Weather API,ERA5,2023,5,2,22,SPRING,15.143,81.4,0.0,-0.357,-80.4,0.0,-0.988,0.357,0.0,14.0,0,0,0,0,0,0,15.586,18.929,2.357,7.329,7.5,0.0,-23.6,-31.0,0.0,0.0,10.1,12.2,0.0,0.0,0.0,0.0,9.2,0.0,16.372,0.0,1
2023-06-05,CA_PNW,"Vancouver, BC",17.343,9.8,27.9,8.7,2,0.0,0,8.7,28.0,15.6,40.3,0,0,0,7,Open-Meteo Historical Weather API,ERA5,2023,6,2,23,SUMMER,14.771,47.4,0.0,2.572,-38.7,0.0,-0.816,0.0,0.0,135.72,0,0,0,0,0,0,14.786,15.586,-0.357,2.357,1.0,7.5,-80.4,-23.6,0.0,0.0,14.0,10.1,0.0,0.0,0.357,0.0,17.2,0.0,16.661,0.0,1
2023-06-12,CA_PNW,"Vancouver, BC",15.586,10.5,25.7,11.7,3,0.0,0,11.7,49.0,13.5,34.2,0,0,0,7,Open-Meteo Historical Weather API,ERA5,2023,6,2,24,SUMMER,13.943,19.3,0.0,1.643,-7.6,0.0,-0.394,0.0,0.0,157.95,0,0,0,0,0,0,17.343,14.786,2.572,-0.357,8.7,1.0,-38.7,-80.4,0.0,0.0,15.6,14.0,0.0,0.0,0.0,0.357,28.9,0.0,15.825,0.0,1
2023-06-19,CA_PNW,"Vancouver, BC",15.486,9.3,24.3,20.0,3,0.0,0,20.0,53.0,10.6,26.6,0,0,0,7,Open-Meteo Historical Weather API,ERA5,2023,6,2,25,SUMMER,17.143,5.2,0.0,-1.657,14.8,0.0,2.846,33.14,0.0,212.0,0,0,0,0,0,0,15.586,17.343,1.643,2.572,11.7,8.7,-7.6,-38.7,0.0,0.0,13.5,15.6,0.0,0.0,0.0,0.0,41.4,0.0,15.8,0.0,1
2023-06-26,CA_PNW,"Vancouver, BC",18.543,12.7,23.9,0.1,0,0.0,0,0.1,1.0,11.9,35.6,0,0,0,7,Open-Meteo Historical Weather API,ERA5,2023,6,2,26,SUMMER,17.529,22.9,0.0,1.014,-22.8,0.0,-0.996,0.0,0.0,1.19,0,0,0,0,0,0,15.486,15.586,-1.657,1.643,20.0,11.7,14.8,-7.6,0.0,0.0,10.6,13.5,0.0,0.0,33.14,0.0,40.5,0.0,16.74,0.0,1
2023-07-03,CA_PNW,"Vancouver, BC",20.286,13.1,28.7,0.0,0,0.0,0,0.0,0.0,14.4,38.2,0,0,0,7,Open-Meteo Historical Weather API,ERA5,2023,7,3,27,SUMMER,18.422,4.25,0.0,1.864,-4.25,0.0,-1.0,0.0,0.0,0.0,0,0,0,0,0,0,18.543,15.486,1.014,-1.657,0.1,20.0,-22.8,14.8,0.0,0.0,11.9,10.6,0.0,0.0,0.0,33.14,31.8,0.0,17.475,0.0,1
2023-07-10,CA_PNW,"Vancouver, BC",19.129,13.0,27.3,0.0,0,0.0,0,0.0,0.0,13.9,36.0,0,0,0,7,Open-Meteo Historical Weather API,ERA5,2023,7,3,28,SUMMER,18.514,2.25,0.0,0.615,-2.25,0.0,-1.0,0.0,0.0,0.0,0,0,0,0,0,0,20.286,18.543,1.864,1.014,0.0,0.1,-4.25,-22.8,0.0,0.0,14.4,11.9,0.0,0.0,0.0,0.0,20.1,0.0,18.361,0.0,1
2023-07-17,CA_PNW,"Vancouver, BC",20.771,14.2,29.1,0.9,0,0.0,0,0.9,8.0,10.5,30.6,0,0,0,7,Open-Meteo Historical Weather API,ERA5,2023,7,3,29,SUMMER,18.943,0.5,0.0,1.828,0.4,0.0,0.4,0.0,0.0,9.45,0,0,0,0,0,0,19.129,20.286,0.615,1.864,0.0,0.0,-2.25,-4.25,0.0,0.0,13.9,14.4,0.0,0.0,0.0,0.0,1.0,0.0,19.682,0.0,1
2023-07-24,CA_PNW,"Vancouver, BC",17.857,11.9,24.5,39.1,3,0.0,0,39.1,43.0,16.2,40.3,0,0,0,7,Open-Meteo Historical Weather API,ERA5,2023,7,3,30,SUMMER,23.621,0.0,0.0,-5.764,39.1,0.0,39.1,225.392,0.0,633.42,0,0,0,0,0,0,20.771,19.129,1.828,0.615,0.9,0.0,0.4,-2.25,0.0,0.0,10.5,13.9,0.0,0.0,0.0,0.0,40.0,0.0,19.511,0.0,1
2023-07-31,CA_PNW,"Vancouver, BC",20.071,13.3,26.8,0.0,0,0.0,0,0.0,0.0,10.3,27.4,0,0,0,7,Open-Meteo Historical Weather API,ERA5,2023,7,3,31,SUMMER,19.972,15.2,0.0,0.1,-15.2,0.0,-1.0,0.0,0.0,0.0,0,0,0,0,0,0,17.857,20.771,-5.764,1.828,39.1,0.9,39.1,0.4,0.0,0.0,16.2,10.5,0.0,0.0,225.392,0.0,40.0,0.0,19.457,0.0,1
2023-08-07,CA_PNW,"Vancouver, BC",19.743,15.2,29.4,11.2,2,0.0,0,11.2,34.0,12.0,29.2,0,0,0,7,Open-Meteo Historical Weather API,ERA5,2023,8,3,32,SUMMER,21.5,1.65,0.0,-1.757,9.55,0.0,5.788,19.678,0.0,134.4,0,0,0,0,0,0,20.071,17.857,0.1,-5.764,0.0,39.1,-15.2,39.1,0.0,0.0,10.3,16.2,0.0,0.0,0.0,225.392,51.2,0.0,19.61,0.0,1
2023-08-14,CA_PNW,"Vancouver, BC",21.4,11.8,30.0,0.0,0,0.0,0,0.0,0.0,11.8,33.8,0,0,0,7,Open-Meteo Historical Weather API,ERA5,2023,8,3,33,SUMMER,19.664,10.95,0.0,1.736,-10.95,0.0,-1.0,0.0,0.0,0.0,0,0,0,0,0,0,19.743,20.071,-1.757,0.1,11.2,0.0,9.55,-15.2,0.0,0.0,12.0,10.3,0.0,0.0,19.678,0.0,50.3,0.0,19.768,0.0,1
2023-08-21,CA_PNW,"Vancouver, BC",18.929,11.3,29.6,0.5,0,0.0,0,0.5,5.0,12.6,29.5,0,0,0,7,Open-Meteo Historical Weather API,ERA5,2023,8,3,34,SUMMER,18.414,8.45,0.0,0.514,-7.95,0.0,-0.941,0.0,0.0,6.3,0,0,0,0,0,0,21.4,19.743,1.736,-1.757,0.0,11.2,-10.95,9.55,0.0,0.0,11.8,12.0,0.0,0.0,0.0,19.678,11.7,0.0,20.036,0.0,1
2023-08-28,CA_PNW,"Vancouver, BC",17.786,14.2,25.6,17.7,3,0.0,0,17.7,52.0,13.8,36.7,0,0,0,7,Open-Meteo Historical Weather API,ERA5,2023,8,3,35,SUMMER,18.15,9.2,0.0,-0.364,8.5,0.0,0.924,6.443,0.0,244.26,0,0,0,0,0,0,18.929,21.4,0.514,1.736,0.5,0.0,-7.95,-10.95,0.0,0.0,12.6,11.8,0.0,0.0,0.0,0.0,29.4,0.0,19.464,0.0,1
2023-09-04,CA_PNW,"Vancouver, BC",16.471,10.2,24.9,3.0,1,0.0,0,3.0,15.0,10.1,25.6,0,0,0,7,Open-Meteo Historical Weather API,ERA5,2023,9,3,36,FALL,17.957,5.25,0.0,-1.486,-2.25,0.0,-0.429,4.458,0.0,30.3,0,0,0,0,0,0,17.786,18.929,-0.364,0.514,17.7,0.5,8.5,-7.95,0.0,0.0,13.8,12.6,0.0,0.0,6.443,0.0,21.2,0.0,18.646,0.0,1
2023-09-11,CA_PNW,"Vancouver, BC",16.886,10.7,25.0,3.1,1,0.0,0,3.1,14.0,10.5,28.1,0,0,0,7,Open-Meteo Historical Weather API,ERA5,2023,9,3,37,FALL,14.878,70.8,0.0,2.008,-67.7,0.0,-0.956,0.0,0.0,32.55,0,0,0,0,0,0,16.471,17.786,-1.486,-0.364,3.0,17.7,-2.25,8.5,0.0,0.0,10.1,13.8,0.0,0.0,4.458,6.443,24.3,0.0,17.518,0.0,1
2023-09-18,CA_PNW,"Vancouver, BC",14.286,9.1,21.0,35.6,5,0.0,0,35.6,49.0,16.9,40.0,0,0,0,7,Open-Meteo Historical Weather API,ERA5,2023,9,3,38,FALL,15.657,16.45,0.0,-1.371,19.15,0.0,1.164,48.808,0.0,601.64,0,0,0,0,0,0,16.886,16.471,2.008,-1.486,3.1,3.0,-67.7,-2.25,0.0,0.0,10.5,10.1,0.0,0.0,0.0,4.458,59.4,0.0,16.357,0.0,1
2023-09-25,CA_PNW,"Vancouver, BC",12.886,7.9,16.7,91.6,4,0.0,0,91.6,87.0,20.2,60.5,0,0,0,7,Open-Meteo Historical Weather API,ERA5,2023,9,3,39,FALL,14.914,64.6,0.0,-2.028,27.0,0.0,0.418,185.765,0.0,1850.32,1,0,0,0,0,0,14.286,16.886,-1.371,2.008,35.6,3.1,19.15,-67.7,0.0,0.0,16.9,10.5,0.0,0.0,48.808,0.0,133.3,0.0,15.132,0.0,1
2023-10-02,CA_PNW,"Vancouver, BC",14.657,9.6,23.9,8.8,1,0.0,0,8.8,11.0,10.6,25.6,0,0,0,7,Open-Meteo Historical Weather API,ERA5,2023,10,4,40,FALL,13.521,28.0,0.0,1.136,-19.2,0.0,-0.686,0.0,0.0,93.28,0,0,0,0,0,0,12.886,14.286,-2.028,-1.371,91.6,35.6,27.0,19.15,0.0,0.0,20.2,16.9,0.0,0.0,185.765,48.808,139.1,0.0,14.679,0.0,1
2023-10-09,CA_PNW,"Vancouver, BC",13.786,7.4,19.0,61.2,6,0.0,0,61.2,78.0,15.5,42.1,0,0,0,7,Open-Meteo Historical Weather API,ERA5,2023,10,4,41,FALL,12.378,80.65,0.0,1.407,-19.45,0.0,-0.241,0.0,0.0,948.6,1,0,0,0,0,0,14.657,12.886,1.136,-2.028,8.8,91.6,-19.2,27.0,0.0,0.0,10.6,20.2,0.0,0.0,0.0,185.765,197.2,0.0,13.904,0.0,1
2023-10-16,CA_PNW,"Vancouver, BC",12.943,8.5,15.9,90.7,4,0.0,0,90.7,80.0,18.4,47.2,0,0,0,7,Open-Meteo Historical Weather API,ERA5,2023,10,4,42,FALL,11.343,45.95,0.0,1.6,44.75,0.0,0.974,0.0,0.0,1668.88,1,0,0,0,0,0,13.786,14.657,1.407,1.136,61.2,8.8,-19.45,-19.2,0.0,0.0,15.5,10.6,0.0,0.0,0.0,0.0,252.3,0.0,13.568,0.0,1
2023-10-23,CA_PNW,"Vancouver, BC",6.586,-0.4,11.4,20.6,2,0.35,0,21.1,27.0,19.3,56.5,0,1,0,7,Open-Meteo Historical Weather API,ERA5,2023,10,4,43,FALL,9.336,142.1,0.0,-2.749,-121.5,0.35,-0.855,56.64,0.962,397.58,0,0,0,0,0,0,12.943,13.786,1.6,1.407,90.7,61.2,44.75,-19.45,0.0,0.0,18.4,15.5,0.0,0.0,0.0,0.0,181.3,0.35,11.993,0.0,1
2023-10-30,CA_PNW,"Vancouver, BC",9.743,2.1,16.0,113.6,5,0.0,0,113.6,90.0,21.1,49.7,0,0,0,7,Open-Meteo Historical Weather API,ERA5,2023,10,4,44,FALL,7.5,108.65,12.81,2.243,4.95,-12.81,0.046,0.0,0.0,2396.96,1,0,0,0,0,0,6.586,12.943,-2.749,1.6,20.6,90.7,-121.5,44.75,0.35,0.0,19.3,18.4,0.0,0.0,56.64,0.0,286.1,0.35,10.764,0.0,1
2023-11-06,CA_PNW,"Vancouver, BC",8.843,5.6,11.3,113.1,7,0.0,0,113.1,106.0,27.0,83.9,0,0,0,7,Open-Meteo Historical Weather API,ERA5,2023,11,4,45,FALL,5.742,93.0,0.455,3.101,20.1,-0.455,0.216,0.0,0.0,3053.7,1,0,0,0,0,0,9.743,6.586,2.243,-2.749,113.6,20.6,4.95,-121.5,0.0,0.35,21.1,19.3,0.0,0.0,0.0,56.64,338.0,0.35,9.529,0.0,1
2023-11-13,CA_PNW,"Vancouver, BC",6.071,1.4,12.2,21.5,2,0.0,0,21.5,25.0,15.1,40.3,0,3,0,7,Open-Meteo Historical Weather API,ERA5,2023,11,4,46,FALL,5.158,44.65,0.14,0.914,-23.15,-0.14,-0.518,0.0,0.0,324.65,0,0,0,0,0,0,8.843,9.743,3.101,2.243,113.1,113.6,20.1,4.95,0.0,0.0,27.0,21.1,0.0,0.0,0.0,0.0,268.8,0.35,7.811,0.0,1
2023-11-20,CA_PNW,"Vancouver, BC",5.657,1.7,10.3,12.3,2,0.0,0,12.3,12.0,10.4,21.6,0,3,0,7,Open-Meteo Historical Weather API,ERA5,2023,11,4,47,FALL,7.193,116.4,0.245,-1.536,-104.1,-0.245,-0.894,18.893,0.0,127.92,0,0,0,0,0,0,6.071,8.843,0.914,3.101,21.5,113.1,-23.15,20.1,0.0,0.0,15.1,27.0,0.0,0.0,0.0,0.0,260.5,0.0,7.578,0.0,1
2023-11-27,CA_PNW,"Vancouver, BC",4.414,1.0,8.3,41.3,4,12.46,3,59.1,59.0,17.1,49.7,0,5,2,7,Open-Meteo Historical Weather API,ERA5,2023,11,4,48,FALL,3.492,47.85,11.13,0.921,-6.55,1.33,-0.137,0.0,0.0,706.23,0,0,0,0,1,0,5.657,6.071,-1.536,0.914,12.3,21.5,-104.1,-23.15,0.0,0.0,10.4,15.1,0.0,0.0,18.893,0.0,188.2,12.46,6.246,2.0,1
2023-12-04,CA_PNW,"Vancouver, BC",6.314,2.0,11.8,108.4,6,11.9,1,125.4,101.0,16.3,47.2,0,2,1,7,Open-Meteo Historical Weather API,ERA5,2023,12,4,49,WINTER,3.836,49.25,30.835,2.478,59.15,-18.935,1.201,0.0,0.0,1766.92,1,0,0,0,0,0,4.414,5.657,0.921,-1.536,41.3,12.3,-6.55,-104.1,12.46,0.0,17.1,10.4,2.0,0.0,0.0,18.893,183.5,24.36,5.614,3.0,1
2023-12-11,CA_PNW,"Vancouver, BC",6.657,3.0,10.9,16.5,2,0.0,0,16.5,25.0,12.8,29.9,0,1,0,7,Open-Meteo Historical Weather API,ERA5,2023,12,4,50,WINTER,2.192,13.7,17.955,4.464,2.8,-17.955,0.204,0.0,0.0,211.2,0,0,0,0,0,0,6.314,4.414,2.478,0.921,108.4,41.3,59.15,-6.55,11.9,12.46,16.3,17.1,1.0,2.0,0.0,0.0,178.5,24.36,5.76,3.0,1
2023-12-18,CA_PNW,"Vancouver, BC",7.486,1.9,10.6,45.8,5,0.0,0,45.8,78.0,14.4,38.2,0,2,0,7,Open-Meteo Historical Weather API,ERA5,2023,12,4,51,WINTER,-1.642,62.65,17.535,9.128,-16.85,-17.535,-0.269,0.0,0.0,659.52,0,0,0,0,0,0,6.657,6.314,4.464,2.478,16.5,108.4,2.8,59.15,0.0,11.9,12.8,16.3,0.0,1.0,0.0,0.0,212.0,24.36,6.218,3.0,1
2023-12-25,CA_PNW,"Vancouver, BC",9.457,5.9,13.3,76.6,6,0.0,0,76.6,111.0,22.3,63.0,0,0,0,7,Open-Meteo Historical Weather API,ERA5,2023,12,4,52,WINTER,1.143,73.0,14.28,8.314,3.6,-14.28,0.049,0.0,0.0,1708.18,1,0,0,0,0,0,7.486,6.657,9.128,4.464,45.8,16.5,-16.85,2.8,0.0,0.0,14.4,12.8,0.0,0.0,0.0,0.0,247.3,11.9,7.478,1.0,1
2024-01-01,CA_PNW,"Vancouver, BC",6.086,0.6,9.3,76.1,5,0.49,0,76.8,88.0,21.9,56.5,0,1,0,7,Open-Meteo Historical Weather API,ERA5,2024,1,1,1,WINTER,4.314,48.0,22.435,1.772,28.1,-21.945,0.585,0.0,0.0,1666.59,1,0,0,0,0,0,9.457,7.486,8.314,9.128,76.6,45.8,3.6,-16.85,0.0,0.0,22.3,14.4,0.0,0.0,0.0,0.0,215.0,0.49,7.422,0.0,1
2024-01-08,CA_PNW,"Vancouver, BC",-1.671,-12.9,8.3,28.9,3,8.19,2,40.6,55.0,22.9,61.9,0,6,2,7,Open-Meteo Historical Weather API,ERA5,2024,1,1,2,WINTER,7.264,111.45,0.0,-8.936,-82.55,8.19,-0.741,258.236,73.182,661.81,0,0,1,0,1,0,6.086,9.457,1.772,8.314,76.1,76.6,28.1,3.6,0.49,0.0,21.9,22.3,0.0,0.0,0.0,0.0,227.4,8.68,5.339,2.0,1
2024-01-15,CA_PNW,"Vancouver, BC",1.686,-5.5,6.7,36.7,3,14.21,2,57.0,78.0,17.6,41.4,0,6,2,7,Open-Meteo Historical Weather API,ERA5,2024,1,1,3,WINTER,5.129,47.6,2.065,-3.443,-10.9,12.145,-0.229,126.34,48.918,645.92,0,0,0,0,1,0,-1.671,6.086,-8.936,1.772,28.9,76.1,-82.55,28.1,8.19,0.49,22.9,21.9,2.0,0.0,258.236,0.0,218.3,22.89,3.89,4.0,1
2024-01-22,CA_PNW,"Vancouver, BC",8.214,6.2,12.3,166.1,7,0.0,0,166.1,155.0,14.6,39.2,0,0,0,7,Open-Meteo Historical Weather API,ERA5,2024,1,1,4,WINTER,4.228,21.85,0.07,3.986,144.25,-0.07,6.602,0.0,0.0,2425.06,1,0,0,0,0,0,1.686,-1.671,-3.443,-8.936,36.7,28.9,-10.9,-82.55,14.21,8.19,17.6,22.9,2.0,2.0,126.34,258.236,307.8,22.89,3.579,4.0,1
2024-01-29,CA_PNW,"Vancouver, BC",9.814,3.7,15.4,63.4,5,0.0,0,63.4,95.0,18.4,54.4,0,0,0,7,Open-Meteo Historical Weather API,ERA5,2024,1,1,5,WINTER,4.343,29.9,3.01,5.471,33.5,-3.01,1.12,0.0,0.0,1166.56,1,0,0,0,0,0,8.214,1.686,3.986,-3.443,166.1,36.7,144.25,-10.9,0.0,14.21,14.6,17.6,0.0,2.0,0.0,126.34,295.1,22.4,4.511,4.0,1
2024-02-05,CA_PNW,"Vancouver, BC",5.586,2.4,8.6,26.2,2,0.14,0,26.4,42.0,11.5,25.6,0,1,0,7,Open-Meteo Historical Weather API,ERA5,2024,2,1,6,WINTER,6.393,46.1,0.385,-0.807,-19.9,-0.245,-0.432,21.143,0.113,301.3,0,0,0,0,0,0,9.814,8.214,5.471,3.986,63.4,166.1,33.5,144.25,0.0,0.0,18.4,14.6,0.0,0.0,0.0,0.0,292.4,14.35,6.325,2.0,1
2024-02-12,CA_PNW,"Vancouver, BC",5.971,1.4,11.0,6.1,1,0.0,0,6.1,14.0,21.3,54.4,0,3,0,7,Open-Meteo Historical Weather API,ERA5,2024,2,1,7,WINTER,5.328,22.0,3.92,0.643,-15.9,-3.92,-0.723,0.0,0.0,129.93,0,0,0,0,0,0,5.586,9.814,-0.807,5.471,26.2,63.4,-19.9,33.5,0.14,0.0,11.5,18.4,0.0,0.0,21.143,0.0,261.8,0.14,7.396,0.0,1
2024-02-19,CA_PNW,"Vancouver, BC",8.014,3.4,11.7,47.4,6,0.0,0,47.4,104.0,24.9,64.4,0,0,0,7,Open-Meteo Historical Weather API,ERA5,2024,2,1,8,WINTER,1.714,31.6,12.25,6.3,15.8,-12.25,0.5,0.0,0.0,1180.26,0,0,0,0,0,0,5.971,5.586,0.643,-0.807,6.1,26.2,-15.9,-19.9,0.0,0.14,21.3,11.5,0.0,0.0,0.0,21.143,143.1,0.14,7.346,0.0,1
2024-02-26,CA_PNW,"Vancouver, BC",3.529,-1.4,8.5,72.6,6,29.61,6,114.9,128.0,22.5,56.2,0,6,5,7,Open-Meteo Historical Weather API,ERA5,2024,2,1,9,WINTER,5.142,26.85,10.395,-1.614,45.75,19.215,1.704,117.14,47.776,1633.5,1,1,0,0,1,0,8.014,5.971,6.3,0.643,47.4,6.1,15.8,-15.9,0.0,0.0,24.9,21.3,0.0,0.0,0.0,0.0,152.3,29.75,5.775,5.0,1
2024-03-04,CA_PNW,"Vancouver, BC",4.086,-1.9,9.2,48.4,3,5.53,2,56.3,79.0,23.7,66.2,0,4,0,7,Open-Meteo Historical Weather API,ERA5,2024,3,1,10,SPRING,5.843,23.65,2.555,-1.757,24.75,2.975,1.047,85.039,9.716,1147.08,0,0,0,0,0,0,3.529,8.014,-1.614,6.3,72.6,47.4,45.75,15.8,29.61,0.0,22.5,24.9,5.0,0.0,117.14,0.0,174.5,35.14,5.4,5.0,1
2024-03-11,CA_PNW,"Vancouver, BC",8.6,2.0,19.5,34.6,3,0.14,0,34.8,53.0,18.0,46.4,0,0,0,7,Open-Meteo Historical Weather API,ERA5,2024,3,1,11,SPRING,6.993,61.7,2.765,1.607,-27.1,-2.625,-0.439,0.0,0.0,622.8,0,0,0,0,0,0,4.086,3.529,-1.757,-1.614,48.4,72.6,24.75,45.75,5.53,29.61,23.7,22.5,0.0,5.0,85.039,117.14,203.0,35.28,6.057,5.0,1
2024-03-18,CA_PNW,"Vancouver, BC",9.486,4.0,16.5,12.5,2,0.0,0,12.5,43.0,10.3,29.5,0,0,0,7,Open-Meteo Historical Weather API,ERA5,2024,3,1,12,SPRING,7.936,27.25,2.135,1.55,-14.75,-2.135,-0.541,0.0,0.0,128.75,0,0,0,0,0,0,8.6,4.086,1.607,-1.757,34.6,48.4,-27.1,24.75,0.14,5.53,18.0,23.7,0.0,0.0,0.0,85.039,168.1,35.28,6.425,5.0,1
2024-03-25,CA_PNW,"Vancouver, BC",8.243,3.1,13.4,35.8,5,0.0,0,35.8,74.0,16.6,51.1,0,0,0,7,Open-Meteo Historical Weather API,ERA5,2024,3,1,13,SPRING,7.972,46.0,3.745,0.272,-10.2,-3.745,-0.222,0.0,0.0,594.28,0,0,0,0,0,0,9.486,8.6,1.55,1.607,12.5,34.6,-14.75,-27.1,0.0,0.14,10.3,18.0,0.0,0.0,0.0,0.0,131.3,5.67,7.604,0.0,1
2024-04-01,CA_PNW,"Vancouver, BC",8.586,3.4,14.2,20.0,4,0.0,0,20.0,52.0,13.6,42.1,0,0,0,7,Open-Meteo Historical Weather API,ERA5,2024,4,2,14,SPRING,7.764,77.7,0.42,0.822,-57.7,-0.42,-0.743,0.0,0.0,272.0,0,0,0,0,0,0,8.243,9.486,0.272,1.55,35.8,12.5,-10.2,-14.75,0.0,0.0,16.6,10.3,0.0,0.0,0.0,0.0,102.9,0.14,8.729,0.0,1
2024-04-08,CA_PNW,"Vancouver, BC",8.957,3.4,15.5,48.3,4,0.0,0,48.3,52.0,18.4,38.5,0,0,0,7,Open-Meteo Historical Weather API,ERA5,2024,4,2,15,SPRING,6.764,27.75,1.575,2.193,20.55,-1.575,0.741,0.0,0.0,888.72,0,0,0,0,0,0,8.586,8.243,0.822,0.272,20.0,35.8,-57.7,-10.2,0.0,0.0,13.6,16.6,0.0,0.0,0.0,0.0,116.6,0.0,8.818,0.0,1
2024-04-15,CA_PNW,"Vancouver, BC",9.471,0.9,18.8,9.1,3,0.0,0,9.1,31.0,18.3,43.9,0,0,0,7,Open-Meteo Historical Weather API,ERA5,2024,4,2,16,SPRING,7.993,60.45,2.38,1.478,-51.35,-2.38,-0.849,0.0,0.0,166.53,0,0,0,0,0,0,8.957,8.586,2.193,0.822,48.3,20.0,20.55,-57.7,0.0,0.0,18.4,13.6,0.0,0.0,0.0,0.0,113.2,0.0,8.814,0.0,1
2024-04-22,CA_PNW,"Vancouver, BC",10.257,4.2,18.0,65.4,5,0.0,0,65.4,102.0,13.7,40.0,0,0,0,7,Open-Meteo Historical Weather API,ERA5,2024,4,2,17,SPRING,10.664,20.1,0.0,-0.408,45.3,0.0,2.254,26.651,0.0,895.98,1,0,0,0,0,0,9.471,8.957,1.478,2.193,9.1,48.3,-51.35,20.55,0.0,0.0,18.3,18.4,0.0,0.0,0.0,0.0,142.8,0.0,9.318,0.0,1
2024-04-29,CA_PNW,"Vancouver, BC",11.1,4.2,20.0,19.3,4,0.0,0,19.3,45.0,16.3,38.2,0,0,0,7,Open-Meteo Historical Weather API,ERA5,2024,4,2,18,SPRING,11.443,38.1,0.0,-0.343,-18.8,0.0,-0.493,6.62,0.0,314.59,0,0,0,0,0,0,10.257,9.471,-0.408,1.478,65.4,9.1,45.3,-51.35,0.0,0.0,13.7,18.3,0.0,0.0,26.651,0.0,142.1,0.0,9.946,0.0,1
2024-05-06,CA_PNW,"Vancouver, BC",14.414,5.1,24.8,15.9,2,0.0,0,15.9,37.0,14.1,41.8,0,0,0,7,Open-Meteo Historical Weather API,ERA5,2024,5,2,19,SPRING,12.95,34.6,0.175,1.464,-18.7,-0.175,-0.54,0.0,0.0,224.19,0,0,0,0,0,0,11.1,10.257,-0.343,-0.408,19.3,65.4,-18.8,45.3,0.0,0.0,16.3,13.7,0.0,0.0,6.62,26.651,109.7,0.0,11.31,0.0,1
2024-05-13,CA_PNW,"Vancouver, BC",13.014,8.1,19.6,17.7,3,0.0,0,17.7,46.0,20.9,49.7,0,0,0,7,Open-Meteo Historical Weather API,ERA5,2024,5,2,20,SPRING,15.264,15.5,0.0,-2.25,2.2,0.0,0.142,39.834,0.0,369.93,0,0,0,0,0,0,14.414,11.1,1.464,-0.343,15.9,19.3,-18.7,-18.8,0.0,0.0,14.1,16.3,0.0,0.0,0.0,6.62,118.3,0.0,12.196,0.0,1
2024-05-20,CA_PNW,"Vancouver, BC",11.643,7.6,16.6,69.6,5,0.0,0,69.6,102.0,16.0,35.3,0,0,0,7,Open-Meteo Historical Weather API,ERA5,2024,5,2,21,SPRING,14.407,19.3,0.0,-2.764,50.3,0.0,2.606,192.409,0.0,1113.6,1,0,0,0,0,0,13.014,14.414,-2.25,1.464,17.7,15.9,2.2,-18.7,0.0,0.0,20.9,14.1,0.0,0.0,39.834,0.0,122.5,0.0,12.543,0.0,1
2024-05-27,CA_PNW,"Vancouver, BC",12.729,6.5,18.8,58.1,6,0.0,0,58.1,94.0,17.5,41.8,0,0,0,7,Open-Meteo Historical Weather API,ERA5,2024,5,2,22,SPRING,14.965,41.2,0.0,-2.236,16.9,0.0,0.41,129.883,0.0,1016.75,1,0,0,0,0,0,11.643,13.014,-2.764,-2.25,69.6,17.7,50.3,2.2,0.0,0.0,16.0,20.9,0.0,0.0,192.409,39.834,161.3,0.0,12.95,0.0,1
2024-06-03,CA_PNW,"Vancouver, BC",15.271,8.4,25.6,52.0,2,0.0,0,52.0,44.0,21.8,52.2,0,0,0,7,Open-Meteo Historical Weather API,ERA5,2024,6,2,23,SUMMER,16.057,28.05,0.0,-0.786,23.95,0.0,0.854,40.872,0.0,1133.6,1,0,0,0,0,0,12.729,11.643,-2.236,-2.764,58.1,69.6,16.9,50.3,0.0,0.0,17.5,16.0,0.0,0.0,129.883,192.409,197.4,0.0,13.164,0.0,1
2024-06-10,CA_PNW,"Vancouver, BC",13.643,8.3,20.3,39.5,5,0.0,0,39.5,73.0,18.4,48.2,0,0,0,7,Open-Meteo Historical Weather API,ERA5,2024,6,2,24,SUMMER,14.764,15.5,0.0,-1.121,24.0,0.0,1.548,44.299,0.0,726.8,0,0,0,0,0,0,15.271,12.729,-0.786,-2.236,52.0,58.1,23.95,16.9,0.0,0.0,21.8,17.5,0.0,0.0,40.872,129.883,219.2,0.0,13.322,0.0,1
2024-06-17,CA_PNW,"Vancouver, BC",16.957,10.3,26.0,4.2,2,0.0,0,4.2,26.0,12.3,32.4,0,0,0,7,Open-Meteo Historical Weather API,ERA5,2024,6,2,25,SUMMER,16.315,12.6,0.0,0.642,-8.4,0.0,-0.667,0.0,0.0,51.66,0,0,0,0,0,0,13.643,15.271,-1.121,-0.786,39.5,52.0,24.0,23.95,0.0,0.0,18.4,21.8,0.0,0.0,44.299,40.872,153.8,0.0,14.65,0.0,1
2024-06-24,CA_PNW,"Vancouver, BC",16.7,11.1,23.5,18.6,5,0.0,0,18.6,61.0,11.2,32.0,0,0,0,7,Open-Meteo Historical Weather API,ERA5,2024,6,2,26,SUMMER,18.036,11.5,0.0,-1.336,7.1,0.0,0.617,24.85,0.0,208.32,0,0,0,0,0,0,16.957,13.643,0.642,-1.121,4.2,39.5,-8.4,24.0,0.0,0.0,12.3,18.4,0.0,0.0,0.0,44.299,114.3,0.0,15.643,0.0,1
2024-07-01,CA_PNW,"Vancouver, BC",19.829,12.1,29.9,1.2,0,0.0,0,1.2,11.0,10.6,29.9,0,0,0,7,Open-Meteo Historical Weather API,ERA5,2024,7,3,27,SUMMER,19.043,2.833,0.0,0.786,-1.633,0.0,-0.576,0.0,0.0,12.72,0,0,0,0,0,0,16.7,16.957,-1.336,0.642,18.6,4.2,7.1,-8.4,0.0,0.0,11.2,12.3,0.0,0.0,24.85,0.0,63.5,0.0,16.782,0.0,1
2024-07-08,CA_PNW,"Vancouver, BC",22.443,15.0,30.9,0.0,0,0.0,0,0.0,0.0,10.1,26.3,0,0,0,7,Open-Meteo Historical Weather API,ERA5,2024,7,3,28,SUMMER,18.719,1.5,0.0,3.724,-1.5,0.0,-1.0,0.0,0.0,0.0,0,0,0,0,0,0,19.829,16.7,0.786,-1.336,1.2,18.6,-1.633,7.1,0.0,0.0,10.6,11.2,0.0,0.0,0.0,24.85,24.0,0.0,18.982,0.0,1
2024-07-15,CA_PNW,"Vancouver, BC",21.357,13.9,28.9,0.0,0,0.0,0,0.0,0.0,13.1,28.1,0,0,0,7,Open-Meteo Historical Weather API,ERA5,2024,7,3,29,SUMMER,19.552,0.633,0.0,1.805,-0.633,0.0,-0.633,0.0,0.0,0.0,0,0,0,0,0,0,22.443,19.829,3.724,0.786,0.0,1.2,-1.5,-1.633,0.0,0.0,10.1,10.6,0.0,0.0,0.0,0.0,19.8,0.0,20.082,0.0,1
2024-07-22,CA_PNW,"Vancouver, BC",17.757,12.5,23.0,5.1,1,0.0,0,5.1,19.0,12.4,31.0,0,0,0,7,Open-Meteo Historical Weather API,ERA5,2024,7,3,30,SUMMER,21.7,13.033,0.0,-3.943,-7.933,0.0,-0.609,20.109,0.0,63.24,0,0,0,0,0,0,21.357,22.443,1.805,3.724,0.0,0.0,-0.633,-1.5,0.0,0.0,13.1,10.1,0.0,0.0,0.0,0.0,6.3,0.0,20.346,0.0,1
2024-07-29,CA_PNW,"Vancouver, BC",20.1,14.6,27.6,20.7,3,0.0,0,20.7,53.0,11.9,28.1,0,0,0,7,Open-Meteo Historical Weather API,ERA5,2024,7,3,31,SUMMER,20.005,10.133,0.0,0.095,10.567,0.0,1.043,0.0,0.0,246.33,0,0,0,0,0,0,17.757,21.357,-3.943,1.805,5.1,0.0,-7.933,-0.633,0.0,0.0,12.4,13.1,0.0,0.0,20.109,0.0,25.8,0.0,20.414,0.0,1
2024-08-05,CA_PNW,"Vancouver, BC",20.257,14.1,28.5,0.4,0,0.0,0,0.4,1.0,10.7,25.6,0,0,0,7,Open-Meteo Historical Weather API,ERA5,2024,8,3,32,SUMMER,20.914,4.833,0.0,-0.657,-4.433,0.0,-0.917,0.263,0.0,4.28,0,0,0,0,0,0,20.1,17.757,0.095,-3.943,20.7,5.1,10.567,-7.933,0.0,0.0,11.9,12.4,0.0,0.0,0.0,20.109,26.2,0.0,19.868,0.0,1
2024-08-12,CA_PNW,"Vancouver, BC",18.671,14.3,27.0,15.3,1,0.0,0,15.3,31.0,16.6,39.2,0,0,0,7,Open-Meteo Historical Weather API,ERA5,2024,8,3,33,SUMMER,20.243,7.3,0.0,-1.572,8.0,0.0,1.096,24.046,0.0,253.98,0,0,0,0,0,0,20.257,20.1,-0.657,0.095,0.4,20.7,-4.433,10.567,0.0,0.0,10.7,11.9,0.0,0.0,0.263,0.0,41.5,0.0,19.196,0.0,1
2024-08-19,CA_PNW,"Vancouver, BC",16.786,13.8,21.9,68.9,5,0.0,0,68.9,91.0,12.7,31.0,0,0,0,7,Open-Meteo Historical Weather API,ERA5,2024,8,3,34,SUMMER,18.586,5.8,0.0,-1.8,63.1,0.0,10.879,124.02,0.0,875.03,1,0,0,0,0,0,18.671,20.257,-1.572,-0.657,15.3,0.4,8.0,-4.433,0.0,0.0,16.6,10.7,0.0,0.0,24.046,0.263,105.3,0.0,18.954,0.0,1
2024-08-26,CA_PNW,"Vancouver, BC",17.914,10.7,27.6,21.7,2,0.0,0,21.7,26.0,15.1,40.0,0,0,0,7,Open-Meteo Historical Weather API,ERA5,2024,8,3,35,SUMMER,18.029,12.033,0.0,-0.115,9.667,0.0,0.803,2.488,0.0,327.67,0,0,0,0,0,0,16.786,18.671,-1.8,-1.572,68.9,15.3,63.1,8.0,0.0,0.0,12.7,16.6,0.0,0.0,124.02,24.046,106.3,0.0,18.407,0.0,1
2024-09-02,CA_PNW,"Vancouver, BC",20.129,13.6,29.7,0.2,0,0.0,0,0.2,2.0,9.9,25.2,0,0,0,7,Open-Meteo Historical Weather API,ERA5,2024,9,3,36,FALL,17.462,4.5,0.0,2.667,-4.3,0.0,-0.956,0.0,0.0,1.98,0,0,0,0,0,0,17.914,16.786,-0.115,-1.8,21.7,68.9,9.667,63.1,0.0,0.0,15.1,12.7,0.0,0.0,2.488,124.02,106.1,0.0,18.375,0.0,1
2024-09-09,CA_PNW,"Vancouver, BC",15.443,11.9,20.1,30.4,3,0.0,0,30.4,53.0,13.0,34.6,0,0,0,7,Open-Meteo Historical Weather API,ERA5,2024,9,3,37,FALL,15.548,48.233,0.0,-0.105,-17.833,0.0,-0.37,3.182,0.0,395.2,0,0,0,0,0,0,20.129,17.914,2.667,-0.115,0.2,21.7,-4.3,9.667,0.0,0.0,9.9,15.1,0.0,0.0,0.0,2.488,121.2,0.0,17.568,0.0,1
2024-09-16,CA_PNW,"Vancouver, BC",14.486,9.8,19.6,5.2,1,0.0,0,5.2,21.0,10.5,27.4,0,0,0,7,Open-Meteo Historical Weather API,ERA5,2024,9,3,38,FALL,15.2,22.833,0.0,-0.714,-17.633,0.0,-0.772,3.713,0.0,54.6,0,0,0,0,0,0,15.443,20.129,-0.105,2.667,30.4,0.2,-17.833,-4.3,0.0,0.0,13.0,9.9,0.0,0.0,3.182,0.0,57.5,0.0,16.993,0.0,1
2024-09-23,CA_PNW,"Vancouver, BC",14.5,8.7,22.5,60.1,4,0.0,0,60.1,87.0,19.8,50.4,0,0,0,7,Open-Meteo Historical Weather API,ERA5,2024,9,3,39,FALL,14.238,73.6,0.0,0.262,-13.5,0.0,-0.183,0.0,0.0,1189.98,1,0,0,0,0,0,14.486,15.443,-0.714,-0.105,5.2,30.4,-17.633,-17.833,0.0,0.0,10.5,13.0,0.0,0.0,3.713,3.182,95.9,0.0,16.14,0.0,1
2024-09-30,CA_PNW,"Vancouver, BC",12.271,7.1,17.2,27.8,2,0.0,0,27.8,27.0,15.3,39.6,0,0,0,7,Open-Meteo Historical Weather API,ERA5,2024,9,3,40,FALL,13.9,21.6,0.0,-1.629,6.2,0.0,0.287,45.277,0.0,425.34,0,0,0,0,0,0,14.5,14.486,0.262,-0.714,60.1,5.2,-13.5,-17.633,0.0,0.0,19.8,10.5,0.0,0.0,0.0,3.713,123.5,0.0,14.175,0.0,1
2024-10-07,CA_PNW,"Vancouver, BC",13.143,7.3,19.6,14.7,2,0.0,0,14.7,31.0,10.9,32.4,0,0,0,7,Open-Meteo Historical Weather API,ERA5,2024,10,4,41,FALL,12.848,74.167,0.0,0.295,-59.467,0.0,-0.802,0.0,0.0,160.23,0,0,0,0,0,0,12.271,14.5,-1.629,0.262,27.8,60.1,6.2,-13.5,0.0,0.0,15.3,19.8,0.0,0.0,45.277,0.0,107.8,0.0,13.6,0.0,1
2024-10-14,CA_PNW,"Vancouver, BC",11.257,6.8,15.8,217.5,6,0.0,0,217.5,108.0,19.3,51.5,0,0,0,7,Open-Meteo Historical Weather API,ERA5,2024,10,4,42,FALL,11.876,60.867,0.0,-0.619,156.633,0.0,2.573,134.705,0.0,4197.75,1,0,0,0,0,0,13.143,12.271,0.295,-1.629,14.7,27.8,-59.467,6.2,0.0,0.0,10.9,15.3,0.0,0.0,0.0,45.277,320.1,0.0,12.793,0.0,1
2024-10-21,CA_PNW,"Vancouver, BC",9.6,3.8,14.4,70.0,4,0.0,0,70.0,77.0,19.8,69.1,0,0,0,7,Open-Meteo Historical Weather API,ERA5,2024,10,4,43,FALL,8.419,101.6,0.117,1.181,-31.6,-0.117,-0.311,0.0,0.0,1386.0,1,0,0,0,0,0,11.257,13.143,-0.619,0.295,217.5,14.7,156.633,-59.467,0.0,0.0,19.3,10.9,0.0,0.0,134.705,0.0,330.0,0.0,11.568,0.0,1
2024-10-28,CA_PNW,"Vancouver, BC",8.8,7.2,12.0,76.8,7,0.0,0,76.8,132.0,16.0,39.6,0,0,0,7,Open-Meteo Historical Weather API,ERA5,2024,10,4,44,FALL,8.248,110.3,8.54,0.552,-33.5,-8.54,-0.304,0.0,0.0,1228.8,1,0,0,0,0,0,9.6,11.257,1.181,-0.619,70.0,217.5,-31.6,156.633,0.0,0.0,19.8,19.3,0.0,0.0,0.0,134.705,379.0,0.0,10.7,0.0,1
2024-11-04,CA_PNW,"Vancouver, BC",9.6,5.9,13.9,55.6,4,0.0,0,55.6,52.0,26.3,68.8,0,0,0,7,Open-Meteo Historical Weather API,ERA5,2024,11,4,45,FALL,6.776,99.7,0.303,2.824,-44.1,-0.303,-0.442,0.0,0.0,1462.28,1,0,0,0,0,0,8.8,9.6,0.552,1.181,76.8,70.0,-33.5,-31.6,0.0,0.0,16.0,19.8,0.0,0.0,0.0,0.0,419.9,0.0,9.814,0.0,1
2024-11-11,CA_PNW,"Vancouver, BC",7.871,3.4,11.0,168.6,7,4.97,1,175.7,138.0,23.9,75.6,0,1,1,7,Open-Meteo Historical Weather API,ERA5,2024,11,4,46,FALL,5.462,36.933,0.093,2.409,131.667,4.877,3.565,0.0,0.0,4029.54,1,0,0,0,0,0,9.6,8.8,2.824,0.552,55.6,76.8,-44.1,-33.5,0.0,0.0,26.3,16.0,0.0,0.0,0.0,0.0,371.0,4.97,8.968,1.0,1
2024-11-18,CA_PNW,"Vancouver, BC",6.743,2.0,10.0,47.3,7,7.28,2,57.7,130.0,25.5,72.4,0,2,2,7,Open-Meteo Historical Weather API,ERA5,2024,11,4,47,FALL,6.681,81.7,0.163,0.062,-34.4,7.117,-0.421,0.0,0.0,1206.15,0,0,0,0,1,0,7.871,9.6,2.409,2.824,168.6,55.6,131.667,-44.1,4.97,0.0,23.9,26.3,1.0,0.0,0.0,0.0,348.3,12.25,8.253,3.0,1
2024-11-25,CA_PNW,"Vancouver, BC",4.643,1.2,9.7,11.8,3,0.07,0,11.9,61.0,10.3,23.4,0,4,2,7,Open-Meteo Historical Weather API,ERA5,2024,11,4,48,FALL,3.8,45.667,11.573,0.843,-33.867,-11.503,-0.742,0.0,0.0,121.54,0,0,0,0,1,0,6.743,7.871,0.062,2.409,47.3,168.6,-34.4,131.667,7.28,4.97,25.5,23.9,2.0,1.0,0.0,0.0,283.3,12.32,7.214,5.0,1
2024-12-02,CA_PNW,"Vancouver, BC",6.271,2.4,10.8,49.9,3,0.0,0,49.9,39.0,14.9,46.4,0,3,0,7,Open-Meteo Historical Weather API,ERA5,2024,12,4,49,WINTER,4.662,68.967,24.523,1.609,-19.067,-24.523,-0.276,0.0,0.0,743.51,0,0,0,0,0,0,4.643,6.743,0.843,0.062,11.8,47.3,-33.867,-34.4,0.07,7.28,10.3,25.5,2.0,2.0,0.0,0.0,277.6,12.32,6.382,5.0,1
2024-12-09,CA_PNW,"Vancouver, BC",5.843,1.2,9.3,59.4,3,0.07,0,59.5,70.0,31.0,87.1,0,2,0,7,Open-Meteo Historical Weather API,ERA5,2024,12,4,50,WINTER,3.681,14.633,11.97,2.162,44.767,-11.9,3.059,0.0,0.0,1841.4,1,0,0,0,0,0,6.271,4.643,1.609,0.843,49.9,11.8,-19.067,-33.867,0.0,0.07,14.9,10.3,0.0,2.0,0.0,0.0,168.4,7.42,5.875,4.0,1
2024-12-16,CA_PNW,"Vancouver, BC",7.743,3.9,10.3,112.9,7,2.17,1,116.0,89.0,17.7,54.4,0,1,1,7,Open-Meteo Historical Weather API,ERA5,2024,12,4,51,WINTER,1.4,57.033,11.69,6.343,55.867,-9.52,0.98,0.0,0.0,1998.33,1,0,0,0,0,0,5.843,6.271,2.162,1.609,59.4,49.9,44.767,-19.067,0.07,0.0,31.0,14.9,0.0,0.0,0.0,0.0,234.0,2.31,6.125,3.0,1
2024-12-23,CA_PNW,"Vancouver, BC",7.314,5.4,10.0,118.1,7,2.8,1,122.1,127.0,21.7,61.9,0,0,0,7,Open-Meteo Historical Weather API,ERA5,2024,12,4,52,WINTER,3.914,74.2,9.52,3.4,43.9,-6.72,0.592,0.0,0.0,2562.77,1,0,0,0,0,0,7.743,5.843,6.343,2.162,112.9,59.4,55.867,44.767,2.17,0.07,17.7,31.0,1.0,0.0,0.0,0.0,340.3,5.04,6.793,1.0,1
2024-12-30,CA_PNW,"Vancouver, BC",5.386,3.2,8.6,34.0,5,0.91,0,35.3,70.0,13.0,32.4,0,3,2,7,Open-Meteo Historical Weather API,ERA5,2024,12,4,1,WINTER,4.905,57.367,15.12,0.481,-23.367,-14.21,-0.407,0.0,0.0,442.0,0,0,0,0,1,0,7.314,7.743,3.4,6.343,118.1,112.9,43.9,55.867,2.8,2.17,21.7,17.7,0.0,1.0,0.0,0.0,324.4,5.95,6.571,3.0,1
2025-01-06,CA_PNW,"Vancouver, BC",5.9,2.5,9.3,17.8,3,0.0,0,17.8,42.0,13.3,32.4,0,1,0,7,Open-Meteo Historical Weather API,ERA5,2025,1,1,2,WINTER,4.286,83.933,2.73,1.614,-66.133,-2.73,-0.788,0.0,0.0,236.74,0,0,0,0,0,0,5.386,7.314,0.481,3.4,34.0,118.1,-23.367,43.9,0.91,2.8,13.0,21.7,2.0,0.0,0.0,0.0,282.8,5.88,6.586,3.0,1
2025-01-13,CA_PNW,"Vancouver, BC",3.757,-0.6,8.4,0.7,0,0.0,0,0.7,5.0,15.0,35.6,0,7,0,7,Open-Meteo Historical Weather API,ERA5,2025,1,1,3,WINTER,3.981,43.967,6.113,-0.224,-43.267,-6.113,-0.984,0.157,0.0,10.5,0,0,0,0,0,0,5.9,5.386,1.614,0.481,17.8,34.0,-66.133,-23.367,0.0,0.91,13.3,13.0,0.0,2.0,0.0,0.0,170.6,3.71,5.589,2.0,1
2025-01-20,CA_PNW,"Vancouver, BC",2.214,-1.7,8.2,0.0,0,0.07,0,0.1,1.0,9.3,19.1,0,7,0,7,Open-Meteo Historical Weather API,ERA5,2025,1,1,4,WINTER,5.557,69.933,0.047,-3.343,-69.933,0.023,-1.0,0.0,0.234,0.0,0,0,0,0,0,0,3.757,5.9,-0.224,1.614,0.7,17.8,-43.267,-66.133,0.0,0.0,15.0,13.3,0.0,0.0,0.157,0.0,52.5,0.98,4.314,2.0,1
2025-01-27,CA_PNW,"Vancouver, BC",2.471,-1.6,7.7,31.1,2,15.68,3,53.5,68.0,19.7,47.9,0,7,2,7,Open-Meteo Historical Weather API,ERA5,2025,1,1,5,WINTER,6.167,41.067,2.007,-3.696,-9.967,13.673,-0.243,114.935,57.948,612.67,0,1,0,0,1,0,2.214,3.757,-3.343,-0.224,0.0,0.7,-69.933,-43.267,0.07,0.0,9.3,15.0,0.0,0.0,0.0,0.157,49.6,15.75,3.586,2.0,1
2025-02-03,CA_PNW,"Vancouver, BC",-1.843,-6.9,3.9,0.1,0,6.72,1,9.7,43.0,18.3,40.0,0,7,0,7,Open-Meteo Historical Weather API,ERA5,2025,2,1,6,WINTER,6.124,39.467,0.303,-7.967,-39.367,6.417,-0.997,0.797,53.538,1.83,0,0,1,0,0,0,2.471,2.214,-3.696,-3.343,31.1,0.0,-9.967,-69.933,15.68,0.07,19.7,9.3,2.0,0.0,114.935,0.0,31.9,22.47,1.65,2.0,1
2025-02-10,CA_PNW,"Vancouver, BC",-0.343,-10.5,5.4,18.1,2,3.15,1,22.6,47.0,14.2,37.1,0,7,2,7,Open-Meteo Historical Weather API,ERA5,2025,2,1,7,WINTER,5.543,16.7,2.613,-5.886,1.4,0.537,0.084,106.531,18.54,257.02,0,0,1,0,1,0,-1.843,2.471,-7.967,-3.696,0.1,31.1,-39.367,-9.967,6.72,15.68,18.3,19.7,0.0,2.0,0.797,114.935,49.3,25.62,0.625,4.0,1
2025-02-17,CA_PNW,"Vancouver, BC",7.757,4.6,11.8,105.6,5,0.0,0,105.6,108.0,21.6,54.4,0,0,0,7,Open-Meteo Historical Weather API,ERA5,2025,2,1,8,WINTER,3.814,36.867,8.167,3.943,68.733,-8.167,1.864,0.0,0.0,2280.96,1,0,0,0,0,0,-0.343,-1.843,-5.886,-7.967,18.1,0.1,1.4,-39.367,3.15,6.72,14.2,18.3,2.0,0.0,106.531,0.797,154.9,25.55,2.01,4.0,1
2025-02-24,CA_PNW,"Vancouver, BC",9.2,5.5,14.6,29.4,2,0.0,0,29.4,35.0,22.5,55.4,0,0,0,7,Open-Meteo Historical Weather API,ERA5,2025,2,1,9,WINTER,4.605,42.1,16.8,4.595,-12.7,-16.8,-0.302,0.0,0.0,661.5,0,0,0,0,0,0,7.757,-0.343,3.943,-5.886,105.6,18.1,68.733,1.4,0.0,3.15,21.6,14.2,0.0,2.0,0.0,106.531,153.2,9.87,3.693,2.0,1
2025-03-03,CA_PNW,"Vancouver, BC",7.214,2.6,11.0,85.0,5,0.21,0,85.3,93.0,19.4,50.0,0,0,0,7,Open-Meteo Historical Weather API,ERA5,2025,3,1,10,SPRING,5.257,31.9,3.547,1.957,53.1,-3.337,1.665,0.0,0.0,1649.0,1,0,0,0,0,0,9.2,7.757,4.595,3.943,29.4,105.6,-12.7,68.733,0.0,0.0,22.5,21.6,0.0,0.0,0.0,0.0,238.1,3.36,5.957,2.0,1
2025-03-10,CA_PNW,"Vancouver, BC",5.557,1.9,10.1,58.0,6,14.0,5,78.0,135.0,13.3,36.4,0,2,2,7,Open-Meteo Historical Weather API,ERA5,2025,3,1,11,SPRING,7.529,52.667,1.89,-1.972,5.333,12.11,0.101,114.357,27.603,771.4,1,0,0,0,1,0,7.214,9.2,1.957,4.595,85.0,29.4,53.1,-12.7,0.21,0.0,19.4,22.5,0.0,0.0,0.0,0.0,278.0,14.21,7.432,2.0,1
2025-03-17,CA_PNW,"Vancouver, BC",6.329,1.4,9.8,97.4,6,3.92,1,103.0,118.0,19.2,46.1,0,0,0,7,Open-Meteo Historical Weather API,ERA5,2025,3,1,12,SPRING,8.453,22.333,1.423,-2.124,75.067,2.497,3.361,206.845,8.325,1870.08,1,0,0,0,0,0,5.557,7.214,-1.972,1.957,58.0,85.0,5.333,53.1,14.0,0.21,13.3,19.4,2.0,0.0,114.357,0.0,269.8,18.13,7.075,2.0,1
2025-03-24,CA_PNW,"Vancouver, BC",10.329,4.4,17.0,81.3,5,0.0,0,81.3,96.0,14.5,46.1,0,0,0,7,Open-Meteo Historical Weather API,ERA5,2025,3,1,13,SPRING,8.062,42.6,2.497,2.267,38.7,-2.497,0.908,0.0,0.0,1178.85,1,0,0,0,0,0,6.329,5.557,-2.124,-1.972,97.4,58.0,75.067,5.333,3.92,14.0,19.2,13.3,0.0,2.0,206.845,114.357,321.7,18.13,7.357,2.0,1
2025-03-31,CA_PNW,"Vancouver, BC",9.7,3.5,18.4,50.4,4,0.0,0,50.4,76.0,12.4,31.7,0,0,0,7,Open-Meteo Historical Weather API,ERA5,2025,3,1,14,SPRING,8.038,58.467,0.28,1.662,-8.067,-0.28,-0.138,0.0,0.0,624.96,1,0,0,0,0,0,10.329,6.329,2.267,-2.124,81.3,97.4,38.7,75.067,0.0,3.92,14.5,19.2,0.0,0.0,0.0,206.845,287.1,17.92,7.979,2.0,1
2025-04-07,CA_PNW,"Vancouver, BC",9.286,2.6,14.8,70.2,5,0.0,0,70.2,78.0,18.3,54.7,0,0,0,7,Open-Meteo Historical Weather API,ERA5,2025,4,2,15,SPRING,7.495,34.6,1.05,1.791,35.6,-1.05,1.029,0.0,0.0,1284.66,1,0,0,0,0,0,9.7,10.329,1.662,2.267,50.4,81.3,-8.067,38.7,0.0,0.0,12.4,14.5,0.0,0.0,0.0,0.0,299.3,3.92,8.911,0.0,1
2025-04-14,CA_PNW,"Vancouver, BC",10.843,4.4,17.5,1.9,1,0.0,0,1.9,12.0,11.6,37.1,0,0,0,7,Open-Meteo Historical Weather API,ERA5,2025,4,2,16,SPRING,8.486,43.333,1.587,2.357,-41.433,-1.587,-0.956,0.0,0.0,22.04,0,0,0,0,0,0,9.286,9.7,1.791,1.662,70.2,50.4,35.6,-8.067,0.0,0.0,18.3,12.4,0.0,0.0,0.0,0.0,203.8,0.0,10.04,0.0,1
2025-04-21,CA_PNW,"Vancouver, BC",11.4,3.5,20.6,0.6,0,0.0,0,0.6,6.0,13.3,29.9,0,0,0,7,Open-Meteo Historical Weather API,ERA5,2025,4,2,17,SPRING,10.529,35.2,0.0,0.871,-34.6,0.0,-0.983,0.0,0.0,7.98,0,0,0,0,0,0,10.843,9.286,2.357,1.791,1.9,70.2,-41.433,35.6,0.0,0.0,11.6,18.3,0.0,0.0,0.0,0.0,123.1,0.0,10.307,0.0,1
2025-04-28,CA_PNW,"Vancouver, BC",12.129,6.0,21.6,25.6,4,0.0,0,25.6,60.0,15.6,36.4,0,0,0,7,Open-Meteo Historical Weather API,ERA5,2025,4,2,18,SPRING,11.329,31.833,0.0,0.8,-6.233,0.0,-0.196,0.0,0.0,399.36,0,0,0,0,0,0,11.4,10.843,0.871,2.357,0.6,1.9,-34.6,-41.433,0.0,0.0,13.3,11.6,0.0,0.0,0.0,0.0,98.3,0.0,10.914,0.0,1
2025-05-05,CA_PNW,"Vancouver, BC",13.257,5.9,21.4,11.4,3,0.0,0,11.4,33.0,13.0,35.3,0,0,0,7,Open-Meteo Historical Weather API,ERA5,2025,5,2,19,SPRING,13.438,28.367,0.117,-0.181,-16.967,-0.117,-0.598,2.063,0.0,148.2,0,0,0,0,0,0,12.129,11.4,0.8,0.871,25.6,0.6,-6.233,-34.6,0.0,0.0,15.6,13.3,0.0,0.0,0.0,0.0,39.5,0.0,11.907,0.0,1
2025-05-12,CA_PNW,"Vancouver, BC",11.986,8.5,16.7,36.4,5,0.0,0,36.4,84.0,13.4,36.4,0,0,0,7,Open-Meteo Historical Weather API,ERA5,2025,5,2,20,SPRING,14.514,16.233,0.0,-2.528,20.167,0.0,1.242,92.031,0.0,487.76,0,0,0,0,0,0,13.257,12.129,-0.181,0.8,11.4,25.6,-16.967,-6.233,0.0,0.0,13.0,15.6,0.0,0.0,2.063,0.0,74.0,0.0,12.193,0.0,1
2025-05-19,CA_PNW,"Vancouver, BC",12.9,6.8,20.7,38.6,3,0.0,0,38.6,59.0,16.1,36.4,0,0,0,7,Open-Meteo Historical Weather API,ERA5,2025,5,2,21,SPRING,13.486,36.067,0.0,-0.586,2.533,0.0,0.07,22.62,0.0,621.46,0,0,0,0,0,0,11.986,13.257,-2.528,-0.181,36.4,11.4,20.167,-16.967,0.0,0.0,13.4,13.0,0.0,0.0,92.031,2.063,112.0,0.0,12.568,0.0,1
2025-05-26,CA_PNW,"Vancouver, BC",15.643,9.9,25.9,28.7,3,0.0,0,28.7,40.0,12.3,37.1,0,0,0,7,Open-Meteo Historical Weather API,ERA5,2025,5,2,22,SPRING,14.219,46.833,0.0,1.424,-18.133,0.0,-0.387,0.0,0.0,353.01,0,0,0,0,0,0,12.9,11.986,-0.586,-2.528,38.6,36.4,2.533,20.167,0.0,0.0,16.1,13.4,0.0,0.0,22.62,92.031,115.1,0.0,13.446,0.0,1
2025-06-02,CA_PNW,"Vancouver, BC",17.4,9.8,27.9,0.2,0,0.0,0,0.2,2.0,11.7,30.2,0,0,0,7,Open-Meteo Historical Weather API,ERA5,2025,6,2,23,SUMMER,15.795,36.033,0.0,1.605,-35.833,0.0,-0.994,0.0,0.0,2.34,0,0,0,0,0,0,15.643,12.9,1.424,-0.586,28.7,38.6,-18.133,2.533,0.0,0.0,12.3,16.1,0.0,0.0,0.0,22.62,103.9,0.0,14.482,0.0,1
2025-06-09,CA_PNW,"Vancouver, BC",16.214,11.0,23.6,1.9,1,0.0,0,1.9,12.0,10.7,28.1,0,0,0,7,Open-Meteo Historical Weather API,ERA5,2025,6,2,24,SUMMER,14.391,23.5,0.0,1.823,-21.6,0.0,-0.919,0.0,0.0,20.33,0,0,0,0,0,0,17.4,15.643,1.605,1.424,0.2,28.7,-35.833,-18.133,0.0,0.0,11.7,12.3,0.0,0.0,0.0,0.0,69.4,0.0,15.539,0.0,1
2025-06-16,CA_PNW,"Vancouver, BC",14.971,10.1,20.8,33.1,3,0.0,0,33.1,62.0,12.9,38.2,0,0,0,7,Open-Meteo Historical Weather API,ERA5,2025,6,2,25,SUMMER,16.529,9.8,0.0,-1.558,23.3,0.0,2.378,51.559,0.0,426.99,0,0,0,0,0,0,16.214,17.4,1.823,1.605,1.9,0.2,-21.6,-35.833,0.0,0.0,10.7,11.7,0.0,0.0,0.0,0.0,63.9,0.0,16.057,0.0,1
2025-06-23,CA_PNW,"Vancouver, BC",16.443,12.1,24.2,5.6,2,0.0,0,5.6,32.0,10.2,30.2,0,0,0,7,Open-Meteo Historical Weather API,ERA5,2025,6,2,26,SUMMER,17.591,13.867,0.0,-1.148,-8.267,0.0,-0.596,6.427,0.0,57.12,0,0,0,0,0,0,14.971,16.214,-1.558,1.823,33.1,1.9,23.3,-21.6,0.0,0.0,12.9,10.7,0.0,0.0,51.559,0.0,40.8,0.0,16.257,0.0,1
2025-06-30,CA_PNW,"Vancouver, BC",18.943,12.4,27.3,0.1,0,0.0,0,0.1,1.0,10.4,29.2,0,0,0,7,Open-Meteo Historical Weather API,ERA5,2025,6,2,27,SUMMER,19.24,2.425,0.0,-0.296,-2.325,0.0,-0.959,0.03,0.0,1.04,0,0,0,0,0,0,16.443,14.971,-1.148,-1.558,5.6,33.1,-8.267,23.3,0.0,0.0,10.2,12.9,0.0,0.0,6.427,51.559,40.7,0.0,16.643,0.0,1
2025-07-07,CA_PNW,"Vancouver, BC",19.957,14.2,27.9,12.7,2,0.0,0,12.7,30.0,12.7,33.5,0,0,0,7,Open-Meteo Historical Weather API,ERA5,2025,7,3,28,SUMMER,19.65,1.125,0.0,0.307,11.575,0.0,10.289,0.0,0.0,161.29,0,0,0,0,0,0,18.943,16.443,-0.296,-1.148,0.1,5.6,-2.325,-8.267,0.0,0.0,10.4,10.2,0.0,0.0,0.03,6.427,51.5,0.0,17.578,0.0,1
2025-07-14,CA_PNW,"Vancouver, BC",20.086,13.6,28.7,0.3,0,0.0,0,0.3,2.0,14.4,29.9,0,0,0,7,Open-Meteo Historical Weather API,ERA5,2025,7,3,29,SUMMER,20.003,0.475,0.0,0.083,-0.175,0.0,-0.175,0.0,0.0,4.32,0,0,0,0,0,0,19.957,18.943,0.307,-0.296,12.7,0.1,11.575,-2.325,0.0,0.0,12.7,10.4,0.0,0.0,0.0,0.03,18.7,0.0,18.857,0.0,1
2025-07-21,CA_PNW,"Vancouver, BC",18.429,12.5,24.7,0.5,0,0.0,0,0.5,5.0,10.7,29.9,0,0,0,7,Open-Meteo Historical Weather API,ERA5,2025,7,3,30,SUMMER,20.714,11.05,0.0,-2.285,-10.55,0.0,-0.955,1.143,0.0,5.35,0,0,0,0,0,0,20.086,19.957,0.083,0.307,0.3,12.7,-0.175,11.575,0.0,0.0,14.4,12.7,0.0,0.0,0.0,0.0,13.6,0.0,19.354,0.0,1
2025-07-28,CA_PNW,"Vancouver, BC",19.943,12.7,27.6,0.0,0,0.0,0,0.0,0.0,10.8,29.9,0,0,0,7,Open-Meteo Historical Weather API,ERA5,2025,7,3,31,SUMMER,20.028,12.775,0.0,-0.085,-12.775,0.0,-1.0,0.0,0.0,0.0,0,0,0,0,0,0,18.429,20.086,-2.285,0.083,0.5,0.3,-10.55,-0.175,0.0,0.0,10.7,14.4,0.0,0.0,1.143,0.0,13.5,0.0,19.604,0.0,1
2025-08-04,CA_PNW,"Vancouver, BC",18.671,13.8,27.0,25.1,3,0.0,0,25.1,44.0,13.3,35.3,0,0,0,7,Open-Meteo Historical Weather API,ERA5,2025,8,3,32,SUMMER,20.75,3.725,0.0,-2.079,21.375,0.0,5.738,52.183,0.0,333.83,0,0,0,0,0,0,19.943,18.429,-0.085,-2.285,0.0,0.5,-12.775,-10.55,0.0,0.0,10.8,10.7,0.0,0.0,0.0,1.143,25.9,0.0,19.282,0.0,1
2025-08-11,CA_PNW,"Vancouver, BC",19.757,14.4,29.2,66.3,3,0.0,0,66.3,56.0,20.5,41.8,0,0,0,7,Open-Meteo Historical Weather API,ERA5,2025,8,3,33,SUMMER,19.85,9.3,0.0,-0.093,57.0,0.0,6.129,6.149,0.0,1359.15,1,0,0,0,0,0,18.671,19.943,-2.079,-0.085,25.1,0.0,21.375,-12.775,0.0,0.0,13.3,10.8,0.0,0.0,52.183,0.0,91.9,0.0,19.2,0.0,1
2025-08-18,CA_PNW,"Vancouver, BC",20.1,12.3,29.8,1.2,0,0.0,0,1.2,10.0,9.0,27.7,0,0,0,7,Open-Meteo Historical Weather API,ERA5,2025,8,3,34,SUMMER,18.136,21.575,0.0,1.964,-20.375,0.0,-0.944,0.0,0.0,10.8,0,0,0,0,0,0,19.757,18.671,-0.093,-2.079,66.3,25.1,57.0,21.375,0.0,0.0,20.5,13.3,0.0,0.0,6.149,52.183,92.6,0.0,19.618,0.0,1
2025-08-25,CA_PNW,"Vancouver, BC",20.629,14.8,29.0,0.2,0,0.0,0,0.2,2.0,10.2,24.5,0,0,0,7,Open-Meteo Historical Weather API,ERA5,2025,8,3,35,SUMMER,18.0,14.45,0.0,2.629,-14.25,0.0,-0.986,0.0,0.0,2.04,0,0,0,0,0,0,20.1,19.757,1.964,-0.093,1.2,66.3,-20.375,57.0,0.0,0.0,9.0,20.5,0.0,0.0,0.0,6.149,92.8,0.0,19.789,0.0,1
2025-09-01,CA_PNW,"Vancouver, BC",19.314,14.8,27.4,1.0,0,0.0,0,1.0,6.0,9.8,23.8,0,0,0,7,Open-Meteo Historical Weather API,ERA5,2025,9,3,36,FALL,18.129,3.425,0.0,1.185,-2.425,0.0,-0.708,0.0,0.0,9.8,0,0,0,0,0,0,20.629,20.1,2.629,1.964,0.2,1.2,-14.25,-20.375,0.0,0.0,10.2,9.0,0.0,0.0,0.0,0.0,68.7,0.0,19.95,0.0,1
2025-09-08,CA_PNW,"Vancouver, BC",17.343,13.3,22.6,5.6,1,0.0,0,5.6,18.0,10.5,27.7,0,0,0,7,Open-Meteo Historical Weather API,ERA5,2025,9,3,37,FALL,15.522,43.775,0.0,1.822,-38.175,0.0,-0.872,0.0,0.0,58.8,0,0,0,0,0,0,19.314,20.629,1.185,2.629,1.0,0.2,-2.425,-14.25,0.0,0.0,9.8,10.2,0.0,0.0,0.0,0.0,8.0,0.0,19.346,0.0,1
2025-09-15,CA_PNW,"Vancouver, BC",17.3,10.9,28.6,23.8,2,0.0,0,23.8,21.0,12.5,31.3,0,0,0,7,Open-Meteo Historical Weather API,ERA5,2025,9,3,38,FALL,15.022,18.425,0.0,2.279,5.375,0.0,0.292,0.0,0.0,297.5,0,0,0,0,0,0,17.343,19.314,1.822,1.185,5.6,1.0,-38.175,-2.425,0.0,0.0,10.5,9.8,0.0,0.0,0.0,0.0,30.6,0.0,18.646,0.0,1
2025-09-22,CA_PNW,"Vancouver, BC",15.1,10.5,22.4,13.5,2,0.0,0,13.5,32.0,11.7,30.2,0,0,0,7,Open-Meteo Historical Weather API,ERA5,2025,9,3,39,FALL,14.304,70.225,0.0,0.796,-56.725,0.0,-0.808,0.0,0.0,157.95,0,0,0,0,0,0,17.3,17.343,2.279,1.822,23.8,5.6,5.375,-38.175,0.0,0.0,12.5,10.5,0.0,0.0,0.0,0.0,43.9,0.0,17.264,0.0,1
2025-09-29,CA_PNW,"Vancouver, BC",13.957,9.3,17.9,83.2,4,0.0,0,83.2,88.0,18.1,52.6,0,0,0,7,Open-Meteo Historical Weather API,ERA5,2025,9,3,40,FALL,13.492,23.15,0.0,0.465,60.05,0.0,2.594,0.0,0.0,1505.92,1,0,0,0,0,0,15.1,17.3,0.796,2.279,13.5,23.8,-56.725,5.375,0.0,0.0,11.7,12.5,0.0,0.0,0.0,0.0,126.1,0.0,15.925,0.0,1
2025-10-06,CA_PNW,"Vancouver, BC",12.1,7.9,18.2,25.3,5,0.0,0,25.3,59.0,11.6,32.8,0,0,0,7,Open-Meteo Historical Weather API,ERA5,2025,10,4,41,FALL,12.922,59.3,0.0,-0.822,-34.0,0.0,-0.573,20.784,0.0,293.48,0,0,0,0,0,0,13.957,15.1,0.465,0.796,83.2,13.5,60.05,-56.725,0.0,0.0,18.1,11.7,0.0,0.0,0.0,0.0,145.8,0.0,14.614,0.0,1
2025-10-13,CA_PNW,"Vancouver, BC",9.5,2.8,14.9,49.9,3,0.0,0,49.9,45.0,17.5,40.0,0,0,0,7,Open-Meteo Historical Weather API,ERA5,2025,10,4,42,FALL,11.721,100.025,0.0,-2.221,-50.125,0.0,-0.501,110.853,0.0,873.25,0,0,0,0,0,0,12.1,13.957,-0.822,0.465,25.3,83.2,-34.0,60.05,0.0,0.0,11.6,18.1,0.0,0.0,20.784,0.0,171.9,0.0,12.664,0.0,1
2025-10-20,CA_PNW,"Vancouver, BC",10.571,6.8,14.4,87.7,7,0.0,0,87.7,113.0,23.0,60.8,0,0,0,7,Open-Meteo Historical Weather API,ERA5,2025,10,4,43,FALL,8.714,93.7,0.088,1.857,-6.0,-0.088,-0.064,0.0,0.0,2017.1,1,0,0,0,0,0,9.5,12.1,-2.221,-0.822,49.9,25.3,-50.125,-34.0,0.0,0.0,17.5,11.6,0.0,0.0,110.853,20.784,246.1,0.0,11.532,0.0,1
2025-10-27,CA_PNW,"Vancouver, BC",8.986,5.1,13.3,102.2,6,0.0,0,102.2,91.0,17.9,63.0,0,0,0,7,Open-Meteo Historical Weather API,ERA5,2025,10,4,44,FALL,8.386,101.925,6.405,0.6,0.275,-6.405,0.003,0.0,0.0,1829.38,1,0,0,0,0,0,10.571,9.5,1.857,-2.221,87.7,49.9,-6.0,-50.125,0.0,0.0,23.0,17.5,0.0,0.0,0.0,110.853,265.1,0.0,10.289,0.0,1
2025-11-03,CA_PNW,"Vancouver, BC",9.743,3.3,16.1,84.1,4,0.0,0,84.1,70.0,24.7,74.9,0,0,0,7,Open-Meteo Historical Weather API,ERA5,2025,11,4,45,FALL,7.482,88.675,0.228,2.261,-4.575,-0.228,-0.052,0.0,0.0,2077.27,1,0,0,0,0,0,8.986,10.571,0.6,1.857,102.2,87.7,0.275,-6.0,0.0,0.0,17.9,23.0,0.0,0.0,0.0,0.0,323.9,0.0,9.7,0.0,1
2025-11-10,CA_PNW,"Vancouver, BC",9.6,6.1,13.9,56.3,6,0.0,0,56.3,78.0,12.6,30.2,0,0,0,7,Open-Meteo Historical Weather API,ERA5,2025,11,4,46,FALL,6.064,69.85,1.312,3.536,-13.55,-1.312,-0.194,0.0,0.0,709.38,1,0,0,0,0,0,9.743,8.986,2.261,0.6,84.1,102.2,-4.575,0.275,0.0,0.0,24.7,17.9,0.0,0.0,0.0,0.0,330.3,0.0,9.725,0.0,1
2025-11-17,CA_PNW,"Vancouver, BC",8.229,3.2,11.8,83.6,6,0.0,0,83.6,95.0,15.4,37.8,0,0,0,7,Open-Meteo Historical Weather API,ERA5,2025,11,4,47,FALL,6.696,73.1,1.943,1.532,10.5,-1.943,0.144,0.0,0.0,1287.44,1,0,0,0,0,0,9.6,9.743,3.536,2.261,56.3,84.1,-13.55,-4.575,0.0,0.0,12.6,24.7,0.0,0.0,0.0,0.0,326.2,0.0,9.14,0.0,1
2025-11-24,CA_PNW,"Vancouver, BC",5.914,1.4,9.8,35.4,4,0.0,0,35.4,63.0,13.0,31.0,0,3,1,7,Open-Meteo Historical Weather API,ERA5,2025,11,4,48,FALL,4.011,37.2,8.698,1.903,-1.8,-8.698,-0.048,0.0,0.0,460.2,0,0,0,0,0,0,8.229,9.6,1.532,3.536,83.6,56.3,10.5,-13.55,0.0,0.0,15.4,12.6,0.0,0.0,0.0,0.0,259.4,0.0,8.372,1.0,1
2025-12-01,CA_PNW,"Vancouver, BC",7.043,3.6,10.0,56.1,6,0.0,0,56.1,107.0,12.7,38.9,0,1,1,7,Open-Meteo Historical Weather API,ERA5,2025,12,4,49,WINTER,5.064,64.2,18.393,1.979,-8.1,-18.393,-0.126,0.0,0.0,712.47,1,0,0,0,0,0,5.914,8.229,1.903,1.532,35.4,83.6,-1.8,10.5,0.0,0.0,13.0,15.4,1.0,0.0,0.0,0.0,231.4,0.0,7.696,2.0,1
2025-12-08,CA_PNW,"Vancouver, BC",9.114,7.0,11.9,127.3,7,0.0,0,127.3,131.0,19.2,50.8,0,0,0,7,Open-Meteo Historical Weather API,ERA5,2025,12,4,50,WINTER,4.221,25.825,8.995,4.893,101.475,-8.995,3.929,0.0,0.0,2444.16,1,0,0,0,0,0,7.043,5.914,1.979,1.903,56.1,35.4,-8.1,-1.8,0.0,0.0,12.7,13.0,1.0,1.0,0.0,0.0,302.4,0.0,7.575,2.0,1
2025-12-15,CA_PNW,"Vancouver, BC",7.3,1.6,14.2,188.0,7,2.94,1,192.2,137.0,30.1,81.4,0,1,1,7,Open-Meteo Historical Weather API,ERA5,2025,12,4,51,WINTER,2.986,71.0,9.31,4.314,117.0,-6.37,1.648,0.0,0.0,5658.8,1,0,0,0,0,0,9.114,7.043,4.893,1.979,127.3,56.1,101.475,-8.1,0.0,0.0,19.2,12.7,0.0,1.0,0.0,0.0,406.8,2.94,7.343,3.0,1
2025-12-22,CA_PNW,"Vancouver, BC",3.829,-0.4,6.9,42.2,5,3.71,1,47.5,83.0,24.5,68.0,0,6,4,7,Open-Meteo Historical Weather API,ERA5,2025,12,4,52,WINTER,4.764,85.175,7.84,-0.935,-42.975,-4.13,-0.505,39.468,3.47,1033.9,0,0,0,0,1,0,7.3,9.114,4.314,4.893,188.0,127.3,117.0,101.475,2.94,0.0,30.1,19.2,1.0,0.0,0.0,0.0,413.6,6.65,6.822,6.0,1
2025-12-29,CA_PNW,"Vancouver, BC",5.443,2.5,8.8,51.8,3,0.07,0,51.9,54.0,14.0,38.2,0,4,0,7,Open-Meteo Historical Weather API,ERA5,2025,12,4,1,WINTER,5.025,51.525,11.567,0.418,0.275,-11.497,0.005,0.0,0.0,725.2,1,0,0,0,0,0,3.829,7.3,-0.935,4.314,42.2,188.0,-42.975,117.0,3.71,2.94,24.5,30.1,4.0,1.0,39.468,0.0,409.3,6.72,6.422,5.0,1
2026-01-05,CA_PNW,"Vancouver, BC",5.386,0.5,7.9,82.3,7,19.95,3,110.8,107.0,21.5,47.9,0,2,2,7,Open-Meteo Historical Weather API,ERA5,2026,1,1,2,WINTER,4.69,67.4,2.047,0.697,14.9,17.902,0.221,0.0,0.0,1769.45,1,1,0,0,1,0,5.443,3.829,0.418,-0.935,51.8,42.2,0.275,-42.975,0.07,3.71,14.0,24.5,0.0,4.0,0.0,39.468,364.3,26.67,5.49,7.0,1
2026-01-12,CA_PNW,"Vancouver, BC",7.3,3.1,11.2,72.6,2,0.0,0,72.6,36.0,15.0,42.1,0,0,0,7,Open-Meteo Historical Weather API,ERA5,2026,1,1,3,WINTER,3.925,33.15,4.585,3.375,39.45,-4.585,1.19,0.0,0.0,1089.0,1,0,0,0,0,0,5.386,5.443,0.697,0.418,82.3,51.8,14.9,0.275,19.95,0.07,21.5,14.0,2.0,0.0,0.0,0.0,248.9,23.73,5.49,6.0,1
2026-01-19,CA_PNW,"Vancouver, BC",3.029,-2.3,9.8,0.0,0,0.0,0,0.0,0.0,11.1,24.1,0,7,0,7,Open-Meteo Historical Weather API,ERA5,2026,1,1,4,WINTER,4.721,52.45,0.053,-1.692,-52.45,-0.053,-1.0,0.0,0.0,0.0,0,0,0,0,0,0,7.3,5.386,3.375,0.697,72.6,82.3,39.45,14.9,0.0,19.95,15.0,21.5,0.0,2.0,0.0,0.0,206.7,20.02,5.289,2.0,1
2026-01-26,CA_PNW,"Vancouver, BC",7.786,-0.0,10.3,110.9,5,0.0,0,110.9,102.0,17.2,60.1,0,1,0,7,Open-Meteo Historical Weather API,ERA5,2026,1,1,5,WINTER,5.243,38.575,5.425,2.543,72.325,-5.425,1.875,0.0,0.0,1907.48,1,0,0,0,0,0,3.029,7.3,-1.692,3.375,0.0,72.6,-52.45,39.45,0.0,0.0,11.1,15.0,0.0,0.0,0.0,0.0,265.8,19.95,5.875,2.0,1
2026-02-02,CA_PNW,"Vancouver, BC",9.057,4.6,14.7,51.2,2,0.0,0,51.2,47.0,18.8,40.7,0,0,0,7,Open-Meteo Historical Weather API,ERA5,2026,2,1,6,WINTER,4.132,29.625,1.908,4.925,21.575,-1.908,0.728,0.0,0.0,962.56,1,0,0,0,0,0,7.786,3.029,2.543,-1.692,110.9,0.0,72.325,-52.45,0.0,0.0,17.2,11.1,0.0,0.0,0.0,0.0,234.7,0.0,6.793,0.0,1
2026-02-09,CA_PNW,"Vancouver, BC",5.714,0.5,11.5,38.1,5,1.26,1,39.9,77.0,11.9,26.3,0,1,0,7,Open-Meteo Historical Weather API,ERA5,2026,2,1,7,WINTER,4.071,17.05,2.748,1.643,21.05,-1.488,1.235,0.0,0.0,453.39,0,0,0,0,0,0,9.057,7.786,4.925,2.543,51.2,110.9,21.575,72.325,0.0,0.0,18.8,17.2,0.0,0.0,0.0,0.0,200.2,1.26,6.396,0.0,1
2026-02-16,CA_PNW,"Vancouver, BC",3.043,-2.7,9.3,22.0,3,9.66,3,35.8,70.0,18.7,53.6,0,6,2,7,Open-Meteo Historical Weather API,ERA5,2026,2,1,8,WINTER,4.8,54.05,6.125,-1.757,-32.05,3.535,-0.593,38.648,16.97,411.4,0,0,0,0,1,0,5.714,9.057,1.643,4.925,38.1,51.2,21.05,21.575,1.26,0.0,11.9,18.8,0.0,0.0,0.0,0.0,222.2,10.92,6.4,2.0,1
2026-02-23,CA_PNW,"Vancouver, BC",6.657,1.5,11.6,23.4,4,0.0,0,23.4,58.0,17.2,47.2,0,1,0,7,Open-Meteo Historical Weather API,ERA5,2026,2,1,9,WINTER,5.754,38.925,12.6,0.904,-15.525,-12.6,-0.399,0.0,0.0,402.48,0,0,0,0,0,0,3.043,5.714,-1.757,1.643,22.0,38.1,-32.05,21.05,9.66,1.26,18.7,11.9,2.0,0.0,38.648,0.0,134.7,10.92,6.118,2.0,1
2026-03-02,CA_PNW,"Vancouver, BC",8.5,2.6,12.0,74.5,6,0.07,0,74.6,111.0,18.9,52.2,0,0,0,7,Open-Meteo Historical Weather API,ERA5,2026,3,1,10,SPRING,5.746,45.175,2.713,2.754,29.325,-2.643,0.649,0.0,0.0,1408.05,1,0,0,0,0,0,6.657,3.043,0.904,-1.757,23.4,22.0,-15.525,-32.05,0.0,9.66,17.2,18.7,0.0,2.0,0.0,38.648,158.0,10.99,5.978,2.0,1
2026-03-09,CA_PNW,"Vancouver, BC",4.071,0.1,8.7,23.6,5,21.56,5,54.4,80.0,24.8,61.9,0,7,5,7,Open-Meteo Historical Weather API,ERA5,2026,3,1,11,SPRING,7.036,54.0,4.918,-2.965,-30.4,16.642,-0.563,69.968,63.92,585.28,0,1,0,0,1,0,8.5,6.657,2.754,0.904,74.5,23.4,29.325,-15.525,0.07,0.0,18.9,17.2,0.0,0.0,0.0,0.0,143.5,31.29,5.568,7.0,1
2026-03-16,CA_PNW,"Vancouver, BC",9.086,2.9,13.7,190.2,6,2.8,2,194.2,131.0,16.2,42.8,0,0,0,7,Open-Meteo Historical Weather API,ERA5,2026,3,1,12,SPRING,7.922,41.1,2.047,1.164,149.1,0.752,3.628,0.0,0.0,3081.24,1,0,0,0,0,0,4.071,8.5,-2.965,2.754,23.6,74.5,-30.4,29.325,21.56,0.07,24.8,18.9,5.0,0.0,69.968,0.0,311.7,24.43,7.078,5.0,1
2026-03-23,CA_PNW,"Vancouver, BC",6.214,0.9,12.5,25.7,3,1.89,1,28.4,54.0,28.3,82.1,0,1,0,7,Open-Meteo Historical Weather API,ERA5,2026,3,1,13,SPRING,8.629,52.275,1.872,-2.415,-26.575,0.017,-0.508,62.059,4.564,727.31,0,0,0,0,0,0,9.086,4.071,1.164,-2.965,190.2,23.6,149.1,-30.4,2.8,21.56,16.2,24.8,0.0,5.0,0.0,69.968,314.0,26.32,6.968,5.0,1
2026-03-30,CA_PNW,"Vancouver, BC",8.357,0.8,18.7,33.4,3,0.0,0,33.4,62.0,15.5,34.9,0,1,0,7,Open-Meteo Historical Weather API,ERA5,2026,3,1,14,SPRING,8.454,56.45,0.21,-0.097,-23.05,-0.21,-0.408,3.231,0.0,517.7,0,0,0,0,0,0,6.214,9.086,-2.415,1.164,25.7,190.2,-26.575,149.1,1.89,2.8,28.3,16.2,0.0,0.0,62.059,0.0,272.9,26.25,6.932,5.0,1
2026-04-06,CA_PNW,"Vancouver, BC",10.786,3.0,18.3,1.1,0,0.0,0,1.1,8.0,12.6,31.7,0,0,0,7,Open-Meteo Historical Weather API,ERA5,2026,4,2,15,SPRING,7.943,43.5,0.788,2.843,-42.4,-0.788,-0.975,0.0,0.0,13.86,0,0,0,0,0,0,8.357,6.214,-0.097,-2.415,33.4,25.7,-23.05,-26.575,0.0,1.89,15.5,28.3,0.0,0.0,3.231,62.059,250.4,4.69,8.611,0.0,1
2026-04-13,CA_PNW,"Vancouver, BC",9.557,3.1,21.2,37.3,2,0.0,0,37.3,55.0,22.4,47.9,0,0,0,7,Open-Meteo Historical Weather API,ERA5,2026,4,2,16,SPRING,9.075,32.975,1.19,0.482,4.325,-1.19,0.131,0.0,0.0,835.52,0,0,0,0,0,0,10.786,8.357,2.843,-0.097,1.1,33.4,-42.4,-23.05,0.0,0.0,12.6,15.5,0.0,0.0,0.0,3.231,97.5,1.89,8.728,0.0,1
2026-04-20,CA_PNW,"Vancouver, BC",12.686,5.1,21.0,3.7,2,0.0,0,3.7,24.0,14.4,36.4,0,0,0,7,Open-Meteo Historical Weather API,ERA5,2026,4,2,17,SPRING,10.746,26.55,0.0,1.94,-22.85,0.0,-0.861,0.0,0.0,53.28,0,0,0,0,0,0,9.557,10.786,0.482,2.843,37.3,1.1,4.325,-42.4,0.0,0.0,22.4,12.6,0.0,0.0,0.0,0.0,75.5,0.0,10.346,0.0,1
2026-04-27,CA_PNW,"Vancouver, BC",14.557,7.8,25.0,6.7,1,0.0,0,6.7,23.0,12.0,29.9,0,0,0,7,Open-Meteo Historical Weather API,ERA5,2026,4,2,18,SPRING,11.529,30.275,0.0,3.028,-23.575,0.0,-0.779,0.0,0.0,80.4,0,0,0,0,0,0,12.686,9.557,1.94,0.482,3.7,37.3,-22.85,4.325,0.0,0.0,14.4,22.4,0.0,0.0,0.0,0.0,48.8,0.0,11.896,0.0,1
2026-05-04,CA_PNW,"Vancouver, BC",15.1,8.5,25.6,0.3,0,0.0,0,0.3,3.0,13.5,31.3,0,0,0,7,Open-Meteo Historical Weather API,ERA5,2026,5,2,19,SPRING,13.393,24.125,0.088,1.707,-23.825,-0.088,-0.988,0.0,0.0,4.05,0,0,0,0,0,0,14.557,12.686,3.028,1.94,6.7,3.7,-23.575,-22.85,0.0,0.0,12.0,14.4,0.0,0.0,0.0,0.0,48.0,0.0,12.975,0.0,1
2026-05-11,CA_PNW,"Vancouver, BC",13.3,7.8,24.4,38.6,4,0.0,0,38.6,73.0,17.1,37.1,0,0,0,7,Open-Meteo Historical Weather API,ERA5,2026,5,2,20,SPRING,13.882,21.275,0.0,-0.582,17.325,0.0,0.814,22.475,0.0,660.06,0,0,0,0,0,0,15.1,14.557,1.707,3.028,0.3,6.7,-23.825,-23.575,0.0,0.0,13.5,12.0,0.0,0.0,0.0,0.0,49.3,0.0,13.911,0.0,1
2026-05-18,CA_PNW,"Vancouver, BC",14.943,8.4,22.2,0.7,0,0.0,0,0.7,5.0,11.5,30.6,0,0,0,7,Open-Meteo Historical Weather API,ERA5,2026,5,2,21,SPRING,13.34,36.7,0.0,1.603,-36.0,0.0,-0.981,0.0,0.0,8.05,0,0,0,0,0,0,13.3,15.1,-0.582,1.707,38.6,0.3,17.325,-23.825,0.0,0.0,17.1,13.5,0.0,0.0,22.475,0.0,46.3,0.0,14.475,0.0,1
2026-05-25,CA_PNW,"Vancouver, BC",14.9,8.6,23.7,22.0,4,0.0,0,22.0,48.0,14.2,38.9,0,0,0,7,Open-Meteo Historical Weather API,ERA5,2026,5,2,22,SPRING,14.575,42.3,0.0,0.325,-20.3,0.0,-0.48,0.0,0.0,312.4,0,0,0,0,0,0,14.943,13.3,1.603,-0.582,0.7,38.6,-36.0,17.325,0.0,0.0,11.5,17.1,0.0,0.0,0.0,22.475,61.6,0.0,14.561,0.0,1
2026-06-01,CA_PNW,"Vancouver, BC",15.529,9.1,26.7,25.2,4,0.0,0,25.2,57.0,13.1,36.4,0,0,0,7,Open-Meteo Historical Weather API,ERA5,2026,6,2,23,SUMMER,16.196,27.075,0.0,-0.667,-1.875,0.0,-0.069,16.815,0.0,330.12,0,0,0,0,0,0,14.9,14.943,0.325,1.603,22.0,0.7,-20.3,-36.0,0.0,0.0,14.2,11.5,0.0,0.0,0.0,0.0,86.5,0.0,14.668,0.0,1
2026-06-08,CA_PNW,"Vancouver, BC",16.614,8.7,29.4,24.3,3,0.0,0,24.3,40.0,16.7,38.9,0,0,0,7,Open-Meteo Historical Weather API,ERA5,2026,6,2,24,SUMMER,14.846,18.1,0.0,1.768,6.2,0.0,0.343,0.0,0.0,405.81,0,0,0,0,0,0,15.529,14.9,-0.667,0.325,25.2,22.0,-1.875,-20.3,0.0,0.0,13.1,14.2,0.0,0.0,16.815,0.0,72.2,0.0,15.496,0.0,1
2026-06-15,CA_PNW,"Vancouver, BC",18.914,11.9,26.2,0.6,0,0.0,0,0.6,5.0,14.1,40.0,0,0,0,7,Open-Meteo Historical Weather API,ERA5,2026,6,2,25,SUMMER,16.139,15.625,0.0,2.775,-15.025,0.0,-0.962,0.0,0.0,8.46,0,0,0,0,0,0,16.614,15.529,1.768,-0.667,24.3,25.2,6.2,-1.875,0.0,0.0,16.7,13.1,0.0,0.0,0.0,16.815,72.1,0.0,16.489,0.0,1
2026-06-22,CA_PNW,"Vancouver, BC",18.529,12.2,29.6,24.8,1,0.0,0,24.8,43.0,14.0,35.3,0,0,0,7,Open-Meteo Historical Weather API,ERA5,2026,6,2,26,SUMMER,17.304,11.8,0.0,1.225,13.0,0.0,1.102,0.0,0.0,347.2,0,0,0,0,0,0,18.914,16.614,2.775,1.768,0.6,24.3,-15.025,6.2,0.0,0.0,14.1,16.7,0.0,0.0,0.0,0.0,74.9,0.0,17.396,0.0,1
2021-07-05,CA_PRAIRIE,"Calgary, AB",18.471,11.0,31.1,32.8,5,0.0,0,32.8,44.0,17.6,30.2,0,0,0,7,Open-Meteo Historical Weather API,ERA5,2021,7,3,27,SUMMER,,,,,,,,,,577.28,0,0,0,0,0,0,,,,,,,,,,,,,,,,,32.8,0.0,18.471,0.0,0
2021-07-12,CA_PRAIRIE,"Calgary, AB",19.143,9.7,31.3,0.8,0,0.0,0,0.8,2.0,22.1,43.9,0,0,0,7,Open-Meteo Historical Weather API,ERA5,2021,7,3,28,SUMMER,,,,,,,,,,17.68,0,0,0,0,0,0,18.471,,,,32.8,,,,0.0,,17.6,,0.0,,,,33.6,0.0,18.807,0.0,0
2021-07-19,CA_PRAIRIE,"Calgary, AB",18.2,7.5,29.0,2.6,1,0.0,0,2.6,14.0,21.9,49.7,0,0,0,7,Open-Meteo Historical Weather API,ERA5,2021,7,3,29,SUMMER,,,,,,,,,,56.94,0,0,0,0,0,0,19.143,18.471,,,0.8,32.8,,,0.0,0.0,22.1,17.6,0.0,0.0,,,36.2,0.0,18.605,0.0,0
2021-07-26,CA_PRAIRIE,"Calgary, AB",21.086,10.8,33.0,0.3,0,0.0,0,0.3,1.0,19.4,43.6,0,0,0,7,Open-Meteo Historical Weather API,ERA5,2021,7,3,30,SUMMER,,,,,,,,,,5.82,0,0,0,0,0,0,18.2,19.143,,,2.6,0.8,,,0.0,0.0,21.9,22.1,0.0,0.0,,,36.5,0.0,19.225,0.0,0
2021-08-02,CA_PRAIRIE,"Calgary, AB",19.629,10.5,31.2,14.4,3,0.0,0,14.4,27.0,20.3,43.9,0,0,0,7,Open-Meteo Historical Weather API,ERA5,2021,8,3,31,SUMMER,,,,,,,,,,292.32,0,0,0,0,0,0,21.086,18.2,,,0.3,2.6,,,0.0,0.0,19.4,21.9,0.0,0.0,,,18.1,0.0,19.514,0.0,0
2021-08-09,CA_PRAIRIE,"Calgary, AB",20.6,8.1,35.0,0.0,0,0.0,0,0.0,0.0,20.5,44.6,0,0,0,7,Open-Meteo Historical Weather API,ERA5,2021,8,3,32,SUMMER,,,,,,,,,,0.0,0,0,0,0,0,0,19.629,21.086,,,14.4,0.3,,,0.0,0.0,20.3,19.4,0.0,0.0,,,17.3,0.0,19.879,0.0,0
2021-08-16,CA_PRAIRIE,"Calgary, AB",12.543,5.0,21.2,66.1,6,0.0,0,66.1,63.0,17.7,42.5,0,0,0,7,Open-Meteo Historical Weather API,ERA5,2021,8,3,33,SUMMER,,,,,,,,,,1169.97,1,0,0,0,0,0,20.6,19.629,,,0.0,14.4,,,0.0,0.0,20.5,20.3,0.0,0.0,,,80.8,0.0,18.464,0.0,0
2021-08-23,CA_PRAIRIE,"Calgary, AB",12.886,3.4,25.0,9.2,2,0.0,0,9.2,28.0,24.7,51.1,0,0,0,7,Open-Meteo Historical Weather API,ERA5,2021,8,3,34,SUMMER,,,,,,,,,,227.24,0,0,0,0,0,0,12.543,20.6,,,66.1,0.0,,,0.0,0.0,17.7,20.5,0.0,0.0,,,89.7,0.0,16.414,0.0,0
2021-08-30,CA_PRAIRIE,"Calgary, AB",13.286,2.9,26.2,4.4,1,0.0,0,4.4,7.0,22.2,46.1,0,0,0,7,Open-Meteo Historical Weather API,ERA5,2021,8,3,35,SUMMER,,,,,,,,,,97.68,0,0,0,0,0,0,12.886,12.543,,,9.2,66.1,,,0.0,0.0,24.7,17.7,0.0,0.0,,,79.7,0.0,14.829,0.0,0
2021-09-06,CA_PRAIRIE,"Calgary, AB",14.371,6.6,27.2,15.1,2,0.0,0,15.1,23.0,15.8,36.0,0,0,0,7,Open-Meteo Historical Weather API,ERA5,2021,9,3,36,FALL,,,,,,,,,,238.58,0,0,0,0,0,0,13.286,12.886,,,4.4,9.2,,,0.0,0.0,22.2,24.7,0.0,0.0,,,94.8,0.0,13.272,0.0,0
2021-09-13,CA_PRAIRIE,"Calgary, AB",10.386,-1.0,21.2,4.5,1,0.21,0,4.8,7.0,22.4,45.7,0,0,0,7,Open-Meteo Historical Weather API,ERA5,2021,9,3,37,FALL,,,,,,,,,,100.8,0,0,0,0,0,0,14.371,13.286,,,15.1,4.4,,,0.0,0.0,15.8,22.2,0.0,0.0,,,33.2,0.21,12.732,0.0,0
2021-09-20,CA_PRAIRIE,"Calgary, AB",13.543,0.9,26.0,0.1,0,0.0,0,0.1,1.0,18.5,36.7,0,0,0,7,Open-Meteo Historical Weather API,ERA5,2021,9,3,38,FALL,,,,,,,,,,1.85,0,0,0,0,0,0,10.386,14.371,,,4.5,15.1,,,0.21,0.0,22.4,15.8,0.0,0.0,,,24.1,0.21,12.896,0.0,0
2021-09-27,CA_PRAIRIE,"Calgary, AB",11.786,0.8,24.1,0.0,0,0.0,0,0.0,0.0,19.7,44.3,0,0,0,7,Open-Meteo Historical Weather API,ERA5,2021,9,3,39,FALL,,,,,,,,,,0.0,0,0,0,0,0,0,13.543,10.386,,,0.1,4.5,,,0.0,0.21,18.5,22.4,0.0,0.0,,,19.7,0.21,12.522,0.0,0
2021-10-04,CA_PRAIRIE,"Calgary, AB",7.014,-3.9,21.7,0.9,0,0.21,0,0.9,3.0,32.9,66.6,0,2,0,7,Open-Meteo Historical Weather API,ERA5,2021,10,4,40,FALL,,,,,,,,,,29.61,0,0,0,0,0,0,11.786,13.543,,,0.0,0.1,,,0.0,0.0,19.7,18.5,0.0,0.0,,,5.5,0.42,10.682,0.0,0
2021-10-11,CA_PRAIRIE,"Calgary, AB",4.143,-7.1,21.2,0.2,0,0.14,0,0.2,2.0,18.6,41.0,0,5,0,7,Open-Meteo Historical Weather API,ERA5,2021,10,4,41,FALL,,,,,,,,,,3.72,0,0,0,0,0,0,7.014,11.786,,,0.9,0.0,,,0.21,0.0,32.9,19.7,0.0,0.0,,,1.2,0.35,9.122,0.0,0
2021-10-18,CA_PRAIRIE,"Calgary, AB",5.157,-2.3,16.6,23.6,1,0.14,0,23.8,20.0,20.4,43.6,0,4,0,7,Open-Meteo Historical Weather API,ERA5,2021,10,4,42,FALL,,,,,,,,,,481.44,0,0,0,0,0,0,4.143,7.014,,,0.2,0.9,,,0.14,0.21,18.6,32.9,0.0,0.0,,,24.7,0.49,7.025,0.0,0
2021-10-25,CA_PRAIRIE,"Calgary, AB",2.086,-9.3,13.8,2.6,1,5.04,1,9.8,27.0,23.8,50.0,0,4,1,7,Open-Meteo Historical Weather API,ERA5,2021,10,4,43,FALL,,,,,,,,,,61.88,0,0,0,0,0,0,5.157,4.143,,,23.6,0.2,,,0.14,0.14,20.4,18.6,0.0,0.0,,,27.3,5.53,4.6,1.0,0
2021-11-01,CA_PRAIRIE,"Calgary, AB",2.057,-10.2,15.5,0.0,0,0.0,0,0.0,0.0,20.3,42.5,0,5,0,7,Open-Meteo Historical Weather API,ERA5,2021,11,4,44,FALL,,,,,,,,,,0.0,0,0,0,0,0,0,2.086,5.157,,,2.6,23.6,,,5.04,0.14,23.8,20.4,1.0,0.0,,,26.4,5.32,3.361,1.0,0
2021-11-08,CA_PRAIRIE,"Calgary, AB",0.886,-5.5,9.0,0.1,0,0.7,0,0.4,3.0,21.3,45.4,0,7,0,7,Open-Meteo Historical Weather API,ERA5,2021,11,4,45,FALL,,,,,,,,,,2.13,0,0,0,0,0,0,2.057,2.086,,,0.0,2.6,,,0.0,5.04,20.3,23.8,0.0,1.0,,,26.3,5.88,2.546,1.0,0
2021-11-15,CA_PRAIRIE,"Calgary, AB",-1.9,-9.9,6.1,1.5,1,7.63,1,12.0,22.0,32.6,69.5,0,7,1,7,Open-Meteo Historical Weather API,ERA5,2021,11,4,46,FALL,,,,,,,,,,48.9,0,0,1,0,0,0,0.886,2.057,,,0.1,0.0,,,0.7,0.0,21.3,20.3,0.0,0.0,,,4.2,13.37,0.782,2.0,0
2021-11-22,CA_PRAIRIE,"Calgary, AB",1.471,-9.1,12.2,0.0,0,1.05,0,1.1,6.0,21.2,41.8,0,7,0,7,Open-Meteo Historical Weather API,ERA5,2021,11,4,47,FALL,,,,,,,,,,0.0,0,0,0,0,0,0,-1.9,0.886,,,1.5,0.1,,,7.63,0.7,32.6,21.3,1.0,0.0,,,1.6,9.38,0.629,1.0,0
2021-11-29,CA_PRAIRIE,"Calgary, AB",-1.614,-15.8,10.0,1.4,1,6.72,2,10.2,34.0,24.1,45.7,0,6,1,7,Open-Meteo Historical Weather API,ERA5,2021,11,4,48,FALL,,,,,,,,,,33.74,0,0,1,0,0,0,1.471,-1.9,,,0.0,1.5,,,1.05,7.63,21.2,32.6,0.0,1.0,,,3.0,16.1,-0.289,2.0,0
2021-12-06,CA_PRAIRIE,"Calgary, AB",-4.843,-15.0,5.1,0.0,0,0.77,0,0.1,1.0,37.1,82.8,0,7,0,7,Open-Meteo Historical Weather API,ERA5,2021,12,4,49,WINTER,,,,,,,,,,0.0,0,0,1,0,0,0,-1.614,1.471,,,1.4,0.0,,,6.72,1.05,24.1,21.2,1.0,0.0,,,2.9,16.17,-1.721,2.0,0
2021-12-13,CA_PRAIRIE,"Calgary, AB",-15.157,-28.8,-3.3,0.0,0,3.78,2,4.2,17.0,21.4,43.6,0,7,0,7,Open-Meteo Historical Weather API,ERA5,2021,12,4,50,WINTER,,,,,,,,,,0.0,0,0,1,1,0,0,-4.843,-1.614,,,0.0,1.4,,,0.77,6.72,37.1,24.1,0.0,1.0,,,1.4,12.32,-5.036,1.0,0
2021-12-20,CA_PRAIRIE,"Calgary, AB",-16.557,-32.1,-0.8,0.0,0,2.38,1,2.2,10.0,23.0,49.7,0,7,0,7,Open-Meteo Historical Weather API,ERA5,2021,12,4,51,WINTER,,,,,,,,,,0.0,0,0,1,1,0,0,-15.157,-4.843,,,0.0,0.0,,,3.78,0.77,21.4,37.1,0.0,0.0,,,1.4,13.65,-9.543,1.0,0
2021-12-27,CA_PRAIRIE,"Calgary, AB",-21.471,-34.9,-1.5,0.0,0,0.49,0,0.2,2.0,32.5,65.9,0,7,0,7,Open-Meteo Historical Weather API,ERA5,2021,12,4,52,WINTER,,,,,,,,,,0.0,0,0,1,1,0,0,-16.557,-15.157,,,0.0,0.0,,,2.38,3.78,23.0,21.4,0.0,0.0,,,0.0,7.42,-14.507,0.0,0
2022-01-03,CA_PRAIRIE,"Calgary, AB",-23.8,-33.8,-4.2,0.0,0,2.73,1,3.9,36.0,18.7,37.1,0,7,0,7,Open-Meteo Historical Weather API,ERA5,2022,1,1,1,WINTER,,,,,,,,,,0.0,0,0,1,1,0,0,-21.471,-16.557,,,0.0,0.0,,,0.49,2.38,32.5,23.0,0.0,0.0,,,0.0,9.38,-19.246,0.0,0
2022-01-10,CA_PRAIRIE,"Calgary, AB",1.786,-4.4,9.2,0.5,0,0.07,0,0.6,6.0,31.6,62.3,0,7,0,7,Open-Meteo Historical Weather API,ERA5,2022,1,1,2,WINTER,,,,,,,,,,15.8,0,0,0,0,0,0,-23.8,-21.471,,,0.0,0.0,,,2.73,0.49,18.7,32.5,0.0,0.0,,,0.5,5.67,-15.01,0.0,0
2022-01-17,CA_PRAIRIE,"Calgary, AB",-1.957,-19.2,10.7,0.0,0,1.82,1,2.6,11.0,27.9,54.4,0,5,0,7,Open-Meteo Historical Weather API,ERA5,2022,1,1,3,WINTER,,,,,,,,,,0.0,0,0,1,0,0,0,1.786,-23.8,,,0.5,0.0,,,0.07,2.73,31.6,18.7,0.0,0.0,,,0.5,5.11,-11.36,0.0,0
2022-01-24,CA_PRAIRIE,"Calgary, AB",1.229,-7.4,8.1,0.3,0,0.77,0,1.4,10.0,27.9,55.1,0,7,0,7,Open-Meteo Historical Weather API,ERA5,2022,1,1,4,WINTER,,,,,,,,,,8.37,0,0,0,0,0,0,-1.957,1.786,,,0.0,0.5,,,1.82,0.07,27.9,31.6,0.0,0.0,,,0.8,5.39,-5.685,0.0,0
2022-01-31,CA_PRAIRIE,"Calgary, AB",-8.029,-24.6,12.4,0.1,0,1.54,1,2.3,19.0,34.2,65.9,0,7,0,7,Open-Meteo Historical Weather API,ERA5,2022,1,1,5,WINTER,,,,,,,,,,3.42,0,0,1,0,0,0,1.229,-1.957,,,0.3,0.0,,,0.77,1.82,27.9,27.9,0.0,0.0,,,0.9,4.2,-1.743,0.0,0
2022-02-07,CA_PRAIRIE,"Calgary, AB",4.271,-3.6,13.5,0.4,0,0.0,0,0.4,3.0,33.8,66.2,0,4,0,7,Open-Meteo Historical Weather API,ERA5,2022,2,1,6,WINTER,,,,,,,,,,13.52,0,0,0,0,0,0,-8.029,1.229,,,0.1,0.3,,,1.54,0.77,34.2,27.9,0.0,0.0,,,0.8,4.13,-1.121,0.0,0
2022-02-14,CA_PRAIRIE,"Calgary, AB",-4.329,-19.2,7.6,1.4,1,11.2,5,17.4,64.0,25.6,49.7,0,7,1,7,Open-Meteo Historical Weather API,ERA5,2022,2,1,7,WINTER,,,,,,,,,,35.84,0,0,1,0,0,0,4.271,-8.029,,,0.4,0.1,,,0.0,1.54,33.8,34.2,0.0,0.0,,,2.2,13.51,-1.714,1.0,0
2022-02-21,CA_PRAIRIE,"Calgary, AB",-12.814,-32.9,5.3,0.0,0,1.68,0,2.4,24.0,21.8,40.3,0,7,0,7,Open-Meteo Historical Weather API,ERA5,2022,2,1,8,WINTER,,,,,,,,,,0.0,0,0,1,1,0,0,-4.329,4.271,,,1.4,0.4,,,11.2,0.0,25.6,33.8,1.0,0.0,,,1.9,14.42,-5.225,1.0,0
2022-02-28,CA_PRAIRIE,"Calgary, AB",-5.243,-11.6,8.1,0.0,0,6.3,2,9.0,46.0,18.6,37.8,0,7,0,7,Open-Meteo Historical Weather API,ERA5,2022,2,1,9,WINTER,,,,,,,,,,0.0,0,0,1,0,0,0,-12.814,-4.329,,,0.0,1.4,,,1.68,11.2,21.8,25.6,0.0,1.0,,,1.8,19.18,-4.529,1.0,0
2022-03-07,CA_PRAIRIE,"Calgary, AB",-4.857,-17.4,8.2,0.9,0,2.1,0,3.9,34.0,29.8,59.8,0,7,0,7,Open-Meteo Historical Weather API,ERA5,2022,3,1,10,SPRING,,,,,,,,,,26.82,0,0,1,0,0,0,-5.243,-12.814,,,0.0,0.0,,,6.3,1.68,18.6,21.8,0.0,0.0,,,2.3,21.28,-6.811,1.0,0
2022-03-14,CA_PRAIRIE,"Calgary, AB",3.643,-3.3,11.4,1.5,0,0.07,0,1.6,11.0,25.4,54.7,0,6,0,7,Open-Meteo Historical Weather API,ERA5,2022,3,1,11,SPRING,,,,,,,,,,38.1,0,0,0,0,0,0,-4.857,-5.243,,,0.9,0.0,,,2.1,6.3,29.8,18.6,0.0,0.0,,,2.4,10.15,-4.818,0.0,0
2022-03-21,CA_PRAIRIE,"Calgary, AB",3.743,-5.2,15.0,0.3,0,0.35,0,0.8,4.0,25.7,51.1,0,5,0,7,Open-Meteo Historical Weather API,ERA5,2022,3,1,12,SPRING,,,,,,,,,,7.71,0,0,0,0,0,0,3.643,-4.857,,,1.5,0.9,,,0.07,2.1,25.4,29.8,0.0,0.0,,,2.7,8.82,-0.678,0.0,0
2022-03-28,CA_PRAIRIE,"Calgary, AB",2.971,-5.8,16.9,3.6,2,1.47,1,5.7,21.0,21.3,45.4,0,6,2,7,Open-Meteo Historical Weather API,ERA5,2022,3,1,13,SPRING,,,,,,,,,,76.68,0,0,0,0,1,0,3.743,3.643,,,0.3,1.5,,,0.35,0.07,25.7,25.4,0.0,0.0,,,6.3,3.99,1.375,2.0,0
2022-04-04,CA_PRAIRIE,"Calgary, AB",5.0,-6.0,21.0,2.3,1,0.0,0,2.3,15.0,29.8,57.6,0,4,0,7,Open-Meteo Historical Weather API,ERA5,2022,4,2,14,SPRING,,,,,,,,,,68.54,0,0,0,0,0,0,2.971,3.743,,,3.6,0.3,,,1.47,0.35,21.3,25.7,2.0,0.0,,,7.7,1.89,3.839,2.0,0
2022-04-11,CA_PRAIRIE,"Calgary, AB",-5.314,-11.2,5.4,0.4,0,3.08,0,4.8,45.0,21.0,47.2,0,7,0,7,Open-Meteo Historical Weather API,ERA5,2022,4,2,15,SPRING,,,,,,,,,,8.4,0,0,1,0,0,0,5.0,2.971,,,2.3,3.6,,,0.0,1.47,29.8,21.3,0.0,2.0,,,6.6,4.9,1.6,2.0,0
2022-04-18,CA_PRAIRIE,"Calgary, AB",2.229,-5.9,16.5,2.6,1,8.96,3,15.4,49.0,24.0,51.8,0,6,1,7,Open-Meteo Historical Weather API,ERA5,2022,4,2,16,SPRING,,,,,,,,,,62.4,0,0,0,0,0,0,-5.314,5.0,,,0.4,2.3,,,3.08,0.0,21.0,29.8,0.0,0.0,,,8.9,13.51,1.222,3.0,0
2022-04-25,CA_PRAIRIE,"Calgary, AB",7.3,-2.4,17.8,3.7,1,0.0,0,3.7,17.0,20.4,49.3,0,0,0,7,Open-Meteo Historical Weather API,ERA5,2022,4,2,17,SPRING,,,,,,,,,,75.48,0,0,0,0,0,0,2.229,-5.314,,,2.6,0.4,,,8.96,3.08,24.0,21.0,1.0,0.0,,,9.0,12.04,2.304,1.0,0
2022-05-02,CA_PRAIRIE,"Calgary, AB",10.086,-1.3,19.9,7.6,3,0.0,0,7.6,26.0,24.8,53.6,0,1,1,7,Open-Meteo Historical Weather API,ERA5,2022,5,2,18,SPRING,,,,,,,,,,188.48,0,0,0,0,0,0,7.3,2.229,,,3.7,2.6,,,0.0,8.96,20.4,24.0,0.0,1.0,,,14.3,12.04,3.575,2.0,0
2022-05-09,CA_PRAIRIE,"Calgary, AB",7.757,-1.4,19.6,4.9,2,4.34,1,11.1,30.0,17.6,38.2,0,2,1,7,Open-Meteo Historical Weather API,ERA5,2022,5,2,19,SPRING,,,,,,,,,,86.24,0,0,0,0,0,0,10.086,7.3,,,7.6,3.7,,,0.0,0.0,24.8,20.4,1.0,0.0,,,18.8,13.3,6.843,3.0,0
2022-05-16,CA_PRAIRIE,"Calgary, AB",7.814,-2.2,21.2,15.5,3,0.0,0,15.5,46.0,35.6,73.1,0,2,2,7,Open-Meteo Historical Weather API,ERA5,2022,5,2,20,SPRING,,,,,,,,,,551.8,0,0,0,0,1,0,7.757,10.086,,,4.9,7.6,,,4.34,0.0,17.6,24.8,1.0,1.0,,,31.7,4.34,8.239,4.0,0
2022-05-23,CA_PRAIRIE,"Calgary, AB",13.286,2.7,22.3,2.1,1,0.0,0,2.1,7.0,18.7,43.9,0,0,0,7,Open-Meteo Historical Weather API,ERA5,2022,5,2,21,SPRING,,,,,,,,,,39.27,0,0,0,0,0,0,7.814,7.757,,,15.5,4.9,,,0.0,4.34,35.6,17.6,2.0,1.0,,,30.1,4.34,9.736,4.0,0
2022-05-30,CA_PRAIRIE,"Calgary, AB",12.6,1.5,22.3,30.3,3,0.0,0,30.3,35.0,23.9,50.0,0,0,0,7,Open-Meteo Historical Weather API,ERA5,2022,5,2,22,SPRING,,,,,,,,,,724.17,0,0,0,0,0,0,13.286,7.814,,,2.1,15.5,,,0.0,0.0,18.7,35.6,0.0,2.0,,,52.8,4.34,10.364,3.0,0
2022-06-06,CA_PRAIRIE,"Calgary, AB",14.257,6.4,23.8,28.3,4,0.0,0,28.3,42.0,21.2,47.5,0,0,0,7,Open-Meteo Historical Weather API,ERA5,2022,6,2,23,SUMMER,,,,,,,,,,599.96,0,0,0,0,0,0,12.6,13.286,,,30.3,2.1,,,0.0,0.0,23.9,18.7,0.0,0.0,,,76.2,0.0,11.989,2.0,0
2022-06-13,CA_PRAIRIE,"Calgary, AB",12.729,7.3,20.6,101.6,6,0.0,0,101.6,106.0,35.3,84.6,0,0,0,7,Open-Meteo Historical Weather API,ERA5,2022,6,2,24,SUMMER,,,,,,,,,,3586.48,1,0,0,0,0,0,14.257,12.6,,,28.3,30.3,,,0.0,0.0,21.2,23.9,0.0,0.0,,,162.3,0.0,13.218,0.0,0
2022-06-20,CA_PRAIRIE,"Calgary, AB",13.371,5.5,23.5,21.8,3,0.0,0,21.8,45.0,24.4,61.6,0,0,0,7,Open-Meteo Historical Weather API,ERA5,2022,6,2,25,SUMMER,,,,,,,,,,531.92,0,0,0,0,0,0,12.729,14.257,,,101.6,28.3,,,0.0,0.0,35.3,21.2,0.0,0.0,,,182.0,0.0,13.239,0.0,0
2022-06-27,CA_PRAIRIE,"Calgary, AB",14.471,6.6,24.6,17.4,5,0.0,0,17.4,51.0,21.0,51.5,0,0,0,7,Open-Meteo Historical Weather API,ERA5,2022,6,2,26,SUMMER,,,,,,,,,,365.4,0,0,0,0,0,0,13.371,12.729,,,21.8,101.6,,,0.0,0.0,24.4,35.3,0.0,0.0,,,169.1,0.0,13.707,0.0,0
2022-07-04,CA_PRAIRIE,"Calgary, AB",15.957,7.3,25.7,11.4,4,0.0,0,11.4,43.0,16.9,39.2,0,0,0,7,Open-Meteo Historical Weather API,ERA5,2022,7,3,27,SUMMER,18.471,32.8,0.0,-2.514,-21.4,0.0,-0.652,28.66,0.0,192.66,0,0,0,0,0,0,14.471,13.371,,,17.4,21.8,,,0.0,0.0,21.0,24.4,0.0,0.0,,,152.2,0.0,14.132,0.0,1
2022-07-11,CA_PRAIRIE,"Calgary, AB",19.529,9.2,30.3,4.0,1,0.0,0,4.0,11.0,17.4,35.6,0,0,0,7,Open-Meteo Historical Weather API,ERA5,2022,7,3,28,SUMMER,19.143,0.8,0.0,0.386,3.2,0.0,3.2,0.0,0.0,69.6,0,0,0,0,0,0,15.957,14.471,-2.514,,11.4,17.4,-21.4,,0.0,0.0,16.9,21.0,0.0,0.0,28.66,,54.6,0.0,15.832,0.0,1
2022-07-18,CA_PRAIRIE,"Calgary, AB",18.029,8.8,28.7,22.1,2,0.0,0,22.1,19.0,21.9,45.0,0,0,0,7,Open-Meteo Historical Weather API,ERA5,2022,7,3,29,SUMMER,18.2,2.6,0.0,-0.171,19.5,0.0,7.5,3.779,0.0,483.99,0,0,0,0,0,0,19.529,15.957,0.386,-2.514,4.0,11.4,3.2,-21.4,0.0,0.0,17.4,16.9,0.0,0.0,0.0,28.66,54.9,0.0,16.996,0.0,1
2022-07-25,CA_PRAIRIE,"Calgary, AB",19.686,12.0,31.0,10.9,3,0.0,0,10.9,27.0,18.0,37.4,0,0,0,7,Open-Meteo Historical Weather API,ERA5,2022,7,3,30,SUMMER,21.086,0.3,0.0,-1.4,10.6,0.0,10.6,15.26,0.0,196.2,0,0,0,0,0,0,18.029,19.529,-0.171,0.386,22.1,4.0,19.5,3.2,0.0,0.0,21.9,17.4,0.0,0.0,3.779,0.0,48.4,0.0,18.3,0.0,1
2022-08-01,CA_PRAIRIE,"Calgary, AB",17.171,5.0,30.6,13.7,1,0.0,0,13.7,10.0,28.4,46.1,0,0,0,7,Open-Meteo Historical Weather API,ERA5,2022,8,3,31,SUMMER,19.629,14.4,0.0,-2.458,-0.7,0.0,-0.049,33.675,0.0,389.08,0,0,0,0,0,0,19.686,18.029,-1.4,-0.171,10.9,22.1,10.6,19.5,0.0,0.0,18.0,21.9,0.0,0.0,15.26,3.779,50.7,0.0,18.604,0.0,1
2022-08-08,CA_PRAIRIE,"Calgary, AB",20.643,10.7,31.2,1.8,1,0.0,0,1.8,6.0,22.7,47.9,0,0,0,7,Open-Meteo Historical Weather API,ERA5,2022,8,3,32,SUMMER,20.6,0.0,0.0,0.043,1.8,0.0,1.8,0.0,0.0,40.86,0,0,0,0,0,0,17.171,19.686,-2.458,-1.4,13.7,10.9,-0.7,10.6,0.0,0.0,28.4,18.0,0.0,0.0,33.675,15.26,48.5,0.0,18.882,0.0,1
2022-08-15,CA_PRAIRIE,"Calgary, AB",20.257,9.3,31.3,3.7,1,0.0,0,3.7,8.0,21.0,44.6,0,0,0,7,Open-Meteo Historical Weather API,ERA5,2022,8,3,33,SUMMER,12.543,66.1,0.0,7.714,-62.4,0.0,-0.944,0.0,0.0,77.7,0,0,0,0,0,0,20.643,17.171,0.043,-2.458,1.8,13.7,1.8,-0.7,0.0,0.0,22.7,28.4,0.0,0.0,0.0,33.675,30.1,0.0,19.439,0.0,1
2022-08-22,CA_PRAIRIE,"Calgary, AB",16.757,7.9,28.6,20.6,5,0.0,0,20.6,48.0,25.2,55.1,0,0,0,7,Open-Meteo Historical Weather API,ERA5,2022,8,3,34,SUMMER,12.886,9.2,0.0,3.871,11.4,0.0,1.239,0.0,0.0,519.12,0,0,0,0,0,0,20.257,20.643,7.714,0.043,3.7,1.8,-62.4,1.8,0.0,0.0,21.0,22.7,0.0,0.0,0.0,0.0,39.8,0.0,18.707,0.0,1
2022-08-29,CA_PRAIRIE,"Calgary, AB",20.429,8.4,33.1,0.0,0,0.0,0,0.0,0.0,16.1,37.8,0,0,0,7,Open-Meteo Historical Weather API,ERA5,2022,8,3,35,SUMMER,13.286,4.4,0.0,7.143,-4.4,0.0,-1.0,0.0,0.0,0.0,0,0,0,0,0,0,16.757,20.257,3.871,7.714,20.6,3.7,11.4,-62.4,0.0,0.0,25.2,21.0,0.0,0.0,0.0,0.0,26.1,0.0,19.522,0.0,1
2022-09-05,CA_PRAIRIE,"Calgary, AB",14.586,2.5,30.4,4.0,1,0.0,0,4.0,20.0,19.3,45.7,0,0,0,7,Open-Meteo Historical Weather API,ERA5,2022,9,3,36,FALL,14.371,15.1,0.0,0.215,-11.1,0.0,-0.735,0.0,0.0,77.2,0,0,0,0,0,0,20.429,16.757,7.143,3.871,0.0,20.6,-4.4,11.4,0.0,0.0,16.1,25.2,0.0,0.0,0.0,0.0,28.3,0.0,18.007,0.0,1
2022-09-12,CA_PRAIRIE,"Calgary, AB",13.357,1.7,23.0,1.3,1,0.0,0,1.3,5.0,18.7,36.0,0,0,0,7,Open-Meteo Historical Weather API,ERA5,2022,9,3,37,FALL,10.386,4.5,0.21,2.971,-3.2,-0.21,-0.711,0.0,0.0,24.31,0,0,0,0,0,0,14.586,20.429,0.215,7.143,4.0,0.0,-11.1,-4.4,0.0,0.0,19.3,16.1,0.0,0.0,0.0,0.0,25.9,0.0,16.282,0.0,1
2022-09-19,CA_PRAIRIE,"Calgary, AB",10.114,-1.0,23.9,0.3,0,0.0,0,0.3,3.0,25.5,49.3,0,0,0,7,Open-Meteo Historical Weather API,ERA5,2022,9,3,38,FALL,13.543,0.1,0.0,-3.429,0.2,0.0,0.2,1.029,0.0,7.65,0,0,0,0,0,0,13.357,14.586,2.971,0.215,1.3,4.0,-3.2,-11.1,0.0,0.0,18.7,19.3,0.0,0.0,0.0,0.0,5.6,0.0,14.622,0.0,1
2022-09-26,CA_PRAIRIE,"Calgary, AB",14.443,3.8,29.4,0.7,0,0.0,0,0.7,4.0,21.1,43.9,0,0,0,7,Open-Meteo Historical Weather API,ERA5,2022,9,3,39,FALL,11.786,0.0,0.0,2.657,0.7,0.0,0.7,0.0,0.0,14.77,0,0,0,0,0,0,10.114,13.357,-3.429,2.971,0.3,1.3,0.2,-3.2,0.0,0.0,25.5,18.7,0.0,0.0,1.029,0.0,6.3,0.0,13.125,0.0,1
2022-10-03,CA_PRAIRIE,"Calgary, AB",10.957,0.8,24.0,0.5,0,0.0,0,0.5,4.0,12.9,29.2,0,0,0,7,Open-Meteo Historical Weather API,ERA5,2022,10,4,40,FALL,7.014,0.9,0.21,3.943,-0.4,-0.21,-0.4,0.0,0.0,6.45,0,0,0,0,0,0,14.443,10.114,2.657,-3.429,0.7,0.3,0.7,0.2,0.0,0.0,21.1,25.5,0.0,0.0,0.0,1.029,2.8,0.0,12.218,0.0,1
2022-10-10,CA_PRAIRIE,"Calgary, AB",8.343,-2.8,21.6,2.5,2,0.0,0,2.5,8.0,24.2,40.0,0,0,0,7,Open-Meteo Historical Weather API,ERA5,2022,10,4,41,FALL,4.143,0.2,0.14,4.2,2.3,-0.14,2.3,0.0,0.0,60.5,0,0,0,0,0,0,10.957,14.443,3.943,2.657,0.5,0.7,-0.4,0.7,0.0,0.0,12.9,21.1,0.0,0.0,0.0,0.0,4.0,0.0,10.964,0.0,1
2022-10-17,CA_PRAIRIE,"Calgary, AB",6.614,-4.3,25.5,4.4,1,6.65,2,13.9,57.0,22.5,39.6,0,3,1,7,Open-Meteo Historical Weather API,ERA5,2022,10,4,42,FALL,5.157,23.6,0.14,1.457,-19.2,6.51,-0.814,0.0,0.0,99.0,0,0,0,0,0,0,8.343,10.957,4.2,3.943,2.5,0.5,2.3,-0.4,0.0,0.0,24.2,12.9,0.0,0.0,0.0,0.0,8.1,6.65,10.089,1.0,1
2022-10-24,CA_PRAIRIE,"Calgary, AB",2.857,-7.8,13.5,0.2,0,0.0,0,0.2,2.0,28.5,53.6,0,4,0,7,Open-Meteo Historical Weather API,ERA5,2022,10,4,43,FALL,2.086,2.6,5.04,0.771,-2.4,-5.04,-0.923,0.0,0.0,5.7,0,0,0,0,0,0,6.614,8.343,1.457,4.2,4.4,2.5,-19.2,2.3,6.65,0.0,22.5,24.2,1.0,0.0,0.0,0.0,7.6,6.65,7.193,1.0,1
2022-10-31,CA_PRAIRIE,"Calgary, AB",-4.171,-16.6,5.7,0.4,0,16.24,3,23.6,72.0,27.9,51.5,0,7,0,7,Open-Meteo Historical Weather API,ERA5,2022,10,4,44,FALL,2.057,0.0,0.0,-6.228,0.4,16.24,0.4,2.491,101.143,11.16,0,1,1,0,0,0,2.857,6.614,0.771,1.457,0.2,4.4,-2.4,-19.2,0.0,6.65,28.5,22.5,0.0,1.0,0.0,0.0,7.5,22.89,3.411,1.0,1
2022-11-07,CA_PRAIRIE,"Calgary, AB",-14.471,-29.6,-1.3,0.0,0,6.23,1,8.9,27.0,16.1,35.6,0,7,0,7,Open-Meteo Historical Weather API,ERA5,2022,11,4,45,FALL,0.886,0.1,0.7,-15.357,-0.1,5.53,-0.1,0.0,95.674,0.0,0,0,1,1,0,0,-4.171,2.857,-6.228,0.771,0.4,0.2,0.4,-2.4,16.24,0.0,27.9,28.5,0.0,0.0,2.491,0.0,5.0,29.12,-2.293,1.0,1
2022-11-14,CA_PRAIRIE,"Calgary, AB",-5.1,-16.7,4.5,0.1,0,0.7,0,1.1,8.0,24.7,48.6,0,7,0,7,Open-Meteo Historical Weather API,ERA5,2022,11,4,46,FALL,-1.9,1.5,7.63,-3.2,-1.4,-6.93,-0.933,0.32,2.24,2.47,0,0,1,0,0,0,-14.471,-4.171,-15.357,-6.228,0.0,0.4,-0.1,0.4,6.23,16.24,16.1,27.9,0.0,0.0,0.0,2.491,0.7,23.17,-5.221,0.0,1
2022-11-21,CA_PRAIRIE,"Calgary, AB",1.629,-8.6,8.6,0.8,0,4.55,2,7.3,21.0,31.9,59.8,0,7,0,7,Open-Meteo Historical Weather API,ERA5,2022,11,4,47,FALL,1.471,0.0,1.05,0.158,0.8,3.5,0.8,0.0,0.0,25.52,0,0,0,0,0,0,-5.1,-14.471,-3.2,-15.357,0.1,0.0,-1.4,-0.1,0.7,6.23,24.7,16.1,0.0,0.0,0.32,0.0,1.3,27.72,-5.528,0.0,1
2022-11-28,CA_PRAIRIE,"Calgary, AB",-16.029,-30.0,-1.6,0.0,0,2.66,1,3.8,24.0,24.2,52.9,0,7,0,7,Open-Meteo Historical Weather API,ERA5,2022,11,4,48,FALL,-1.614,1.4,6.72,-14.415,-1.4,-4.06,-1.0,0.0,38.344,0.0,0,0,1,1,0,0,1.629,-5.1,0.158,-3.2,0.8,0.1,0.8,-1.4,4.55,0.7,31.9,24.7,0.0,0.0,0.0,0.32,0.9,14.14,-8.493,0.0,1
2022-12-05,CA_PRAIRIE,"Calgary, AB",-11.029,-23.4,-0.5,0.0,0,4.41,2,6.3,39.0,18.5,36.4,0,7,0,7,Open-Meteo Historical Weather API,ERA5,2022,12,4,49,WINTER,-4.843,0.0,0.77,-6.186,0.0,3.64,0.0,0.0,27.28,0.0,0,0,1,1,0,0,-16.029,1.629,-14.415,0.158,0.0,0.8,-1.4,0.8,2.66,4.55,24.2,31.9,0.0,0.0,0.0,0.0,0.9,12.32,-7.632,0.0,1
2022-12-12,CA_PRAIRIE,"Calgary, AB",-12.171,-24.7,0.3,0.0,0,5.39,3,7.7,45.0,21.1,43.2,0,7,0,7,Open-Meteo Historical Weather API,ERA5,2022,12,4,50,WINTER,-15.157,0.0,3.78,2.986,0.0,1.61,0.0,0.0,0.0,0.0,0,0,1,1,0,0,-11.029,-16.029,-6.186,-14.415,0.0,0.0,0.0,-1.4,4.41,2.66,18.5,24.2,0.0,0.0,0.0,0.0,0.8,17.01,-9.4,0.0,1
2022-12-19,CA_PRAIRIE,"Calgary, AB",-23.214,-36.1,1.0,0.1,0,1.33,0,2.0,16.0,24.1,46.8,0,7,0,7,Open-Meteo Historical Weather API,ERA5,2022,12,4,51,WINTER,-16.557,0.0,2.38,-6.657,0.1,-1.05,0.1,0.666,8.854,2.41,0,0,1,1,0,0,-12.171,-11.029,2.986,-6.186,0.0,0.0,0.0,0.0,5.39,4.41,21.1,18.5,0.0,0.0,0.0,0.0,0.1,13.79,-15.611,0.0,1
2022-12-26,CA_PRAIRIE,"Calgary, AB",-3.857,-10.1,6.8,2.1,1,4.48,1,8.5,38.0,22.5,39.2,0,7,1,7,Open-Meteo Historical Weather API,ERA5,2022,12,4,52,WINTER,-21.471,0.0,0.49,17.614,2.1,3.99,2.1,0.0,0.0,47.25,0,0,1,0,0,0,-23.214,-12.171,-6.657,2.986,0.1,0.0,0.1,0.0,1.33,5.39,24.1,21.1,0.0,0.0,0.666,0.0,2.2,15.61,-12.568,1.0,1
2023-01-02,CA_PRAIRIE,"Calgary, AB",-6.571,-17.1,3.7,0.0,0,0.0,0,0.0,0.0,15.2,27.7,0,7,0,7,Open-Meteo Historical Weather API,ERA5,2023,1,1,1,WINTER,-23.8,0.0,2.73,17.229,0.0,-2.73,0.0,0.0,0.0,0.0,0,0,1,0,0,0,-3.857,-23.214,17.614,-6.657,2.1,0.1,2.1,0.1,4.48,1.33,22.5,24.1,1.0,0.0,0.0,0.666,2.2,11.2,-11.453,1.0,1
2023-01-09,CA_PRAIRIE,"Calgary, AB",-3.343,-16.0,5.0,0.1,0,0.0,0,0.1,1.0,18.4,34.9,0,7,0,7,Open-Meteo Historical Weather API,ERA5,2023,1,1,2,WINTER,1.786,0.5,0.07,-5.129,-0.4,-0.07,-0.4,0.513,0.0,1.84,0,0,1,0,0,0,-6.571,-3.857,17.229,17.614,0.0,2.1,0.0,2.1,0.0,4.48,15.2,22.5,0.0,1.0,0.0,0.0,2.3,5.81,-9.246,1.0,1
2023-01-16,CA_PRAIRIE,"Calgary, AB",-3.171,-9.8,5.8,0.0,0,0.63,0,0.9,7.0,18.0,39.2,0,7,0,7,Open-Meteo Historical Weather API,ERA5,2023,1,1,3,WINTER,-1.957,0.0,1.82,-1.214,0.0,-1.19,0.0,0.0,0.765,0.0,0,0,1,0,0,0,-3.343,-6.571,-5.129,17.229,0.1,0.0,-0.4,0.0,0.0,0.0,18.4,15.2,0.0,0.0,0.513,0.0,2.2,5.11,-4.236,1.0,1
2023-01-23,CA_PRAIRIE,"Calgary, AB",-5.786,-25.7,8.1,1.6,0,5.67,1,9.7,40.0,27.1,56.2,0,7,0,7,Open-Meteo Historical Weather API,ERA5,2023,1,1,4,WINTER,1.229,0.3,0.77,-7.015,1.3,4.9,1.3,11.224,39.775,43.36,0,0,1,0,0,0,-3.171,-3.343,-1.214,-5.129,0.0,0.1,0.0,-0.4,0.63,0.0,18.0,18.4,0.0,0.0,0.0,0.513,1.7,6.3,-4.718,0.0,1
2023-01-30,CA_PRAIRIE,"Calgary, AB",-6.257,-17.1,5.2,0.1,0,0.49,0,0.8,8.0,19.8,34.2,0,7,0,7,Open-Meteo Historical Weather API,ERA5,2023,1,1,5,WINTER,-8.029,0.1,1.54,1.772,0.0,-1.05,0.0,0.0,0.0,1.98,0,0,1,0,0,0,-5.786,-3.171,-7.015,-1.214,1.6,0.0,1.3,0.0,5.67,0.63,27.1,18.0,0.0,0.0,11.224,0.0,1.8,6.79,-4.639,0.0,1
2023-02-06,CA_PRAIRIE,"Calgary, AB",0.429,-9.3,7.4,0.0,0,0.28,0,0.4,4.0,26.8,56.5,0,7,0,7,Open-Meteo Historical Weather API,ERA5,2023,2,1,6,WINTER,4.271,0.4,0.0,-3.842,-0.4,0.28,-0.4,0.0,1.076,0.0,0,0,0,0,0,0,-6.257,-5.786,1.772,-7.015,0.1,1.6,0.0,1.3,0.49,5.67,19.8,27.1,0.0,0.0,0.0,11.224,1.7,7.07,-3.696,0.0,1
2023-02-13,CA_PRAIRIE,"Calgary, AB",-3.214,-10.4,5.9,0.6,0,2.87,1,4.7,17.0,27.1,53.6,0,7,0,7,Open-Meteo Historical Weather API,ERA5,2023,2,1,7,WINTER,-4.329,1.4,11.2,1.115,-0.8,-8.33,-0.571,0.0,0.0,16.26,0,0,1,0,0,0,0.429,-6.257,-3.842,1.772,0.0,0.1,-0.4,0.0,0.28,0.49,26.8,19.8,0.0,0.0,0.0,0.0,2.3,9.31,-3.707,0.0,1
2023-02-20,CA_PRAIRIE,"Calgary, AB",-17.214,-34.1,1.1,0.1,0,10.36,2,14.9,43.0,17.4,35.6,0,7,0,7,Open-Meteo Historical Weather API,ERA5,2023,2,1,8,WINTER,-12.814,0.0,1.68,-4.4,0.1,8.68,0.1,0.44,45.584,1.74,0,0,1,1,0,0,-3.214,0.429,1.115,-3.842,0.6,0.0,-0.8,-0.4,2.87,0.28,27.1,26.8,0.0,0.0,0.0,0.0,0.8,14.0,-6.564,0.0,1
2023-02-27,CA_PRAIRIE,"Calgary, AB",-8.214,-15.8,2.4,0.0,0,3.29,2,4.7,37.0,27.0,52.9,0,7,0,7,Open-Meteo Historical Weather API,ERA5,2023,2,1,9,WINTER,-5.243,0.0,6.3,-2.971,0.0,-3.01,0.0,0.0,9.775,0.0,0,0,1,0,0,0,-17.214,-3.214,-4.4,1.115,0.1,0.6,0.1,-0.8,10.36,2.87,17.4,27.1,0.0,0.0,0.44,0.0,0.7,16.8,-7.053,0.0,1
2023-03-06,CA_PRAIRIE,"Calgary, AB",-15.743,-21.2,-9.4,0.0,0,1.96,1,2.8,13.0,18.3,39.6,0,7,0,7,Open-Meteo Historical Weather API,ERA5,2023,3,1,10,SPRING,-4.857,0.9,2.1,-10.886,-0.9,-0.14,-0.9,0.0,21.337,0.0,0,0,1,1,0,0,-8.214,-17.214,-2.971,-4.4,0.0,0.1,0.0,0.1,3.29,10.36,27.0,17.4,0.0,0.0,0.0,0.44,0.7,18.48,-11.096,0.0,1
2023-03-13,CA_PRAIRIE,"Calgary, AB",-5.343,-15.0,5.2,0.3,0,1.96,1,3.1,11.0,21.0,41.0,0,7,0,7,Open-Meteo Historical Weather API,ERA5,2023,3,1,11,SPRING,3.643,1.5,0.07,-8.986,-1.2,1.89,-0.8,2.696,17.613,6.3,0,0,1,0,0,0,-15.743,-8.214,-10.886,-2.971,0.0,0.0,-0.9,0.0,1.96,3.29,18.3,27.0,0.0,0.0,0.0,0.0,0.4,17.57,-11.628,0.0,1
2023-03-20,CA_PRAIRIE,"Calgary, AB",-3.757,-13.4,6.8,1.4,0,0.84,0,2.6,20.0,16.5,33.8,0,7,0,7,Open-Meteo Historical Weather API,ERA5,2023,3,1,12,SPRING,3.743,0.3,0.35,-7.5,1.1,0.49,1.1,10.5,6.3,23.1,0,0,1,0,0,0,-5.343,-15.743,-8.986,-10.886,0.3,0.0,-1.2,-0.9,1.96,1.96,21.0,18.3,0.0,0.0,2.696,0.0,1.7,8.05,-8.264,0.0,1
2023-03-27,CA_PRAIRIE,"Calgary, AB",-2.829,-16.5,9.6,1.3,1,6.79,2,11.0,42.0,20.6,42.5,0,7,1,7,Open-Meteo Historical Weather API,ERA5,2023,3,1,13,SPRING,2.971,3.6,1.47,-5.8,-2.3,5.32,-0.639,7.54,39.382,26.78,0,0,1,0,0,0,-3.757,-5.343,-7.5,-8.986,1.4,0.3,1.1,-1.2,0.84,1.96,16.5,21.0,0.0,0.0,10.5,2.696,3.0,11.55,-6.918,1.0,1
2023-04-03,CA_PRAIRIE,"Calgary, AB",1.443,-13.6,14.5,0.7,0,1.68,1,3.1,18.0,24.5,44.6,0,5,0,7,Open-Meteo Historical Weather API,ERA5,2023,4,2,14,SPRING,5.0,2.3,0.0,-3.557,-1.6,1.68,-0.696,2.49,5.976,17.15,0,0,0,0,0,0,-2.829,-3.757,-5.8,-7.5,1.3,1.4,-2.3,1.1,6.79,0.84,20.6,16.5,1.0,0.0,7.54,10.5,3.7,11.27,-2.622,1.0,1
2023-04-10,CA_PRAIRIE,"Calgary, AB",3.771,-5.2,15.9,7.7,2,0.21,0,8.0,28.0,28.3,57.2,0,5,1,7,Open-Meteo Historical Weather API,ERA5,2023,4,2,15,SPRING,-5.314,0.4,3.08,9.085,7.3,-2.87,7.3,0.0,0.0,217.91,0,0,0,0,0,0,1.443,-2.829,-3.557,-5.8,0.7,1.3,-1.6,-2.3,1.68,6.79,24.5,20.6,0.0,1.0,2.49,7.54,11.1,9.52,-0.343,2.0,1
2023-04-17,CA_PRAIRIE,"Calgary, AB",2.714,-5.8,16.2,0.7,0,1.19,0,2.4,20.0,24.3,60.5,0,5,0,7,Open-Meteo Historical Weather API,ERA5,2023,4,2,16,SPRING,2.229,2.6,8.96,0.485,-1.9,-7.77,-0.731,0.0,0.0,17.01,0,0,0,0,0,0,3.771,1.443,9.085,-3.557,7.7,0.7,7.3,-1.6,0.21,1.68,28.3,24.5,1.0,0.0,0.0,2.49,10.4,9.87,1.275,2.0,1
2023-04-24,CA_PRAIRIE,"Calgary, AB",10.529,-1.4,24.0,5.5,2,0.0,0,5.5,9.0,20.8,43.9,0,0,0,7,Open-Meteo Historical Weather API,ERA5,2023,4,2,17,SPRING,7.3,3.7,0.0,3.229,1.8,0.0,0.486,0.0,0.0,114.4,0,0,0,0,0,0,2.714,3.771,0.485,9.085,0.7,7.7,-1.9,7.3,1.19,0.21,24.3,28.3,0.0,1.0,0.0,0.0,14.6,3.08,4.614,1.0,1
2023-05-01,CA_PRAIRIE,"Calgary, AB",14.1,3.0,27.2,5.9,1,0.0,0,5.9,23.0,21.3,43.2,0,0,0,7,Open-Meteo Historical Weather API,ERA5,2023,5,2,18,SPRING,10.086,7.6,0.0,4.014,-1.7,0.0,-0.224,0.0,0.0,125.67,0,0,0,0,0,0,10.529,2.714,3.229,0.485,5.5,0.7,1.8,-1.9,0.0,1.19,20.8,24.3,0.0,0.0,0.0,0.0,19.8,1.4,7.778,1.0,1
2023-05-08,CA_PRAIRIE,"Calgary, AB",11.529,1.6,22.6,11.2,4,0.0,0,11.2,30.0,20.9,46.8,0,0,0,7,Open-Meteo Historical Weather API,ERA5,2023,5,2,19,SPRING,7.757,4.9,4.34,3.772,6.3,-4.34,1.286,0.0,0.0,234.08,0,0,0,0,0,0,14.1,10.529,4.014,3.229,5.9,5.5,-1.7,1.8,0.0,0.0,21.3,20.8,0.0,0.0,0.0,0.0,23.3,1.19,9.718,0.0,1
2023-05-15,CA_PRAIRIE,"Calgary, AB",16.186,2.2,27.8,0.7,0,0.0,0,0.7,5.0,27.2,56.2,0,0,0,7,Open-Meteo Historical Weather API,ERA5,2023,5,2,20,SPRING,7.814,15.5,0.0,8.372,-14.8,0.0,-0.955,0.0,0.0,19.04,0,0,0,0,0,0,11.529,14.1,3.772,4.014,11.2,5.9,6.3,-1.7,0.0,0.0,20.9,21.3,0.0,0.0,0.0,0.0,23.3,0.0,13.086,0.0,1
2023-05-22,CA_PRAIRIE,"Calgary, AB",14.329,4.1,25.3,11.3,1,0.0,0,11.3,19.0,17.6,39.2,0,0,0,7,Open-Meteo Historical Weather API,ERA5,2023,5,2,21,SPRING,13.286,2.1,0.0,1.043,9.2,0.0,4.381,0.0,0.0,198.88,0,0,0,0,0,0,16.186,11.529,8.372,3.772,0.7,11.2,-14.8,6.3,0.0,0.0,27.2,20.9,0.0,0.0,0.0,0.0,29.1,0.0,14.036,0.0,1
2023-05-29,CA_PRAIRIE,"Calgary, AB",16.6,3.3,29.2,2.6,1,0.0,0,2.6,14.0,18.7,38.9,0,0,0,7,Open-Meteo Historical Weather API,ERA5,2023,5,2,22,SPRING,12.6,30.3,0.0,4.0,-27.7,0.0,-0.914,0.0,0.0,48.62,0,0,0,0,0,0,14.329,16.186,1.043,8.372,11.3,0.7,9.2,-14.8,0.0,0.0,17.6,27.2,0.0,0.0,0.0,0.0,25.8,0.0,14.661,0.0,1
2023-06-05,CA_PRAIRIE,"Calgary, AB",19.129,7.2,30.1,4.7,2,0.0,0,4.7,18.0,25.2,48.2,0,0,0,7,Open-Meteo Historical Weather API,ERA5,2023,6,2,23,SUMMER,14.257,28.3,0.0,4.872,-23.6,0.0,-0.834,0.0,0.0,118.44,0,0,0,0,0,0,16.6,14.329,4.0,1.043,2.6,11.3,-27.7,9.2,0.0,0.0,18.7,17.6,0.0,0.0,0.0,0.0,19.3,0.0,16.561,0.0,1
2023-06-12,CA_PRAIRIE,"Calgary, AB",15.257,6.9,30.4,65.6,4,0.0,0,65.6,56.0,27.0,62.3,0,0,0,7,Open-Meteo Historical Weather API,ERA5,2023,6,2,24,SUMMER,12.729,101.6,0.0,2.528,-36.0,0.0,-0.354,0.0,0.0,1771.2,1,0,0,0,0,0,19.129,16.6,4.872,4.0,4.7,2.6,-23.6,-27.7,0.0,0.0,25.2,18.7,0.0,0.0,0.0,0.0,84.2,0.0,16.329,0.0,1
2023-06-19,CA_PRAIRIE,"Calgary, AB",12.414,3.3,23.7,27.0,5,0.0,0,27.0,54.0,22.3,51.1,0,0,0,7,Open-Meteo Historical Weather API,ERA5,2023,6,2,25,SUMMER,13.371,21.8,0.0,-0.957,5.2,0.0,0.239,25.839,0.0,602.1,0,0,0,0,0,0,15.257,19.129,2.528,4.872,65.6,4.7,-36.0,-23.6,0.0,0.0,27.0,25.2,0.0,0.0,0.0,0.0,99.9,0.0,15.85,0.0,1
2023-06-26,CA_PRAIRIE,"Calgary, AB",18.129,8.7,28.8,8.1,2,0.0,0,8.1,17.0,27.6,50.8,0,0,0,7,Open-Meteo Historical Weather API,ERA5,2023,6,2,26,SUMMER,14.471,17.4,0.0,3.658,-9.3,0.0,-0.534,0.0,0.0,223.56,0,0,0,0,0,0,12.414,15.257,-0.957,2.528,27.0,65.6,5.2,-36.0,0.0,0.0,22.3,27.0,0.0,0.0,25.839,0.0,105.4,0.0,16.232,0.0,1
2023-07-03,CA_PRAIRIE,"Calgary, AB",16.3,5.7,30.0,7.8,2,0.0,0,7.8,17.0,23.0,49.3,0,0,0,7,Open-Meteo Historical Weather API,ERA5,2023,7,3,27,SUMMER,17.214,22.1,0.0,-0.914,-14.3,0.0,-0.647,7.129,0.0,179.4,0,0,0,0,0,0,18.129,12.414,3.658,-0.957,8.1,27.0,-9.3,5.2,0.0,0.0,27.6,22.3,0.0,0.0,0.0,25.839,108.5,0.0,15.525,0.0,1
2023-07-10,CA_PRAIRIE,"Calgary, AB",17.343,10.1,27.3,14.2,5,0.0,0,14.2,40.0,17.3,39.6,0,0,0,7,Open-Meteo Historical Weather API,ERA5,2023,7,3,28,SUMMER,19.336,2.4,0.0,-1.993,11.8,0.0,4.917,28.301,0.0,245.66,0,0,0,0,0,0,16.3,18.129,-0.914,3.658,7.8,8.1,-14.3,-9.3,0.0,0.0,23.0,27.6,0.0,0.0,7.129,0.0,57.1,0.0,16.046,0.0,1
2023-07-17,CA_PRAIRIE,"Calgary, AB",18.829,8.3,31.5,5.9,1,0.0,0,5.9,7.0,20.2,44.3,0,0,0,7,Open-Meteo Historical Weather API,ERA5,2023,7,3,29,SUMMER,18.114,12.35,0.0,0.715,-6.45,0.0,-0.522,0.0,0.0,119.18,0,0,0,0,0,0,17.343,16.3,-1.993,-0.914,14.2,7.8,11.8,-14.3,0.0,0.0,17.3,23.0,0.0,0.0,28.301,7.129,36.0,0.0,17.65,0.0,1
2023-07-24,CA_PRAIRIE,"Calgary, AB",17.343,6.4,34.5,11.8,3,0.0,0,11.8,30.0,22.8,43.6,0,0,0,7,Open-Meteo Historical Weather API,ERA5,2023,7,3,30,SUMMER,20.386,5.6,0.0,-3.043,6.2,0.0,1.107,35.907,0.0,269.04,0,0,0,0,0,0,18.829,17.343,0.715,-1.993,5.9,14.2,-6.45,11.8,0.0,0.0,20.2,17.3,0.0,0.0,0.0,28.301,39.7,0.0,17.454,0.0,1
2023-07-31,CA_PRAIRIE,"Calgary, AB",18.9,8.8,29.6,0.5,0,0.0,0,0.5,5.0,20.8,37.8,0,0,0,7,Open-Meteo Historical Weather API,ERA5,2023,7,3,31,SUMMER,18.4,14.05,0.0,0.5,-13.55,0.0,-0.964,0.0,0.0,10.4,0,0,0,0,0,0,17.343,18.829,-3.043,0.715,11.8,5.9,6.2,-6.45,0.0,0.0,22.8,20.2,0.0,0.0,35.907,0.0,32.4,0.0,18.104,0.0,1
2023-08-07,CA_PRAIRIE,"Calgary, AB",17.329,8.1,29.3,7.1,2,0.0,0,7.1,17.0,15.8,41.4,0,0,0,7,Open-Meteo Historical Weather API,ERA5,2023,8,3,32,SUMMER,20.622,0.9,0.0,-3.293,6.2,0.0,6.2,23.377,0.0,112.18,0,0,0,0,0,0,18.9,17.343,0.5,-3.043,0.5,11.8,-13.55,6.2,0.0,0.0,20.8,22.8,0.0,0.0,0.0,35.907,25.3,0.0,18.1,0.0,1
2023-08-14,CA_PRAIRIE,"Calgary, AB",18.114,3.3,34.5,4.7,1,0.0,0,4.7,8.0,25.8,52.2,0,0,0,7,Open-Meteo Historical Weather API,ERA5,2023,8,3,33,SUMMER,16.4,34.9,0.0,1.714,-30.2,0.0,-0.865,0.0,0.0,121.26,0,0,0,0,0,0,17.329,18.9,-3.293,0.5,7.1,0.5,6.2,-13.55,0.0,0.0,15.8,20.8,0.0,0.0,23.377,0.0,24.1,0.0,17.922,0.0,1
2023-08-21,CA_PRAIRIE,"Calgary, AB",16.129,6.6,28.3,15.0,2,0.0,0,15.0,33.0,22.9,46.8,0,0,0,7,Open-Meteo Historical Weather API,ERA5,2023,8,3,34,SUMMER,14.822,14.9,0.0,1.308,0.1,0.0,0.007,0.0,0.0,343.5,0,0,0,0,0,0,18.114,17.329,1.714,-3.293,4.7,7.1,-30.2,6.2,0.0,0.0,25.8,15.8,0.0,0.0,0.0,23.377,27.3,0.0,17.618,0.0,1
2023-08-28,CA_PRAIRIE,"Calgary, AB",18.057,9.6,31.1,21.2,4,0.0,0,21.2,42.0,22.0,45.4,0,0,0,7,Open-Meteo Historical Weather API,ERA5,2023,8,3,35,SUMMER,16.857,2.2,0.0,1.2,19.0,0.0,8.636,0.0,0.0,466.4,0,0,0,0,0,0,16.129,18.114,1.308,1.714,15.0,4.7,0.1,-30.2,0.0,0.0,22.9,25.8,0.0,0.0,0.0,0.0,48.0,0.0,17.407,0.0,1
2023-09-04,CA_PRAIRIE,"Calgary, AB",11.943,4.3,22.6,8.3,2,0.0,0,8.3,28.0,19.5,44.3,0,0,0,7,Open-Meteo Historical Weather API,ERA5,2023,9,3,36,FALL,14.478,9.55,0.0,-2.536,-1.25,0.0,-0.131,21.045,0.0,161.85,0,0,0,0,0,0,18.057,16.129,1.2,1.308,21.2,15.0,19.0,0.1,0.0,0.0,22.0,22.9,0.0,0.0,0.0,0.0,49.2,0.0,16.061,0.0,1
2023-09-11,CA_PRAIRIE,"Calgary, AB",15.471,2.9,29.4,0.7,0,0.0,0,0.7,2.0,19.1,41.8,0,0,0,7,Open-Meteo Historical Weather API,ERA5,2023,9,3,37,FALL,11.872,2.9,0.105,3.6,-2.2,-0.105,-0.759,0.0,0.0,13.37,0,0,0,0,0,0,11.943,18.057,-2.536,1.2,8.3,21.2,-1.25,19.0,0.0,0.0,19.5,22.0,0.0,0.0,21.045,0.0,45.2,0.0,15.4,0.0,1
2023-09-18,CA_PRAIRIE,"Calgary, AB",10.557,2.6,21.2,7.0,2,0.0,0,7.0,16.0,22.8,52.2,0,0,0,7,Open-Meteo Historical Weather API,ERA5,2023,9,3,38,FALL,11.828,0.2,0.0,-1.271,6.8,0.0,6.8,8.9,0.0,159.6,0,0,0,0,0,0,15.471,11.943,3.6,-2.536,0.7,8.3,-2.2,-1.25,0.0,0.0,19.1,19.5,0.0,0.0,0.0,21.045,37.2,0.0,14.007,0.0,1
2023-09-25,CA_PRAIRIE,"Calgary, AB",8.957,0.3,21.3,13.6,3,0.0,0,13.6,33.0,20.7,47.5,0,1,1,7,Open-Meteo Historical Weather API,ERA5,2023,9,3,39,FALL,13.114,0.35,0.0,-4.157,13.25,0.0,13.25,56.542,0.0,281.52,0,0,0,0,0,0,10.557,15.471,-1.271,3.6,7.0,0.7,6.8,-2.2,0.0,0.0,22.8,19.1,0.0,0.0,8.9,0.0,29.6,0.0,11.732,1.0,1
2023-10-02,CA_PRAIRIE,"Calgary, AB",9.2,-2.7,27.1,5.7,1,0.0,0,5.7,16.0,15.5,34.9,0,1,0,7,Open-Meteo Historical Weather API,ERA5,2023,10,4,40,FALL,8.986,0.7,0.105,0.214,5.0,-0.105,5.0,0.0,0.0,88.35,0,0,0,0,0,0,8.957,10.557,-4.157,-1.271,13.6,7.0,13.25,6.8,0.0,0.0,20.7,22.8,1.0,0.0,56.542,8.9,27.0,0.0,11.046,1.0,1
2023-10-09,CA_PRAIRIE,"Calgary, AB",9.357,1.3,25.8,13.5,2,0.0,0,13.5,42.0,20.6,41.8,0,0,0,7,Open-Meteo Historical Weather API,ERA5,2023,10,4,41,FALL,6.243,1.35,0.07,3.114,12.15,-0.07,9.0,0.0,0.0,278.1,0,0,0,0,0,0,9.2,8.957,0.214,-4.157,5.7,13.6,5.0,13.25,0.0,0.0,15.5,20.7,0.0,1.0,0.0,56.542,39.8,0.0,9.518,1.0,1
2023-10-16,CA_PRAIRIE,"Calgary, AB",8.371,0.4,22.6,7.4,2,0.0,0,7.4,29.0,28.0,52.2,0,2,1,7,Open-Meteo Historical Weather API,ERA5,2023,10,4,42,FALL,5.886,14.0,3.395,2.486,-6.6,-3.395,-0.471,0.0,0.0,207.2,0,0,0,0,0,0,9.357,9.2,3.114,0.214,13.5,5.7,12.15,5.0,0.0,0.0,20.6,15.5,0.0,0.0,0.0,0.0,40.2,0.0,8.971,2.0,1
2023-10-23,CA_PRAIRIE,"Calgary, AB",-8.1,-18.3,3.2,0.2,0,10.01,2,14.5,49.0,18.9,35.3,0,7,0,7,Open-Meteo Historical Weather API,ERA5,2023,10,4,43,FALL,2.472,1.4,2.52,-10.572,-1.2,7.49,-0.857,2.114,105.821,3.78,0,0,1,0,0,0,8.371,9.357,2.486,3.114,7.4,13.5,-6.6,12.15,0.0,0.0,28.0,20.6,1.0,0.0,0.0,0.0,26.8,10.01,4.707,1.0,1
2023-10-30,CA_PRAIRIE,"Calgary, AB",2.114,-6.6,12.1,0.0,0,0.49,0,0.7,7.0,15.7,32.0,0,6,0,7,Open-Meteo Historical Weather API,ERA5,2023,10,4,44,FALL,-1.057,0.2,8.12,3.171,-0.2,-7.63,-0.2,0.0,0.0,0.0,0,0,0,0,0,0,-8.1,8.371,-10.572,2.486,0.2,7.4,-1.2,-6.6,10.01,0.0,18.9,28.0,0.0,1.0,2.114,0.0,21.1,10.5,2.935,1.0,1
2023-11-06,CA_PRAIRIE,"Calgary, AB",2.457,-3.1,10.5,2.2,1,0.21,0,2.5,12.0,30.8,65.9,0,7,1,7,Open-Meteo Historical Weather API,ERA5,2023,11,4,45,FALL,-6.792,0.05,3.465,9.25,2.15,-3.255,2.15,0.0,0.0,67.76,0,0,0,0,0,0,2.114,-8.1,3.171,-10.572,0.0,0.2,-0.2,-1.2,0.49,10.01,15.7,18.9,0.0,0.0,0.0,2.114,9.8,10.71,1.21,2.0,1
2023-11-13,CA_PRAIRIE,"Calgary, AB",2.886,-7.8,15.5,0.0,0,1.12,1,1.6,8.0,22.5,45.0,0,5,0,7,Open-Meteo Historical Weather API,ERA5,2023,11,4,46,FALL,-3.5,0.8,4.165,6.386,-0.8,-3.045,-0.8,0.0,0.0,0.0,0,0,0,0,0,0,2.457,2.114,9.25,3.171,2.2,0.0,2.15,-0.2,0.21,0.49,30.8,15.7,1.0,0.0,0.0,0.0,2.4,11.83,-0.161,1.0,1
2023-11-20,CA_PRAIRIE,"Calgary, AB",-0.714,-11.2,10.8,0.0,0,2.45,1,3.5,18.0,22.9,46.8,0,6,0,7,Open-Meteo Historical Weather API,ERA5,2023,11,4,47,FALL,1.55,0.4,2.8,-2.264,-0.4,-0.35,-0.4,0.0,5.547,0.0,0,0,1,0,0,0,2.886,2.457,6.386,9.25,0.0,2.2,-0.8,2.15,1.12,0.21,22.5,30.8,0.0,1.0,0.0,0.0,2.2,4.27,1.686,1.0,1
2023-11-27,CA_PRAIRIE,"Calgary, AB",-2.5,-10.6,8.5,0.1,0,0.42,0,0.7,5.0,19.1,34.9,0,7,0,7,Open-Meteo Historical Weather API,ERA5,2023,11,4,48,FALL,-8.822,0.7,4.69,6.322,-0.6,-4.27,-0.6,0.0,0.0,1.91,0,0,1,0,0,0,-0.714,2.886,-2.264,6.386,0.0,0.0,-0.4,-0.8,2.45,1.12,22.9,22.5,0.0,0.0,0.0,0.0,2.3,4.2,0.532,1.0,1
2023-12-04,CA_PRAIRIE,"Calgary, AB",-0.9,-14.2,14.1,0.8,0,10.5,2,15.8,50.0,29.1,58.3,0,6,0,7,Open-Meteo Historical Weather API,ERA5,2023,12,4,49,WINTER,-7.936,0.0,2.59,7.036,0.8,7.91,0.8,0.0,0.0,23.28,0,0,1,0,0,0,-2.5,-0.714,6.322,-2.264,0.1,0.0,-0.6,-0.4,0.42,2.45,19.1,22.9,0.0,0.0,0.0,0.0,0.9,14.49,-0.307,0.0,1
2023-12-11,CA_PRAIRIE,"Calgary, AB",-0.9,-9.6,9.8,0.1,0,2.8,1,4.1,16.0,17.7,34.9,0,7,0,7,Open-Meteo Historical Weather API,ERA5,2023,12,4,50,WINTER,-13.664,0.0,4.585,12.764,0.1,-1.785,0.1,0.0,0.0,1.77,0,0,1,0,0,0,-0.9,-2.5,7.036,6.322,0.8,0.1,0.8,-0.6,10.5,0.42,29.1,19.1,0.0,0.0,0.0,0.0,1.0,16.17,-1.254,0.0,1
2023-12-18,CA_PRAIRIE,"Calgary, AB",-0.771,-15.9,9.9,0.4,0,1.47,1,2.5,10.0,23.1,47.5,0,7,0,7,Open-Meteo Historical Weather API,ERA5,2023,12,4,51,WINTER,-19.886,0.05,1.855,19.114,0.35,-0.385,0.35,0.0,0.0,9.24,0,0,1,0,0,0,-0.9,-0.9,12.764,7.036,0.1,0.8,0.1,0.8,2.8,10.5,17.7,29.1,0.0,0.0,0.0,0.0,1.4,15.19,-1.268,0.0,1
2023-12-25,CA_PRAIRIE,"Calgary, AB",-0.243,-10.9,8.8,0.7,0,0.07,0,0.8,3.0,18.4,32.8,0,7,0,7,Open-Meteo Historical Weather API,ERA5,2023,12,4,52,WINTER,-12.664,1.05,2.485,12.421,-0.35,-2.415,-0.333,0.0,0.0,12.88,0,0,1,0,0,0,-0.771,-0.9,19.114,12.764,0.4,0.1,0.35,0.1,1.47,2.8,23.1,17.7,0.0,0.0,0.0,0.0,2.0,14.84,-0.704,0.0,1
2024-01-01,CA_PRAIRIE,"Calgary, AB",-4.457,-19.3,3.9,0.9,0,6.51,3,10.2,33.0,19.7,38.9,0,7,0,7,Open-Meteo Historical Weather API,ERA5,2024,1,1,1,WINTER,-15.186,0.0,1.365,10.728,0.9,5.145,0.9,0.0,0.0,17.73,0,0,1,0,0,0,-0.243,-0.771,12.421,19.114,0.7,0.4,-0.35,0.35,0.07,1.47,18.4,23.1,0.0,0.0,0.0,0.0,2.1,10.85,-1.593,0.0,1
2024-01-08,CA_PRAIRIE,"Calgary, AB",-26.2,-42.9,-5.7,0.0,0,2.66,1,3.8,24.0,18.1,34.6,0,7,0,7,Open-Meteo Historical Weather API,ERA5,2024,1,1,2,WINTER,-0.778,0.3,0.035,-25.422,-0.3,2.625,-0.3,0.0,67.621,0.0,0,0,1,1,0,0,-4.457,-0.243,10.728,12.421,0.9,0.7,0.9,-0.35,6.51,0.07,19.7,18.4,0.0,0.0,0.0,0.0,2.0,10.71,-7.918,0.0,1
2024-01-15,CA_PRAIRIE,"Calgary, AB",-17.014,-38.3,-5.7,0.0,0,5.88,2,8.4,38.0,15.2,25.9,0,7,0,7,Open-Meteo Historical Weather API,ERA5,2024,1,1,3,WINTER,-2.564,0.0,1.225,-14.45,0.0,4.655,0.0,0.0,84.966,0.0,0,0,1,1,0,0,-26.2,-4.457,-25.422,10.728,0.0,0.9,-0.3,0.9,2.66,6.51,18.1,19.7,0.0,0.0,0.0,0.0,1.6,15.12,-11.978,0.0,1
2024-01-22,CA_PRAIRIE,"Calgary, AB",-1.786,-15.6,8.0,0.2,0,0.0,0,0.2,2.0,22.3,36.0,0,7,0,7,Open-Meteo Historical Weather API,ERA5,2024,1,1,4,WINTER,-2.278,0.95,3.22,0.492,-0.75,-3.22,-0.75,0.0,0.0,4.46,0,0,1,0,0,0,-17.014,-26.2,-14.45,-25.422,0.0,0.0,0.0,-0.3,5.88,2.66,15.2,18.1,0.0,0.0,0.0,0.0,1.1,15.05,-12.364,0.0,1
2024-01-29,CA_PRAIRIE,"Calgary, AB",3.071,-8.7,13.4,1.1,1,4.55,1,7.6,35.0,20.9,41.8,0,5,1,7,Open-Meteo Historical Weather API,ERA5,2024,1,1,5,WINTER,-7.143,0.1,1.015,10.214,1.0,3.535,1.0,0.0,0.0,22.99,0,0,0,0,0,0,-1.786,-17.014,0.492,-14.45,0.2,0.0,-0.75,0.0,0.0,5.88,22.3,15.2,0.0,0.0,0.0,0.0,1.3,13.09,-10.482,1.0,1
2024-02-05,CA_PRAIRIE,"Calgary, AB",-6.586,-17.9,1.5,0.0,0,1.4,0,2.0,14.0,14.6,23.8,0,7,0,7,Open-Meteo Historical Weather API,ERA5,2024,2,1,6,WINTER,2.35,0.2,0.14,-8.936,-0.2,1.26,-0.2,0.0,12.51,0.0,0,0,1,0,0,0,3.071,-1.786,10.214,0.492,1.1,0.2,1.0,-0.75,4.55,0.0,20.9,22.3,1.0,0.0,0.0,0.0,1.3,11.83,-5.579,1.0,1
2024-02-12,CA_PRAIRIE,"Calgary, AB",-8.257,-20.0,3.8,0.0,0,2.31,1,3.1,20.0,15.7,42.1,0,7,0,7,Open-Meteo Historical Weather API,ERA5,2024,2,1,7,WINTER,-3.771,1.0,7.035,-4.486,-1.0,-4.725,-1.0,0.0,10.362,0.0,0,0,1,0,0,0,-6.586,3.071,-8.936,10.214,0.0,1.1,-0.2,1.0,1.4,4.55,14.6,20.9,0.0,1.0,0.0,0.0,1.3,8.26,-3.39,1.0,1
2024-02-19,CA_PRAIRIE,"Calgary, AB",-1.171,-9.8,8.6,0.1,0,1.89,1,2.8,16.0,26.0,41.8,0,7,0,7,Open-Meteo Historical Weather API,ERA5,2024,2,1,8,WINTER,-15.014,0.05,6.02,13.843,0.05,-4.13,0.05,0.0,0.0,2.6,0,0,1,0,0,0,-8.257,-6.586,-4.486,-8.936,0.0,0.0,-1.0,-0.2,2.31,1.4,15.7,14.6,0.0,0.0,0.0,0.0,1.2,10.15,-3.236,1.0,1
2024-02-26,CA_PRAIRIE,"Calgary, AB",-13.4,-26.7,7.0,0.3,0,9.59,3,14.0,63.0,29.6,59.4,0,7,0,7,Open-Meteo Historical Weather API,ERA5,2024,2,1,9,WINTER,-6.728,0.0,4.795,-6.672,0.3,4.795,0.3,2.001,63.98,8.88,0,0,1,1,0,0,-1.171,-8.257,13.843,-4.486,0.1,0.0,0.05,-1.0,1.89,2.31,26.0,15.7,0.0,0.0,0.0,0.0,0.4,15.19,-7.354,0.0,1
2024-03-04,CA_PRAIRIE,"Calgary, AB",-9.643,-24.9,9.8,0.0,0,0.42,0,0.6,6.0,22.2,37.8,0,7,0,7,Open-Meteo Historical Weather API,ERA5,2024,3,1,10,SPRING,-10.3,0.45,2.03,0.657,-0.45,-1.61,-0.45,0.0,0.0,0.0,0,0,1,0,0,0,-13.4,-1.171,-6.672,13.843,0.3,0.1,0.3,0.05,9.59,1.89,29.6,26.0,0.0,0.0,2.001,0.0,0.4,14.21,-8.118,0.0,1
2024-03-11,CA_PRAIRIE,"Calgary, AB",3.4,-5.7,17.0,0.4,0,0.07,0,0.5,5.0,17.9,34.6,0,4,0,7,Open-Meteo Historical Weather API,ERA5,2024,3,1,11,SPRING,-0.85,0.9,1.015,4.25,-0.5,-0.945,-0.5,0.0,0.0,7.16,0,0,0,0,0,0,-9.643,-13.4,0.657,-6.672,0.0,0.3,-0.45,0.3,0.42,9.59,22.2,29.6,0.0,0.0,0.0,2.001,0.8,11.97,-5.204,0.0,1
2024-03-18,CA_PRAIRIE,"Calgary, AB",-4.229,-11.3,16.2,0.1,0,14.91,3,21.3,94.0,18.0,36.4,0,6,0,7,Open-Meteo Historical Weather API,ERA5,2024,3,1,12,SPRING,-0.007,0.85,0.595,-4.222,-0.75,14.315,-0.75,0.422,62.95,1.8,0,0,1,0,0,0,3.4,-9.643,4.25,0.657,0.4,0.0,-0.5,-0.45,0.07,0.42,17.9,22.2,0.0,0.0,0.0,0.0,0.8,24.99,-5.968,0.0,1
2024-03-25,CA_PRAIRIE,"Calgary, AB",-5.371,-16.5,4.9,0.1,0,2.66,1,3.9,31.0,17.9,32.8,0,7,0,7,Open-Meteo Historical Weather API,ERA5,2024,3,1,13,SPRING,0.071,2.45,4.13,-5.442,-2.35,-1.47,-0.959,0.544,14.476,1.79,0,0,1,0,0,0,-4.229,3.4,-4.222,4.25,0.1,0.4,-0.75,-0.5,14.91,0.07,18.0,17.9,0.0,0.0,0.422,0.0,0.6,18.06,-3.961,0.0,1
2024-04-01,CA_PRAIRIE,"Calgary, AB",3.314,-2.1,15.6,2.6,1,10.15,2,17.1,52.0,23.4,49.3,0,5,0,7,Open-Meteo Historical Weather API,ERA5,2024,4,2,14,SPRING,3.222,1.5,0.84,0.093,1.1,9.31,0.733,0.0,0.0,60.84,0,0,0,0,0,0,-5.371,-4.229,-5.442,-4.222,0.1,0.1,-2.35,-0.75,2.66,14.91,17.9,18.0,0.0,0.0,0.544,0.422,3.2,27.79,-0.722,0.0,1
2024-04-08,CA_PRAIRIE,"Calgary, AB",5.914,-3.1,17.1,2.1,1,0.0,0,2.1,8.0,22.5,43.6,0,3,1,7,Open-Meteo Historical Weather API,ERA5,2024,4,2,15,SPRING,-0.772,4.05,1.645,6.685,-1.95,-1.645,-0.481,0.0,0.0,47.25,0,0,0,0,0,0,3.314,-5.371,0.093,-5.442,2.6,0.1,1.1,-2.35,10.15,2.66,23.4,17.9,0.0,0.0,0.0,0.544,4.9,27.72,-0.093,1.0,1
2024-04-15,CA_PRAIRIE,"Calgary, AB",2.114,-7.8,16.6,3.4,2,4.06,1,9.2,35.0,32.3,64.1,0,5,1,7,Open-Meteo Historical Weather API,ERA5,2024,4,2,16,SPRING,2.472,1.65,5.075,-0.357,1.75,-1.015,1.061,1.215,1.451,109.82,0,0,0,0,0,0,5.914,3.314,6.685,0.093,2.1,2.6,-1.95,1.1,0.0,10.15,22.5,23.4,1.0,0.0,0.0,0.0,8.2,16.87,1.493,2.0,1
2024-04-22,CA_PRAIRIE,"Calgary, AB",8.343,-1.0,17.6,2.3,0,0.0,0,2.3,12.0,23.1,53.6,0,0,0,7,Open-Meteo Historical Weather API,ERA5,2024,4,2,17,SPRING,8.914,4.6,0.0,-0.572,-2.3,0.0,-0.5,1.314,0.0,53.13,0,0,0,0,0,0,2.114,5.914,-0.357,6.685,3.4,2.1,1.75,-1.95,4.06,0.0,32.3,22.5,1.0,1.0,1.215,0.0,10.4,14.21,4.921,2.0,1
2024-04-29,CA_PRAIRIE,"Calgary, AB",4.7,-2.2,14.5,10.1,5,11.06,3,25.9,80.0,24.6,55.8,0,3,3,7,Open-Meteo Historical Weather API,ERA5,2024,4,2,18,SPRING,12.093,6.75,0.0,-7.393,3.35,11.06,0.496,74.669,81.767,248.46,0,0,0,0,1,0,8.343,2.114,-0.572,-0.357,2.3,3.4,-2.3,1.75,0.0,4.06,23.1,32.3,0.0,1.0,1.314,1.215,17.9,15.12,5.268,5.0,1
2024-05-06,CA_PRAIRIE,"Calgary, AB",11.786,1.1,26.0,24.6,3,0.0,0,24.6,40.0,35.0,69.8,0,0,0,7,Open-Meteo Historical Weather API,ERA5,2024,5,2,19,SPRING,9.643,8.05,2.17,2.143,16.55,-2.17,2.056,0.0,0.0,861.0,0,0,0,0,0,0,4.7,8.343,-7.393,-0.572,10.1,2.3,3.35,-2.3,11.06,0.0,24.6,23.1,3.0,0.0,74.669,1.314,40.4,15.12,6.736,4.0,1
2024-05-13,CA_PRAIRIE,"Calgary, AB",9.957,0.7,19.9,23.7,4,0.77,0,24.8,48.0,19.6,47.9,0,0,0,7,Open-Meteo Historical Weather API,ERA5,2024,5,2,20,SPRING,12.0,8.1,0.0,-2.043,15.6,0.77,1.926,48.419,1.573,464.52,0,0,0,0,0,0,11.786,4.7,2.143,-7.393,24.6,10.1,16.55,3.35,0.0,11.06,35.0,24.6,0.0,3.0,0.0,74.669,60.7,11.83,8.696,3.0,1
2024-05-20,CA_PRAIRIE,"Calgary, AB",8.543,1.9,16.2,26.9,6,0.07,0,27.0,72.0,18.4,52.2,0,0,0,7,Open-Meteo Historical Weather API,ERA5,2024,5,2,21,SPRING,13.808,6.7,0.0,-5.265,20.2,0.07,3.015,141.615,0.369,494.96,0,0,0,0,0,0,9.957,11.786,-2.043,2.143,23.7,24.6,15.6,16.55,0.77,0.0,19.6,35.0,0.0,0.0,48.419,0.0,85.3,11.9,8.746,3.0,1
2024-05-27,CA_PRAIRIE,"Calgary, AB",12.529,3.2,22.6,5.8,2,0.0,0,5.8,14.0,21.7,49.0,0,0,0,7,Open-Meteo Historical Weather API,ERA5,2024,5,2,22,SPRING,14.6,16.45,0.0,-2.071,-10.65,0.0,-0.647,12.012,0.0,125.86,0,0,0,0,0,0,8.543,9.957,-5.265,-2.043,26.9,23.7,20.2,15.6,0.07,0.77,18.4,19.6,0.0,0.0,141.615,48.419,81.0,0.84,10.704,0.0,1
2024-06-03,CA_PRAIRIE,"Calgary, AB",12.871,4.6,21.4,3.2,1,0.0,0,3.2,16.0,27.4,61.6,0,0,0,7,Open-Meteo Historical Weather API,ERA5,2024,6,2,23,SUMMER,16.693,16.5,0.0,-3.822,-13.3,0.0,-0.806,12.23,0.0,87.68,0,0,0,0,0,0,12.529,8.543,-2.071,-5.265,5.8,26.9,-10.65,20.2,0.0,0.07,21.7,18.4,0.0,0.0,12.012,141.615,59.6,0.84,10.975,0.0,1
2024-06-10,CA_PRAIRIE,"Calgary, AB",13.986,4.4,25.1,23.0,3,0.0,0,23.0,40.0,25.8,49.7,0,0,0,7,Open-Meteo Historical Weather API,ERA5,2024,6,2,24,SUMMER,13.993,83.6,0.0,-0.007,-60.6,0.0,-0.725,0.161,0.0,593.4,0,0,0,0,0,0,12.871,12.529,-3.822,-2.071,3.2,5.8,-13.3,-10.65,0.0,0.0,27.4,21.7,0.0,0.0,12.23,12.012,58.9,0.07,11.982,0.0,1
2024-06-17,CA_PRAIRIE,"Calgary, AB",12.214,1.8,26.4,12.4,4,0.0,0,12.4,39.0,18.5,38.5,0,0,0,7,Open-Meteo Historical Weather API,ERA5,2024,6,2,25,SUMMER,12.892,24.4,0.0,-0.678,-12.0,0.0,-0.492,8.413,0.0,229.4,0,0,0,0,0,0,13.986,12.871,-0.007,-3.822,23.0,3.2,-60.6,-13.3,0.0,0.0,25.8,27.4,0.0,0.0,0.161,12.23,44.4,0.0,12.9,0.0,1
2024-06-24,CA_PRAIRIE,"Calgary, AB",14.529,6.1,22.4,41.3,4,0.0,0,41.3,50.0,28.2,58.3,0,0,0,7,Open-Meteo Historical Weather API,ERA5,2024,6,2,26,SUMMER,16.3,12.75,0.0,-1.771,28.55,0.0,2.239,73.142,0.0,1164.66,0,0,0,0,0,0,12.214,13.986,-0.678,-0.007,12.4,23.0,-12.0,-60.6,0.0,0.0,18.5,25.8,0.0,0.0,8.413,0.161,79.9,0.0,13.4,0.0,1
2024-07-01,CA_PRAIRIE,"Calgary, AB",16.286,9.4,27.4,10.9,4,0.0,0,10.9,36.0,22.7,50.8,0,0,0,7,Open-Meteo Historical Weather API,ERA5,2024,7,3,27,SUMMER,16.909,17.333,0.0,-0.623,-6.433,0.0,-0.371,6.794,0.0,247.43,0,0,0,0,0,0,14.529,12.214,-1.771,-0.678,41.3,12.4,28.55,-12.0,0.0,0.0,28.2,18.5,0.0,0.0,73.142,8.413,87.6,0.0,14.254,0.0,1
2024-07-08,CA_PRAIRIE,"Calgary, AB",21.2,10.3,33.9,8.5,1,0.0,0,8.5,18.0,21.7,43.9,0,0,0,7,Open-Meteo Historical Weather API,ERA5,2024,7,3,28,SUMMER,18.672,6.333,0.0,2.528,2.167,0.0,0.342,0.0,0.0,184.45,0,0,0,0,0,0,16.286,14.529,-0.623,-1.771,10.9,41.3,-6.433,28.55,0.0,0.0,22.7,28.2,0.0,0.0,6.794,73.142,73.1,0.0,16.057,0.0,1
2024-07-15,CA_PRAIRIE,"Calgary, AB",22.529,11.7,33.9,3.2,2,0.0,0,3.2,14.0,15.4,35.6,0,0,0,7,Open-Meteo Historical Weather API,ERA5,2024,7,3,29,SUMMER,18.353,10.2,0.0,4.176,-7.0,0.0,-0.686,0.0,0.0,49.28,0,0,0,0,0,0,21.2,16.286,2.528,-0.623,8.5,10.9,2.167,-6.433,0.0,0.0,21.7,22.7,0.0,0.0,0.0,6.794,63.9,0.0,18.636,0.0,1
2024-07-22,CA_PRAIRIE,"Calgary, AB",20.686,8.6,35.0,3.4,1,0.0,0,3.4,7.0,23.6,53.3,0,0,0,7,Open-Meteo Historical Weather API,ERA5,2024,7,3,30,SUMMER,19.372,7.667,0.0,1.314,-4.267,0.0,-0.557,0.0,0.0,80.24,0,0,0,0,0,0,22.529,21.2,4.176,2.528,3.2,8.5,-7.0,2.167,0.0,0.0,15.4,21.7,0.0,0.0,0.0,0.0,26.0,0.0,20.175,0.0,1
2024-07-29,CA_PRAIRIE,"Calgary, AB",20.486,10.4,33.0,3.2,2,0.0,0,3.2,10.0,22.4,41.8,0,0,0,7,Open-Meteo Historical Weather API,ERA5,2024,7,3,31,SUMMER,18.567,9.533,0.0,1.919,-6.333,0.0,-0.664,0.0,0.0,71.68,0,0,0,0,0,0,20.686,22.529,1.314,4.176,3.4,3.2,-4.267,-7.0,0.0,0.0,23.6,15.4,0.0,0.0,0.0,0.0,18.3,0.0,21.225,0.0,1
2024-08-05,CA_PRAIRIE,"Calgary, AB",15.614,5.9,26.2,24.6,4,0.0,0,24.6,46.0,16.2,38.2,0,0,0,7,Open-Meteo Historical Weather API,ERA5,2024,8,3,32,SUMMER,19.524,2.967,0.0,-3.91,21.633,0.0,7.292,96.186,0.0,398.52,0,0,0,0,0,0,20.486,20.686,1.919,1.314,3.2,3.4,-6.333,-4.267,0.0,0.0,22.4,23.6,0.0,0.0,0.0,0.0,34.4,0.0,19.829,0.0,1
2024-08-12,CA_PRAIRIE,"Calgary, AB",17.357,9.4,26.9,14.4,4,0.0,0,14.4,29.0,16.7,40.0,0,0,0,7,Open-Meteo Historical Weather API,ERA5,2024,8,3,33,SUMMER,16.971,24.833,0.0,0.386,-10.433,0.0,-0.42,0.0,0.0,240.48,0,0,0,0,0,0,15.614,20.486,-3.91,1.919,24.6,3.2,21.633,-6.333,0.0,0.0,16.2,22.4,0.0,0.0,96.186,0.0,45.6,0.0,18.536,0.0,1
2024-08-19,CA_PRAIRIE,"Calgary, AB",16.729,8.1,30.7,10.3,2,0.0,0,10.3,18.0,28.7,59.8,0,0,0,7,Open-Meteo Historical Weather API,ERA5,2024,8,3,34,SUMMER,15.257,14.933,0.0,1.472,-4.633,0.0,-0.31,0.0,0.0,295.61,0,0,0,0,0,0,17.357,15.614,0.386,-3.91,14.4,24.6,-10.433,21.633,0.0,0.0,16.7,16.2,0.0,0.0,0.0,96.186,52.5,0.0,17.546,0.0,1
2024-08-26,CA_PRAIRIE,"Calgary, AB",15.686,6.0,30.8,28.0,1,0.0,0,28.0,25.0,33.8,76.7,0,0,0,7,Open-Meteo Historical Weather API,ERA5,2024,8,3,35,SUMMER,17.257,8.533,0.0,-1.571,19.467,0.0,2.281,43.997,0.0,946.4,0,0,0,0,0,0,16.729,17.357,1.472,0.386,10.3,14.4,-4.633,-10.433,0.0,0.0,28.7,16.7,0.0,0.0,0.0,0.0,77.3,0.0,16.346,0.0,1
2024-09-02,CA_PRAIRIE,"Calgary, AB",18.886,5.9,32.9,0.3,0,0.0,0,0.3,3.0,18.2,35.3,0,0,0,7,Open-Meteo Historical Weather API,ERA5,2024,9,3,36,FALL,13.633,9.133,0.0,5.253,-8.833,0.0,-0.967,0.0,0.0,5.46,0,0,0,0,0,0,15.686,16.729,-1.571,1.472,28.0,10.3,19.467,-4.633,0.0,0.0,33.8,28.7,0.0,0.0,43.997,0.0,53.0,0.0,17.164,0.0,1
2024-09-09,CA_PRAIRIE,"Calgary, AB",12.029,4.1,26.5,27.5,5,0.0,0,27.5,55.0,25.1,46.4,0,0,0,7,Open-Meteo Historical Weather API,ERA5,2024,9,3,37,FALL,13.071,2.167,0.07,-1.042,25.333,-0.07,11.692,28.664,0.0,690.25,0,0,0,0,0,0,18.886,15.686,5.253,-1.571,0.3,28.0,-8.833,19.467,0.0,0.0,18.2,33.8,0.0,0.0,0.0,43.997,66.1,0.0,15.832,0.0,1
2024-09-16,CA_PRAIRIE,"Calgary, AB",11.271,-0.2,22.2,8.1,2,0.0,0,8.1,17.0,21.9,47.5,0,0,0,7,Open-Meteo Historical Weather API,ERA5,2024,9,3,38,FALL,11.405,2.467,0.0,-0.134,5.633,0.0,2.284,1.083,0.0,177.39,0,0,0,0,0,0,12.029,18.886,-1.042,5.253,27.5,0.3,25.333,-8.833,0.0,0.0,25.1,18.2,0.0,0.0,28.664,0.0,63.9,0.0,14.468,0.0,1
2024-09-23,CA_PRAIRIE,"Calgary, AB",14.229,3.3,29.4,2.3,2,0.0,0,2.3,10.0,24.9,55.1,0,0,0,7,Open-Meteo Historical Weather API,ERA5,2024,9,3,39,FALL,11.729,4.767,0.0,2.5,-2.467,0.0,-0.517,0.0,0.0,57.27,0,0,0,0,0,0,11.271,12.029,-0.134,-1.042,8.1,27.5,5.633,25.333,0.0,0.0,21.9,25.1,0.0,0.0,1.083,28.664,38.2,0.0,14.104,0.0,1
2024-09-30,CA_PRAIRIE,"Calgary, AB",8.486,-0.0,20.0,0.8,0,0.0,0,0.8,6.0,21.5,44.3,0,0,0,7,Open-Meteo Historical Weather API,ERA5,2024,9,3,40,FALL,9.057,2.367,0.07,-0.571,-1.567,-0.07,-0.662,0.457,0.0,17.2,0,0,0,0,0,0,14.229,11.271,2.5,-0.134,2.3,8.1,-2.467,5.633,0.0,0.0,24.9,21.9,0.0,0.0,0.0,1.083,38.7,0.0,11.504,0.0,1
2024-10-07,CA_PRAIRIE,"Calgary, AB",8.471,-3.6,24.6,0.2,0,0.0,0,0.2,2.0,14.7,29.2,0,2,0,7,Open-Meteo Historical Weather API,ERA5,2024,10,4,41,FALL,7.281,5.4,0.047,1.19,-5.2,-0.047,-0.963,0.0,0.0,2.94,0,0,0,0,0,0,8.486,14.229,-0.571,2.5,0.8,2.3,-1.567,-2.467,0.0,0.0,21.5,24.9,0.0,0.0,0.457,0.0,11.4,0.0,10.614,0.0,1
2024-10-14,CA_PRAIRIE,"Calgary, AB",9.429,-4.9,24.7,0.2,0,0.0,0,0.2,1.0,21.2,41.0,0,2,0,7,Open-Meteo Historical Weather API,ERA5,2024,10,4,42,FALL,6.714,11.8,2.263,2.715,-11.6,-2.263,-0.983,0.0,0.0,4.24,0,0,0,0,0,0,8.471,8.486,1.19,-0.571,0.2,0.8,-5.2,-1.567,0.0,0.0,14.7,21.5,0.0,0.0,0.0,0.457,3.5,0.0,10.154,0.0,1
2024-10-21,CA_PRAIRIE,"Calgary, AB",3.586,-6.6,17.5,0.3,0,6.3,1,9.3,20.0,31.0,67.3,0,5,0,7,Open-Meteo Historical Weather API,ERA5,2024,10,4,43,FALL,-1.052,1.0,5.017,4.638,-0.7,1.283,-0.7,0.0,0.0,9.3,0,0,0,0,0,0,9.429,8.471,2.715,1.19,0.2,0.2,-11.6,-5.2,0.0,0.0,21.2,14.7,0.0,0.0,0.0,0.0,1.5,6.3,7.493,0.0,1
2024-10-28,CA_PRAIRIE,"Calgary, AB",0.357,-6.0,10.1,0.2,0,1.75,1,2.7,13.0,14.3,30.2,0,7,0,7,Open-Meteo Historical Weather API,ERA5,2024,10,4,44,FALL,-0.0,0.133,5.577,0.357,0.067,-3.827,0.067,0.0,0.0,2.86,0,0,0,0,0,0,3.586,9.429,4.638,2.715,0.3,0.2,-0.7,-11.6,6.3,0.0,31.0,21.2,0.0,0.0,0.0,0.0,0.9,8.05,5.461,0.0,1
2024-11-04,CA_PRAIRIE,"Calgary, AB",4.057,-5.6,16.4,1.3,0,2.45,1,4.8,23.0,24.9,49.0,0,5,0,7,Open-Meteo Historical Weather API,ERA5,2024,11,4,45,FALL,-3.709,0.767,2.38,7.766,0.533,0.07,0.533,0.0,0.0,32.37,0,0,0,0,0,0,0.357,3.586,0.357,4.638,0.2,0.3,0.067,-0.7,1.75,6.3,14.3,31.0,0.0,0.0,0.0,0.0,2.0,10.5,4.357,0.0,1
2024-11-11,CA_PRAIRIE,"Calgary, AB",2.1,-5.3,11.7,0.2,0,0.0,0,0.2,2.0,20.8,43.9,0,7,0,7,Open-Meteo Historical Weather API,ERA5,2024,11,4,46,FALL,-1.371,0.533,3.15,3.471,-0.333,-3.15,-0.333,0.0,0.0,4.16,0,0,0,0,0,0,4.057,0.357,7.766,0.357,1.3,0.2,0.533,0.067,2.45,1.75,24.9,14.3,0.0,0.0,0.0,0.0,2.0,10.5,2.525,0.0,1
2024-11-18,CA_PRAIRIE,"Calgary, AB",-10.086,-21.5,-1.3,0.0,0,23.8,4,34.0,81.0,16.6,39.2,0,7,0,7,Open-Meteo Historical Weather API,ERA5,2024,11,4,47,FALL,0.795,0.267,2.683,-10.881,-0.267,21.117,-0.267,0.0,258.976,0.0,0,1,1,1,0,0,2.1,4.057,3.471,7.766,0.2,1.3,-0.333,0.533,0.0,2.45,20.8,24.9,0.0,0.0,0.0,0.0,1.7,28.0,-0.893,0.0,1
2024-11-25,CA_PRAIRIE,"Calgary, AB",-16.071,-22.8,-5.6,0.0,0,0.49,0,0.7,7.0,14.4,31.0,0,7,0,7,Open-Meteo Historical Weather API,ERA5,2024,11,4,48,FALL,-6.714,0.5,3.267,-9.357,-0.5,-2.777,-0.5,0.0,4.585,0.0,0,0,1,1,0,0,-10.086,2.1,-10.881,3.471,0.0,0.2,-0.267,-0.333,23.8,0.0,16.6,20.8,0.0,0.0,0.0,0.0,1.5,26.74,-5.0,0.0,1
2024-12-02,CA_PRAIRIE,"Calgary, AB",0.057,-18.2,6.8,0.5,0,0.35,0,1.0,9.0,24.1,40.7,0,7,0,7,Open-Meteo Historical Weather API,ERA5,2024,12,4,49,WINTER,-5.591,0.267,5.227,5.648,0.233,-4.877,0.233,0.0,0.0,12.05,0,0,0,0,0,0,-16.071,-10.086,-9.357,-10.881,0.0,0.0,-0.5,-0.267,0.49,23.8,14.4,16.6,0.0,0.0,0.0,0.0,0.7,24.64,-6.0,0.0,1
2024-12-09,CA_PRAIRIE,"Calgary, AB",-2.9,-9.3,4.5,0.0,0,0.07,0,0.1,1.0,20.9,48.2,0,7,0,7,Open-Meteo Historical Weather API,ERA5,2024,12,4,50,WINTER,-9.409,0.033,3.99,6.509,-0.033,-3.92,-0.033,0.0,0.0,0.0,0,0,1,0,0,0,0.057,-16.071,5.648,-9.357,0.5,0.0,0.233,-0.5,0.35,0.49,24.1,14.4,0.0,0.0,0.0,0.0,0.5,24.71,-7.25,0.0,1
2024-12-16,CA_PRAIRIE,"Calgary, AB",-6.543,-16.8,5.0,2.5,1,2.52,1,6.1,37.0,16.8,37.1,0,7,1,7,Open-Meteo Historical Weather API,ERA5,2024,12,4,51,WINTER,-13.514,0.167,1.727,6.971,2.333,0.793,2.333,0.0,0.0,42.0,0,0,1,0,0,0,-2.9,0.057,6.509,5.648,0.0,0.5,-0.033,0.233,0.07,0.35,20.9,24.1,0.0,0.0,0.0,0.0,3.0,3.43,-6.364,1.0,1
2024-12-23,CA_PRAIRIE,"Calgary, AB",0.014,-5.7,8.4,0.0,0,0.0,0,0.0,0.0,20.7,40.0,0,7,0,7,Open-Meteo Historical Weather API,ERA5,2024,12,4,52,WINTER,-8.524,0.933,1.68,8.538,-0.933,-1.68,-0.933,0.0,0.0,0.0,0,0,0,0,0,0,-6.543,-2.9,6.971,6.509,2.5,0.0,2.333,-0.033,2.52,0.07,16.8,20.9,1.0,0.0,0.0,0.0,3.0,2.94,-2.343,1.0,1
2024-12-30,CA_PRAIRIE,"Calgary, AB",-11.557,-19.4,-2.5,0.0,0,3.15,1,4.5,42.0,15.8,32.8,0,7,0,7,Open-Meteo Historical Weather API,ERA5,2024,12,4,1,WINTER,-11.609,0.3,3.08,0.052,-0.3,0.07,-0.3,0.0,0.0,0.0,0,0,1,1,0,0,0.014,-6.543,8.538,6.971,0.0,2.5,-0.933,2.333,0.0,2.52,20.7,16.8,0.0,1.0,0.0,0.0,2.5,5.74,-5.247,1.0,1
2025-01-06,CA_PRAIRIE,"Calgary, AB",-1.257,-15.4,6.3,0.7,0,2.24,1,3.9,22.0,29.3,53.3,0,7,0,7,Open-Meteo Historical Weather API,ERA5,2025,1,1,2,WINTER,-9.252,0.2,0.91,7.995,0.5,1.33,0.5,0.0,0.0,20.51,0,0,1,0,0,0,-11.557,0.014,0.052,8.538,0.0,0.0,-0.3,-0.933,3.15,0.0,15.8,20.7,0.0,0.0,0.0,0.0,3.2,7.91,-4.836,1.0,1
2025-01-13,CA_PRAIRIE,"Calgary, AB",-4.1,-17.0,7.6,0.6,0,0.7,0,1.6,11.0,34.3,67.0,0,7,0,7,Open-Meteo Historical Weather API,ERA5,2025,1,1,3,WINTER,-7.381,0.0,2.777,3.281,0.6,-2.077,0.6,0.0,0.0,20.58,0,0,1,0,0,0,-1.257,-11.557,7.995,0.052,0.7,0.0,0.5,-0.3,2.24,3.15,29.3,15.8,0.0,0.0,0.0,0.0,1.3,6.09,-4.225,0.0,1
2025-01-20,CA_PRAIRIE,"Calgary, AB",-3.529,-20.6,7.5,0.0,0,0.63,0,0.9,8.0,33.8,68.0,0,7,0,7,Open-Meteo Historical Weather API,ERA5,2025,1,1,4,WINTER,-2.114,0.7,2.147,-1.415,-0.7,-1.517,-0.7,0.0,0.891,0.0,0,0,1,0,0,0,-4.1,-1.257,3.281,7.995,0.6,0.7,0.6,0.5,0.7,2.24,34.3,29.3,0.0,0.0,0.0,0.0,1.3,6.72,-5.111,0.0,1
2025-01-27,CA_PRAIRIE,"Calgary, AB",-4.471,-26.2,10.0,0.0,0,1.33,0,1.8,17.0,24.1,44.3,0,7,0,7,Open-Meteo Historical Weather API,ERA5,2025,1,1,5,WINTER,-3.738,0.433,2.193,-0.733,-0.433,-0.863,-0.433,0.0,0.974,0.0,0,0,1,0,0,0,-3.529,-4.1,-1.415,3.281,0.0,0.6,-0.7,0.6,0.63,0.7,33.8,34.3,0.0,0.0,0.0,0.0,1.3,4.9,-3.339,0.0,1
2025-02-03,CA_PRAIRIE,"Calgary, AB",-19.471,-27.8,-8.1,0.0,0,3.85,2,5.5,42.0,14.9,33.8,0,7,0,7,Open-Meteo Historical Weather API,ERA5,2025,2,1,6,WINTER,-0.629,0.133,0.56,-18.842,-0.133,3.29,-0.133,0.0,72.543,0.0,0,0,1,1,0,0,-4.471,-3.529,-0.733,-1.415,0.0,0.0,-0.433,-0.7,1.33,0.63,24.1,33.8,0.0,0.0,0.0,0.0,0.6,6.51,-7.893,0.0,1
2025-02-10,CA_PRAIRIE,"Calgary, AB",-17.686,-26.5,-6.9,0.0,0,2.45,1,3.5,31.0,17.7,40.7,0,7,0,7,Open-Meteo Historical Weather API,ERA5,2025,2,1,7,WINTER,-5.267,0.667,5.46,-12.419,-0.667,-3.01,-0.667,0.0,30.427,0.0,0,0,1,1,0,0,-19.471,-4.471,-18.842,-0.733,0.0,0.0,-0.133,-0.433,3.85,1.33,14.9,24.1,0.0,0.0,0.0,0.0,0.0,8.26,-11.289,0.0,1
2025-02-17,CA_PRAIRIE,"Calgary, AB",-8.014,-26.0,10.3,0.0,0,0.28,0,0.4,4.0,32.6,64.4,0,6,0,7,Open-Meteo Historical Weather API,ERA5,2025,2,1,8,WINTER,-10.4,0.067,4.643,2.386,-0.067,-4.363,-0.067,0.0,0.0,0.0,0,0,1,0,0,0,-17.686,-19.471,-12.419,-18.842,0.0,0.0,-0.667,-0.133,2.45,3.85,17.7,14.9,0.0,0.0,0.0,0.0,0.0,7.91,-12.411,0.0,1
2025-02-24,CA_PRAIRIE,"Calgary, AB",4.986,-1.7,14.0,0.0,0,0.07,0,0.1,1.0,24.6,48.2,0,5,0,7,Open-Meteo Historical Weather API,ERA5,2025,2,1,9,WINTER,-8.952,0.1,6.393,13.938,-0.1,-6.323,-0.1,0.0,0.0,0.0,0,0,0,0,0,0,-8.014,-17.686,2.386,-12.419,0.0,0.0,-0.067,-0.667,0.28,2.45,32.6,17.7,0.0,0.0,0.0,0.0,0.0,6.65,-10.046,0.0,1
2025-03-03,CA_PRAIRIE,"Calgary, AB",2.043,-8.7,12.5,0.2,0,3.01,1,4.5,16.0,33.8,70.6,0,5,0,7,Open-Meteo Historical Weather API,ERA5,2025,3,1,10,SPRING,-10.081,0.3,1.493,12.124,-0.1,1.517,-0.1,0.0,0.0,6.76,0,0,0,0,0,0,4.986,-8.014,13.938,2.386,0.0,0.0,-0.1,-0.067,0.07,0.28,24.6,32.6,0.0,0.0,0.0,0.0,0.2,5.81,-4.668,0.0,1
2025-03-10,CA_PRAIRIE,"Calgary, AB",-3.543,-10.0,5.7,0.3,0,4.69,1,7.0,30.0,22.2,53.6,0,7,0,7,Open-Meteo Historical Weather API,ERA5,2025,3,1,11,SPRING,0.567,0.733,0.7,-4.11,-0.433,3.99,-0.433,1.233,19.274,6.66,0,0,1,0,0,0,2.043,4.986,12.124,13.938,0.2,0.0,-0.1,-0.1,3.01,0.07,33.8,24.6,0.0,0.0,0.0,0.0,0.5,8.05,-1.132,0.0,1
2025-03-17,CA_PRAIRIE,"Calgary, AB",0.929,-8.0,9.7,0.3,0,0.35,0,0.8,8.0,22.6,50.8,0,7,0,7,Open-Meteo Historical Weather API,ERA5,2025,3,1,12,SPRING,-1.414,0.6,5.367,2.343,-0.3,-5.017,-0.3,0.0,0.0,6.78,0,0,0,0,0,0,-3.543,2.043,-4.11,12.124,0.3,0.2,-0.433,-0.1,4.69,3.01,22.2,33.8,0.0,0.0,1.233,0.0,0.8,8.12,1.104,0.0,1
2025-03-24,CA_PRAIRIE,"Calgary, AB",0.786,-6.2,13.7,1.9,0,4.06,1,7.7,42.0,17.3,34.2,0,6,0,7,Open-Meteo Historical Weather API,ERA5,2025,3,1,13,SPRING,-1.743,1.667,3.64,2.529,0.233,0.42,0.14,0.0,0.0,32.87,0,0,0,0,0,0,0.929,-3.543,2.343,-4.11,0.3,0.3,-0.3,-0.433,0.35,4.69,22.6,22.2,0.0,0.0,0.0,1.233,2.7,12.11,0.054,0.0,1
2025-03-31,CA_PRAIRIE,"Calgary, AB",1.7,-15.4,20.0,3.4,1,5.88,2,11.8,28.0,17.6,36.7,0,5,1,7,Open-Meteo Historical Weather API,ERA5,2025,3,1,14,SPRING,3.252,1.867,3.943,-1.552,1.533,1.937,0.821,5.278,9.128,59.84,0,0,0,0,0,0,0.786,0.929,2.529,2.343,1.9,0.3,0.233,-0.3,4.06,0.35,17.3,22.6,0.0,0.0,0.0,0.0,5.9,14.98,-0.032,1.0,1
2025-04-07,CA_PRAIRIE,"Calgary, AB",7.329,-2.4,18.5,3.3,1,0.42,0,3.9,16.0,25.1,52.2,0,2,1,7,Open-Meteo Historical Weather API,ERA5,2025,4,2,15,SPRING,1.457,3.4,1.097,5.872,-0.1,-0.677,-0.029,0.0,0.0,82.83,0,0,0,0,0,0,1.7,0.786,-1.552,2.529,3.4,1.9,1.533,0.233,5.88,4.06,17.6,17.3,1.0,0.0,5.278,0.0,8.9,10.71,2.686,2.0,1
2025-04-14,CA_PRAIRIE,"Calgary, AB",5.886,-5.8,18.7,12.6,3,0.49,0,13.3,50.0,25.3,58.0,0,3,2,7,Open-Meteo Historical Weather API,ERA5,2025,4,2,16,SPRING,2.352,2.233,4.737,3.534,10.367,-4.247,4.642,0.0,0.0,318.78,0,0,0,0,1,0,7.329,1.7,5.872,-1.552,3.3,3.4,-0.1,1.533,0.42,5.88,25.1,17.6,1.0,1.0,0.0,5.278,21.2,10.85,3.925,4.0,1
2025-04-21,CA_PRAIRIE,"Calgary, AB",6.271,-3.1,20.7,5.8,2,5.46,2,13.6,43.0,20.6,46.1,0,3,1,7,Open-Meteo Historical Weather API,ERA5,2025,4,2,17,SPRING,8.724,3.833,0.0,-2.453,1.967,5.46,0.513,14.227,13.393,119.48,0,0,0,0,0,0,5.886,7.329,3.534,5.872,12.6,3.3,10.367,-0.1,0.49,0.42,25.3,25.1,2.0,1.0,0.0,0.0,25.1,12.25,5.296,5.0,1
2025-04-28,CA_PRAIRIE,"Calgary, AB",11.671,-1.9,26.8,3.7,2,0.0,0,3.7,20.0,21.1,47.9,0,0,0,7,Open-Meteo Historical Weather API,ERA5,2025,4,2,18,SPRING,9.629,7.867,3.687,2.042,-4.167,-3.687,-0.53,0.0,0.0,78.07,0,0,0,0,0,0,6.271,5.886,-2.453,3.534,5.8,12.6,1.967,10.367,5.46,0.49,20.6,25.3,1.0,2.0,14.227,0.0,25.4,6.37,7.789,4.0,1
2025-05-05,CA_PRAIRIE,"Calgary, AB",13.086,0.0,24.3,0.4,0,0.0,0,0.4,2.0,24.3,50.8,0,0,0,7,Open-Meteo Historical Weather API,ERA5,2025,5,2,19,SPRING,10.357,13.567,1.447,2.729,-13.167,-1.447,-0.971,0.0,0.0,9.72,0,0,0,0,0,0,11.671,6.271,2.042,-2.453,3.7,5.8,-4.167,1.967,0.0,5.46,21.1,20.6,0.0,1.0,0.0,14.227,22.5,5.95,9.228,3.0,1
2025-05-12,CA_PRAIRIE,"Calgary, AB",8.814,2.2,17.4,50.0,6,0.0,0,50.0,87.0,23.6,47.2,0,0,0,7,Open-Meteo Historical Weather API,ERA5,2025,5,2,20,SPRING,11.319,13.3,0.257,-2.505,36.7,-0.257,2.759,125.25,0.0,1180.0,1,0,0,0,0,0,13.086,11.671,2.729,2.042,0.4,3.7,-13.167,-4.167,0.0,0.0,24.3,21.1,0.0,0.0,0.0,0.0,59.9,5.46,9.96,1.0,1
2025-05-19,CA_PRAIRIE,"Calgary, AB",10.729,0.9,26.6,10.8,5,0.0,0,10.8,34.0,20.1,51.1,0,0,0,7,Open-Meteo Historical Weather API,ERA5,2025,5,2,21,SPRING,12.053,13.433,0.023,-1.324,-2.633,-0.023,-0.196,14.296,0.0,217.08,0,0,0,0,0,0,8.814,13.086,-2.505,2.729,50.0,0.4,36.7,-13.167,0.0,0.0,23.6,24.3,0.0,0.0,125.25,0.0,64.9,0.0,11.075,0.0,1
2025-05-26,CA_PRAIRIE,"Calgary, AB",18.3,6.1,31.9,3.4,2,0.0,0,3.4,11.0,31.0,54.0,0,0,0,7,Open-Meteo Historical Weather API,ERA5,2025,5,2,22,SPRING,13.91,12.9,0.0,4.39,-9.5,0.0,-0.736,0.0,0.0,105.4,0,0,0,0,0,0,10.729,8.814,-1.324,-2.505,10.8,50.0,-2.633,36.7,0.0,0.0,20.1,23.6,0.0,0.0,14.296,125.25,64.6,0.0,12.732,0.0,1
2025-06-02,CA_PRAIRIE,"Calgary, AB",14.886,4.4,27.9,3.2,1,0.0,0,3.2,17.0,21.2,47.2,0,0,0,7,Open-Meteo Historical Weather API,ERA5,2025,6,2,23,SUMMER,15.419,12.067,0.0,-0.533,-8.867,0.0,-0.735,1.706,0.0,67.84,0,0,0,0,0,0,18.3,10.729,4.39,-1.324,3.4,10.8,-9.5,-2.633,0.0,0.0,31.0,20.1,0.0,0.0,0.0,14.296,67.4,0.0,13.182,0.0,1
2025-06-09,CA_PRAIRIE,"Calgary, AB",16.9,7.6,30.1,5.1,2,0.0,0,5.1,20.0,20.2,47.2,0,0,0,7,Open-Meteo Historical Weather API,ERA5,2025,6,2,24,SUMMER,13.991,63.4,0.0,2.909,-58.3,0.0,-0.92,0.0,0.0,103.02,0,0,0,0,0,0,14.886,18.3,-0.533,4.39,3.2,3.4,-8.867,-9.5,0.0,0.0,21.2,31.0,0.0,0.0,1.706,0.0,22.5,0.0,15.204,0.0,1
2025-06-16,CA_PRAIRIE,"Calgary, AB",14.057,4.7,25.7,81.9,4,0.0,0,81.9,55.0,31.7,63.7,0,0,0,7,Open-Meteo Historical Weather API,ERA5,2025,6,2,25,SUMMER,12.666,20.4,0.0,1.391,61.5,0.0,3.015,0.0,0.0,2596.23,1,0,0,0,0,0,16.9,14.886,2.909,-0.533,5.1,3.2,-58.3,-8.867,0.0,0.0,20.2,21.2,0.0,0.0,0.0,1.706,93.6,0.0,16.036,0.0,1
2025-06-23,CA_PRAIRIE,"Calgary, AB",15.1,4.8,23.9,6.4,1,0.0,0,6.4,14.0,15.5,43.2,0,0,0,7,Open-Meteo Historical Weather API,ERA5,2025,6,2,26,SUMMER,15.71,22.267,0.0,-0.61,-15.867,0.0,-0.713,3.902,0.0,99.2,0,0,0,0,0,0,14.057,16.9,1.391,2.909,81.9,5.1,61.5,-58.3,0.0,0.0,31.7,20.2,0.0,0.0,0.0,0.0,96.6,0.0,15.236,0.0,1
2025-06-30,CA_PRAIRIE,"Calgary, AB",17.371,8.7,30.7,7.9,3,0.0,0,7.9,33.0,20.9,51.5,0,0,0,7,Open-Meteo Historical Weather API,ERA5,2025,6,2,27,SUMMER,16.754,15.725,0.0,0.617,-7.825,0.0,-0.498,0.0,0.0,165.11,0,0,0,0,0,0,15.1,14.057,-0.61,1.391,6.4,81.9,-15.867,61.5,0.0,0.0,15.5,31.7,0.0,0.0,3.902,0.0,101.3,0.0,15.857,0.0,1
2025-07-07,CA_PRAIRIE,"Calgary, AB",18.857,6.5,31.8,4.6,2,0.0,0,4.6,13.0,22.9,49.7,0,0,0,7,Open-Meteo Historical Weather API,ERA5,2025,7,3,28,SUMMER,19.304,6.875,0.0,-0.447,-2.275,0.0,-0.331,2.055,0.0,105.34,0,0,0,0,0,0,17.371,15.1,0.617,-0.61,7.9,6.4,-7.825,-15.867,0.0,0.0,20.9,15.5,0.0,0.0,0.0,3.902,100.8,0.0,16.346,0.0,1
2025-07-14,CA_PRAIRIE,"Calgary, AB",13.543,5.7,21.1,82.5,5,0.0,0,82.5,81.0,18.8,42.5,0,0,0,7,Open-Meteo Historical Weather API,ERA5,2025,7,3,29,SUMMER,19.397,8.45,0.0,-5.854,74.05,0.0,8.763,482.934,0.0,1551.0,1,0,0,0,0,0,18.857,17.371,-0.447,0.617,4.6,7.9,-2.275,-7.825,0.0,0.0,22.9,20.9,0.0,0.0,2.055,0.0,101.4,0.0,16.218,0.0,1
2025-07-21,CA_PRAIRIE,"Calgary, AB",13.957,7.2,26.8,44.2,5,0.0,0,44.2,70.0,20.4,32.0,0,0,0,7,Open-Meteo Historical Weather API,ERA5,2025,7,3,30,SUMMER,19.7,6.6,0.0,-5.743,37.6,0.0,5.697,253.852,0.0,901.68,0,0,0,0,0,0,13.543,18.857,-5.854,-0.447,82.5,4.6,74.05,-2.275,0.0,0.0,18.8,22.9,0.0,0.0,482.934,2.055,139.2,0.0,15.932,0.0,1
2025-07-28,CA_PRAIRIE,"Calgary, AB",17.7,11.2,26.1,15.8,4,0.0,0,15.8,39.0,19.1,38.2,0,0,0,7,Open-Meteo Historical Weather API,ERA5,2025,7,3,31,SUMMER,19.046,7.95,0.0,-1.347,7.85,0.0,0.987,21.275,0.0,301.78,0,0,0,0,0,0,13.957,13.543,-5.743,-5.854,44.2,82.5,37.6,74.05,0.0,0.0,20.4,18.8,0.0,0.0,253.852,482.934,147.1,0.0,16.014,0.0,1
2025-08-04,CA_PRAIRIE,"Calgary, AB",16.657,9.4,28.0,23.5,4,0.0,0,23.5,29.0,22.6,56.5,0,0,0,7,Open-Meteo Historical Weather API,ERA5,2025,8,3,32,SUMMER,18.546,8.375,0.0,-1.89,15.125,0.0,1.806,44.403,0.0,531.1,0,0,0,0,0,0,17.7,13.957,-1.347,-5.743,15.8,44.2,7.85,37.6,0.0,0.0,19.1,20.4,0.0,0.0,21.275,253.852,166.0,0.0,15.464,0.0,1
2025-08-11,CA_PRAIRIE,"Calgary, AB",16.829,8.2,26.4,3.1,0,0.0,0,3.1,20.0,21.5,42.1,0,0,0,7,Open-Meteo Historical Weather API,ERA5,2025,8,3,33,SUMMER,17.068,22.225,0.0,-0.239,-19.125,0.0,-0.861,0.74,0.0,66.65,0,0,0,0,0,0,16.657,17.7,-1.89,-1.347,23.5,15.8,15.125,7.85,0.0,0.0,22.6,19.1,0.0,0.0,44.403,21.275,86.6,0.0,16.286,0.0,1
2025-08-18,CA_PRAIRIE,"Calgary, AB",15.857,5.7,28.4,3.4,1,0.0,0,3.4,4.0,17.9,34.6,0,0,0,7,Open-Meteo Historical Weather API,ERA5,2025,8,3,34,SUMMER,15.625,13.775,0.0,0.232,-10.375,0.0,-0.753,0.0,0.0,60.86,0,0,0,0,0,0,16.829,16.657,-0.239,-1.89,3.1,23.5,-19.125,15.125,0.0,0.0,21.5,22.6,0.0,0.0,0.74,44.403,45.8,0.0,16.761,0.0,1
2025-08-25,CA_PRAIRIE,"Calgary, AB",18.929,8.5,30.2,1.1,1,0.0,0,1.1,2.0,18.9,42.5,0,0,0,7,Open-Meteo Historical Weather API,ERA5,2025,8,3,35,SUMMER,16.864,13.4,0.0,2.064,-12.3,0.0,-0.918,0.0,0.0,20.79,0,0,0,0,0,0,15.857,16.829,0.232,-0.239,3.4,3.1,-10.375,-19.125,0.0,0.0,17.9,21.5,0.0,0.0,0.0,0.74,31.1,0.0,17.068,0.0,1
2025-09-01,CA_PRAIRIE,"Calgary, AB",15.771,3.4,29.1,2.8,1,0.0,0,2.8,4.0,18.2,36.4,0,0,0,7,Open-Meteo Historical Weather API,ERA5,2025,9,3,36,FALL,14.946,6.925,0.0,0.825,-4.125,0.0,-0.596,0.0,0.0,50.96,0,0,0,0,0,0,18.929,15.857,2.064,0.232,1.1,3.4,-12.3,-10.375,0.0,0.0,18.9,17.9,0.0,0.0,0.0,0.0,10.4,0.0,16.846,0.0,1
2025-09-08,CA_PRAIRIE,"Calgary, AB",16.214,7.8,26.1,3.2,1,0.0,0,3.2,9.0,13.8,23.4,0,0,0,7,Open-Meteo Historical Weather API,ERA5,2025,9,3,37,FALL,12.811,8.5,0.052,3.403,-5.3,-0.052,-0.624,0.0,0.0,44.16,0,0,0,0,0,0,15.771,18.929,0.825,2.064,2.8,1.1,-4.125,-12.3,0.0,0.0,18.2,18.9,0.0,0.0,0.0,0.0,10.5,0.0,16.693,0.0,1
2025-09-15,CA_PRAIRIE,"Calgary, AB",15.771,6.9,29.2,2.9,1,0.0,0,2.9,9.0,22.5,44.6,0,0,0,7,Open-Meteo Historical Weather API,ERA5,2025,9,3,38,FALL,11.371,3.875,0.0,4.4,-0.975,0.0,-0.252,0.0,0.0,65.25,0,0,0,0,0,0,16.214,15.771,3.403,0.825,3.2,2.8,-5.3,-4.125,0.0,0.0,13.8,18.2,0.0,0.0,0.0,0.0,10.0,0.0,16.671,0.0,1
2025-09-22,CA_PRAIRIE,"Calgary, AB",13.286,4.2,29.0,1.1,0,0.0,0,1.1,3.0,24.7,47.9,0,0,0,7,Open-Meteo Historical Weather API,ERA5,2025,9,3,39,FALL,12.354,4.15,0.0,0.932,-3.05,0.0,-0.735,0.0,0.0,27.17,0,0,0,0,0,0,15.771,16.214,4.4,3.403,2.9,3.2,-0.975,-5.3,0.0,0.0,22.5,13.8,0.0,0.0,0.0,0.0,10.0,0.0,15.26,0.0,1
2025-09-29,CA_PRAIRIE,"Calgary, AB",10.871,-2.4,27.3,6.2,1,0.0,0,6.2,17.0,23.6,49.0,0,1,0,7,Open-Meteo Historical Weather API,ERA5,2025,9,3,40,FALL,8.914,1.975,0.052,1.957,4.225,-0.052,2.139,0.0,0.0,146.32,0,0,0,0,0,0,13.286,15.771,0.932,4.4,1.1,2.9,-3.05,-0.975,0.0,0.0,24.7,22.5,0.0,0.0,0.0,0.0,13.4,0.0,14.035,0.0,1
2025-10-06,CA_PRAIRIE,"Calgary, AB",7.357,-2.0,23.0,3.8,1,2.59,2,7.5,17.0,27.3,55.8,0,1,0,7,Open-Meteo Historical Weather API,ERA5,2025,10,4,41,FALL,7.578,4.1,0.035,-0.221,-0.3,2.555,-0.073,0.842,0.574,103.74,0,0,0,0,0,0,10.871,13.286,1.957,0.932,6.2,1.1,4.225,-3.05,0.0,0.0,23.6,24.7,0.0,0.0,0.0,0.0,14.0,2.59,11.821,0.0,1
2025-10-13,CA_PRAIRIE,"Calgary, AB",3.543,-5.5,18.4,2.1,1,0.0,0,2.1,7.0,23.4,40.7,0,3,0,7,Open-Meteo Historical Weather API,ERA5,2025,10,4,42,FALL,7.393,8.9,1.698,-3.85,-6.8,-1.698,-0.764,8.084,0.0,49.14,0,0,0,0,0,0,7.357,10.871,-0.221,1.957,3.8,6.2,-0.3,4.225,2.59,0.0,27.3,23.6,0.0,0.0,0.842,0.0,13.2,2.59,8.764,0.0,1
2025-10-20,CA_PRAIRIE,"Calgary, AB",7.614,-3.1,16.2,1.4,0,0.0,0,1.4,10.0,28.3,54.7,0,1,0,7,Open-Meteo Historical Weather API,ERA5,2025,10,4,43,FALL,0.107,0.825,5.337,7.507,0.575,-5.337,0.575,0.0,0.0,39.62,0,0,0,0,0,0,3.543,7.357,-3.85,-0.221,2.1,3.8,-6.8,-0.3,0.0,2.59,23.4,27.3,0.0,0.0,8.084,0.842,13.5,2.59,7.346,0.0,1
2025-10-27,CA_PRAIRIE,"Calgary, AB",4.7,-4.5,14.5,1.4,1,0.0,0,1.4,6.0,29.9,63.4,0,5,0,7,Open-Meteo Historical Weather API,ERA5,2025,10,4,44,FALL,0.089,0.15,4.62,4.611,1.25,-4.62,1.25,0.0,0.0,41.86,0,0,0,0,0,0,7.614,3.543,7.507,-3.85,1.4,2.1,0.575,-6.8,0.0,0.0,28.3,23.4,0.0,0.0,0.0,8.084,8.7,2.59,5.803,0.0,1
2025-11-03,CA_PRAIRIE,"Calgary, AB",2.4,-5.5,12.9,1.5,1,3.36,1,6.3,14.0,17.6,37.4,0,6,1,7,Open-Meteo Historical Weather API,ERA5,2025,11,4,45,FALL,-1.768,0.9,2.398,4.168,0.6,0.962,0.6,0.0,0.0,26.4,0,0,0,0,0,0,4.7,7.614,4.611,7.507,1.4,1.4,1.25,0.575,0.0,0.0,29.9,28.3,0.0,0.0,0.0,0.0,6.4,3.36,4.564,1.0,1
2025-11-10,CA_PRAIRIE,"Calgary, AB",4.329,-4.8,16.4,0.1,0,0.77,0,1.2,7.0,34.8,64.8,0,4,0,7,Open-Meteo Historical Weather API,ERA5,2025,11,4,46,FALL,-0.503,0.45,2.362,4.832,-0.35,-1.592,-0.35,0.0,0.0,3.48,0,0,0,0,0,0,2.4,4.7,4.168,4.611,1.5,1.4,0.6,1.25,3.36,0.0,17.6,29.9,1.0,0.0,0.0,0.0,4.4,4.13,4.761,1.0,1
2025-11-17,CA_PRAIRIE,"Calgary, AB",1.371,-6.7,12.2,2.1,1,2.31,1,5.4,18.0,22.2,51.5,0,6,1,7,Open-Meteo Historical Weather API,ERA5,2025,11,4,47,FALL,-1.925,0.2,7.962,3.296,1.9,-5.652,1.9,0.0,0.0,46.62,0,0,0,0,0,0,4.329,2.4,4.832,4.168,0.1,1.5,-0.35,0.6,0.77,3.36,34.8,17.6,0.0,1.0,0.0,0.0,5.1,6.44,3.2,2.0,1
2025-11-24,CA_PRAIRIE,"Calgary, AB",-12.057,-23.5,-2.1,0.0,0,9.66,2,13.8,35.0,17.9,34.6,0,7,0,7,Open-Meteo Historical Weather API,ERA5,2025,11,4,48,FALL,-9.054,0.375,2.572,-3.004,-0.375,7.088,-0.375,0.0,29.014,0.0,0,0,1,1,0,0,1.371,4.329,3.296,4.832,2.1,0.1,1.9,-0.35,2.31,0.77,22.2,34.8,1.0,0.0,0.0,0.0,3.7,16.1,-0.989,2.0,1
2025-12-01,CA_PRAIRIE,"Calgary, AB",-5.029,-15.8,3.6,0.3,0,4.34,3,6.5,38.0,19.3,36.4,0,7,0,7,Open-Meteo Historical Weather API,ERA5,2025,12,4,49,WINTER,-4.179,0.325,4.008,-0.85,-0.025,0.332,-0.025,0.255,3.69,5.79,0,0,1,0,0,0,-12.057,1.371,-3.004,3.296,0.0,2.1,-0.375,1.9,9.66,2.31,17.9,22.2,0.0,1.0,0.0,0.0,2.5,17.08,-2.847,1.0,1
2025-12-08,CA_PRAIRIE,"Calgary, AB",-6.986,-22.2,4.9,0.7,0,6.51,2,10.0,32.0,23.2,50.0,0,7,0,7,Open-Meteo Historical Weather API,ERA5,2025,12,4,50,WINTER,-7.782,0.025,3.01,0.796,0.675,3.5,0.675,0.0,0.0,16.24,0,0,1,0,0,0,-5.029,-12.057,-0.85,-3.004,0.3,0.0,-0.025,-0.375,4.34,9.66,19.3,17.9,0.0,0.0,0.255,0.0,3.1,22.82,-5.675,1.0,1
2025-12-15,CA_PRAIRIE,"Calgary, AB",-7.057,-23.8,9.8,0.7,0,4.83,1,7.6,16.0,36.2,71.6,0,6,0,7,Open-Meteo Historical Weather API,ERA5,2025,12,4,51,WINTER,-11.771,0.75,1.925,4.714,-0.05,2.905,-0.05,0.0,0.0,25.34,0,0,1,0,0,0,-6.986,-5.029,0.796,-0.85,0.7,0.3,0.675,-0.025,6.51,4.34,23.2,19.3,0.0,0.0,0.0,0.255,1.7,25.34,-7.782,0.0,1
2025-12-22,CA_PRAIRIE,"Calgary, AB",-16.414,-31.6,-1.8,0.0,0,5.88,2,8.4,34.0,23.1,45.4,0,7,0,7,Open-Meteo Historical Weather API,ERA5,2025,12,4,52,WINTER,-6.389,0.7,1.26,-10.025,-0.7,4.62,-0.7,0.0,58.946,0.0,0,0,1,1,0,0,-7.057,-6.986,4.714,0.796,0.7,0.7,-0.05,0.675,4.83,6.51,36.2,23.2,0.0,0.0,0.0,0.0,1.7,21.56,-8.872,0.0,1
2025-12-29,CA_PRAIRIE,"Calgary, AB",-4.229,-13.8,6.9,0.2,0,0.14,0,0.4,4.0,18.6,34.2,0,7,0,7,Open-Meteo Historical Weather API,ERA5,2025,12,4,1,WINTER,-11.596,0.225,3.098,7.367,-0.025,-2.958,-0.025,0.0,0.0,3.72,0,0,1,0,0,0,-16.414,-7.057,-10.025,4.714,0.0,0.7,-0.7,-0.05,5.88,4.83,23.1,36.2,0.0,0.0,0.0,0.0,1.6,17.36,-8.672,0.0,1
2026-01-05,CA_PRAIRIE,"Calgary, AB",-3.1,-15.3,10.3,0.0,0,0.07,0,0.1,1.0,24.8,49.3,0,6,0,7,Open-Meteo Historical Weather API,ERA5,2026,1,1,2,WINTER,-7.254,0.325,1.243,4.153,-0.325,-1.172,-0.325,0.0,0.0,0.0,0,0,1,0,0,0,-4.229,-16.414,7.367,-10.025,0.2,0.0,-0.025,-0.7,0.14,5.88,18.6,23.1,0.0,0.0,0.0,0.0,0.9,10.92,-7.7,0.0,1
2026-01-12,CA_PRAIRIE,"Calgary, AB",3.157,-7.2,16.4,0.0,0,0.0,0,0.0,0.0,31.4,57.6,0,4,0,7,Open-Meteo Historical Weather API,ERA5,2026,1,1,3,WINTER,-6.56,0.15,2.258,9.718,-0.15,-2.258,-0.15,0.0,0.0,0.0,0,0,0,0,0,0,-3.1,-4.229,4.153,7.367,0.0,0.2,-0.325,-0.025,0.07,0.14,24.8,18.6,0.0,0.0,0.0,0.0,0.2,6.09,-5.147,0.0,1
2026-01-19,CA_PRAIRIE,"Calgary, AB",-7.986,-19.7,4.7,0.0,0,4.48,1,6.4,32.0,26.5,55.8,0,7,0,7,Open-Meteo Historical Weather API,ERA5,2026,1,1,4,WINTER,-2.468,0.525,1.767,-5.518,-0.525,2.713,-0.525,0.0,24.721,0.0,0,0,1,0,0,0,3.157,-3.1,9.718,4.153,0.0,0.0,-0.15,-0.325,0.0,0.07,31.4,24.8,0.0,0.0,0.0,0.0,0.2,4.69,-3.04,0.0,1
2026-01-26,CA_PRAIRIE,"Calgary, AB",0.2,-14.0,11.4,0.0,0,0.0,0,0.0,0.0,20.5,38.2,0,6,0,7,Open-Meteo Historical Weather API,ERA5,2026,1,1,5,WINTER,-3.922,0.325,1.978,4.122,-0.325,-1.978,-0.325,0.0,0.0,0.0,0,0,0,0,0,0,-7.986,3.157,-5.518,9.718,0.0,0.0,-0.525,-0.15,4.48,0.0,26.5,31.4,0.0,0.0,0.0,0.0,0.0,4.55,-1.932,0.0,1
2026-02-02,CA_PRAIRIE,"Calgary, AB",6.443,-2.3,16.6,0.3,0,0.0,0,0.3,3.0,27.7,45.4,0,4,0,7,Open-Meteo Historical Weather API,ERA5,2026,2,1,6,WINTER,-5.339,0.1,1.382,11.782,0.2,-1.382,0.2,0.0,0.0,8.31,0,0,0,0,0,0,0.2,-7.986,4.122,-5.518,0.0,0.0,-0.325,-0.525,0.0,4.48,20.5,26.5,0.0,0.0,0.0,0.0,0.3,4.48,0.453,0.0,1
2026-02-09,CA_PRAIRIE,"Calgary, AB",1.329,-5.2,10.8,0.3,0,0.0,0,0.3,3.0,17.5,33.1,0,7,0,7,Open-Meteo Historical Weather API,ERA5,2026,2,1,7,WINTER,-8.372,0.5,4.708,9.7,-0.2,-4.708,-0.2,0.0,0.0,5.25,0,0,0,0,0,0,6.443,0.2,11.782,4.122,0.3,0.0,0.2,-0.325,0.0,0.0,27.7,20.5,0.0,0.0,0.0,0.0,0.6,4.48,-0.004,0.0,1
2026-02-16,CA_PRAIRIE,"Calgary, AB",-15.257,-25.7,0.8,0.0,0,8.82,2,12.6,40.0,28.4,60.1,0,7,0,7,Open-Meteo Historical Weather API,ERA5,2026,2,1,8,WINTER,-9.803,0.05,3.552,-5.454,-0.05,5.268,-0.05,0.0,48.102,0.0,0,0,1,1,0,0,1.329,6.443,9.7,11.782,0.3,0.3,-0.2,0.2,0.0,0.0,17.5,27.7,0.0,0.0,0.0,0.0,0.6,8.82,-1.821,0.0,1
2026-02-23,CA_PRAIRIE,"Calgary, AB",-4.657,-19.7,9.8,0.4,0,5.04,1,7.6,34.0,22.7,47.9,0,7,0,7,Open-Meteo Historical Weather API,ERA5,2026,2,1,9,WINTER,-5.468,0.075,4.812,0.811,0.325,0.228,0.325,0.0,0.0,9.08,0,0,1,0,0,0,-15.257,1.329,-5.454,9.7,0.0,0.3,-0.05,-0.2,8.82,0.0,28.4,17.5,0.0,0.0,0.0,0.0,1.0,13.86,-3.036,0.0,1
2026-03-02,CA_PRAIRIE,"Calgary, AB",1.357,-8.9,16.0,2.1,1,4.41,1,8.4,22.0,31.2,61.6,0,6,1,7,Open-Meteo Historical Weather API,ERA5,2026,3,1,10,SPRING,-7.05,0.275,1.872,8.407,1.825,2.538,1.825,0.0,0.0,65.52,0,0,0,0,0,0,-4.657,-15.257,0.811,-5.454,0.4,0.0,0.325,-0.05,5.04,8.82,22.7,28.4,0.0,0.0,0.0,0.0,2.8,18.27,-4.307,1.0,1
2026-03-09,CA_PRAIRIE,"Calgary, AB",-6.614,-20.6,4.1,0.0,0,6.16,1,8.8,40.0,22.9,52.6,0,7,0,7,Open-Meteo Historical Weather API,ERA5,2026,3,1,11,SPRING,-0.461,0.625,1.698,-6.153,-0.625,4.462,-0.625,0.0,37.904,0.0,0,0,1,0,0,0,1.357,-4.657,8.407,0.811,2.1,0.4,1.825,0.325,4.41,5.04,31.2,22.7,1.0,0.0,0.0,0.0,2.5,24.43,-6.293,1.0,1
2026-03-16,CA_PRAIRIE,"Calgary, AB",6.086,-8.6,18.3,1.1,1,1.12,1,2.7,18.0,30.2,67.7,0,3,0,7,Open-Meteo Historical Weather API,ERA5,2026,3,1,12,SPRING,-0.828,0.525,4.112,6.914,0.575,-2.992,0.575,0.0,0.0,33.22,0,0,0,0,0,0,-6.614,1.357,-6.153,8.407,0.0,2.1,-0.625,1.825,6.16,4.41,22.9,31.2,0.0,1.0,0.0,0.0,3.6,16.73,-0.957,1.0,1
2026-03-23,CA_PRAIRIE,"Calgary, AB",-4.414,-16.7,8.7,0.8,0,5.74,3,9.0,38.0,23.4,45.7,0,7,0,7,Open-Meteo Historical Weather API,ERA5,2026,3,1,13,SPRING,-1.111,1.725,3.745,-3.303,-0.925,1.995,-0.536,2.643,18.961,18.72,0,0,1,0,0,0,6.086,-6.614,6.914,-6.153,1.1,0.0,0.575,-0.625,1.12,6.16,30.2,22.9,0.0,0.0,0.0,0.0,4.0,17.43,-0.896,1.0,1
2026-03-30,CA_PRAIRIE,"Calgary, AB",-2.229,-16.1,7.8,0.0,0,14.91,3,21.3,57.0,15.2,31.3,0,7,0,7,Open-Meteo Historical Weather API,ERA5,2026,3,1,14,SPRING,2.864,2.25,4.428,-5.093,-2.25,10.482,-1.0,0.0,75.94,0.0,0,0,1,0,0,0,-4.414,6.086,-3.303,6.914,0.8,1.1,-0.925,0.575,5.74,1.12,23.4,30.2,0.0,0.0,2.643,0.0,1.9,27.93,-1.793,0.0,1
2026-04-06,CA_PRAIRIE,"Calgary, AB",2.386,-7.6,15.8,0.6,0,4.83,1,7.5,30.0,28.1,54.4,0,5,0,7,Open-Meteo Historical Weather API,ERA5,2026,4,2,15,SPRING,2.925,3.375,0.928,-0.539,-2.775,3.902,-0.822,0.323,2.603,16.86,0,0,0,0,0,0,-2.229,-4.414,-5.093,-3.303,0.0,0.8,-2.25,-0.925,14.91,5.74,15.2,23.4,0.0,0.0,0.0,2.643,2.5,26.6,0.457,0.0,1
2026-04-13,CA_PRAIRIE,"Calgary, AB",2.471,-13.1,19.8,1.1,1,12.46,2,18.9,30.0,24.0,43.9,0,4,1,7,Open-Meteo Historical Weather API,ERA5,2026,4,2,16,SPRING,3.236,4.825,3.675,-0.765,-3.725,8.785,-0.772,0.841,9.529,26.4,0,0,0,0,0,0,2.386,-2.229,-0.539,-5.093,0.6,0.0,-2.775,-2.25,4.83,14.91,28.1,15.2,0.0,0.0,0.323,0.0,2.5,37.94,-0.447,1.0,1
2026-04-20,CA_PRAIRIE,"Calgary, AB",4.757,-6.0,23.5,2.2,1,5.74,2,10.4,61.0,42.3,80.6,1,4,0,7,Open-Meteo Historical Weather API,ERA5,2026,4,2,17,SPRING,8.111,4.325,1.365,-3.354,-2.125,4.375,-0.491,7.378,19.251,93.06,0,0,0,0,0,0,2.471,2.386,-0.765,-0.539,1.1,0.6,-3.725,-2.775,12.46,4.83,24.0,28.1,1.0,0.0,0.841,0.323,3.9,37.94,1.846,1.0,1
2026-04-27,CA_PRAIRIE,"Calgary, AB",9.957,-5.6,23.8,1.3,1,0.0,0,1.3,10.0,23.0,45.0,0,1,0,7,Open-Meteo Historical Weather API,ERA5,2026,4,2,18,SPRING,10.139,6.825,2.765,-0.182,-5.525,-2.765,-0.81,0.237,0.0,29.9,0,0,0,0,0,0,4.757,2.471,-3.354,-0.765,2.2,1.1,-2.125,-3.725,5.74,12.46,42.3,24.0,0.0,1.0,7.378,0.841,5.2,23.03,4.893,1.0,1
2026-05-04,CA_PRAIRIE,"Calgary, AB",12.586,-2.0,23.6,1.6,0,0.0,0,1.6,6.0,25.1,55.1,0,0,0,7,Open-Meteo Historical Weather API,ERA5,2026,5,2,19,SPRING,11.04,10.275,1.085,1.546,-8.675,-1.085,-0.844,0.0,0.0,40.16,0,0,0,0,0,0,9.957,4.757,-0.182,-3.354,1.3,2.2,-5.525,-2.125,0.0,5.74,23.0,42.3,0.0,0.0,0.237,7.378,6.2,18.2,7.443,1.0,1
2026-05-11,CA_PRAIRIE,"Calgary, AB",10.857,0.9,24.4,14.1,3,4.2,1,20.1,49.0,31.1,70.2,0,1,1,7,Open-Meteo Historical Weather API,ERA5,2026,5,2,20,SPRING,10.693,22.475,0.192,0.164,-8.375,4.008,-0.373,0.0,0.0,438.51,0,0,0,0,0,0,12.586,9.957,1.546,-0.182,1.6,1.3,-8.675,-5.525,0.0,0.0,25.1,23.0,0.0,0.0,0.0,0.237,19.2,9.94,9.539,1.0,1
2026-05-18,CA_PRAIRIE,"Calgary, AB",11.429,-1.5,23.8,6.1,4,0.0,0,6.1,24.0,20.6,49.0,0,0,0,7,Open-Meteo Historical Weather API,ERA5,2026,5,2,21,SPRING,11.722,12.775,0.018,-0.293,-6.675,-0.018,-0.523,1.786,0.0,125.66,0,0,0,0,0,0,10.857,12.586,0.164,1.546,14.1,1.6,-8.375,-8.675,4.2,0.0,31.1,25.1,1.0,0.0,0.0,0.0,23.1,4.2,11.207,1.0,1
2026-05-25,CA_PRAIRIE,"Calgary, AB",17.3,4.3,28.2,43.6,4,0.0,0,43.6,49.0,33.6,65.9,0,0,0,7,Open-Meteo Historical Weather API,ERA5,2026,5,2,22,SPRING,15.007,10.525,0.0,2.293,33.075,0.0,3.143,0.0,0.0,1464.96,0,0,0,0,0,0,11.429,10.857,-0.293,0.164,6.1,14.1,-6.675,-8.375,0.0,4.2,20.6,31.1,0.0,1.0,1.786,0.0,65.4,4.2,13.043,1.0,1
2026-06-01,CA_PRAIRIE,"Calgary, AB",10.843,4.5,19.8,56.5,4,0.0,0,56.5,62.0,31.7,62.6,0,0,0,7,Open-Meteo Historical Weather API,ERA5,2026,6,2,23,SUMMER,15.286,9.85,0.0,-4.443,46.65,0.0,4.736,251.015,0.0,1791.05,1,0,0,0,0,0,17.3,11.429,2.293,-0.293,43.6,6.1,33.075,-6.675,0.0,0.0,33.6,20.6,0.0,0.0,0.0,1.786,120.3,4.2,12.607,1.0,1
2026-06-08,CA_PRAIRIE,"Calgary, AB",12.886,6.1,23.6,20.2,4,0.0,0,20.2,49.0,26.3,63.7,0,0,0,7,Open-Meteo Historical Weather API,ERA5,2026,6,2,24,SUMMER,14.718,48.825,0.0,-1.832,-28.625,0.0,-0.586,37.006,0.0,531.26,0,0,0,0,0,0,10.843,17.3,-4.443,2.293,56.5,43.6,46.65,33.075,0.0,0.0,31.7,33.6,0.0,0.0,251.015,0.0,126.4,0.0,13.114,0.0,1
2026-06-15,CA_PRAIRIE,"Calgary, AB",13.843,4.2,25.2,16.6,4,0.0,0,16.6,32.0,31.5,60.5,0,0,0,7,Open-Meteo Historical Weather API,ERA5,2026,6,2,25,SUMMER,13.014,35.775,0.0,0.829,-19.175,0.0,-0.536,0.0,0.0,522.9,0,0,0,0,0,0,12.886,10.843,-1.832,-4.443,20.2,56.5,-28.625,46.65,0.0,0.0,26.3,31.7,0.0,0.0,37.006,251.015,136.9,0.0,13.718,0.0,1
2026-06-22,CA_PRAIRIE,"Calgary, AB",14.743,4.1,24.1,40.6,3,0.0,0,40.6,36.0,32.2,62.6,0,0,0,7,Open-Meteo Historical Weather API,ERA5,2026,6,2,26,SUMMER,15.557,18.3,0.0,-0.814,22.3,0.0,1.219,33.059,0.0,1307.32,0,0,0,0,0,0,13.843,12.886,0.829,-1.832,16.6,20.2,-19.175,-28.625,0.0,0.0,31.5,26.3,0.0,0.0,0.0,37.006,133.9,0.0,13.079,0.0,1
2021-07-05,CA_QC,"Montreal, QC",19.229,10.2,28.6,21.0,3,0.0,0,21.0,24.0,24.2,49.7,0,0,0,7,Open-Meteo Historical Weather API,ERA5,2021,7,3,27,SUMMER,,,,,,,,,,508.2,0,0,0,0,0,0,,,,,,,,,,,,,,,,,21.0,0.0,19.229,0.0,0
2021-07-12,CA_QC,"Montreal, QC",22.329,16.2,29.1,20.4,4,0.0,0,20.4,32.0,21.4,49.3,0,0,0,7,Open-Meteo Historical Weather API,ERA5,2021,7,3,28,SUMMER,,,,,,,,,,436.56,0,0,0,0,0,0,19.229,,,,21.0,,,,0.0,,24.2,,0.0,,,,41.4,0.0,20.779,0.0,0
2021-07-19,CA_QC,"Montreal, QC",20.7,13.4,27.5,34.9,4,0.0,0,34.9,25.0,27.2,66.2,0,0,0,7,Open-Meteo Historical Weather API,ERA5,2021,7,3,29,SUMMER,,,,,,,,,,949.28,0,0,0,0,0,0,22.329,19.229,,,20.4,21.0,,,0.0,0.0,21.4,24.2,0.0,0.0,,,76.3,0.0,20.753,0.0,0
2021-07-26,CA_QC,"Montreal, QC",17.814,11.2,27.2,22.0,5,0.0,0,22.0,28.0,26.2,50.8,0,0,0,7,Open-Meteo Historical Weather API,ERA5,2021,7,3,30,SUMMER,,,,,,,,,,576.4,0,0,0,0,0,0,20.7,22.329,,,34.9,20.4,,,0.0,0.0,27.2,21.4,0.0,0.0,,,98.3,0.0,20.018,0.0,0
2021-08-02,CA_QC,"Montreal, QC",21.271,13.9,30.1,1.6,1,0.0,0,1.6,4.0,22.5,48.2,0,0,0,7,Open-Meteo Historical Weather API,ERA5,2021,8,3,31,SUMMER,,,,,,,,,,36.0,0,0,0,0,0,0,17.814,20.7,,,22.0,34.9,,,0.0,0.0,26.2,27.2,0.0,0.0,,,78.9,0.0,20.528,0.0,0
2021-08-09,CA_QC,"Montreal, QC",24.114,12.3,31.8,10.0,4,0.0,0,10.0,26.0,23.9,47.9,0,0,0,7,Open-Meteo Historical Weather API,ERA5,2021,8,3,32,SUMMER,,,,,,,,,,239.0,0,0,0,0,0,0,21.271,17.814,,,1.6,22.0,,,0.0,0.0,22.5,26.2,0.0,0.0,,,68.5,0.0,20.975,0.0,0
2021-08-16,CA_QC,"Montreal, QC",23.414,12.0,32.0,3.1,2,0.0,0,3.1,12.0,16.5,29.9,0,0,0,7,Open-Meteo Historical Weather API,ERA5,2021,8,3,33,SUMMER,,,,,,,,,,51.15,0,0,0,0,0,0,24.114,21.271,,,10.0,1.6,,,0.0,0.0,23.9,22.5,0.0,0.0,,,36.7,0.0,21.653,0.0,0
2021-08-23,CA_QC,"Montreal, QC",22.929,15.6,32.9,15.6,2,0.0,0,15.6,21.0,21.0,46.1,0,0,0,7,Open-Meteo Historical Weather API,ERA5,2021,8,3,34,SUMMER,,,,,,,,,,327.6,0,0,0,0,0,0,23.414,24.114,,,3.1,10.0,,,0.0,0.0,16.5,23.9,0.0,0.0,,,30.3,0.0,22.932,0.0,0
2021-08-30,CA_QC,"Montreal, QC",18.657,11.5,28.3,15.9,2,0.0,0,15.9,22.0,24.0,47.2,0,0,0,7,Open-Meteo Historical Weather API,ERA5,2021,8,3,35,SUMMER,,,,,,,,,,381.6,0,0,0,0,0,0,22.929,23.414,,,15.6,3.1,,,0.0,0.0,21.0,16.5,0.0,0.0,,,44.6,0.0,22.278,0.0,0
2021-09-06,CA_QC,"Montreal, QC",17.529,11.4,23.1,21.6,4,0.0,0,21.6,26.0,25.3,61.2,0,0,0,7,Open-Meteo Historical Weather API,ERA5,2021,9,3,36,FALL,,,,,,,,,,546.48,0,0,0,0,0,0,18.657,22.929,,,15.9,15.6,,,0.0,0.0,24.0,21.0,0.0,0.0,,,56.2,0.0,20.632,0.0,0
2021-09-13,CA_QC,"Montreal, QC",16.729,8.6,25.2,15.5,3,0.0,0,15.5,22.0,25.2,55.8,0,0,0,7,Open-Meteo Historical Weather API,ERA5,2021,9,3,37,FALL,,,,,,,,,,390.6,0,0,0,0,0,0,17.529,18.657,,,21.6,15.9,,,0.0,0.0,25.3,24.0,0.0,0.0,,,68.6,0.0,18.961,0.0,0
2021-09-20,CA_QC,"Montreal, QC",17.814,6.7,26.0,35.6,2,0.0,0,35.6,21.0,26.1,62.6,0,0,0,7,Open-Meteo Historical Weather API,ERA5,2021,9,3,38,FALL,,,,,,,,,,929.16,0,0,0,0,0,0,16.729,17.529,,,15.5,21.6,,,0.0,0.0,25.2,25.3,0.0,0.0,,,88.6,0.0,17.682,0.0,0
2021-09-27,CA_QC,"Montreal, QC",11.486,6.6,16.7,20.8,2,0.0,0,20.8,31.0,18.7,40.7,0,0,0,7,Open-Meteo Historical Weather API,ERA5,2021,9,3,39,FALL,,,,,,,,,,388.96,0,0,0,0,0,0,17.814,16.729,,,35.6,15.5,,,0.0,0.0,26.1,25.2,0.0,0.0,,,93.5,0.0,15.89,0.0,0
2021-10-04,CA_QC,"Montreal, QC",13.043,7.1,20.8,6.0,1,0.0,0,6.0,8.0,17.6,34.9,0,0,0,7,Open-Meteo Historical Weather API,ERA5,2021,10,4,40,FALL,,,,,,,,,,105.6,0,0,0,0,0,0,11.486,17.814,,,20.8,35.6,,,0.0,0.0,18.7,26.1,0.0,0.0,,,77.9,0.0,14.768,0.0,0
2021-10-11,CA_QC,"Montreal, QC",15.886,9.0,22.8,24.5,1,0.0,0,24.5,27.0,28.3,57.2,0,0,0,7,Open-Meteo Historical Weather API,ERA5,2021,10,4,41,FALL,,,,,,,,,,693.35,0,0,0,0,0,0,13.043,11.486,,,6.0,20.8,,,0.0,0.0,17.6,18.7,0.0,0.0,,,86.9,0.0,14.557,0.0,0
2021-10-18,CA_QC,"Montreal, QC",8.4,1.2,16.7,20.6,4,0.0,0,20.6,31.0,25.2,47.9,0,1,0,7,Open-Meteo Historical Weather API,ERA5,2021,10,4,42,FALL,,,,,,,,,,519.12,0,0,0,0,0,0,15.886,13.043,,,24.5,6.0,,,0.0,0.0,28.3,17.6,0.0,0.0,,,71.9,0.0,12.204,0.0,0
2021-10-25,CA_QC,"Montreal, QC",7.343,0.9,12.1,52.3,3,0.0,0,52.3,56.0,26.3,50.0,0,0,0,7,Open-Meteo Historical Weather API,ERA5,2021,10,4,43,FALL,,,,,,,,,,1375.49,1,0,0,0,0,0,8.4,15.886,,,20.6,24.5,,,0.0,0.0,25.2,28.3,0.0,0.0,,,103.4,0.0,11.168,0.0,0
2021-11-01,CA_QC,"Montreal, QC",3.714,-4.0,12.2,1.5,1,0.0,0,1.5,5.0,32.0,60.5,0,6,1,7,Open-Meteo Historical Weather API,ERA5,2021,11,4,44,FALL,,,,,,,,,,48.0,0,0,0,0,0,0,7.343,8.4,,,52.3,20.6,,,0.0,0.0,26.3,25.2,0.0,0.0,,,98.9,0.0,8.836,1.0,0
2021-11-08,CA_QC,"Montreal, QC",6.1,-2.9,14.5,29.6,3,0.0,0,29.6,24.0,26.0,64.8,0,3,2,7,Open-Meteo Historical Weather API,ERA5,2021,11,4,45,FALL,,,,,,,,,,769.6,0,0,0,0,1,0,3.714,7.343,,,1.5,52.3,,,0.0,0.0,32.0,26.3,1.0,0.0,,,104.0,0.0,6.389,3.0,0
2021-11-15,CA_QC,"Montreal, QC",2.014,-6.0,7.9,27.8,4,1.33,1,29.7,46.0,26.9,52.6,0,6,3,7,Open-Meteo Historical Weather API,ERA5,2021,11,4,46,FALL,,,,,,,,,,747.82,0,0,0,0,1,0,6.1,3.714,,,29.6,1.5,,,0.0,0.0,26.0,32.0,2.0,1.0,,,111.2,1.33,4.793,6.0,0
2021-11-22,CA_QC,"Montreal, QC",-1.943,-8.6,6.3,8.6,2,5.67,1,16.6,40.0,29.2,55.4,0,7,2,7,Open-Meteo Historical Weather API,ERA5,2021,11,4,47,FALL,,,,,,,,,,251.12,0,0,1,0,1,0,2.014,6.1,,,27.8,29.6,,,1.33,0.0,26.9,26.0,3.0,2.0,,,67.5,7.0,2.471,8.0,0
2021-11-29,CA_QC,"Montreal, QC",-3.857,-12.3,5.0,6.0,1,2.59,0,9.2,27.0,28.3,52.9,0,7,1,7,Open-Meteo Historical Weather API,ERA5,2021,11,4,48,FALL,,,,,,,,,,169.8,0,0,1,0,0,0,-1.943,2.014,,,8.6,27.8,,,5.67,1.33,29.2,26.9,2.0,3.0,,,72.0,9.59,0.578,8.0,0
2021-12-06,CA_QC,"Montreal, QC",-2.586,-10.3,10.4,30.1,2,9.94,1,43.3,39.0,45.3,87.5,2,7,2,7,Open-Meteo Historical Weather API,ERA5,2021,12,4,49,WINTER,,,,,,,,,,1363.53,0,0,1,0,1,1,-3.857,-1.943,,,6.0,8.6,,,2.59,5.67,28.3,29.2,1.0,2.0,,,72.5,19.53,-1.593,8.0,0
2021-12-13,CA_QC,"Montreal, QC",0.157,-15.1,13.2,4.4,1,8.05,3,15.7,30.0,37.5,67.7,0,4,0,7,Open-Meteo Historical Weather API,ERA5,2021,12,4,50,WINTER,,,,,,,,,,165.0,0,0,0,0,0,0,-2.586,-3.857,,,30.1,6.0,,,9.94,2.59,45.3,28.3,2.0,1.0,,,49.1,26.25,-2.057,5.0,0
2021-12-20,CA_QC,"Montreal, QC",-6.886,-15.5,0.7,0.0,0,2.03,1,2.1,11.0,28.2,52.9,0,7,0,7,Open-Meteo Historical Weather API,ERA5,2021,12,4,51,WINTER,,,,,,,,,,0.0,0,0,1,0,0,0,0.157,-2.586,,,4.4,30.1,,,8.05,9.94,37.5,45.3,0.0,2.0,,,40.5,22.61,-3.293,3.0,0
2021-12-27,CA_QC,"Montreal, QC",-4.957,-12.0,2.1,1.8,1,5.18,2,8.4,37.0,18.5,32.0,0,7,1,7,Open-Meteo Historical Weather API,ERA5,2021,12,4,52,WINTER,,,,,,,,,,33.3,0,0,1,0,0,0,-6.886,0.157,,,0.0,4.4,,,2.03,8.05,28.2,37.5,0.0,0.0,,,36.3,25.2,-3.568,3.0,0
2022-01-03,CA_QC,"Montreal, QC",-9.343,-22.2,1.0,2.3,2,3.15,1,6.8,30.0,29.0,59.4,0,7,2,7,Open-Meteo Historical Weather API,ERA5,2022,1,1,1,WINTER,,,,,,,,,,66.7,0,0,1,0,1,0,-4.957,-6.886,,,1.8,0.0,,,5.18,2.03,18.5,28.2,1.0,0.0,,,8.5,18.41,-5.257,3.0,0
2022-01-10,CA_QC,"Montreal, QC",-16.329,-28.2,-3.1,0.0,0,2.52,2,3.6,27.0,27.8,51.5,0,7,0,7,Open-Meteo Historical Weather API,ERA5,2022,1,1,2,WINTER,,,,,,,,,,0.0,0,0,1,1,0,0,-9.343,-4.957,,,2.3,1.8,,,3.15,5.18,29.0,18.5,2.0,1.0,,,4.1,12.88,-9.379,3.0,0
2022-01-17,CA_QC,"Montreal, QC",-15.7,-32.3,-1.4,0.6,0,16.73,2,24.5,41.0,28.4,57.2,0,7,0,7,Open-Meteo Historical Weather API,ERA5,2022,1,1,3,WINTER,,,,,,,,,,17.04,0,1,1,1,0,0,-16.329,-9.343,,,0.0,2.3,,,2.52,3.15,27.8,29.0,0.0,2.0,,,4.7,27.58,-11.582,3.0,0
2022-01-24,CA_QC,"Montreal, QC",-17.271,-28.7,-6.6,0.0,0,2.03,0,2.9,22.0,22.0,38.9,0,7,0,7,Open-Meteo Historical Weather API,ERA5,2022,1,1,4,WINTER,,,,,,,,,,0.0,0,0,1,1,0,0,-15.7,-16.329,,,0.6,0.0,,,16.73,2.52,28.4,27.8,0.0,0.0,,,2.9,24.43,-14.661,2.0,0
2022-01-31,CA_QC,"Montreal, QC",-10.571,-24.3,3.1,5.0,2,11.2,2,21.0,54.0,27.9,48.2,0,7,2,7,Open-Meteo Historical Weather API,ERA5,2022,1,1,5,WINTER,,,,,,,,,,139.5,0,0,1,1,1,0,-17.271,-15.7,,,0.0,0.6,,,2.03,16.73,22.0,28.4,0.0,0.0,,,5.6,32.48,-14.968,2.0,0
2022-02-07,CA_QC,"Montreal, QC",-4.429,-20.4,3.9,6.1,3,0.21,0,6.4,33.0,26.9,50.8,0,7,3,7,Open-Meteo Historical Weather API,ERA5,2022,2,1,6,WINTER,,,,,,,,,,164.09,0,0,1,0,1,0,-10.571,-17.271,,,5.0,0.0,,,11.2,2.03,27.9,22.0,2.0,0.0,,,11.7,30.17,-11.993,5.0,0
2022-02-14,CA_QC,"Montreal, QC",-9.271,-20.8,5.3,23.7,2,17.92,3,49.3,52.0,32.1,59.0,0,7,2,7,Open-Meteo Historical Weather API,ERA5,2022,2,1,7,WINTER,,,,,,,,,,760.77,0,1,1,0,1,0,-4.429,-10.571,,,6.1,5.0,,,0.21,11.2,26.9,27.9,3.0,2.0,,,34.8,31.36,-10.386,7.0,0
2022-02-21,CA_QC,"Montreal, QC",-8.243,-22.6,4.3,17.3,2,7.21,2,27.6,35.0,37.2,67.0,0,7,2,7,Open-Meteo Historical Weather API,ERA5,2022,2,1,8,WINTER,,,,,,,,,,643.56,0,0,1,0,1,0,-9.271,-4.429,,,23.7,6.1,,,17.92,0.21,32.1,26.9,2.0,3.0,,,52.1,36.54,-8.129,9.0,0
2022-02-28,CA_QC,"Montreal, QC",-9.243,-20.6,9.9,5.8,1,7.14,2,16.0,33.0,37.0,65.9,0,7,1,7,Open-Meteo Historical Weather API,ERA5,2022,2,1,9,WINTER,,,,,,,,,,214.6,0,0,1,0,0,0,-8.243,-9.271,,,17.3,23.7,,,7.21,17.92,37.2,32.1,2.0,2.0,,,52.9,32.48,-7.797,8.0,0
2022-03-07,CA_QC,"Montreal, QC",-2.771,-11.0,4.9,2.1,1,12.81,3,20.4,44.0,33.0,58.7,0,7,1,7,Open-Meteo Historical Weather API,ERA5,2022,3,1,10,SPRING,,,,,,,,,,69.3,0,0,1,0,0,0,-9.243,-8.243,,,5.8,17.3,,,7.14,7.21,37.0,37.2,1.0,2.0,,,48.9,45.08,-7.382,6.0,0
2022-03-14,CA_QC,"Montreal, QC",2.771,-7.3,17.1,26.1,2,0.21,0,26.4,46.0,23.6,42.8,0,5,2,7,Open-Meteo Historical Weather API,ERA5,2022,3,1,11,SPRING,,,,,,,,,,615.96,0,0,0,0,1,0,-2.771,-9.243,,,2.1,5.8,,,12.81,7.14,33.0,37.0,1.0,1.0,,,51.3,27.37,-4.372,6.0,0
2022-03-21,CA_QC,"Montreal, QC",2.029,-8.2,9.1,25.3,2,0.91,0,26.6,52.0,29.5,56.5,0,7,2,7,Open-Meteo Historical Weather API,ERA5,2022,3,1,12,SPRING,,,,,,,,,,746.35,0,0,0,0,1,0,2.771,-2.771,,,26.1,2.1,,,0.21,12.81,23.6,33.0,2.0,1.0,,,59.3,21.07,-1.804,6.0,0
2022-03-28,CA_QC,"Montreal, QC",-0.643,-12.1,9.8,11.1,2,3.5,1,16.1,38.0,24.2,48.6,0,6,1,7,Open-Meteo Historical Weather API,ERA5,2022,3,1,13,SPRING,,,,,,,,,,268.62,0,0,1,0,0,0,2.029,2.771,,,25.3,26.1,,,0.91,0.21,29.5,23.6,2.0,2.0,,,64.6,17.43,0.346,6.0,0
2022-04-04,CA_QC,"Montreal, QC",4.814,-1.4,14.6,39.9,3,7.14,1,50.1,48.0,23.4,54.4,0,5,2,7,Open-Meteo Historical Weather API,ERA5,2022,4,2,14,SPRING,,,,,,,,,,933.66,0,0,0,0,1,0,-0.643,2.029,,,11.1,25.3,,,3.5,0.91,24.2,29.5,1.0,2.0,,,102.4,11.76,2.243,7.0,0
2022-04-11,CA_QC,"Montreal, QC",7.4,-0.5,17.0,38.1,4,0.0,0,38.1,52.0,31.4,61.6,0,1,0,7,Open-Meteo Historical Weather API,ERA5,2022,4,2,15,SPRING,,,,,,,,,,1196.34,0,0,0,0,0,0,4.814,-0.643,,,39.9,11.1,,,7.14,3.5,23.4,24.2,2.0,1.0,,,114.4,11.55,3.4,5.0,0
2022-04-18,CA_QC,"Montreal, QC",5.357,-2.5,12.4,15.8,2,13.23,1,34.7,37.0,31.5,60.1,0,4,1,7,Open-Meteo Historical Weather API,ERA5,2022,4,2,16,SPRING,,,,,,,,,,497.7,0,0,0,0,0,0,7.4,4.814,,,38.1,39.9,,,0.0,7.14,31.4,23.4,0.0,2.0,,,104.9,23.87,4.232,4.0,0
2022-04-25,CA_QC,"Montreal, QC",8.857,0.5,18.8,10.4,2,0.0,0,10.4,27.0,26.2,51.5,0,0,0,7,Open-Meteo Historical Weather API,ERA5,2022,4,2,17,SPRING,,,,,,,,,,272.48,0,0,0,0,0,0,5.357,7.4,,,15.8,38.1,,,13.23,0.0,31.5,31.4,1.0,0.0,,,104.2,20.37,6.607,3.0,0
2022-05-02,CA_QC,"Montreal, QC",10.829,2.2,18.2,13.5,2,0.0,0,13.5,23.0,20.6,44.6,0,0,0,7,Open-Meteo Historical Weather API,ERA5,2022,5,2,18,SPRING,,,,,,,,,,278.1,0,0,0,0,0,0,8.857,5.357,,,10.4,15.8,,,0.0,13.23,26.2,31.5,0.0,1.0,,,77.8,13.23,8.111,1.0,0
2022-05-09,CA_QC,"Montreal, QC",19.143,3.4,30.7,6.0,1,0.0,0,6.0,17.0,17.5,35.6,0,0,0,7,Open-Meteo Historical Weather API,ERA5,2022,5,2,19,SPRING,,,,,,,,,,105.0,0,0,0,0,0,0,10.829,8.857,,,13.5,10.4,,,0.0,0.0,20.6,26.2,0.0,0.0,,,45.7,13.23,11.046,1.0,0
2022-05-16,CA_QC,"Montreal, QC",15.814,4.9,31.0,29.9,4,0.0,0,29.9,43.0,31.0,61.9,0,0,0,7,Open-Meteo Historical Weather API,ERA5,2022,5,2,20,SPRING,,,,,,,,,,926.9,0,0,0,0,0,0,19.143,10.829,,,6.0,13.5,,,0.0,0.0,17.5,20.6,0.0,0.0,,,59.8,0.0,13.661,0.0,0
2022-05-23,CA_QC,"Montreal, QC",16.157,4.1,25.1,47.4,3,0.0,0,47.4,41.0,23.7,44.3,0,0,0,7,Open-Meteo Historical Weather API,ERA5,2022,5,2,21,SPRING,,,,,,,,,,1123.38,0,0,0,0,0,0,15.814,19.143,,,29.9,6.0,,,0.0,0.0,31.0,17.5,0.0,0.0,,,96.8,0.0,15.486,0.0,0
2022-05-30,CA_QC,"Montreal, QC",16.986,10.0,26.5,14.0,2,0.0,0,14.0,26.0,31.9,61.9,0,0,0,7,Open-Meteo Historical Weather API,ERA5,2022,5,2,22,SPRING,,,,,,,,,,446.6,0,0,0,0,0,0,16.157,15.814,,,47.4,29.9,,,0.0,0.0,23.7,31.0,0.0,0.0,,,97.3,0.0,17.025,0.0,0
2022-06-06,CA_QC,"Montreal, QC",17.471,10.4,24.9,39.9,4,0.0,0,39.9,50.0,27.2,61.6,0,0,0,7,Open-Meteo Historical Weather API,ERA5,2022,6,2,23,SUMMER,,,,,,,,,,1085.28,0,0,0,0,0,0,16.986,16.157,,,14.0,47.4,,,0.0,0.0,31.9,23.7,0.0,0.0,,,131.2,0.0,16.607,0.0,0
2022-06-13,CA_QC,"Montreal, QC",18.4,9.8,25.9,37.4,3,0.0,0,37.4,38.0,28.6,55.1,0,0,0,7,Open-Meteo Historical Weather API,ERA5,2022,6,2,24,SUMMER,,,,,,,,,,1069.64,0,0,0,0,0,0,17.471,16.986,,,39.9,14.0,,,0.0,0.0,27.2,31.9,0.0,0.0,,,138.7,0.0,17.254,0.0,0
2022-06-20,CA_QC,"Montreal, QC",19.529,9.1,30.9,56.9,4,0.0,0,56.9,47.0,25.2,50.0,0,0,0,7,Open-Meteo Historical Weather API,ERA5,2022,6,2,25,SUMMER,,,,,,,,,,1433.88,1,0,0,0,0,0,18.4,17.471,,,37.4,39.9,,,0.0,0.0,28.6,27.2,0.0,0.0,,,148.2,0.0,18.096,0.0,0
2022-06-27,CA_QC,"Montreal, QC",20.271,12.5,27.2,15.9,2,0.0,0,15.9,20.0,29.1,54.7,0,0,0,7,Open-Meteo Historical Weather API,ERA5,2022,6,2,26,SUMMER,,,,,,,,,,462.69,0,0,0,0,0,0,19.529,18.4,,,56.9,37.4,,,0.0,0.0,25.2,28.6,0.0,0.0,,,150.1,0.0,18.918,0.0,0
2022-07-04,CA_QC,"Montreal, QC",18.914,9.8,26.6,6.7,1,0.0,0,6.7,20.0,19.4,37.4,0,0,0,7,Open-Meteo Historical Weather API,ERA5,2022,7,3,27,SUMMER,19.229,21.0,0.0,-0.315,-14.3,0.0,-0.681,2.11,0.0,129.98,0,0,0,0,0,0,20.271,19.529,,,15.9,56.9,,,0.0,0.0,29.1,25.2,0.0,0.0,,,116.9,0.0,19.278,0.0,1
2022-07-11,CA_QC,"Montreal, QC",21.471,11.9,30.0,13.7,2,0.0,0,13.7,26.0,30.6,62.6,0,0,0,7,Open-Meteo Historical Weather API,ERA5,2022,7,3,28,SUMMER,22.329,20.4,0.0,-0.858,-6.7,0.0,-0.328,11.755,0.0,419.22,0,0,0,0,0,0,18.914,20.271,-0.315,,6.7,15.9,-14.3,,0.0,0.0,19.4,29.1,0.0,0.0,2.11,,93.2,0.0,20.046,0.0,1
2022-07-18,CA_QC,"Montreal, QC",24.243,17.0,31.2,47.3,5,0.0,0,47.3,38.0,25.5,58.0,0,0,0,7,Open-Meteo Historical Weather API,ERA5,2022,7,3,29,SUMMER,20.7,34.9,0.0,3.543,12.4,0.0,0.355,0.0,0.0,1206.15,0,0,0,0,0,0,21.471,18.914,-0.858,-0.315,13.7,6.7,-6.7,-14.3,0.0,0.0,30.6,19.4,0.0,0.0,11.755,2.11,83.6,0.0,21.225,0.0,1
2022-07-25,CA_QC,"Montreal, QC",21.3,15.3,27.9,22.5,2,0.0,0,22.5,28.0,30.5,58.7,0,0,0,7,Open-Meteo Historical Weather API,ERA5,2022,7,3,30,SUMMER,17.814,22.0,0.0,3.486,0.5,0.0,0.023,0.0,0.0,686.25,0,0,0,0,0,0,24.243,21.471,3.543,-0.858,47.3,13.7,12.4,-6.7,0.0,0.0,25.5,30.6,0.0,0.0,0.0,11.755,90.2,0.0,21.482,0.0,1
2022-08-01,CA_QC,"Montreal, QC",23.1,11.3,31.9,19.9,4,0.0,0,19.9,37.0,19.9,46.1,0,0,0,7,Open-Meteo Historical Weather API,ERA5,2022,8,3,31,SUMMER,21.271,1.6,0.0,1.829,18.3,0.0,11.437,0.0,0.0,396.01,0,0,0,0,0,0,21.3,24.243,3.486,3.543,22.5,47.3,0.5,12.4,0.0,0.0,30.5,25.5,0.0,0.0,0.0,0.0,103.4,0.0,22.528,0.0,1
2022-08-08,CA_QC,"Montreal, QC",17.857,10.2,26.1,20.9,3,0.0,0,20.9,38.0,19.4,54.7,0,0,0,7,Open-Meteo Historical Weather API,ERA5,2022,8,3,32,SUMMER,24.114,10.0,0.0,-6.257,10.9,0.0,1.09,130.771,0.0,405.46,0,0,0,0,0,0,23.1,21.3,1.829,3.486,19.9,22.5,18.3,0.5,0.0,0.0,19.9,30.5,0.0,0.0,0.0,0.0,110.6,0.0,21.625,0.0,1
2022-08-15,CA_QC,"Montreal, QC",20.957,11.4,30.4,15.7,2,0.0,0,15.7,20.0,18.4,38.9,0,0,0,7,Open-Meteo Historical Weather API,ERA5,2022,8,3,33,SUMMER,23.414,3.1,0.0,-2.457,12.6,0.0,4.065,38.575,0.0,288.88,0,0,0,0,0,0,17.857,23.1,-6.257,1.829,20.9,19.9,10.9,18.3,0.0,0.0,19.4,19.9,0.0,0.0,130.771,0.0,79.0,0.0,20.804,0.0,1
2022-08-22,CA_QC,"Montreal, QC",19.643,9.7,27.0,33.4,3,0.0,0,33.4,46.0,15.3,36.7,0,0,0,7,Open-Meteo Historical Weather API,ERA5,2022,8,3,34,SUMMER,22.929,15.6,0.0,-3.286,17.8,0.0,1.141,109.752,0.0,511.02,0,0,0,0,0,0,20.957,17.857,-2.457,-6.257,15.7,20.9,12.6,10.9,0.0,0.0,18.4,19.4,0.0,0.0,38.575,130.771,89.9,0.0,20.389,0.0,1
2022-08-29,CA_QC,"Montreal, QC",19.014,7.0,30.4,34.3,3,0.0,0,34.3,37.0,23.5,44.6,0,0,0,7,Open-Meteo Historical Weather API,ERA5,2022,8,3,35,SUMMER,18.657,15.9,0.0,0.357,18.4,0.0,1.157,0.0,0.0,806.05,0,0,0,0,0,0,19.643,20.957,-3.286,-2.457,33.4,15.7,17.8,12.6,0.0,0.0,15.3,18.4,0.0,0.0,109.752,38.575,104.3,0.0,19.368,0.0,1
2022-09-05,CA_QC,"Montreal, QC",18.271,11.0,27.9,0.0,0,0.0,0,0.0,0.0,19.7,34.2,0,0,0,7,Open-Meteo Historical Weather API,ERA5,2022,9,3,36,FALL,17.529,21.6,0.0,0.742,-21.6,0.0,-1.0,0.0,0.0,0.0,0,0,0,0,0,0,19.014,19.643,0.357,-3.286,34.3,33.4,18.4,17.8,0.0,0.0,23.5,15.3,0.0,0.0,0.0,109.752,83.4,0.0,19.471,0.0,1
2022-09-12,CA_QC,"Montreal, QC",15.586,4.4,26.1,35.2,3,0.0,0,35.2,46.0,23.1,49.0,0,0,0,7,Open-Meteo Historical Weather API,ERA5,2022,9,3,37,FALL,16.729,15.5,0.0,-1.143,19.7,0.0,1.271,40.234,0.0,813.12,0,0,0,0,0,0,18.271,19.014,0.742,0.357,0.0,34.3,-21.6,18.4,0.0,0.0,19.7,23.5,0.0,0.0,0.0,0.0,102.9,0.0,18.128,0.0,1
2022-09-19,CA_QC,"Montreal, QC",12.529,5.1,18.7,42.0,4,0.0,0,42.0,48.0,23.9,51.1,0,0,0,7,Open-Meteo Historical Weather API,ERA5,2022,9,3,38,FALL,17.814,35.6,0.0,-5.285,6.4,0.0,0.18,221.97,0.0,1003.8,0,0,0,0,0,0,15.586,18.271,-1.143,0.742,35.2,0.0,19.7,-21.6,0.0,0.0,23.1,19.7,0.0,0.0,40.234,0.0,111.5,0.0,16.35,0.0,1
2022-09-26,CA_QC,"Montreal, QC",10.871,2.1,17.4,22.1,2,0.0,0,22.1,36.0,23.3,42.5,0,0,0,7,Open-Meteo Historical Weather API,ERA5,2022,9,3,39,FALL,11.486,20.8,0.0,-0.615,1.3,0.0,0.063,13.592,0.0,514.93,0,0,0,0,0,0,12.529,15.586,-5.285,-1.143,42.0,35.2,6.4,19.7,0.0,0.0,23.9,23.1,0.0,0.0,221.97,40.234,99.3,0.0,14.314,0.0,1
2022-10-03,CA_QC,"Montreal, QC",9.329,-0.7,21.9,5.3,2,0.0,0,5.3,15.0,24.9,53.6,0,0,0,7,Open-Meteo Historical Weather API,ERA5,2022,10,4,40,FALL,13.043,6.0,0.0,-3.714,-0.7,0.0,-0.117,19.684,0.0,131.97,0,0,0,0,0,0,10.871,12.529,-0.615,-5.285,22.1,42.0,1.3,6.4,0.0,0.0,23.3,23.9,0.0,0.0,13.592,221.97,104.6,0.0,12.079,0.0,1
2022-10-10,CA_QC,"Montreal, QC",9.971,-0.5,18.6,40.0,2,0.0,0,40.0,24.0,30.3,63.0,0,0,0,7,Open-Meteo Historical Weather API,ERA5,2022,10,4,41,FALL,15.886,24.5,0.0,-5.915,15.5,0.0,0.633,236.6,0.0,1212.0,0,0,0,0,0,0,9.329,10.871,-3.714,-0.615,5.3,22.1,-0.7,1.3,0.0,0.0,24.9,23.3,0.0,0.0,19.684,13.592,109.4,0.0,10.675,0.0,1
2022-10-17,CA_QC,"Montreal, QC",9.057,1.2,20.6,11.9,3,0.0,0,11.9,35.0,25.1,55.1,0,0,0,7,Open-Meteo Historical Weather API,ERA5,2022,10,4,42,FALL,8.4,20.6,0.0,0.657,-8.7,0.0,-0.422,0.0,0.0,298.69,0,0,0,0,0,0,9.971,9.329,-5.915,-3.714,40.0,5.3,15.5,-0.7,0.0,0.0,30.3,24.9,0.0,0.0,236.6,19.684,79.3,0.0,9.807,0.0,1
2022-10-24,CA_QC,"Montreal, QC",10.214,-2.7,23.0,11.8,1,0.0,0,11.8,8.0,29.0,54.7,0,1,0,7,Open-Meteo Historical Weather API,ERA5,2022,10,4,43,FALL,7.343,52.3,0.0,2.871,-40.5,0.0,-0.774,0.0,0.0,342.2,0,0,0,0,0,0,9.057,9.971,0.657,-5.915,11.9,40.0,-8.7,15.5,0.0,0.0,25.1,30.3,0.0,0.0,0.0,236.6,69.0,0.0,9.643,0.0,1
2022-10-31,CA_QC,"Montreal, QC",11.929,-0.1,22.8,9.3,1,0.0,0,9.3,11.0,26.5,52.9,0,0,0,7,Open-Meteo Historical Weather API,ERA5,2022,10,4,44,FALL,3.714,1.5,0.0,8.215,7.8,0.0,5.2,0.0,0.0,246.45,0,0,0,0,0,0,10.214,9.057,2.871,0.657,11.8,11.9,-40.5,-8.7,0.0,0.0,29.0,25.1,0.0,0.0,0.0,0.0,73.0,0.0,10.293,0.0,1
2022-11-07,CA_QC,"Montreal, QC",8.214,-4.3,16.1,46.6,2,0.0,0,46.6,29.0,32.2,61.6,0,3,0,7,Open-Meteo Historical Weather API,ERA5,2022,11,4,45,FALL,6.1,29.6,0.0,2.114,17.0,0.0,0.574,0.0,0.0,1500.52,0,0,0,0,0,0,11.929,10.214,8.215,2.871,9.3,11.8,7.8,-40.5,0.0,0.0,26.5,29.0,0.0,0.0,0.0,0.0,79.6,0.0,9.854,0.0,1
2022-11-14,CA_QC,"Montreal, QC",-2.2,-9.0,2.1,0.0,0,9.8,1,14.0,30.0,35.5,63.7,0,7,0,7,Open-Meteo Historical Weather API,ERA5,2022,11,4,46,FALL,2.014,27.8,1.33,-4.214,-27.8,8.47,-1.0,0.0,41.297,0.0,0,0,1,0,0,0,8.214,11.929,2.114,8.215,46.6,9.3,17.0,7.8,0.0,0.0,32.2,26.5,0.0,0.0,0.0,0.0,67.7,9.8,7.039,0.0,1
2022-11-21,CA_QC,"Montreal, QC",0.243,-9.5,8.9,6.3,2,0.56,0,7.1,23.0,31.2,59.8,0,7,2,7,Open-Meteo Historical Weather API,ERA5,2022,11,4,47,FALL,-1.943,8.6,5.67,2.186,-2.3,-5.11,-0.267,0.0,0.0,196.56,0,0,0,0,1,0,-2.2,8.214,-4.214,2.114,0.0,46.6,-27.8,17.0,9.8,0.0,35.5,32.2,0.0,0.0,0.0,0.0,62.2,10.36,4.546,2.0,1
2022-11-28,CA_QC,"Montreal, QC",1.014,-5.7,8.8,22.7,3,0.35,0,23.2,39.0,39.4,76.7,0,7,3,7,Open-Meteo Historical Weather API,ERA5,2022,11,4,48,FALL,-3.857,6.0,2.59,4.871,16.7,-2.24,2.783,0.0,0.0,894.38,0,0,0,0,1,0,0.243,-2.2,2.186,-4.214,6.3,0.0,-2.3,-27.8,0.56,9.8,31.2,35.5,2.0,0.0,0.0,0.0,75.6,10.71,1.818,5.0,1
2022-12-05,CA_QC,"Montreal, QC",-0.471,-11.4,9.2,28.8,2,0.77,0,29.9,40.0,21.6,41.4,0,6,1,7,Open-Meteo Historical Weather API,ERA5,2022,12,4,49,WINTER,-2.586,30.1,9.94,2.115,-1.3,-9.17,-0.043,0.0,0.0,622.08,0,0,1,0,0,0,1.014,0.243,4.871,2.186,22.7,6.3,16.7,-2.3,0.35,0.56,39.4,31.2,3.0,2.0,0.0,0.0,57.8,11.48,-0.354,6.0,1
2022-12-12,CA_QC,"Montreal, QC",-2.643,-11.3,5.0,0.0,0,9.31,2,13.2,41.0,22.8,42.1,0,7,0,7,Open-Meteo Historical Weather API,ERA5,2022,12,4,50,WINTER,0.157,4.4,8.05,-2.8,-4.4,1.26,-1.0,0.0,26.068,0.0,0,0,1,0,0,0,-0.471,1.014,2.115,4.871,28.8,22.7,-1.3,16.7,0.77,0.35,21.6,39.4,1.0,3.0,0.0,0.0,57.8,10.99,-0.464,6.0,1
2022-12-19,CA_QC,"Montreal, QC",-5.0,-12.0,6.1,15.6,1,11.34,2,31.8,52.0,37.8,88.6,0,7,1,7,Open-Meteo Historical Weather API,ERA5,2022,12,4,51,WINTER,-6.886,0.0,2.03,1.886,15.6,9.31,15.6,0.0,0.0,589.68,0,0,1,0,0,0,-2.643,-0.471,-2.8,2.115,0.0,28.8,-4.4,-1.3,9.31,0.77,22.8,21.6,0.0,1.0,0.0,0.0,67.1,21.77,-1.775,5.0,1
2022-12-26,CA_QC,"Montreal, QC",-0.557,-12.1,6.0,19.2,3,5.74,1,27.4,76.0,19.1,31.3,0,6,2,7,Open-Meteo Historical Weather API,ERA5,2022,12,4,52,WINTER,-4.957,1.8,5.18,4.4,17.4,0.56,9.667,0.0,0.0,366.72,0,0,1,0,1,0,-5.0,-2.643,1.886,-2.8,15.6,0.0,15.6,-4.4,11.34,9.31,37.8,22.8,1.0,0.0,0.0,0.0,63.6,27.16,-2.168,4.0,1
2023-01-02,CA_QC,"Montreal, QC",-1.871,-11.6,3.4,7.1,2,9.24,1,20.3,43.0,28.4,50.0,0,7,2,7,Open-Meteo Historical Weather API,ERA5,2023,1,1,1,WINTER,-9.343,2.3,3.15,7.472,4.8,6.09,2.087,0.0,0.0,201.64,0,0,1,0,1,0,-0.557,-5.0,4.4,1.886,19.2,15.6,17.4,15.6,5.74,11.34,19.1,37.8,2.0,1.0,0.0,0.0,41.9,35.63,-2.518,5.0,1
2023-01-09,CA_QC,"Montreal, QC",-7.114,-19.0,-0.4,1.7,1,22.4,2,33.7,46.0,25.3,43.2,0,7,1,7,Open-Meteo Historical Weather API,ERA5,2023,1,1,2,WINTER,-16.329,0.0,2.52,9.215,1.7,19.88,1.7,0.0,0.0,43.01,0,1,1,0,0,0,-1.871,-0.557,7.472,4.4,7.1,19.2,4.8,17.4,9.24,5.74,28.4,19.1,2.0,2.0,0.0,0.0,43.6,48.72,-3.636,6.0,1
2023-01-16,CA_QC,"Montreal, QC",-4.486,-16.3,1.8,0.0,0,8.89,2,12.7,39.0,22.0,38.2,0,7,0,7,Open-Meteo Historical Weather API,ERA5,2023,1,1,3,WINTER,-15.7,0.6,16.73,11.214,-0.6,-7.84,-0.6,0.0,0.0,0.0,0,0,1,0,0,0,-7.114,-1.871,9.215,7.472,1.7,7.1,1.7,4.8,22.4,9.24,25.3,28.4,1.0,2.0,0.0,0.0,28.0,46.27,-3.507,5.0,1
2023-01-23,CA_QC,"Montreal, QC",-5.243,-13.6,1.3,0.2,0,18.62,4,26.8,56.0,29.7,56.9,0,7,0,7,Open-Meteo Historical Weather API,ERA5,2023,1,1,4,WINTER,-17.271,0.0,2.03,12.028,0.2,16.59,0.2,0.0,0.0,5.94,0,1,1,0,0,0,-4.486,-7.114,11.214,9.215,0.0,1.7,-0.6,1.7,8.89,22.4,22.0,25.3,0.0,1.0,0.0,0.0,9.0,59.15,-4.679,3.0,1
2023-01-30,CA_QC,"Montreal, QC",-14.986,-30.0,-1.5,0.0,0,4.69,3,6.7,41.0,32.1,64.1,0,7,0,7,Open-Meteo Historical Weather API,ERA5,2023,1,1,5,WINTER,-10.571,5.0,11.2,-4.415,-5.0,-6.51,-1.0,0.0,20.706,0.0,0,0,1,1,0,0,-5.243,-4.486,12.028,11.214,0.2,0.0,0.2,-0.6,18.62,8.89,29.7,22.0,0.0,0.0,0.0,0.0,1.9,54.6,-7.957,1.0,1
2023-02-06,CA_QC,"Montreal, QC",-2.914,-17.8,4.0,12.0,2,10.08,2,26.4,43.0,33.1,61.6,0,7,2,7,Open-Meteo Historical Weather API,ERA5,2023,2,1,6,WINTER,-4.429,6.1,0.21,1.515,5.9,9.87,0.967,0.0,0.0,397.2,0,0,1,0,1,0,-14.986,-5.243,-4.415,12.028,0.0,0.2,-5.0,0.2,4.69,18.62,32.1,29.7,0.0,0.0,0.0,0.0,12.2,42.28,-6.907,2.0,1
2023-02-13,CA_QC,"Montreal, QC",-1.7,-17.4,6.8,4.4,2,6.58,1,13.8,25.0,30.7,55.4,0,7,2,7,Open-Meteo Historical Weather API,ERA5,2023,2,1,7,WINTER,-9.271,23.7,17.92,7.571,-19.3,-11.34,-0.814,0.0,0.0,135.08,0,0,1,0,1,0,-2.914,-14.986,1.515,-4.415,12.0,0.0,5.9,-5.0,10.08,4.69,33.1,32.1,2.0,0.0,0.0,0.0,16.6,39.97,-6.211,4.0,1
2023-02-20,CA_QC,"Montreal, QC",-10.6,-25.3,3.6,0.7,0,11.13,3,16.6,52.0,25.7,45.0,0,7,0,7,Open-Meteo Historical Weather API,ERA5,2023,2,1,8,WINTER,-8.243,17.3,7.21,-2.357,-16.6,3.92,-0.96,1.65,26.233,17.99,0,0,1,1,0,0,-1.7,-2.914,7.571,1.515,4.4,12.0,-19.3,5.9,6.58,10.08,30.7,33.1,2.0,2.0,0.0,0.0,17.1,32.48,-7.55,4.0,1
2023-02-27,CA_QC,"Montreal, QC",-4.2,-18.8,3.6,0.0,0,19.81,3,28.3,57.0,27.1,47.9,0,7,0,7,Open-Meteo Historical Weather API,ERA5,2023,2,1,9,WINTER,-9.243,5.8,7.14,5.043,-5.8,12.67,-1.0,0.0,0.0,0.0,0,1,1,0,0,0,-10.6,-1.7,-2.357,7.571,0.7,4.4,-16.6,-19.3,11.13,6.58,25.7,30.7,0.0,2.0,1.65,0.0,17.1,47.6,-4.854,4.0,1
2023-03-06,CA_QC,"Montreal, QC",-2.486,-10.3,3.8,0.0,0,1.19,0,1.7,12.0,27.2,47.5,0,7,0,7,Open-Meteo Historical Weather API,ERA5,2023,3,1,10,SPRING,-2.771,2.1,12.81,0.285,-2.1,-11.62,-1.0,0.0,0.0,0.0,0,0,1,0,0,0,-4.2,-10.6,5.043,-2.357,0.0,0.7,-5.8,-16.6,19.81,11.13,27.1,25.7,0.0,0.0,0.0,1.65,5.1,38.71,-4.747,2.0,1
2023-03-13,CA_QC,"Montreal, QC",0.457,-6.2,5.1,13.4,3,3.22,1,18.0,55.0,33.7,64.8,0,7,3,7,Open-Meteo Historical Weather API,ERA5,2023,3,1,11,SPRING,2.771,26.1,0.21,-2.314,-12.7,3.01,-0.487,31.008,7.451,451.58,0,0,0,0,1,0,-2.486,-4.2,0.285,5.043,0.0,0.0,-2.1,-5.8,1.19,19.81,27.2,27.1,0.0,0.0,0.0,0.0,14.1,35.35,-4.207,3.0,1
2023-03-20,CA_QC,"Montreal, QC",0.557,-7.9,5.3,15.2,3,4.62,1,21.8,49.0,33.9,64.1,0,7,3,7,Open-Meteo Historical Weather API,ERA5,2023,3,1,12,SPRING,2.029,25.3,0.91,-1.472,-10.1,3.71,-0.399,22.374,6.801,515.28,0,0,0,0,1,0,0.457,-2.486,-2.314,0.285,13.4,0.0,-12.7,-2.1,3.22,1.19,33.7,27.2,3.0,0.0,31.008,0.0,28.6,28.84,-1.418,6.0,1
2023-03-27,CA_QC,"Montreal, QC",0.857,-7.6,11.9,18.7,2,3.85,1,24.2,35.0,31.5,58.7,0,7,2,7,Open-Meteo Historical Weather API,ERA5,2023,3,1,13,SPRING,-0.643,11.1,3.5,1.5,7.6,0.35,0.685,0.0,0.0,589.05,0,0,0,0,1,0,0.557,0.457,-1.472,-2.314,15.2,13.4,-10.1,-12.7,4.62,3.22,33.9,33.7,3.0,3.0,22.374,31.008,47.3,12.88,-0.154,8.0,1
2023-04-03,CA_QC,"Montreal, QC",2.871,-4.1,10.8,35.3,3,0.56,0,36.1,29.0,35.5,69.5,0,5,2,7,Open-Meteo Historical Weather API,ERA5,2023,4,2,14,SPRING,4.814,39.9,7.14,-1.943,-4.6,-6.58,-0.115,68.588,1.088,1253.15,0,0,0,0,1,0,0.857,0.557,1.5,-1.472,18.7,15.2,7.6,-10.1,3.85,4.62,31.5,33.9,2.0,3.0,0.0,22.374,82.6,12.25,1.185,10.0,1
2023-04-10,CA_QC,"Montreal, QC",13.714,-0.3,26.6,0.6,0,0.0,0,0.6,1.0,28.2,52.2,0,0,0,7,Open-Meteo Historical Weather API,ERA5,2023,4,2,15,SPRING,7.4,38.1,0.0,6.314,-37.5,0.0,-0.984,0.0,0.0,16.92,0,0,0,0,0,0,2.871,0.857,-1.943,1.5,35.3,18.7,-4.6,7.6,0.56,3.85,35.5,31.5,2.0,2.0,68.588,0.0,69.8,9.03,4.5,7.0,1
2023-04-17,CA_QC,"Montreal, QC",8.271,1.0,19.3,51.1,3,0.0,0,51.1,51.0,28.4,59.0,0,2,0,7,Open-Meteo Historical Weather API,ERA5,2023,4,2,16,SPRING,5.357,15.8,13.23,2.914,35.3,-13.23,2.234,0.0,0.0,1451.24,1,0,0,0,0,0,13.714,2.871,6.314,-1.943,0.6,35.3,-37.5,-4.6,0.0,0.56,28.2,35.5,0.0,2.0,0.0,68.588,105.7,4.41,6.428,4.0,1
2023-04-24,CA_QC,"Montreal, QC",8.529,-0.0,18.8,29.4,5,0.0,0,29.4,59.0,27.2,56.2,0,0,0,7,Open-Meteo Historical Weather API,ERA5,2023,4,2,17,SPRING,8.857,10.4,0.0,-0.328,19.0,0.0,1.827,9.643,0.0,799.68,0,0,0,0,0,0,8.271,13.714,2.914,6.314,51.1,0.6,35.3,-37.5,0.0,0.0,28.4,28.2,0.0,0.0,0.0,0.0,116.4,0.56,8.346,2.0,1
2023-05-01,CA_QC,"Montreal, QC",11.314,5.5,23.5,52.3,4,0.0,0,52.3,66.0,30.8,75.2,0,0,0,7,Open-Meteo Historical Weather API,ERA5,2023,5,2,18,SPRING,10.829,13.5,0.0,0.485,38.8,0.0,2.874,0.0,0.0,1610.84,1,0,0,0,0,0,8.529,8.271,-0.328,2.914,29.4,51.1,19.0,35.3,0.0,0.0,27.2,28.4,0.0,0.0,9.643,0.0,133.4,0.0,10.457,0.0,1
2023-05-08,CA_QC,"Montreal, QC",14.157,2.3,25.3,2.1,1,0.0,0,2.1,5.0,27.0,52.6,0,0,0,7,Open-Meteo Historical Weather API,ERA5,2023,5,2,19,SPRING,19.143,6.0,0.0,-4.986,-3.9,0.0,-0.65,10.471,0.0,56.7,0,0,0,0,0,0,11.314,8.529,0.485,-0.328,52.3,29.4,38.8,19.0,0.0,0.0,30.8,27.2,0.0,0.0,0.0,9.643,134.9,0.0,10.568,0.0,1
2023-05-15,CA_QC,"Montreal, QC",12.143,-1.5,23.8,19.5,3,0.0,0,19.5,36.0,30.2,59.8,0,1,0,7,Open-Meteo Historical Weather API,ERA5,2023,5,2,20,SPRING,15.814,29.9,0.0,-3.671,-10.4,0.0,-0.348,71.584,0.0,588.9,0,0,0,0,0,0,14.157,11.314,-4.986,0.485,2.1,52.3,-3.9,38.8,0.0,0.0,27.0,30.8,0.0,0.0,10.471,0.0,103.3,0.0,11.536,0.0,1
2023-05-22,CA_QC,"Montreal, QC",14.471,2.8,30.4,6.4,1,0.0,0,6.4,11.0,23.1,45.4,0,0,0,7,Open-Meteo Historical Weather API,ERA5,2023,5,2,21,SPRING,16.157,47.4,0.0,-1.686,-41.0,0.0,-0.865,10.79,0.0,147.84,0,0,0,0,0,0,12.143,14.157,-3.671,-4.986,19.5,2.1,-10.4,-3.9,0.0,0.0,30.2,27.0,0.0,0.0,71.584,10.471,80.3,0.0,13.021,0.0,1
2023-05-29,CA_QC,"Montreal, QC",18.943,6.9,33.2,1.9,1,0.0,0,1.9,5.0,30.1,52.9,0,0,0,7,Open-Meteo Historical Weather API,ERA5,2023,5,2,22,SPRING,16.986,14.0,0.0,1.957,-12.1,0.0,-0.864,0.0,0.0,57.19,0,0,0,0,0,0,14.471,12.143,-1.686,-3.671,6.4,19.5,-41.0,-10.4,0.0,0.0,23.1,30.2,0.0,0.0,10.79,71.584,29.9,0.0,14.928,0.0,1
2023-06-05,CA_QC,"Montreal, QC",15.2,7.1,25.5,15.6,4,0.0,0,15.6,56.0,22.8,43.6,0,0,0,7,Open-Meteo Historical Weather API,ERA5,2023,6,2,23,SUMMER,17.471,39.9,0.0,-2.271,-24.3,0.0,-0.609,35.428,0.0,355.68,0,0,0,0,0,0,18.943,14.471,1.957,-1.686,1.9,6.4,-12.1,-41.0,0.0,0.0,30.1,23.1,0.0,0.0,0.0,10.79,43.4,0.0,15.189,0.0,1
2023-06-12,CA_QC,"Montreal, QC",18.286,12.5,28.6,48.6,4,0.0,0,48.6,66.0,21.0,41.4,0,0,0,7,Open-Meteo Historical Weather API,ERA5,2023,6,2,24,SUMMER,18.4,37.4,0.0,-0.114,11.2,0.0,0.299,5.54,0.0,1020.6,0,0,0,0,0,0,15.2,18.943,-2.271,1.957,15.6,1.9,-24.3,-12.1,0.0,0.0,22.8,30.1,0.0,0.0,35.428,0.0,72.5,0.0,16.725,0.0,1
2023-06-19,CA_QC,"Montreal, QC",20.386,10.7,29.7,14.7,1,0.0,0,14.7,16.0,12.9,27.0,0,0,0,7,Open-Meteo Historical Weather API,ERA5,2023,6,2,25,SUMMER,19.529,56.9,0.0,0.857,-42.2,0.0,-0.742,0.0,0.0,189.63,0,0,0,0,0,0,18.286,15.2,-0.114,-2.271,48.6,15.6,11.2,-24.3,0.0,0.0,21.0,22.8,0.0,0.0,5.54,35.428,80.8,0.0,18.204,0.0,1
2023-06-26,CA_QC,"Montreal, QC",21.271,16.0,27.5,62.7,6,0.0,0,62.7,85.0,20.8,44.6,0,0,0,7,Open-Meteo Historical Weather API,ERA5,2023,6,2,26,SUMMER,20.271,15.9,0.0,1.0,46.8,0.0,2.943,0.0,0.0,1304.16,1,0,0,0,0,0,20.386,18.286,0.857,-0.114,14.7,48.6,-42.2,11.2,0.0,0.0,12.9,21.0,0.0,0.0,0.0,5.54,141.6,0.0,18.786,0.0,1
2023-07-03,CA_QC,"Montreal, QC",24.057,17.7,32.4,23.9,4,0.0,0,23.9,35.0,13.5,31.7,0,0,0,7,Open-Meteo Historical Weather API,ERA5,2023,7,3,27,SUMMER,19.072,13.85,0.0,4.985,10.05,0.0,0.726,0.0,0.0,322.65,0,0,0,0,0,0,21.271,20.386,1.0,0.857,62.7,14.7,46.8,-42.2,0.0,0.0,20.8,12.9,0.0,0.0,0.0,0.0,149.9,0.0,21.0,0.0,1
2023-07-10,CA_QC,"Montreal, QC",21.9,15.7,28.4,75.0,5,0.0,0,75.0,64.0,28.0,57.6,0,0,0,7,Open-Meteo Historical Weather API,ERA5,2023,7,3,28,SUMMER,21.9,17.05,0.0,0.0,57.95,0.0,3.399,-0.0,-0.0,2100.0,1,0,0,0,0,0,24.057,21.271,4.985,1.0,23.9,62.7,10.05,46.8,0.0,0.0,13.5,20.8,0.0,0.0,0.0,0.0,176.3,0.0,21.903,0.0,1
2023-07-17,CA_QC,"Montreal, QC",21.414,14.3,28.3,47.7,3,0.0,0,47.7,44.0,23.8,46.1,0,0,0,7,Open-Meteo Historical Weather API,ERA5,2023,7,3,29,SUMMER,22.472,41.1,0.0,-1.057,6.6,0.0,0.161,50.443,0.0,1135.26,0,0,0,0,0,0,21.9,24.057,0.0,4.985,75.0,23.9,57.95,10.05,0.0,0.0,28.0,13.5,0.0,0.0,-0.0,0.0,209.3,0.0,22.16,0.0,1
2023-07-24,CA_QC,"Montreal, QC",21.114,11.1,28.2,47.2,5,0.0,0,47.2,38.0,21.3,47.2,0,0,0,7,Open-Meteo Historical Weather API,ERA5,2023,7,3,30,SUMMER,19.557,22.25,0.0,1.557,24.95,0.0,1.121,0.0,0.0,1005.36,0,0,0,0,0,0,21.414,21.9,-1.057,0.0,47.7,75.0,6.6,57.95,0.0,0.0,23.8,28.0,0.0,0.0,50.443,-0.0,193.8,0.0,22.121,0.0,1
2023-07-31,CA_QC,"Montreal, QC",18.557,9.1,26.0,32.5,3,0.0,0,32.5,44.0,19.8,47.2,0,0,0,7,Open-Meteo Historical Weather API,ERA5,2023,7,3,31,SUMMER,22.186,10.75,0.0,-3.629,21.75,0.0,2.023,117.926,0.0,643.5,0,0,0,0,0,0,21.114,21.414,1.557,-1.057,47.2,47.7,24.95,6.6,0.0,0.0,21.3,23.8,0.0,0.0,0.0,50.443,202.4,0.0,20.746,0.0,1
2023-08-07,CA_QC,"Montreal, QC",19.943,12.9,26.7,97.4,6,0.0,0,97.4,67.0,24.2,50.4,0,0,0,7,Open-Meteo Historical Weather API,ERA5,2023,8,3,32,SUMMER,20.986,15.45,0.0,-1.043,81.95,0.0,5.304,101.54,0.0,2357.08,1,0,0,0,0,0,18.557,21.114,-3.629,1.557,32.5,47.2,21.75,24.95,0.0,0.0,19.8,21.3,0.0,0.0,117.926,0.0,224.8,0.0,20.257,0.0,1
2023-08-14,CA_QC,"Montreal, QC",19.857,14.4,25.9,37.1,4,0.0,0,37.1,47.0,22.9,52.6,0,0,0,7,Open-Meteo Historical Weather API,ERA5,2023,8,3,33,SUMMER,22.186,9.4,0.0,-2.329,27.7,0.0,2.947,86.387,0.0,849.59,0,0,0,0,0,0,19.943,18.557,-1.043,-3.629,97.4,32.5,81.95,21.75,0.0,0.0,24.2,19.8,0.0,0.0,101.54,117.926,214.2,0.0,19.868,0.0,1
2023-08-21,CA_QC,"Montreal, QC",18.314,9.9,24.9,20.5,3,0.0,0,20.5,40.0,19.1,33.8,0,0,0,7,Open-Meteo Historical Weather API,ERA5,2023,8,3,34,SUMMER,21.286,24.5,0.0,-2.972,-4.0,0.0,-0.163,60.926,0.0,391.55,0,0,0,0,0,0,19.857,19.943,-2.329,-1.043,37.1,97.4,27.7,81.95,0.0,0.0,22.9,24.2,0.0,0.0,86.387,101.54,187.5,0.0,19.168,0.0,1
2023-08-28,CA_QC,"Montreal, QC",18.214,9.3,27.4,24.9,2,0.0,0,24.9,25.0,22.2,42.1,0,0,0,7,Open-Meteo Historical Weather API,ERA5,2023,8,3,35,SUMMER,18.836,25.1,0.0,-0.622,-0.2,0.0,-0.008,15.475,0.0,552.78,0,0,0,0,0,0,18.314,19.857,-2.972,-2.329,20.5,37.1,-4.0,27.7,0.0,0.0,19.1,22.9,0.0,0.0,60.926,86.387,179.9,0.0,19.082,0.0,1
2023-09-04,CA_QC,"Montreal, QC",21.957,14.5,31.3,26.4,3,0.0,0,26.4,41.0,18.6,42.1,0,0,0,7,Open-Meteo Historical Weather API,ERA5,2023,9,3,36,FALL,17.9,10.8,0.0,4.057,15.6,0.0,1.444,0.0,0.0,491.04,0,0,0,0,0,0,18.214,18.314,-0.622,-2.972,24.9,20.5,-0.2,-4.0,0.0,0.0,22.2,19.1,0.0,0.0,15.475,60.926,108.9,0.0,19.586,0.0,1
2023-09-11,CA_QC,"Montreal, QC",16.429,7.2,22.8,17.2,2,0.0,0,17.2,28.0,23.5,41.0,0,0,0,7,Open-Meteo Historical Weather API,ERA5,2023,9,3,37,FALL,16.157,25.35,0.0,0.271,-8.15,0.0,-0.321,0.0,0.0,404.2,0,0,0,0,0,0,21.957,18.214,4.057,-0.622,26.4,24.9,15.6,-0.2,0.0,0.0,18.6,22.2,0.0,0.0,0.0,15.475,89.0,0.0,18.728,0.0,1
2023-09-18,CA_QC,"Montreal, QC",14.914,7.0,22.7,10.9,2,0.0,0,10.9,29.0,17.7,37.1,0,0,0,7,Open-Meteo Historical Weather API,ERA5,2023,9,3,38,FALL,15.172,38.8,0.0,-0.258,-27.9,0.0,-0.719,2.807,0.0,192.93,0,0,0,0,0,0,16.429,21.957,0.271,4.057,17.2,26.4,-8.15,15.6,0.0,0.0,23.5,18.6,0.0,0.0,0.0,0.0,79.4,0.0,17.878,0.0,1
2023-09-25,CA_QC,"Montreal, QC",13.457,4.1,23.6,0.0,0,0.0,0,0.0,0.0,23.2,45.4,0,0,0,7,Open-Meteo Historical Weather API,ERA5,2023,9,3,39,FALL,11.178,21.45,0.0,2.279,-21.45,0.0,-1.0,0.0,0.0,0.0,0,0,0,0,0,0,14.914,16.429,-0.258,0.271,10.9,17.2,-27.9,-8.15,0.0,0.0,17.7,23.5,0.0,0.0,2.807,0.0,54.5,0.0,16.689,0.0,1
2023-10-02,CA_QC,"Montreal, QC",17.271,6.4,27.8,66.2,3,0.0,0,66.2,48.0,29.3,56.5,0,0,0,7,Open-Meteo Historical Weather API,ERA5,2023,10,4,40,FALL,11.186,5.65,0.0,6.085,60.55,0.0,10.717,0.0,0.0,1939.66,1,0,0,0,0,0,13.457,14.914,2.279,-0.258,0.0,10.9,-21.45,-27.9,0.0,0.0,23.2,17.7,0.0,0.0,0.0,2.807,94.3,0.0,15.518,0.0,1
2023-10-09,CA_QC,"Montreal, QC",10.014,6.2,15.8,13.5,3,0.0,0,13.5,52.0,26.4,48.6,0,0,0,7,Open-Meteo Historical Weather API,ERA5,2023,10,4,41,FALL,12.928,32.25,0.0,-2.915,-18.75,0.0,-0.581,39.346,0.0,356.4,0,0,0,0,0,0,17.271,13.457,6.085,2.279,66.2,0.0,60.55,-21.45,0.0,0.0,29.3,23.2,0.0,0.0,0.0,0.0,90.6,0.0,13.914,0.0,1
2023-10-16,CA_QC,"Montreal, QC",11.457,6.4,17.8,42.0,2,0.0,0,42.0,56.0,28.6,52.2,0,0,0,7,Open-Meteo Historical Weather API,ERA5,2023,10,4,42,FALL,8.728,16.25,0.0,2.729,25.75,0.0,1.585,0.0,0.0,1201.2,0,0,0,0,0,0,10.014,17.271,-2.915,6.085,13.5,66.2,-18.75,60.55,0.0,0.0,26.4,29.3,0.0,0.0,39.346,0.0,121.7,0.0,13.05,0.0,1
2023-10-23,CA_QC,"Montreal, QC",11.6,1.5,19.0,23.0,4,0.0,0,23.0,41.0,26.6,52.6,0,1,0,7,Open-Meteo Historical Weather API,ERA5,2023,10,4,43,FALL,8.779,32.05,0.0,2.821,-9.05,0.0,-0.282,0.0,0.0,611.8,0,0,0,0,0,0,11.457,10.014,2.729,-2.915,42.0,13.5,25.75,-18.75,0.0,0.0,28.6,26.4,0.0,0.0,0.0,39.346,144.7,0.0,12.586,0.0,1
2023-10-30,CA_QC,"Montreal, QC",3.343,-3.1,12.0,7.5,2,5.18,1,14.9,25.0,22.9,44.3,0,5,1,7,Open-Meteo Historical Weather API,ERA5,2023,10,4,44,FALL,7.822,5.4,0.0,-4.478,2.1,5.18,0.389,33.589,23.199,171.75,0,0,0,0,0,0,11.6,11.457,2.821,2.729,23.0,42.0,-9.05,25.75,0.0,0.0,26.6,28.6,0.0,0.0,0.0,0.0,86.0,5.18,9.104,1.0,1
2023-11-06,CA_QC,"Montreal, QC",1.771,-4.7,10.4,13.5,2,4.41,1,19.8,37.0,27.3,64.1,0,6,1,7,Open-Meteo Historical Weather API,ERA5,2023,11,4,45,FALL,7.157,38.1,0.0,-5.386,-24.6,4.41,-0.646,72.711,23.752,368.55,0,0,0,0,0,0,3.343,11.6,-4.478,2.821,7.5,23.0,2.1,-9.05,5.18,0.0,22.9,26.6,1.0,0.0,33.589,0.0,86.0,9.59,7.043,2.0,1
2023-11-13,CA_QC,"Montreal, QC",2.843,-6.6,13.5,11.2,2,1.05,0,12.7,25.0,27.7,46.8,0,5,1,7,Open-Meteo Historical Weather API,ERA5,2023,11,4,46,FALL,-0.093,13.9,5.565,2.936,-2.7,-4.515,-0.194,0.0,0.0,310.24,0,0,0,0,0,0,1.771,3.343,-5.386,-4.478,13.5,7.5,-24.6,2.1,4.41,5.18,27.3,22.9,1.0,1.0,72.711,33.589,55.2,10.64,4.889,3.0,1
2023-11-20,CA_QC,"Montreal, QC",-1.243,-10.0,4.3,6.9,1,9.17,2,20.0,24.0,22.9,43.9,0,7,1,7,Open-Meteo Historical Weather API,ERA5,2023,11,4,47,FALL,-0.85,7.45,3.115,-0.393,-0.55,6.055,-0.074,2.712,3.604,158.01,0,0,1,0,0,0,2.843,1.771,2.936,-5.386,11.2,13.5,-2.7,-24.6,1.05,4.41,27.7,27.3,1.0,1.0,0.0,72.711,39.1,19.81,1.678,4.0,1
2023-11-27,CA_QC,"Montreal, QC",0.529,-6.6,7.0,22.9,4,9.59,2,36.6,61.0,26.7,49.3,0,6,3,7,Open-Meteo Historical Weather API,ERA5,2023,11,4,48,FALL,-1.422,14.35,1.47,1.95,8.55,8.12,0.596,0.0,0.0,611.43,0,0,0,0,1,0,-1.243,2.843,-0.393,2.936,6.9,11.2,-0.55,-2.7,9.17,1.05,22.9,27.7,1.0,1.0,2.712,0.0,54.5,24.22,0.975,6.0,1
2023-12-04,CA_QC,"Montreal, QC",-5.3,-12.9,4.6,13.0,1,13.37,1,32.1,44.0,22.2,46.1,0,7,1,7,Open-Meteo Historical Weather API,ERA5,2023,12,4,49,WINTER,-1.528,29.45,5.355,-3.771,-16.45,8.015,-0.559,49.03,50.425,288.6,0,0,1,0,0,0,0.529,-1.243,1.95,-0.393,22.9,6.9,8.55,-0.55,9.59,9.17,26.7,22.9,3.0,1.0,0.0,2.712,54.0,33.18,-0.793,6.0,1
2023-12-11,CA_QC,"Montreal, QC",0.386,-8.5,6.9,10.8,2,3.99,1,16.5,27.0,29.4,55.8,0,7,2,7,Open-Meteo Historical Weather API,ERA5,2023,12,4,50,WINTER,-1.243,2.2,8.68,1.629,8.6,-4.69,3.909,0.0,0.0,317.52,0,0,0,0,1,0,-5.3,0.529,-3.771,1.95,13.0,22.9,-16.45,8.55,13.37,9.59,22.2,26.7,1.0,3.0,49.03,0.0,53.6,36.12,-1.407,7.0,1
2023-12-18,CA_QC,"Montreal, QC",-2.7,-12.8,8.2,50.4,1,0.42,0,51.0,32.0,26.9,53.3,0,6,0,7,Open-Meteo Historical Weather API,ERA5,2023,12,4,51,WINTER,-5.943,7.8,6.685,3.243,42.6,-6.265,5.462,0.0,0.0,1355.76,1,0,1,0,0,0,0.386,-5.3,1.629,-3.771,10.8,13.0,8.6,-16.45,3.99,13.37,29.4,22.2,2.0,1.0,0.0,49.03,97.1,27.37,-1.771,6.0,1
2023-12-25,CA_QC,"Montreal, QC",0.814,-5.9,6.3,11.0,3,1.89,1,13.7,46.0,15.4,28.1,0,7,3,7,Open-Meteo Historical Weather API,ERA5,2023,12,4,52,WINTER,-2.757,10.5,5.46,3.571,0.5,-3.57,0.048,0.0,0.0,169.4,0,0,0,0,1,0,-2.7,0.386,3.243,1.629,50.4,10.8,42.6,8.6,0.42,3.99,26.9,29.4,0.0,2.0,0.0,0.0,85.2,19.67,-1.7,6.0,1
2024-01-01,CA_QC,"Montreal, QC",-5.329,-13.4,1.8,0.0,0,7.28,1,10.4,36.0,22.8,43.2,0,7,0,7,Open-Meteo Historical Weather API,ERA5,2024,1,1,1,WINTER,-5.607,4.7,6.195,0.278,-4.7,1.085,-1.0,0.0,0.0,0.0,0,0,1,0,0,0,0.814,-2.7,3.571,3.243,11.0,50.4,0.5,42.6,1.89,0.42,15.4,26.9,3.0,0.0,0.0,0.0,72.2,13.58,-1.707,5.0,1
2024-01-08,CA_QC,"Montreal, QC",-4.143,-14.1,3.7,21.0,2,19.46,5,48.8,57.0,31.4,69.8,0,7,2,7,Open-Meteo Historical Weather API,ERA5,2024,1,1,2,WINTER,-11.722,0.85,12.46,7.579,20.15,7.0,20.15,0.0,0.0,659.4,0,1,1,0,1,0,-5.329,0.814,0.278,3.571,0.0,11.0,-4.7,0.5,7.28,1.89,22.8,15.4,0.0,3.0,0.0,0.0,82.4,29.05,-2.84,5.0,1
2024-01-15,CA_QC,"Montreal, QC",-11.1,-19.2,-4.9,0.0,0,2.45,1,3.5,15.0,22.6,42.1,0,7,0,7,Open-Meteo Historical Weather API,ERA5,2024,1,1,3,WINTER,-10.093,0.3,12.81,-1.007,-0.3,-10.36,-0.3,0.0,2.467,0.0,0,0,1,1,0,0,-4.143,-5.329,7.579,0.278,21.0,0.0,20.15,-4.7,19.46,7.28,31.4,22.8,2.0,0.0,0.0,0.0,32.0,31.08,-4.94,5.0,1
2024-01-22,CA_QC,"Montreal, QC",-2.843,-13.4,1.3,9.5,3,9.66,2,23.3,40.0,26.4,49.0,0,7,3,7,Open-Meteo Historical Weather API,ERA5,2024,1,1,4,WINTER,-11.257,0.1,10.325,8.414,9.4,-0.665,9.4,0.0,0.0,250.8,0,0,1,0,1,0,-11.1,-4.143,-1.007,7.579,0.0,21.0,-0.3,20.15,2.45,19.46,22.6,31.4,0.0,2.0,0.0,0.0,30.5,38.85,-5.854,5.0,1
2024-01-29,CA_QC,"Montreal, QC",-3.8,-10.7,1.6,3.3,1,0.56,0,4.1,19.0,18.6,36.0,0,7,1,7,Open-Meteo Historical Weather API,ERA5,2024,1,1,5,WINTER,-12.779,2.5,7.945,8.978,0.8,-7.385,0.32,0.0,0.0,61.38,0,0,1,0,0,0,-2.843,-11.1,8.414,-1.007,9.5,0.0,9.4,-0.3,9.66,2.45,26.4,22.6,3.0,0.0,0.0,0.0,33.8,32.13,-5.472,6.0,1
2024-02-05,CA_QC,"Montreal, QC",-0.7,-11.0,8.2,3.4,2,0.21,0,3.7,16.0,22.3,40.7,0,6,1,7,Open-Meteo Historical Weather API,ERA5,2024,2,1,6,WINTER,-3.672,9.05,5.145,2.972,-5.65,-4.935,-0.624,0.0,0.0,75.82,0,0,1,0,0,0,-3.8,-2.843,8.978,8.414,3.3,9.5,0.8,9.4,0.56,9.66,18.6,26.4,1.0,3.0,0.0,0.0,16.2,12.88,-4.611,5.0,1
2024-02-12,CA_QC,"Montreal, QC",-6.143,-18.4,1.7,0.1,0,6.65,2,9.6,43.0,29.1,57.6,0,7,0,7,Open-Meteo Historical Weather API,ERA5,2024,2,1,7,WINTER,-5.486,14.05,12.25,-0.657,-13.95,-5.6,-0.993,0.066,4.372,2.91,0,0,1,0,0,0,-0.7,-3.8,2.972,8.978,3.4,3.3,-5.65,0.8,0.21,0.56,22.3,18.6,1.0,1.0,0.0,0.0,16.3,17.08,-3.372,5.0,1
2024-02-19,CA_QC,"Montreal, QC",-6.586,-18.5,5.8,1.6,1,0.7,0,2.6,12.0,22.4,41.0,0,7,1,7,Open-Meteo Historical Weather API,ERA5,2024,2,1,8,WINTER,-9.422,9.0,9.17,2.835,-7.4,-8.47,-0.822,0.0,0.0,35.84,0,0,1,0,0,0,-6.143,-0.7,-0.657,2.972,0.1,3.4,-13.95,-5.65,6.65,0.21,29.1,22.3,0.0,1.0,0.066,0.0,8.4,8.12,-4.307,3.0,1
2024-02-26,CA_QC,"Montreal, QC",-0.157,-15.4,13.5,11.4,2,1.05,0,12.9,31.0,45.2,88.9,1,6,1,7,Open-Meteo Historical Weather API,ERA5,2024,2,1,9,WINTER,-6.722,2.9,13.475,6.565,8.5,-12.425,2.931,0.0,0.0,515.28,0,0,1,0,0,0,-6.586,-6.143,2.835,-0.657,1.6,0.1,-7.4,-13.95,0.7,6.65,22.4,29.1,1.0,0.0,0.0,0.066,16.5,8.61,-3.396,3.0,1
2024-03-04,CA_QC,"Montreal, QC",3.643,-3.7,12.3,19.8,3,16.94,2,44.0,60.0,28.9,55.8,0,6,3,7,Open-Meteo Historical Weather API,ERA5,2024,3,1,10,SPRING,-2.628,1.05,7.0,6.272,18.75,9.94,17.857,0.0,0.0,572.22,0,1,0,0,1,0,-0.157,-6.586,6.565,2.835,11.4,1.6,8.5,-7.4,1.05,0.7,45.2,22.4,1.0,1.0,0.0,0.0,32.9,25.34,-2.311,5.0,1
2024-03-11,CA_QC,"Montreal, QC",3.171,-4.1,11.9,16.8,3,0.77,0,17.9,45.0,33.3,68.4,0,5,2,7,Open-Meteo Historical Weather API,ERA5,2024,3,1,11,SPRING,1.614,19.75,1.715,1.557,-2.95,-0.945,-0.149,0.0,0.0,559.44,0,0,0,0,1,0,3.643,-0.157,6.272,6.565,19.8,11.4,18.75,8.5,16.94,1.05,28.9,45.2,3.0,1.0,0.0,0.0,49.6,19.46,0.018,7.0,1
2024-03-18,CA_QC,"Montreal, QC",-3.143,-11.8,3.6,2.9,2,6.65,2,12.3,45.0,33.6,64.4,0,7,2,7,Open-Meteo Historical Weather API,ERA5,2024,3,1,12,SPRING,1.293,20.25,2.765,-4.436,-17.35,3.885,-0.857,12.864,29.499,97.44,0,0,1,0,1,0,3.171,3.643,1.557,6.272,16.8,19.8,-2.95,18.75,0.77,16.94,33.3,28.9,2.0,3.0,0.0,0.0,50.9,25.41,0.879,8.0,1
2024-03-25,CA_QC,"Montreal, QC",4.514,-7.8,12.5,3.2,1,0.0,0,3.2,7.0,28.9,55.8,0,4,0,7,Open-Meteo Historical Weather API,ERA5,2024,3,1,13,SPRING,0.107,14.9,3.675,4.407,-11.7,-3.675,-0.785,0.0,0.0,92.48,0,0,0,0,0,0,-3.143,3.171,-4.436,1.557,2.9,16.8,-17.35,-2.95,6.65,0.77,33.6,33.3,2.0,2.0,12.864,0.0,42.7,24.36,2.046,7.0,1
2024-04-01,CA_QC,"Montreal, QC",3.443,-5.4,13.6,6.2,3,19.32,3,33.8,55.0,32.8,60.5,0,6,2,7,Open-Meteo Historical Weather API,ERA5,2024,4,2,14,SPRING,3.843,37.6,3.85,-0.4,-31.4,15.47,-0.835,2.477,7.718,203.36,0,1,0,0,1,0,4.514,-3.143,4.407,-4.436,3.2,2.9,-11.7,-17.35,0.0,6.65,28.9,33.6,0.0,2.0,0.0,12.864,29.1,26.74,1.996,6.0,1
2024-04-08,CA_QC,"Montreal, QC",9.571,-0.7,20.2,67.8,5,0.0,0,67.8,68.0,35.8,72.0,0,0,0,7,Open-Meteo Historical Weather API,ERA5,2024,4,2,15,SPRING,10.557,19.35,0.0,-0.986,48.45,0.0,2.504,66.851,0.0,2427.24,1,0,0,0,0,0,3.443,4.514,-0.4,4.407,6.2,3.2,-31.4,-11.7,19.32,0.0,32.8,28.9,2.0,0.0,2.477,0.0,80.1,25.97,3.596,4.0,1
2024-04-15,CA_QC,"Montreal, QC",7.514,-0.5,13.9,11.9,3,0.0,0,11.9,31.0,26.2,54.4,0,0,0,7,Open-Meteo Historical Weather API,ERA5,2024,4,2,16,SPRING,6.814,33.45,6.615,0.7,-21.55,-6.615,-0.644,0.0,0.0,311.78,0,0,0,0,0,0,9.571,3.443,-0.986,-0.4,67.8,6.2,48.45,-31.4,0.0,19.32,35.8,32.8,0.0,2.0,66.851,2.477,89.1,19.32,6.26,2.0,1
2024-04-22,CA_QC,"Montreal, QC",7.629,-5.2,19.8,15.1,2,0.0,0,15.1,26.0,25.5,49.7,0,2,0,7,Open-Meteo Historical Weather API,ERA5,2024,4,2,17,SPRING,8.693,19.9,0.0,-1.064,-4.8,0.0,-0.241,16.066,0.0,385.05,0,0,0,0,0,0,7.514,9.571,0.7,-0.986,11.9,67.8,-21.55,48.45,0.0,0.0,26.2,35.8,0.0,0.0,0.0,66.851,101.0,19.32,7.039,2.0,1
2024-04-29,CA_QC,"Montreal, QC",11.129,5.0,20.3,35.7,3,0.0,0,35.7,46.0,22.1,43.2,0,0,0,7,Open-Meteo Historical Weather API,ERA5,2024,4,2,18,SPRING,11.072,32.9,0.0,0.057,2.8,0.0,0.085,0.0,0.0,788.97,0,0,0,0,0,0,7.629,7.514,-1.064,0.7,15.1,11.9,-4.8,-21.55,0.0,0.0,25.5,26.2,0.0,0.0,16.066,0.0,130.5,0.0,8.961,0.0,1
2024-05-06,CA_QC,"Montreal, QC",12.7,5.4,22.3,13.3,3,0.0,0,13.3,37.0,22.1,42.5,0,0,0,7,Open-Meteo Historical Weather API,ERA5,2024,5,2,19,SPRING,16.65,4.05,0.0,-3.95,9.25,0.0,2.284,52.535,0.0,293.93,0,0,0,0,0,0,11.129,7.629,0.057,-1.064,35.7,15.1,2.8,-4.8,0.0,0.0,22.1,25.5,0.0,0.0,0.0,16.066,76.0,0.0,9.743,0.0,1
2024-05-13,CA_QC,"Montreal, QC",17.471,9.1,25.2,17.0,4,0.0,0,17.0,41.0,18.4,44.6,0,0,0,7,Open-Meteo Historical Weather API,ERA5,2024,5,2,20,SPRING,13.978,24.7,0.0,3.492,-7.7,0.0,-0.312,0.0,0.0,312.8,0,0,0,0,0,0,12.7,11.129,-3.95,0.057,13.3,35.7,9.25,2.8,0.0,0.0,22.1,22.1,0.0,0.0,52.535,0.0,81.1,0.0,12.232,0.0,1
2024-05-20,CA_QC,"Montreal, QC",19.757,7.3,30.6,13.0,4,0.0,0,13.0,22.0,29.0,54.4,0,0,0,7,Open-Meteo Historical Weather API,ERA5,2024,5,2,21,SPRING,15.314,26.9,0.0,4.443,-13.9,0.0,-0.517,0.0,0.0,377.0,0,0,0,0,0,0,17.471,12.7,3.492,-3.95,17.0,13.3,-7.7,9.25,0.0,0.0,18.4,22.1,0.0,0.0,0.0,52.535,79.0,0.0,15.264,0.0,1
2024-05-27,CA_QC,"Montreal, QC",17.486,8.0,27.0,28.4,2,0.0,0,28.4,27.0,39.5,73.1,0,0,0,7,Open-Meteo Historical Weather API,ERA5,2024,5,2,22,SPRING,17.964,7.95,0.0,-0.479,20.45,0.0,2.572,13.589,0.0,1121.8,0,0,0,0,0,0,19.757,17.471,4.443,3.492,13.0,17.0,-13.9,-7.7,0.0,0.0,29.0,18.4,0.0,0.0,0.0,0.0,71.7,0.0,16.854,0.0,1
2024-06-03,CA_QC,"Montreal, QC",20.129,12.8,29.9,40.3,5,0.0,0,40.3,35.0,26.4,50.8,0,0,0,7,Open-Meteo Historical Weather API,ERA5,2024,6,2,23,SUMMER,16.336,27.75,0.0,3.794,12.55,0.0,0.452,0.0,0.0,1063.92,0,0,0,0,0,0,17.486,19.757,-0.479,4.443,28.4,13.0,20.45,-13.9,0.0,0.0,39.5,29.0,0.0,0.0,13.589,0.0,98.7,0.0,18.711,0.0,1
2024-06-10,CA_QC,"Montreal, QC",16.743,7.3,26.5,6.3,3,0.0,0,6.3,29.0,22.0,45.0,0,0,0,7,Open-Meteo Historical Weather API,ERA5,2024,6,2,24,SUMMER,18.343,43.0,0.0,-1.6,-36.7,0.0,-0.853,10.08,0.0,138.6,0,0,0,0,0,0,20.129,17.486,3.794,-0.479,40.3,28.4,12.55,20.45,0.0,0.0,26.4,39.5,0.0,0.0,0.0,13.589,88.0,0.0,18.529,0.0,1
2024-06-17,CA_QC,"Montreal, QC",23.686,15.4,32.8,67.7,4,0.0,0,67.7,38.0,27.2,58.0,0,0,0,7,Open-Meteo Historical Weather API,ERA5,2024,6,2,25,SUMMER,19.958,35.8,0.0,3.729,31.9,0.0,0.891,0.0,0.0,1841.44,1,0,0,0,0,0,16.743,20.129,-1.6,3.794,6.3,40.3,-36.7,12.55,0.0,0.0,22.0,26.4,0.0,0.0,10.08,0.0,142.7,0.0,19.511,0.0,1
2024-06-24,CA_QC,"Montreal, QC",19.714,8.2,27.7,48.1,6,0.0,0,48.1,72.0,30.0,59.0,0,0,0,7,Open-Meteo Historical Weather API,ERA5,2024,6,2,26,SUMMER,20.771,39.3,0.0,-1.057,8.8,0.0,0.224,50.842,0.0,1443.0,0,0,0,0,0,0,23.686,16.743,3.729,-1.6,67.7,6.3,31.9,-36.7,0.0,0.0,27.2,22.0,0.0,0.0,0.0,10.08,162.4,0.0,20.068,0.0,1
2024-07-01,CA_QC,"Montreal, QC",22.7,12.8,29.2,26.4,3,0.0,0,26.4,33.0,25.9,51.1,0,0,0,7,Open-Meteo Historical Weather API,ERA5,2024,7,3,27,SUMMER,20.733,17.2,0.0,1.967,9.2,0.0,0.535,0.0,0.0,683.76,0,0,0,0,0,0,19.714,23.686,-1.057,3.729,48.1,67.7,8.8,31.9,0.0,0.0,30.0,27.2,0.0,0.0,50.842,0.0,148.5,0.0,20.711,0.0,1
2024-07-08,CA_QC,"Montreal, QC",22.971,18.7,29.1,52.6,4,0.0,0,52.6,42.0,22.6,42.8,0,0,0,7,Open-Meteo Historical Weather API,ERA5,2024,7,3,28,SUMMER,21.9,36.367,0.0,1.071,16.233,0.0,0.446,0.0,0.0,1188.76,1,0,0,0,0,0,22.7,19.714,1.967,-1.057,26.4,48.1,9.2,8.8,0.0,0.0,25.9,30.0,0.0,0.0,0.0,50.842,194.8,0.0,22.268,0.0,1
2024-07-15,CA_QC,"Montreal, QC",21.857,13.8,29.8,16.4,1,0.0,0,16.4,23.0,24.6,46.8,0,0,0,7,Open-Meteo Historical Weather API,ERA5,2024,7,3,29,SUMMER,22.119,43.3,0.0,-0.262,-26.9,0.0,-0.621,4.297,0.0,403.44,0,0,0,0,0,0,22.971,22.7,1.071,1.967,52.6,26.4,16.233,9.2,0.0,0.0,22.6,25.9,0.0,0.0,0.0,0.0,143.5,0.0,21.81,0.0,1
2024-07-22,CA_QC,"Montreal, QC",21.186,11.7,28.4,20.1,2,0.0,0,20.1,29.0,27.5,54.4,0,0,0,7,Open-Meteo Historical Weather API,ERA5,2024,7,3,30,SUMMER,20.076,30.567,0.0,1.11,-10.467,0.0,-0.342,0.0,0.0,552.75,0,0,0,0,0,0,21.857,22.971,-0.262,1.071,16.4,52.6,-26.9,16.233,0.0,0.0,24.6,22.6,0.0,0.0,4.297,0.0,115.5,0.0,22.178,0.0,1
2024-07-29,CA_QC,"Montreal, QC",24.671,16.8,30.9,44.5,3,0.0,0,44.5,49.0,16.7,37.4,0,0,0,7,Open-Meteo Historical Weather API,ERA5,2024,7,3,31,SUMMER,20.976,18.0,0.0,3.695,26.5,0.0,1.472,0.0,0.0,743.15,0,0,0,0,0,0,21.186,21.857,1.11,-0.262,20.1,16.4,-10.467,-26.9,0.0,0.0,27.5,24.6,0.0,0.0,0.0,4.297,133.6,0.0,22.671,0.0,1
2024-08-05,CA_QC,"Montreal, QC",19.057,10.9,25.3,125.7,3,0.0,0,125.7,43.0,24.1,47.9,0,0,0,7,Open-Meteo Historical Weather API,ERA5,2024,8,3,32,SUMMER,20.638,42.767,0.0,-1.581,82.933,0.0,1.939,198.732,0.0,3029.37,1,0,0,0,0,0,24.671,21.186,3.695,1.11,44.5,20.1,26.5,-10.467,0.0,0.0,16.7,27.5,0.0,0.0,0.0,0.0,206.7,0.0,21.693,0.0,1
2024-08-12,CA_QC,"Montreal, QC",21.429,14.1,28.7,8.0,3,0.0,0,8.0,29.0,23.2,42.5,0,0,0,7,Open-Meteo Historical Weather API,ERA5,2024,8,3,33,SUMMER,21.409,18.633,0.0,0.02,-10.633,0.0,-0.571,0.0,0.0,185.6,0,0,0,0,0,0,19.057,24.671,-1.581,3.695,125.7,44.5,82.933,26.5,0.0,0.0,24.1,16.7,0.0,0.0,198.732,0.0,198.3,0.0,21.586,0.0,1
2024-08-19,CA_QC,"Montreal, QC",17.3,12.3,25.5,59.1,5,0.0,0,59.1,87.0,24.3,41.8,0,0,0,7,Open-Meteo Historical Weather API,ERA5,2024,8,3,34,SUMMER,20.295,23.167,0.0,-2.995,35.933,0.0,1.551,177.024,0.0,1436.13,1,0,0,0,0,0,21.429,19.057,0.02,-1.581,8.0,125.7,-10.633,82.933,0.0,0.0,23.2,24.1,0.0,0.0,0.0,198.732,237.3,0.0,20.614,0.0,1
2024-08-26,CA_QC,"Montreal, QC",19.171,8.9,27.8,26.7,3,0.0,0,26.7,28.0,26.6,53.6,0,0,0,7,Open-Meteo Historical Weather API,ERA5,2024,8,3,35,SUMMER,18.628,25.033,0.0,0.543,1.667,0.0,0.067,0.0,0.0,710.22,0,0,0,0,0,0,17.3,21.429,-2.995,0.02,59.1,8.0,35.933,-10.633,0.0,0.0,24.3,23.2,0.0,0.0,177.024,0.0,219.5,0.0,19.239,0.0,1
2024-09-02,CA_QC,"Montreal, QC",15.943,7.0,25.6,18.0,1,0.0,0,18.0,17.0,30.9,57.2,0,0,0,7,Open-Meteo Historical Weather API,ERA5,2024,9,3,36,FALL,19.252,16.0,0.0,-3.309,2.0,0.0,0.125,59.568,0.0,556.2,0,0,0,0,0,0,19.171,17.3,0.543,-2.995,26.7,59.1,1.667,35.933,0.0,0.0,26.6,24.3,0.0,0.0,0.0,177.024,111.8,0.0,18.461,0.0,1
2024-09-09,CA_QC,"Montreal, QC",17.0,6.2,27.9,1.1,1,0.0,0,1.1,5.0,26.7,43.6,0,0,0,7,Open-Meteo Historical Weather API,ERA5,2024,9,3,37,FALL,16.248,22.633,0.0,0.752,-21.533,0.0,-0.951,0.0,0.0,29.37,0,0,0,0,0,0,15.943,19.171,-3.309,0.543,18.0,26.7,2.0,1.667,0.0,0.0,30.9,26.6,0.0,0.0,59.568,0.0,104.9,0.0,17.353,0.0,1
2024-09-16,CA_QC,"Montreal, QC",18.929,12.1,28.2,0.5,0,0.0,0,0.5,4.0,15.9,32.0,0,0,0,7,Open-Meteo Historical Weather API,ERA5,2024,9,3,38,FALL,15.086,29.5,0.0,3.843,-29.0,0.0,-0.983,0.0,0.0,7.95,0,0,0,0,0,0,17.0,15.943,0.752,-3.309,1.1,18.0,-21.533,2.0,0.0,0.0,26.7,30.9,0.0,0.0,0.0,59.568,46.3,0.0,17.761,0.0,1
2024-09-23,CA_QC,"Montreal, QC",15.4,9.7,21.7,25.7,3,0.0,0,25.7,43.0,23.2,44.3,0,0,0,7,Open-Meteo Historical Weather API,ERA5,2024,9,3,39,FALL,11.938,14.3,0.0,3.462,11.4,0.0,0.797,0.0,0.0,596.24,0,0,0,0,0,0,18.929,17.0,3.843,0.752,0.5,1.1,-29.0,-21.533,0.0,0.0,15.9,26.7,0.0,0.0,0.0,0.0,45.3,0.0,16.818,0.0,1
2024-09-30,CA_QC,"Montreal, QC",14.357,6.1,22.2,8.5,4,0.0,0,8.5,21.0,18.2,45.4,0,0,0,7,Open-Meteo Historical Weather API,ERA5,2024,9,3,40,FALL,13.214,25.833,0.0,1.143,-17.333,0.0,-0.671,0.0,0.0,154.7,0,0,0,0,0,0,15.4,18.929,3.462,3.843,25.7,0.5,11.4,-29.0,0.0,0.0,23.2,15.9,0.0,0.0,0.0,0.0,35.8,0.0,16.422,0.0,1
2024-10-07,CA_QC,"Montreal, QC",9.529,1.3,16.1,6.9,3,0.0,0,6.9,28.0,33.7,61.6,0,0,0,7,Open-Meteo Historical Weather API,ERA5,2024,10,4,41,FALL,11.957,26.0,0.0,-2.428,-19.1,0.0,-0.735,16.753,0.0,232.53,0,0,0,0,0,0,14.357,15.4,1.143,3.462,8.5,25.7,-17.333,11.4,0.0,0.0,18.2,23.2,0.0,0.0,0.0,0.0,41.6,0.0,14.554,0.0,1
2024-10-14,CA_QC,"Montreal, QC",7.814,-1.1,20.3,16.9,2,0.0,0,16.9,37.0,27.0,50.4,0,0,0,7,Open-Meteo Historical Weather API,ERA5,2024,10,4,42,FALL,9.638,24.833,0.0,-1.824,-7.933,0.0,-0.319,30.826,0.0,456.3,0,0,0,0,0,0,9.529,14.357,-2.428,1.143,6.9,8.5,-19.1,-17.333,0.0,0.0,33.7,18.2,0.0,0.0,16.753,0.0,58.0,0.0,11.775,0.0,1
2024-10-21,CA_QC,"Montreal, QC",10.629,-1.3,23.4,1.3,1,0.0,0,1.3,5.0,27.2,58.0,0,1,0,7,Open-Meteo Historical Weather API,ERA5,2024,10,4,43,FALL,9.719,29.033,0.0,0.91,-27.733,0.0,-0.955,0.0,0.0,35.36,0,0,0,0,0,0,7.814,9.529,-1.824,-2.428,16.9,6.9,-7.933,-19.1,0.0,0.0,27.0,33.7,0.0,0.0,30.826,16.753,33.6,0.0,10.582,0.0,1
2024-10-28,CA_QC,"Montreal, QC",8.3,-6.2,24.6,24.6,4,0.0,0,24.6,23.0,34.5,66.2,0,3,0,7,Open-Meteo Historical Weather API,ERA5,2024,10,4,44,FALL,6.329,6.1,1.727,1.971,18.5,-1.727,3.033,0.0,0.0,848.7,0,0,0,0,0,0,10.629,7.814,0.91,-1.824,1.3,16.9,-27.733,-7.933,0.0,0.0,27.2,27.0,0.0,0.0,0.0,30.826,49.7,0.0,9.068,0.0,1
2024-11-04,CA_QC,"Montreal, QC",8.329,-1.8,20.6,11.4,3,0.0,0,11.4,25.0,29.9,59.0,0,3,1,7,Open-Meteo Historical Weather API,ERA5,2024,11,4,45,FALL,5.362,29.9,1.47,2.967,-18.5,-1.47,-0.619,0.0,0.0,340.86,0,0,0,0,0,0,8.3,10.629,1.971,0.91,24.6,1.3,18.5,-27.733,0.0,0.0,34.5,27.2,0.0,0.0,0.0,0.0,54.2,0.0,8.768,1.0,1
2024-11-11,CA_QC,"Montreal, QC",3.3,-4.6,12.7,16.4,2,0.0,0,16.4,27.0,26.9,51.8,0,5,1,7,Open-Meteo Historical Weather API,ERA5,2024,11,4,46,FALL,0.886,13.0,4.06,2.414,3.4,-4.06,0.262,0.0,0.0,441.16,0,0,0,0,0,0,8.329,8.3,2.967,1.971,11.4,24.6,-18.5,18.5,0.0,0.0,29.9,34.5,1.0,0.0,0.0,0.0,53.7,0.0,7.64,2.0,1
2024-11-18,CA_QC,"Montreal, QC",5.214,0.1,10.1,19.7,4,0.0,0,19.7,47.0,31.8,54.7,0,3,1,7,Open-Meteo Historical Weather API,ERA5,2024,11,4,47,FALL,-0.981,7.267,5.133,6.195,12.433,-5.133,1.711,0.0,0.0,626.46,0,0,0,0,0,0,3.3,8.329,2.414,2.967,16.4,11.4,3.4,-18.5,0.0,0.0,26.9,29.9,1.0,1.0,0.0,0.0,72.1,0.0,6.286,3.0,1
2024-11-25,CA_QC,"Montreal, QC",0.971,-2.5,4.9,15.4,2,3.43,2,20.3,52.0,28.6,55.4,0,7,2,7,Open-Meteo Historical Weather API,ERA5,2024,11,4,48,FALL,-0.771,17.2,4.177,1.742,-1.8,-0.747,-0.105,0.0,0.0,440.44,0,0,0,0,1,0,5.214,3.3,6.195,2.414,19.7,16.4,12.433,3.4,0.0,0.0,31.8,26.9,1.0,1.0,0.0,0.0,62.9,3.43,4.454,5.0,1
2024-12-02,CA_QC,"Montreal, QC",-3.786,-12.1,0.8,0.6,0,12.32,3,18.2,49.0,27.0,49.7,0,7,0,7,Open-Meteo Historical Weather API,ERA5,2024,12,4,49,WINTER,-2.786,23.967,8.027,-1.0,-23.367,4.293,-0.975,0.6,12.324,16.2,0,0,1,0,0,0,0.971,5.214,1.742,6.195,15.4,19.7,-1.8,12.433,3.43,0.0,28.6,31.8,2.0,1.0,0.0,0.0,52.1,15.75,1.425,4.0,1
2024-12-09,CA_QC,"Montreal, QC",-4.571,-15.9,3.3,30.1,3,7.42,3,40.7,53.0,32.8,60.1,0,7,3,7,Open-Meteo Historical Weather API,ERA5,2024,12,4,50,WINTER,-0.7,5.067,7.117,-3.871,25.033,0.303,4.941,116.517,28.723,987.28,0,0,1,0,1,0,-3.786,0.971,-1.0,1.742,0.6,15.4,-23.367,-1.8,12.32,3.43,27.0,28.6,0.0,2.0,0.6,0.0,65.8,23.17,-0.543,6.0,1
2024-12-16,CA_QC,"Montreal, QC",-4.543,-16.6,7.3,10.2,2,2.45,1,13.7,33.0,30.5,64.1,0,6,1,7,Open-Meteo Historical Weather API,ERA5,2024,12,4,51,WINTER,-4.862,22.0,4.597,0.319,-11.8,-2.147,-0.536,0.0,0.0,311.1,0,0,1,0,0,0,-4.571,-3.786,-3.871,-1.0,30.1,0.6,25.033,-23.367,7.42,12.32,32.8,27.0,3.0,0.0,116.517,0.6,56.3,25.62,-2.982,6.0,1
2024-12-23,CA_QC,"Montreal, QC",-10.114,-18.2,4.1,6.3,1,6.86,2,16.1,25.0,13.7,25.6,0,7,1,7,Open-Meteo Historical Weather API,ERA5,2024,12,4,52,WINTER,-1.567,10.667,4.27,-8.547,-4.367,2.59,-0.409,53.848,58.635,86.31,0,0,1,1,0,0,-4.543,-4.571,0.319,-3.871,10.2,30.1,-11.8,25.033,2.45,7.42,30.5,32.8,1.0,3.0,0.0,116.517,47.2,29.05,-5.754,5.0,1
2024-12-30,CA_QC,"Montreal, QC",-2.686,-14.3,8.8,8.6,2,6.86,2,18.4,71.0,37.6,66.6,0,6,1,7,Open-Meteo Historical Weather API,ERA5,2024,12,4,1,WINTER,-5.514,3.133,6.557,2.828,5.467,0.303,1.745,0.0,0.0,323.36,0,0,1,0,0,0,-10.114,-4.543,-8.547,0.319,6.3,10.2,-4.367,-11.8,6.86,2.45,13.7,30.5,1.0,1.0,53.848,0.0,55.2,23.59,-5.478,6.0,1
2025-01-06,CA_QC,"Montreal, QC",-10.014,-15.1,-5.6,0.0,0,9.03,4,12.9,75.0,27.2,49.7,0,7,0,7,Open-Meteo Historical Weather API,ERA5,2025,1,1,2,WINTER,-9.195,7.567,14.793,-0.819,-7.567,-5.763,-1.0,0.0,7.393,0.0,0,0,1,1,0,0,-2.686,-10.114,2.828,-8.547,8.6,6.3,5.467,-4.367,6.86,6.86,37.6,13.7,1.0,1.0,0.0,53.848,25.1,25.2,-6.839,3.0,1
2025-01-13,CA_QC,"Montreal, QC",-5.886,-14.6,2.0,1.6,1,4.41,2,7.9,40.0,27.6,52.6,0,7,1,7,Open-Meteo Historical Weather API,ERA5,2025,1,1,3,WINTER,-10.429,0.2,9.357,4.543,1.4,-4.947,1.4,0.0,0.0,44.16,0,0,1,0,0,0,-10.014,-2.686,-0.819,2.828,0.0,8.6,-7.567,5.467,9.03,6.86,27.2,37.6,0.0,1.0,0.0,0.0,16.5,27.16,-7.175,3.0,1
2025-01-20,CA_QC,"Montreal, QC",-12.886,-23.3,-1.4,0.0,0,2.66,1,3.8,28.0,31.4,64.8,0,7,0,7,Open-Meteo Historical Weather API,ERA5,2025,1,1,4,WINTER,-8.452,3.233,10.103,-4.434,-3.233,-7.443,-1.0,0.0,11.794,0.0,0,0,1,1,0,0,-5.886,-10.014,4.543,-0.819,1.6,0.0,1.4,-7.567,4.41,9.03,27.6,27.2,1.0,0.0,0.0,0.0,10.2,22.96,-7.868,2.0,1
2025-01-27,CA_QC,"Montreal, QC",-12.043,-23.9,1.1,0.1,0,6.44,2,9.3,39.0,37.2,68.8,0,7,0,7,Open-Meteo Historical Weather API,ERA5,2025,1,1,5,WINTER,-9.786,2.767,5.483,-2.257,-2.667,0.957,-0.964,0.226,14.537,3.72,0,0,1,1,0,0,-12.886,-5.886,-4.434,4.543,0.0,1.6,-3.233,1.4,2.66,4.41,31.4,27.6,0.0,1.0,0.0,0.0,1.7,22.54,-10.207,1.0,1
2025-02-03,CA_QC,"Montreal, QC",-9.014,-20.9,-1.0,0.3,0,10.5,3,15.3,52.0,36.5,63.4,0,7,0,7,Open-Meteo Historical Weather API,ERA5,2025,2,1,6,WINTER,-2.681,7.167,3.5,-6.333,-6.867,7.0,-0.958,1.9,66.496,10.95,0,0,1,0,0,0,-12.043,-12.886,-2.257,-4.434,0.1,0.0,-2.667,-3.233,6.44,2.66,37.2,31.4,0.0,0.0,0.226,0.0,2.0,24.01,-9.957,1.0,1
2025-02-10,CA_QC,"Montreal, QC",-10.671,-19.7,-2.0,0.5,0,33.95,3,49.0,55.0,35.9,66.6,0,7,0,7,Open-Meteo Historical Weather API,ERA5,2025,2,1,7,WINTER,-5.705,9.4,10.383,-4.966,-8.9,23.567,-0.947,2.483,168.607,17.95,0,1,1,1,0,0,-9.014,-12.043,-6.333,-2.257,0.3,0.1,-6.867,-2.667,10.5,6.44,36.5,37.2,0.0,0.0,1.9,0.226,0.9,53.55,-11.154,0.0,1
2025-02-17,CA_QC,"Montreal, QC",-10.514,-17.8,-1.1,0.0,0,2.66,1,3.8,19.0,38.5,68.0,0,7,0,7,Open-Meteo Historical Weather API,ERA5,2025,2,1,8,WINTER,-8.476,6.533,6.347,-2.038,-6.533,-3.687,-1.0,0.0,5.42,0.0,0,0,1,1,0,0,-10.671,-9.014,-4.966,-6.333,0.5,0.3,-8.9,-6.867,33.95,10.5,35.9,36.5,0.0,0.0,2.483,1.9,0.9,53.55,-10.561,0.0,1
2025-02-24,CA_QC,"Montreal, QC",-3.957,-19.3,5.6,8.8,3,5.6,2,16.8,51.0,31.2,53.3,0,7,3,7,Open-Meteo Historical Weather API,ERA5,2025,2,1,9,WINTER,-4.533,5.733,9.333,0.576,3.067,-3.733,0.535,0.0,0.0,274.56,0,0,1,0,1,0,-10.514,-10.671,-2.038,-4.966,0.0,0.5,-6.533,-8.9,2.66,33.95,38.5,35.9,0.0,0.0,0.0,2.483,9.6,52.71,-8.539,3.0,1
2025-03-03,CA_QC,"Montreal, QC",-3.357,-22.7,6.2,16.5,2,5.95,1,25.0,58.0,35.1,63.0,0,7,2,7,Open-Meteo Historical Weather API,ERA5,2025,3,1,10,SPRING,-0.538,7.3,10.313,-2.819,9.2,-4.363,1.26,46.514,16.773,579.15,0,0,1,0,1,0,-3.957,-10.514,0.576,-2.038,8.8,0.0,3.067,-6.533,5.6,2.66,31.2,38.5,3.0,0.0,0.0,0.0,25.8,48.16,-7.125,5.0,1
2025-03-10,CA_QC,"Montreal, QC",1.457,-10.7,15.0,10.8,1,2.59,1,14.5,23.0,29.9,72.0,0,5,0,7,Open-Meteo Historical Weather API,ERA5,2025,3,1,11,SPRING,2.133,18.767,1.4,-0.676,-7.967,1.19,-0.425,7.301,1.751,322.92,0,0,0,0,0,0,-3.357,-3.957,-2.819,0.576,16.5,8.8,9.2,3.067,5.95,5.6,35.1,31.2,2.0,3.0,46.514,0.0,36.1,16.8,-4.093,5.0,1
2025-03-17,CA_QC,"Montreal, QC",2.529,-12.6,17.3,6.3,4,0.77,0,7.4,29.0,31.3,54.7,0,5,3,7,Open-Meteo Historical Weather API,ERA5,2025,3,1,12,SPRING,-0.186,14.467,4.06,2.715,-8.167,-3.29,-0.565,0.0,0.0,197.19,0,0,0,0,1,0,1.457,-3.357,-0.676,-2.819,10.8,16.5,-7.967,9.2,2.59,5.95,29.9,35.1,0.0,2.0,7.301,46.514,42.4,14.91,-0.832,8.0,1
2025-03-24,CA_QC,"Montreal, QC",-0.143,-11.6,7.1,15.4,2,9.24,3,28.6,68.0,22.8,43.6,0,7,2,7,Open-Meteo Historical Weather API,ERA5,2025,3,1,13,SPRING,1.576,11.0,2.45,-1.719,4.4,6.79,0.4,26.473,15.884,351.12,0,0,1,0,1,0,2.529,1.457,2.715,-0.676,6.3,10.8,-8.167,-7.967,0.77,2.59,31.3,29.9,3.0,0.0,0.0,7.301,49.0,18.55,0.121,7.0,1
2025-03-31,CA_QC,"Montreal, QC",3.8,-7.7,17.1,36.2,4,1.89,1,38.9,57.0,30.8,60.1,0,3,1,7,Open-Meteo Historical Weather API,ERA5,2025,3,1,14,SPRING,3.709,27.133,9.007,0.091,9.067,-7.117,0.334,0.0,0.0,1114.96,0,0,0,0,0,0,-0.143,2.529,-1.719,2.715,15.4,6.3,4.4,-8.167,9.24,0.77,22.8,31.3,2.0,3.0,26.473,0.0,68.7,14.49,1.911,6.0,1
2025-04-07,CA_QC,"Montreal, QC",2.643,-8.0,14.1,3.1,1,7.42,1,13.7,43.0,22.7,44.3,0,5,1,7,Open-Meteo Historical Weather API,ERA5,2025,4,2,15,SPRING,10.228,35.5,0.0,-7.585,-32.4,7.42,-0.913,23.515,56.283,70.37,0,0,0,0,0,0,3.8,-0.143,0.091,-1.719,36.2,15.4,9.067,4.4,1.89,9.24,30.8,22.8,1.0,2.0,0.0,26.473,61.0,19.32,2.207,7.0,1
2025-04-14,CA_QC,"Montreal, QC",7.5,-3.4,18.6,12.2,4,0.42,0,12.8,41.0,31.7,60.5,0,2,0,7,Open-Meteo Historical Weather API,ERA5,2025,4,2,16,SPRING,7.047,26.267,4.41,0.453,-14.067,-3.99,-0.536,0.0,0.0,386.74,0,0,0,0,0,0,2.643,3.8,-7.585,0.091,3.1,36.2,-32.4,9.067,7.42,1.89,22.7,30.8,1.0,1.0,23.515,0.0,66.9,18.97,3.45,4.0,1
2025-04-21,CA_QC,"Montreal, QC",9.143,-2.0,17.4,35.5,4,0.0,0,35.5,54.0,26.5,51.5,0,0,0,7,Open-Meteo Historical Weather API,ERA5,2025,4,2,17,SPRING,8.338,18.3,0.0,0.805,17.2,0.0,0.94,0.0,0.0,940.75,0,0,0,0,0,0,7.5,2.643,0.453,-7.585,12.2,3.1,-14.067,-32.4,0.42,7.42,31.7,22.7,0.0,1.0,0.0,23.515,87.0,9.73,5.772,2.0,1
2025-04-28,CA_QC,"Montreal, QC",12.114,-0.0,23.4,24.0,2,0.0,0,24.0,31.0,34.6,66.6,0,0,0,7,Open-Meteo Historical Weather API,ERA5,2025,4,2,18,SPRING,11.091,33.833,0.0,1.023,-9.833,0.0,-0.291,0.0,0.0,830.4,0,0,0,0,0,0,9.143,7.5,0.805,0.453,35.5,12.2,17.2,-14.067,0.0,0.42,26.5,31.7,0.0,0.0,0.0,0.0,74.8,7.84,7.85,1.0,1
2025-05-05,CA_QC,"Montreal, QC",12.3,3.2,21.9,26.1,5,0.0,0,26.1,52.0,25.1,45.7,0,0,0,7,Open-Meteo Historical Weather API,ERA5,2025,5,2,19,SPRING,15.333,7.133,0.0,-3.033,18.967,0.0,2.659,79.17,0.0,655.11,0,0,0,0,0,0,12.114,9.143,1.023,0.805,24.0,35.5,-9.833,17.2,0.0,0.0,34.6,26.5,0.0,0.0,0.0,0.0,97.8,0.42,10.264,0.0,1
2025-05-12,CA_QC,"Montreal, QC",17.843,8.0,27.9,26.2,5,0.0,0,26.2,47.0,22.2,44.3,0,0,0,7,Open-Meteo Historical Weather API,ERA5,2025,5,2,20,SPRING,15.143,22.133,0.0,2.7,4.067,0.0,0.184,0.0,0.0,581.64,0,0,0,0,0,0,12.3,12.114,-3.033,1.023,26.1,24.0,18.967,-9.833,0.0,0.0,25.1,34.6,0.0,0.0,79.17,0.0,111.8,0.0,12.85,0.0,1
2025-05-19,CA_QC,"Montreal, QC",9.857,5.9,16.7,28.2,6,0.0,0,28.2,84.0,25.1,48.6,0,0,0,7,Open-Meteo Historical Weather API,ERA5,2025,5,2,21,SPRING,16.795,22.267,0.0,-6.938,5.933,0.0,0.266,195.652,0.0,707.82,0,0,0,0,0,0,17.843,12.3,2.7,-3.033,26.2,26.1,4.067,18.967,0.0,0.0,22.2,25.1,0.0,0.0,0.0,79.17,104.5,0.0,13.028,0.0,1
2025-05-26,CA_QC,"Montreal, QC",15.571,7.5,27.5,23.2,3,0.0,0,23.2,41.0,29.6,58.0,0,0,0,7,Open-Meteo Historical Weather API,ERA5,2025,5,2,22,SPRING,17.805,14.767,0.0,-2.234,8.433,0.0,0.571,51.829,0.0,686.72,0,0,0,0,0,0,9.857,17.843,-6.938,2.7,28.2,26.2,5.933,4.067,0.0,0.0,25.1,22.2,0.0,0.0,195.652,0.0,103.7,0.0,13.893,0.0,1
2025-06-02,CA_QC,"Montreal, QC",19.114,6.8,31.2,0.9,0,0.0,0,0.9,8.0,21.7,43.2,0,0,0,7,Open-Meteo Historical Weather API,ERA5,2025,6,2,23,SUMMER,17.6,31.933,0.0,1.514,-31.033,0.0,-0.972,0.0,0.0,19.53,0,0,0,0,0,0,15.571,9.857,-2.234,-6.938,23.2,28.2,8.433,5.933,0.0,0.0,29.6,25.1,0.0,0.0,51.829,195.652,78.5,0.0,15.596,0.0,1
2025-06-09,CA_QC,"Montreal, QC",17.129,8.1,24.2,20.6,2,0.0,0,20.6,29.0,26.2,54.0,0,0,0,7,Open-Meteo Historical Weather API,ERA5,2025,6,2,24,SUMMER,17.81,30.767,0.0,-0.681,-10.167,0.0,-0.33,14.022,0.0,539.72,0,0,0,0,0,0,19.114,15.571,1.514,-2.234,0.9,23.2,-31.033,8.433,0.0,0.0,21.7,29.6,0.0,0.0,0.0,51.829,72.9,0.0,15.418,0.0,1
2025-06-16,CA_QC,"Montreal, QC",21.543,10.6,29.2,33.3,5,0.0,0,33.3,52.0,30.8,59.4,0,0,0,7,Open-Meteo Historical Weather API,ERA5,2025,6,2,25,SUMMER,21.2,46.433,0.0,0.343,-13.133,0.0,-0.283,0.0,0.0,1025.64,0,0,0,0,0,0,17.129,19.114,-0.681,1.514,20.6,0.9,-10.167,-31.033,0.0,0.0,26.2,21.7,0.0,0.0,14.022,0.0,78.0,0.0,18.339,0.0,1
2025-06-23,CA_QC,"Montreal, QC",22.129,11.0,34.8,32.2,2,0.0,0,32.2,29.0,22.2,48.2,0,0,0,7,Open-Meteo Historical Weather API,ERA5,2025,6,2,26,SUMMER,20.419,42.233,0.0,1.71,-10.033,0.0,-0.238,0.0,0.0,714.84,0,0,0,0,0,0,21.543,17.129,0.343,-0.681,33.3,20.6,-13.133,-10.167,0.0,0.0,30.8,26.2,0.0,0.0,0.0,14.022,87.0,0.0,19.979,0.0,1
2025-06-30,CA_QC,"Montreal, QC",21.957,13.0,32.0,31.1,3,0.0,0,31.1,32.0,22.6,45.4,0,0,0,7,Open-Meteo Historical Weather API,ERA5,2025,6,2,27,SUMMER,21.225,19.5,0.0,0.732,11.6,0.0,0.595,0.0,0.0,702.86,0,0,0,0,0,0,22.129,21.543,1.71,0.343,32.2,33.3,-10.033,-13.133,0.0,0.0,22.2,30.8,0.0,0.0,0.0,0.0,117.2,0.0,20.69,0.0,1
2025-07-07,CA_QC,"Montreal, QC",22.571,15.6,31.2,24.3,3,0.0,0,24.3,37.0,19.2,51.8,0,0,0,7,Open-Meteo Historical Weather API,ERA5,2025,7,3,28,SUMMER,22.168,40.425,0.0,0.403,-16.125,0.0,-0.399,0.0,0.0,466.56,0,0,0,0,0,0,21.957,22.129,0.732,1.71,31.1,32.2,11.6,-10.033,0.0,0.0,22.6,22.2,0.0,0.0,0.0,0.0,120.9,0.0,22.05,0.0,1
2025-07-14,CA_QC,"Montreal, QC",22.714,14.4,32.5,24.0,3,0.0,0,24.0,34.0,29.2,59.8,0,0,0,7,Open-Meteo Historical Weather API,ERA5,2025,7,3,29,SUMMER,22.054,36.575,0.0,0.66,-12.575,0.0,-0.344,0.0,0.0,700.8,0,0,0,0,0,0,22.571,21.957,0.403,0.732,24.3,31.1,-16.125,11.6,0.0,0.0,19.2,22.6,0.0,0.0,0.0,0.0,111.6,0.0,22.343,0.0,1
2025-07-21,CA_QC,"Montreal, QC",21.329,10.3,32.1,2.6,1,0.0,0,2.6,12.0,24.7,47.2,0,0,0,7,Open-Meteo Historical Weather API,ERA5,2025,7,3,30,SUMMER,20.354,27.95,0.0,0.976,-25.35,0.0,-0.907,0.0,0.0,64.22,0,0,0,0,0,0,22.714,22.571,0.66,0.403,24.0,24.3,-12.575,-16.125,0.0,0.0,29.2,19.2,0.0,0.0,0.0,0.0,82.0,0.0,22.143,0.0,1
2025-07-28,CA_QC,"Montreal, QC",21.443,10.1,31.3,3.9,1,0.0,0,3.9,5.0,21.5,44.6,0,0,0,7,Open-Meteo Historical Weather API,ERA5,2025,7,3,31,SUMMER,21.9,24.625,0.0,-0.457,-20.725,0.0,-0.842,1.781,0.0,83.85,0,0,0,0,0,0,21.329,22.714,0.976,0.66,2.6,24.0,-25.35,-12.575,0.0,0.0,24.7,29.2,0.0,0.0,0.0,0.0,54.8,0.0,22.014,0.0,1
2025-08-04,CA_QC,"Montreal, QC",21.871,12.5,32.9,2.1,1,0.0,0,2.1,7.0,14.9,31.7,0,0,0,7,Open-Meteo Historical Weather API,ERA5,2025,8,3,32,SUMMER,20.243,63.5,0.0,1.628,-61.4,0.0,-0.967,0.0,0.0,31.29,0,0,0,0,0,0,21.443,21.329,-0.457,0.976,3.9,2.6,-20.725,-25.35,0.0,0.0,21.5,24.7,0.0,0.0,1.781,0.0,32.6,0.0,21.839,0.0,1
2025-08-11,CA_QC,"Montreal, QC",22.557,11.6,34.1,15.6,2,0.0,0,15.6,13.0,21.7,44.3,0,0,0,7,Open-Meteo Historical Weather API,ERA5,2025,8,3,33,SUMMER,21.414,15.975,0.0,1.143,-0.375,0.0,-0.023,0.0,0.0,338.52,0,0,0,0,0,0,21.871,21.443,1.628,-0.457,2.1,3.9,-61.4,-20.725,0.0,0.0,14.9,21.5,0.0,0.0,0.0,1.781,24.2,0.0,21.8,0.0,1
2025-08-18,CA_QC,"Montreal, QC",18.971,7.5,29.2,20.9,1,0.0,0,20.9,20.0,19.5,50.0,0,0,0,7,Open-Meteo Historical Weather API,ERA5,2025,8,3,34,SUMMER,19.546,32.15,0.0,-0.576,-11.25,0.0,-0.35,12.028,0.0,407.55,0,0,0,0,0,0,22.557,21.871,1.143,1.628,15.6,2.1,-0.375,-61.4,0.0,0.0,21.7,14.9,0.0,0.0,0.0,0.0,42.5,0.0,21.21,0.0,1
2025-08-25,CA_QC,"Montreal, QC",16.386,9.9,24.8,23.5,3,0.0,0,23.5,50.0,23.2,44.6,0,0,0,7,Open-Meteo Historical Weather API,ERA5,2025,8,3,35,SUMMER,18.764,25.45,0.0,-2.378,-1.95,0.0,-0.077,55.883,0.0,545.2,0,0,0,0,0,0,18.971,22.557,-0.576,1.143,20.9,15.6,-11.25,-0.375,0.0,0.0,19.5,21.7,0.0,0.0,12.028,0.0,62.1,0.0,19.946,0.0,1
2025-09-01,CA_QC,"Montreal, QC",17.6,10.1,26.3,24.8,3,0.0,0,24.8,20.0,27.8,51.5,0,0,0,7,Open-Meteo Historical Weather API,ERA5,2025,9,3,36,FALL,18.425,16.5,0.0,-0.825,8.3,0.0,0.503,20.46,0.0,689.44,0,0,0,0,0,0,16.386,18.971,-2.378,-0.576,23.5,20.9,-1.95,-11.25,0.0,0.0,23.2,19.5,0.0,0.0,55.883,12.028,84.8,0.0,18.879,0.0,1
2025-09-08,CA_QC,"Montreal, QC",14.743,5.7,23.6,0.9,0,0.0,0,0.9,7.0,16.0,36.4,0,0,0,7,Open-Meteo Historical Weather API,ERA5,2025,9,3,37,FALL,16.436,17.25,0.0,-1.693,-16.35,0.0,-0.948,1.524,0.0,14.4,0,0,0,0,0,0,17.6,16.386,-0.825,-2.378,24.8,23.5,8.3,-1.95,0.0,0.0,27.8,23.2,0.0,0.0,20.46,55.883,70.1,0.0,16.925,0.0,1
2025-09-15,CA_QC,"Montreal, QC",14.5,1.7,26.5,0.0,0,0.0,0,0.0,0.0,18.6,37.1,0,0,0,7,Open-Meteo Historical Weather API,ERA5,2025,9,3,38,FALL,16.047,22.25,0.0,-1.547,-22.25,0.0,-1.0,0.0,0.0,0.0,0,0,0,0,0,0,14.743,17.6,-1.693,-0.825,0.9,24.8,-16.35,8.3,0.0,0.0,16.0,27.8,0.0,0.0,1.524,20.46,49.2,0.0,15.807,0.0,1
2025-09-22,CA_QC,"Montreal, QC",16.7,7.6,24.2,28.5,3,0.0,0,28.5,43.0,21.3,43.2,0,0,0,7,Open-Meteo Historical Weather API,ERA5,2025,9,3,39,FALL,12.804,17.15,0.0,3.896,11.35,0.0,0.662,0.0,0.0,607.05,0,0,0,0,0,0,14.5,14.743,-1.547,-1.693,0.0,0.9,-22.25,-16.35,0.0,0.0,18.6,16.0,0.0,0.0,0.0,1.524,54.2,0.0,15.886,0.0,1
2025-09-29,CA_QC,"Montreal, QC",14.229,0.7,29.6,0.0,0,0.0,0,0.0,0.0,20.4,39.6,0,0,0,7,Open-Meteo Historical Weather API,ERA5,2025,9,3,40,FALL,13.5,21.5,0.0,0.729,-21.5,0.0,-1.0,0.0,0.0,0.0,0,0,0,0,0,0,16.7,14.5,3.896,-1.547,28.5,0.0,11.35,-22.25,0.0,0.0,21.3,18.6,0.0,0.0,0.0,0.0,29.4,0.0,15.043,0.0,1
2025-10-06,CA_QC,"Montreal, QC",12.1,-1.3,28.7,25.6,2,0.0,0,25.6,14.0,19.2,40.3,0,0,0,7,Open-Meteo Historical Weather API,ERA5,2025,10,4,41,FALL,11.35,21.225,0.0,0.75,4.375,0.0,0.206,0.0,0.0,491.52,0,0,0,0,0,0,14.229,16.7,0.729,3.896,0.0,28.5,-21.5,11.35,0.0,0.0,20.4,21.3,0.0,0.0,0.0,0.0,54.1,0.0,14.382,0.0,1
2025-10-13,CA_QC,"Montreal, QC",9.843,-1.1,22.0,0.2,0,0.0,0,0.2,2.0,26.5,46.8,0,0,0,7,Open-Meteo Historical Weather API,ERA5,2025,10,4,42,FALL,9.182,22.85,0.0,0.661,-22.65,0.0,-0.991,0.0,0.0,5.3,0,0,0,0,0,0,12.1,14.229,0.75,0.729,25.6,0.0,4.375,-21.5,0.0,0.0,19.2,20.4,0.0,0.0,0.0,0.0,54.3,0.0,13.218,0.0,1
2025-10-20,CA_QC,"Montreal, QC",9.386,2.6,18.6,50.9,4,0.0,0,50.9,65.0,26.1,50.4,0,0,0,7,Open-Meteo Historical Weather API,ERA5,2025,10,4,43,FALL,9.946,22.1,0.0,-0.561,28.8,0.0,1.303,28.529,0.0,1328.49,1,0,0,0,0,0,9.843,12.1,0.661,0.75,0.2,25.6,-22.65,4.375,0.0,0.0,26.5,19.2,0.0,0.0,0.0,0.0,76.7,0.0,11.39,0.0,1
2025-10-27,CA_QC,"Montreal, QC",5.743,0.5,11.5,69.3,3,0.0,0,69.3,43.0,31.0,56.5,0,3,1,7,Open-Meteo Historical Weather API,ERA5,2025,10,4,44,FALL,6.822,10.725,1.295,-1.078,58.575,-1.295,5.462,74.74,0.0,2148.3,1,0,0,0,0,0,9.386,9.843,-0.561,0.661,50.9,0.2,28.8,-22.65,0.0,0.0,26.1,26.5,0.0,0.0,28.529,0.0,146.0,0.0,9.268,1.0,1
2025-11-03,CA_QC,"Montreal, QC",3.871,-3.9,11.7,30.2,6,4.69,1,36.9,64.0,29.0,58.0,0,5,4,7,Open-Meteo Historical Weather API,ERA5,2025,11,4,45,FALL,6.104,25.275,1.102,-2.233,4.925,3.588,0.195,67.422,10.47,875.8,0,0,0,0,1,0,5.743,9.386,-1.078,-0.561,69.3,50.9,58.575,28.8,0.0,0.0,31.0,26.1,1.0,0.0,74.74,28.529,150.6,4.69,7.211,5.0,1
2025-11-10,CA_QC,"Montreal, QC",-0.071,-3.3,2.3,17.6,3,22.05,4,49.1,101.0,27.0,48.2,0,7,3,7,Open-Meteo Historical Weather API,ERA5,2025,11,4,46,FALL,1.489,13.85,3.045,-1.56,3.75,19.005,0.271,27.46,34.404,475.2,0,1,1,0,1,0,3.871,5.743,-2.233,-1.078,30.2,69.3,4.925,58.575,4.69,0.0,29.0,31.0,4.0,1.0,67.422,74.74,168.0,26.74,4.732,8.0,1
2025-11-17,CA_QC,"Montreal, QC",-1.6,-6.7,3.3,3.1,1,2.38,0,6.5,30.0,28.5,53.3,0,7,1,7,Open-Meteo Historical Weather API,ERA5,2025,11,4,47,FALL,0.568,10.375,3.85,-2.168,-7.275,-1.47,-0.701,6.72,5.159,88.35,0,0,1,0,0,0,-0.071,3.871,-1.56,-2.233,17.6,30.2,3.75,4.925,22.05,4.69,27.0,29.0,3.0,4.0,27.46,67.422,120.2,29.12,1.986,9.0,1
2025-11-24,CA_QC,"Montreal, QC",0.757,-5.8,6.5,13.8,2,3.01,1,18.1,45.0,29.3,51.5,0,7,2,7,Open-Meteo Historical Weather API,ERA5,2025,11,4,48,FALL,-0.336,16.75,3.99,1.093,-2.95,-0.98,-0.176,0.0,0.0,404.34,0,0,0,0,1,0,-1.6,-0.071,-2.168,-1.56,3.1,17.6,-7.275,3.75,2.38,22.05,28.5,27.0,1.0,3.0,6.72,27.46,64.7,32.13,0.739,10.0,1
2025-12-01,CA_QC,"Montreal, QC",-7.829,-18.5,1.8,0.4,0,6.02,4,9.0,49.0,31.9,56.9,0,7,0,7,Open-Meteo Historical Weather API,ERA5,2025,12,4,49,WINTER,-3.036,18.125,9.1,-4.793,-17.725,-3.08,-0.978,1.917,28.855,12.76,0,0,1,0,0,0,0.757,-1.6,1.093,-2.168,13.8,3.1,-2.95,-7.275,3.01,2.38,29.3,28.5,2.0,1.0,0.0,6.72,34.9,33.46,-2.186,6.0,1
2025-12-08,CA_QC,"Montreal, QC",-9.771,-22.0,-3.1,0.0,0,12.04,3,17.2,60.0,29.8,55.8,0,7,0,7,Open-Meteo Historical Weather API,ERA5,2025,12,4,50,WINTER,-1.668,11.325,7.193,-8.103,-11.325,4.847,-1.0,0.0,97.563,0.0,0,0,1,0,0,0,-7.829,0.757,-4.793,1.093,0.4,13.8,-17.725,-2.95,6.02,3.01,31.9,29.3,0.0,2.0,1.917,0.0,17.3,23.45,-4.611,3.0,1
2025-12-15,CA_QC,"Montreal, QC",-3.243,-15.6,10.5,17.6,2,0.98,0,19.0,36.0,43.1,99.0,1,7,2,7,Open-Meteo Historical Weather API,ERA5,2025,12,4,51,WINTER,-4.782,19.05,4.06,1.539,-1.45,-3.08,-0.076,0.0,0.0,758.56,0,0,1,0,1,0,-9.771,-7.829,-8.103,-4.793,0.0,0.4,-11.325,-17.725,12.04,6.02,29.8,31.9,0.0,0.0,0.0,1.917,31.8,22.05,-5.022,4.0,1
2025-12-22,CA_QC,"Montreal, QC",-11.271,-22.5,-4.4,0.0,0,9.66,3,13.8,41.0,20.9,37.8,0,7,0,7,Open-Meteo Historical Weather API,ERA5,2025,12,4,52,WINTER,-3.704,9.575,4.918,-7.568,-9.575,4.742,-1.0,0.0,73.102,0.0,0,0,1,1,0,0,-3.243,-9.771,1.539,-8.103,17.6,0.0,-1.45,-11.325,0.98,12.04,43.1,29.8,2.0,0.0,0.0,0.0,18.0,28.7,-8.029,2.0,1
2025-12-29,CA_QC,"Montreal, QC",-12.643,-23.8,2.7,16.9,1,3.43,1,21.8,33.0,33.1,63.4,0,7,1,7,Open-Meteo Historical Weather API,ERA5,2025,12,4,1,WINTER,-4.807,4.5,6.632,-7.836,12.4,-3.202,2.756,132.424,26.877,559.39,0,0,1,1,0,0,-11.271,-3.243,-7.568,1.539,0.0,17.6,-9.575,-1.45,9.66,0.98,20.9,43.1,0.0,2.0,0.0,0.0,34.5,26.11,-9.232,3.0,1
2026-01-05,CA_QC,"Montreal, QC",-3.914,-20.6,6.9,9.9,2,13.44,3,29.1,50.0,41.2,77.0,2,7,2,7,Open-Meteo Historical Weather API,ERA5,2026,1,1,2,WINTER,-9.4,5.675,13.352,5.486,4.225,0.088,0.744,0.0,0.0,407.88,0,0,1,0,1,1,-12.643,-11.271,-7.836,-7.568,16.9,0.0,12.4,-9.575,3.43,9.66,33.1,20.9,1.0,0.0,132.424,0.0,44.4,27.51,-7.768,5.0,1
2026-01-12,CA_QC,"Montreal, QC",-5.257,-16.7,3.9,5.2,3,8.68,2,17.6,73.0,28.6,53.3,0,7,3,7,Open-Meteo Historical Weather API,ERA5,2026,1,1,3,WINTER,-9.293,0.55,8.12,4.036,4.65,0.56,4.65,0.0,0.0,148.72,0,0,1,0,1,0,-3.914,-12.643,5.486,-7.836,9.9,16.9,4.225,12.4,13.44,3.43,41.2,33.1,2.0,1.0,0.0,132.424,32.0,35.21,-8.271,6.0,1
2026-01-19,CA_QC,"Montreal, QC",-12.914,-26.4,-2.1,0.0,0,5.39,3,7.6,32.0,28.1,47.5,0,7,0,7,Open-Meteo Historical Weather API,ERA5,2026,1,1,4,WINTER,-9.561,2.425,8.242,-3.353,-2.425,-2.852,-1.0,0.0,18.074,0.0,0,0,1,1,0,0,-5.257,-3.914,4.036,5.486,5.2,9.9,4.65,4.225,8.68,13.44,28.6,41.2,3.0,2.0,0.0,0.0,32.0,30.94,-8.682,6.0,1
2026-01-26,CA_QC,"Montreal, QC",-15.786,-20.9,-11.1,0.0,0,5.95,1,8.5,34.0,21.8,39.6,0,7,0,7,Open-Meteo Historical Weather API,ERA5,2026,1,1,5,WINTER,-10.35,2.1,5.722,-5.436,-2.1,0.228,-1.0,0.0,32.344,0.0,0,0,1,1,0,0,-12.914,-5.257,-3.353,4.036,0.0,5.2,-2.425,4.65,5.39,8.68,28.1,28.6,0.0,3.0,0.0,0.0,15.1,33.46,-9.468,5.0,1
2026-02-02,CA_QC,"Montreal, QC",-12.971,-21.3,-5.0,0.0,0,3.08,1,4.4,26.0,22.6,43.9,0,7,0,7,Open-Meteo Historical Weather API,ERA5,2026,2,1,6,WINTER,-4.264,5.45,5.25,-8.707,-5.45,-2.17,-1.0,0.0,26.817,0.0,0,0,1,1,0,0,-15.786,-12.914,-5.436,-3.353,0.0,0.0,-2.1,-2.425,5.95,5.39,21.8,28.1,0.0,0.0,0.0,0.0,5.2,23.1,-11.732,3.0,1
2026-02-09,CA_QC,"Montreal, QC",-9.743,-21.0,-0.7,0.0,0,4.9,1,7.0,22.0,17.5,30.2,0,7,0,7,Open-Meteo Historical Weather API,ERA5,2026,2,1,7,WINTER,-6.946,7.175,16.275,-2.797,-7.175,-11.375,-1.0,0.0,13.704,0.0,0,0,1,0,0,0,-12.971,-15.786,-8.707,-5.436,0.0,0.0,-5.45,-2.1,3.08,5.95,22.6,21.8,0.0,0.0,0.0,0.0,0.0,19.32,-12.854,0.0,1
2026-02-16,CA_QC,"Montreal, QC",-5.629,-13.2,1.8,0.3,0,4.48,2,6.7,21.0,26.1,44.6,0,7,0,7,Open-Meteo Historical Weather API,ERA5,2026,2,1,8,WINTER,-8.986,4.9,5.425,3.357,-4.6,-0.945,-0.939,0.0,0.0,7.83,0,0,1,0,0,0,-9.743,-12.971,-2.797,-8.707,0.0,0.0,-7.175,-5.45,4.9,3.08,17.5,22.6,0.0,0.0,0.0,0.0,0.3,18.41,-11.032,0.0,1
2026-02-23,CA_QC,"Montreal, QC",-6.914,-17.7,6.2,2.4,1,3.78,1,7.8,31.0,29.5,54.7,0,7,1,7,Open-Meteo Historical Weather API,ERA5,2026,2,1,9,WINTER,-4.389,6.5,8.4,-2.525,-4.1,-4.62,-0.631,6.059,9.544,70.8,0,0,1,0,0,0,-5.629,-9.743,3.357,-2.797,0.3,0.0,-4.6,-7.175,4.48,4.9,26.1,17.5,0.0,0.0,0.0,0.0,2.7,16.24,-8.814,1.0,1
2026-03-02,CA_QC,"Montreal, QC",-3.157,-21.9,7.9,18.5,2,0.28,0,18.9,23.0,27.8,67.0,0,6,1,7,Open-Meteo Historical Weather API,ERA5,2026,3,1,10,SPRING,-1.243,9.6,9.222,-1.914,8.9,-8.942,0.927,35.414,0.536,514.3,0,0,1,0,0,0,-6.914,-5.629,-2.525,3.357,2.4,0.3,-4.1,-4.6,3.78,4.48,29.5,26.1,1.0,0.0,6.059,0.0,21.2,13.44,-6.361,2.0,1
2026-03-09,CA_QC,"Montreal, QC",0.486,-12.6,15.8,22.2,1,6.37,1,31.3,52.0,31.4,58.3,0,5,1,7,Open-Meteo Historical Weather API,ERA5,2026,3,1,11,SPRING,1.964,16.775,1.698,-1.478,5.425,4.672,0.323,32.812,9.415,697.08,0,0,0,0,0,0,-3.157,-6.914,-1.914,-2.525,18.5,2.4,8.9,-4.1,0.28,3.78,27.8,29.5,1.0,1.0,35.414,6.059,43.4,14.91,-3.803,3.0,1
2026-03-16,CA_QC,"Montreal, QC",-1.871,-13.9,12.3,22.3,2,12.88,4,40.7,64.0,41.4,78.5,1,6,1,7,Open-Meteo Historical Weather API,ERA5,2026,3,1,12,SPRING,0.493,12.425,3.238,-2.364,9.875,9.642,0.795,52.717,30.448,923.22,0,0,1,0,0,0,0.486,-3.157,-1.478,-1.914,22.2,18.5,5.425,8.9,6.37,0.28,31.4,27.8,1.0,1.0,32.812,35.414,65.4,23.31,-2.864,4.0,1
2026-03-23,CA_QC,"Montreal, QC",-1.957,-9.9,7.0,4.7,1,1.68,0,7.1,27.0,22.1,42.5,0,7,1,7,Open-Meteo Historical Weather API,ERA5,2026,3,1,13,SPRING,1.146,12.1,4.148,-3.103,-7.4,-2.468,-0.612,14.585,5.213,103.87,0,0,1,0,0,0,-1.871,0.486,-2.364,-1.478,22.3,22.2,9.875,5.425,12.88,6.37,41.4,31.4,1.0,1.0,52.717,32.812,67.7,21.21,-1.625,4.0,1
2026-03-30,CA_QC,"Montreal, QC",4.486,-2.9,15.4,46.8,6,0.84,0,48.0,66.0,37.0,75.6,0,4,4,7,Open-Meteo Historical Weather API,ERA5,2026,3,1,14,SPRING,3.732,29.4,7.228,0.754,17.4,-6.388,0.592,0.0,0.0,1731.6,0,0,0,0,1,0,-1.957,-1.871,-3.103,-2.364,4.7,22.3,-7.4,9.875,1.68,12.88,22.1,41.4,1.0,1.0,14.585,52.717,96.0,21.77,0.286,7.0,1
2026-04-06,CA_QC,"Montreal, QC",3.257,-7.4,16.1,16.3,3,0.98,0,17.7,33.0,31.0,60.5,0,5,1,7,Open-Meteo Historical Weather API,ERA5,2026,4,2,15,SPRING,8.332,27.4,1.855,-5.075,-11.1,-0.875,-0.405,82.723,4.974,505.3,0,0,0,0,0,0,4.486,-1.957,0.754,-3.103,46.8,4.7,17.4,-7.4,0.84,1.68,37.0,22.1,4.0,1.0,0.0,14.585,90.1,16.38,0.979,7.0,1
2026-04-13,CA_QC,"Montreal, QC",9.214,2.2,22.0,74.8,6,0.0,0,74.8,67.0,33.9,65.9,0,0,0,7,Open-Meteo Historical Weather API,ERA5,2026,4,2,16,SPRING,7.16,22.75,3.412,2.054,52.05,-3.412,2.288,0.0,0.0,2535.72,1,0,0,0,0,0,3.257,4.486,-5.075,0.754,16.3,46.8,-11.1,17.4,0.98,0.84,31.0,37.0,1.0,4.0,82.723,0.0,142.6,3.5,3.75,6.0,1
2026-04-20,CA_QC,"Montreal, QC",6.471,-6.1,18.6,0.8,0,0.28,0,1.2,9.0,19.8,42.8,0,2,0,7,Open-Meteo Historical Weather API,ERA5,2026,4,2,17,SPRING,8.54,22.6,0.0,-2.068,-21.8,0.28,-0.965,1.655,0.579,15.84,0,0,0,0,0,0,9.214,3.257,2.054,-5.075,74.8,16.3,52.05,-11.1,0.0,0.98,33.9,31.0,0.0,1.0,0.0,82.723,138.7,2.1,5.857,5.0,1
2026-04-27,CA_QC,"Montreal, QC",10.529,2.2,22.6,21.8,3,0.0,0,21.8,32.0,24.0,50.0,0,0,0,7,Open-Meteo Historical Weather API,ERA5,2026,4,2,18,SPRING,11.346,31.375,0.0,-0.818,-9.575,0.0,-0.305,17.822,0.0,523.2,0,0,0,0,0,0,6.471,9.214,-2.068,2.054,0.8,74.8,-21.8,52.05,0.28,0.0,19.8,33.9,0.0,0.0,1.655,0.0,113.7,1.26,7.368,1.0,1
2026-05-04,CA_QC,"Montreal, QC",10.4,2.2,20.5,22.3,4,0.0,0,22.3,46.0,33.7,70.6,0,0,0,7,Open-Meteo Historical Weather API,ERA5,2026,5,2,19,SPRING,14.575,11.875,0.0,-4.175,10.425,0.0,0.878,93.102,0.0,751.51,0,0,0,0,0,0,10.529,6.471,-0.818,-2.068,21.8,0.8,-9.575,-21.8,0.0,0.28,24.0,19.8,0.0,0.0,17.822,1.655,119.7,0.28,9.154,0.0,1
2026-05-11,CA_QC,"Montreal, QC",11.986,3.1,22.9,34.7,4,0.0,0,34.7,56.0,22.8,52.9,0,0,0,7,Open-Meteo Historical Weather API,ERA5,2026,5,2,20,SPRING,15.818,23.15,0.0,-3.832,11.55,0.0,0.499,132.962,0.0,791.16,0,0,0,0,0,0,10.4,10.529,-4.175,-0.818,22.3,21.8,10.425,-9.575,0.0,0.0,33.7,24.0,0.0,0.0,93.102,17.822,79.6,0.28,9.846,0.0,1
2026-05-18,CA_QC,"Montreal, QC",15.114,3.0,28.3,20.2,3,0.0,0,20.2,34.0,29.5,54.4,0,0,0,7,Open-Meteo Historical Weather API,ERA5,2026,5,2,21,SPRING,15.061,23.75,0.0,0.053,-3.55,0.0,-0.149,0.0,0.0,595.9,0,0,0,0,0,0,11.986,10.4,-3.832,-4.175,34.7,22.3,11.55,10.425,0.0,0.0,22.8,33.7,0.0,0.0,132.962,93.102,99.0,0.0,12.007,0.0,1
2026-05-25,CA_QC,"Montreal, QC",15.514,9.0,27.7,35.4,4,0.0,0,35.4,36.0,36.2,69.1,0,0,0,7,Open-Meteo Historical Weather API,ERA5,2026,5,2,22,SPRING,17.246,16.875,0.0,-1.733,18.525,0.0,1.098,61.331,0.0,1281.48,0,0,0,0,0,0,15.114,11.986,0.053,-3.832,20.2,34.7,-3.55,11.55,0.0,0.0,29.5,22.8,0.0,0.0,0.0,132.962,112.6,0.0,13.254,0.0,1
2026-06-01,CA_QC,"Montreal, QC",18.557,7.1,28.4,30.7,2,0.0,0,30.7,33.0,22.7,45.0,0,0,0,7,Open-Meteo Historical Weather API,ERA5,2026,6,2,23,SUMMER,17.978,24.175,0.0,0.578,6.525,0.0,0.27,0.0,0.0,696.89,0,0,0,0,0,0,15.514,15.114,-1.733,0.053,35.4,20.2,18.525,-3.55,0.0,0.0,36.2,29.5,0.0,0.0,61.331,0.0,121.0,0.0,15.293,0.0,1
2026-06-08,CA_QC,"Montreal, QC",21.457,9.9,30.8,58.5,4,0.0,0,58.5,49.0,22.9,46.8,0,0,0,7,Open-Meteo Historical Weather API,ERA5,2026,6,2,24,SUMMER,17.64,28.225,0.0,3.818,30.275,0.0,1.073,0.0,0.0,1339.65,1,0,0,0,0,0,18.557,15.514,0.578,-1.733,30.7,35.4,6.525,18.525,0.0,0.0,22.7,36.2,0.0,0.0,0.0,61.331,144.8,0.0,17.66,0.0,1
2026-06-15,CA_QC,"Montreal, QC",17.843,10.8,23.5,78.6,5,0.0,0,78.6,82.0,29.8,74.5,0,0,0,7,Open-Meteo Historical Weather API,ERA5,2026,6,2,25,SUMMER,21.286,43.15,0.0,-3.443,35.45,0.0,0.822,270.62,0.0,2342.28,1,0,0,0,0,0,21.457,18.557,3.818,0.578,58.5,30.7,30.275,6.525,0.0,0.0,22.9,22.7,0.0,0.0,0.0,0.0,203.2,0.0,18.343,0.0,1
2026-06-22,CA_QC,"Montreal, QC",19.971,14.0,27.6,8.9,3,0.0,0,8.9,39.0,23.4,45.7,0,0,0,7,Open-Meteo Historical Weather API,ERA5,2026,6,2,26,SUMMER,20.846,39.725,0.0,-0.875,-30.825,0.0,-0.776,7.79,0.0,208.26,0,0,0,0,0,0,17.843,21.457,-3.443,3.818,78.6,58.5,35.45,30.275,0.0,0.0,29.8,22.9,0.0,0.0,270.62,0.0,176.7,0.0,19.457,0.0,1
2021-07-05,US_MIDWEST,"Chicago, IL",21.571,14.9,30.9,24.7,4,0.0,0,24.7,37.0,25.2,44.6,0,0,0,7,Open-Meteo Historical Weather API,ERA5,2021,7,3,27,SUMMER,,,,,,,,,,622.44,0,0,0,0,0,0,,,,,,,,,,,,,,,,,24.7,0.0,21.571,0.0,0
2021-07-12,US_MIDWEST,"Chicago, IL",21.343,18.0,27.6,15.0,2,0.0,0,15.0,32.0,29.1,48.2,0,0,0,7,Open-Meteo Historical Weather API,ERA5,2021,7,3,28,SUMMER,,,,,,,,,,436.5,0,0,0,0,0,0,21.571,,,,24.7,,,,0.0,,25.2,,0.0,,,,39.7,0.0,21.457,0.0,0
2021-07-19,US_MIDWEST,"Chicago, IL",23.414,17.5,30.7,4.5,3,0.0,0,4.5,17.0,25.5,47.2,0,0,0,7,Open-Meteo Historical Weather API,ERA5,2021,7,3,29,SUMMER,,,,,,,,,,114.75,0,0,0,0,0,0,21.343,21.571,,,15.0,24.7,,,0.0,0.0,29.1,25.2,0.0,0.0,,,44.2,0.0,22.109,0.0,0
2021-07-26,US_MIDWEST,"Chicago, IL",23.129,16.6,29.9,0.9,0,0.0,0,0.9,3.0,32.1,49.7,0,0,0,7,Open-Meteo Historical Weather API,ERA5,2021,7,3,30,SUMMER,,,,,,,,,,28.89,0,0,0,0,0,0,23.414,21.343,,,4.5,15.0,,,0.0,0.0,25.5,29.1,0.0,0.0,,,45.1,0.0,22.364,0.0,0
2021-08-02,US_MIDWEST,"Chicago, IL",22.986,15.3,29.9,10.7,3,0.0,0,10.7,15.0,24.9,49.0,0,0,0,7,Open-Meteo Historical Weather API,ERA5,2021,8,3,31,SUMMER,,,,,,,,,,266.43,0,0,0,0,0,0,23.129,23.414,,,0.9,4.5,,,0.0,0.0,32.1,25.5,0.0,0.0,,,31.1,0.0,22.718,0.0,0
2021-08-09,US_MIDWEST,"Chicago, IL",23.9,16.2,32.7,24.9,3,0.0,0,24.9,29.0,30.3,58.0,0,0,0,7,Open-Meteo Historical Weather API,ERA5,2021,8,3,32,SUMMER,,,,,,,,,,754.47,0,0,0,0,0,0,22.986,23.129,,,10.7,0.9,,,0.0,0.0,24.9,32.1,0.0,0.0,,,41.0,0.0,23.357,0.0,0
2021-08-16,US_MIDWEST,"Chicago, IL",23.686,16.7,29.6,6.0,1,0.0,0,6.0,21.0,21.7,40.3,0,0,0,7,Open-Meteo Historical Weather API,ERA5,2021,8,3,33,SUMMER,,,,,,,,,,130.2,0,0,0,0,0,0,23.9,22.986,,,24.9,10.7,,,0.0,0.0,30.3,24.9,0.0,0.0,,,42.5,0.0,23.425,0.0,0
2021-08-23,US_MIDWEST,"Chicago, IL",25.686,17.8,32.8,21.0,4,0.0,0,21.0,11.0,25.1,53.6,0,0,0,7,Open-Meteo Historical Weather API,ERA5,2021,8,3,34,SUMMER,,,,,,,,,,527.1,0,0,0,0,0,0,23.686,23.9,,,6.0,24.9,,,0.0,0.0,21.7,30.3,0.0,0.0,,,62.6,0.0,24.064,0.0,0
2021-08-30,US_MIDWEST,"Chicago, IL",21.586,15.8,27.7,2.9,2,0.0,0,2.9,8.0,23.0,41.8,0,0,0,7,Open-Meteo Historical Weather API,ERA5,2021,8,3,35,SUMMER,,,,,,,,,,66.7,0,0,0,0,0,0,25.686,23.686,,,21.0,6.0,,,0.0,0.0,25.1,21.7,0.0,0.0,,,54.8,0.0,23.714,0.0,0
2021-09-06,US_MIDWEST,"Chicago, IL",21.129,13.8,29.2,13.9,1,0.0,0,13.9,7.0,33.5,65.9,0,0,0,7,Open-Meteo Historical Weather API,ERA5,2021,9,3,36,FALL,,,,,,,,,,465.65,0,0,0,0,0,0,21.586,25.686,,,2.9,21.0,,,0.0,0.0,23.0,25.1,0.0,0.0,,,43.8,0.0,23.022,0.0,0
2021-09-13,US_MIDWEST,"Chicago, IL",21.971,13.2,30.8,3.3,1,0.0,0,3.3,6.0,27.5,49.7,0,0,0,7,Open-Meteo Historical Weather API,ERA5,2021,9,3,37,FALL,,,,,,,,,,90.75,0,0,0,0,0,0,21.129,21.586,,,13.9,2.9,,,0.0,0.0,33.5,23.0,0.0,0.0,,,41.1,0.0,22.593,0.0,0
2021-09-20,US_MIDWEST,"Chicago, IL",17.814,10.8,26.9,24.1,3,0.0,0,24.1,39.0,37.1,67.7,0,0,0,7,Open-Meteo Historical Weather API,ERA5,2021,9,3,38,FALL,,,,,,,,,,894.11,0,0,0,0,0,0,21.971,21.129,,,3.3,13.9,,,0.0,0.0,27.5,33.5,0.0,0.0,,,44.2,0.0,20.625,0.0,0
2021-09-27,US_MIDWEST,"Chicago, IL",20.171,13.2,29.3,21.7,2,0.0,0,21.7,25.0,28.9,45.7,0,0,0,7,Open-Meteo Historical Weather API,ERA5,2021,9,3,39,FALL,,,,,,,,,,627.13,0,0,0,0,0,0,17.814,21.971,,,24.1,3.3,,,0.0,0.0,37.1,27.5,0.0,0.0,,,63.0,0.0,20.271,0.0,0
2021-10-04,US_MIDWEST,"Chicago, IL",19.057,16.2,24.3,22.1,3,0.0,0,22.1,36.0,26.5,44.3,0,0,0,7,Open-Meteo Historical Weather API,ERA5,2021,10,4,40,FALL,,,,,,,,,,585.65,0,0,0,0,0,0,20.171,17.814,,,21.7,24.1,,,0.0,0.0,28.9,37.1,0.0,0.0,,,71.2,0.0,19.753,0.0,0
2021-10-11,US_MIDWEST,"Chicago, IL",15.686,6.7,23.3,37.0,4,0.0,0,37.0,32.0,28.4,51.5,0,0,0,7,Open-Meteo Historical Weather API,ERA5,2021,10,4,41,FALL,,,,,,,,,,1050.8,0,0,0,0,0,0,19.057,20.171,,,22.1,21.7,,,0.0,0.0,26.5,28.9,0.0,0.0,,,104.9,0.0,18.182,0.0,0
2021-10-18,US_MIDWEST,"Chicago, IL",11.871,5.0,20.9,36.2,1,0.0,0,36.2,21.0,36.0,68.4,0,0,0,7,Open-Meteo Historical Weather API,ERA5,2021,10,4,42,FALL,,,,,,,,,,1303.2,0,0,0,0,0,0,15.686,19.057,,,37.0,22.1,,,0.0,0.0,28.4,26.5,0.0,0.0,,,117.0,0.0,16.696,0.0,0
2021-10-25,US_MIDWEST,"Chicago, IL",10.414,5.6,13.2,43.8,4,0.0,0,43.8,56.0,41.8,77.4,1,0,0,7,Open-Meteo Historical Weather API,ERA5,2021,10,4,43,FALL,,,,,,,,,,1830.84,0,0,0,0,0,0,11.871,15.686,,,36.2,37.0,,,0.0,0.0,36.0,28.4,0.0,0.0,,,139.1,0.0,14.257,0.0,0
2021-11-01,US_MIDWEST,"Chicago, IL",6.071,-0.1,17.2,0.0,0,0.0,0,0.0,0.0,25.1,42.5,0,3,0,7,Open-Meteo Historical Weather API,ERA5,2021,11,4,44,FALL,,,,,,,,,,0.0,0,0,0,0,0,0,10.414,11.871,,,43.8,36.2,,,0.0,0.0,41.8,36.0,0.0,0.0,,,117.0,0.0,11.01,0.0,0
2021-11-08,US_MIDWEST,"Chicago, IL",7.557,1.8,17.6,9.6,2,0.35,0,10.0,22.0,36.2,64.1,0,3,1,7,Open-Meteo Historical Weather API,ERA5,2021,11,4,45,FALL,,,,,,,,,,347.52,0,0,0,0,0,0,6.071,10.414,,,0.0,43.8,,,0.0,0.0,25.1,41.8,0.0,0.0,,,89.6,0.35,8.978,1.0,0
2021-11-15,US_MIDWEST,"Chicago, IL",4.329,-2.6,15.4,12.0,1,0.42,0,12.5,17.0,34.2,63.4,0,4,0,7,Open-Meteo Historical Weather API,ERA5,2021,11,4,46,FALL,,,,,,,,,,410.4,0,0,0,0,0,0,7.557,6.071,,,9.6,0.0,,,0.35,0.0,36.2,25.1,1.0,0.0,,,65.4,0.77,7.093,1.0,0
2021-11-22,US_MIDWEST,"Chicago, IL",1.343,-6.1,10.5,5.0,2,0.0,0,5.0,17.0,31.3,55.1,0,6,2,7,Open-Meteo Historical Weather API,ERA5,2021,11,4,47,FALL,,,,,,,,,,156.5,0,0,0,0,1,0,4.329,7.557,,,12.0,9.6,,,0.42,0.35,34.2,36.2,0.0,1.0,,,26.6,0.77,4.825,3.0,0
2021-11-29,US_MIDWEST,"Chicago, IL",4.786,-2.2,12.4,13.4,1,0.14,0,13.6,21.0,31.2,58.0,0,4,1,7,Open-Meteo Historical Weather API,ERA5,2021,11,4,48,FALL,,,,,,,,,,418.08,0,0,0,0,0,0,1.343,4.329,,,5.0,12.0,,,0.0,0.42,31.3,34.2,2.0,0.0,,,40.0,0.91,4.504,4.0,0
2021-12-06,US_MIDWEST,"Chicago, IL",1.1,-9.7,12.5,19.8,2,0.28,0,20.2,18.0,43.8,77.4,2,5,0,7,Open-Meteo Historical Weather API,ERA5,2021,12,4,49,WINTER,,,,,,,,,,867.24,0,0,0,0,0,1,4.786,1.343,,,13.4,5.0,,,0.14,0.0,31.2,31.3,1.0,2.0,,,50.2,0.84,2.89,3.0,0
2021-12-13,US_MIDWEST,"Chicago, IL",4.857,-3.0,17.6,7.7,2,0.84,0,8.9,25.0,47.6,83.2,2,4,1,7,Open-Meteo Historical Weather API,ERA5,2021,12,4,50,WINTER,,,,,,,,,,366.52,0,0,0,0,0,1,1.1,4.786,,,19.8,13.4,,,0.28,0.14,43.8,31.2,0.0,1.0,,,45.9,1.26,3.021,4.0,0
2021-12-20,US_MIDWEST,"Chicago, IL",2.171,-6.0,11.7,3.0,2,0.0,0,3.0,12.0,31.5,57.2,0,5,1,7,Open-Meteo Historical Weather API,ERA5,2021,12,4,51,WINTER,,,,,,,,,,94.5,0,0,0,0,0,0,4.857,1.1,,,7.7,19.8,,,0.84,0.28,47.6,43.8,1.0,0.0,,,43.9,1.26,3.228,3.0,0
2021-12-27,US_MIDWEST,"Chicago, IL",0.986,-7.0,7.6,13.5,2,15.82,3,35.9,56.0,34.9,64.1,0,7,2,7,Open-Meteo Historical Weather API,ERA5,2021,12,4,52,WINTER,,,,,,,,,,471.15,0,1,0,0,1,0,2.171,4.857,,,3.0,7.7,,,0.0,0.84,31.5,47.6,1.0,1.0,,,44.0,16.94,2.278,4.0,0
2022-01-03,US_MIDWEST,"Chicago, IL",-7.671,-17.6,1.4,3.6,2,0.7,0,4.6,15.0,41.7,73.8,1,7,2,7,Open-Meteo Historical Weather API,ERA5,2022,1,1,1,WINTER,,,,,,,,,,150.12,0,0,1,0,1,0,0.986,2.171,,,13.5,3.0,,,15.82,0.0,34.9,31.5,2.0,1.0,,,27.8,17.36,0.086,6.0,0
2022-01-10,US_MIDWEST,"Chicago, IL",-3.843,-14.4,3.9,0.2,0,2.24,0,3.4,27.0,34.7,58.7,0,7,0,7,Open-Meteo Historical Weather API,ERA5,2022,1,1,2,WINTER,,,,,,,,,,6.94,0,0,1,0,0,0,-7.671,0.986,,,3.6,13.5,,,0.7,15.82,41.7,34.9,2.0,2.0,,,20.3,18.76,-2.089,5.0,0
2022-01-17,US_MIDWEST,"Chicago, IL",-5.271,-14.3,5.2,0.0,0,4.76,1,6.8,15.0,34.4,56.9,0,7,0,7,Open-Meteo Historical Weather API,ERA5,2022,1,1,3,WINTER,,,,,,,,,,0.0,0,0,1,0,0,0,-3.843,-7.671,,,0.2,3.6,,,2.24,0.7,34.7,41.7,0.0,2.0,,,17.3,23.52,-3.95,4.0,0
2022-01-24,US_MIDWEST,"Chicago, IL",-9.014,-20.8,-0.6,0.0,0,6.16,2,8.8,28.0,27.3,45.0,0,7,0,7,Open-Meteo Historical Weather API,ERA5,2022,1,1,4,WINTER,,,,,,,,,,0.0,0,0,1,0,0,0,-5.271,-3.843,,,0.0,0.2,,,4.76,2.24,34.4,34.7,0.0,0.0,,,3.8,13.86,-6.45,2.0,0
2022-01-31,US_MIDWEST,"Chicago, IL",-4.443,-14.0,6.0,3.7,1,9.87,2,17.8,54.0,32.4,54.0,0,7,1,7,Open-Meteo Historical Weather API,ERA5,2022,1,1,5,WINTER,,,,,,,,,,119.88,0,0,1,0,0,0,-9.014,-5.271,,,0.0,0.0,,,6.16,4.76,27.3,34.4,0.0,0.0,,,3.9,23.03,-5.643,1.0,0
2022-02-07,US_MIDWEST,"Chicago, IL",-2.971,-10.6,6.8,0.7,0,2.66,1,4.5,14.0,35.8,60.5,0,7,0,7,Open-Meteo Historical Weather API,ERA5,2022,2,1,6,WINTER,,,,,,,,,,25.06,0,0,1,0,0,0,-4.443,-9.014,,,3.7,0.0,,,9.87,6.16,32.4,27.3,1.0,0.0,,,4.4,23.45,-5.425,1.0,0
2022-02-14,US_MIDWEST,"Chicago, IL",-2.529,-14.6,10.9,16.4,2,4.27,1,22.5,25.0,39.3,68.8,0,6,1,7,Open-Meteo Historical Weather API,ERA5,2022,2,1,7,WINTER,,,,,,,,,,644.52,0,0,1,0,0,0,-2.971,-4.443,,,0.7,3.7,,,2.66,9.87,35.8,32.4,0.0,1.0,,,20.8,22.96,-4.739,2.0,0
2022-02-21,US_MIDWEST,"Chicago, IL",-2.086,-9.9,8.5,15.7,1,4.34,2,21.9,40.0,28.1,50.0,0,7,1,7,Open-Meteo Historical Weather API,ERA5,2022,2,1,8,WINTER,,,,,,,,,,441.17,0,0,1,0,0,0,-2.529,-2.971,,,16.4,0.7,,,4.27,2.66,39.3,35.8,1.0,0.0,,,36.5,21.14,-3.007,3.0,0
2022-02-28,US_MIDWEST,"Chicago, IL",3.643,-3.5,17.4,2.8,1,0.0,0,2.8,7.0,43.9,81.4,1,5,0,7,Open-Meteo Historical Weather API,ERA5,2022,2,1,9,WINTER,,,,,,,,,,122.92,0,0,0,0,0,0,-2.086,-2.529,,,15.7,16.4,,,4.34,4.27,28.1,39.3,1.0,1.0,,,35.6,11.27,-0.986,2.0,0
2022-03-07,US_MIDWEST,"Chicago, IL",-1.843,-11.8,9.9,1.0,1,6.93,1,10.9,35.0,30.0,53.6,0,7,1,7,Open-Meteo Historical Weather API,ERA5,2022,3,1,10,SPRING,,,,,,,,,,30.0,0,0,1,0,0,0,3.643,-2.086,,,2.8,15.7,,,0.0,4.34,43.9,28.1,0.0,1.0,,,35.9,15.54,-0.704,3.0,0
2022-03-14,US_MIDWEST,"Chicago, IL",6.229,-0.5,17.5,14.4,2,0.0,0,14.4,30.0,28.1,47.5,0,3,2,7,Open-Meteo Historical Weather API,ERA5,2022,3,1,11,SPRING,,,,,,,,,,404.64,0,0,0,0,1,0,-1.843,3.643,,,1.0,2.8,,,6.93,0.0,30.0,43.9,1.0,0.0,,,33.9,11.27,1.486,4.0,0
2022-03-21,US_MIDWEST,"Chicago, IL",5.243,-4.3,19.5,35.2,3,0.14,0,35.4,67.0,30.6,56.2,0,4,1,7,Open-Meteo Historical Weather API,ERA5,2022,3,1,12,SPRING,,,,,,,,,,1077.12,0,0,0,0,0,0,6.229,-1.843,,,14.4,1.0,,,0.0,6.93,28.1,30.0,2.0,1.0,,,53.4,7.07,3.318,4.0,0
2022-03-28,US_MIDWEST,"Chicago, IL",2.643,-4.9,13.8,60.9,3,0.98,0,62.3,55.0,31.7,52.6,0,6,2,7,Open-Meteo Historical Weather API,ERA5,2022,3,1,13,SPRING,,,,,,,,,,1930.53,1,0,0,0,1,0,5.243,6.229,,,35.2,14.4,,,0.14,0.0,30.6,28.1,1.0,2.0,,,111.5,8.05,3.068,6.0,0
2022-04-04,US_MIDWEST,"Chicago, IL",5.929,-0.4,13.7,26.3,4,0.0,0,26.3,50.0,35.3,59.4,0,2,1,7,Open-Meteo Historical Weather API,ERA5,2022,4,2,14,SPRING,,,,,,,,,,928.39,0,0,0,0,0,0,2.643,5.243,,,60.9,35.2,,,0.98,0.14,31.7,30.6,2.0,1.0,,,136.8,1.12,5.011,6.0,0
2022-04-11,US_MIDWEST,"Chicago, IL",8.029,-0.3,18.2,11.7,2,0.0,0,11.7,21.0,46.6,82.1,1,2,0,7,Open-Meteo Historical Weather API,ERA5,2022,4,2,15,SPRING,,,,,,,,,,545.22,0,0,0,0,0,0,5.929,2.643,,,26.3,60.9,,,0.0,0.98,35.3,31.7,1.0,2.0,,,134.1,1.12,5.461,4.0,0
2022-04-18,US_MIDWEST,"Chicago, IL",10.157,1.0,24.0,32.7,5,1.54,1,34.9,63.0,34.2,73.1,0,2,1,7,Open-Meteo Historical Weather API,ERA5,2022,4,2,16,SPRING,,,,,,,,,,1118.34,0,0,0,0,0,0,8.029,5.929,,,11.7,26.3,,,0.0,0.0,46.6,35.3,0.0,1.0,,,131.6,2.52,6.69,4.0,0
2022-04-25,US_MIDWEST,"Chicago, IL",8.143,1.0,16.0,16.7,2,0.0,0,16.7,27.0,31.4,58.3,0,1,0,7,Open-Meteo Historical Weather API,ERA5,2022,4,2,17,SPRING,,,,,,,,,,524.38,0,0,0,0,0,0,10.157,8.029,,,32.7,11.7,,,1.54,0.0,34.2,46.6,1.0,0.0,,,87.4,1.54,8.065,2.0,0
2022-05-02,US_MIDWEST,"Chicago, IL",8.457,4.1,15.1,48.1,3,0.0,0,48.1,46.0,34.8,58.0,0,0,0,7,Open-Meteo Historical Weather API,ERA5,2022,5,2,18,SPRING,,,,,,,,,,1673.88,0,0,0,0,0,0,8.143,10.157,,,16.7,32.7,,,0.0,1.54,31.4,34.2,0.0,1.0,,,109.2,1.54,8.696,1.0,0
2022-05-09,US_MIDWEST,"Chicago, IL",20.529,11.4,26.9,3.2,1,0.0,0,3.2,16.0,32.0,53.6,0,0,0,7,Open-Meteo Historical Weather API,ERA5,2022,5,2,19,SPRING,,,,,,,,,,102.4,0,0,0,0,0,0,8.457,8.143,,,48.1,16.7,,,0.0,0.0,34.8,31.4,0.0,0.0,,,100.7,1.54,11.822,1.0,0
2022-05-16,US_MIDWEST,"Chicago, IL",15.557,9.8,27.3,40.9,3,0.0,0,40.9,32.0,36.7,66.6,0,0,0,7,Open-Meteo Historical Weather API,ERA5,2022,5,2,20,SPRING,,,,,,,,,,1501.03,0,0,0,0,0,0,20.529,8.457,,,3.2,48.1,,,0.0,0.0,32.0,34.8,0.0,0.0,,,108.9,0.0,13.172,0.0,0
2022-05-23,US_MIDWEST,"Chicago, IL",15.129,8.5,24.9,25.9,3,0.0,0,25.9,42.0,29.4,53.3,0,0,0,7,Open-Meteo Historical Weather API,ERA5,2022,5,2,21,SPRING,,,,,,,,,,761.46,0,0,0,0,0,0,15.557,20.529,,,40.9,3.2,,,0.0,0.0,36.7,32.0,0.0,0.0,,,118.1,0.0,14.918,0.0,0
2022-05-30,US_MIDWEST,"Chicago, IL",19.329,11.9,27.4,6.6,3,0.0,0,6.6,17.0,30.3,51.1,0,0,0,7,Open-Meteo Historical Weather API,ERA5,2022,5,2,22,SPRING,,,,,,,,,,199.98,0,0,0,0,0,0,15.129,15.557,,,25.9,40.9,,,0.0,0.0,29.4,36.7,0.0,0.0,,,76.6,0.0,17.636,0.0,0
2022-06-06,US_MIDWEST,"Chicago, IL",16.686,11.4,23.8,35.1,3,0.0,0,35.1,34.0,21.0,45.0,0,0,0,7,Open-Meteo Historical Weather API,ERA5,2022,6,2,23,SUMMER,,,,,,,,,,737.1,0,0,0,0,0,0,19.329,15.129,,,6.6,25.9,,,0.0,0.0,30.3,29.4,0.0,0.0,,,108.5,0.0,16.675,0.0,0
2022-06-13,US_MIDWEST,"Chicago, IL",23.057,11.8,32.2,20.1,2,0.0,0,20.1,9.0,31.1,51.1,0,0,0,7,Open-Meteo Historical Weather API,ERA5,2022,6,2,24,SUMMER,,,,,,,,,,625.11,0,0,0,0,0,0,16.686,19.329,,,35.1,6.6,,,0.0,0.0,21.0,30.3,0.0,0.0,,,87.7,0.0,18.55,0.0,0
2022-06-20,US_MIDWEST,"Chicago, IL",23.929,17.5,33.1,18.3,2,0.0,0,18.3,12.0,26.8,45.7,0,0,0,7,Open-Meteo Historical Weather API,ERA5,2022,6,2,25,SUMMER,,,,,,,,,,490.44,0,0,0,0,0,0,23.057,16.686,,,20.1,35.1,,,0.0,0.0,31.1,21.0,0.0,0.0,,,80.1,0.0,20.75,0.0,0
2022-06-27,US_MIDWEST,"Chicago, IL",22.329,14.9,30.0,0.5,0,0.0,0,0.5,4.0,26.5,44.6,0,0,0,7,Open-Meteo Historical Weather API,ERA5,2022,6,2,26,SUMMER,,,,,,,,,,13.25,0,0,0,0,0,0,23.929,23.057,,,18.3,20.1,,,0.0,0.0,26.8,31.1,0.0,0.0,,,74.0,0.0,21.5,0.0,0
2022-07-04,US_MIDWEST,"Chicago, IL",22.614,15.7,29.2,28.1,3,0.0,0,28.1,35.0,30.0,52.9,0,0,0,7,Open-Meteo Historical Weather API,ERA5,2022,7,3,27,SUMMER,21.571,24.7,0.0,1.043,3.4,0.0,0.138,0.0,0.0,843.0,0,0,0,0,0,0,22.329,23.929,,,0.5,18.3,,,0.0,0.0,26.5,26.8,0.0,0.0,,,67.0,0.0,22.982,0.0,1
2022-07-11,US_MIDWEST,"Chicago, IL",22.0,16.4,28.6,23.4,4,0.0,0,23.4,44.0,24.6,44.6,0,0,0,7,Open-Meteo Historical Weather API,ERA5,2022,7,3,28,SUMMER,21.343,15.0,0.0,0.657,8.4,0.0,0.56,0.0,0.0,575.64,0,0,0,0,0,0,22.614,22.329,1.043,,28.1,0.5,3.4,,0.0,0.0,30.0,26.5,0.0,0.0,0.0,,70.3,0.0,22.718,0.0,1
2022-07-18,US_MIDWEST,"Chicago, IL",25.857,19.9,31.7,13.5,2,0.0,0,13.5,18.0,28.9,48.2,0,0,0,7,Open-Meteo Historical Weather API,ERA5,2022,7,3,29,SUMMER,23.414,4.5,0.0,2.443,9.0,0.0,2.0,0.0,0.0,390.15,0,0,0,0,0,0,22.0,22.614,0.657,1.043,23.4,28.1,8.4,3.4,0.0,0.0,24.6,30.0,0.0,0.0,0.0,0.0,65.5,0.0,23.2,0.0,1
2022-07-25,US_MIDWEST,"Chicago, IL",22.457,16.6,27.7,1.7,1,0.0,0,1.7,12.0,17.2,35.6,0,0,0,7,Open-Meteo Historical Weather API,ERA5,2022,7,3,30,SUMMER,23.129,0.9,0.0,-0.672,0.8,0.0,0.8,1.142,0.0,29.24,0,0,0,0,0,0,25.857,22.0,2.443,0.657,13.5,23.4,9.0,8.4,0.0,0.0,28.9,24.6,0.0,0.0,0.0,0.0,66.7,0.0,23.232,0.0,1
2022-08-01,US_MIDWEST,"Chicago, IL",25.014,19.4,31.4,19.0,3,0.0,0,19.0,31.0,26.4,48.6,0,0,0,7,Open-Meteo Historical Weather API,ERA5,2022,8,3,31,SUMMER,22.986,10.7,0.0,2.028,8.3,0.0,0.776,0.0,0.0,501.6,0,0,0,0,0,0,22.457,25.857,-0.672,2.443,1.7,13.5,0.8,9.0,0.0,0.0,17.2,28.9,0.0,0.0,1.142,0.0,57.6,0.0,23.832,0.0,1
2022-08-08,US_MIDWEST,"Chicago, IL",21.114,15.0,27.3,16.0,3,0.0,0,16.0,25.0,29.1,48.6,0,0,0,7,Open-Meteo Historical Weather API,ERA5,2022,8,3,32,SUMMER,23.9,24.9,0.0,-2.786,-8.9,0.0,-0.357,44.576,0.0,465.6,0,0,0,0,0,0,25.014,22.457,2.028,-0.672,19.0,1.7,8.3,0.8,0.0,0.0,26.4,17.2,0.0,0.0,0.0,1.142,50.2,0.0,23.61,0.0,1
2022-08-15,US_MIDWEST,"Chicago, IL",21.586,15.7,27.6,16.4,2,0.0,0,16.4,26.0,21.9,38.5,0,0,0,7,Open-Meteo Historical Weather API,ERA5,2022,8,3,33,SUMMER,23.686,6.0,0.0,-2.1,10.4,0.0,1.733,34.44,0.0,359.16,0,0,0,0,0,0,21.114,25.014,-2.786,2.028,16.0,19.0,-8.9,8.3,0.0,0.0,29.1,26.4,0.0,0.0,44.576,0.0,53.1,0.0,22.543,0.0,1
2022-08-22,US_MIDWEST,"Chicago, IL",22.071,15.0,29.8,17.3,2,0.0,0,17.3,15.0,22.8,44.3,0,0,0,7,Open-Meteo Historical Weather API,ERA5,2022,8,3,34,SUMMER,25.686,21.0,0.0,-3.615,-3.7,0.0,-0.176,62.539,0.0,394.44,0,0,0,0,0,0,21.586,21.114,-2.1,-2.786,16.4,16.0,10.4,-8.9,0.0,0.0,21.9,29.1,0.0,0.0,34.44,44.576,68.7,0.0,22.446,0.0,1
2022-08-29,US_MIDWEST,"Chicago, IL",22.929,16.7,28.6,5.8,3,0.0,0,5.8,13.0,24.5,44.6,0,0,0,7,Open-Meteo Historical Weather API,ERA5,2022,8,3,35,SUMMER,21.586,2.9,0.0,1.343,2.9,0.0,1.0,0.0,0.0,142.1,0,0,0,0,0,0,22.071,21.586,-3.615,-2.1,17.3,16.4,-3.7,10.4,0.0,0.0,22.8,21.9,0.0,0.0,62.539,34.44,55.5,0.0,21.925,0.0,1
2022-09-05,US_MIDWEST,"Chicago, IL",20.686,15.2,27.1,46.2,2,0.0,0,46.2,30.0,31.2,71.6,0,0,0,7,Open-Meteo Historical Weather API,ERA5,2022,9,3,36,FALL,21.129,13.9,0.0,-0.443,32.3,0.0,2.324,20.467,0.0,1441.44,0,0,0,0,0,0,22.929,22.071,1.343,-3.615,5.8,17.3,2.9,-3.7,0.0,0.0,24.5,22.8,0.0,0.0,0.0,62.539,85.7,0.0,21.818,0.0,1
2022-09-12,US_MIDWEST,"Chicago, IL",19.971,13.3,27.0,4.4,1,0.0,0,4.4,11.0,26.2,50.4,0,0,0,7,Open-Meteo Historical Weather API,ERA5,2022,9,3,37,FALL,21.971,3.3,0.0,-2.0,1.1,0.0,0.333,8.8,0.0,115.28,0,0,0,0,0,0,20.686,22.929,-0.443,1.343,46.2,5.8,32.3,2.9,0.0,0.0,31.2,24.5,0.0,0.0,20.467,0.0,73.7,0.0,21.414,0.0,1
2022-09-19,US_MIDWEST,"Chicago, IL",18.114,10.6,28.2,11.6,3,0.0,0,11.6,32.0,27.9,50.8,0,0,0,7,Open-Meteo Historical Weather API,ERA5,2022,9,3,38,FALL,17.814,24.1,0.0,0.3,-12.5,0.0,-0.519,0.0,0.0,323.64,0,0,0,0,0,0,19.971,20.686,-2.0,-0.443,4.4,46.2,1.1,32.3,0.0,0.0,26.2,31.2,0.0,0.0,8.8,20.467,68.0,0.0,20.425,0.0,1
2022-09-26,US_MIDWEST,"Chicago, IL",12.857,7.4,18.5,0.8,0,0.0,0,0.8,8.0,30.2,56.5,0,0,0,7,Open-Meteo Historical Weather API,ERA5,2022,9,3,39,FALL,20.171,21.7,0.0,-7.314,-20.9,0.0,-0.963,5.851,0.0,24.16,0,0,0,0,0,0,18.114,19.971,0.3,-2.0,11.6,4.4,-12.5,1.1,0.0,0.0,27.9,26.2,0.0,0.0,0.0,8.8,63.0,0.0,17.907,0.0,1
2022-10-03,US_MIDWEST,"Chicago, IL",12.6,3.1,23.4,3.2,2,0.0,0,3.2,15.0,34.3,60.1,0,0,0,7,Open-Meteo Historical Weather API,ERA5,2022,10,4,40,FALL,19.057,22.1,0.0,-6.457,-18.9,0.0,-0.855,20.662,0.0,109.76,0,0,0,0,0,0,12.857,18.114,-7.314,0.3,0.8,11.6,-20.9,-12.5,0.0,0.0,30.2,27.9,0.0,0.0,5.851,0.0,20.0,0.0,15.886,0.0,1
2022-10-10,US_MIDWEST,"Chicago, IL",10.729,2.3,20.1,16.9,3,0.0,0,16.9,21.0,35.5,63.4,0,0,0,7,Open-Meteo Historical Weather API,ERA5,2022,10,4,41,FALL,15.686,37.0,0.0,-4.957,-20.1,0.0,-0.543,83.773,0.0,599.95,0,0,0,0,0,0,12.6,12.857,-6.457,-7.314,3.2,0.8,-18.9,-20.9,0.0,0.0,34.3,30.2,0.0,0.0,20.662,5.851,32.5,0.0,13.575,0.0,1
2022-10-17,US_MIDWEST,"Chicago, IL",10.314,1.4,23.7,1.2,1,0.0,0,1.2,12.0,38.7,73.8,0,2,1,7,Open-Meteo Historical Weather API,ERA5,2022,10,4,42,FALL,11.871,36.2,0.0,-1.557,-35.0,0.0,-0.967,1.868,0.0,46.44,0,0,0,0,0,0,10.729,12.6,-4.957,-6.457,16.9,3.2,-20.1,-18.9,0.0,0.0,35.5,34.3,0.0,0.0,83.773,20.662,22.1,0.0,11.625,1.0,1
2022-10-24,US_MIDWEST,"Chicago, IL",11.314,3.5,21.6,35.7,3,0.0,0,35.7,33.0,34.3,56.9,0,0,0,7,Open-Meteo Historical Weather API,ERA5,2022,10,4,43,FALL,10.414,43.8,0.0,0.9,-8.1,0.0,-0.185,0.0,0.0,1224.51,0,0,0,0,0,0,10.314,10.729,-1.557,-4.957,1.2,16.9,-35.0,-20.1,0.0,0.0,38.7,35.5,1.0,0.0,1.868,83.773,57.0,0.0,11.239,1.0,1
2022-10-31,US_MIDWEST,"Chicago, IL",13.629,6.6,20.7,11.2,2,0.0,0,11.2,18.0,51.9,87.1,1,0,0,7,Open-Meteo Historical Weather API,ERA5,2022,10,4,44,FALL,6.071,0.0,0.0,7.558,11.2,0.0,11.2,0.0,0.0,581.28,0,0,0,0,0,0,11.314,10.314,0.9,-1.557,35.7,1.2,-8.1,-35.0,0.0,0.0,34.3,38.7,0.0,1.0,0.0,1.868,65.0,0.0,11.497,1.0,1
2022-11-07,US_MIDWEST,"Chicago, IL",8.171,-0.8,21.9,2.0,1,0.0,0,2.0,7.0,27.0,48.6,0,2,0,7,Open-Meteo Historical Weather API,ERA5,2022,11,4,45,FALL,7.557,9.6,0.35,0.614,-7.6,-0.35,-0.792,0.0,0.0,54.0,0,0,0,0,0,0,13.629,11.314,7.558,0.9,11.2,35.7,11.2,-8.1,0.0,0.0,51.9,34.3,0.0,0.0,0.0,0.0,50.1,0.0,10.857,1.0,1
2022-11-14,US_MIDWEST,"Chicago, IL",-1.1,-9.7,4.4,6.4,2,4.06,2,12.2,46.0,35.0,65.5,0,7,2,7,Open-Meteo Historical Weather API,ERA5,2022,11,4,46,FALL,4.329,12.0,0.42,-5.429,-5.6,3.64,-0.467,34.746,22.042,224.0,0,0,1,0,1,0,8.171,13.629,0.614,7.558,2.0,11.2,-7.6,11.2,0.0,0.0,27.0,51.9,0.0,0.0,0.0,0.0,55.3,4.06,8.004,2.0,1
2022-11-21,US_MIDWEST,"Chicago, IL",5.043,-1.5,12.7,9.5,2,0.0,0,9.5,17.0,31.3,52.9,0,2,0,7,Open-Meteo Historical Weather API,ERA5,2022,11,4,47,FALL,1.343,5.0,0.0,3.7,4.5,0.0,0.9,0.0,0.0,297.35,0,0,0,0,0,0,-1.1,8.171,-5.429,0.614,6.4,2.0,-5.6,-7.6,4.06,0.0,35.0,27.0,2.0,0.0,34.746,0.0,29.1,4.06,6.436,2.0,1
2022-11-28,US_MIDWEST,"Chicago, IL",1.843,-6.8,13.3,5.5,3,0.0,0,5.5,16.0,38.5,65.5,0,5,1,7,Open-Meteo Historical Weather API,ERA5,2022,11,4,48,FALL,4.786,13.4,0.14,-2.943,-7.9,-0.14,-0.59,16.186,0.0,211.75,0,0,0,0,0,0,5.043,-1.1,3.7,-5.429,9.5,6.4,4.5,-5.6,0.0,4.06,31.3,35.0,0.0,2.0,0.0,34.746,23.4,4.06,3.489,3.0,1
2022-12-05,US_MIDWEST,"Chicago, IL",3.214,-1.2,6.0,8.8,1,3.5,1,13.8,21.0,24.2,46.1,0,7,1,7,Open-Meteo Historical Weather API,ERA5,2022,12,4,49,WINTER,1.1,19.8,0.28,2.114,-11.0,3.22,-0.556,0.0,0.0,212.96,0,0,0,0,0,0,1.843,5.043,-2.943,3.7,5.5,9.5,-7.9,4.5,0.0,0.0,38.5,31.3,1.0,0.0,16.186,0.0,30.2,7.56,2.25,4.0,1
2022-12-12,US_MIDWEST,"Chicago, IL",0.157,-7.9,6.5,38.4,2,0.35,0,38.9,40.0,31.9,60.5,0,7,2,7,Open-Meteo Historical Weather API,ERA5,2022,12,4,50,WINTER,4.857,7.7,0.84,-4.7,30.7,-0.49,3.987,180.48,1.645,1224.96,0,0,0,0,1,0,3.214,1.843,2.114,-2.943,8.8,5.5,-11.0,-7.9,3.5,0.0,24.2,38.5,1.0,1.0,0.0,16.186,62.2,3.85,2.564,4.0,1
2022-12-19,US_MIDWEST,"Chicago, IL",-9.1,-22.1,1.1,0.1,0,4.55,1,6.6,26.0,41.8,77.0,1,7,0,7,Open-Meteo Historical Weather API,ERA5,2022,12,4,51,WINTER,2.171,3.0,0.0,-11.271,-2.9,4.55,-0.967,1.127,51.283,4.18,0,0,1,0,0,0,0.157,3.214,-4.7,2.114,38.4,8.8,30.7,-11.0,0.35,3.5,31.9,24.2,2.0,1.0,180.48,0.0,52.8,8.4,-0.971,4.0,1
2022-12-26,US_MIDWEST,"Chicago, IL",0.886,-11.4,13.0,6.7,1,0.49,0,7.4,21.0,34.4,55.4,0,5,1,7,Open-Meteo Historical Weather API,ERA5,2022,12,4,52,WINTER,0.986,13.5,15.82,-0.1,-6.8,-15.33,-0.504,0.67,0.049,230.48,0,0,0,0,0,0,-9.1,0.157,-11.271,-4.7,0.1,38.4,-2.9,30.7,4.55,0.35,41.8,31.9,0.0,2.0,1.127,180.48,54.0,8.89,-1.211,4.0,1
2023-01-02,US_MIDWEST,"Chicago, IL",1.071,-2.6,8.2,16.1,1,0.84,0,17.3,33.0,20.2,37.8,0,6,0,7,Open-Meteo Historical Weather API,ERA5,2023,1,1,1,WINTER,-7.671,3.6,0.7,8.742,12.5,0.14,3.472,0.0,0.0,325.22,0,0,0,0,0,0,0.886,-9.1,-0.1,-11.271,6.7,0.1,-6.8,-2.9,0.49,4.55,34.4,41.8,1.0,0.0,0.67,1.127,61.3,6.23,-1.746,3.0,1
2023-01-09,US_MIDWEST,"Chicago, IL",1.457,-3.7,8.1,0.3,0,0.0,0,0.3,3.0,31.7,56.5,0,6,0,7,Open-Meteo Historical Weather API,ERA5,2023,1,1,2,WINTER,-3.843,0.2,2.24,5.3,0.1,-2.24,0.1,0.0,0.0,9.51,0,0,0,0,0,0,1.071,0.886,8.742,-0.1,16.1,6.7,12.5,-6.8,0.84,0.49,20.2,34.4,0.0,1.0,0.0,0.67,23.2,5.88,-1.421,1.0,1
2023-01-16,US_MIDWEST,"Chicago, IL",1.971,-1.9,9.0,19.3,3,2.03,1,22.2,63.0,32.8,53.3,0,7,3,7,Open-Meteo Historical Weather API,ERA5,2023,1,1,3,WINTER,-5.271,0.0,4.76,7.242,19.3,-2.73,19.3,0.0,0.0,633.04,0,0,0,0,1,0,1.457,1.071,5.3,8.742,0.3,16.1,0.1,12.5,0.0,0.84,31.7,20.2,0.0,0.0,0.0,0.0,42.4,3.36,1.346,4.0,1
2023-01-23,US_MIDWEST,"Chicago, IL",-2.486,-9.5,2.0,0.0,0,13.37,4,19.1,68.0,32.3,58.0,0,7,0,7,Open-Meteo Historical Weather API,ERA5,2023,1,1,4,WINTER,-9.014,0.0,6.16,6.528,0.0,7.21,0.0,0.0,0.0,0.0,0,0,1,0,0,0,1.971,1.457,7.242,5.3,19.3,0.3,19.3,0.1,2.03,0.0,32.8,31.7,3.0,0.0,0.0,0.0,35.7,16.24,0.503,3.0,1
2023-01-30,US_MIDWEST,"Chicago, IL",-7.5,-16.6,4.6,0.0,0,0.63,0,0.9,7.0,31.1,51.5,0,7,0,7,Open-Meteo Historical Weather API,ERA5,2023,1,1,5,WINTER,-4.443,3.7,9.87,-3.057,-3.7,-9.24,-1.0,0.0,1.926,0.0,0,0,1,0,0,0,-2.486,1.971,6.528,7.242,0.0,19.3,0.0,19.3,13.37,2.03,32.3,32.8,0.0,3.0,0.0,0.0,19.6,16.03,-1.639,3.0,1
2023-02-06,US_MIDWEST,"Chicago, IL",2.014,-4.5,9.9,19.8,1,0.0,0,19.8,24.0,37.3,62.6,0,7,1,7,Open-Meteo Historical Weather API,ERA5,2023,2,1,6,WINTER,-2.971,0.7,2.66,4.985,19.1,-2.66,19.1,0.0,0.0,738.54,0,0,0,0,0,0,-7.5,-2.486,-3.057,6.528,0.0,0.0,-3.7,0.0,0.63,13.37,31.1,32.3,0.0,0.0,0.0,0.0,39.1,16.03,-1.5,4.0,1
2023-02-13,US_MIDWEST,"Chicago, IL",2.557,-7.5,11.2,7.8,3,7.0,1,17.8,31.0,40.2,68.8,1,4,1,7,Open-Meteo Historical Weather API,ERA5,2023,2,1,7,WINTER,-2.529,16.4,4.27,5.086,-8.6,2.73,-0.524,0.0,0.0,313.56,0,0,0,0,0,0,2.014,-7.5,4.985,-3.057,19.8,0.0,19.1,-3.7,0.0,0.63,37.3,31.1,1.0,0.0,0.0,0.0,27.6,21.0,-1.354,2.0,1
2023-02-20,US_MIDWEST,"Chicago, IL",-0.043,-6.0,6.0,28.5,2,0.49,0,29.2,28.0,34.0,59.0,0,7,2,7,Open-Meteo Historical Weather API,ERA5,2023,2,1,8,WINTER,-2.086,15.7,4.34,2.043,12.8,-3.85,0.815,0.0,0.0,969.0,0,0,1,0,1,0,2.557,2.014,5.086,4.985,7.8,19.8,-8.6,19.1,7.0,0.0,40.2,37.3,1.0,1.0,0.0,0.0,56.1,8.12,-0.743,4.0,1
2023-02-27,US_MIDWEST,"Chicago, IL",3.429,-1.3,12.1,30.5,4,3.43,1,35.4,31.0,33.5,74.5,0,5,2,7,Open-Meteo Historical Weather API,ERA5,2023,2,1,9,WINTER,3.643,2.8,0.0,-0.214,27.7,3.43,9.893,6.527,0.734,1021.75,0,0,0,0,1,0,-0.043,2.557,2.043,5.086,28.5,7.8,12.8,-8.6,0.49,7.0,34.0,40.2,2.0,1.0,0.0,0.0,86.6,10.92,1.989,6.0,1
2023-03-06,US_MIDWEST,"Chicago, IL",2.486,-1.0,11.2,10.7,2,9.03,3,23.6,54.0,26.5,57.6,0,6,1,7,Open-Meteo Historical Weather API,ERA5,2023,3,1,10,SPRING,-1.843,1.0,6.93,4.329,9.7,2.1,9.7,0.0,0.0,283.55,0,0,0,0,0,0,3.429,-0.043,-0.214,2.043,30.5,28.5,27.7,12.8,3.43,0.49,33.5,34.0,2.0,2.0,6.527,0.0,77.5,19.95,2.107,6.0,1
2023-03-13,US_MIDWEST,"Chicago, IL",-0.257,-9.8,8.8,9.3,2,0.42,0,9.9,18.0,33.9,60.1,0,6,1,7,Open-Meteo Historical Weather API,ERA5,2023,3,1,11,SPRING,6.229,14.4,0.0,-6.486,-5.1,0.42,-0.354,60.32,2.724,315.27,0,0,1,0,0,0,2.486,3.429,4.329,-0.214,10.7,30.5,9.7,27.7,9.03,3.43,26.5,33.5,1.0,2.0,0.0,6.527,79.0,13.37,1.404,6.0,1
2023-03-20,US_MIDWEST,"Chicago, IL",3.986,-1.5,10.3,33.6,5,4.34,1,39.8,52.0,33.5,56.9,0,5,4,7,Open-Meteo Historical Weather API,ERA5,2023,3,1,12,SPRING,5.243,35.2,0.14,-1.257,-1.6,4.2,-0.045,42.235,5.455,1125.6,0,0,0,0,1,0,-0.257,2.486,-6.486,4.329,9.3,10.7,-5.1,9.7,0.42,9.03,33.9,26.5,1.0,1.0,60.32,0.0,84.1,17.22,2.411,8.0,1
2023-03-27,US_MIDWEST,"Chicago, IL",4.614,-2.8,17.0,29.8,1,0.21,0,30.1,24.0,37.4,72.4,0,6,0,7,Open-Meteo Historical Weather API,ERA5,2023,3,1,13,SPRING,2.643,60.9,0.98,1.971,-31.1,-0.77,-0.511,0.0,0.0,1114.52,0,0,0,0,0,0,3.986,-0.257,-1.257,-6.486,33.6,9.3,-1.6,-5.1,4.34,0.42,33.5,33.9,4.0,1.0,42.235,60.32,83.4,14.0,2.707,6.0,1
2023-04-03,US_MIDWEST,"Chicago, IL",8.371,0.4,19.4,35.4,3,0.0,0,35.4,37.0,38.5,68.4,0,1,0,7,Open-Meteo Historical Weather API,ERA5,2023,4,2,14,SPRING,5.929,26.3,0.0,2.442,9.1,0.0,0.346,0.0,0.0,1362.9,0,0,0,0,0,0,4.614,3.986,1.971,-1.257,29.8,33.6,-31.1,-1.6,0.21,4.34,37.4,33.5,0.0,4.0,0.0,42.235,108.1,4.97,4.178,5.0,1
2023-04-10,US_MIDWEST,"Chicago, IL",15.586,1.6,23.9,12.1,2,0.14,0,12.3,28.0,34.6,63.0,0,0,0,7,Open-Meteo Historical Weather API,ERA5,2023,4,2,15,SPRING,8.029,11.7,0.0,7.557,0.4,0.14,0.034,0.0,0.0,418.66,0,0,0,0,0,0,8.371,4.614,2.442,1.971,35.4,29.8,9.1,-31.1,0.0,0.21,38.5,37.4,0.0,0.0,0.0,0.0,110.9,4.69,8.139,4.0,1
2023-04-17,US_MIDWEST,"Chicago, IL",7.429,-0.0,22.3,9.7,2,0.98,0,11.1,44.0,34.0,61.9,0,2,1,7,Open-Meteo Historical Weather API,ERA5,2023,4,2,16,SPRING,10.157,32.7,1.54,-2.728,-23.0,-0.56,-0.703,26.462,2.673,329.8,0,0,0,0,0,0,15.586,8.371,7.557,2.442,12.1,35.4,0.4,9.1,0.14,0.0,34.6,38.5,0.0,0.0,0.0,0.0,87.0,1.33,9.0,1.0,1
2023-04-24,US_MIDWEST,"Chicago, IL",6.657,1.5,14.2,9.5,3,0.0,0,9.5,33.0,28.6,50.8,0,2,1,7,Open-Meteo Historical Weather API,ERA5,2023,4,2,17,SPRING,8.143,16.7,0.0,-1.486,-7.2,0.0,-0.431,14.117,0.0,271.7,0,0,0,0,0,0,7.429,15.586,-2.728,7.557,9.7,12.1,-23.0,0.4,0.98,0.14,34.0,34.6,1.0,0.0,26.462,0.0,66.7,1.12,9.511,2.0,1
2023-05-01,US_MIDWEST,"Chicago, IL",11.371,4.0,23.8,30.3,3,0.0,0,30.3,45.0,35.6,68.4,0,0,0,7,Open-Meteo Historical Weather API,ERA5,2023,5,2,18,SPRING,8.457,48.1,0.0,2.914,-17.8,0.0,-0.37,0.0,0.0,1078.68,0,0,0,0,0,0,6.657,7.429,-1.486,-2.728,9.5,9.7,-7.2,-23.0,0.0,0.98,28.6,34.0,1.0,1.0,14.117,26.462,61.6,1.12,10.261,2.0,1
2023-05-08,US_MIDWEST,"Chicago, IL",13.457,7.5,22.3,22.2,3,0.0,0,22.2,33.0,21.9,37.4,0,0,0,7,Open-Meteo Historical Weather API,ERA5,2023,5,2,19,SPRING,20.529,3.2,0.0,-7.072,19.0,0.0,5.938,156.998,0.0,486.18,0,0,0,0,0,0,11.371,6.657,2.914,-1.486,30.3,9.5,-17.8,-7.2,0.0,0.0,35.6,28.6,0.0,1.0,0.0,14.117,71.7,0.98,9.728,2.0,1
2023-05-15,US_MIDWEST,"Chicago, IL",13.7,6.9,23.5,1.8,1,0.0,0,1.8,7.0,24.5,44.3,0,0,0,7,Open-Meteo Historical Weather API,ERA5,2023,5,2,20,SPRING,15.557,40.9,0.0,-1.857,-39.1,0.0,-0.956,3.343,0.0,44.1,0,0,0,0,0,0,13.457,11.371,-7.072,2.914,22.2,30.3,19.0,-17.8,0.0,0.0,21.9,35.6,0.0,0.0,156.998,0.0,63.8,0.0,11.296,1.0,1
2023-05-22,US_MIDWEST,"Chicago, IL",14.329,7.4,22.1,0.0,0,0.0,0,0.0,0.0,28.3,50.8,0,0,0,7,Open-Meteo Historical Weather API,ERA5,2023,5,2,21,SPRING,15.129,25.9,0.0,-0.8,-25.9,0.0,-1.0,0.0,0.0,0.0,0,0,0,0,0,0,13.7,13.457,-1.857,-7.072,1.8,22.2,-39.1,19.0,0.0,0.0,24.5,21.9,0.0,0.0,3.343,156.998,54.3,0.0,13.214,0.0,1
2023-05-29,US_MIDWEST,"Chicago, IL",20.014,11.1,26.8,1.6,1,0.0,0,1.6,2.0,19.0,37.4,0,0,0,7,Open-Meteo Historical Weather API,ERA5,2023,5,2,22,SPRING,19.329,6.6,0.0,0.685,-5.0,0.0,-0.758,0.0,0.0,30.4,0,0,0,0,0,0,14.329,13.7,-0.8,-1.857,0.0,1.8,-25.9,-39.1,0.0,0.0,28.3,24.5,0.0,0.0,0.0,3.343,25.6,0.0,15.375,0.0,1
2023-06-05,US_MIDWEST,"Chicago, IL",17.186,10.5,26.8,6.7,2,0.0,0,6.7,15.0,33.3,56.9,0,0,0,7,Open-Meteo Historical Weather API,ERA5,2023,6,2,23,SUMMER,16.686,35.1,0.0,0.5,-28.4,0.0,-0.809,0.0,0.0,223.11,0,0,0,0,0,0,20.014,14.329,0.685,-0.8,1.6,0.0,-5.0,-25.9,0.0,0.0,19.0,28.3,0.0,0.0,0.0,0.0,10.1,0.0,16.307,0.0,1
2023-06-12,US_MIDWEST,"Chicago, IL",15.786,9.5,24.6,15.6,1,0.0,0,15.6,16.0,25.6,50.4,0,0,0,7,Open-Meteo Historical Weather API,ERA5,2023,6,2,24,SUMMER,23.057,20.1,0.0,-7.271,-4.5,0.0,-0.224,113.428,0.0,399.36,0,0,0,0,0,0,17.186,20.014,0.5,0.685,6.7,1.6,-28.4,-5.0,0.0,0.0,33.3,19.0,0.0,0.0,0.0,0.0,23.9,0.0,16.829,0.0,1
2023-06-19,US_MIDWEST,"Chicago, IL",21.171,15.2,27.4,6.8,1,0.0,0,6.8,6.0,36.3,62.6,0,0,0,7,Open-Meteo Historical Weather API,ERA5,2023,6,2,25,SUMMER,23.929,18.3,0.0,-2.758,-11.5,0.0,-0.628,18.754,0.0,246.84,0,0,0,0,0,0,15.786,17.186,-7.271,0.5,15.6,6.7,-4.5,-28.4,0.0,0.0,25.6,33.3,0.0,0.0,113.428,0.0,30.7,0.0,18.539,0.0,1
2023-06-26,US_MIDWEST,"Chicago, IL",21.143,14.6,28.3,38.4,5,0.0,0,38.4,44.0,24.4,49.0,0,0,0,7,Open-Meteo Historical Weather API,ERA5,2023,6,2,26,SUMMER,22.329,0.5,0.0,-1.186,37.9,0.0,37.9,45.542,0.0,936.96,0,0,0,0,0,0,21.171,15.786,-2.758,-7.271,6.8,15.6,-11.5,-4.5,0.0,0.0,36.3,25.6,0.0,0.0,18.754,113.428,67.5,0.0,18.822,0.0,1
2023-07-03,US_MIDWEST,"Chicago, IL",21.657,16.0,29.2,13.5,3,0.0,0,13.5,24.0,16.2,30.6,0,0,0,7,Open-Meteo Historical Weather API,ERA5,2023,7,3,27,SUMMER,22.092,26.4,0.0,-0.436,-12.9,0.0,-0.489,5.879,0.0,218.7,0,0,0,0,0,0,21.143,21.171,-1.186,-2.758,38.4,6.8,37.9,-11.5,0.0,0.0,24.4,36.3,0.0,0.0,45.542,18.754,74.3,0.0,19.939,0.0,1
2023-07-10,US_MIDWEST,"Chicago, IL",22.229,17.1,29.9,28.1,3,0.0,0,28.1,30.0,28.9,54.7,0,0,0,7,Open-Meteo Historical Weather API,ERA5,2023,7,3,28,SUMMER,21.672,19.2,0.0,0.557,8.9,0.0,0.464,0.0,0.0,812.09,0,0,0,0,0,0,21.657,21.143,-0.436,-1.186,13.5,38.4,-12.9,37.9,0.0,0.0,16.2,24.4,0.0,0.0,5.879,45.542,86.8,0.0,21.55,0.0,1
2023-07-17,US_MIDWEST,"Chicago, IL",22.0,16.7,29.1,6.5,1,0.0,0,6.5,11.0,21.3,43.9,0,0,0,7,Open-Meteo Historical Weather API,ERA5,2023,7,3,29,SUMMER,24.636,9.0,0.0,-2.636,-2.5,0.0,-0.278,17.131,0.0,138.45,0,0,0,0,0,0,22.229,21.657,0.557,-0.436,28.1,13.5,8.9,-12.9,0.0,0.0,28.9,16.2,0.0,0.0,0.0,5.879,86.5,0.0,21.757,0.0,1
2023-07-24,US_MIDWEST,"Chicago, IL",23.957,18.4,30.2,24.6,3,0.0,0,24.6,16.0,26.7,45.7,0,0,0,7,Open-Meteo Historical Weather API,ERA5,2023,7,3,30,SUMMER,22.793,1.3,0.0,1.164,23.3,0.0,17.923,0.0,0.0,656.82,0,0,0,0,0,0,22.0,22.229,-2.636,0.557,6.5,28.1,-2.5,8.9,0.0,0.0,21.3,28.9,0.0,0.0,17.131,0.0,72.7,0.0,22.461,0.0,1
2023-07-31,US_MIDWEST,"Chicago, IL",22.414,16.7,27.8,13.2,2,0.0,0,13.2,25.0,27.4,46.1,0,0,0,7,Open-Meteo Historical Weather API,ERA5,2023,7,3,31,SUMMER,24.0,14.85,0.0,-1.586,-1.65,0.0,-0.111,20.935,0.0,361.68,0,0,0,0,0,0,23.957,22.0,1.164,-2.636,24.6,6.5,23.3,-2.5,0.0,0.0,26.7,21.3,0.0,0.0,0.0,17.131,72.4,0.0,22.65,0.0,1
2023-08-07,US_MIDWEST,"Chicago, IL",22.7,17.0,28.4,6.3,3,0.0,0,6.3,23.0,22.0,47.5,0,0,0,7,Open-Meteo Historical Weather API,ERA5,2023,8,3,32,SUMMER,22.507,20.45,0.0,0.193,-14.15,0.0,-0.692,0.0,0.0,138.6,0,0,0,0,0,0,22.414,23.957,-1.586,1.164,13.2,24.6,-1.65,23.3,0.0,0.0,27.4,26.7,0.0,0.0,20.935,0.0,50.6,0.0,22.768,0.0,1
2023-08-14,US_MIDWEST,"Chicago, IL",21.2,15.2,28.6,31.6,3,0.0,0,31.6,30.0,31.1,61.9,0,0,0,7,Open-Meteo Historical Weather API,ERA5,2023,8,3,33,SUMMER,22.636,11.2,0.0,-1.436,20.4,0.0,1.821,45.378,0.0,982.76,0,0,0,0,0,0,22.7,22.414,0.193,-1.586,6.3,13.2,-14.15,-1.65,0.0,0.0,22.0,27.4,0.0,0.0,0.0,20.935,75.7,0.0,22.568,0.0,1
2023-08-21,US_MIDWEST,"Chicago, IL",23.829,16.8,35.1,0.5,0,0.0,0,0.5,3.0,29.9,51.5,0,0,0,7,Open-Meteo Historical Weather API,ERA5,2023,8,3,34,SUMMER,23.879,19.15,0.0,-0.05,-18.65,0.0,-0.974,0.025,0.0,14.95,0,0,0,0,0,0,21.2,22.7,-1.436,0.193,31.6,6.3,20.4,-14.15,0.0,0.0,31.1,22.0,0.0,0.0,45.378,0.0,51.6,0.0,22.536,0.0,1
2023-08-28,US_MIDWEST,"Chicago, IL",21.157,12.6,32.4,0.6,0,0.0,0,0.6,3.0,24.7,46.1,0,0,0,7,Open-Meteo Historical Weather API,ERA5,2023,8,3,35,SUMMER,22.258,4.35,0.0,-1.101,-3.75,0.0,-0.862,0.66,0.0,14.82,0,0,0,0,0,0,23.829,21.2,-0.05,-1.436,0.5,31.6,-18.65,20.4,0.0,0.0,29.9,31.1,0.0,0.0,0.025,45.378,39.0,0.0,22.222,0.0,1
2023-09-04,US_MIDWEST,"Chicago, IL",21.829,13.0,32.1,5.1,3,0.0,0,5.1,26.0,24.9,51.5,0,0,0,7,Open-Meteo Historical Weather API,ERA5,2023,9,3,36,FALL,20.908,30.05,0.0,0.922,-24.95,0.0,-0.83,0.0,0.0,126.99,0,0,0,0,0,0,21.157,23.829,-1.101,-0.05,0.6,0.5,-3.75,-18.65,0.0,0.0,24.7,29.9,0.0,0.0,0.66,0.025,37.8,0.0,22.004,0.0,1
2023-09-11,US_MIDWEST,"Chicago, IL",16.871,12.0,23.3,33.8,3,0.0,0,33.8,45.0,25.0,38.5,0,0,0,7,Open-Meteo Historical Weather API,ERA5,2023,9,3,37,FALL,20.971,3.85,0.0,-4.1,29.95,0.0,7.779,138.58,0.0,845.0,0,0,0,0,0,0,21.829,21.157,0.922,-1.101,5.1,0.6,-24.95,-3.75,0.0,0.0,24.9,24.7,0.0,0.0,0.0,0.66,40.0,0.0,20.922,0.0,1
2023-09-18,US_MIDWEST,"Chicago, IL",18.986,12.5,24.4,11.1,2,0.0,0,11.1,27.0,24.5,39.6,0,0,0,7,Open-Meteo Historical Weather API,ERA5,2023,9,3,38,FALL,17.964,17.85,0.0,1.022,-6.75,0.0,-0.378,0.0,0.0,271.95,0,0,0,0,0,0,16.871,21.829,-4.1,0.922,33.8,5.1,29.95,-24.95,0.0,0.0,25.0,24.9,0.0,0.0,138.58,0.0,50.6,0.0,19.711,0.0,1
2023-09-25,US_MIDWEST,"Chicago, IL",19.029,14.7,26.2,29.3,3,0.0,0,29.3,51.0,19.6,38.5,0,0,0,7,Open-Meteo Historical Weather API,ERA5,2023,9,3,39,FALL,16.514,11.25,0.0,2.515,18.05,0.0,1.604,0.0,0.0,574.28,0,0,0,0,0,0,18.986,16.871,1.022,-4.1,11.1,33.8,-6.75,29.95,0.0,0.0,24.5,25.0,0.0,0.0,0.0,138.58,79.3,0.0,19.179,0.0,1
2023-10-02,US_MIDWEST,"Chicago, IL",16.671,7.3,27.4,9.6,2,0.0,0,9.6,16.0,31.3,52.6,0,0,0,7,Open-Meteo Historical Weather API,ERA5,2023,10,4,40,FALL,15.828,12.65,0.0,0.843,-3.05,0.0,-0.241,0.0,0.0,300.48,0,0,0,0,0,0,19.029,18.986,2.515,1.022,29.3,11.1,18.05,-6.75,0.0,0.0,19.6,24.5,0.0,0.0,0.0,0.0,83.8,0.0,17.889,0.0,1
2023-10-09,US_MIDWEST,"Chicago, IL",11.586,5.4,17.7,49.1,5,0.0,0,49.1,72.0,36.9,63.0,0,0,0,7,Open-Meteo Historical Weather API,ERA5,2023,10,4,41,FALL,13.208,26.95,0.0,-1.621,22.15,0.0,0.822,79.616,0.0,1811.79,0,0,0,0,0,0,16.671,19.029,0.843,2.515,9.6,29.3,-3.05,18.05,0.0,0.0,31.3,19.6,0.0,0.0,0.0,0.0,99.1,0.0,16.568,0.0,1
2023-10-16,US_MIDWEST,"Chicago, IL",11.129,5.2,18.0,11.9,3,0.0,0,11.9,34.0,28.0,50.8,0,0,0,7,Open-Meteo Historical Weather API,ERA5,2023,10,4,42,FALL,11.093,18.7,0.0,0.036,-6.8,0.0,-0.364,0.0,0.0,333.2,0,0,0,0,0,0,11.586,16.671,-1.621,0.843,49.1,9.6,22.15,-3.05,0.0,0.0,36.9,31.3,0.0,0.0,79.616,0.0,99.9,0.0,14.604,0.0,1
2023-10-23,US_MIDWEST,"Chicago, IL",14.0,3.9,24.9,27.3,4,0.0,0,27.3,70.0,27.8,46.4,0,0,0,7,Open-Meteo Historical Weather API,ERA5,2023,10,4,43,FALL,10.864,39.75,0.0,3.136,-12.45,0.0,-0.313,0.0,0.0,758.94,0,0,0,0,0,0,11.129,11.586,0.036,-1.621,11.9,49.1,-6.8,22.15,0.0,0.0,28.0,36.9,0.0,0.0,0.0,79.616,97.9,0.0,13.346,0.0,1
2023-10-30,US_MIDWEST,"Chicago, IL",5.629,-1.6,14.1,3.2,1,0.14,0,3.4,22.0,29.9,55.1,0,3,1,7,Open-Meteo Historical Weather API,ERA5,2023,10,4,44,FALL,9.85,5.6,0.0,-4.221,-2.4,0.14,-0.429,13.507,0.591,95.68,0,0,0,0,0,0,14.0,11.129,3.136,0.036,27.3,11.9,-12.45,-6.8,0.0,0.0,27.8,28.0,0.0,0.0,0.0,0.0,91.5,0.14,10.586,1.0,1
2023-11-06,US_MIDWEST,"Chicago, IL",8.871,0.0,19.3,20.3,2,0.0,0,20.3,22.0,34.1,60.5,0,0,0,7,Open-Meteo Historical Weather API,ERA5,2023,11,4,45,FALL,7.864,5.8,0.175,1.007,14.5,-0.175,2.5,0.0,0.0,692.23,0,0,0,0,0,0,5.629,14.0,-4.221,3.136,3.2,27.3,-2.4,-12.45,0.14,0.0,29.9,27.8,1.0,0.0,13.507,0.0,62.7,0.14,9.907,1.0,1
2023-11-13,US_MIDWEST,"Chicago, IL",8.571,-0.4,17.3,1.4,1,0.0,0,1.4,8.0,30.8,54.7,0,0,0,7,Open-Meteo Historical Weather API,ERA5,2023,11,4,46,FALL,1.614,9.2,2.24,6.956,-7.8,-2.24,-0.848,0.0,0.0,43.12,0,0,0,0,0,0,8.871,5.629,1.007,-4.221,20.3,3.2,14.5,-2.4,0.0,0.14,34.1,29.9,0.0,1.0,0.0,13.507,52.2,0.14,9.268,1.0,1
2023-11-20,US_MIDWEST,"Chicago, IL",3.014,-1.6,8.3,19.7,2,2.24,1,22.9,31.0,28.6,50.0,0,5,0,7,Open-Meteo Historical Weather API,ERA5,2023,11,4,47,FALL,3.193,7.25,0.0,-0.179,12.45,2.24,1.717,3.526,0.401,563.42,0,0,0,0,0,0,8.571,8.871,6.956,1.007,1.4,20.3,-7.8,14.5,0.0,0.0,30.8,34.1,0.0,0.0,0.0,0.0,44.6,2.38,6.521,1.0,1
2023-11-27,US_MIDWEST,"Chicago, IL",1.171,-9.0,10.0,28.4,2,0.0,0,28.4,49.0,26.7,48.2,0,5,1,7,Open-Meteo Historical Weather API,ERA5,2023,11,4,48,FALL,3.314,9.45,0.07,-2.143,18.95,-0.07,2.005,60.875,0.0,758.28,0,0,0,0,0,0,3.014,8.571,-0.179,6.956,19.7,1.4,12.45,-7.8,2.24,0.0,28.6,30.8,0.0,0.0,3.526,0.0,69.8,2.24,5.407,1.0,1
2023-12-04,US_MIDWEST,"Chicago, IL",4.671,-0.3,12.3,6.7,2,1.26,1,8.5,32.0,33.6,55.1,0,4,1,7,Open-Meteo Historical Weather API,ERA5,2023,12,4,49,WINTER,2.157,14.3,1.89,2.514,-7.6,-0.63,-0.531,0.0,0.0,225.12,0,0,0,0,0,0,1.171,3.014,-2.143,-0.179,28.4,19.7,18.95,12.45,0.0,2.24,26.7,28.6,1.0,0.0,60.875,3.526,56.2,3.5,4.357,2.0,1
2023-12-11,US_MIDWEST,"Chicago, IL",3.043,-4.1,10.2,10.4,1,0.0,0,10.4,17.0,24.4,43.2,0,4,0,7,Open-Meteo Historical Weather API,ERA5,2023,12,4,50,WINTER,2.507,23.05,0.595,0.536,-12.65,-0.595,-0.549,0.0,0.0,253.76,0,0,0,0,0,0,4.671,1.171,2.514,-2.143,6.7,28.4,-7.6,18.95,1.26,0.0,33.6,26.7,1.0,1.0,0.0,60.875,65.2,3.5,2.975,2.0,1
2023-12-18,US_MIDWEST,"Chicago, IL",3.4,-6.9,10.5,14.8,2,0.0,0,14.8,32.0,38.4,73.4,0,4,0,7,Open-Meteo Historical Weather API,ERA5,2023,12,4,51,WINTER,-3.464,1.55,2.275,6.864,13.25,-2.275,8.548,0.0,0.0,568.32,0,0,0,0,0,0,3.043,4.671,0.536,2.514,10.4,6.7,-12.65,-7.6,0.0,1.26,24.4,33.6,0.0,1.0,0.0,0.0,60.3,1.26,3.071,2.0,1
2023-12-25,US_MIDWEST,"Chicago, IL",3.814,-1.9,11.6,17.4,3,1.26,1,19.2,63.0,30.1,50.4,0,5,2,7,Open-Meteo Historical Weather API,ERA5,2023,12,4,52,WINTER,0.936,10.1,8.155,2.878,7.3,-6.895,0.723,0.0,0.0,523.74,0,0,0,0,1,0,3.4,3.043,6.864,0.536,14.8,10.4,13.25,-12.65,0.0,0.0,38.4,24.4,0.0,0.0,0.0,0.0,49.3,2.52,3.732,3.0,1
2024-01-01,US_MIDWEST,"Chicago, IL",0.086,-3.2,2.1,0.4,0,4.69,1,7.1,26.0,27.3,47.9,0,7,0,7,Open-Meteo Historical Weather API,ERA5,2024,1,1,1,WINTER,-3.3,9.85,0.77,3.386,-9.45,3.92,-0.959,0.0,0.0,10.92,0,0,0,0,0,0,3.814,3.4,2.878,6.864,17.4,14.8,7.3,13.25,1.26,0.0,30.1,38.4,2.0,0.0,0.0,0.0,43.0,5.95,2.586,2.0,1
2024-01-08,US_MIDWEST,"Chicago, IL",-3.4,-23.0,2.2,15.2,2,30.87,3,59.3,77.0,40.4,68.4,1,7,2,7,Open-Meteo Historical Weather API,ERA5,2024,1,1,2,WINTER,-1.193,0.25,1.12,-2.207,14.95,29.75,14.95,33.546,68.13,614.08,0,1,1,0,1,0,0.086,3.814,3.386,2.878,0.4,17.4,-9.45,7.3,4.69,1.26,27.3,30.1,0.0,2.0,0.0,0.0,47.8,36.82,0.975,4.0,1
2024-01-15,US_MIDWEST,"Chicago, IL",-13.457,-23.7,-5.5,0.0,0,3.85,1,5.5,28.0,31.3,55.1,0,7,0,7,Open-Meteo Historical Weather API,ERA5,2024,1,1,3,WINTER,-1.65,9.65,3.395,-11.807,-9.65,0.455,-1.0,0.0,45.457,0.0,0,0,1,1,0,0,-3.4,0.086,-2.207,3.386,15.2,0.4,14.95,-9.45,30.87,4.69,40.4,27.3,2.0,0.0,33.546,0.0,33.0,40.67,-3.239,4.0,1
2024-01-22,US_MIDWEST,"Chicago, IL",1.214,-6.8,3.4,43.6,7,1.82,1,46.1,87.0,27.0,46.1,0,7,7,7,Open-Meteo Historical Weather API,ERA5,2024,1,1,4,WINTER,-5.75,0.0,9.765,6.964,43.6,-7.945,43.6,0.0,0.0,1177.2,0,0,0,0,1,0,-13.457,-3.4,-11.807,-2.207,0.0,15.2,-9.65,14.95,3.85,30.87,31.3,40.4,0.0,2.0,0.0,33.546,59.2,41.23,-3.889,9.0,1
2024-01-29,US_MIDWEST,"Chicago, IL",1.743,-0.9,9.2,0.8,0,0.0,0,0.8,3.0,24.1,39.2,0,7,0,7,Open-Meteo Historical Weather API,ERA5,2024,1,1,5,WINTER,-5.972,1.85,5.25,7.714,-1.05,-5.25,-0.568,0.0,0.0,19.28,0,0,0,0,0,0,1.214,-13.457,6.964,-11.807,43.6,0.0,43.6,-9.65,1.82,3.85,27.0,31.3,7.0,0.0,0.0,0.0,59.6,36.54,-3.475,9.0,1
2024-02-05,US_MIDWEST,"Chicago, IL",3.143,-2.5,12.9,2.1,1,0.0,0,2.1,6.0,34.2,66.2,0,5,0,7,Open-Meteo Historical Weather API,ERA5,2024,2,1,6,WINTER,-0.479,10.25,1.33,3.622,-8.15,-1.33,-0.795,0.0,0.0,71.82,0,0,0,0,0,0,1.743,1.214,7.714,6.964,0.8,43.6,-1.05,43.6,0.0,1.82,24.1,27.0,0.0,7.0,0.0,0.0,46.5,5.67,-1.839,7.0,1
2024-02-12,US_MIDWEST,"Chicago, IL",-0.4,-10.2,6.1,4.8,1,0.21,0,5.1,10.0,36.5,59.8,0,7,1,7,Open-Meteo Historical Weather API,ERA5,2024,2,1,7,WINTER,0.014,12.1,5.635,-0.414,-7.3,-5.425,-0.603,1.987,0.087,175.2,0,0,1,0,0,0,3.143,1.743,3.622,7.714,2.1,0.8,-8.15,-1.05,0.0,0.0,34.2,24.1,0.0,0.0,0.0,0.0,51.3,2.03,1.425,8.0,1
2024-02-19,US_MIDWEST,"Chicago, IL",3.957,-5.3,14.8,0.1,0,1.61,1,2.4,9.0,36.0,61.6,0,4,0,7,Open-Meteo Historical Weather API,ERA5,2024,2,1,8,WINTER,-1.064,22.1,2.415,5.022,-22.0,-0.805,-0.995,0.0,0.0,3.6,0,0,0,0,0,0,-0.4,3.143,-0.414,3.622,4.8,2.1,-7.3,-8.15,0.21,0.0,36.5,34.2,1.0,0.0,1.987,0.0,7.8,1.82,2.111,1.0,1
2024-02-26,US_MIDWEST,"Chicago, IL",6.257,-6.5,19.7,4.2,1,0.21,0,4.5,8.0,37.0,63.7,0,3,0,7,Open-Meteo Historical Weather API,ERA5,2024,2,1,9,WINTER,3.536,16.65,1.715,2.721,-12.45,-1.505,-0.748,0.0,0.0,155.4,0,0,0,0,0,0,3.957,-0.4,5.022,-0.414,0.1,4.8,-22.0,-7.3,1.61,0.21,36.0,36.5,0.0,1.0,0.0,1.987,11.2,2.03,3.239,1.0,1
2024-03-04,US_MIDWEST,"Chicago, IL",5.357,-0.6,18.7,40.4,3,0.0,0,40.4,41.0,29.1,67.3,0,6,2,7,Open-Meteo Historical Weather API,ERA5,2024,3,1,10,SPRING,0.322,5.85,7.98,5.036,34.55,-7.98,5.906,0.0,0.0,1175.64,0,0,0,0,1,0,6.257,3.957,2.721,5.022,4.2,0.1,-12.45,-22.0,0.21,1.61,37.0,36.0,0.0,0.0,0.0,0.0,49.5,2.03,3.793,3.0,1
2024-03-11,US_MIDWEST,"Chicago, IL",7.386,-0.6,18.2,14.3,2,0.0,0,14.3,25.0,34.6,59.8,0,2,0,7,Open-Meteo Historical Weather API,ERA5,2024,3,1,11,SPRING,2.986,11.85,0.21,4.4,2.45,-0.21,0.207,0.0,0.0,494.78,0,0,0,0,0,0,5.357,6.257,5.036,2.721,40.4,4.2,34.55,-12.45,0.0,0.21,29.1,37.0,2.0,0.0,0.0,0.0,59.0,1.82,5.739,2.0,1
2024-03-18,US_MIDWEST,"Chicago, IL",1.343,-3.1,11.6,0.2,0,4.62,1,6.8,19.0,33.4,60.1,0,7,0,7,Open-Meteo Historical Weather API,ERA5,2024,3,1,12,SPRING,4.615,34.4,2.24,-3.272,-34.2,2.38,-0.994,0.654,15.114,6.68,0,0,0,0,0,0,7.386,5.357,4.4,5.036,14.3,40.4,2.45,34.55,0.0,0.0,34.6,29.1,0.0,2.0,0.0,0.0,59.1,4.83,5.086,2.0,1
2024-03-25,US_MIDWEST,"Chicago, IL",5.257,-1.7,13.6,34.8,5,0.0,0,34.8,43.0,36.2,63.0,0,4,2,7,Open-Meteo Historical Weather API,ERA5,2024,3,1,13,SPRING,3.628,45.35,0.595,1.628,-10.55,-0.595,-0.233,0.0,0.0,1259.76,0,0,0,0,1,0,1.343,7.386,-3.272,4.4,0.2,14.3,-34.2,2.45,4.62,0.0,33.4,34.6,0.0,0.0,0.654,0.0,89.7,4.62,4.836,4.0,1
2024-04-01,US_MIDWEST,"Chicago, IL",4.214,1.1,8.5,42.1,5,3.64,1,47.3,76.0,30.4,56.2,0,6,4,7,Open-Meteo Historical Weather API,ERA5,2024,4,2,14,SPRING,7.15,30.85,0.0,-2.936,11.25,3.64,0.365,123.606,10.687,1279.84,0,0,0,0,1,0,5.257,1.343,1.628,-3.272,34.8,0.2,-10.55,-34.2,0.0,4.62,36.2,33.4,2.0,0.0,0.0,0.654,91.4,8.26,4.55,6.0,1
2024-04-08,US_MIDWEST,"Chicago, IL",11.957,4.7,22.3,6.4,2,0.0,0,6.4,22.0,34.0,65.9,0,0,0,7,Open-Meteo Historical Weather API,ERA5,2024,4,2,15,SPRING,11.808,11.9,0.07,0.149,-5.5,-0.07,-0.462,0.0,0.0,217.6,0,0,0,0,0,0,4.214,5.257,-2.936,1.628,42.1,34.8,11.25,-10.55,3.64,0.0,30.4,36.2,4.0,2.0,123.606,0.0,83.5,8.26,5.693,6.0,1
2024-04-15,US_MIDWEST,"Chicago, IL",10.214,1.3,19.4,22.2,3,0.0,0,22.2,19.0,36.3,61.2,0,1,0,7,Open-Meteo Historical Weather API,ERA5,2024,4,2,16,SPRING,8.793,21.2,1.26,1.421,1.0,-1.26,0.047,0.0,0.0,805.86,0,0,0,0,0,0,11.957,4.214,0.149,-2.936,6.4,42.1,-5.5,11.25,0.0,3.64,34.0,30.4,0.0,4.0,0.0,123.606,105.5,3.64,7.911,6.0,1
2024-04-22,US_MIDWEST,"Chicago, IL",11.171,-0.7,22.7,33.3,4,0.0,0,33.3,43.0,36.8,68.4,0,1,0,7,Open-Meteo Historical Weather API,ERA5,2024,4,2,17,SPRING,7.4,13.1,0.0,3.771,20.2,0.0,1.542,0.0,0.0,1225.44,0,0,0,0,0,0,10.214,11.957,1.421,0.149,22.2,6.4,1.0,-5.5,0.0,0.0,36.3,34.0,0.0,0.0,0.0,0.0,104.0,3.64,9.389,4.0,1
2024-04-29,US_MIDWEST,"Chicago, IL",14.729,7.5,21.4,32.7,4,0.0,0,32.7,38.0,28.2,46.4,0,0,0,7,Open-Meteo Historical Weather API,ERA5,2024,4,2,18,SPRING,9.914,39.2,0.0,4.815,-6.5,0.0,-0.166,0.0,0.0,922.14,0,0,0,0,0,0,11.171,10.214,3.771,1.421,33.3,22.2,20.2,1.0,0.0,0.0,36.8,36.3,0.0,0.0,0.0,0.0,94.6,0.0,12.018,0.0,1
2024-05-06,US_MIDWEST,"Chicago, IL",14.143,7.1,25.0,47.2,3,0.0,0,47.2,37.0,25.0,46.1,0,0,0,7,Open-Meteo Historical Weather API,ERA5,2024,5,2,19,SPRING,16.993,12.7,0.0,-2.85,34.5,0.0,2.717,134.52,0.0,1180.0,0,0,0,0,0,0,14.729,11.171,4.815,3.771,32.7,33.3,-6.5,20.2,0.0,0.0,28.2,36.8,0.0,0.0,0.0,0.0,135.4,0.0,12.564,0.0,1
2024-05-13,US_MIDWEST,"Chicago, IL",16.029,9.1,25.2,21.8,3,0.0,0,21.8,31.0,27.2,47.5,0,0,0,7,Open-Meteo Historical Weather API,ERA5,2024,5,2,20,SPRING,14.628,21.35,0.0,1.401,0.45,0.0,0.021,0.0,0.0,592.96,0,0,0,0,0,0,14.143,14.729,-2.85,4.815,47.2,32.7,34.5,-6.5,0.0,0.0,25.0,28.2,0.0,0.0,134.52,0.0,135.0,0.0,14.018,0.0,1
2024-05-20,US_MIDWEST,"Chicago, IL",18.629,13.5,27.2,29.2,2,0.0,0,29.2,24.0,38.8,62.6,0,0,0,7,Open-Meteo Historical Weather API,ERA5,2024,5,2,21,SPRING,14.729,12.95,0.0,3.9,16.25,0.0,1.255,0.0,0.0,1132.96,0,0,0,0,0,0,16.029,14.143,1.401,-2.85,21.8,47.2,0.45,34.5,0.0,0.0,27.2,25.0,0.0,0.0,0.0,134.52,130.9,0.0,15.882,0.0,1
2024-05-27,US_MIDWEST,"Chicago, IL",15.6,8.4,22.9,37.3,3,0.0,0,37.3,38.0,24.5,46.4,0,0,0,7,Open-Meteo Historical Weather API,ERA5,2024,5,2,22,SPRING,19.672,4.1,0.0,-4.072,33.2,0.0,8.098,151.867,0.0,913.85,0,0,0,0,0,0,18.629,16.029,3.9,1.401,29.2,21.8,16.25,0.45,0.0,0.0,38.8,27.2,0.0,0.0,0.0,0.0,135.5,0.0,16.1,0.0,1
2024-06-03,US_MIDWEST,"Chicago, IL",19.886,13.0,26.2,22.4,3,0.0,0,22.4,28.0,30.1,52.2,0,0,0,7,Open-Meteo Historical Weather API,ERA5,2024,6,2,23,SUMMER,16.936,20.9,0.0,2.95,1.5,0.0,0.072,0.0,0.0,674.24,0,0,0,0,0,0,15.6,18.629,-4.072,3.9,37.3,29.2,33.2,16.25,0.0,0.0,24.5,38.8,0.0,0.0,151.867,0.0,110.7,0.0,17.536,0.0,1
2024-06-10,US_MIDWEST,"Chicago, IL",20.4,8.6,29.9,6.0,1,0.0,0,6.0,7.0,27.7,51.8,0,0,0,7,Open-Meteo Historical Weather API,ERA5,2024,6,2,24,SUMMER,19.422,17.85,0.0,0.979,-11.85,0.0,-0.664,0.0,0.0,166.2,0,0,0,0,0,0,19.886,15.6,2.95,-4.072,22.4,37.3,1.5,33.2,0.0,0.0,30.1,24.5,0.0,0.0,0.0,151.867,94.9,0.0,18.629,0.0,1
2024-06-17,US_MIDWEST,"Chicago, IL",25.214,17.8,32.4,7.4,3,0.0,0,7.4,23.0,29.4,55.1,0,0,0,7,Open-Meteo Historical Weather API,ERA5,2024,6,2,25,SUMMER,22.55,12.55,0.0,2.664,-5.15,0.0,-0.41,0.0,0.0,217.56,0,0,0,0,0,0,20.4,19.886,0.979,2.95,6.0,22.4,-11.85,1.5,0.0,0.0,27.7,30.1,0.0,0.0,0.0,0.0,73.1,0.0,20.275,0.0,1
2024-06-24,US_MIDWEST,"Chicago, IL",21.757,14.7,29.7,21.5,3,0.0,0,21.5,32.0,40.5,56.5,1,0,0,7,Open-Meteo Historical Weather API,ERA5,2024,6,2,26,SUMMER,21.736,19.45,0.0,0.021,2.05,0.0,0.105,0.0,0.0,870.75,0,0,0,0,0,0,25.214,20.4,2.664,0.979,7.4,6.0,-5.15,-11.85,0.0,0.0,29.4,27.7,0.0,0.0,0.0,0.0,57.3,0.0,21.814,0.0,1
2024-07-01,US_MIDWEST,"Chicago, IL",21.943,12.6,28.9,10.9,3,0.0,0,10.9,23.0,26.1,49.3,0,0,0,7,Open-Meteo Historical Weather API,ERA5,2024,7,3,27,SUMMER,21.947,22.1,0.0,-0.004,-11.2,0.0,-0.507,0.047,0.0,284.49,0,0,0,0,0,0,21.757,25.214,0.021,2.664,21.5,7.4,2.05,-5.15,0.0,0.0,40.5,29.4,0.0,0.0,0.0,0.0,45.8,0.0,22.328,0.0,1
2024-07-08,US_MIDWEST,"Chicago, IL",22.729,17.6,29.5,25.6,4,0.0,0,25.6,33.0,26.9,47.9,0,0,0,7,Open-Meteo Historical Weather API,ERA5,2024,7,3,28,SUMMER,21.857,22.167,0.0,0.872,3.433,0.0,0.155,0.0,0.0,688.64,0,0,0,0,0,0,21.943,21.757,-0.004,0.021,10.9,21.5,-11.2,2.05,0.0,0.0,26.1,40.5,0.0,0.0,0.047,0.0,65.4,0.0,22.911,0.0,1
2024-07-15,US_MIDWEST,"Chicago, IL",21.914,14.5,30.3,44.8,2,0.0,0,44.8,15.0,19.6,38.2,0,0,0,7,Open-Meteo Historical Weather API,ERA5,2024,7,3,29,SUMMER,23.757,8.167,0.0,-1.843,36.633,0.0,4.486,82.566,0.0,878.08,0,0,0,0,0,0,22.729,21.943,0.872,-0.004,25.6,10.9,3.433,-11.2,0.0,0.0,26.9,26.1,0.0,0.0,0.0,0.047,102.8,0.0,22.086,0.0,1
2024-07-22,US_MIDWEST,"Chicago, IL",21.557,15.3,27.9,12.8,3,0.0,0,12.8,24.0,18.3,36.4,0,0,0,7,Open-Meteo Historical Weather API,ERA5,2024,7,3,30,SUMMER,23.181,9.067,0.0,-1.624,3.733,0.0,0.412,20.787,0.0,234.24,0,0,0,0,0,0,21.914,22.729,-1.843,0.872,44.8,25.6,36.633,3.433,0.0,0.0,19.6,26.9,0.0,0.0,82.566,0.0,94.1,0.0,22.036,0.0,1
2024-07-29,US_MIDWEST,"Chicago, IL",24.586,20.5,30.5,23.2,3,0.0,0,23.2,39.0,21.7,40.0,0,0,0,7,Open-Meteo Historical Weather API,ERA5,2024,7,3,31,SUMMER,23.471,14.3,0.0,1.115,8.9,0.0,0.622,0.0,0.0,503.44,0,0,0,0,0,0,21.557,21.914,-1.624,-1.843,12.8,44.8,3.733,36.633,0.0,0.0,18.3,19.6,0.0,0.0,20.787,82.566,106.4,0.0,22.696,0.0,1
2024-08-05,US_MIDWEST,"Chicago, IL",20.986,14.1,28.1,3.6,2,0.0,0,3.6,9.0,33.5,59.0,0,0,0,7,Open-Meteo Historical Weather API,ERA5,2024,8,3,32,SUMMER,22.571,15.733,0.0,-1.585,-12.133,0.0,-0.771,5.707,0.0,120.6,0,0,0,0,0,0,24.586,21.557,1.115,-1.624,23.2,12.8,8.9,3.733,0.0,0.0,21.7,18.3,0.0,0.0,0.0,20.787,84.4,0.0,22.261,0.0,1
2024-08-12,US_MIDWEST,"Chicago, IL",22.1,16.5,29.0,38.7,4,0.0,0,38.7,55.0,26.0,50.0,0,0,0,7,Open-Meteo Historical Weather API,ERA5,2024,8,3,33,SUMMER,22.157,18.0,0.0,-0.057,20.7,0.0,1.15,2.219,0.0,1006.2,0,0,0,0,0,0,20.986,24.586,-1.585,1.115,3.6,23.2,-12.133,8.9,0.0,0.0,33.5,21.7,0.0,0.0,5.707,0.0,78.3,0.0,22.307,0.0,1
2024-08-19,US_MIDWEST,"Chicago, IL",20.671,13.0,31.5,0.1,0,0.0,0,0.1,1.0,22.7,43.2,0,0,0,7,Open-Meteo Historical Weather API,ERA5,2024,8,3,34,SUMMER,23.862,12.933,0.0,-3.191,-12.833,0.0,-0.992,0.319,0.0,2.27,0,0,0,0,0,0,22.1,20.986,-0.057,-1.585,38.7,3.6,20.7,-12.133,0.0,0.0,26.0,33.5,0.0,0.0,2.219,5.707,65.6,0.0,22.086,0.0,1
2024-08-26,US_MIDWEST,"Chicago, IL",24.1,16.6,33.3,11.0,2,0.0,0,11.0,14.0,25.1,47.5,0,0,0,7,Open-Meteo Historical Weather API,ERA5,2024,8,3,35,SUMMER,21.891,3.1,0.0,2.209,7.9,0.0,2.548,0.0,0.0,276.1,0,0,0,0,0,0,20.671,22.1,-3.191,-0.057,0.1,38.7,-12.833,20.7,0.0,0.0,22.7,26.0,0.0,0.0,0.319,2.219,53.4,0.0,21.964,0.0,1
2024-09-02,US_MIDWEST,"Chicago, IL",17.886,9.2,29.6,7.2,2,0.0,0,7.2,26.0,24.9,49.7,0,0,0,7,Open-Meteo Historical Weather API,ERA5,2024,9,3,36,FALL,21.215,21.733,0.0,-3.329,-14.533,0.0,-0.669,23.966,0.0,179.28,0,0,0,0,0,0,24.1,20.671,2.209,-3.191,11.0,0.1,7.9,-12.833,0.0,0.0,25.1,22.7,0.0,0.0,0.0,0.319,57.0,0.0,21.189,0.0,1
2024-09-09,US_MIDWEST,"Chicago, IL",21.557,13.7,28.7,0.0,0,0.0,0,0.0,0.0,20.9,36.7,0,0,0,7,Open-Meteo Historical Weather API,ERA5,2024,9,3,37,FALL,19.604,13.833,0.0,1.953,-13.833,0.0,-1.0,0.0,0.0,0.0,0,0,0,0,0,0,17.886,24.1,-3.329,2.209,7.2,11.0,-14.533,7.9,0.0,0.0,24.9,25.1,0.0,0.0,23.966,0.0,18.3,0.0,21.054,0.0,1
2024-09-16,US_MIDWEST,"Chicago, IL",21.871,15.2,28.9,20.6,2,0.0,0,20.6,22.0,27.6,52.6,0,0,0,7,Open-Meteo Historical Weather API,ERA5,2024,9,3,38,FALL,18.305,15.6,0.0,3.566,5.0,0.0,0.321,0.0,0.0,568.56,0,0,0,0,0,0,21.557,17.886,1.953,-3.329,0.0,7.2,-13.833,-14.533,0.0,0.0,20.9,24.9,0.0,0.0,0.0,23.966,38.8,0.0,21.354,0.0,1
2024-09-23,US_MIDWEST,"Chicago, IL",18.129,13.6,22.8,22.2,2,0.0,0,22.2,30.0,35.8,63.0,0,0,0,7,Open-Meteo Historical Weather API,ERA5,2024,9,3,39,FALL,17.352,17.267,0.0,0.777,4.933,0.0,0.286,0.0,0.0,794.76,0,0,0,0,0,0,21.871,21.557,3.566,1.953,20.6,0.0,5.0,-13.833,0.0,0.0,27.6,20.9,0.0,0.0,0.0,0.0,50.0,0.0,19.861,0.0,1
2024-09-30,US_MIDWEST,"Chicago, IL",17.843,8.8,25.8,1.2,1,0.0,0,1.2,5.0,33.4,54.4,0,0,0,7,Open-Meteo Historical Weather API,ERA5,2024,9,3,40,FALL,16.109,11.633,0.0,1.734,-10.433,0.0,-0.897,0.0,0.0,40.08,0,0,0,0,0,0,18.129,21.871,0.777,3.566,22.2,20.6,4.933,5.0,0.0,0.0,35.8,27.6,0.0,0.0,0.0,0.0,44.0,0.0,19.85,0.0,1
2024-10-07,US_MIDWEST,"Chicago, IL",15.2,9.0,27.0,34.9,2,0.0,0,34.9,23.0,36.9,67.0,0,0,0,7,Open-Meteo Historical Weather API,ERA5,2024,10,4,41,FALL,12.667,34.333,0.0,2.533,0.567,0.0,0.017,0.0,0.0,1287.81,0,0,0,0,0,0,17.843,18.129,1.734,0.777,1.2,22.2,-10.433,4.933,0.0,0.0,33.4,35.8,0.0,0.0,0.0,0.0,78.9,0.0,18.261,0.0,1
2024-10-14,US_MIDWEST,"Chicago, IL",10.843,3.3,24.3,13.1,2,0.0,0,13.1,39.0,36.1,68.4,0,0,0,7,Open-Meteo Historical Weather API,ERA5,2024,10,4,42,FALL,11.105,16.433,0.0,-0.262,-3.333,0.0,-0.203,3.428,0.0,472.91,0,0,0,0,0,0,15.2,17.843,2.533,1.734,34.9,1.2,0.567,-10.433,0.0,0.0,36.9,33.4,0.0,0.0,0.0,0.0,71.4,0.0,15.504,0.0,1
2024-10-21,US_MIDWEST,"Chicago, IL",12.814,3.6,25.3,13.3,1,0.0,0,13.3,10.0,25.4,51.8,0,0,0,7,Open-Meteo Historical Weather API,ERA5,2024,10,4,43,FALL,11.909,35.6,0.0,0.905,-22.3,0.0,-0.626,0.0,0.0,337.82,0,0,0,0,0,0,10.843,15.2,-0.262,2.533,13.1,34.9,-3.333,0.567,0.0,0.0,36.1,36.9,0.0,0.0,3.428,0.0,62.5,0.0,14.175,0.0,1
2024-10-28,US_MIDWEST,"Chicago, IL",13.8,2.8,25.1,8.4,2,0.0,0,8.4,18.0,38.3,72.7,0,0,0,7,Open-Meteo Historical Weather API,ERA5,2024,10,4,44,FALL,8.443,4.8,0.047,5.357,3.6,-0.047,0.75,0.0,0.0,321.72,0,0,0,0,0,0,12.814,10.843,0.905,-0.262,13.3,13.1,-22.3,-3.333,0.0,0.0,25.4,36.1,0.0,0.0,0.0,3.428,69.7,0.0,13.164,0.0,1
2024-11-04,US_MIDWEST,"Chicago, IL",12.671,6.2,18.7,54.5,3,0.0,0,54.5,54.0,35.3,70.9,0,0,0,7,Open-Meteo Historical Weather API,ERA5,2024,11,4,45,FALL,8.2,10.633,0.117,4.471,43.867,-0.117,4.125,0.0,0.0,1923.85,1,0,0,0,0,0,13.8,12.814,5.357,0.905,8.4,13.3,3.6,-22.3,0.0,0.0,38.3,25.4,0.0,0.0,0.0,0.0,89.3,0.0,12.532,0.0,1
2024-11-11,US_MIDWEST,"Chicago, IL",9.057,4.3,13.7,13.6,3,0.0,0,13.6,23.0,25.6,48.2,0,0,0,7,Open-Meteo Historical Weather API,ERA5,2024,11,4,46,FALL,3.933,6.6,1.493,5.124,7.0,-1.493,1.061,0.0,0.0,348.16,0,0,0,0,0,0,12.671,13.8,4.471,5.357,54.5,8.4,43.867,3.6,0.0,0.0,35.3,38.3,0.0,0.0,0.0,0.0,89.8,0.0,12.086,0.0,1
2024-11-18,US_MIDWEST,"Chicago, IL",6.914,-0.7,15.6,24.6,3,4.83,1,31.5,43.0,40.1,72.7,1,2,1,7,Open-Meteo Historical Weather API,ERA5,2024,11,4,47,FALL,3.133,11.4,0.747,3.781,13.2,4.083,1.158,0.0,0.0,986.46,0,0,0,0,0,0,9.057,12.671,5.124,4.471,13.6,54.5,7.0,43.867,0.0,0.0,25.6,35.3,0.0,0.0,0.0,0.0,101.1,4.83,10.611,1.0,1
2024-11-25,US_MIDWEST,"Chicago, IL",-0.786,-9.4,10.1,1.3,1,0.0,0,1.3,10.0,27.5,50.0,0,6,0,7,Open-Meteo Historical Weather API,ERA5,2024,11,4,48,FALL,2.6,15.767,0.047,-3.386,-14.467,-0.047,-0.918,4.402,0.0,35.75,0,0,1,0,0,0,6.914,9.057,3.781,5.124,24.6,13.6,13.2,7.0,4.83,0.0,40.1,25.6,1.0,0.0,0.0,0.0,94.0,4.83,6.964,1.0,1
2024-12-02,US_MIDWEST,"Chicago, IL",-1.614,-10.2,11.2,0.8,0,0.14,0,1.0,3.0,42.7,73.1,1,6,0,7,Open-Meteo Historical Weather API,ERA5,2024,12,4,49,WINTER,2.995,11.767,1.68,-4.609,-10.967,-1.54,-0.932,3.687,0.645,34.16,0,0,1,0,0,0,-0.786,6.914,-3.386,3.781,1.3,24.6,-14.467,13.2,0.0,4.83,27.5,40.1,0.0,1.0,4.402,0.0,40.3,4.97,3.393,1.0,1
2024-12-09,US_MIDWEST,"Chicago, IL",-1.114,-14.9,10.2,11.8,2,0.14,0,12.0,20.0,33.5,58.7,0,6,2,7,Open-Meteo Historical Weather API,ERA5,2024,12,4,50,WINTER,2.686,18.833,0.397,-3.8,-7.033,-0.257,-0.373,44.836,0.532,395.3,0,0,1,0,1,0,-1.614,-0.786,-4.609,-3.386,0.8,1.3,-10.967,-14.467,0.14,0.0,42.7,27.5,0.0,0.0,3.687,4.402,38.5,5.11,0.85,3.0,1
2024-12-16,US_MIDWEST,"Chicago, IL",-0.386,-7.7,9.8,2.3,1,3.43,2,7.2,38.0,32.4,63.4,0,6,0,7,Open-Meteo Historical Weather API,ERA5,2024,12,4,51,WINTER,-1.176,5.967,1.517,0.79,-3.667,1.913,-0.615,0.0,0.0,74.52,0,0,1,0,0,0,-1.114,-1.614,-3.8,-4.609,11.8,0.8,-7.033,-10.967,0.14,0.14,33.5,42.7,2.0,0.0,44.836,3.687,16.2,3.71,-0.975,2.0,1
2024-12-23,US_MIDWEST,"Chicago, IL",4.414,-0.9,9.6,20.4,4,0.0,0,20.4,52.0,31.5,52.9,0,4,1,7,Open-Meteo Historical Weather API,ERA5,2024,12,4,52,WINTER,1.895,12.533,5.857,2.519,7.867,-5.857,0.628,0.0,0.0,642.6,0,0,0,0,0,0,-0.386,-1.114,0.79,-3.8,2.3,11.8,-3.667,-7.033,3.43,0.14,32.4,33.5,0.0,2.0,0.0,44.836,35.3,3.71,0.325,3.0,1
2024-12-30,US_MIDWEST,"Chicago, IL",-2.614,-10.8,5.7,6.1,1,0.84,0,7.3,28.0,30.8,52.9,0,7,1,7,Open-Meteo Historical Weather API,ERA5,2024,12,4,1,WINTER,-2.171,6.7,2.077,-0.443,-0.6,-1.237,-0.09,2.7,0.372,187.88,0,0,1,0,0,0,4.414,-0.386,2.519,0.79,20.4,2.3,7.867,-3.667,0.0,3.43,31.5,32.4,1.0,0.0,0.0,0.0,40.6,4.41,0.075,4.0,1
2025-01-06,US_MIDWEST,"Chicago, IL",-3.829,-11.3,1.8,0.2,0,5.18,2,7.6,44.0,31.8,53.3,0,7,0,7,Open-Meteo Historical Weather API,ERA5,2025,1,1,2,WINTER,-1.929,5.233,11.037,-1.9,-5.033,-5.857,-0.962,0.38,9.844,6.36,0,0,1,0,0,0,-2.614,4.414,-0.443,2.519,6.1,20.4,-0.6,7.867,0.84,0.0,30.8,31.5,1.0,1.0,2.7,0.0,29.0,9.45,-0.604,2.0,1
2025-01-13,US_MIDWEST,"Chicago, IL",-6.114,-15.7,7.9,0.0,0,1.12,0,1.6,9.0,34.2,57.2,0,7,0,7,Open-Meteo Historical Weather API,ERA5,2025,1,1,3,WINTER,-5.586,6.433,3.547,-0.528,-6.433,-2.427,-1.0,0.0,0.592,0.0,0,0,1,0,0,0,-3.829,-2.614,-1.9,-0.443,0.2,6.1,-5.033,-0.6,5.18,0.84,31.8,30.8,0.0,1.0,0.38,2.7,26.7,7.14,-2.036,2.0,1
2025-01-20,US_MIDWEST,"Chicago, IL",-9.829,-21.4,3.9,0.1,0,1.4,0,2.1,20.0,30.6,52.9,0,7,0,7,Open-Meteo Historical Weather API,ERA5,2025,1,1,4,WINTER,-3.429,14.533,7.117,-6.4,-14.433,-5.717,-0.993,0.64,8.96,3.06,0,0,1,0,0,0,-6.114,-3.829,-0.528,-1.9,0.0,0.2,-6.433,-5.033,1.12,5.18,34.2,31.8,0.0,0.0,0.0,0.38,6.4,8.54,-5.597,1.0,1
2025-01-27,US_MIDWEST,"Chicago, IL",1.557,-7.6,9.1,33.9,2,0.84,0,35.1,28.0,36.5,61.6,0,7,2,7,Open-Meteo Historical Weather API,ERA5,2025,1,1,5,WINTER,-3.4,1.5,3.5,4.957,32.4,-2.66,21.6,0.0,0.0,1237.35,0,0,0,0,1,0,-9.829,-6.114,-6.4,-0.528,0.1,0.0,-14.433,-6.433,1.4,1.12,30.6,34.2,0.0,0.0,0.64,0.0,34.2,8.54,-4.554,2.0,1
2025-02-03,US_MIDWEST,"Chicago, IL",-1.786,-7.1,4.4,0.4,0,3.43,3,5.3,21.0,33.8,56.2,0,7,0,7,Open-Meteo Historical Weather API,ERA5,2025,2,1,6,WINTER,0.729,7.533,0.887,-2.515,-7.133,2.543,-0.947,1.006,8.625,13.52,0,0,1,0,0,0,1.557,-9.829,4.957,-6.4,33.9,0.1,32.4,-14.433,0.84,1.4,36.5,30.6,2.0,0.0,0.0,0.64,34.4,6.79,-4.043,2.0,1
2025-02-10,US_MIDWEST,"Chicago, IL",-5.229,-17.4,-0.3,0.1,0,12.53,3,18.0,56.0,31.5,55.4,0,7,0,7,Open-Meteo Historical Weather API,ERA5,2025,2,1,7,WINTER,-0.124,9.667,3.827,-5.105,-9.567,8.703,-0.99,0.511,63.966,3.15,0,0,1,0,0,0,-1.786,1.557,-2.515,4.957,0.4,33.9,-7.133,32.4,3.43,0.84,33.8,36.5,0.0,2.0,1.006,0.0,34.5,18.2,-3.822,2.0,1
2025-02-17,US_MIDWEST,"Chicago, IL",-9.014,-19.2,5.7,0.0,0,0.07,0,0.1,1.0,25.7,43.9,0,7,0,7,Open-Meteo Historical Weather API,ERA5,2025,2,1,8,WINTER,0.609,14.767,2.147,-9.623,-14.767,-2.077,-1.0,0.0,0.674,0.0,0,0,1,0,0,0,-5.229,-1.786,-5.105,-2.515,0.1,0.4,-9.567,-7.133,12.53,3.43,31.5,33.8,0.0,0.0,0.511,1.006,34.4,16.87,-3.618,2.0,1
2025-02-24,US_MIDWEST,"Chicago, IL",2.6,-8.5,13.3,2.7,1,0.0,0,2.7,14.0,36.4,61.6,0,4,1,7,Open-Meteo Historical Weather API,ERA5,2025,2,1,9,WINTER,4.443,12.5,1.213,-1.843,-9.8,-1.213,-0.784,4.976,0.0,98.28,0,0,0,0,0,0,-9.014,-5.229,-9.623,-5.105,0.0,0.1,-14.767,-9.567,0.07,12.53,25.7,31.5,0.0,0.0,0.0,0.511,3.2,16.03,-3.357,1.0,1
2025-03-03,US_MIDWEST,"Chicago, IL",3.6,-3.6,13.3,26.8,4,1.82,1,29.4,49.0,34.9,64.4,0,4,2,7,Open-Meteo Historical Weather API,ERA5,2025,3,1,10,SPRING,2.0,17.367,5.32,1.6,9.433,-3.5,0.543,0.0,0.0,935.32,0,0,0,0,1,0,2.6,-9.014,-1.843,-9.623,2.7,0.0,-9.8,-14.767,0.0,0.07,36.4,25.7,1.0,0.0,4.976,0.0,29.6,14.42,-2.011,3.0,1
2025-03-10,US_MIDWEST,"Chicago, IL",7.886,-1.2,21.6,10.0,2,3.01,1,14.3,22.0,39.4,82.8,0,2,1,7,Open-Meteo Historical Weather API,ERA5,2025,3,1,11,SPRING,4.453,12.667,0.14,3.433,-2.667,2.87,-0.211,0.0,0.0,394.0,0,0,0,0,0,0,3.6,2.6,1.6,-1.843,26.8,2.7,9.433,-9.8,1.82,0.0,34.9,36.4,2.0,1.0,0.0,4.976,39.5,4.9,1.268,4.0,1
2025-03-17,US_MIDWEST,"Chicago, IL",5.143,-2.8,17.2,18.7,2,3.64,1,23.9,36.0,38.5,82.8,0,4,1,7,Open-Meteo Historical Weather API,ERA5,2025,3,1,12,SPRING,3.524,23.0,3.033,1.619,-4.3,0.607,-0.187,0.0,0.0,719.95,0,0,0,0,0,0,7.886,3.6,3.433,1.6,10.0,26.8,-2.667,9.433,3.01,1.82,39.4,34.9,1.0,2.0,0.0,0.0,58.2,8.47,4.807,5.0,1
2025-03-24,US_MIDWEST,"Chicago, IL",8.543,-1.3,22.1,23.0,3,0.0,0,23.0,36.0,38.0,60.5,0,3,0,7,Open-Meteo Historical Weather API,ERA5,2025,3,1,13,SPRING,4.171,41.833,0.397,4.372,-18.833,-0.397,-0.45,0.0,0.0,874.0,0,0,0,0,0,0,5.143,7.886,1.619,3.433,18.7,10.0,-4.3,-2.667,3.64,3.01,38.5,39.4,1.0,1.0,0.0,0.0,78.5,8.47,6.293,4.0,1
2025-03-31,US_MIDWEST,"Chicago, IL",5.529,-0.7,16.8,45.8,3,0.0,0,45.8,35.0,36.0,70.6,0,4,1,7,Open-Meteo Historical Weather API,ERA5,2025,3,1,14,SPRING,6.171,34.6,1.213,-0.642,11.2,-1.213,0.324,29.419,0.0,1648.8,0,0,0,0,0,0,8.543,5.143,4.372,1.619,23.0,18.7,-18.833,-4.3,0.0,3.64,38.0,38.5,0.0,1.0,0.0,0.0,97.5,6.65,6.775,3.0,1
2025-04-07,US_MIDWEST,"Chicago, IL",4.729,-2.7,14.4,4.7,1,0.0,0,4.7,17.0,33.3,59.4,0,5,1,7,Open-Meteo Historical Weather API,ERA5,2025,4,2,15,SPRING,11.857,10.067,0.047,-7.128,-5.367,-0.047,-0.533,33.503,0.0,156.51,0,0,0,0,0,0,5.529,8.543,-0.642,4.372,45.8,23.0,11.2,-18.833,0.0,0.0,36.0,38.0,1.0,0.0,29.419,0.0,92.2,3.64,5.986,3.0,1
2025-04-14,US_MIDWEST,"Chicago, IL",10.129,1.8,22.0,10.9,4,0.0,0,10.9,20.0,35.5,62.3,0,1,0,7,Open-Meteo Historical Weather API,ERA5,2025,4,2,16,SPRING,9.267,21.533,0.84,0.862,-10.633,-0.84,-0.494,0.0,0.0,386.95,0,0,0,0,0,0,4.729,5.529,-7.128,-0.642,4.7,45.8,-5.367,11.2,0.0,0.0,33.3,36.0,1.0,1.0,33.503,29.419,84.4,0.0,7.232,2.0,1
2025-04-21,US_MIDWEST,"Chicago, IL",10.757,2.4,20.3,5.3,1,0.0,0,5.3,18.0,35.4,74.5,0,0,0,7,Open-Meteo Historical Weather API,ERA5,2025,4,2,17,SPRING,8.657,19.833,0.0,2.1,-14.533,0.0,-0.733,0.0,0.0,187.62,0,0,0,0,0,0,10.129,4.729,0.862,-7.128,10.9,4.7,-10.633,-5.367,0.0,0.0,35.5,33.3,0.0,1.0,0.0,33.503,66.7,0.0,7.786,2.0,1
2025-04-28,US_MIDWEST,"Chicago, IL",11.757,5.4,24.7,27.2,3,0.0,0,27.2,41.0,34.9,61.9,0,0,0,7,Open-Meteo Historical Weather API,ERA5,2025,4,2,18,SPRING,11.519,37.033,0.0,0.238,-9.833,0.0,-0.266,0.0,0.0,949.28,0,0,0,0,0,0,10.757,10.129,2.1,0.862,5.3,10.9,-14.533,-10.633,0.0,0.0,35.4,35.5,0.0,0.0,0.0,0.0,48.1,0.0,9.343,1.0,1
2025-05-05,US_MIDWEST,"Chicago, IL",10.814,4.3,21.4,1.6,0,0.0,0,1.6,4.0,28.2,50.8,0,0,0,7,Open-Meteo Historical Weather API,ERA5,2025,5,2,19,SPRING,16.043,24.2,0.0,-5.229,-22.6,0.0,-0.934,8.366,0.0,45.12,0,0,0,0,0,0,11.757,10.757,0.238,2.1,27.2,5.3,-9.833,-14.533,0.0,0.0,34.9,35.4,0.0,0.0,0.0,0.0,45.0,0.0,10.864,0.0,1
2025-05-12,US_MIDWEST,"Chicago, IL",15.929,7.3,28.2,19.6,2,0.0,0,19.6,12.0,32.9,58.0,0,0,0,7,Open-Meteo Historical Weather API,ERA5,2025,5,2,20,SPRING,15.095,21.5,0.0,0.834,-1.9,0.0,-0.088,0.0,0.0,644.84,0,0,0,0,0,0,10.814,11.757,-5.229,0.238,1.6,27.2,-22.6,-9.833,0.0,0.0,28.2,34.9,0.0,0.0,8.366,0.0,53.7,0.0,12.314,0.0,1
2025-05-19,US_MIDWEST,"Chicago, IL",9.614,5.6,14.4,37.7,2,0.0,0,37.7,50.0,35.8,67.3,0,0,0,7,Open-Meteo Historical Weather API,ERA5,2025,5,2,21,SPRING,16.029,18.367,0.0,-6.415,19.333,0.0,1.053,241.846,0.0,1349.66,0,0,0,0,0,0,15.929,10.814,0.834,-5.229,19.6,1.6,-1.9,-22.6,0.0,0.0,32.9,28.2,0.0,0.0,0.0,8.366,86.1,0.0,12.028,0.0,1
2025-05-26,US_MIDWEST,"Chicago, IL",12.814,5.8,21.8,7.8,2,0.0,0,7.8,15.0,20.1,42.8,0,0,0,7,Open-Meteo Historical Weather API,ERA5,2025,5,2,22,SPRING,18.314,15.167,0.0,-5.5,-7.367,0.0,-0.486,42.903,0.0,156.78,0,0,0,0,0,0,9.614,15.929,-6.415,0.834,37.7,19.6,19.333,-1.9,0.0,0.0,35.8,32.9,0.0,0.0,241.846,0.0,66.7,0.0,12.293,0.0,1
2025-06-02,US_MIDWEST,"Chicago, IL",17.143,8.6,26.2,26.1,1,0.0,0,26.1,25.0,36.3,59.4,0,0,0,7,Open-Meteo Historical Weather API,ERA5,2025,6,2,23,SUMMER,17.919,21.4,0.0,-0.776,4.7,0.0,0.22,20.262,0.0,947.43,0,0,0,0,0,0,12.814,9.614,-5.5,-6.415,7.8,37.7,-7.367,19.333,0.0,0.0,20.1,35.8,0.0,0.0,42.903,241.846,91.2,0.0,13.875,0.0,1
2025-06-09,US_MIDWEST,"Chicago, IL",18.243,12.7,29.0,1.9,1,0.0,0,1.9,6.0,24.9,43.6,0,0,0,7,Open-Meteo Historical Weather API,ERA5,2025,6,2,24,SUMMER,19.748,13.9,0.0,-1.505,-12.0,0.0,-0.863,2.859,0.0,47.31,0,0,0,0,0,0,17.143,12.814,-0.776,-5.5,26.1,7.8,4.7,-7.367,0.0,0.0,36.3,20.1,0.0,0.0,20.262,42.903,73.5,0.0,14.453,0.0,1
2025-06-16,US_MIDWEST,"Chicago, IL",23.557,15.3,31.7,64.5,3,0.0,0,64.5,33.0,34.9,59.4,0,0,0,7,Open-Meteo Historical Weather API,ERA5,2025,6,2,25,SUMMER,23.438,10.833,0.0,0.119,53.667,0.0,4.954,0.0,0.0,2251.05,1,0,0,0,0,0,18.243,17.143,-1.505,-0.776,1.9,26.1,-12.0,4.7,0.0,0.0,24.9,36.3,0.0,0.0,2.859,20.262,100.3,0.0,17.939,0.0,1
2025-06-23,US_MIDWEST,"Chicago, IL",25.2,19.4,32.2,30.3,3,0.0,0,30.3,27.0,26.1,49.3,0,0,0,7,Open-Meteo Historical Weather API,ERA5,2025,6,2,26,SUMMER,21.743,20.133,0.0,3.457,10.167,0.0,0.505,0.0,0.0,790.83,0,0,0,0,0,0,23.557,18.243,0.119,-1.505,64.5,1.9,53.667,-12.0,0.0,0.0,34.9,24.9,0.0,0.0,0.0,2.859,122.8,0.0,21.036,0.0,1
2025-06-30,US_MIDWEST,"Chicago, IL",25.514,19.0,32.0,13.9,2,0.0,0,13.9,23.0,22.6,41.4,0,0,0,7,Open-Meteo Historical Weather API,ERA5,2025,6,2,27,SUMMER,21.946,19.3,0.0,3.568,-5.4,0.0,-0.28,0.0,0.0,314.14,0,0,0,0,0,0,25.2,23.557,3.457,0.119,30.3,64.5,10.167,53.667,0.0,0.0,26.1,34.9,0.0,0.0,0.0,0.0,110.6,0.0,23.128,0.0,1
2025-07-07,US_MIDWEST,"Chicago, IL",22.943,17.9,28.9,46.7,5,0.0,0,46.7,38.0,19.7,35.6,0,0,0,7,Open-Meteo Historical Weather API,ERA5,2025,7,3,28,SUMMER,22.075,23.025,0.0,0.868,23.675,0.0,1.028,0.0,0.0,919.99,0,0,0,0,0,0,25.514,25.2,3.568,3.457,13.9,30.3,-5.4,10.167,0.0,0.0,22.6,26.1,0.0,0.0,0.0,0.0,155.4,0.0,24.304,0.0,1
2025-07-14,US_MIDWEST,"Chicago, IL",22.543,15.2,28.9,8.1,2,0.0,0,8.1,20.0,26.3,49.7,0,0,0,7,Open-Meteo Historical Weather API,ERA5,2025,7,3,29,SUMMER,23.296,17.325,0.0,-0.753,-9.225,0.0,-0.532,6.101,0.0,213.03,0,0,0,0,0,0,22.943,25.514,0.868,3.568,46.7,13.9,23.675,-5.4,0.0,0.0,19.7,22.6,0.0,0.0,0.0,0.0,99.0,0.0,24.05,0.0,1
2025-07-21,US_MIDWEST,"Chicago, IL",24.743,19.0,32.0,39.7,4,0.0,0,39.7,37.0,20.6,45.7,0,0,0,7,Open-Meteo Historical Weather API,ERA5,2025,7,3,30,SUMMER,22.775,10.0,0.0,1.968,29.7,0.0,2.97,0.0,0.0,817.82,0,0,0,0,0,0,22.543,22.943,-0.753,0.868,8.1,46.7,-9.225,23.675,0.0,0.0,26.3,19.7,0.0,0.0,6.101,0.0,108.4,0.0,23.936,0.0,1
2025-07-28,US_MIDWEST,"Chicago, IL",22.186,15.6,30.2,16.8,1,0.0,0,16.8,23.0,27.0,50.4,0,0,0,7,Open-Meteo Historical Weather API,ERA5,2025,7,3,31,SUMMER,23.75,16.525,0.0,-1.564,0.275,0.0,0.017,26.275,0.0,453.6,0,0,0,0,0,0,24.743,22.543,1.968,-0.753,39.7,8.1,29.7,-9.225,0.0,0.0,20.6,26.3,0.0,0.0,0.0,6.101,111.3,0.0,23.104,0.0,1
2025-08-04,US_MIDWEST,"Chicago, IL",25.0,18.8,31.1,1.2,1,0.0,0,1.2,7.0,22.7,41.4,0,0,0,7,Open-Meteo Historical Weather API,ERA5,2025,8,3,32,SUMMER,22.175,12.7,0.0,2.825,-11.5,0.0,-0.906,0.0,0.0,27.24,0,0,0,0,0,0,22.186,24.743,-1.564,1.968,16.8,39.7,0.275,29.7,0.0,0.0,27.0,20.6,0.0,0.0,26.275,0.0,65.8,0.0,23.618,0.0,1
2025-08-11,US_MIDWEST,"Chicago, IL",24.4,17.9,30.5,35.0,4,0.0,0,35.0,29.0,19.9,37.8,0,0,0,7,Open-Meteo Historical Weather API,ERA5,2025,8,3,33,SUMMER,22.143,23.175,0.0,2.257,11.825,0.0,0.51,0.0,0.0,696.5,0,0,0,0,0,0,25.0,22.186,2.825,-1.564,1.2,16.8,-11.5,0.275,0.0,0.0,22.7,27.0,0.0,0.0,0.0,26.275,92.7,0.0,24.082,0.0,1
2025-08-18,US_MIDWEST,"Chicago, IL",21.543,15.6,27.2,29.2,2,0.0,0,29.2,22.0,22.6,41.4,0,0,0,7,Open-Meteo Historical Weather API,ERA5,2025,8,3,34,SUMMER,23.064,9.725,0.0,-1.521,19.475,0.0,2.003,44.421,0.0,659.92,0,0,0,0,0,0,24.4,25.0,2.257,2.825,35.0,1.2,11.825,-11.5,0.0,0.0,19.9,22.7,0.0,0.0,0.0,0.0,82.2,0.0,23.282,0.0,1
2025-08-25,US_MIDWEST,"Chicago, IL",17.786,12.8,23.5,8.6,2,0.0,0,8.6,21.0,19.7,37.4,0,0,0,7,Open-Meteo Historical Weather API,ERA5,2025,8,3,35,SUMMER,22.443,5.075,0.0,-4.657,3.525,0.0,0.695,40.05,0.0,169.42,0,0,0,0,0,0,21.543,24.4,-1.521,2.257,29.2,35.0,19.475,11.825,0.0,0.0,22.6,19.9,0.0,0.0,44.421,0.0,74.0,0.0,22.182,0.0,1
2025-09-01,US_MIDWEST,"Chicago, IL",16.457,9.1,24.3,6.5,1,0.0,0,6.5,12.0,31.5,57.6,0,0,0,7,Open-Meteo Historical Weather API,ERA5,2025,9,3,36,FALL,20.382,18.1,0.0,-3.925,-11.6,0.0,-0.641,25.516,0.0,204.75,0,0,0,0,0,0,17.786,21.543,-4.657,-1.521,8.6,29.2,3.525,19.475,0.0,0.0,19.7,22.6,0.0,0.0,40.05,44.421,79.3,0.0,20.046,0.0,1
2025-09-08,US_MIDWEST,"Chicago, IL",19.214,9.5,26.0,4.0,1,0.0,0,4.0,8.0,23.2,34.2,0,0,0,7,Open-Meteo Historical Weather API,ERA5,2025,9,3,37,FALL,20.092,10.375,0.0,-0.879,-6.375,0.0,-0.614,3.514,0.0,92.8,0,0,0,0,0,0,16.457,17.786,-3.925,-4.657,6.5,8.6,-11.6,3.525,0.0,0.0,31.5,19.7,0.0,0.0,25.516,40.05,48.3,0.0,18.75,0.0,1
2025-09-15,US_MIDWEST,"Chicago, IL",21.129,15.2,27.1,7.5,2,0.0,0,7.5,25.0,15.1,31.7,0,0,0,7,Open-Meteo Historical Weather API,ERA5,2025,9,3,38,FALL,19.196,16.85,0.0,1.933,-9.35,0.0,-0.555,0.0,0.0,113.25,0,0,0,0,0,0,19.214,16.457,-0.879,-3.925,4.0,6.5,-6.375,-11.6,0.0,0.0,23.2,31.5,0.0,0.0,3.514,25.516,26.6,0.0,18.646,0.0,1
2025-09-22,US_MIDWEST,"Chicago, IL",19.829,13.8,29.3,5.2,1,0.0,0,5.2,10.0,21.9,41.4,0,0,0,7,Open-Meteo Historical Weather API,ERA5,2025,9,3,39,FALL,17.546,18.5,0.0,2.282,-13.3,0.0,-0.719,0.0,0.0,113.88,0,0,0,0,0,0,21.129,19.214,1.933,-0.879,7.5,4.0,-9.35,-6.375,0.0,0.0,15.1,23.2,0.0,0.0,0.0,3.514,23.2,0.0,19.157,0.0,1
2025-09-29,US_MIDWEST,"Chicago, IL",21.371,14.3,29.3,0.0,0,0.0,0,0.0,0.0,23.9,45.4,0,0,0,7,Open-Meteo Historical Weather API,ERA5,2025,9,3,40,FALL,16.543,9.025,0.0,4.828,-9.025,0.0,-1.0,0.0,0.0,0.0,0,0,0,0,0,0,19.829,21.129,2.282,1.933,5.2,7.5,-13.3,-9.35,0.0,0.0,21.9,15.1,0.0,0.0,0.0,0.0,16.7,0.0,20.386,0.0,1
2025-10-06,US_MIDWEST,"Chicago, IL",14.957,7.7,25.9,33.7,3,0.0,0,33.7,25.0,26.6,45.0,0,0,0,7,Open-Meteo Historical Weather API,ERA5,2025,10,4,41,FALL,13.3,34.475,0.0,1.657,-0.775,0.0,-0.022,0.0,0.0,896.42,0,0,0,0,0,0,21.371,19.829,4.828,2.282,0.0,5.2,-9.025,-13.3,0.0,0.0,23.9,21.9,0.0,0.0,0.0,0.0,46.4,0.0,19.322,0.0,1
2025-10-13,US_MIDWEST,"Chicago, IL",15.586,9.4,21.9,36.0,3,0.0,0,36.0,41.0,35.8,63.4,0,0,0,7,Open-Meteo Historical Weather API,ERA5,2025,10,4,42,FALL,11.039,15.6,0.0,4.547,20.4,0.0,1.308,0.0,0.0,1288.8,0,0,0,0,0,0,14.957,21.371,1.657,4.828,33.7,0.0,-0.775,-9.025,0.0,0.0,26.6,23.9,0.0,0.0,0.0,0.0,74.9,0.0,17.936,0.0,1
2025-10-20,US_MIDWEST,"Chicago, IL",8.857,2.7,17.4,6.0,3,0.0,0,6.0,14.0,34.5,67.7,0,0,0,7,Open-Meteo Historical Weather API,ERA5,2025,10,4,43,FALL,12.136,30.025,0.0,-3.279,-24.025,0.0,-0.8,19.671,0.0,207.0,0,0,0,0,0,0,15.586,14.957,4.547,1.657,36.0,33.7,20.4,-0.775,0.0,0.0,35.8,26.6,0.0,0.0,0.0,0.0,75.7,0.0,15.193,0.0,1
2025-10-27,US_MIDWEST,"Chicago, IL",8.829,3.9,13.5,1.8,1,0.0,0,1.8,12.0,30.1,52.9,0,0,0,7,Open-Meteo Historical Weather API,ERA5,2025,10,4,44,FALL,9.782,5.7,0.035,-0.953,-3.9,-0.035,-0.684,1.716,0.0,54.18,0,0,0,0,0,0,8.857,15.586,-3.279,4.547,6.0,36.0,-24.025,20.4,0.0,0.0,34.5,35.8,0.0,0.0,19.671,0.0,77.5,0.0,12.057,0.0,1
2025-11-03,US_MIDWEST,"Chicago, IL",8.357,-1.8,16.1,16.2,3,1.89,1,18.9,53.0,34.3,63.4,0,1,1,7,Open-Meteo Historical Weather API,ERA5,2025,11,4,45,FALL,9.317,21.6,0.088,-0.96,-5.4,1.802,-0.25,15.56,1.815,555.66,0,0,0,0,0,0,8.829,8.857,-0.953,-3.279,1.8,6.0,-3.9,-24.025,0.0,0.0,30.1,34.5,0.0,0.0,1.716,19.671,60.0,1.89,10.407,1.0,1
2025-11-10,US_MIDWEST,"Chicago, IL",6.443,-3.7,19.1,0.1,0,4.2,1,6.1,14.0,38.1,65.2,0,2,0,7,Open-Meteo Historical Weather API,ERA5,2025,11,4,46,FALL,5.214,8.35,1.12,1.229,-8.25,3.08,-0.988,0.0,0.0,3.81,0,0,0,0,0,0,8.357,8.829,-0.96,-0.953,16.2,1.8,-5.4,-3.9,1.89,0.0,34.3,30.1,1.0,0.0,15.56,1.716,24.1,6.09,8.122,1.0,1
2025-11-17,US_MIDWEST,"Chicago, IL",5.843,0.3,11.8,7.4,1,0.0,0,7.4,23.0,24.4,41.8,0,1,0,7,Open-Meteo Historical Weather API,ERA5,2025,11,4,47,FALL,4.078,14.7,1.768,1.764,-7.3,-1.768,-0.497,0.0,0.0,180.56,0,0,0,0,0,0,6.443,8.357,1.229,-0.96,0.1,16.2,-8.25,-5.4,4.2,1.89,38.1,34.3,0.0,1.0,0.0,15.56,25.5,6.09,7.368,1.0,1
2025-11-24,US_MIDWEST,"Chicago, IL",1.371,-4.9,10.2,8.7,2,15.61,2,31.0,51.0,46.7,85.3,1,5,0,7,Open-Meteo Historical Weather API,ERA5,2025,11,4,48,FALL,1.753,12.15,0.035,-0.382,-3.45,15.575,-0.284,3.328,5.971,406.29,0,1,0,0,0,0,5.843,6.443,1.764,1.229,7.4,0.1,-7.3,-8.25,0.0,4.2,24.4,38.1,0.0,0.0,0.0,0.0,32.4,21.7,5.504,1.0,1
2025-12-01,US_MIDWEST,"Chicago, IL",-4.529,-11.3,0.3,0.2,0,7.84,2,11.4,31.0,27.4,48.2,0,7,0,7,Open-Meteo Historical Weather API,ERA5,2025,12,4,49,WINTER,1.843,9.025,1.295,-6.372,-8.825,6.545,-0.978,1.274,49.955,5.48,0,0,1,0,0,0,1.371,5.843,-0.382,1.764,8.7,7.4,-3.45,-7.3,15.61,0.0,46.7,24.4,0.0,0.0,3.328,0.0,16.4,27.65,2.282,0.0,1
2025-12-08,US_MIDWEST,"Chicago, IL",-4.886,-16.6,4.2,5.4,2,2.17,0,8.5,29.0,34.8,59.8,0,7,2,7,Open-Meteo Historical Weather API,ERA5,2025,12,4,50,WINTER,1.736,17.075,0.332,-6.622,-11.675,1.838,-0.684,35.757,14.369,187.92,0,0,1,0,1,0,-4.529,1.371,-6.372,-0.382,0.2,8.7,-8.825,-3.45,7.84,15.61,27.4,46.7,0.0,0.0,1.274,3.328,21.7,25.62,-0.55,2.0,1
2025-12-15,US_MIDWEST,"Chicago, IL",-2.057,-14.3,9.3,6.9,1,0.0,0,6.9,13.0,40.4,68.4,1,7,1,7,Open-Meteo Historical Weather API,ERA5,2025,12,4,51,WINTER,-0.979,5.05,1.995,-1.078,1.85,-1.995,0.366,7.44,0.0,278.76,0,0,1,0,0,0,-4.886,-4.529,-6.622,-6.372,5.4,0.2,-11.675,-8.825,2.17,7.84,34.8,27.4,2.0,0.0,35.757,1.274,21.2,25.62,-2.525,3.0,1
2025-12-22,US_MIDWEST,"Chicago, IL",4.429,-1.9,10.4,38.3,4,0.0,0,38.3,45.0,37.5,67.7,0,5,2,7,Open-Meteo Historical Weather API,ERA5,2025,12,4,52,WINTER,2.525,14.5,4.392,1.904,23.8,-4.392,1.641,0.0,0.0,1436.25,0,0,0,0,1,0,-2.057,-4.886,-1.078,-6.622,6.9,5.4,1.85,-11.675,0.0,2.17,40.4,34.8,1.0,2.0,7.44,35.757,50.8,10.01,-1.761,5.0,1
2025-12-29,US_MIDWEST,"Chicago, IL",-5.186,-10.7,1.3,0.9,0,3.29,2,5.6,32.0,43.4,79.2,1,7,0,7,Open-Meteo Historical Weather API,ERA5,2025,12,4,1,WINTER,-2.282,6.55,1.768,-2.904,-5.65,1.522,-0.863,2.614,9.554,39.06,0,0,1,0,0,0,4.429,-2.057,1.904,-1.078,38.3,6.9,23.8,1.85,0.0,0.0,37.5,40.4,2.0,1.0,0.0,7.44,51.5,5.46,-1.925,5.0,1
2026-01-05,US_MIDWEST,"Chicago, IL",3.2,-4.9,13.8,21.6,4,1.82,1,24.2,26.0,38.8,83.2,0,5,2,7,Open-Meteo Historical Weather API,ERA5,2026,1,1,2,WINTER,-2.404,3.975,9.573,5.604,17.625,-7.753,4.434,0.0,0.0,838.08,0,0,0,0,1,0,-5.186,4.429,-2.904,1.904,0.9,38.3,-5.65,23.8,3.29,0.0,43.4,37.5,0.0,2.0,2.614,0.0,67.7,5.11,0.097,5.0,1
2026-01-12,US_MIDWEST,"Chicago, IL",-3.643,-13.8,9.0,1.2,0,4.27,2,7.3,34.0,39.7,71.3,0,7,0,7,Open-Meteo Historical Weather API,ERA5,2026,1,1,3,WINTER,-5.718,4.825,2.94,2.075,-3.625,1.33,-0.751,0.0,0.0,47.64,0,0,1,0,0,0,3.2,-5.186,5.604,-2.904,21.6,0.9,17.625,-5.65,1.82,3.29,38.8,43.4,2.0,0.0,0.0,2.614,62.0,9.38,-0.3,4.0,1
2026-01-19,US_MIDWEST,"Chicago, IL",-11.814,-23.3,-1.1,0.0,0,6.02,2,8.6,50.0,34.3,65.2,0,7,0,7,Open-Meteo Historical Weather API,ERA5,2026,1,1,4,WINTER,-5.029,10.925,5.688,-6.785,-10.925,0.332,-1.0,0.0,40.847,0.0,0,0,1,1,0,0,-3.643,3.2,2.075,5.604,1.2,21.6,-3.625,17.625,4.27,1.82,39.7,38.8,0.0,2.0,0.0,0.0,23.7,15.4,-4.361,2.0,1
2026-01-26,US_MIDWEST,"Chicago, IL",-10.671,-18.1,-2.8,0.0,0,2.1,1,3.0,23.0,33.9,55.8,0,7,0,7,Open-Meteo Historical Weather API,ERA5,2026,1,1,5,WINTER,-2.161,9.6,2.835,-8.51,-9.6,-0.735,-1.0,0.0,17.872,0.0,0,0,1,1,0,0,-11.814,-3.643,-6.785,2.075,0.0,1.2,-10.925,-3.625,6.02,4.27,34.3,39.7,0.0,0.0,0.0,0.0,22.8,14.21,-5.732,2.0,1
2026-02-02,US_MIDWEST,"Chicago, IL",-4.529,-10.8,2.2,0.6,0,3.71,2,5.9,28.0,27.7,52.2,0,7,0,7,Open-Meteo Historical Weather API,ERA5,2026,2,1,6,WINTER,0.1,5.75,1.522,-4.629,-5.15,2.188,-0.896,2.777,17.174,16.62,0,0,1,0,0,0,-10.671,-11.814,-8.51,-6.785,0.0,0.0,-9.6,-10.925,2.1,6.02,33.9,34.3,0.0,0.0,0.0,0.0,1.8,16.1,-7.664,0.0,1
2026-02-09,US_MIDWEST,"Chicago, IL",1.471,-5.6,12.8,0.0,0,0.0,0,0.0,0.0,25.4,41.8,0,7,0,7,Open-Meteo Historical Weather API,ERA5,2026,2,1,7,WINTER,-1.4,7.275,6.002,2.871,-7.275,-6.002,-1.0,0.0,0.0,0.0,0,0,0,0,0,0,-4.529,-10.671,-4.629,-8.51,0.6,0.0,-5.15,-9.6,3.71,2.1,27.7,33.9,0.0,0.0,2.777,0.0,0.6,11.83,-6.386,0.0,1
2026-02-16,US_MIDWEST,"Chicago, IL",3.614,-5.8,15.8,12.2,3,0.21,0,12.5,16.0,39.3,70.9,0,3,1,7,Open-Meteo Historical Weather API,ERA5,2026,2,1,8,WINTER,-1.796,11.075,1.628,5.41,1.125,-1.418,0.102,0.0,0.0,479.46,0,0,0,0,0,0,1.471,-4.529,2.871,-4.629,0.0,0.6,-7.275,-5.15,0.0,3.71,25.4,27.7,0.0,0.0,0.0,2.777,12.8,6.02,-2.529,1.0,1
2026-02-23,US_MIDWEST,"Chicago, IL",-0.9,-6.6,14.9,0.0,0,0.42,0,0.6,2.0,33.7,59.0,0,6,0,7,Open-Meteo Historical Weather API,ERA5,2026,2,1,9,WINTER,3.982,10.05,0.91,-4.882,-10.05,-0.49,-1.0,0.0,2.051,0.0,0,0,1,0,0,0,3.614,1.471,5.41,2.871,12.2,0.0,1.125,-7.275,0.21,0.0,39.3,25.4,1.0,0.0,0.0,0.0,12.8,4.34,-0.086,1.0,1
2026-03-02,US_MIDWEST,"Chicago, IL",5.129,-3.9,17.4,24.5,4,0.0,0,24.5,28.0,31.1,67.3,0,4,2,7,Open-Meteo Historical Weather API,ERA5,2026,3,1,10,SPRING,2.4,19.725,4.445,2.729,4.775,-4.445,0.242,0.0,0.0,761.95,0,0,0,0,1,0,-0.9,3.614,-4.882,5.41,0.0,12.2,-10.05,1.125,0.42,0.21,33.7,39.3,0.0,1.0,0.0,0.0,36.7,0.63,2.328,3.0,1
2026-03-09,US_MIDWEST,"Chicago, IL",5.071,-2.4,18.8,63.5,2,2.38,1,66.9,46.0,50.4,93.6,1,3,1,7,Open-Meteo Historical Weather API,ERA5,2026,3,1,11,SPRING,5.311,12.0,0.857,-0.24,51.5,1.522,4.292,15.24,0.571,3200.4,1,0,0,0,0,0,5.129,-0.9,2.729,-4.882,24.5,0.0,4.775,-10.05,0.0,0.42,31.1,33.7,2.0,0.0,0.0,0.0,100.2,3.01,3.228,4.0,1
2026-03-16,US_MIDWEST,"Chicago, IL",2.943,-9.7,20.3,0.9,0,4.76,1,7.7,27.0,40.4,75.6,1,4,0,7,Open-Meteo Historical Weather API,ERA5,2026,3,1,12,SPRING,3.929,21.925,3.185,-0.986,-21.025,1.575,-0.959,0.887,4.692,36.36,0,0,0,0,0,0,5.071,5.129,-0.24,2.729,63.5,24.5,51.5,4.775,2.38,0.0,50.4,31.1,1.0,2.0,15.24,0.0,88.9,7.56,3.061,3.0,1
2026-03-23,US_MIDWEST,"Chicago, IL",5.129,-4.2,18.3,3.5,1,0.0,0,3.5,9.0,36.3,63.7,0,4,0,7,Open-Meteo Historical Weather API,ERA5,2026,3,1,13,SPRING,5.264,37.125,0.298,-0.135,-33.625,-0.298,-0.906,0.473,0.0,127.05,0,0,0,0,0,0,2.943,5.071,-0.986,-0.24,0.9,63.5,-21.025,51.5,4.76,2.38,40.4,50.4,0.0,1.0,0.887,15.24,92.4,7.14,4.568,3.0,1
2026-03-30,US_MIDWEST,"Chicago, IL",9.1,1.4,22.8,48.4,5,0.07,0,48.5,52.0,37.9,74.5,0,1,1,7,Open-Meteo Historical Weather API,ERA5,2026,3,1,14,SPRING,6.011,37.4,0.91,3.089,11.0,-0.84,0.294,0.0,0.0,1834.36,0,0,0,0,0,0,5.129,2.943,-0.135,-0.986,3.5,0.9,-33.625,-21.025,0.0,4.76,36.3,40.4,0.0,0.0,0.473,0.887,116.3,7.21,5.561,2.0,1
2026-04-06,US_MIDWEST,"Chicago, IL",8.071,-2.4,22.4,18.9,4,0.0,0,18.9,36.0,33.8,66.2,0,1,0,7,Open-Meteo Historical Weather API,ERA5,2026,4,2,15,SPRING,10.075,8.725,0.035,-2.004,10.175,-0.035,1.166,37.88,0.0,638.82,0,0,0,0,0,0,9.1,5.129,3.089,-0.135,48.4,3.5,11.0,-33.625,0.07,0.0,37.9,36.3,1.0,0.0,0.0,0.473,71.7,4.83,6.311,1.0,1
2026-04-13,US_MIDWEST,"Chicago, IL",13.957,2.5,24.0,75.5,7,0.0,0,75.5,70.0,33.2,59.4,0,0,0,7,Open-Meteo Historical Weather API,ERA5,2026,4,2,16,SPRING,9.482,18.875,0.63,4.475,56.625,-0.63,3.0,0.0,0.0,2506.6,1,0,0,0,0,0,8.071,9.1,-2.004,3.089,18.9,48.4,10.175,11.0,0.0,0.07,33.8,37.9,0.0,1.0,37.88,0.0,146.3,0.07,9.064,1.0,1
2026-04-20,US_MIDWEST,"Chicago, IL",11.729,0.2,23.2,2.9,1,0.0,0,2.9,11.0,25.2,46.1,0,0,0,7,Open-Meteo Historical Weather API,ERA5,2026,4,2,17,SPRING,9.182,16.2,0.0,2.547,-13.3,0.0,-0.821,0.0,0.0,73.08,0,0,0,0,0,0,13.957,8.071,4.475,-2.004,75.5,18.9,56.625,10.175,0.0,0.0,33.2,33.8,0.0,0.0,0.0,37.88,145.7,0.07,10.714,1.0,1
2026-04-27,US_MIDWEST,"Chicago, IL",9.014,0.8,17.8,30.0,5,0.0,0,30.0,49.0,37.2,68.0,0,1,1,7,Open-Meteo Historical Weather API,ERA5,2026,4,2,18,SPRING,11.578,34.575,0.0,-2.565,-4.575,0.0,-0.132,76.935,0.0,1116.0,0,0,0,0,0,0,11.729,13.957,2.547,4.475,2.9,75.5,-13.3,56.625,0.0,0.0,25.2,33.2,0.0,0.0,0.0,0.0,127.3,0.0,10.693,1.0,1
2026-05-04,US_MIDWEST,"Chicago, IL",11.3,3.2,23.1,5.7,2,0.0,0,5.7,11.0,29.2,55.8,0,0,0,7,Open-Meteo Historical Weather API,ERA5,2026,5,2,19,SPRING,14.736,18.55,0.0,-3.436,-12.85,0.0,-0.693,19.584,0.0,166.44,0,0,0,0,0,0,9.014,11.729,-2.565,2.547,30.0,2.9,-4.575,-13.3,0.0,0.0,37.2,25.2,1.0,0.0,76.935,0.0,114.1,0.0,11.5,1.0,1
2026-05-11,US_MIDWEST,"Chicago, IL",13.971,4.1,25.8,4.9,2,0.0,0,4.9,15.0,28.3,56.9,0,0,0,7,Open-Meteo Historical Weather API,ERA5,2026,5,2,20,SPRING,15.304,21.025,0.0,-1.333,-16.125,0.0,-0.767,6.53,0.0,138.67,0,0,0,0,0,0,11.3,9.014,-3.436,-2.565,5.7,30.0,-12.85,-4.575,0.0,0.0,29.2,37.2,0.0,1.0,19.584,76.935,43.5,0.0,11.503,1.0,1
2026-05-18,US_MIDWEST,"Chicago, IL",14.914,8.2,23.9,10.9,1,0.0,0,10.9,14.0,35.4,58.7,0,0,0,7,Open-Meteo Historical Weather API,ERA5,2026,5,2,21,SPRING,14.425,23.2,0.0,0.489,-12.3,0.0,-0.53,0.0,0.0,385.86,0,0,0,0,0,0,13.971,11.3,-1.333,-3.436,4.9,5.7,-16.125,-12.85,0.0,0.0,28.3,29.2,0.0,0.0,6.53,19.584,51.5,0.0,12.3,1.0,1
2026-05-25,US_MIDWEST,"Chicago, IL",17.029,9.2,24.6,0.0,0,0.0,0,0.0,0.0,22.6,41.4,0,0,0,7,Open-Meteo Historical Weather API,ERA5,2026,5,2,22,SPRING,16.939,13.325,0.0,0.09,-13.325,0.0,-1.0,0.0,0.0,0.0,0,0,0,0,0,0,14.914,13.971,0.489,-1.333,10.9,4.9,-12.3,-16.125,0.0,0.0,35.4,28.3,0.0,0.0,0.0,6.53,21.5,0.0,14.304,0.0,1
2026-06-01,US_MIDWEST,"Chicago, IL",18.871,9.8,27.0,8.6,2,0.0,0,8.6,22.0,21.4,41.4,0,0,0,7,Open-Meteo Historical Weather API,ERA5,2026,6,2,23,SUMMER,17.725,22.575,0.0,1.146,-13.975,0.0,-0.619,0.0,0.0,184.04,0,0,0,0,0,0,17.029,14.914,0.09,0.489,0.0,10.9,-13.325,-12.3,0.0,0.0,22.6,35.4,0.0,0.0,0.0,0.0,24.4,0.0,16.196,0.0,1
2026-06-08,US_MIDWEST,"Chicago, IL",21.7,15.4,29.6,43.1,6,0.0,0,43.1,60.0,29.5,54.0,0,0,0,7,Open-Meteo Historical Weather API,ERA5,2026,6,2,24,SUMMER,19.371,10.9,0.0,2.329,32.2,0.0,2.954,0.0,0.0,1271.45,0,0,0,0,0,0,18.871,17.029,1.146,0.09,8.6,0.0,-13.975,-13.325,0.0,0.0,21.4,22.6,0.0,0.0,0.0,0.0,62.6,0.0,18.128,0.0,1
2026-06-15,US_MIDWEST,"Chicago, IL",18.114,12.4,23.4,41.5,3,0.0,0,41.5,28.0,34.4,60.1,0,0,0,7,Open-Meteo Historical Weather API,ERA5,2026,6,2,25,SUMMER,23.468,24.25,0.0,-5.354,17.25,0.0,0.711,222.181,0.0,1427.6,0,0,0,0,0,0,21.7,18.871,2.329,1.146,43.1,8.6,32.2,-13.975,0.0,0.0,29.5,21.4,0.0,0.0,0.0,0.0,93.2,0.0,18.928,0.0,1
2026-06-22,US_MIDWEST,"Chicago, IL",17.714,12.2,24.0,22.7,2,0.0,0,22.7,16.0,22.9,43.9,0,0,0,7,Open-Meteo Historical Weather API,ERA5,2026,6,2,26,SUMMER,22.607,22.675,0.0,-4.893,0.025,0.0,0.001,111.077,0.0,519.83,0,0,0,0,0,0,18.114,21.7,-5.354,2.329,41.5,43.1,17.25,32.2,0.0,0.0,34.4,29.5,0.0,0.0,222.181,0.0,115.9,0.0,19.1,0.0,1
2021-07-05,US_MTN,"Denver, CO",23.714,13.3,35.9,1.1,0,0.0,0,1.1,3.0,18.6,36.7,0,0,0,7,Open-Meteo Historical Weather API,ERA5,2021,7,3,27,SUMMER,,,,,,,,,,20.46,0,0,0,0,0,0,,,,,,,,,,,,,,,,,1.1,0.0,23.714,0.0,0
2021-07-12,US_MTN,"Denver, CO",23.1,12.4,32.9,1.8,0,0.0,0,1.8,4.0,21.3,33.8,0,0,0,7,Open-Meteo Historical Weather API,ERA5,2021,7,3,28,SUMMER,,,,,,,,,,38.34,0,0,0,0,0,0,23.714,,,,1.1,,,,0.0,,18.6,,0.0,,,,2.9,0.0,23.407,0.0,0
2021-07-19,US_MTN,"Denver, CO",25.043,15.6,34.2,3.6,1,0.0,0,3.6,12.0,24.3,32.4,0,0,0,7,Open-Meteo Historical Weather API,ERA5,2021,7,3,29,SUMMER,,,,,,,,,,87.48,0,0,0,0,0,0,23.1,23.714,,,1.8,1.1,,,0.0,0.0,21.3,18.6,0.0,0.0,,,6.5,0.0,23.952,0.0,0
2021-07-26,US_MTN,"Denver, CO",24.429,15.3,36.8,23.2,2,0.0,0,23.2,25.0,18.2,29.9,0,0,0,7,Open-Meteo Historical Weather API,ERA5,2021,7,3,30,SUMMER,,,,,,,,,,422.24,0,0,0,0,0,0,25.043,23.1,,,3.6,1.8,,,0.0,0.0,24.3,21.3,0.0,0.0,,,29.7,0.0,24.072,0.0,0
2021-08-02,US_MTN,"Denver, CO",23.114,14.6,34.8,2.7,1,0.0,0,2.7,6.0,17.8,33.8,0,0,0,7,Open-Meteo Historical Weather API,ERA5,2021,8,3,31,SUMMER,,,,,,,,,,48.06,0,0,0,0,0,0,24.429,25.043,,,23.2,3.6,,,0.0,0.0,18.2,24.3,0.0,0.0,,,31.3,0.0,23.922,0.0,0
2021-08-09,US_MTN,"Denver, CO",24.186,14.9,34.9,2.0,1,0.0,0,2.0,8.0,16.3,43.9,0,0,0,7,Open-Meteo Historical Weather API,ERA5,2021,8,3,32,SUMMER,,,,,,,,,,32.6,0,0,0,0,0,0,23.114,24.429,,,2.7,23.2,,,0.0,0.0,17.8,18.2,0.0,0.0,,,31.5,0.0,24.193,0.0,0
2021-08-16,US_MTN,"Denver, CO",22.8,13.4,35.0,7.2,2,0.0,0,7.2,7.0,18.9,42.1,0,0,0,7,Open-Meteo Historical Weather API,ERA5,2021,8,3,33,SUMMER,,,,,,,,,,136.08,0,0,0,0,0,0,24.186,23.114,,,2.0,2.7,,,0.0,0.0,16.3,17.8,0.0,0.0,,,35.1,0.0,23.632,0.0,0
2021-08-23,US_MTN,"Denver, CO",23.286,14.6,34.7,2.5,1,0.0,0,2.5,9.0,22.7,38.9,0,0,0,7,Open-Meteo Historical Weather API,ERA5,2021,8,3,34,SUMMER,,,,,,,,,,56.75,0,0,0,0,0,0,22.8,24.186,,,7.2,2.0,,,0.0,0.0,18.9,16.3,0.0,0.0,,,14.4,0.0,23.346,0.0,0
2021-08-30,US_MTN,"Denver, CO",22.414,12.9,34.3,10.2,3,0.0,0,10.2,13.0,16.9,42.8,0,0,0,7,Open-Meteo Historical Weather API,ERA5,2021,8,3,35,SUMMER,,,,,,,,,,172.38,0,0,0,0,0,0,23.286,22.8,,,2.5,7.2,,,0.0,0.0,22.7,18.9,0.0,0.0,,,21.9,0.0,23.172,0.0,0
2021-09-06,US_MTN,"Denver, CO",23.0,11.7,36.0,0.3,0,0.0,0,0.3,1.0,14.0,32.0,0,0,0,7,Open-Meteo Historical Weather API,ERA5,2021,9,3,36,FALL,,,,,,,,,,4.2,0,0,0,0,0,0,22.414,23.286,,,10.2,2.5,,,0.0,0.0,16.9,22.7,0.0,0.0,,,20.2,0.0,22.875,0.0,0
2021-09-13,US_MTN,"Denver, CO",20.714,10.4,33.1,1.3,1,0.0,0,1.3,3.0,22.6,55.4,0,0,0,7,Open-Meteo Historical Weather API,ERA5,2021,9,3,37,FALL,,,,,,,,,,29.38,0,0,0,0,0,0,23.0,22.414,,,0.3,10.2,,,0.0,0.0,14.0,16.9,0.0,0.0,,,14.3,0.0,22.354,0.0,0
2021-09-20,US_MTN,"Denver, CO",16.829,5.5,31.3,1.3,0,0.0,0,1.3,6.0,20.5,50.0,0,0,0,7,Open-Meteo Historical Weather API,ERA5,2021,9,3,38,FALL,,,,,,,,,,26.65,0,0,0,0,0,0,20.714,23.0,,,1.3,0.3,,,0.0,0.0,22.6,14.0,0.0,0.0,,,13.1,0.0,20.739,0.0,0
2021-09-27,US_MTN,"Denver, CO",15.886,7.3,31.1,7.0,1,0.0,0,7.0,12.0,18.7,39.6,0,0,0,7,Open-Meteo Historical Weather API,ERA5,2021,9,3,39,FALL,,,,,,,,,,130.9,0,0,0,0,0,0,16.829,20.714,,,1.3,1.3,,,0.0,0.0,20.5,22.6,0.0,0.0,,,9.9,0.0,19.107,0.0,0
2021-10-04,US_MTN,"Denver, CO",16.514,5.7,28.4,0.8,0,0.0,0,0.8,2.0,18.8,40.3,0,0,0,7,Open-Meteo Historical Weather API,ERA5,2021,10,4,40,FALL,,,,,,,,,,15.04,0,0,0,0,0,0,15.886,16.829,,,7.0,1.3,,,0.0,0.0,18.7,20.5,0.0,0.0,,,10.4,0.0,17.486,0.0,0
2021-10-11,US_MTN,"Denver, CO",9.443,1.2,23.8,7.8,3,1.54,1,10.0,16.0,20.4,42.5,0,0,0,7,Open-Meteo Historical Weather API,ERA5,2021,10,4,41,FALL,,,,,,,,,,159.12,0,0,0,0,0,0,16.514,15.886,,,0.8,7.0,,,0.0,0.0,18.8,18.7,0.0,0.0,,,16.9,1.54,14.668,0.0,0
2021-10-18,US_MTN,"Denver, CO",11.371,1.1,24.5,3.4,1,0.0,0,3.4,6.0,19.4,37.1,0,0,0,7,Open-Meteo Historical Weather API,ERA5,2021,10,4,42,FALL,,,,,,,,,,65.96,0,0,0,0,0,0,9.443,16.514,,,7.8,0.8,,,1.54,0.0,20.4,18.8,0.0,0.0,,,19.0,1.54,13.304,0.0,0
2021-10-25,US_MTN,"Denver, CO",10.614,3.3,26.9,2.8,1,0.0,0,2.8,9.0,30.3,56.5,0,0,0,7,Open-Meteo Historical Weather API,ERA5,2021,10,4,43,FALL,,,,,,,,,,84.84,0,0,0,0,0,0,11.371,9.443,,,3.4,7.8,,,0.0,1.54,19.4,20.4,0.0,0.0,,,14.8,1.54,11.986,0.0,0
2021-11-01,US_MTN,"Denver, CO",9.557,1.4,26.2,0.6,0,0.0,0,0.6,5.0,14.6,29.2,0,2,0,7,Open-Meteo Historical Weather API,ERA5,2021,11,4,44,FALL,,,,,,,,,,8.76,0,0,0,0,0,0,10.614,11.371,,,2.8,3.4,,,0.0,0.0,30.3,19.4,0.0,0.0,,,14.6,1.54,10.246,0.0,0
2021-11-08,US_MTN,"Denver, CO",8.2,-2.6,20.4,0.2,0,0.14,0,0.4,3.0,25.6,52.9,0,0,0,7,Open-Meteo Historical Weather API,ERA5,2021,11,4,45,FALL,,,,,,,,,,5.12,0,0,0,0,0,0,9.557,10.614,,,0.6,2.8,,,0.0,0.0,14.6,30.3,0.0,0.0,,,7.0,0.14,9.936,0.0,0
2021-11-15,US_MTN,"Denver, CO",7.729,-6.3,23.3,0.8,0,0.0,0,0.8,5.0,19.5,41.8,0,3,0,7,Open-Meteo Historical Weather API,ERA5,2021,11,4,46,FALL,,,,,,,,,,15.6,0,0,0,0,0,0,8.2,9.557,,,0.2,0.6,,,0.14,0.0,25.6,14.6,0.0,0.0,,,4.4,0.14,9.025,0.0,0
2021-11-22,US_MTN,"Denver, CO",7.614,-5.6,21.2,0.0,0,0.28,0,0.0,0.0,17.7,42.8,0,2,0,7,Open-Meteo Historical Weather API,ERA5,2021,11,4,47,FALL,,,,,,,,,,0.0,0,0,0,0,0,0,7.729,8.2,,,0.8,0.2,,,0.0,0.14,19.5,25.6,0.0,0.0,,,1.6,0.42,8.275,0.0,0
2021-11-29,US_MTN,"Denver, CO",9.971,-6.2,23.1,0.0,0,0.0,0,0.0,0.0,30.5,68.0,0,0,0,7,Open-Meteo Historical Weather API,ERA5,2021,11,4,48,FALL,,,,,,,,,,0.0,0,0,0,0,0,0,7.614,7.729,,,0.0,0.8,,,0.28,0.0,17.7,19.5,0.0,0.0,,,1.0,0.42,8.378,0.0,0
2021-12-06,US_MTN,"Denver, CO",2.986,-8.5,19.2,0.0,0,1.68,1,2.3,6.0,27.6,51.8,0,4,0,7,Open-Meteo Historical Weather API,ERA5,2021,12,4,49,WINTER,,,,,,,,,,0.0,0,0,0,0,0,0,9.971,7.614,,,0.0,0.0,,,0.0,0.28,30.5,17.7,0.0,0.0,,,0.8,1.96,7.075,0.0,0
2021-12-13,US_MTN,"Denver, CO",3.371,-9.7,18.0,0.3,0,0.0,0,0.3,2.0,46.3,97.6,1,4,0,7,Open-Meteo Historical Weather API,ERA5,2021,12,4,50,WINTER,,,,,,,,,,13.89,0,0,0,0,0,0,2.986,9.971,,,0.0,0.0,,,1.68,0.0,27.6,30.5,0.0,0.0,,,0.3,1.96,5.986,0.0,0
2021-12-20,US_MTN,"Denver, CO",6.343,-0.7,19.1,4.3,1,0.0,0,4.3,8.0,19.5,40.7,0,2,0,7,Open-Meteo Historical Weather API,ERA5,2021,12,4,51,WINTER,,,,,,,,,,83.85,0,0,0,0,0,0,3.371,2.986,,,0.3,0.0,,,0.0,1.68,46.3,27.6,0.0,0.0,,,4.6,1.68,5.668,0.0,0
2021-12-27,US_MTN,"Denver, CO",-3.3,-18.6,9.5,0.7,0,8.05,2,12.1,38.0,28.4,59.4,0,7,0,7,Open-Meteo Historical Weather API,ERA5,2021,12,4,52,WINTER,,,,,,,,,,19.88,0,0,1,0,0,0,6.343,3.371,,,4.3,0.3,,,0.0,0.0,19.5,46.3,0.0,0.0,,,5.3,9.73,2.35,0.0,0
2022-01-03,US_MTN,"Denver, CO",-2.629,-17.6,11.2,0.4,0,7.07,2,10.5,32.0,19.5,39.6,0,7,0,7,Open-Meteo Historical Weather API,ERA5,2022,1,1,1,WINTER,,,,,,,,,,7.8,0,0,1,0,0,0,-3.3,6.343,,,0.7,4.3,,,8.05,0.0,28.4,19.5,0.0,0.0,,,5.7,15.12,0.946,0.0,0
2022-01-10,US_MTN,"Denver, CO",1.757,-9.2,15.2,0.0,0,2.45,1,3.5,14.0,18.8,38.9,0,6,0,7,Open-Meteo Historical Weather API,ERA5,2022,1,1,2,WINTER,,,,,,,,,,0.0,0,0,0,0,0,0,-2.629,-3.3,,,0.4,0.7,,,7.07,8.05,19.5,28.4,0.0,0.0,,,5.4,17.57,0.543,0.0,0
2022-01-17,US_MTN,"Denver, CO",-0.529,-11.3,14.6,0.0,0,2.24,1,3.2,19.0,14.8,31.3,0,7,0,7,Open-Meteo Historical Weather API,ERA5,2022,1,1,3,WINTER,,,,,,,,,,0.0,0,0,1,0,0,0,1.757,-2.629,,,0.0,0.4,,,2.45,7.07,18.8,19.5,0.0,0.0,,,1.1,19.81,-1.175,0.0,0
2022-01-24,US_MTN,"Denver, CO",-2.171,-13.1,12.2,0.0,0,8.19,2,11.7,25.0,18.5,36.7,0,7,0,7,Open-Meteo Historical Weather API,ERA5,2022,1,1,4,WINTER,,,,,,,,,,0.0,0,0,1,0,0,0,-0.529,1.757,,,0.0,0.0,,,2.24,2.45,14.8,18.8,0.0,0.0,,,0.4,19.95,-0.893,0.0,0
2022-01-31,US_MTN,"Denver, CO",-5.314,-21.6,13.7,0.0,0,11.97,3,17.1,43.0,15.3,32.8,0,7,0,7,Open-Meteo Historical Weather API,ERA5,2022,1,1,5,WINTER,,,,,,,,,,0.0,0,0,1,0,0,0,-2.171,-0.529,,,0.0,0.0,,,8.19,2.24,18.5,14.8,0.0,0.0,,,0.0,24.85,-1.564,0.0,0
2022-02-07,US_MTN,"Denver, CO",1.186,-11.6,12.8,0.2,0,2.8,1,4.2,14.0,18.1,42.1,0,6,0,7,Open-Meteo Historical Weather API,ERA5,2022,2,1,6,WINTER,,,,,,,,,,3.62,0,0,0,0,0,0,-5.314,-2.171,,,0.0,0.0,,,11.97,8.19,15.3,18.5,0.0,0.0,,,0.2,25.2,-1.707,0.0,0
2022-02-14,US_MTN,"Denver, CO",0.557,-10.2,13.5,0.0,0,6.02,2,8.6,15.0,16.5,32.4,0,7,0,7,Open-Meteo Historical Weather API,ERA5,2022,2,1,7,WINTER,,,,,,,,,,0.0,0,0,0,0,0,0,1.186,-5.314,,,0.2,0.0,,,2.8,11.97,18.1,15.3,0.0,0.0,,,0.2,28.98,-1.435,0.0,0
2022-02-21,US_MTN,"Denver, CO",-8.386,-19.2,14.0,0.0,0,4.76,3,6.8,43.0,24.2,50.0,0,7,0,7,Open-Meteo Historical Weather API,ERA5,2022,2,1,8,WINTER,,,,,,,,,,0.0,0,0,1,0,0,0,0.557,1.186,,,0.0,0.2,,,6.02,2.8,16.5,18.1,0.0,0.0,,,0.2,25.55,-2.989,0.0,0
2022-02-28,US_MTN,"Denver, CO",4.329,-8.0,20.1,1.0,0,3.85,2,6.5,36.0,16.1,35.6,0,3,0,7,Open-Meteo Historical Weather API,ERA5,2022,2,1,9,WINTER,,,,,,,,,,16.1,0,0,0,0,0,0,-8.386,0.557,,,0.0,0.0,,,4.76,6.02,24.2,16.5,0.0,0.0,,,1.2,17.43,-0.578,0.0,0
2022-03-07,US_MTN,"Denver, CO",-4.171,-17.3,18.4,0.0,0,2.38,1,3.4,19.0,19.5,34.9,0,6,0,7,Open-Meteo Historical Weather API,ERA5,2022,3,1,10,SPRING,,,,,,,,,,0.0,0,0,1,0,0,0,4.329,-8.386,,,1.0,0.0,,,3.85,4.76,16.1,24.2,0.0,0.0,,,1.0,17.01,-1.918,0.0,0
2022-03-14,US_MTN,"Denver, CO",4.443,-7.7,20.8,2.8,1,14.98,2,24.2,28.0,23.7,44.3,0,3,0,7,Open-Meteo Historical Weather API,ERA5,2022,3,1,11,SPRING,,,,,,,,,,66.36,0,0,0,0,0,0,-4.171,4.329,,,0.0,1.0,,,2.38,3.85,19.5,16.1,0.0,0.0,,,3.8,25.97,-0.946,0.0,0
2022-03-21,US_MTN,"Denver, CO",6.8,-6.1,24.9,0.7,0,1.19,1,2.4,14.0,34.4,63.0,0,3,0,7,Open-Meteo Historical Weather API,ERA5,2022,3,1,12,SPRING,,,,,,,,,,24.08,0,0,0,0,0,0,4.443,-4.171,,,2.8,0.0,,,14.98,2.38,23.7,19.5,0.0,0.0,,,4.5,22.4,2.85,0.0,0
2022-03-28,US_MTN,"Denver, CO",8.4,-1.7,24.5,9.8,1,0.0,0,9.8,29.0,29.2,58.7,0,1,0,7,Open-Meteo Historical Weather API,ERA5,2022,3,1,13,SPRING,,,,,,,,,,286.16,0,0,0,0,0,0,6.8,4.443,,,0.7,2.8,,,1.19,14.98,34.4,23.7,0.0,0.0,,,13.3,18.55,3.868,0.0,0
2022-04-04,US_MTN,"Denver, CO",8.8,-2.1,24.5,16.7,2,0.0,0,16.7,29.0,29.9,63.0,0,2,0,7,Open-Meteo Historical Weather API,ERA5,2022,4,2,14,SPRING,,,,,,,,,,499.33,0,0,0,0,0,0,8.4,6.8,,,9.8,0.7,,,0.0,1.19,29.2,34.4,0.0,0.0,,,30.0,16.17,7.111,0.0,0
2022-04-11,US_MTN,"Denver, CO",7.414,-5.5,19.8,1.5,0,0.07,0,1.6,11.0,25.6,53.3,0,1,0,7,Open-Meteo Historical Weather API,ERA5,2022,4,2,15,SPRING,,,,,,,,,,38.4,0,0,0,0,0,0,8.8,8.4,,,16.7,9.8,,,0.0,0.0,29.9,29.2,0.0,0.0,,,28.7,1.26,7.854,0.0,0
2022-04-18,US_MTN,"Denver, CO",13.229,-0.9,29.4,0.2,0,0.0,0,0.2,2.0,34.6,62.6,0,0,0,7,Open-Meteo Historical Weather API,ERA5,2022,4,2,16,SPRING,,,,,,,,,,6.92,0,0,0,0,0,0,7.414,8.8,,,1.5,16.7,,,0.07,0.0,25.6,29.9,0.0,0.0,,,28.2,0.07,9.461,0.0,0
2022-04-25,US_MTN,"Denver, CO",12.414,1.7,25.0,3.1,1,0.14,0,3.3,14.0,32.5,64.1,0,0,0,7,Open-Meteo Historical Weather API,ERA5,2022,4,2,17,SPRING,,,,,,,,,,100.75,0,0,0,0,0,0,13.229,7.414,,,0.2,1.5,,,0.0,0.07,34.6,25.6,0.0,0.0,,,21.5,0.21,10.464,0.0,0
2022-05-02,US_MTN,"Denver, CO",12.786,1.4,30.2,14.1,3,0.98,0,15.5,41.0,20.9,43.2,0,0,0,7,Open-Meteo Historical Weather API,ERA5,2022,5,2,18,SPRING,,,,,,,,,,294.69,0,0,0,0,0,0,12.414,13.229,,,3.1,0.2,,,0.14,0.0,32.5,34.6,0.0,0.0,,,18.9,1.19,11.461,0.0,0
2022-05-09,US_MTN,"Denver, CO",17.4,6.0,31.3,0.5,0,0.0,0,0.5,2.0,28.3,60.1,0,0,0,7,Open-Meteo Historical Weather API,ERA5,2022,5,2,19,SPRING,,,,,,,,,,14.15,0,0,0,0,0,0,12.786,12.414,,,14.1,3.1,,,0.98,0.14,20.9,32.5,0.0,0.0,,,17.9,1.12,13.957,0.0,0
2022-05-16,US_MTN,"Denver, CO",13.2,-0.4,30.9,8.1,1,15.54,2,30.3,37.0,32.5,66.2,0,2,1,7,Open-Meteo Historical Weather API,ERA5,2022,5,2,20,SPRING,,,,,,,,,,263.25,0,1,0,0,0,0,17.4,12.786,,,0.5,14.1,,,0.0,0.98,28.3,20.9,0.0,0.0,,,25.8,16.66,13.95,1.0,0
2022-05-23,US_MTN,"Denver, CO",15.129,3.3,30.3,5.5,2,0.0,0,5.5,31.0,22.4,49.3,0,0,0,7,Open-Meteo Historical Weather API,ERA5,2022,5,2,21,SPRING,,,,,,,,,,123.2,0,0,0,0,0,0,13.2,17.4,,,8.1,0.5,,,15.54,0.0,32.5,28.3,1.0,0.0,,,28.2,16.52,14.629,1.0,0
2022-05-30,US_MTN,"Denver, CO",15.157,5.1,28.7,15.8,3,0.14,0,16.0,26.0,19.8,46.8,0,0,0,7,Open-Meteo Historical Weather API,ERA5,2022,5,2,22,SPRING,,,,,,,,,,312.84,0,0,0,0,0,0,15.129,13.2,,,5.5,8.1,,,0.0,15.54,22.4,32.5,0.0,1.0,,,29.9,15.68,15.221,1.0,0
2022-06-06,US_MTN,"Denver, CO",21.871,10.6,36.2,8.0,2,0.0,0,8.0,12.0,18.1,44.3,0,0,0,7,Open-Meteo Historical Weather API,ERA5,2022,6,2,23,SUMMER,,,,,,,,,,144.8,0,0,0,0,0,0,15.157,15.129,,,15.8,5.5,,,0.14,0.0,19.8,22.4,0.0,0.0,,,37.4,15.68,16.339,1.0,0
2022-06-13,US_MTN,"Denver, CO",24.257,10.9,36.2,1.3,1,0.0,0,1.3,5.0,22.4,46.4,0,0,0,7,Open-Meteo Historical Weather API,ERA5,2022,6,2,24,SUMMER,,,,,,,,,,29.12,0,0,0,0,0,0,21.871,15.157,,,8.0,15.8,,,0.0,0.14,18.1,19.8,0.0,0.0,,,30.6,0.14,19.104,0.0,0
2022-06-20,US_MTN,"Denver, CO",20.886,11.9,32.2,7.7,2,0.0,0,7.7,15.0,21.4,42.8,0,0,0,7,Open-Meteo Historical Weather API,ERA5,2022,6,2,25,SUMMER,,,,,,,,,,164.78,0,0,0,0,0,0,24.257,21.871,,,1.3,8.0,,,0.0,0.0,22.4,18.1,0.0,0.0,,,32.8,0.14,20.543,0.0,0
2022-06-27,US_MTN,"Denver, CO",22.6,11.8,33.2,2.7,0,0.0,0,2.7,13.0,25.2,41.0,0,0,0,7,Open-Meteo Historical Weather API,ERA5,2022,6,2,26,SUMMER,,,,,,,,,,68.04,0,0,0,0,0,0,20.886,24.257,,,7.7,1.3,,,0.0,0.0,21.4,22.4,0.0,0.0,,,19.7,0.0,22.404,0.0,0
2022-07-04,US_MTN,"Denver, CO",25.071,14.3,37.6,6.0,3,0.0,0,6.0,16.0,23.5,35.6,0,0,0,7,Open-Meteo Historical Weather API,ERA5,2022,7,3,27,SUMMER,23.714,1.1,0.0,1.357,4.9,0.0,4.455,0.0,0.0,141.0,0,0,0,0,0,0,22.6,20.886,,,2.7,7.7,,,0.0,0.0,25.2,21.4,0.0,0.0,,,17.7,0.0,23.204,0.0,1
2022-07-11,US_MTN,"Denver, CO",25.386,14.7,36.1,3.7,1,0.0,0,3.7,12.0,21.5,43.9,0,0,0,7,Open-Meteo Historical Weather API,ERA5,2022,7,3,28,SUMMER,23.1,1.8,0.0,2.286,1.9,0.0,1.056,0.0,0.0,79.55,0,0,0,0,0,0,25.071,22.6,1.357,,6.0,2.7,4.9,,0.0,0.0,23.5,25.2,0.0,0.0,0.0,,20.1,0.0,23.486,0.0,1
2022-07-18,US_MTN,"Denver, CO",25.986,16.5,36.9,17.0,3,0.0,0,17.0,25.0,17.6,41.4,0,0,0,7,Open-Meteo Historical Weather API,ERA5,2022,7,3,29,SUMMER,25.043,3.6,0.0,0.943,13.4,0.0,3.722,0.0,0.0,299.2,0,0,0,0,0,0,25.386,25.071,2.286,1.357,3.7,6.0,1.9,4.9,0.0,0.0,21.5,23.5,0.0,0.0,0.0,0.0,29.4,0.0,24.761,0.0,1
2022-07-25,US_MTN,"Denver, CO",23.043,14.5,33.1,7.0,2,0.0,0,7.0,13.0,17.9,35.6,0,0,0,7,Open-Meteo Historical Weather API,ERA5,2022,7,3,30,SUMMER,24.429,23.2,0.0,-1.386,-16.2,0.0,-0.698,9.702,0.0,125.3,0,0,0,0,0,0,25.986,25.386,0.943,2.286,17.0,3.7,13.4,1.9,0.0,0.0,17.6,21.5,0.0,0.0,0.0,0.0,33.7,0.0,24.872,0.0,1
2022-08-01,US_MTN,"Denver, CO",26.014,17.0,36.1,5.1,2,0.0,0,5.1,10.0,17.7,35.3,0,0,0,7,Open-Meteo Historical Weather API,ERA5,2022,8,3,31,SUMMER,23.114,2.7,0.0,2.9,2.4,0.0,0.889,0.0,0.0,90.27,0,0,0,0,0,0,23.043,25.986,-1.386,0.943,7.0,17.0,-16.2,13.4,0.0,0.0,17.9,17.6,0.0,0.0,9.702,0.0,32.8,0.0,25.107,0.0,1
2022-08-08,US_MTN,"Denver, CO",26.014,16.4,36.2,2.2,1,0.0,0,2.2,4.0,20.0,31.7,0,0,0,7,Open-Meteo Historical Weather API,ERA5,2022,8,3,32,SUMMER,24.186,2.0,0.0,1.828,0.2,0.0,0.1,0.0,0.0,44.0,0,0,0,0,0,0,26.014,23.043,2.9,-1.386,5.1,7.0,2.4,-16.2,0.0,0.0,17.7,17.9,0.0,0.0,0.0,9.702,31.3,0.0,25.264,0.0,1
2022-08-15,US_MTN,"Denver, CO",20.586,13.9,30.6,40.3,3,0.0,0,40.3,39.0,16.3,35.3,0,0,0,7,Open-Meteo Historical Weather API,ERA5,2022,8,3,33,SUMMER,22.8,7.2,0.0,-2.214,33.1,0.0,4.597,89.224,0.0,656.89,0,0,0,0,0,0,26.014,26.014,1.828,2.9,2.2,5.1,0.2,2.4,0.0,0.0,20.0,17.7,0.0,0.0,0.0,0.0,54.6,0.0,23.914,0.0,1
2022-08-22,US_MTN,"Denver, CO",22.014,13.8,32.0,4.7,2,0.0,0,4.7,12.0,24.2,33.1,0,0,0,7,Open-Meteo Historical Weather API,ERA5,2022,8,3,34,SUMMER,23.286,2.5,0.0,-1.272,2.2,0.0,0.88,5.978,0.0,113.74,0,0,0,0,0,0,20.586,26.014,-2.214,1.828,40.3,2.2,33.1,0.2,0.0,0.0,16.3,20.0,0.0,0.0,89.224,0.0,52.3,0.0,23.657,0.0,1
2022-08-29,US_MTN,"Denver, CO",23.886,14.4,34.7,0.2,0,0.0,0,0.2,1.0,15.7,42.8,0,0,0,7,Open-Meteo Historical Weather API,ERA5,2022,8,3,35,SUMMER,22.414,10.2,0.0,1.472,-10.0,0.0,-0.98,0.0,0.0,3.14,0,0,0,0,0,0,22.014,20.586,-1.272,-2.214,4.7,40.3,2.2,33.1,0.0,0.0,24.2,16.3,0.0,0.0,5.978,89.224,47.4,0.0,23.125,0.0,1
2022-09-05,US_MTN,"Denver, CO",20.686,6.7,36.5,9.5,2,0.0,0,9.5,20.0,20.5,37.4,0,0,0,7,Open-Meteo Historical Weather API,ERA5,2022,9,3,36,FALL,23.0,0.3,0.0,-2.314,9.2,0.0,9.2,21.983,0.0,194.75,0,0,0,0,0,0,23.886,22.014,1.472,-1.272,0.2,4.7,-10.0,2.2,0.0,0.0,15.7,24.2,0.0,0.0,0.0,5.978,54.7,0.0,21.793,0.0,1
2022-09-12,US_MTN,"Denver, CO",19.257,9.8,31.2,8.2,2,0.0,0,8.2,12.0,21.1,38.9,0,0,0,7,Open-Meteo Historical Weather API,ERA5,2022,9,3,37,FALL,20.714,1.3,0.0,-1.457,6.9,0.0,5.308,11.947,0.0,173.02,0,0,0,0,0,0,20.686,23.886,-2.314,1.472,9.5,0.2,9.2,-10.0,0.0,0.0,20.5,15.7,0.0,0.0,21.983,0.0,22.6,0.0,21.461,0.0,1
2022-09-19,US_MTN,"Denver, CO",17.929,8.5,31.7,12.1,2,0.0,0,12.1,22.0,14.7,29.9,0,0,0,7,Open-Meteo Historical Weather API,ERA5,2022,9,3,38,FALL,16.829,1.3,0.0,1.1,10.8,0.0,8.308,0.0,0.0,177.87,0,0,0,0,0,0,19.257,20.686,-1.457,-2.314,8.2,9.5,6.9,9.2,0.0,0.0,21.1,20.5,0.0,0.0,11.947,21.983,30.0,0.0,20.44,0.0,1
2022-09-26,US_MTN,"Denver, CO",17.271,8.8,28.8,10.8,2,0.0,0,10.8,21.0,14.9,37.4,0,0,0,7,Open-Meteo Historical Weather API,ERA5,2022,9,3,39,FALL,15.886,7.0,0.0,1.385,3.8,0.0,0.543,0.0,0.0,160.92,0,0,0,0,0,0,17.929,19.257,1.1,-1.457,12.1,8.2,10.8,6.9,0.0,0.0,14.7,21.1,0.0,0.0,0.0,11.947,40.6,0.0,18.786,0.0,1
2022-10-03,US_MTN,"Denver, CO",12.771,4.6,22.8,3.4,2,0.0,0,3.4,17.0,11.8,29.5,0,0,0,7,Open-Meteo Historical Weather API,ERA5,2022,10,4,40,FALL,16.514,0.8,0.0,-3.743,2.6,0.0,2.6,12.726,0.0,40.12,0,0,0,0,0,0,17.271,17.929,1.385,1.1,10.8,12.1,3.8,10.8,0.0,0.0,14.9,14.7,0.0,0.0,0.0,0.0,34.5,0.0,16.807,0.0,1
2022-10-10,US_MTN,"Denver, CO",12.586,3.4,25.2,0.0,0,0.0,0,0.0,0.0,20.3,40.7,0,0,0,7,Open-Meteo Historical Weather API,ERA5,2022,10,4,41,FALL,9.443,7.8,1.54,3.143,-7.8,-1.54,-1.0,0.0,0.0,0.0,0,0,0,0,0,0,12.771,17.271,-3.743,1.385,3.4,10.8,2.6,3.8,0.0,0.0,11.8,14.9,0.0,0.0,12.726,0.0,26.3,0.0,15.139,0.0,1
2022-10-17,US_MTN,"Denver, CO",13.3,1.5,26.5,1.1,1,0.0,0,1.1,5.0,22.8,50.4,0,0,0,7,Open-Meteo Historical Weather API,ERA5,2022,10,4,42,FALL,11.371,3.4,0.0,1.929,-2.3,0.0,-0.676,0.0,0.0,25.08,0,0,0,0,0,0,12.586,12.771,3.143,-3.743,0.0,3.4,-7.8,2.6,0.0,0.0,20.3,11.8,0.0,0.0,0.0,12.726,15.3,0.0,13.982,0.0,1
2022-10-24,US_MTN,"Denver, CO",7.0,-2.0,16.7,7.4,2,1.26,1,9.2,24.0,16.8,38.5,0,1,1,7,Open-Meteo Historical Weather API,ERA5,2022,10,4,43,FALL,10.614,2.8,0.0,-3.614,4.6,1.26,1.643,26.744,4.554,124.32,0,0,0,0,0,0,13.3,12.586,1.929,3.143,1.1,0.0,-2.3,-7.8,0.0,0.0,22.8,20.3,0.0,0.0,0.0,0.0,11.9,1.26,11.414,1.0,1
2022-10-31,US_MTN,"Denver, CO",7.671,-2.4,22.7,0.0,0,3.08,1,4.4,15.0,20.3,46.8,0,2,0,7,Open-Meteo Historical Weather API,ERA5,2022,10,4,44,FALL,9.557,0.6,0.0,-1.886,-0.6,3.08,-0.6,0.0,5.809,0.0,0,0,0,0,0,0,7.0,13.3,-3.614,1.929,7.4,1.1,4.6,-2.3,1.26,0.0,16.8,22.8,1.0,0.0,26.744,0.0,8.5,4.34,10.139,1.0,1
2022-11-07,US_MTN,"Denver, CO",4.529,-6.1,22.6,0.1,0,0.07,0,0.2,2.0,21.6,39.6,0,4,0,7,Open-Meteo Historical Weather API,ERA5,2022,11,4,45,FALL,8.2,0.2,0.14,-3.671,-0.1,-0.07,-0.1,0.367,0.257,2.16,0,0,0,0,0,0,7.671,7.0,-1.886,-3.614,0.0,7.4,-0.6,4.6,3.08,1.26,20.3,16.8,0.0,1.0,0.0,26.744,8.6,4.41,8.125,1.0,1
2022-11-14,US_MTN,"Denver, CO",-4.586,-15.4,10.7,0.1,0,8.54,3,12.3,41.0,18.5,38.9,0,7,0,7,Open-Meteo Historical Weather API,ERA5,2022,11,4,46,FALL,7.729,0.8,0.0,-12.315,-0.7,8.54,-0.7,1.232,105.17,1.85,0,0,1,0,0,0,4.529,7.671,-3.671,-1.886,0.1,0.0,-0.1,-0.6,0.07,3.08,21.6,20.3,0.0,0.0,0.367,0.0,7.6,12.95,3.654,1.0,1
2022-11-21,US_MTN,"Denver, CO",1.5,-7.5,15.5,0.0,0,0.84,0,1.2,8.0,12.6,26.3,0,7,0,7,Open-Meteo Historical Weather API,ERA5,2022,11,4,47,FALL,7.614,0.0,0.28,-6.114,0.0,0.56,0.0,0.0,5.136,0.0,0,0,0,0,0,0,-4.586,4.529,-12.315,-3.671,0.1,0.1,-0.7,-0.1,8.54,0.07,18.5,21.6,0.0,0.0,1.232,0.367,0.2,12.53,2.278,0.0,1
2022-11-28,US_MTN,"Denver, CO",0.357,-14.1,15.0,1.5,1,3.43,1,6.4,20.0,30.1,59.0,0,5,0,7,Open-Meteo Historical Weather API,ERA5,2022,11,4,48,FALL,9.971,0.0,0.0,-9.614,1.5,3.43,1.5,14.421,32.976,45.15,0,0,0,0,0,0,1.5,-4.586,-6.114,-12.315,0.0,0.1,0.0,-0.7,0.84,8.54,12.6,18.5,0.0,0.0,0.0,1.232,1.7,12.88,0.45,0.0,1
2022-12-05,US_MTN,"Denver, CO",3.271,-5.8,17.1,0.0,0,0.0,0,0.0,0.0,22.3,49.7,0,5,0,7,Open-Meteo Historical Weather API,ERA5,2022,12,4,49,WINTER,2.986,0.0,1.68,0.285,0.0,-1.68,0.0,0.0,0.0,0.0,0,0,0,0,0,0,0.357,1.5,-9.614,-6.114,1.5,0.0,1.5,0.0,3.43,0.84,30.1,12.6,0.0,0.0,14.421,0.0,1.6,12.81,0.135,0.0,1
2022-12-12,US_MTN,"Denver, CO",-4.043,-14.9,12.3,0.3,0,5.95,1,8.8,37.0,22.7,47.9,0,7,0,7,Open-Meteo Historical Weather API,ERA5,2022,12,4,50,WINTER,3.371,0.3,0.0,-7.414,0.0,5.95,0.0,2.224,44.113,6.81,0,0,1,0,0,0,3.271,0.357,0.285,-9.614,0.0,1.5,0.0,1.5,0.0,3.43,22.3,30.1,0.0,0.0,0.0,14.421,1.8,10.22,0.271,0.0,1
2022-12-19,US_MTN,"Denver, CO",-6.6,-26.9,11.2,0.1,0,2.73,1,4.0,13.0,29.2,49.0,0,7,0,7,Open-Meteo Historical Weather API,ERA5,2022,12,4,51,WINTER,6.343,4.3,0.0,-12.943,-4.2,2.73,-0.977,1.294,35.334,2.92,0,0,1,0,0,0,-4.043,3.271,-7.414,0.285,0.3,0.0,0.0,0.0,5.95,0.0,22.7,22.3,0.0,0.0,2.224,0.0,1.9,12.11,-1.754,0.0,1
2022-12-26,US_MTN,"Denver, CO",1.529,-11.3,16.5,3.7,1,12.04,2,20.9,16.0,14.8,32.4,0,5,0,7,Open-Meteo Historical Weather API,ERA5,2022,12,4,52,WINTER,-3.3,0.7,8.05,4.829,3.0,3.99,3.0,0.0,0.0,54.76,0,0,0,0,0,0,-6.6,-4.043,-12.943,-7.414,0.1,0.3,-4.2,0.0,2.73,5.95,29.2,22.7,0.0,0.0,1.294,2.224,4.1,20.72,-1.461,0.0,1
2023-01-02,US_MTN,"Denver, CO",-2.886,-9.6,9.4,0.1,0,3.15,1,4.6,28.0,12.5,26.6,0,7,0,7,Open-Meteo Historical Weather API,ERA5,2023,1,1,1,WINTER,-2.629,0.4,7.07,-0.257,-0.3,-3.92,-0.3,0.026,0.81,1.25,0,0,1,0,0,0,1.529,-6.6,4.829,-12.943,3.7,0.1,3.0,-4.2,12.04,2.73,14.8,29.2,0.0,0.0,0.0,1.294,4.2,23.87,-3.0,0.0,1
2023-01-09,US_MTN,"Denver, CO",1.914,-6.1,13.9,0.0,0,1.96,1,2.8,16.0,14.6,30.2,0,7,0,7,Open-Meteo Historical Weather API,ERA5,2023,1,1,2,WINTER,1.757,0.0,2.45,0.157,0.0,-0.49,0.0,0.0,0.0,0.0,0,0,0,0,0,0,-2.886,1.529,-0.257,4.829,0.1,3.7,-0.3,3.0,3.15,12.04,12.5,14.8,0.0,0.0,0.026,0.0,3.9,19.88,-1.511,0.0,1
2023-01-16,US_MTN,"Denver, CO",-3.171,-10.8,7.8,0.0,0,10.92,2,15.6,34.0,19.5,34.9,0,7,0,7,Open-Meteo Historical Weather API,ERA5,2023,1,1,3,WINTER,-0.529,0.0,2.24,-2.642,0.0,8.68,0.0,0.0,28.851,0.0,0,0,1,0,0,0,1.914,-2.886,0.157,-0.257,0.0,0.1,0.0,-0.3,1.96,3.15,14.6,12.5,0.0,0.0,0.0,0.026,3.8,28.07,-0.654,0.0,1
2023-01-23,US_MTN,"Denver, CO",-5.186,-21.2,6.1,0.1,0,2.24,0,3.3,26.0,15.5,44.3,0,7,0,7,Open-Meteo Historical Weather API,ERA5,2023,1,1,4,WINTER,-2.171,0.0,8.19,-3.015,0.1,-5.95,0.1,0.302,6.754,1.55,0,0,1,0,0,0,-3.171,1.914,-2.642,0.157,0.0,0.0,0.0,0.0,10.92,1.96,19.5,14.6,0.0,0.0,0.0,0.0,0.2,18.27,-2.332,0.0,1
2023-01-30,US_MTN,"Denver, CO",-4.986,-24.2,11.8,0.0,0,0.63,0,0.9,9.0,15.7,32.8,0,7,0,7,Open-Meteo Historical Weather API,ERA5,2023,1,1,5,WINTER,-5.314,0.0,11.97,0.328,0.0,-11.34,0.0,0.0,0.0,0.0,0,0,1,0,0,0,-5.186,-3.171,-3.015,-2.642,0.1,0.0,0.1,0.0,2.24,10.92,15.5,19.5,0.0,0.0,0.302,0.0,0.1,15.75,-2.857,0.0,1
2023-02-06,US_MTN,"Denver, CO",-0.743,-12.3,11.2,3.0,2,3.15,1,7.5,17.0,20.5,41.8,0,7,2,7,Open-Meteo Historical Weather API,ERA5,2023,2,1,6,WINTER,1.186,0.2,2.8,-1.929,2.8,0.35,2.8,5.787,6.076,61.5,0,0,1,0,1,0,-4.986,-5.186,0.328,-3.015,0.0,0.1,0.0,0.1,0.63,2.24,15.7,15.5,0.0,0.0,0.0,0.302,3.1,16.94,-3.521,2.0,1
2023-02-13,US_MTN,"Denver, CO",-0.971,-15.2,14.3,0.0,0,5.74,1,8.2,28.0,16.2,35.6,0,7,0,7,Open-Meteo Historical Weather API,ERA5,2023,2,1,7,WINTER,0.557,0.0,6.02,-1.528,0.0,-0.28,0.0,0.0,8.771,0.0,0,0,1,0,0,0,-0.743,-4.986,-1.929,0.328,3.0,0.0,2.8,0.0,3.15,0.63,20.5,15.7,2.0,0.0,5.787,0.0,3.1,11.76,-2.972,2.0,1
2023-02-20,US_MTN,"Denver, CO",-0.871,-22.2,16.5,0.3,0,4.13,1,6.2,23.0,26.1,52.2,0,4,0,7,Open-Meteo Historical Weather API,ERA5,2023,2,1,8,WINTER,-8.386,0.0,4.76,7.515,0.3,-0.63,0.3,0.0,0.0,7.83,0,0,1,0,0,0,-0.971,-0.743,-1.528,-1.929,0.0,3.0,0.0,2.8,5.74,3.15,16.2,20.5,0.0,2.0,0.0,5.787,3.3,13.65,-1.893,2.0,1
2023-02-27,US_MTN,"Denver, CO",2.671,-5.9,13.4,3.8,2,1.4,0,5.8,25.0,21.4,44.6,0,6,2,7,Open-Meteo Historical Weather API,ERA5,2023,2,1,9,WINTER,4.329,1.0,3.85,-1.658,2.8,-2.45,2.8,6.3,2.321,81.32,0,0,0,0,1,0,-0.871,-0.971,7.515,-1.528,0.3,0.0,0.3,0.0,4.13,5.74,26.1,16.2,0.0,0.0,0.0,0.0,7.1,14.42,0.021,4.0,1
2023-03-06,US_MTN,"Denver, CO",3.186,-3.3,17.5,4.2,1,2.8,0,8.2,28.0,19.6,43.6,0,5,0,7,Open-Meteo Historical Weather API,ERA5,2023,3,1,10,SPRING,-4.171,0.0,2.38,7.357,4.2,0.42,4.2,0.0,0.0,82.32,0,0,0,0,0,0,2.671,-0.871,-1.658,7.515,3.8,0.3,2.8,0.3,1.4,4.13,21.4,26.1,2.0,0.0,6.3,0.0,8.3,14.07,1.004,2.0,1
2023-03-13,US_MTN,"Denver, CO",3.729,-9.4,20.3,4.6,2,3.36,1,9.4,22.0,21.6,46.4,0,5,1,7,Open-Meteo Historical Weather API,ERA5,2023,3,1,11,SPRING,4.443,2.8,14.98,-0.714,1.8,-11.62,0.643,3.284,2.399,99.36,0,0,0,0,0,0,3.186,2.671,7.357,-1.658,4.2,3.8,4.2,2.8,2.8,1.4,19.6,21.4,0.0,2.0,0.0,6.3,12.9,11.69,2.179,3.0,1
2023-03-20,US_MTN,"Denver, CO",3.471,-7.1,14.9,5.3,1,1.82,1,7.9,22.0,19.7,42.8,0,5,1,7,Open-Meteo Historical Weather API,ERA5,2023,3,1,12,SPRING,6.8,0.7,1.19,-3.329,4.6,0.63,4.6,17.644,6.059,104.41,0,0,0,0,0,0,3.729,3.186,-0.714,7.357,4.6,4.2,1.8,4.2,3.36,2.8,21.6,19.6,1.0,0.0,3.284,0.0,17.9,9.38,3.264,4.0,1
2023-03-27,US_MTN,"Denver, CO",5.257,-8.3,21.0,0.0,0,2.87,1,4.1,16.0,40.1,82.1,1,3,0,7,Open-Meteo Historical Weather API,ERA5,2023,3,1,13,SPRING,8.4,9.8,0.0,-3.143,-9.8,2.87,-1.0,0.0,9.02,0.0,0,0,0,0,0,0,3.471,3.729,-3.329,-0.714,5.3,4.6,4.6,1.8,1.82,3.36,19.7,21.6,1.0,1.0,17.644,3.284,14.1,10.85,3.911,2.0,1
2023-04-03,US_MTN,"Denver, CO",5.686,-7.8,20.3,0.7,0,3.85,1,6.2,28.0,22.6,47.2,0,3,0,7,Open-Meteo Historical Weather API,ERA5,2023,4,2,14,SPRING,8.8,16.7,0.0,-3.114,-16.0,3.85,-0.958,2.18,11.989,15.82,0,0,0,0,0,0,5.257,3.471,-3.143,-3.329,0.0,5.3,-9.8,4.6,2.87,1.82,40.1,19.7,0.0,1.0,0.0,17.644,10.6,11.9,4.536,2.0,1
2023-04-10,US_MTN,"Denver, CO",11.657,-4.3,29.3,7.3,2,3.15,2,11.8,30.0,20.6,43.9,0,1,1,7,Open-Meteo Historical Weather API,ERA5,2023,4,2,15,SPRING,7.414,1.5,0.07,4.243,5.8,3.08,3.867,0.0,0.0,150.38,0,0,0,0,0,0,5.686,5.257,-3.114,-3.143,0.7,0.0,-16.0,-9.8,3.85,2.87,22.6,40.1,0.0,0.0,2.18,0.0,13.3,11.69,6.518,2.0,1
2023-04-17,US_MTN,"Denver, CO",7.129,-3.2,24.2,4.5,1,3.22,1,9.1,24.0,22.5,49.3,0,3,0,7,Open-Meteo Historical Weather API,ERA5,2023,4,2,16,SPRING,13.229,0.2,0.0,-6.1,4.3,3.22,4.3,27.45,19.642,101.25,0,0,0,0,0,0,11.657,5.686,4.243,-3.114,7.3,0.7,5.8,-16.0,3.15,3.85,20.6,22.6,1.0,0.0,0.0,2.18,12.5,13.09,7.432,1.0,1
2023-04-24,US_MTN,"Denver, CO",10.614,0.8,22.7,23.1,4,0.14,0,23.3,39.0,27.9,56.5,0,0,0,7,Open-Meteo Historical Weather API,ERA5,2023,4,2,17,SPRING,12.414,3.1,0.14,-1.8,20.0,0.0,6.452,41.58,0.252,644.49,0,0,0,0,0,0,7.129,11.657,-6.1,4.243,4.5,7.3,4.3,5.8,3.22,3.15,22.5,20.6,0.0,1.0,27.45,0.0,35.6,10.36,8.772,1.0,1
2023-05-01,US_MTN,"Denver, CO",15.057,3.7,26.2,3.1,1,0.0,0,3.1,12.0,22.5,48.6,0,0,0,7,Open-Meteo Historical Weather API,ERA5,2023,5,2,18,SPRING,12.786,14.1,0.98,2.271,-11.0,-0.98,-0.78,0.0,0.0,69.75,0,0,0,0,0,0,10.614,7.129,-1.8,-6.1,23.1,4.5,20.0,4.3,0.14,3.22,27.9,22.5,0.0,0.0,41.58,27.45,38.0,6.51,11.114,1.0,1
2023-05-08,US_MTN,"Denver, CO",13.086,5.9,25.9,75.4,4,0.0,0,75.4,84.0,23.6,50.0,0,0,0,7,Open-Meteo Historical Weather API,ERA5,2023,5,2,19,SPRING,17.4,0.5,0.0,-4.314,74.9,0.0,74.9,325.276,0.0,1779.44,1,0,0,0,0,0,15.057,10.614,2.271,-1.8,3.1,23.1,-11.0,20.0,0.0,0.14,22.5,27.9,0.0,0.0,0.0,41.58,106.1,3.36,11.471,0.0,1
2023-05-15,US_MTN,"Denver, CO",15.271,8.6,26.1,21.6,3,0.0,0,21.6,45.0,21.1,30.2,0,0,0,7,Open-Meteo Historical Weather API,ERA5,2023,5,2,20,SPRING,13.2,8.1,15.54,2.071,13.5,-15.54,1.667,0.0,0.0,455.76,0,0,0,0,0,0,13.086,15.057,-4.314,2.271,75.4,3.1,74.9,-11.0,0.0,0.0,23.6,22.5,0.0,0.0,325.276,0.0,123.2,0.14,13.507,0.0,1
2023-05-22,US_MTN,"Denver, CO",17.1,9.1,25.3,7.0,3,0.0,0,7.0,16.0,19.0,36.0,0,0,0,7,Open-Meteo Historical Weather API,ERA5,2023,5,2,21,SPRING,15.129,5.5,0.0,1.971,1.5,0.0,0.273,0.0,0.0,133.0,0,0,0,0,0,0,15.271,13.086,2.071,-4.314,21.6,75.4,13.5,74.9,0.0,0.0,21.1,23.6,0.0,0.0,0.0,325.276,107.1,0.0,15.128,0.0,1
2023-05-29,US_MTN,"Denver, CO",16.414,10.1,28.1,34.6,5,0.0,0,34.6,55.0,20.8,40.7,0,0,0,7,Open-Meteo Historical Weather API,ERA5,2023,5,2,22,SPRING,15.157,15.8,0.14,1.257,18.8,-0.14,1.19,0.0,0.0,719.68,0,0,0,0,0,0,17.1,15.271,1.971,2.071,7.0,21.6,1.5,13.5,0.0,0.0,19.0,21.1,0.0,0.0,0.0,0.0,138.6,0.0,15.468,0.0,1
2023-06-05,US_MTN,"Denver, CO",17.329,10.3,26.5,16.0,5,0.0,0,16.0,44.0,19.3,32.4,0,0,0,7,Open-Meteo Historical Weather API,ERA5,2023,6,2,23,SUMMER,21.871,8.0,0.0,-4.542,8.0,0.0,1.0,72.672,0.0,308.8,0,0,0,0,0,0,16.414,17.1,1.257,1.971,34.6,7.0,18.8,1.5,0.0,0.0,20.8,19.0,0.0,0.0,0.0,0.0,79.2,0.0,16.528,0.0,1
2023-06-12,US_MTN,"Denver, CO",15.929,9.6,28.7,51.7,5,0.0,0,51.7,59.0,16.9,36.4,0,0,0,7,Open-Meteo Historical Weather API,ERA5,2023,6,2,24,SUMMER,24.257,1.3,0.0,-8.328,50.4,0.0,38.769,430.558,0.0,873.73,1,0,0,0,0,0,17.329,16.414,-4.542,1.257,16.0,34.6,8.0,18.8,0.0,0.0,19.3,20.8,0.0,0.0,72.672,0.0,109.3,0.0,16.693,0.0,1
2023-06-19,US_MTN,"Denver, CO",20.914,11.0,31.6,2.9,2,0.0,0,2.9,13.0,20.9,35.6,0,0,0,7,Open-Meteo Historical Weather API,ERA5,2023,6,2,25,SUMMER,20.886,7.7,0.0,0.028,-4.8,0.0,-0.623,0.0,0.0,60.61,0,0,0,0,0,0,15.929,17.329,-8.328,-4.542,51.7,16.0,50.4,8.0,0.0,0.0,16.9,19.3,0.0,0.0,430.558,72.672,105.2,0.0,17.646,0.0,1
2023-06-26,US_MTN,"Denver, CO",20.943,10.5,33.6,13.9,3,0.0,0,13.9,24.0,20.2,41.8,0,0,0,7,Open-Meteo Historical Weather API,ERA5,2023,6,2,26,SUMMER,22.6,2.7,0.0,-1.657,11.2,0.0,4.148,23.032,0.0,280.78,0,0,0,0,0,0,20.914,15.929,0.028,-8.328,2.9,51.7,-4.8,50.4,0.0,0.0,20.9,16.9,0.0,0.0,0.0,430.558,84.5,0.0,18.779,0.0,1
2023-07-03,US_MTN,"Denver, CO",19.486,12.8,31.9,45.5,6,0.0,0,45.5,61.0,17.9,41.4,0,0,0,7,Open-Meteo Historical Weather API,ERA5,2023,7,3,27,SUMMER,24.392,3.55,0.0,-4.906,41.95,0.0,11.817,223.246,0.0,814.45,0,0,0,0,0,0,20.943,20.914,-1.657,0.028,13.9,2.9,11.2,-4.8,0.0,0.0,20.2,20.9,0.0,0.0,23.032,0.0,114.0,0.0,19.318,0.0,1
2023-07-10,US_MTN,"Denver, CO",24.114,14.7,34.3,2.5,1,0.0,0,2.5,7.0,21.8,42.5,0,0,0,7,Open-Meteo Historical Weather API,ERA5,2023,7,3,28,SUMMER,24.243,2.75,0.0,-0.129,-0.25,0.0,-0.091,0.323,0.0,54.5,0,0,0,0,0,0,19.486,20.943,-4.906,-1.657,45.5,13.9,41.95,11.2,0.0,0.0,17.9,20.2,0.0,0.0,223.246,23.032,64.8,0.0,21.364,0.0,1
2023-07-17,US_MTN,"Denver, CO",24.257,13.9,36.9,22.0,1,0.0,0,22.0,18.0,24.8,38.2,0,0,0,7,Open-Meteo Historical Weather API,ERA5,2023,7,3,29,SUMMER,25.514,10.3,0.0,-1.257,11.7,0.0,1.136,27.665,0.0,545.6,0,0,0,0,0,0,24.114,19.486,-0.129,-4.906,2.5,45.5,-0.25,41.95,0.0,0.0,21.8,17.9,0.0,0.0,0.323,223.246,83.9,0.0,22.2,0.0,1
2023-07-24,US_MTN,"Denver, CO",25.629,16.5,36.7,4.3,2,0.0,0,4.3,14.0,18.7,43.2,0,0,0,7,Open-Meteo Historical Weather API,ERA5,2023,7,3,30,SUMMER,23.736,15.1,0.0,1.893,-10.8,0.0,-0.715,0.0,0.0,80.41,0,0,0,0,0,0,24.257,24.114,-1.257,-0.129,22.0,2.5,11.7,-0.25,0.0,0.0,24.8,21.8,0.0,0.0,27.665,0.323,74.3,0.0,23.372,0.0,1
2023-07-31,US_MTN,"Denver, CO",22.1,14.2,33.2,31.8,6,0.0,0,31.8,37.0,20.3,32.8,0,0,0,7,Open-Meteo Historical Weather API,ERA5,2023,7,3,31,SUMMER,24.564,3.9,0.0,-2.464,27.9,0.0,7.154,78.355,0.0,645.54,0,0,0,0,0,0,25.629,24.257,1.893,-1.257,4.3,22.0,-10.8,11.7,0.0,0.0,18.7,24.8,0.0,0.0,0.0,27.665,60.6,0.0,24.025,0.0,1
2023-08-07,US_MTN,"Denver, CO",21.543,12.0,32.4,1.3,1,0.0,0,1.3,5.0,18.5,39.6,0,0,0,7,Open-Meteo Historical Weather API,ERA5,2023,8,3,32,SUMMER,25.1,2.1,0.0,-3.557,-0.8,0.0,-0.381,4.624,0.0,24.05,0,0,0,0,0,0,22.1,25.629,-2.464,1.893,31.8,4.3,27.9,-10.8,0.0,0.0,20.3,18.7,0.0,0.0,78.355,0.0,59.4,0.0,23.382,0.0,1
2023-08-14,US_MTN,"Denver, CO",24.8,13.2,36.3,0.7,0,0.0,0,0.7,1.0,23.5,46.4,0,0,0,7,Open-Meteo Historical Weather API,ERA5,2023,8,3,33,SUMMER,21.693,23.75,0.0,3.107,-23.05,0.0,-0.971,0.0,0.0,16.45,0,0,0,0,0,0,21.543,22.1,-3.557,-2.464,1.3,31.8,-0.8,27.9,0.0,0.0,18.5,20.3,0.0,0.0,4.624,78.355,38.1,0.0,23.518,0.0,1
2023-08-21,US_MTN,"Denver, CO",23.886,14.3,37.2,12.4,1,0.0,0,12.4,20.0,26.0,44.6,0,0,0,7,Open-Meteo Historical Weather API,ERA5,2023,8,3,34,SUMMER,22.65,3.6,0.0,1.236,8.8,0.0,2.444,0.0,0.0,322.4,0,0,0,0,0,0,24.8,21.543,3.107,-3.557,0.7,1.3,-23.05,-0.8,0.0,0.0,23.5,18.5,0.0,0.0,0.0,4.624,46.2,0.0,23.082,0.0,1
2023-08-28,US_MTN,"Denver, CO",23.786,12.1,36.7,4.0,2,0.0,0,4.0,11.0,14.3,37.4,0,0,0,7,Open-Meteo Historical Weather API,ERA5,2023,8,3,35,SUMMER,23.15,5.2,0.0,0.636,-1.2,0.0,-0.231,0.0,0.0,57.2,0,0,0,0,0,0,23.886,24.8,1.236,3.107,12.4,0.7,8.8,-23.05,0.0,0.0,26.0,23.5,0.0,0.0,0.0,0.0,18.4,0.0,23.504,0.0,1
2023-09-04,US_MTN,"Denver, CO",21.286,11.7,32.9,11.4,1,0.0,0,11.4,12.0,18.0,40.3,0,0,0,7,Open-Meteo Historical Weather API,ERA5,2023,9,3,36,FALL,21.843,4.9,0.0,-0.557,6.5,0.0,1.327,6.35,0.0,205.2,0,0,0,0,0,0,23.786,23.886,0.636,1.236,4.0,12.4,-1.2,8.8,0.0,0.0,14.3,26.0,0.0,0.0,0.0,0.0,28.5,0.0,23.44,0.0,1
2023-09-11,US_MTN,"Denver, CO",16.186,7.4,28.6,26.1,3,0.0,0,26.1,40.0,21.3,33.8,0,0,0,7,Open-Meteo Historical Weather API,ERA5,2023,9,3,37,FALL,19.986,4.75,0.0,-3.8,21.35,0.0,4.495,99.167,0.0,555.93,0,0,0,0,0,0,21.286,23.786,-0.557,0.636,11.4,4.0,6.5,-1.2,0.0,0.0,18.0,14.3,0.0,0.0,6.35,0.0,53.9,0.0,21.286,0.0,1
2023-09-18,US_MTN,"Denver, CO",18.2,5.7,28.7,0.6,0,0.0,0,0.6,4.0,16.8,29.2,0,0,0,7,Open-Meteo Historical Weather API,ERA5,2023,9,3,38,FALL,17.379,6.7,0.0,0.821,-6.1,0.0,-0.91,0.0,0.0,10.08,0,0,0,0,0,0,16.186,21.286,-3.8,-0.557,26.1,11.4,21.35,6.5,0.0,0.0,21.3,18.0,0.0,0.0,99.167,6.35,42.1,0.0,19.864,0.0,1
2023-09-25,US_MTN,"Denver, CO",19.686,7.9,31.2,0.0,0,0.0,0,0.0,0.0,26.8,46.1,0,0,0,7,Open-Meteo Historical Weather API,ERA5,2023,9,3,39,FALL,16.578,8.9,0.0,3.108,-8.9,0.0,-1.0,0.0,0.0,0.0,0,0,0,0,0,0,18.2,16.186,0.821,-3.8,0.6,26.1,-6.1,21.35,0.0,0.0,16.8,21.3,0.0,0.0,0.0,99.167,38.1,0.0,18.84,0.0,1
2023-10-02,US_MTN,"Denver, CO",13.871,2.7,27.5,0.9,0,0.0,0,0.9,7.0,22.9,51.8,0,0,0,7,Open-Meteo Historical Weather API,ERA5,2023,10,4,40,FALL,14.642,2.1,0.0,-0.771,-1.2,0.0,-0.571,0.694,0.0,20.61,0,0,0,0,0,0,19.686,18.2,3.108,0.821,0.0,0.6,-8.9,-6.1,0.0,0.0,26.8,16.8,0.0,0.0,0.0,0.0,27.6,0.0,16.986,0.0,1
2023-10-09,US_MTN,"Denver, CO",11.443,0.2,26.2,6.7,2,0.0,0,6.7,13.0,22.2,48.6,0,0,0,7,Open-Meteo Historical Weather API,ERA5,2023,10,4,41,FALL,11.014,3.9,0.77,0.428,2.8,-0.77,0.718,0.0,0.0,148.74,0,0,0,0,0,0,13.871,19.686,-0.771,3.108,0.9,0.0,-1.2,-8.9,0.0,0.0,22.9,26.8,0.0,0.0,0.694,0.0,8.2,0.0,15.8,0.0,1
2023-10-16,US_MTN,"Denver, CO",15.7,4.9,29.8,0.0,0,0.0,0,0.0,0.0,15.2,30.2,0,0,0,7,Open-Meteo Historical Weather API,ERA5,2023,10,4,42,FALL,12.336,2.25,0.0,3.364,-2.25,0.0,-1.0,0.0,0.0,0.0,0,0,0,0,0,0,11.443,13.871,0.428,-0.771,6.7,0.9,2.8,-1.2,0.0,0.0,22.2,22.9,0.0,0.0,0.0,0.694,7.6,0.0,15.175,0.0,1
2023-10-23,US_MTN,"Denver, CO",6.229,-12.2,27.8,0.6,0,7.7,2,11.6,32.0,23.3,47.2,0,3,0,7,Open-Meteo Historical Weather API,ERA5,2023,10,4,43,FALL,8.807,5.1,0.63,-2.578,-4.5,7.07,-0.882,1.547,19.851,13.98,0,0,0,0,0,0,15.7,11.443,3.364,0.428,0.0,6.7,-2.25,2.8,0.0,0.0,15.2,22.2,0.0,0.0,0.0,0.0,8.2,7.7,11.811,0.0,1
2023-10-30,US_MTN,"Denver, CO",6.029,-14.7,24.6,0.0,0,0.0,0,0.0,0.0,13.4,28.1,0,2,0,7,Open-Meteo Historical Weather API,ERA5,2023,10,4,44,FALL,8.614,0.3,1.54,-2.585,-0.3,-1.54,-0.3,0.0,0.0,0.0,0,0,0,0,0,0,6.229,15.7,-2.578,3.364,0.6,0.0,-4.5,-2.25,7.7,0.0,23.3,15.2,0.0,0.0,1.547,0.0,7.3,7.7,9.85,0.0,1
2023-11-06,US_MTN,"Denver, CO",6.057,-6.6,24.2,9.3,1,2.24,1,12.5,21.0,15.6,29.9,0,4,1,7,Open-Meteo Historical Weather API,ERA5,2023,11,4,45,FALL,6.364,0.15,0.105,-0.307,9.15,2.135,9.15,2.86,0.689,145.08,0,0,0,0,0,0,6.029,6.229,-2.585,-2.578,0.0,0.6,-0.3,-4.5,0.0,7.7,13.4,23.3,0.0,0.0,0.0,1.547,9.9,9.94,8.504,1.0,1
2023-11-13,US_MTN,"Denver, CO",8.271,-1.2,21.6,1.6,0,0.0,0,1.6,10.0,16.1,29.9,0,0,0,7,Open-Meteo Historical Weather API,ERA5,2023,11,4,46,FALL,1.572,0.45,4.27,6.7,1.15,-4.27,1.15,0.0,0.0,25.76,0,0,0,0,0,0,6.057,6.029,-0.307,-2.585,9.3,0.0,9.15,-0.3,2.24,0.0,15.6,13.4,1.0,0.0,2.86,0.0,11.5,9.94,6.647,1.0,1
2023-11-20,US_MTN,"Denver, CO",0.314,-10.1,20.9,1.4,1,5.11,2,8.7,40.0,22.0,47.5,0,6,1,7,Open-Meteo Historical Weather API,ERA5,2023,11,4,47,FALL,4.557,0.0,0.56,-4.243,1.4,4.55,1.4,5.94,21.682,30.8,0,0,0,0,0,0,8.271,6.057,6.7,-0.307,1.6,9.3,1.15,9.15,0.0,2.24,16.1,15.6,0.0,1.0,0.0,2.86,12.3,7.35,5.168,2.0,1
2023-11-27,US_MTN,"Denver, CO",-0.4,-10.4,14.1,0.6,0,2.1,1,3.6,10.0,21.6,42.8,0,7,0,7,Open-Meteo Historical Weather API,ERA5,2023,11,4,48,FALL,5.164,0.75,1.715,-5.564,-0.15,0.385,-0.15,3.338,11.684,12.96,0,0,1,0,0,0,0.314,8.271,-4.243,6.7,1.4,1.6,1.4,1.15,5.11,0.0,22.0,16.1,1.0,0.0,5.94,0.0,12.9,9.45,3.561,2.0,1
2023-12-04,US_MTN,"Denver, CO",3.357,-10.3,21.7,1.0,1,5.74,2,9.2,21.0,15.6,34.9,0,4,1,7,Open-Meteo Historical Weather API,ERA5,2023,12,4,49,WINTER,3.128,0.0,0.84,0.229,1.0,4.9,1.0,0.0,0.0,15.6,0,0,0,0,0,0,-0.4,0.314,-5.564,-4.243,0.6,1.4,-0.15,1.4,2.1,5.11,21.6,22.0,0.0,1.0,3.338,5.94,4.6,12.95,2.886,2.0,1
2023-12-11,US_MTN,"Denver, CO",1.214,-4.7,14.9,0.3,0,2.03,1,3.2,22.0,16.0,33.1,0,7,0,7,Open-Meteo Historical Weather API,ERA5,2023,12,4,50,WINTER,-0.336,0.3,2.975,1.55,0.0,-0.945,0.0,0.0,0.0,4.8,0,0,0,0,0,0,3.357,-0.4,0.229,-5.564,1.0,0.6,1.0,-0.15,5.74,2.1,15.6,21.6,1.0,0.0,0.0,3.338,3.3,14.98,1.121,2.0,1
2023-12-18,US_MTN,"Denver, CO",4.286,-6.7,18.0,2.5,1,3.22,1,7.1,15.0,16.9,34.2,0,3,0,7,Open-Meteo Historical Weather API,ERA5,2023,12,4,51,WINTER,-0.128,2.2,1.365,4.414,0.3,1.855,0.136,0.0,0.0,42.25,0,0,0,0,0,0,1.214,3.357,1.55,0.229,0.3,1.0,0.0,1.0,2.03,5.74,16.0,15.6,0.0,1.0,0.0,0.0,4.4,13.09,2.114,1.0,1
2023-12-25,US_MTN,"Denver, CO",-0.414,-11.2,14.5,0.0,0,1.61,1,2.3,15.0,14.8,29.5,0,7,0,7,Open-Meteo Historical Weather API,ERA5,2023,12,4,52,WINTER,-0.886,2.2,10.045,0.472,-2.2,-8.435,-1.0,0.0,0.0,0.0,0,0,1,0,0,0,4.286,1.214,4.414,1.55,2.5,0.3,0.3,0.0,3.22,2.03,16.9,16.0,0.0,0.0,0.0,0.0,3.8,12.6,2.111,1.0,1
2024-01-01,US_MTN,"Denver, CO",-0.229,-6.1,13.0,0.1,0,0.84,0,1.3,11.0,13.0,29.2,0,7,0,7,Open-Meteo Historical Weather API,ERA5,2024,1,1,1,WINTER,-2.758,0.25,5.11,2.528,-0.15,-4.27,-0.15,0.0,0.0,1.3,0,0,1,0,0,0,-0.414,4.286,0.472,4.414,0.0,2.5,-2.2,0.3,1.61,3.22,14.8,16.9,0.0,0.0,0.0,0.0,2.9,7.7,1.214,0.0,1
2024-01-08,US_MTN,"Denver, CO",-7.714,-23.5,6.6,0.0,0,4.55,2,6.5,44.0,32.1,63.4,0,7,0,7,Open-Meteo Historical Weather API,ERA5,2024,1,1,2,WINTER,1.836,0.0,2.205,-9.55,0.0,2.345,0.0,0.0,43.45,0.0,0,0,1,0,0,0,-0.229,-0.414,2.528,0.472,0.1,0.0,-0.15,-2.2,0.84,1.61,13.0,14.8,0.0,0.0,0.0,0.0,2.6,10.22,-1.018,0.0,1
2024-01-15,US_MTN,"Denver, CO",-5.786,-25.2,9.4,0.0,0,2.59,1,3.7,14.0,26.2,49.3,0,7,0,7,Open-Meteo Historical Weather API,ERA5,2024,1,1,3,WINTER,-1.85,0.0,6.58,-3.936,0.0,-3.99,0.0,0.0,10.194,0.0,0,0,1,0,0,0,-7.714,-0.229,-9.55,2.528,0.0,0.1,0.0,-0.15,4.55,0.84,32.1,13.0,0.0,0.0,0.0,0.0,0.1,9.59,-3.536,0.0,1
2024-01-22,US_MTN,"Denver, CO",3.871,-3.0,16.7,0.2,0,0.63,0,1.1,9.0,13.2,26.3,0,6,0,7,Open-Meteo Historical Weather API,ERA5,2024,1,1,4,WINTER,-3.678,0.05,5.215,7.55,0.15,-4.585,0.15,0.0,0.0,2.64,0,0,0,0,0,0,-5.786,-7.714,-3.936,-9.55,0.0,0.0,0.0,0.0,2.59,4.55,26.2,32.1,0.0,0.0,0.0,0.0,0.3,8.61,-2.464,0.0,1
2024-01-29,US_MTN,"Denver, CO",4.814,-6.3,17.9,8.5,1,12.81,1,26.8,30.0,13.3,29.9,0,2,1,7,Open-Meteo Historical Weather API,ERA5,2024,1,1,5,WINTER,-5.15,0.0,6.3,9.964,8.5,6.51,8.5,0.0,0.0,113.05,0,0,0,0,0,0,3.871,-5.786,7.55,-3.936,0.2,0.0,0.15,0.0,0.63,2.59,13.2,26.2,0.0,0.0,0.0,0.0,8.7,20.58,-1.204,1.0,1
2024-02-05,US_MTN,"Denver, CO",0.186,-11.3,10.9,3.3,1,2.73,1,7.2,33.0,18.7,33.8,0,7,1,7,Open-Meteo Historical Weather API,ERA5,2024,2,1,6,WINTER,0.221,1.6,2.975,-0.035,1.7,-0.245,1.062,0.117,0.097,61.71,0,0,0,0,0,0,4.814,3.871,9.964,7.55,8.5,0.2,8.5,0.15,12.81,0.63,13.3,13.2,1.0,0.0,0.0,0.0,12.0,18.76,0.771,2.0,1
2024-02-12,US_MTN,"Denver, CO",-0.171,-13.5,12.6,0.4,0,5.04,2,7.6,23.0,18.4,41.4,0,7,0,7,Open-Meteo Historical Weather API,ERA5,2024,2,1,7,WINTER,-0.207,0.0,5.88,0.036,0.4,-0.84,0.4,0.0,0.0,7.36,0,0,1,0,0,0,0.186,4.814,-0.035,9.964,3.3,8.5,1.7,8.5,2.73,12.81,18.7,13.3,1.0,1.0,0.117,0.0,12.4,21.21,2.175,2.0,1
2024-02-19,US_MTN,"Denver, CO",6.629,-3.8,20.0,2.8,2,0.21,0,3.1,14.0,18.9,38.5,0,3,1,7,Open-Meteo Historical Weather API,ERA5,2024,2,1,8,WINTER,-4.628,0.15,4.445,11.258,2.65,-4.235,2.65,0.0,0.0,52.92,0,0,0,0,0,0,-0.171,0.186,0.036,-0.035,0.4,3.3,0.4,1.7,5.04,2.73,18.4,18.7,0.0,1.0,0.0,0.117,15.0,20.79,2.865,3.0,1
2024-02-26,US_MTN,"Denver, CO",5.414,-12.8,20.3,2.3,1,5.81,1,10.6,24.0,21.3,45.0,0,3,0,7,Open-Meteo Historical Weather API,ERA5,2024,2,1,9,WINTER,3.5,2.4,2.625,1.914,-0.1,3.185,-0.042,0.0,0.0,48.99,0,0,0,0,0,0,6.629,-0.171,11.258,0.036,2.8,0.4,2.65,0.4,0.21,5.04,18.9,18.4,1.0,0.0,0.0,0.0,8.8,13.79,3.014,2.0,1
2024-03-04,US_MTN,"Denver, CO",3.4,-5.1,19.1,1.6,1,3.15,1,6.1,33.0,20.6,42.5,0,5,0,7,Open-Meteo Historical Weather API,ERA5,2024,3,1,10,SPRING,-0.493,2.1,2.59,3.892,-0.5,0.56,-0.238,0.0,0.0,32.96,0,0,0,0,0,0,5.414,6.629,1.914,11.258,2.3,2.8,-0.1,2.65,5.81,0.21,21.3,18.9,0.0,1.0,0.0,0.0,7.1,14.21,3.818,1.0,1
2024-03-11,US_MTN,"Denver, CO",4.214,-4.1,16.1,11.0,2,29.82,2,53.6,51.0,20.5,41.4,0,4,1,7,Open-Meteo Historical Weather API,ERA5,2024,3,1,11,SPRING,4.086,3.7,9.17,0.128,7.3,20.65,1.973,0.0,0.0,225.5,0,1,0,0,0,0,3.4,5.414,3.892,1.914,1.6,2.3,-0.5,-0.1,3.15,5.81,20.6,21.3,0.0,0.0,0.0,0.0,17.7,38.99,4.914,2.0,1
2024-03-18,US_MTN,"Denver, CO",6.171,-4.9,19.0,6.9,1,3.08,1,11.3,14.0,27.4,49.3,0,4,1,7,Open-Meteo Historical Weather API,ERA5,2024,3,1,12,SPRING,5.136,3.0,1.505,1.035,3.9,1.575,1.3,0.0,0.0,189.06,0,0,0,0,0,0,4.214,3.4,0.128,3.892,11.0,1.6,7.3,-0.5,29.82,3.15,20.5,20.6,1.0,0.0,0.0,0.0,21.8,41.86,4.8,2.0,1
2024-03-25,US_MTN,"Denver, CO",4.571,-11.6,18.7,3.9,1,1.75,1,6.4,23.0,20.3,42.1,0,3,0,7,Open-Meteo Historical Weather API,ERA5,2024,3,1,13,SPRING,6.828,4.9,1.435,-2.258,-1.0,0.315,-0.204,8.804,3.951,79.17,0,0,0,0,0,0,6.171,4.214,1.035,0.128,6.9,11.0,3.9,7.3,3.08,29.82,27.4,20.5,1.0,1.0,0.0,0.0,23.4,37.8,4.589,2.0,1
2024-04-01,US_MTN,"Denver, CO",9.743,-0.2,23.5,9.9,1,0.77,0,11.0,26.0,39.4,90.4,0,0,0,7,Open-Meteo Historical Weather API,ERA5,2024,4,2,14,SPRING,7.243,8.7,1.925,2.5,1.2,-1.155,0.138,0.0,0.0,390.06,0,0,0,0,0,0,4.571,6.171,-2.258,1.035,3.9,6.9,-1.0,3.9,1.75,3.08,20.3,27.4,0.0,1.0,8.804,0.0,31.7,35.42,6.175,2.0,1
2024-04-08,US_MTN,"Denver, CO",11.257,-1.4,26.7,3.7,2,0.0,0,3.7,17.0,20.9,38.5,0,0,0,7,Open-Meteo Historical Weather API,ERA5,2024,4,2,15,SPRING,9.535,4.4,1.61,1.722,-0.7,-1.61,-0.159,0.0,0.0,77.33,0,0,0,0,0,0,9.743,4.571,2.5,-2.258,9.9,3.9,1.2,-1.0,0.77,1.75,39.4,20.3,0.0,0.0,0.0,8.804,24.4,5.6,7.935,1.0,1
2024-04-15,US_MTN,"Denver, CO",7.543,-2.6,22.8,9.2,2,8.68,2,21.6,59.0,28.7,58.3,0,3,1,7,Open-Meteo Historical Weather API,ERA5,2024,4,2,16,SPRING,10.179,2.35,1.61,-2.636,6.85,7.07,2.915,24.251,22.88,264.04,0,0,0,0,0,0,11.257,9.743,1.722,2.5,3.7,9.9,-0.7,1.2,0.0,0.77,20.9,39.4,0.0,0.0,0.0,0.0,26.7,11.2,8.278,1.0,1
2024-04-22,US_MTN,"Denver, CO",11.486,1.4,24.8,32.4,3,7.35,1,42.9,48.0,24.0,42.1,0,1,1,7,Open-Meteo Historical Weather API,ERA5,2024,4,2,17,SPRING,11.514,13.1,0.14,-0.028,19.3,7.21,1.473,0.907,0.206,777.6,0,0,0,0,0,0,7.543,11.257,-2.636,1.722,9.2,3.7,6.85,-0.7,8.68,0.0,28.7,20.9,1.0,0.0,24.251,0.0,55.2,16.8,10.007,2.0,1
2024-04-29,US_MTN,"Denver, CO",12.114,2.2,24.7,15.8,3,0.0,0,15.8,27.0,31.5,72.0,0,0,0,7,Open-Meteo Historical Weather API,ERA5,2024,4,2,18,SPRING,13.922,8.6,0.49,-1.807,7.2,-0.49,0.837,28.558,0.0,497.7,0,0,0,0,0,0,11.486,7.543,-0.028,-2.636,32.4,9.2,19.3,6.85,7.35,8.68,24.0,28.7,1.0,1.0,0.907,24.251,61.1,16.03,10.6,2.0,1
2024-05-06,US_MTN,"Denver, CO",10.243,2.1,18.5,19.4,3,0.0,0,19.4,45.0,36.3,73.1,0,0,0,7,Open-Meteo Historical Weather API,ERA5,2024,5,2,19,SPRING,15.243,37.95,0.0,-5.0,-18.55,0.0,-0.489,97.0,0.0,704.22,0,0,0,0,0,0,12.114,11.486,-1.807,-0.028,15.8,32.4,7.2,19.3,0.0,7.35,31.5,24.0,0.0,1.0,28.558,0.907,76.8,16.03,10.346,2.0,1
2024-05-13,US_MTN,"Denver, CO",16.286,6.5,27.6,11.7,5,0.0,0,11.7,28.0,28.5,46.8,0,0,0,7,Open-Meteo Historical Weather API,ERA5,2024,5,2,20,SPRING,14.236,14.85,7.77,2.051,-3.15,-7.77,-0.212,0.0,0.0,333.45,0,0,0,0,0,0,10.243,12.114,-5.0,-1.807,19.4,15.8,-18.55,7.2,0.0,0.0,36.3,31.5,0.0,0.0,97.0,28.558,79.3,7.35,12.532,1.0,1
2024-05-20,US_MTN,"Denver, CO",14.043,2.5,25.6,25.1,4,0.0,0,25.1,35.0,25.3,45.7,0,0,0,7,Open-Meteo Historical Weather API,ERA5,2024,5,2,21,SPRING,16.114,6.25,0.0,-2.072,18.85,0.0,3.016,51.995,0.0,635.03,0,0,0,0,0,0,16.286,10.243,2.051,-5.0,11.7,19.4,-3.15,-18.55,0.0,0.0,28.5,36.3,0.0,0.0,0.0,97.0,72.0,0.0,13.172,0.0,1
2024-05-27,US_MTN,"Denver, CO",18.214,9.0,30.3,2.9,1,0.0,0,2.9,12.0,18.1,45.7,0,0,0,7,Open-Meteo Historical Weather API,ERA5,2024,5,2,22,SPRING,15.786,25.2,0.07,2.428,-22.3,-0.07,-0.885,0.0,0.0,52.49,0,0,0,0,0,0,14.043,16.286,-2.072,2.051,25.1,11.7,18.85,-3.15,0.0,0.0,25.3,28.5,0.0,0.0,51.995,0.0,59.1,0.0,14.696,0.0,1
2024-06-03,US_MTN,"Denver, CO",22.329,12.4,32.8,4.7,2,0.0,0,4.7,10.0,29.5,58.3,0,0,0,7,Open-Meteo Historical Weather API,ERA5,2024,6,2,23,SUMMER,19.6,12.0,0.0,2.729,-7.3,0.0,-0.608,0.0,0.0,138.65,0,0,0,0,0,0,18.214,14.043,2.428,-2.072,2.9,25.1,-22.3,18.85,0.0,0.0,18.1,25.3,0.0,0.0,0.0,51.995,44.4,0.0,17.718,0.0,1
2024-06-10,US_MTN,"Denver, CO",23.829,14.5,34.9,4.2,2,0.0,0,4.2,12.0,26.2,51.5,0,0,0,7,Open-Meteo Historical Weather API,ERA5,2024,6,2,24,SUMMER,20.093,26.5,0.0,3.736,-22.3,0.0,-0.842,0.0,0.0,110.04,0,0,0,0,0,0,22.329,18.214,2.729,2.428,4.7,2.9,-7.3,-22.3,0.0,0.0,29.5,18.1,0.0,0.0,0.0,0.0,36.9,0.0,19.604,0.0,1
2024-06-17,US_MTN,"Denver, CO",22.2,10.9,35.3,4.0,2,0.0,0,4.0,16.0,22.8,47.9,0,0,0,7,Open-Meteo Historical Weather API,ERA5,2024,6,2,25,SUMMER,20.9,5.3,0.0,1.3,-1.3,0.0,-0.245,0.0,0.0,91.2,0,0,0,0,0,0,23.829,22.329,3.736,2.729,4.2,4.7,-22.3,-7.3,0.0,0.0,26.2,29.5,0.0,0.0,0.0,0.0,15.8,0.0,21.643,0.0,1
2024-06-24,US_MTN,"Denver, CO",25.343,15.1,36.1,3.6,2,0.0,0,3.6,14.0,20.4,39.6,0,0,0,7,Open-Meteo Historical Weather API,ERA5,2024,6,2,26,SUMMER,21.772,8.3,0.0,3.571,-4.7,0.0,-0.566,0.0,0.0,73.44,0,0,0,0,0,0,22.2,23.829,1.3,3.736,4.0,4.2,-1.3,-22.3,0.0,0.0,22.8,26.2,0.0,0.0,0.0,0.0,16.5,0.0,23.425,0.0,1
2024-07-01,US_MTN,"Denver, CO",22.671,13.2,34.4,5.4,3,0.0,0,5.4,9.0,25.6,47.2,0,0,0,7,Open-Meteo Historical Weather API,ERA5,2024,7,3,27,SUMMER,22.757,17.533,0.0,-0.086,-12.133,0.0,-0.692,0.464,0.0,138.24,0,0,0,0,0,0,25.343,22.2,3.571,1.3,3.6,4.0,-4.7,-1.3,0.0,0.0,20.4,22.8,0.0,0.0,0.0,0.0,17.2,0.0,23.511,0.0,1
2024-07-08,US_MTN,"Denver, CO",26.0,11.4,38.0,0.5,0,0.0,0,0.5,2.0,18.0,40.0,0,0,0,7,Open-Meteo Historical Weather API,ERA5,2024,7,3,28,SUMMER,24.2,2.667,0.0,1.8,-2.167,0.0,-0.812,0.0,0.0,9.0,0,0,0,0,0,0,22.671,25.343,-0.086,3.571,5.4,3.6,-12.133,-4.7,0.0,0.0,25.6,20.4,0.0,0.0,0.464,0.0,13.5,0.0,24.054,0.0,1
2024-07-15,US_MTN,"Denver, CO",23.129,15.3,35.6,12.4,5,0.0,0,12.4,23.0,24.8,49.3,0,0,0,7,Open-Meteo Historical Weather API,ERA5,2024,7,3,29,SUMMER,25.095,14.2,0.0,-1.966,-1.8,0.0,-0.127,24.383,0.0,307.52,0,0,0,0,0,0,26.0,22.671,1.8,-0.086,0.5,5.4,-2.167,-12.133,0.0,0.0,18.0,25.6,0.0,0.0,0.0,0.464,21.9,0.0,24.286,0.0,1
2024-07-22,US_MTN,"Denver, CO",24.9,13.6,36.9,2.3,0,0.0,0,2.3,9.0,17.4,46.4,0,0,0,7,Open-Meteo Historical Weather API,ERA5,2024,7,3,30,SUMMER,24.367,11.5,0.0,0.533,-9.2,0.0,-0.8,0.0,0.0,40.02,0,0,0,0,0,0,23.129,26.0,-1.966,1.8,12.4,0.5,-1.8,-2.167,0.0,0.0,24.8,18.0,0.0,0.0,24.383,0.0,20.6,0.0,24.175,0.0,1
2024-07-29,US_MTN,"Denver, CO",27.7,16.3,37.4,0.7,0,0.0,0,0.7,3.0,30.1,46.1,0,0,0,7,Open-Meteo Historical Weather API,ERA5,2024,7,3,31,SUMMER,23.743,13.2,0.0,3.957,-12.5,0.0,-0.947,0.0,0.0,21.07,0,0,0,0,0,0,24.9,23.129,0.533,-1.966,2.3,12.4,-9.2,-1.8,0.0,0.0,17.4,24.8,0.0,0.0,0.0,24.383,15.9,0.0,25.432,0.0,1
2024-08-05,US_MTN,"Denver, CO",22.1,12.8,34.5,11.9,3,0.0,0,11.9,37.0,20.9,45.0,0,0,0,7,Open-Meteo Historical Weather API,ERA5,2024,8,3,32,SUMMER,23.914,1.833,0.0,-1.814,10.067,0.0,5.491,21.591,0.0,248.71,0,0,0,0,0,0,27.7,24.9,3.957,0.533,0.7,2.3,-12.5,-9.2,0.0,0.0,30.1,17.4,0.0,0.0,0.0,0.0,27.3,0.0,24.457,0.0,1
2024-08-12,US_MTN,"Denver, CO",24.143,15.3,36.5,4.7,2,0.0,0,4.7,10.0,19.4,36.7,0,0,0,7,Open-Meteo Historical Weather API,ERA5,2024,8,3,33,SUMMER,22.729,16.067,0.0,1.414,-11.367,0.0,-0.707,0.0,0.0,91.18,0,0,0,0,0,0,22.1,27.7,-1.814,3.957,11.9,0.7,10.067,-12.5,0.0,0.0,20.9,30.1,0.0,0.0,21.591,0.0,19.6,0.0,24.711,0.0,1
2024-08-19,US_MTN,"Denver, CO",24.843,16.2,35.1,3.6,1,0.0,0,3.6,12.0,23.7,40.3,0,0,0,7,Open-Meteo Historical Weather API,ERA5,2024,8,3,34,SUMMER,23.062,6.533,0.0,1.781,-2.933,0.0,-0.449,0.0,0.0,85.32,0,0,0,0,0,0,24.143,22.1,1.414,-1.814,4.7,11.9,-11.367,10.067,0.0,0.0,19.4,20.9,0.0,0.0,0.0,21.591,20.9,0.0,24.696,0.0,1
2024-08-26,US_MTN,"Denver, CO",23.171,13.3,34.1,0.7,0,0.0,0,0.7,3.0,15.7,34.2,0,0,0,7,Open-Meteo Historical Weather API,ERA5,2024,8,3,35,SUMMER,23.362,4.8,0.0,-0.191,-4.1,0.0,-0.854,0.134,0.0,10.99,0,0,0,0,0,0,24.843,24.143,1.781,1.414,3.6,4.7,-2.933,-11.367,0.0,0.0,23.7,19.4,0.0,0.0,0.0,0.0,20.9,0.0,23.564,0.0,1
2024-09-02,US_MTN,"Denver, CO",21.171,11.6,33.5,8.0,2,0.0,0,8.0,15.0,15.5,32.4,0,0,0,7,Open-Meteo Historical Weather API,ERA5,2024,9,3,36,FALL,21.657,7.067,0.0,-0.486,0.933,0.0,0.132,3.891,0.0,124.0,0,0,0,0,0,0,23.171,24.843,-0.191,1.781,0.7,3.6,-4.1,-2.933,0.0,0.0,15.7,23.7,0.0,0.0,0.134,0.0,17.0,0.0,23.332,0.0,1
2024-09-09,US_MTN,"Denver, CO",22.0,11.2,33.0,0.9,0,0.0,0,0.9,4.0,20.6,43.2,0,0,0,7,Open-Meteo Historical Weather API,ERA5,2024,9,3,37,FALL,18.719,11.867,0.0,3.281,-10.967,0.0,-0.924,0.0,0.0,18.54,0,0,0,0,0,0,21.171,23.171,-0.486,-0.191,8.0,0.7,0.933,-4.1,0.0,0.0,15.5,15.7,0.0,0.0,3.891,0.134,13.2,0.0,22.796,0.0,1
2024-09-16,US_MTN,"Denver, CO",18.629,8.2,31.6,12.1,2,0.0,0,12.1,19.0,25.9,50.8,0,0,0,7,Open-Meteo Historical Weather API,ERA5,2024,9,3,38,FALL,17.653,4.667,0.0,0.976,7.433,0.0,1.593,0.0,0.0,313.39,0,0,0,0,0,0,22.0,21.171,3.281,-0.486,0.9,8.0,-10.967,0.933,0.0,0.0,20.6,15.5,0.0,0.0,0.0,3.891,21.7,0.0,21.243,0.0,1
2024-09-23,US_MTN,"Denver, CO",20.629,8.0,33.7,0.0,0,0.0,0,0.0,0.0,15.3,33.8,0,0,0,7,Open-Meteo Historical Weather API,ERA5,2024,9,3,39,FALL,17.614,5.933,0.0,3.015,-5.933,0.0,-1.0,0.0,0.0,0.0,0,0,0,0,0,0,18.629,22.0,0.976,3.281,12.1,0.9,7.433,-10.967,0.0,0.0,25.9,20.6,0.0,0.0,0.0,0.0,21.0,0.0,20.607,0.0,1
2024-09-30,US_MTN,"Denver, CO",18.086,5.9,32.6,0.0,0,0.0,0,0.0,0.0,25.2,52.6,0,0,0,7,Open-Meteo Historical Weather API,ERA5,2024,9,3,40,FALL,14.385,1.7,0.0,3.701,-1.7,0.0,-1.0,0.0,0.0,0.0,0,0,0,0,0,0,20.629,18.629,3.015,0.976,0.0,12.1,-5.933,7.433,0.0,0.0,15.3,25.9,0.0,0.0,0.0,0.0,13.0,0.0,19.836,0.0,1
2024-10-07,US_MTN,"Denver, CO",17.543,9.2,29.2,0.0,0,0.0,0,0.0,0.0,15.0,32.8,0,0,0,7,Open-Meteo Historical Weather API,ERA5,2024,10,4,41,FALL,11.157,4.833,0.513,6.386,-4.833,-0.513,-1.0,0.0,0.0,0.0,0,0,0,0,0,0,18.086,20.629,3.701,3.015,0.0,0.0,-1.7,-5.933,0.0,0.0,25.2,15.3,0.0,0.0,0.0,0.0,12.1,0.0,18.722,0.0,1
2024-10-14,US_MTN,"Denver, CO",14.314,5.6,28.6,9.5,1,0.0,0,9.5,16.0,20.3,40.3,0,0,0,7,Open-Meteo Historical Weather API,ERA5,2024,10,4,42,FALL,13.457,1.5,0.0,0.857,8.0,0.0,5.333,0.0,0.0,192.85,0,0,0,0,0,0,17.543,18.086,6.386,3.701,0.0,0.0,-4.833,-1.7,0.0,0.0,15.0,25.2,0.0,0.0,0.0,0.0,9.5,0.0,17.643,0.0,1
2024-10-21,US_MTN,"Denver, CO",13.529,2.5,26.0,5.9,1,0.0,0,5.9,8.0,25.0,49.7,0,0,0,7,Open-Meteo Historical Weather API,ERA5,2024,10,4,43,FALL,7.948,3.6,2.987,5.581,2.3,-2.987,0.639,0.0,0.0,147.5,0,0,0,0,0,0,14.314,17.543,0.857,6.386,9.5,0.0,8.0,-4.833,0.0,0.0,20.3,15.0,0.0,0.0,0.0,0.0,15.4,0.0,15.868,0.0,1
2024-10-28,US_MTN,"Denver, CO",8.671,-1.4,26.0,5.2,2,0.49,0,5.9,22.0,19.1,45.0,0,1,1,7,Open-Meteo Historical Weather API,ERA5,2024,10,4,44,FALL,7.752,0.2,1.027,0.919,5.0,-0.537,5.0,0.0,0.0,99.32,0,0,0,0,0,0,13.529,14.314,5.581,0.857,5.9,9.5,2.3,8.0,0.0,0.0,25.0,20.3,0.0,0.0,0.0,0.0,20.6,0.49,13.514,1.0,1
2024-11-04,US_MTN,"Denver, CO",1.743,-9.8,14.0,2.1,1,31.64,6,47.3,88.0,23.0,42.5,0,6,1,7,Open-Meteo Historical Weather API,ERA5,2024,11,4,45,FALL,6.262,3.2,0.817,-4.519,-1.1,30.823,-0.344,9.49,142.981,48.3,0,1,0,0,0,0,8.671,13.529,0.919,5.581,5.2,5.9,5.0,2.3,0.49,0.0,19.1,25.0,1.0,0.0,0.0,0.0,22.7,32.13,9.564,2.0,1
2024-11-11,US_MTN,"Denver, CO",2.929,-5.9,12.5,1.5,0,0.14,0,1.7,9.0,15.4,31.0,0,7,0,7,Open-Meteo Historical Weather API,ERA5,2024,11,4,46,FALL,3.805,0.833,2.847,-0.876,0.667,-2.707,0.667,1.314,0.123,23.1,0,0,0,0,0,0,1.743,8.671,-4.519,0.919,2.1,5.2,-1.1,5.0,31.64,0.49,23.0,19.1,1.0,1.0,9.49,0.0,14.7,32.27,6.718,2.0,1
2024-11-18,US_MTN,"Denver, CO",4.843,-5.4,18.9,1.2,1,1.26,1,3.0,9.0,21.2,47.2,0,4,0,7,Open-Meteo Historical Weather API,ERA5,2024,11,4,47,FALL,3.143,0.467,2.077,1.7,0.733,-0.817,0.733,0.0,0.0,25.44,0,0,0,0,0,0,2.929,1.743,-0.876,-4.519,1.5,2.1,0.667,-1.1,0.14,31.64,15.4,23.0,0.0,1.0,1.314,9.49,10.0,33.53,4.546,2.0,1
2024-11-25,US_MTN,"Denver, CO",-1.414,-10.5,11.9,6.8,1,15.19,2,28.5,26.0,14.8,28.4,0,7,1,7,Open-Meteo Historical Weather API,ERA5,2024,11,4,48,FALL,3.309,0.7,1.843,-4.723,6.1,13.347,6.1,32.119,71.747,100.64,0,1,1,0,0,0,4.843,2.929,1.7,-0.876,1.2,1.5,0.733,0.667,1.26,0.14,21.2,15.4,0.0,0.0,0.0,1.314,11.6,48.23,2.025,2.0,1
2024-12-02,US_MTN,"Denver, CO",1.171,-10.3,12.7,0.0,0,0.0,0,0.0,0.0,13.9,30.2,0,7,0,7,Open-Meteo Historical Weather API,ERA5,2024,12,4,49,WINTER,3.205,0.333,2.473,-2.034,-0.333,-2.473,-0.333,0.0,0.0,0.0,0,0,0,0,0,0,-1.414,4.843,-4.723,1.7,6.8,1.2,6.1,0.733,15.19,1.26,14.8,21.2,1.0,0.0,32.119,0.0,9.5,16.59,1.882,1.0,1
2024-12-09,US_MTN,"Denver, CO",0.414,-9.2,14.0,0.0,0,2.17,1,3.1,13.0,14.5,31.3,0,7,0,7,Open-Meteo Historical Weather API,ERA5,2024,12,4,50,WINTER,0.181,0.3,2.66,0.233,-0.3,-0.49,-0.3,0.0,0.0,0.0,0,0,0,0,0,0,1.171,-1.414,-2.034,-4.723,0.0,6.8,-0.333,6.1,0.0,15.19,13.9,14.8,0.0,1.0,0.0,32.119,8.0,18.62,1.254,1.0,1
2024-12-16,US_MTN,"Denver, CO",3.957,-4.4,17.5,0.1,0,0.0,0,0.1,1.0,17.2,33.5,0,5,0,7,Open-Meteo Historical Weather API,ERA5,2024,12,4,51,WINTER,1.343,2.3,1.983,2.614,-2.2,-1.983,-0.957,0.0,0.0,1.72,0,0,0,0,0,0,0.414,1.171,0.233,-2.034,0.0,0.0,-0.3,-0.333,2.17,0.0,14.5,13.9,0.0,0.0,0.0,0.0,6.9,17.36,1.032,1.0,1
2024-12-23,US_MTN,"Denver, CO",4.4,-3.3,15.0,3.7,1,0.0,0,3.7,9.0,13.9,33.8,0,5,1,7,Open-Meteo Historical Weather API,ERA5,2024,12,4,52,WINTER,-0.728,1.467,7.233,5.128,2.233,-7.233,1.523,0.0,0.0,51.43,0,0,0,0,0,0,3.957,0.414,2.614,0.233,0.1,0.0,-2.2,-0.3,0.0,2.17,17.2,14.5,0.0,0.0,0.0,0.0,3.8,2.17,2.486,1.0,1
2024-12-30,US_MTN,"Denver, CO",-0.757,-8.2,11.7,0.0,0,2.94,1,4.2,23.0,26.9,53.6,0,6,0,7,Open-Meteo Historical Weather API,ERA5,2024,12,4,1,WINTER,-1.915,0.2,3.687,1.158,-0.2,-0.747,-0.2,0.0,0.0,0.0,0,0,1,0,0,0,4.4,3.957,5.128,2.614,3.7,0.1,2.233,-2.2,0.0,0.0,13.9,17.2,1.0,0.0,0.0,0.0,3.8,5.11,2.004,1.0,1
2025-01-06,US_MTN,"Denver, CO",-4.371,-15.2,4.1,0.1,0,8.33,2,12.0,35.0,23.8,41.8,0,7,0,7,Open-Meteo Historical Weather API,ERA5,2025,1,1,2,WINTER,-1.348,0.0,2.987,-3.023,0.1,5.343,0.1,0.302,25.184,2.38,0,0,1,0,0,0,-0.757,4.4,1.158,5.128,0.0,3.7,-0.2,2.233,2.94,0.0,26.9,13.9,0.0,1.0,0.0,0.0,3.9,11.27,0.807,1.0,1
2025-01-13,US_MTN,"Denver, CO",-6.029,-22.1,14.8,0.0,0,6.09,2,8.7,33.0,20.1,38.2,0,7,0,7,Open-Meteo Historical Weather API,ERA5,2025,1,1,3,WINTER,-3.162,0.0,5.25,-2.867,0.0,0.84,0.0,0.0,17.46,0.0,0,0,1,0,0,0,-4.371,-0.757,-3.023,1.158,0.1,0.0,0.1,-0.2,8.33,2.94,23.8,26.9,0.0,0.0,0.302,0.0,3.8,17.36,-1.689,1.0,1
2025-01-20,US_MTN,"Denver, CO",-7.5,-22.3,7.0,0.0,0,5.95,2,8.5,33.0,17.7,37.8,0,7,0,7,Open-Meteo Historical Weather API,ERA5,2025,1,1,4,WINTER,-1.162,0.1,3.687,-6.338,-0.1,2.263,-0.1,0.0,37.711,0.0,0,0,1,0,0,0,-6.029,-4.371,-2.867,-3.023,0.0,0.1,0.0,0.1,6.09,8.33,20.1,23.8,0.0,0.0,0.0,0.302,0.1,23.31,-4.664,0.0,1
2025-01-27,US_MTN,"Denver, CO",0.729,-14.1,17.7,0.4,0,0.07,0,0.5,5.0,15.0,37.4,0,6,0,7,Open-Meteo Historical Weather API,ERA5,2025,1,1,5,WINTER,-1.829,2.833,8.47,2.558,-2.433,-8.4,-0.859,0.0,0.0,6.0,0,0,0,0,0,0,-7.5,-6.029,-6.338,-2.867,0.0,0.0,-0.1,0.0,5.95,6.09,17.7,20.1,0.0,0.0,0.0,0.0,0.5,20.44,-4.293,0.0,1
2025-02-03,US_MTN,"Denver, CO",3.314,-8.3,18.8,0.9,0,6.23,2,9.8,30.0,19.2,48.6,0,4,0,7,Open-Meteo Historical Weather API,ERA5,2025,2,1,6,WINTER,0.21,2.167,2.893,3.104,-1.267,3.337,-0.585,0.0,0.0,17.28,0,0,0,0,0,0,0.729,-7.5,2.558,-6.338,0.4,0.0,-2.433,-0.1,0.07,5.95,15.0,17.7,0.0,0.0,0.0,0.0,1.3,18.34,-2.372,0.0,1
2025-02-10,US_MTN,"Denver, CO",-7.357,-20.7,10.9,2.5,1,6.79,3,12.2,37.0,21.1,40.7,0,7,1,7,Open-Meteo Historical Weather API,ERA5,2025,2,1,7,WINTER,-0.195,0.133,5.6,-7.162,2.367,1.19,2.367,17.905,48.63,52.75,0,0,1,0,0,0,3.314,0.729,3.104,2.558,0.9,0.4,-1.267,-2.433,6.23,0.07,19.2,15.0,0.0,0.0,0.0,0.0,3.8,19.04,-2.704,1.0,1
2025-02-17,US_MTN,"Denver, CO",-5.057,-19.7,13.5,0.2,0,6.37,3,9.3,31.0,15.8,29.9,0,7,0,7,Open-Meteo Historical Weather API,ERA5,2025,2,1,8,WINTER,-0.876,1.033,3.033,-4.181,-0.833,3.337,-0.806,0.836,26.633,3.16,0,0,1,0,0,0,-7.357,3.314,-7.162,3.104,2.5,0.9,2.367,-1.267,6.79,6.23,21.1,19.2,1.0,0.0,17.905,0.0,4.0,19.46,-2.093,1.0,1
2025-02-24,US_MTN,"Denver, CO",6.5,-5.0,19.2,0.4,0,0.07,0,0.5,4.0,15.7,32.4,0,2,0,7,Open-Meteo Historical Weather API,ERA5,2025,2,1,9,WINTER,4.138,2.367,3.687,2.362,-1.967,-3.617,-0.831,0.0,0.0,6.28,0,0,0,0,0,0,-5.057,-7.357,-4.181,-7.162,0.2,2.5,-0.833,2.367,6.37,6.79,15.8,21.1,0.0,1.0,0.836,17.905,4.0,19.46,-0.65,1.0,1
2025-03-03,US_MTN,"Denver, CO",4.829,-4.5,19.8,4.1,1,2.87,1,8.2,30.0,31.8,63.0,0,4,1,7,Open-Meteo Historical Weather API,ERA5,2025,3,1,10,SPRING,0.805,1.933,2.777,4.024,2.167,0.093,1.121,0.0,0.0,130.38,0,0,0,0,0,0,6.5,-5.057,2.362,-4.181,0.4,0.2,-1.967,-0.833,0.07,6.37,15.7,15.8,0.0,0.0,0.0,0.836,7.2,16.1,-0.271,2.0,1
2025-03-10,US_MTN,"Denver, CO",7.714,-3.6,21.7,1.5,1,0.77,0,2.6,8.0,29.6,57.6,0,1,0,7,Open-Meteo Historical Weather API,ERA5,2025,3,1,11,SPRING,4.129,6.133,16.053,3.585,-4.633,-15.283,-0.755,0.0,0.0,44.4,0,0,0,0,0,0,4.829,6.5,4.024,2.362,4.1,0.4,2.167,-1.967,2.87,0.07,31.8,15.7,1.0,0.0,0.0,0.0,6.2,10.08,3.496,1.0,1
2025-03-17,US_MTN,"Denver, CO",7.5,-4.0,21.9,1.0,0,2.17,1,4.1,11.0,30.2,58.3,0,2,0,7,Open-Meteo Historical Weather API,ERA5,2025,3,1,12,SPRING,5.481,4.3,2.03,2.019,-3.3,0.14,-0.767,0.0,0.0,30.2,0,0,0,0,0,0,7.714,4.829,3.585,4.024,1.5,4.1,-4.633,2.167,0.77,2.87,29.6,31.8,0.0,1.0,0.0,0.0,7.0,5.88,6.636,1.0,1
2025-03-24,US_MTN,"Denver, CO",11.971,1.9,24.4,24.5,2,0.77,0,25.6,30.0,19.8,45.0,0,0,0,7,Open-Meteo Historical Weather API,ERA5,2025,3,1,13,SPRING,6.076,4.567,1.54,5.895,19.933,-0.77,4.365,0.0,0.0,485.1,0,0,0,0,0,0,7.5,7.714,2.019,3.585,1.0,1.5,-3.3,-4.633,2.17,0.77,30.2,29.6,0.0,0.0,0.0,0.0,31.1,6.58,8.003,1.0,1
2025-03-31,US_MTN,"Denver, CO",3.657,-6.7,16.3,2.8,2,5.95,4,11.3,42.0,24.5,51.1,0,5,1,7,Open-Meteo Historical Weather API,ERA5,2025,3,1,14,SPRING,8.076,9.1,1.54,-4.419,-6.3,4.41,-0.692,12.374,26.295,68.6,0,0,0,0,0,0,11.971,7.5,5.895,2.019,24.5,1.0,19.933,-3.3,0.77,2.17,19.8,30.2,0.0,0.0,0.0,0.0,29.8,9.66,7.711,1.0,1
2025-04-07,US_MTN,"Denver, CO",13.243,-1.1,28.8,2.6,1,0.0,0,2.6,6.0,22.8,45.7,0,0,0,7,Open-Meteo Historical Weather API,ERA5,2025,4,2,15,SPRING,10.109,4.167,1.073,3.134,-1.567,-1.073,-0.376,0.0,0.0,59.28,0,0,0,0,0,0,3.657,11.971,-4.419,5.895,2.8,24.5,-6.3,19.933,5.95,0.77,24.5,19.8,1.0,0.0,12.374,0.0,30.9,8.89,9.093,1.0,1
2025-04-14,US_MTN,"Denver, CO",8.014,-3.5,24.7,3.2,2,6.79,1,12.9,42.0,31.7,47.9,0,2,0,7,Open-Meteo Historical Weather API,ERA5,2025,4,2,16,SPRING,9.3,4.633,3.967,-1.286,-1.433,2.823,-0.309,4.116,8.734,101.44,0,0,0,0,0,0,13.243,3.657,3.134,-4.419,2.6,2.8,-1.567,-6.3,0.0,5.95,22.8,24.5,0.0,1.0,0.0,12.374,33.1,13.51,9.221,1.0,1
2025-04-21,US_MTN,"Denver, CO",12.743,2.2,27.2,6.9,2,0.0,0,6.9,28.0,24.0,46.8,0,0,0,7,Open-Meteo Historical Weather API,ERA5,2025,4,2,17,SPRING,11.505,19.533,2.543,1.238,-12.633,-2.543,-0.647,0.0,0.0,165.6,0,0,0,0,0,0,8.014,13.243,-1.286,3.134,3.2,2.6,-1.433,-1.567,6.79,0.0,31.7,22.8,0.0,0.0,4.116,0.0,15.5,12.74,9.414,1.0,1
2025-04-28,US_MTN,"Denver, CO",12.114,1.6,25.5,11.2,3,0.0,0,11.2,38.0,24.2,45.7,0,0,0,7,Open-Meteo Historical Weather API,ERA5,2025,4,2,18,SPRING,13.319,11.0,0.327,-1.205,0.2,-0.327,0.018,13.496,0.0,271.04,0,0,0,0,0,0,12.743,8.014,1.238,-1.286,6.9,3.2,-12.633,-1.433,0.0,6.79,24.0,31.7,0.0,0.0,0.0,4.116,23.9,6.79,11.529,0.0,1
2025-05-05,US_MTN,"Denver, CO",13.3,3.8,29.5,30.4,3,0.0,0,30.4,45.0,29.8,58.7,0,0,0,7,Open-Meteo Historical Weather API,ERA5,2025,5,2,19,SPRING,13.576,31.767,0.0,-0.276,-1.367,0.0,-0.043,8.401,0.0,905.92,0,0,0,0,0,0,12.114,12.743,-1.205,1.238,11.2,6.9,0.2,-12.633,0.0,0.0,24.2,24.0,0.0,0.0,13.496,0.0,51.7,6.79,11.543,0.0,1
2025-05-12,US_MTN,"Denver, CO",16.129,6.0,29.8,3.9,2,0.0,0,3.9,7.0,23.0,44.6,0,0,0,7,Open-Meteo Historical Weather API,ERA5,2025,5,2,20,SPRING,14.919,13.8,5.18,1.21,-9.9,-5.18,-0.717,0.0,0.0,89.7,0,0,0,0,0,0,13.3,12.114,-0.276,-1.205,30.4,11.2,-1.367,0.2,0.0,0.0,29.8,24.2,0.0,0.0,8.401,13.496,52.4,0.0,13.572,0.0,1
2025-05-19,US_MTN,"Denver, CO",15.043,4.6,28.3,21.7,2,0.0,0,21.7,44.0,21.3,42.5,0,0,0,7,Open-Meteo Historical Weather API,ERA5,2025,5,2,21,SPRING,15.424,12.533,0.0,-0.381,9.167,0.0,0.731,8.268,0.0,462.21,0,0,0,0,0,0,16.129,13.3,1.21,-0.276,3.9,30.4,-9.9,-1.367,0.0,0.0,23.0,29.8,0.0,0.0,0.0,8.401,67.2,0.0,14.147,0.0,1
2025-05-26,US_MTN,"Denver, CO",15.943,6.4,29.3,20.3,4,0.0,0,20.3,46.0,20.2,40.3,0,0,0,7,Open-Meteo Historical Weather API,ERA5,2025,5,2,22,SPRING,16.595,17.767,0.047,-0.652,2.533,-0.047,0.143,13.236,0.0,410.06,0,0,0,0,0,0,15.043,16.129,-0.381,1.21,21.7,3.9,9.167,-9.9,0.0,0.0,21.3,23.0,0.0,0.0,8.268,0.0,76.3,0.0,15.104,0.0,1
2025-06-02,US_MTN,"Denver, CO",16.057,9.1,28.6,53.3,5,0.0,0,53.3,61.0,26.7,39.2,0,0,0,7,Open-Meteo Historical Weather API,ERA5,2025,6,2,23,SUMMER,20.51,9.567,0.0,-4.453,43.733,0.0,4.571,237.327,0.0,1423.11,1,0,0,0,0,0,15.943,15.043,-0.652,-0.381,20.3,21.7,2.533,9.167,0.0,0.0,20.2,21.3,0.0,0.0,13.236,8.268,99.2,0.0,15.793,0.0,1
2025-06-09,US_MTN,"Denver, CO",21.786,10.8,32.8,1.7,1,0.0,0,1.7,5.0,24.6,38.2,0,0,0,7,Open-Meteo Historical Weather API,ERA5,2025,6,2,24,SUMMER,21.338,19.067,0.0,0.448,-17.367,0.0,-0.911,0.0,0.0,41.82,0,0,0,0,0,0,16.057,15.943,-4.453,-0.652,53.3,20.3,43.733,2.533,0.0,0.0,26.7,20.2,0.0,0.0,237.327,13.236,97.0,0.0,17.207,0.0,1
2025-06-16,US_MTN,"Denver, CO",23.614,9.8,36.8,6.1,1,0.0,0,6.1,6.0,28.9,55.1,0,0,0,7,Open-Meteo Historical Weather API,ERA5,2025,6,2,25,SUMMER,21.333,4.867,0.0,2.281,1.233,0.0,0.253,0.0,0.0,176.29,0,0,0,0,0,0,21.786,16.057,0.448,-4.453,1.7,53.3,-17.367,43.733,0.0,0.0,24.6,26.7,0.0,0.0,0.0,237.327,81.4,0.0,19.35,0.0,1
2025-06-23,US_MTN,"Denver, CO",21.429,12.0,34.2,21.2,5,0.0,0,21.2,33.0,16.5,41.8,0,0,0,7,Open-Meteo Historical Weather API,ERA5,2025,6,2,26,SUMMER,22.962,6.733,0.0,-1.533,14.467,0.0,2.149,32.5,0.0,349.8,0,0,0,0,0,0,23.614,21.786,2.281,0.448,6.1,1.7,1.233,-17.367,0.0,0.0,28.9,24.6,0.0,0.0,0.0,0.0,82.3,0.0,20.722,0.0,1
2025-06-30,US_MTN,"Denver, CO",23.414,13.9,33.7,5.1,2,0.0,0,5.1,18.0,20.3,48.2,0,0,0,7,Open-Meteo Historical Weather API,ERA5,2025,6,2,27,SUMMER,22.736,14.5,0.0,0.678,-9.4,0.0,-0.648,0.0,0.0,103.53,0,0,0,0,0,0,21.429,23.614,-1.533,2.281,21.2,6.1,14.467,1.233,0.0,0.0,16.5,28.9,0.0,0.0,32.5,0.0,34.1,0.0,22.561,0.0,1
2025-07-07,US_MTN,"Denver, CO",24.386,14.1,37.1,6.1,3,0.0,0,6.1,27.0,26.4,52.2,0,0,0,7,Open-Meteo Historical Weather API,ERA5,2025,7,3,28,SUMMER,24.65,2.125,0.0,-0.264,3.975,0.0,1.871,1.61,0.0,161.04,0,0,0,0,0,0,23.414,21.429,0.678,-1.533,5.1,21.2,-9.4,14.467,0.0,0.0,20.3,16.5,0.0,0.0,0.0,32.5,38.5,0.0,23.211,0.0,1
2025-07-14,US_MTN,"Denver, CO",23.943,14.8,34.3,6.8,4,0.0,0,6.8,15.0,21.1,41.0,0,0,0,7,Open-Meteo Historical Weather API,ERA5,2025,7,3,29,SUMMER,24.604,13.75,0.0,-0.661,-6.95,0.0,-0.505,4.493,0.0,143.48,0,0,0,0,0,0,24.386,23.414,-0.264,0.678,6.1,5.1,3.975,-9.4,0.0,0.0,26.4,20.3,0.0,0.0,1.61,0.0,39.2,0.0,23.293,0.0,1
2025-07-21,US_MTN,"Denver, CO",24.871,15.5,36.5,4.0,2,0.0,0,4.0,18.0,20.2,39.2,0,0,0,7,Open-Meteo Historical Weather API,ERA5,2025,7,3,30,SUMMER,24.5,9.2,0.0,0.371,-5.2,0.0,-0.565,0.0,0.0,80.8,0,0,0,0,0,0,23.943,24.386,-0.661,-0.264,6.8,6.1,-6.95,3.975,0.0,0.0,21.1,26.4,0.0,0.0,4.493,1.61,22.0,0.0,24.153,0.0,1
2025-07-28,US_MTN,"Denver, CO",22.7,13.6,36.0,9.1,3,0.0,0,9.1,30.0,15.2,35.3,0,0,0,7,Open-Meteo Historical Weather API,ERA5,2025,7,3,31,SUMMER,24.732,10.075,0.0,-2.032,-0.975,0.0,-0.097,18.491,0.0,138.32,0,0,0,0,0,0,24.871,23.943,0.371,-0.661,4.0,6.8,-5.2,-6.95,0.0,0.0,20.2,21.1,0.0,0.0,0.0,4.493,26.0,0.0,23.975,0.0,1
2025-08-04,US_MTN,"Denver, CO",25.043,14.3,37.2,16.5,2,0.0,0,16.5,19.0,28.5,41.0,0,0,0,7,Open-Meteo Historical Weather API,ERA5,2025,8,3,32,SUMMER,23.461,4.35,0.0,1.582,12.15,0.0,2.793,0.0,0.0,470.25,0,0,0,0,0,0,22.7,24.871,-2.032,0.371,9.1,4.0,-0.975,-5.2,0.0,0.0,15.2,20.2,0.0,0.0,18.491,0.0,36.4,0.0,24.139,0.0,1
2025-08-11,US_MTN,"Denver, CO",24.114,12.7,36.4,2.9,1,0.0,0,2.9,9.0,15.8,43.9,0,0,0,7,Open-Meteo Historical Weather API,ERA5,2025,8,3,33,SUMMER,23.082,13.225,0.0,1.032,-10.325,0.0,-0.781,0.0,0.0,45.82,0,0,0,0,0,0,25.043,22.7,1.582,-2.032,16.5,9.1,12.15,-0.975,0.0,0.0,28.5,15.2,0.0,0.0,0.0,18.491,32.5,0.0,24.182,0.0,1
2025-08-18,US_MTN,"Denver, CO",23.114,15.3,35.5,7.6,2,0.0,0,7.6,20.0,20.0,43.2,0,0,0,7,Open-Meteo Historical Weather API,ERA5,2025,8,3,34,SUMMER,23.507,5.8,0.0,-0.393,1.8,0.0,0.31,2.989,0.0,152.0,0,0,0,0,0,0,24.114,25.043,1.032,1.582,2.9,16.5,-10.325,12.15,0.0,0.0,15.8,28.5,0.0,0.0,0.0,0.0,36.1,0.0,23.743,0.0,1
2025-08-25,US_MTN,"Denver, CO",19.086,12.1,27.2,32.5,6,0.0,0,32.5,50.0,12.9,32.0,0,0,0,7,Open-Meteo Historical Weather API,ERA5,2025,8,3,35,SUMMER,23.314,3.775,0.0,-4.228,28.725,0.0,7.609,137.418,0.0,419.25,0,0,0,0,0,0,23.114,24.114,-0.393,1.032,7.6,2.9,1.8,-10.325,0.0,0.0,20.0,15.8,0.0,0.0,2.989,0.0,59.5,0.0,22.839,0.0,1
2025-09-01,US_MTN,"Denver, CO",19.757,9.5,30.3,0.6,0,0.0,0,0.6,5.0,19.2,34.6,0,0,0,7,Open-Meteo Historical Weather API,ERA5,2025,9,3,36,FALL,21.536,7.3,0.0,-1.779,-6.7,0.0,-0.918,1.067,0.0,11.52,0,0,0,0,0,0,19.086,23.114,-4.228,-0.393,32.5,7.6,28.725,1.8,0.0,0.0,12.9,20.0,0.0,0.0,137.418,2.989,43.6,0.0,21.518,0.0,1
2025-09-08,US_MTN,"Denver, CO",20.357,11.1,33.1,10.4,2,0.0,0,10.4,20.0,16.2,38.9,0,0,0,7,Open-Meteo Historical Weather API,ERA5,2025,9,3,37,FALL,19.539,9.125,0.0,0.818,1.275,0.0,0.14,0.0,0.0,168.48,0,0,0,0,0,0,19.757,19.086,-1.779,-4.228,0.6,32.5,-6.7,28.725,0.0,0.0,19.2,12.9,0.0,0.0,1.067,137.418,51.1,0.0,20.578,0.0,1
2025-09-15,US_MTN,"Denver, CO",17.386,8.3,28.5,5.1,2,0.0,0,5.1,20.0,14.6,37.1,0,0,0,7,Open-Meteo Historical Weather API,ERA5,2025,9,3,38,FALL,17.897,6.525,0.0,-0.511,-1.425,0.0,-0.218,2.605,0.0,74.46,0,0,0,0,0,0,20.357,19.757,0.818,-1.779,10.4,0.6,1.275,-6.7,0.0,0.0,16.2,19.2,0.0,0.0,0.0,1.067,48.6,0.0,19.146,0.0,1
2025-09-22,US_MTN,"Denver, CO",16.171,8.3,27.8,33.0,3,0.0,0,33.0,37.0,17.7,33.5,0,0,0,7,Open-Meteo Historical Weather API,ERA5,2025,9,3,39,FALL,18.368,4.45,0.0,-2.197,28.55,0.0,6.416,72.501,0.0,584.1,0,0,0,0,0,0,17.386,20.357,-0.511,0.818,5.1,10.4,-1.425,1.275,0.0,0.0,14.6,16.2,0.0,0.0,2.605,0.0,49.1,0.0,18.418,0.0,1
2025-09-29,US_MTN,"Denver, CO",17.157,7.3,30.2,3.9,2,0.0,0,3.9,11.0,24.9,52.2,0,0,0,7,Open-Meteo Historical Weather API,ERA5,2025,9,3,40,FALL,15.31,1.275,0.0,1.847,2.625,0.0,2.059,0.0,0.0,97.11,0,0,0,0,0,0,16.171,17.386,-2.197,-0.511,33.0,5.1,28.55,-1.425,0.0,0.0,17.7,14.6,0.0,0.0,72.501,2.605,52.4,0.0,17.768,0.0,1
2025-10-06,US_MTN,"Denver, CO",13.957,6.0,28.4,18.3,4,0.0,0,18.3,44.0,16.9,29.2,0,0,0,7,Open-Meteo Historical Weather API,ERA5,2025,10,4,41,FALL,12.754,3.625,0.385,1.203,14.675,-0.385,4.048,0.0,0.0,309.27,0,0,0,0,0,0,17.157,16.171,1.847,-2.197,3.9,33.0,2.625,28.55,0.0,0.0,24.9,17.7,0.0,0.0,0.0,72.501,60.3,0.0,16.168,0.0,1
2025-10-13,US_MTN,"Denver, CO",13.014,1.6,26.9,0.4,0,0.0,0,0.4,4.0,26.3,52.9,0,0,0,7,Open-Meteo Historical Weather API,ERA5,2025,10,4,42,FALL,13.671,3.5,0.0,-0.657,-3.1,0.0,-0.886,0.263,0.0,10.52,0,0,0,0,0,0,13.957,17.157,1.203,1.847,18.3,3.9,14.675,2.625,0.0,0.0,16.9,24.9,0.0,0.0,0.0,0.0,55.6,0.0,15.075,0.0,1
2025-10-20,US_MTN,"Denver, CO",11.657,2.0,22.6,0.0,0,0.0,0,0.0,0.0,25.6,50.4,0,0,0,7,Open-Meteo Historical Weather API,ERA5,2025,10,4,43,FALL,9.343,4.175,2.24,2.314,-4.175,-2.24,-1.0,0.0,0.0,0.0,0,0,0,0,0,0,13.014,13.957,-0.657,1.203,0.4,18.3,-3.1,14.675,0.0,0.0,26.3,16.9,0.0,0.0,0.263,0.0,22.6,0.0,13.946,0.0,1
2025-10-27,US_MTN,"Denver, CO",7.386,-4.7,27.8,6.3,1,0.0,0,6.3,9.0,22.4,39.6,0,2,0,7,Open-Meteo Historical Weather API,ERA5,2025,10,4,44,FALL,7.982,1.45,0.893,-0.596,4.85,-0.893,3.345,3.755,0.0,141.12,0,0,0,0,0,0,11.657,13.014,2.314,-0.657,0.0,0.4,-4.175,-3.1,0.0,0.0,25.6,26.3,0.0,0.0,0.0,0.263,25.0,0.0,11.504,0.0,1
2025-11-03,US_MTN,"Denver, CO",8.386,-4.4,24.3,0.0,0,0.0,0,0.0,0.0,23.2,45.0,0,1,0,7,Open-Meteo Historical Weather API,ERA5,2025,11,4,45,FALL,5.132,2.925,8.522,3.254,-2.925,-8.522,-1.0,0.0,0.0,0.0,0,0,0,0,0,0,7.386,11.657,-0.596,2.314,6.3,0.0,4.85,-4.175,0.0,0.0,22.4,25.6,0.0,0.0,3.755,0.0,6.7,0.0,10.111,0.0,1
2025-11-10,US_MTN,"Denver, CO",12.171,-0.2,25.3,0.0,0,0.0,0,0.0,0.0,16.4,29.9,0,0,0,7,Open-Meteo Historical Weather API,ERA5,2025,11,4,46,FALL,3.586,1.0,2.17,8.585,-1.0,-2.17,-1.0,0.0,0.0,0.0,0,0,0,0,0,0,8.386,7.386,3.254,-0.596,0.0,6.3,-2.925,4.85,0.0,0.0,23.2,22.4,0.0,0.0,0.0,3.755,6.3,0.0,9.9,0.0,1
2025-11-17,US_MTN,"Denver, CO",8.014,2.5,18.0,2.7,2,0.0,0,2.7,21.0,17.5,38.5,0,0,0,7,Open-Meteo Historical Weather API,ERA5,2025,11,4,47,FALL,3.568,0.65,1.872,4.446,2.05,-1.872,2.05,0.0,0.0,47.25,0,0,0,0,0,0,12.171,8.386,8.585,3.254,0.0,0.0,-1.0,-2.925,0.0,0.0,16.4,23.2,0.0,0.0,0.0,0.0,9.0,0.0,8.989,0.0,1
2025-11-24,US_MTN,"Denver, CO",1.686,-9.3,16.4,0.1,0,2.03,1,3.0,14.0,19.7,38.2,0,5,0,7,Open-Meteo Historical Weather API,ERA5,2025,11,4,48,FALL,2.128,2.225,5.18,-0.442,-2.125,-3.15,-0.955,0.044,0.898,1.97,0,0,0,0,0,0,8.014,12.171,4.446,8.585,2.7,0.0,2.05,-1.0,0.0,0.0,17.5,16.4,0.0,0.0,0.0,0.0,2.8,2.03,7.564,0.0,1
2025-12-01,US_MTN,"Denver, CO",-0.971,-12.2,10.6,0.9,0,9.38,1,14.3,33.0,14.3,31.7,0,7,0,7,Open-Meteo Historical Weather API,ERA5,2025,12,4,49,WINTER,2.696,0.25,1.855,-3.667,0.65,7.525,0.65,3.301,34.399,12.87,0,0,1,0,0,0,1.686,8.014,-0.442,4.446,0.1,2.7,-2.125,2.05,2.03,0.0,19.7,17.5,0.0,0.0,0.044,0.0,3.7,11.41,5.225,0.0,1
2025-12-08,US_MTN,"Denver, CO",6.771,-4.1,19.4,0.0,0,0.0,0,0.0,0.0,19.5,40.7,0,1,0,7,Open-Meteo Historical Weather API,ERA5,2025,12,4,50,WINTER,0.239,0.225,2.538,6.532,-0.225,-2.538,-0.225,0.0,0.0,0.0,0,0,0,0,0,0,-0.971,1.686,-3.667,-0.442,0.9,0.1,0.65,-2.125,9.38,2.03,14.3,19.7,0.0,0.0,3.301,0.044,3.7,11.41,3.875,0.0,1
2025-12-15,US_MTN,"Denver, CO",8.257,-1.4,22.5,2.4,1,0.0,0,2.4,5.0,21.2,62.6,0,1,0,7,Open-Meteo Historical Weather API,ERA5,2025,12,4,51,WINTER,1.996,1.75,1.488,6.26,0.65,-1.488,0.371,0.0,0.0,50.88,0,0,0,0,0,0,6.771,-0.971,6.532,-3.667,0.0,0.9,-0.225,0.65,0.0,9.38,19.5,14.3,0.0,0.0,0.0,3.301,3.4,11.41,3.936,0.0,1
2025-12-22,US_MTN,"Denver, CO",8.7,-8.1,24.7,0.0,0,1.26,1,1.8,7.0,20.7,41.8,0,1,0,7,Open-Meteo Historical Weather API,ERA5,2025,12,4,52,WINTER,0.554,2.025,5.425,8.146,-2.025,-4.165,-1.0,0.0,0.0,0.0,0,0,0,0,0,0,8.257,6.771,6.26,6.532,2.4,0.0,0.65,-0.225,0.0,0.0,21.2,19.5,0.0,0.0,0.0,0.0,3.3,10.64,5.689,0.0,1
2025-12-29,US_MTN,"Denver, CO",5.914,-8.5,20.9,0.0,0,0.0,0,0.0,0.0,15.0,30.6,0,2,0,7,Open-Meteo Historical Weather API,ERA5,2025,12,4,1,WINTER,-1.625,0.15,3.5,7.539,-0.15,-3.5,-0.15,0.0,0.0,0.0,0,0,0,0,0,0,8.7,8.257,8.146,6.26,0.0,2.4,-2.025,0.65,1.26,0.0,20.7,21.2,0.0,0.0,0.0,0.0,2.4,1.26,7.41,0.0,1
2026-01-05,US_MTN,"Denver, CO",2.429,-12.2,16.1,0.1,0,8.68,2,12.5,30.0,19.3,39.6,0,4,0,7,Open-Meteo Historical Weather API,ERA5,2026,1,1,2,WINTER,-2.104,0.025,4.322,4.533,0.075,4.358,0.075,0.0,0.0,1.93,0,0,0,0,0,0,5.914,8.7,7.539,8.146,0.0,0.0,-0.15,-2.025,0.0,1.26,15.0,20.7,0.0,0.0,0.0,0.0,2.5,9.94,6.325,0.0,1
2026-01-12,US_MTN,"Denver, CO",3.4,-6.3,16.3,0.0,0,0.14,0,0.2,2.0,29.1,53.6,0,5,0,7,Open-Meteo Historical Weather API,ERA5,2026,1,1,3,WINTER,-3.879,0.0,5.46,7.279,0.0,-5.32,0.0,0.0,0.0,0.0,0,0,0,0,0,0,2.429,5.914,4.533,7.539,0.1,0.0,0.075,-0.15,8.68,0.0,19.3,15.0,0.0,0.0,0.0,0.0,0.1,10.08,5.111,0.0,1
2026-01-19,US_MTN,"Denver, CO",-4.886,-17.2,13.0,0.0,0,4.06,2,5.8,21.0,27.5,47.5,0,7,0,7,Open-Meteo Historical Weather API,ERA5,2026,1,1,4,WINTER,-2.746,0.075,4.252,-2.14,-0.075,-0.192,-0.075,0.0,8.686,0.0,0,0,1,0,0,0,3.4,2.429,7.279,4.533,0.0,0.1,0.0,0.075,0.14,8.68,29.1,19.3,0.0,0.0,0.0,0.0,0.1,12.88,1.714,0.0,1
2026-01-26,US_MTN,"Denver, CO",1.486,-18.0,18.1,0.0,0,0.0,0,0.0,0.0,19.1,41.8,0,6,0,7,Open-Meteo Historical Weather API,ERA5,2026,1,1,5,WINTER,-1.189,2.225,6.37,2.675,-2.225,-6.37,-1.0,0.0,0.0,0.0,0,0,0,0,0,0,-4.886,3.4,-2.14,7.279,0.0,0.0,-0.075,0.0,4.06,0.14,27.5,29.1,0.0,0.0,0.0,0.0,0.1,12.88,0.607,0.0,1
2026-02-02,US_MTN,"Denver, CO",6.457,-4.2,18.9,0.6,0,0.0,0,0.6,6.0,16.0,33.1,0,2,0,7,Open-Meteo Historical Weather API,ERA5,2026,2,1,6,WINTER,0.986,1.85,3.728,5.471,-1.25,-3.728,-0.676,0.0,0.0,9.6,0,0,0,0,0,0,1.486,-4.886,2.675,-2.14,0.0,0.0,-2.225,-0.075,0.0,4.06,19.1,27.5,0.0,0.0,0.0,0.0,0.6,4.2,1.614,0.0,1
2026-02-09,US_MTN,"Denver, CO",7.1,-2.3,21.7,5.3,3,0.0,0,5.3,19.0,19.6,38.5,0,1,0,7,Open-Meteo Historical Weather API,ERA5,2026,2,1,7,WINTER,-1.986,0.725,5.898,9.086,4.575,-5.898,4.575,0.0,0.0,103.88,0,0,0,0,0,0,6.457,1.486,5.471,2.675,0.6,0.0,-1.25,-2.225,0.0,0.0,16.0,19.1,0.0,0.0,0.0,0.0,5.9,4.06,2.539,0.0,1
2026-02-16,US_MTN,"Denver, CO",2.329,-7.8,20.7,0.9,0,1.82,0,3.5,19.0,27.5,54.4,0,4,0,7,Open-Meteo Historical Weather API,ERA5,2026,2,1,8,WINTER,-1.921,0.825,3.867,4.25,0.075,-2.047,0.075,0.0,0.0,24.75,0,0,0,0,0,0,7.1,6.457,9.086,5.471,5.3,0.6,4.575,-1.25,0.0,0.0,19.6,16.0,0.0,0.0,0.0,0.0,6.8,1.82,4.343,0.0,1
2026-02-23,US_MTN,"Denver, CO",10.943,-2.3,23.2,0.0,0,0.0,0,0.0,0.0,28.2,51.5,0,0,0,7,Open-Meteo Historical Weather API,ERA5,2026,2,1,9,WINTER,4.728,1.875,2.782,6.214,-1.875,-2.782,-1.0,0.0,0.0,0.0,0,0,0,0,0,0,2.329,7.1,4.25,9.086,0.9,5.3,0.075,4.575,1.82,0.0,27.5,19.6,0.0,0.0,0.0,0.0,6.8,1.82,6.707,0.0,1
2026-03-02,US_MTN,"Denver, CO",6.629,-7.5,22.6,5.3,1,7.28,1,15.7,36.0,20.9,35.3,0,2,0,7,Open-Meteo Historical Weather API,ERA5,2026,3,1,10,SPRING,1.811,2.475,2.8,4.818,2.825,4.48,1.141,0.0,0.0,110.77,0,0,0,0,0,0,10.943,2.329,6.214,4.25,0.0,0.9,-1.875,0.075,0.0,1.82,28.2,27.5,0.0,0.0,0.0,0.0,11.5,9.1,6.75,0.0,1
2026-03-09,US_MTN,"Denver, CO",8.971,-7.3,23.5,3.2,2,3.43,1,8.1,19.0,30.6,67.3,0,2,2,7,Open-Meteo Historical Weather API,ERA5,2026,3,1,11,SPRING,5.025,4.975,12.232,3.946,-1.775,-8.802,-0.357,0.0,0.0,97.92,0,0,0,0,1,0,6.629,10.943,4.818,6.214,5.3,0.0,2.825,-1.875,7.28,0.0,20.9,28.2,0.0,0.0,0.0,0.0,9.4,12.53,7.218,2.0,1
2026-03-16,US_MTN,"Denver, CO",13.814,-9.1,30.9,0.0,0,0.0,0,0.0,0.0,17.4,40.0,0,1,0,7,Open-Meteo Historical Weather API,ERA5,2026,3,1,12,SPRING,5.986,3.475,2.065,7.828,-3.475,-2.065,-1.0,0.0,0.0,0.0,0,0,0,0,0,0,8.971,6.629,3.946,4.818,3.2,5.3,-1.775,2.825,3.43,7.28,30.6,20.9,2.0,0.0,0.0,0.0,8.5,10.71,10.089,2.0,1
2026-03-23,US_MTN,"Denver, CO",15.714,2.5,31.0,0.3,0,0.0,0,0.3,2.0,27.1,52.2,0,0,0,7,Open-Meteo Historical Weather API,ERA5,2026,3,1,13,SPRING,7.55,9.55,1.348,8.164,-9.25,-1.348,-0.969,0.0,0.0,8.13,0,0,0,0,0,0,13.814,8.971,7.828,3.946,0.0,3.2,-3.475,-1.775,0.0,3.43,17.4,30.6,0.0,2.0,0.0,0.0,8.8,10.71,11.282,2.0,1
2026-03-30,US_MTN,"Denver, CO",10.771,0.4,26.3,12.1,1,0.0,0,12.1,11.0,24.8,43.9,0,0,0,7,Open-Meteo Historical Weather API,ERA5,2026,3,1,14,SPRING,6.972,7.525,2.642,3.8,4.575,-2.642,0.608,0.0,0.0,300.08,0,0,0,0,0,0,15.714,13.814,8.164,7.828,0.3,0.0,-9.25,-3.475,0.0,0.0,27.1,17.4,0.0,0.0,0.0,0.0,15.6,3.43,12.317,2.0,1
2026-04-06,US_MTN,"Denver, CO",13.4,0.7,24.7,1.5,0,0.0,0,1.5,8.0,23.1,43.6,0,0,0,7,Open-Meteo Historical Weather API,ERA5,2026,4,2,15,SPRING,10.893,3.775,0.805,2.507,-2.275,-0.805,-0.603,0.0,0.0,34.65,0,0,0,0,0,0,10.771,15.714,3.8,8.164,12.1,0.3,4.575,-9.25,0.0,0.0,24.8,27.1,0.0,0.0,0.0,0.0,13.9,0.0,13.425,0.0,1
2026-04-13,US_MTN,"Denver, CO",10.657,-5.0,25.1,2.6,1,2.38,1,6.0,15.0,25.6,50.4,0,1,0,7,Open-Meteo Historical Weather API,ERA5,2026,4,2,16,SPRING,8.979,4.275,4.672,1.678,-1.675,-2.293,-0.392,0.0,0.0,66.56,0,0,0,0,0,0,13.4,10.771,2.507,3.8,1.5,12.1,-2.275,4.575,0.0,0.0,23.1,24.8,0.0,0.0,0.0,0.0,16.5,2.38,12.636,0.0,1
2026-04-20,US_MTN,"Denver, CO",13.486,1.1,28.6,8.5,1,0.0,0,8.5,11.0,31.1,51.1,0,0,0,7,Open-Meteo Historical Weather API,ERA5,2026,4,2,17,SPRING,11.814,16.375,1.908,1.672,-7.875,-1.908,-0.481,0.0,0.0,264.35,0,0,0,0,0,0,10.657,13.4,1.678,2.507,2.6,1.5,-1.675,-2.275,2.38,0.0,25.6,23.1,0.0,0.0,0.0,0.0,24.7,2.38,12.079,0.0,1
2026-04-27,US_MTN,"Denver, CO",9.329,0.9,22.9,33.1,4,0.28,0,33.5,69.0,15.7,38.5,0,0,0,7,Open-Meteo Historical Weather API,ERA5,2026,4,2,18,SPRING,13.018,11.05,0.245,-3.689,22.05,0.035,1.995,122.098,1.033,519.67,0,0,0,0,0,0,13.486,10.657,1.672,1.678,8.5,2.6,-7.875,-1.675,0.0,2.38,31.1,25.6,0.0,0.0,0.0,0.0,45.7,2.66,11.718,0.0,1
2026-05-04,US_MTN,"Denver, CO",10.1,-0.4,25.1,19.1,3,12.53,2,37.0,55.0,30.9,54.4,0,2,1,7,Open-Meteo Historical Weather API,ERA5,2026,5,2,19,SPRING,13.507,31.425,0.0,-3.407,-12.325,12.53,-0.392,65.078,42.693,590.19,0,0,0,0,0,0,9.329,13.486,-3.689,1.672,33.1,8.5,22.05,-7.875,0.28,0.0,15.7,31.1,0.0,0.0,122.098,0.0,63.3,15.19,10.893,1.0,1
2026-05-11,US_MTN,"Denver, CO",18.786,8.3,31.5,5.1,2,0.0,0,5.1,17.0,21.3,39.2,0,0,0,7,Open-Meteo Historical Weather API,ERA5,2026,5,2,20,SPRING,15.222,11.325,3.885,3.565,-6.225,-3.885,-0.55,0.0,0.0,108.63,0,0,0,0,0,0,10.1,9.329,-3.407,-3.689,19.1,33.1,-12.325,22.05,12.53,0.28,30.9,15.7,1.0,0.0,65.078,122.098,65.8,12.81,12.925,1.0,1
2026-05-18,US_MTN,"Denver, CO",11.486,2.9,27.7,29.1,5,0.42,0,29.7,81.0,18.9,37.4,0,0,0,7,Open-Meteo Historical Weather API,ERA5,2026,5,2,21,SPRING,15.329,14.825,0.0,-3.843,14.275,0.42,0.963,111.824,1.614,549.99,0,0,0,0,0,0,18.786,10.1,3.565,-3.407,5.1,19.1,-6.225,-12.325,0.0,12.53,21.3,30.9,0.0,1.0,0.0,65.078,86.4,13.23,12.425,1.0,1
2026-05-25,US_MTN,"Denver, CO",18.329,9.1,28.2,10.5,5,0.0,0,10.5,30.0,24.5,48.6,0,0,0,7,Open-Meteo Historical Weather API,ERA5,2026,5,2,22,SPRING,16.432,18.4,0.035,1.897,-7.9,-0.035,-0.429,0.0,0.0,257.25,0,0,0,0,0,0,11.486,18.786,-3.843,3.565,29.1,5.1,14.275,-6.225,0.42,0.0,18.9,21.3,0.0,0.0,111.824,0.0,63.8,12.95,14.675,1.0,1
2026-06-01,US_MTN,"Denver, CO",21.157,11.0,33.7,9.2,3,0.0,0,9.2,20.0,22.4,39.2,0,0,0,7,Open-Meteo Historical Weather API,ERA5,2026,6,2,23,SUMMER,19.396,20.5,0.0,1.761,-11.3,0.0,-0.551,0.0,0.0,206.08,0,0,0,0,0,0,18.329,11.486,1.897,-3.843,10.5,29.1,-7.9,14.275,0.0,0.42,24.5,18.9,0.0,0.0,0.0,111.824,53.9,0.42,17.44,0.0,1
2026-06-08,US_MTN,"Denver, CO",20.529,10.6,32.8,5.0,1,0.0,0,5.0,6.0,21.3,46.8,0,0,0,7,Open-Meteo Historical Weather API,ERA5,2026,6,2,24,SUMMER,21.45,14.725,0.0,-0.921,-9.725,0.0,-0.66,4.606,0.0,106.5,0,0,0,0,0,0,21.157,18.329,1.761,1.897,9.2,10.5,-11.3,-7.9,0.0,0.0,22.4,24.5,0.0,0.0,0.0,0.0,53.8,0.42,17.875,0.0,1
2026-06-15,US_MTN,"Denver, CO",22.614,9.6,35.1,3.3,1,0.0,0,3.3,9.0,28.4,50.0,0,0,0,7,Open-Meteo Historical Weather API,ERA5,2026,6,2,25,SUMMER,21.904,5.175,0.0,0.71,-1.875,0.0,-0.362,0.0,0.0,93.72,0,0,0,0,0,0,20.529,21.157,-0.921,1.761,5.0,9.2,-9.725,-11.3,0.0,0.0,21.3,22.4,0.0,0.0,4.606,0.0,28.0,0.0,20.657,0.0,1
2026-06-22,US_MTN,"Denver, CO",22.371,13.6,35.3,24.0,3,0.0,0,24.0,28.0,23.1,49.7,0,0,0,7,Open-Meteo Historical Weather API,ERA5,2026,6,2,26,SUMMER,22.579,10.35,0.0,-0.208,13.65,0.0,1.319,4.986,0.0,554.4,0,0,0,0,0,0,22.614,20.529,0.71,-0.921,3.3,5.0,-1.875,-9.725,0.0,0.0,28.4,21.3,0.0,0.0,0.0,4.606,41.5,0.0,21.668,0.0,1
2021-07-05,US_NE,"New York, NY",25.214,19.1,33.6,33.2,3,0.0,0,33.2,29.0,25.6,52.2,0,0,0,7,Open-Meteo Historical Weather API,ERA5,2021,7,3,27,SUMMER,,,,,,,,,,849.92,0,0,0,0,0,0,,,,,,,,,,,,,,,,,33.2,0.0,25.214,0.0,0
2021-07-12,US_NE,"New York, NY",25.9,21.1,32.6,39.0,4,0.0,0,39.0,38.0,17.1,35.6,0,0,0,7,Open-Meteo Historical Weather API,ERA5,2021,7,3,28,SUMMER,,,,,,,,,,666.9,0,0,0,0,0,0,25.214,,,,33.2,,,,0.0,,25.6,,0.0,,,,72.2,0.0,25.557,0.0,0
2021-07-19,US_NE,"New York, NY",24.586,19.5,29.2,5.4,2,0.0,0,5.4,18.0,19.6,41.0,0,0,0,7,Open-Meteo Historical Weather API,ERA5,2021,7,3,29,SUMMER,,,,,,,,,,105.84,0,0,0,0,0,0,25.9,25.214,,,39.0,33.2,,,0.0,0.0,17.1,25.6,0.0,0.0,,,77.6,0.0,25.233,0.0,0
2021-07-26,US_NE,"New York, NY",23.971,16.6,31.2,12.6,1,0.0,0,12.6,10.0,21.4,42.1,0,0,0,7,Open-Meteo Historical Weather API,ERA5,2021,7,3,30,SUMMER,,,,,,,,,,269.64,0,0,0,0,0,0,24.586,25.9,,,5.4,39.0,,,0.0,0.0,19.6,17.1,0.0,0.0,,,90.2,0.0,24.918,0.0,0
2021-08-02,US_NE,"New York, NY",23.0,17.4,29.5,1.5,1,0.0,0,1.5,6.0,17.4,37.4,0,0,0,7,Open-Meteo Historical Weather API,ERA5,2021,8,3,31,SUMMER,,,,,,,,,,26.1,0,0,0,0,0,0,23.971,24.586,,,12.6,5.4,,,0.0,0.0,21.4,19.6,0.0,0.0,,,58.5,0.0,24.364,0.0,0
2021-08-09,US_NE,"New York, NY",26.2,20.7,33.2,9.2,3,0.0,0,9.2,18.0,18.4,40.3,0,0,0,7,Open-Meteo Historical Weather API,ERA5,2021,8,3,32,SUMMER,,,,,,,,,,169.28,0,0,0,0,0,0,23.0,23.971,,,1.5,12.6,,,0.0,0.0,17.4,21.4,0.0,0.0,,,28.7,0.0,24.439,0.0,0
2021-08-16,US_NE,"New York, NY",24.957,20.6,29.4,99.5,6,0.0,0,99.5,74.0,21.8,42.1,0,0,0,7,Open-Meteo Historical Weather API,ERA5,2021,8,3,33,SUMMER,,,,,,,,,,2169.1,1,0,0,0,0,0,26.2,23.0,,,9.2,1.5,,,0.0,0.0,18.4,17.4,0.0,0.0,,,122.8,0.0,24.532,0.0,0
2021-08-23,US_NE,"New York, NY",25.614,20.4,32.6,65.1,3,0.0,0,65.1,40.0,20.8,43.9,0,0,0,7,Open-Meteo Historical Weather API,ERA5,2021,8,3,34,SUMMER,,,,,,,,,,1354.08,1,0,0,0,0,0,24.957,26.2,,,99.5,9.2,,,0.0,0.0,21.8,18.4,0.0,0.0,,,175.3,0.0,24.943,0.0,0
2021-08-30,US_NE,"New York, NY",22.257,15.4,30.2,72.8,3,0.0,0,72.8,29.0,30.8,70.9,0,0,0,7,Open-Meteo Historical Weather API,ERA5,2021,8,3,35,SUMMER,,,,,,,,,,2242.24,1,0,0,0,0,0,25.614,24.957,,,65.1,99.5,,,0.0,0.0,20.8,21.8,0.0,0.0,,,246.6,0.0,24.757,0.0,0
2021-09-06,US_NE,"New York, NY",22.214,15.7,27.8,18.5,1,0.0,0,18.5,15.0,22.7,49.3,0,0,0,7,Open-Meteo Historical Weather API,ERA5,2021,9,3,36,FALL,,,,,,,,,,419.95,0,0,0,0,0,0,22.257,25.614,,,72.8,65.1,,,0.0,0.0,30.8,20.8,0.0,0.0,,,255.9,0.0,23.76,0.0,0
2021-09-13,US_NE,"New York, NY",23.243,18.1,29.8,3.6,2,0.0,0,3.6,17.0,18.6,33.8,0,0,0,7,Open-Meteo Historical Weather API,ERA5,2021,9,3,37,FALL,,,,,,,,,,66.96,0,0,0,0,0,0,22.214,22.257,,,18.5,72.8,,,0.0,0.0,22.7,30.8,0.0,0.0,,,160.0,0.0,23.332,0.0,0
2021-09-20,US_NE,"New York, NY",20.8,15.1,26.6,35.5,2,0.0,0,35.5,25.0,27.2,63.7,0,0,0,7,Open-Meteo Historical Weather API,ERA5,2021,9,3,38,FALL,,,,,,,,,,965.6,0,0,0,0,0,0,23.243,22.214,,,3.6,18.5,,,0.0,0.0,18.6,22.7,0.0,0.0,,,130.4,0.0,22.129,0.0,0
2021-09-27,US_NE,"New York, NY",17.9,10.3,26.2,4.1,1,0.0,0,4.1,3.0,20.9,38.5,0,0,0,7,Open-Meteo Historical Weather API,ERA5,2021,9,3,39,FALL,,,,,,,,,,85.69,0,0,0,0,0,0,20.8,23.243,,,35.5,3.6,,,0.0,0.0,27.2,18.6,0.0,0.0,,,61.7,0.0,21.039,0.0,0
2021-10-04,US_NE,"New York, NY",18.4,15.3,22.9,13.4,2,0.0,0,13.4,24.0,20.6,39.2,0,0,0,7,Open-Meteo Historical Weather API,ERA5,2021,10,4,40,FALL,,,,,,,,,,276.04,0,0,0,0,0,0,17.9,20.8,,,4.1,35.5,,,0.0,0.0,20.9,27.2,0.0,0.0,,,56.6,0.0,20.086,0.0,0
2021-10-11,US_NE,"New York, NY",18.514,11.0,24.7,10.9,1,0.0,0,10.9,9.0,23.8,45.0,0,0,0,7,Open-Meteo Historical Weather API,ERA5,2021,10,4,41,FALL,,,,,,,,,,259.42,0,0,0,0,0,0,18.4,17.9,,,13.4,4.1,,,0.0,0.0,20.6,20.9,0.0,0.0,,,63.9,0.0,18.904,0.0,0
2021-10-18,US_NE,"New York, NY",14.957,8.4,23.8,0.6,0,0.0,0,0.6,3.0,25.7,52.2,0,0,0,7,Open-Meteo Historical Weather API,ERA5,2021,10,4,42,FALL,,,,,,,,,,15.42,0,0,0,0,0,0,18.514,18.4,,,10.9,13.4,,,0.0,0.0,23.8,20.6,0.0,0.0,,,29.0,0.0,17.443,0.0,0
2021-10-25,US_NE,"New York, NY",14.571,9.2,21.7,130.0,6,0.0,0,130.0,61.0,32.7,68.4,0,0,0,7,Open-Meteo Historical Weather API,ERA5,2021,10,4,43,FALL,,,,,,,,,,4251.0,1,0,0,0,0,0,14.957,18.514,,,0.6,10.9,,,0.0,0.0,25.7,23.8,0.0,0.0,,,154.9,0.0,16.61,0.0,0
2021-11-01,US_NE,"New York, NY",8.571,2.7,15.7,0.0,0,0.0,0,0.0,0.0,17.1,36.0,0,0,0,7,Open-Meteo Historical Weather API,ERA5,2021,11,4,44,FALL,,,,,,,,,,0.0,0,0,0,0,0,0,14.571,14.957,,,130.0,0.6,,,0.0,0.0,32.7,25.7,0.0,0.0,,,141.5,0.0,14.153,0.0,0
2021-11-08,US_NE,"New York, NY",11.186,3.1,18.3,24.1,2,0.0,0,24.1,18.0,32.1,71.6,0,0,0,7,Open-Meteo Historical Weather API,ERA5,2021,11,4,45,FALL,,,,,,,,,,773.61,0,0,0,0,0,0,8.571,14.571,,,0.0,130.0,,,0.0,0.0,17.1,32.7,0.0,0.0,,,154.7,0.0,12.321,0.0,0
2021-11-15,US_NE,"New York, NY",7.714,1.5,18.8,6.5,2,0.0,0,6.5,10.0,25.4,51.1,0,1,0,7,Open-Meteo Historical Weather API,ERA5,2021,11,4,46,FALL,,,,,,,,,,165.1,0,0,0,0,0,0,11.186,8.571,,,24.1,0.0,,,0.0,0.0,32.1,17.1,0.0,0.0,,,160.6,0.0,10.51,0.0,0
2021-11-22,US_NE,"New York, NY",4.786,-0.6,12.0,6.3,2,0.63,0,7.1,19.0,26.2,49.3,0,4,0,7,Open-Meteo Historical Weather API,ERA5,2021,11,4,47,FALL,,,,,,,,,,165.06,0,0,0,0,0,0,7.714,11.186,,,6.5,24.1,,,0.0,0.0,25.4,32.1,0.0,0.0,,,36.9,0.63,8.064,0.0,0
2021-11-29,US_NE,"New York, NY",5.3,-1.0,12.6,1.0,1,0.0,0,1.0,3.0,22.9,45.0,0,3,0,7,Open-Meteo Historical Weather API,ERA5,2021,11,4,48,FALL,,,,,,,,,,22.9,0,0,0,0,0,0,4.786,7.714,,,6.3,6.5,,,0.63,0.0,26.2,25.4,0.0,0.0,,,37.9,0.63,7.246,0.0,0
2021-12-06,US_NE,"New York, NY",6.414,-0.6,17.6,12.5,2,0.21,0,12.8,26.0,28.6,81.7,0,4,0,7,Open-Meteo Historical Weather API,ERA5,2021,12,4,49,WINTER,,,,,,,,,,357.5,0,0,0,0,0,0,5.3,4.786,,,1.0,6.3,,,0.0,0.63,22.9,26.2,0.0,0.0,,,26.3,0.84,6.054,0.0,0
2021-12-13,US_NE,"New York, NY",7.771,-0.8,15.1,5.1,2,0.0,0,5.1,15.0,22.1,43.9,0,1,1,7,Open-Meteo Historical Weather API,ERA5,2021,12,4,50,WINTER,,,,,,,,,,112.71,0,0,0,0,0,0,6.414,5.3,,,12.5,1.0,,,0.21,0.0,28.6,22.9,0.0,0.0,,,24.9,0.84,6.068,1.0,0
2021-12-20,US_NE,"New York, NY",2.986,-4.2,9.5,13.9,2,0.84,0,14.9,25.0,23.3,49.3,0,5,1,7,Open-Meteo Historical Weather API,ERA5,2021,12,4,51,WINTER,,,,,,,,,,323.87,0,0,0,0,0,0,7.771,6.414,,,5.1,12.5,,,0.0,0.21,22.1,28.6,1.0,0.0,,,32.5,1.05,5.618,2.0,0
2021-12-27,US_NE,"New York, NY",6.971,0.9,13.0,36.2,5,0.0,0,36.2,46.0,19.4,36.0,0,2,1,7,Open-Meteo Historical Weather API,ERA5,2021,12,4,52,WINTER,,,,,,,,,,702.28,0,0,0,0,0,0,2.986,7.771,,,13.9,5.1,,,0.84,0.0,23.3,22.1,1.0,1.0,,,67.7,1.05,6.036,3.0,0
2022-01-03,US_NE,"New York, NY",-0.643,-7.7,6.5,6.3,2,8.33,2,18.2,37.0,25.8,45.7,0,7,2,7,Open-Meteo Historical Weather API,ERA5,2022,1,1,1,WINTER,,,,,,,,,,162.54,0,0,1,0,1,0,6.971,2.986,,,36.2,13.9,,,0.0,0.84,19.4,23.3,1.0,1.0,,,61.5,9.17,4.271,5.0,0
2022-01-10,US_NE,"New York, NY",-3.071,-13.6,6.6,2.2,1,0.56,0,3.0,5.0,25.5,49.7,0,7,1,7,Open-Meteo Historical Weather API,ERA5,2022,1,1,2,WINTER,,,,,,,,,,56.1,0,0,1,0,0,0,-0.643,6.971,,,6.3,36.2,,,8.33,0.0,25.8,19.4,2.0,1.0,,,58.6,9.73,1.561,5.0,0
2022-01-17,US_NE,"New York, NY",-1.214,-11.2,7.9,33.7,2,2.24,1,36.9,24.0,38.0,71.3,0,7,2,7,Open-Meteo Historical Weather API,ERA5,2022,1,1,3,WINTER,,,,,,,,,,1280.6,0,0,1,0,1,0,-3.071,-0.643,,,2.2,6.3,,,0.56,8.33,25.5,25.8,1.0,2.0,,,78.4,11.13,0.511,6.0,0
2022-01-24,US_NE,"New York, NY",-3.7,-11.8,4.6,0.0,0,14.77,2,21.1,39.0,31.2,52.6,0,7,0,7,Open-Meteo Historical Weather API,ERA5,2022,1,1,4,WINTER,,,,,,,,,,0.0,0,0,1,0,0,0,-1.214,-3.071,,,33.7,2.2,,,2.24,0.56,38.0,25.5,2.0,1.0,,,42.2,25.9,-2.157,5.0,0
2022-01-31,US_NE,"New York, NY",-1.657,-15.0,10.9,32.7,2,0.0,0,32.7,40.0,24.5,58.0,0,7,2,7,Open-Meteo Historical Weather API,ERA5,2022,1,1,5,WINTER,,,,,,,,,,801.15,0,0,1,0,1,0,-3.7,-1.214,,,0.0,33.7,,,14.77,2.24,31.2,38.0,0.0,2.0,,,68.6,17.57,-2.41,5.0,0
2022-02-07,US_NE,"New York, NY",3.086,-4.2,14.1,5.3,2,2.8,1,9.3,40.0,21.6,41.0,0,6,2,7,Open-Meteo Historical Weather API,ERA5,2022,2,1,6,WINTER,,,,,,,,,,114.48,0,0,0,0,1,0,-1.657,-3.7,,,32.7,0.0,,,0.0,14.77,24.5,31.2,2.0,0.0,,,71.7,19.81,-0.871,6.0,0
2022-02-14,US_NE,"New York, NY",0.543,-9.4,16.8,12.3,2,0.0,0,12.3,13.0,37.6,79.6,0,5,0,7,Open-Meteo Historical Weather API,ERA5,2022,2,1,7,WINTER,,,,,,,,,,462.48,0,0,0,0,0,0,3.086,-1.657,,,5.3,32.7,,,2.8,0.0,21.6,24.5,2.0,2.0,,,50.3,17.57,-0.432,4.0,0
2022-02-21,US_NE,"New York, NY",3.786,-3.9,17.7,31.8,2,0.7,0,32.8,27.0,31.8,56.9,0,5,1,7,Open-Meteo Historical Weather API,ERA5,2022,2,1,8,WINTER,,,,,,,,,,1011.24,0,0,0,0,0,0,0.543,3.086,,,12.3,5.3,,,0.0,2.8,37.6,21.6,0.0,2.0,,,82.1,3.5,1.44,5.0,0
2022-02-28,US_NE,"New York, NY",3.657,-5.7,17.1,7.7,2,0.0,0,7.7,14.0,23.7,59.4,0,5,1,7,Open-Meteo Historical Weather API,ERA5,2022,2,1,9,WINTER,,,,,,,,,,182.49,0,0,0,0,0,0,3.786,0.543,,,31.8,12.3,,,0.7,0.0,31.8,37.6,1.0,0.0,,,57.1,3.5,2.768,4.0,0
2022-03-07,US_NE,"New York, NY",5.186,-4.6,21.3,17.2,3,11.9,2,34.2,40.0,35.1,78.5,0,4,2,7,Open-Meteo Historical Weather API,ERA5,2022,3,1,10,SPRING,,,,,,,,,,603.72,0,0,0,0,1,0,3.657,3.786,,,7.7,31.8,,,0.0,0.7,23.7,31.8,1.0,1.0,,,69.0,12.6,3.293,4.0,0
2022-03-14,US_NE,"New York, NY",10.629,0.3,17.3,6.8,2,0.0,0,6.8,13.0,23.2,44.3,0,0,0,7,Open-Meteo Historical Weather API,ERA5,2022,3,1,11,SPRING,,,,,,,,,,157.76,0,0,0,0,0,0,5.186,3.657,,,17.2,7.7,,,11.9,0.0,35.1,23.7,2.0,1.0,,,63.5,12.6,5.815,4.0,0
2022-03-21,US_NE,"New York, NY",8.1,0.6,16.0,30.1,4,0.21,0,30.4,39.0,27.2,52.6,0,1,0,7,Open-Meteo Historical Weather API,ERA5,2022,3,1,12,SPRING,,,,,,,,,,818.72,0,0,0,0,0,0,10.629,5.186,,,6.8,17.2,,,0.0,11.9,23.2,35.1,0.0,2.0,,,61.8,12.11,6.893,3.0,0
2022-03-28,US_NE,"New York, NY",5.529,-3.5,17.4,24.3,3,0.0,0,24.3,30.0,30.7,74.2,0,3,0,7,Open-Meteo Historical Weather API,ERA5,2022,3,1,13,SPRING,,,,,,,,,,746.01,0,0,0,0,0,0,8.1,10.629,,,30.1,6.8,,,0.21,0.0,27.2,23.2,0.0,0.0,,,78.4,12.11,7.361,2.0,0
2022-04-04,US_NE,"New York, NY",9.386,4.8,15.7,56.4,4,0.0,0,56.4,45.0,27.5,56.5,0,0,0,7,Open-Meteo Historical Weather API,ERA5,2022,4,2,14,SPRING,,,,,,,,,,1551.0,1,0,0,0,0,0,5.529,8.1,,,24.3,30.1,,,0.0,0.21,30.7,27.2,0.0,0.0,,,117.6,0.21,8.411,0.0,0
2022-04-11,US_NE,"New York, NY",13.429,4.7,23.7,7.3,3,0.0,0,7.3,15.0,27.0,54.0,0,0,0,7,Open-Meteo Historical Weather API,ERA5,2022,4,2,15,SPRING,,,,,,,,,,197.1,0,0,0,0,0,0,9.386,5.529,,,56.4,24.3,,,0.0,0.0,27.5,30.7,0.0,0.0,,,118.1,0.21,9.111,0.0,0
2022-04-18,US_NE,"New York, NY",10.771,4.5,19.2,35.1,2,0.0,0,35.1,18.0,32.8,64.4,0,0,0,7,Open-Meteo Historical Weather API,ERA5,2022,4,2,16,SPRING,,,,,,,,,,1151.28,0,0,0,0,0,0,13.429,9.386,,,7.3,56.4,,,0.0,0.0,27.0,27.5,0.0,0.0,,,123.1,0.0,9.779,0.0,0
2022-04-25,US_NE,"New York, NY",11.471,5.4,17.8,2.8,1,0.0,0,2.8,12.0,29.3,55.8,0,0,0,7,Open-Meteo Historical Weather API,ERA5,2022,4,2,17,SPRING,,,,,,,,,,82.04,0,0,0,0,0,0,10.771,13.429,,,35.1,7.3,,,0.0,0.0,32.8,27.0,0.0,0.0,,,101.6,0.0,11.264,0.0,0
2022-05-02,US_NE,"New York, NY",12.743,7.8,21.0,58.9,5,0.0,0,58.9,81.0,26.7,53.6,0,0,0,7,Open-Meteo Historical Weather API,ERA5,2022,5,2,18,SPRING,,,,,,,,,,1572.63,1,0,0,0,0,0,11.471,10.771,,,2.8,35.1,,,0.0,0.0,29.3,32.8,0.0,0.0,,,104.1,0.0,12.104,0.0,0
2022-05-09,US_NE,"New York, NY",16.729,8.1,22.6,10.3,2,0.0,0,10.3,21.0,22.6,46.4,0,0,0,7,Open-Meteo Historical Weather API,ERA5,2022,5,2,19,SPRING,,,,,,,,,,232.78,0,0,0,0,0,0,12.743,11.471,,,58.9,2.8,,,0.0,0.0,26.7,29.3,0.0,0.0,,,107.1,0.0,12.928,0.0,0
2022-05-16,US_NE,"New York, NY",19.386,13.0,29.3,26.2,3,0.0,0,26.2,25.0,27.2,46.8,0,0,0,7,Open-Meteo Historical Weather API,ERA5,2022,5,2,20,SPRING,,,,,,,,,,712.64,0,0,0,0,0,0,16.729,12.743,,,10.3,58.9,,,0.0,0.0,22.6,26.7,0.0,0.0,,,98.2,0.0,15.082,0.0,0
2022-05-23,US_NE,"New York, NY",18.943,12.6,24.6,18.9,2,0.0,0,18.9,24.0,21.1,44.6,0,0,0,7,Open-Meteo Historical Weather API,ERA5,2022,5,2,21,SPRING,,,,,,,,,,398.79,0,0,0,0,0,0,19.386,16.729,,,26.2,10.3,,,0.0,0.0,27.2,22.6,0.0,0.0,,,114.3,0.0,16.95,0.0,0
2022-05-30,US_NE,"New York, NY",21.957,15.8,32.2,11.2,2,0.0,0,11.2,23.0,15.7,31.7,0,0,0,7,Open-Meteo Historical Weather API,ERA5,2022,5,2,22,SPRING,,,,,,,,,,175.84,0,0,0,0,0,0,18.943,19.386,,,18.9,26.2,,,0.0,0.0,21.1,27.2,0.0,0.0,,,66.6,0.0,19.254,0.0,0
2022-06-06,US_NE,"New York, NY",21.986,16.4,27.3,27.2,3,0.0,0,27.2,37.0,25.4,50.0,0,0,0,7,Open-Meteo Historical Weather API,ERA5,2022,6,2,23,SUMMER,,,,,,,,,,690.88,0,0,0,0,0,0,21.957,18.943,,,11.2,18.9,,,0.0,0.0,15.7,21.1,0.0,0.0,,,83.5,0.0,20.568,0.0,0
2022-06-13,US_NE,"New York, NY",22.071,14.2,30.9,2.8,2,0.0,0,2.8,11.0,27.3,53.3,0,0,0,7,Open-Meteo Historical Weather API,ERA5,2022,6,2,24,SUMMER,,,,,,,,,,76.44,0,0,0,0,0,0,21.986,21.957,,,27.2,11.2,,,0.0,0.0,25.4,15.7,0.0,0.0,,,60.1,0.0,21.239,0.0,0
2022-06-20,US_NE,"New York, NY",22.0,14.3,32.3,3.1,1,0.0,0,3.1,19.0,18.9,35.3,0,0,0,7,Open-Meteo Historical Weather API,ERA5,2022,6,2,25,SUMMER,,,,,,,,,,58.59,0,0,0,0,0,0,22.071,21.986,,,2.8,27.2,,,0.0,0.0,27.3,25.4,0.0,0.0,,,44.3,0.0,22.004,0.0,0
2022-06-27,US_NE,"New York, NY",25.057,18.5,32.5,14.1,2,0.0,0,14.1,14.0,19.8,41.0,0,0,0,7,Open-Meteo Historical Weather API,ERA5,2022,6,2,26,SUMMER,,,,,,,,,,279.18,0,0,0,0,0,0,22.0,22.071,,,3.1,2.8,,,0.0,0.0,18.9,27.3,0.0,0.0,,,47.2,0.0,22.778,0.0,0
2022-07-04,US_NE,"New York, NY",24.643,19.3,29.4,5.0,1,0.0,0,5.0,21.0,21.0,42.1,0,0,0,7,Open-Meteo Historical Weather API,ERA5,2022,7,3,27,SUMMER,25.214,33.2,0.0,-0.571,-28.2,0.0,-0.849,2.855,0.0,105.0,0,0,0,0,0,0,25.057,22.0,,,14.1,3.1,,,0.0,0.0,19.8,18.9,0.0,0.0,,,25.0,0.0,23.443,0.0,1
2022-07-11,US_NE,"New York, NY",25.6,19.1,31.6,11.5,2,0.0,0,11.5,24.0,21.9,43.2,0,0,0,7,Open-Meteo Historical Weather API,ERA5,2022,7,3,28,SUMMER,25.9,39.0,0.0,-0.3,-27.5,0.0,-0.705,3.45,0.0,251.85,0,0,0,0,0,0,24.643,25.057,-0.571,,5.0,14.1,-28.2,,0.0,0.0,21.0,19.8,0.0,0.0,2.855,,33.7,0.0,24.325,0.0,1
2022-07-18,US_NE,"New York, NY",28.9,23.2,34.6,16.4,2,0.0,0,16.4,15.0,18.9,41.0,0,0,0,7,Open-Meteo Historical Weather API,ERA5,2022,7,3,29,SUMMER,24.586,5.4,0.0,4.314,11.0,0.0,2.037,0.0,0.0,309.96,0,0,0,0,0,0,25.6,24.643,-0.3,-0.571,11.5,5.0,-27.5,-28.2,0.0,0.0,21.9,21.0,0.0,0.0,3.45,2.855,47.0,0.0,26.05,0.0,1
2022-07-25,US_NE,"New York, NY",26.343,21.4,31.1,7.8,2,0.0,0,7.8,7.0,20.4,54.7,0,0,0,7,Open-Meteo Historical Weather API,ERA5,2022,7,3,30,SUMMER,23.971,12.6,0.0,2.372,-4.8,0.0,-0.381,0.0,0.0,159.12,0,0,0,0,0,0,28.9,25.6,4.314,-0.3,16.4,11.5,11.0,-27.5,0.0,0.0,18.9,21.9,0.0,0.0,0.0,3.45,40.7,0.0,26.371,0.0,1
2022-08-01,US_NE,"New York, NY",27.086,20.5,32.8,13.7,2,0.0,0,13.7,17.0,21.3,45.0,0,0,0,7,Open-Meteo Historical Weather API,ERA5,2022,8,3,31,SUMMER,23.0,1.5,0.0,4.086,12.2,0.0,8.133,0.0,0.0,291.81,0,0,0,0,0,0,26.343,28.9,2.372,4.314,7.8,16.4,-4.8,11.0,0.0,0.0,20.4,18.9,0.0,0.0,0.0,0.0,49.4,0.0,26.982,0.0,1
2022-08-08,US_NE,"New York, NY",26.257,18.1,35.4,1.2,0,0.0,0,1.2,11.0,18.9,38.9,0,0,0,7,Open-Meteo Historical Weather API,ERA5,2022,8,3,32,SUMMER,26.2,9.2,0.0,0.057,-8.0,0.0,-0.87,0.0,0.0,22.68,0,0,0,0,0,0,27.086,26.343,4.086,2.372,13.7,7.8,12.2,-4.8,0.0,0.0,21.3,20.4,0.0,0.0,0.0,0.0,39.1,0.0,27.146,0.0,1
2022-08-15,US_NE,"New York, NY",24.043,18.8,30.5,1.6,1,0.0,0,1.6,3.0,17.2,35.6,0,0,0,7,Open-Meteo Historical Weather API,ERA5,2022,8,3,33,SUMMER,24.957,99.5,0.0,-0.914,-97.9,0.0,-0.984,1.462,0.0,27.52,0,0,0,0,0,0,26.257,27.086,0.057,4.086,1.2,13.7,-8.0,12.2,0.0,0.0,18.9,21.3,0.0,0.0,0.0,0.0,24.3,0.0,25.932,0.0,1
2022-08-22,US_NE,"New York, NY",25.586,21.6,31.3,28.9,4,0.0,0,28.9,51.0,16.0,36.0,0,0,0,7,Open-Meteo Historical Weather API,ERA5,2022,8,3,34,SUMMER,25.614,65.1,0.0,-0.028,-36.2,0.0,-0.556,0.809,0.0,462.4,0,0,0,0,0,0,24.043,26.257,-0.914,0.057,1.6,1.2,-97.9,-8.0,0.0,0.0,17.2,18.9,0.0,0.0,1.462,0.0,45.4,0.0,25.743,0.0,1
2022-08-29,US_NE,"New York, NY",24.143,16.1,30.3,5.9,2,0.0,0,5.9,14.0,20.6,36.4,0,0,0,7,Open-Meteo Historical Weather API,ERA5,2022,8,3,35,SUMMER,22.257,72.8,0.0,1.886,-66.9,0.0,-0.919,0.0,0.0,121.54,0,0,0,0,0,0,25.586,24.043,-0.028,-0.914,28.9,1.6,-36.2,-97.9,0.0,0.0,16.0,17.2,0.0,0.0,0.809,1.462,37.6,0.0,25.007,0.0,1
2022-09-05,US_NE,"New York, NY",22.071,17.3,28.9,43.1,4,0.0,0,43.1,67.0,17.5,38.2,0,0,0,7,Open-Meteo Historical Weather API,ERA5,2022,9,3,36,FALL,22.214,18.5,0.0,-0.143,24.6,0.0,1.33,6.163,0.0,754.25,0,0,0,0,0,0,24.143,25.586,1.886,-0.028,5.9,28.9,-66.9,-36.2,0.0,0.0,20.6,16.0,0.0,0.0,0.0,0.809,79.5,0.0,23.961,0.0,1
2022-09-12,US_NE,"New York, NY",21.557,13.2,28.0,29.3,2,0.0,0,29.3,23.0,17.7,35.6,0,0,0,7,Open-Meteo Historical Weather API,ERA5,2022,9,3,37,FALL,23.243,3.6,0.0,-1.686,25.7,0.0,7.139,49.4,0.0,518.61,0,0,0,0,0,0,22.071,24.143,-0.143,1.886,43.1,5.9,24.6,-66.9,0.0,0.0,17.5,20.6,0.0,0.0,6.163,0.0,107.2,0.0,23.339,0.0,1
2022-09-19,US_NE,"New York, NY",19.043,10.0,27.9,15.4,2,0.0,0,15.4,15.0,26.5,51.5,0,0,0,7,Open-Meteo Historical Weather API,ERA5,2022,9,3,38,FALL,20.8,35.5,0.0,-1.757,-20.1,0.0,-0.566,27.058,0.0,408.1,0,0,0,0,0,0,21.557,22.071,-1.686,-0.143,29.3,43.1,25.7,24.6,0.0,0.0,17.7,17.5,0.0,0.0,49.4,6.163,93.7,0.0,21.704,0.0,1
2022-09-26,US_NE,"New York, NY",15.614,10.9,22.5,36.3,2,0.0,0,36.3,38.0,28.0,51.5,0,0,0,7,Open-Meteo Historical Weather API,ERA5,2022,9,3,39,FALL,17.9,4.1,0.0,-2.286,32.2,0.0,7.854,82.982,0.0,1016.4,0,0,0,0,0,0,19.043,21.557,-1.757,-1.686,15.4,29.3,-20.1,25.7,0.0,0.0,26.5,17.7,0.0,0.0,27.058,49.4,124.1,0.0,19.571,0.0,1
2022-10-03,US_NE,"New York, NY",13.2,6.0,23.8,58.3,3,0.0,0,58.3,65.0,24.7,49.7,0,0,0,7,Open-Meteo Historical Weather API,ERA5,2022,10,4,40,FALL,18.4,13.4,0.0,-5.2,44.9,0.0,3.351,303.16,0.0,1440.01,1,0,0,0,0,0,15.614,19.043,-2.286,-1.757,36.3,15.4,32.2,-20.1,0.0,0.0,28.0,26.5,0.0,0.0,82.982,27.058,139.3,0.0,17.354,0.0,1
2022-10-10,US_NE,"New York, NY",14.843,8.7,20.3,17.3,2,0.0,0,17.3,19.0,21.3,38.2,0,0,0,7,Open-Meteo Historical Weather API,ERA5,2022,10,4,41,FALL,18.514,10.9,0.0,-3.671,6.4,0.0,0.587,63.508,0.0,368.49,0,0,0,0,0,0,13.2,15.614,-5.2,-2.286,58.3,36.3,44.9,32.2,0.0,0.0,24.7,28.0,0.0,0.0,303.16,82.982,127.3,0.0,15.675,0.0,1
2022-10-17,US_NE,"New York, NY",11.657,4.8,18.6,4.3,2,0.0,0,4.3,16.0,21.5,43.6,0,0,0,7,Open-Meteo Historical Weather API,ERA5,2022,10,4,42,FALL,14.957,0.6,0.0,-3.3,3.7,0.0,3.7,14.19,0.0,92.45,0,0,0,0,0,0,14.843,13.2,-3.671,-5.2,17.3,58.3,6.4,44.9,0.0,0.0,21.3,24.7,0.0,0.0,63.508,303.16,116.2,0.0,13.828,0.0,1
2022-10-24,US_NE,"New York, NY",13.829,5.3,20.8,12.8,2,0.0,0,12.8,31.0,19.8,38.2,0,0,0,7,Open-Meteo Historical Weather API,ERA5,2022,10,4,43,FALL,14.571,130.0,0.0,-0.742,-117.2,0.0,-0.902,9.498,0.0,253.44,0,0,0,0,0,0,11.657,14.843,-3.3,-3.671,4.3,17.3,3.7,6.4,0.0,0.0,21.5,21.3,0.0,0.0,14.19,63.508,92.7,0.0,13.382,0.0,1
2022-10-31,US_NE,"New York, NY",15.843,8.0,23.4,17.9,2,0.0,0,17.9,20.0,17.4,31.3,0,0,0,7,Open-Meteo Historical Weather API,ERA5,2022,10,4,44,FALL,8.571,0.0,0.0,7.272,17.9,0.0,17.9,0.0,0.0,311.46,0,0,0,0,0,0,13.829,11.657,-0.742,-3.3,12.8,4.3,-117.2,3.7,0.0,0.0,19.8,21.5,0.0,0.0,9.498,14.19,52.3,0.0,14.043,0.0,1
2022-11-07,US_NE,"New York, NY",14.171,3.9,24.1,20.7,3,0.0,0,20.7,32.0,26.5,50.8,0,0,0,7,Open-Meteo Historical Weather API,ERA5,2022,11,4,45,FALL,11.186,24.1,0.0,2.985,-3.4,0.0,-0.141,0.0,0.0,548.55,0,0,0,0,0,0,15.843,13.829,7.272,-0.742,17.9,12.8,17.9,-117.2,0.0,0.0,17.4,19.8,0.0,0.0,0.0,9.498,55.7,0.0,13.875,0.0,1
2022-11-14,US_NE,"New York, NY",4.414,-0.9,10.1,16.0,2,0.0,0,16.0,20.0,28.4,56.5,0,4,1,7,Open-Meteo Historical Weather API,ERA5,2022,11,4,46,FALL,7.714,6.5,0.0,-3.3,9.5,0.0,1.462,52.8,0.0,454.4,0,0,0,0,0,0,14.171,15.843,2.985,7.272,20.7,17.9,-3.4,17.9,0.0,0.0,26.5,17.4,0.0,0.0,0.0,0.0,67.4,0.0,12.064,1.0,1
2022-11-21,US_NE,"New York, NY",6.2,-3.2,13.4,14.1,2,0.0,0,14.1,14.0,24.3,47.9,0,1,0,7,Open-Meteo Historical Weather API,ERA5,2022,11,4,47,FALL,4.786,6.3,0.63,1.414,7.8,-0.63,1.238,0.0,0.0,342.63,0,0,0,0,0,0,4.414,14.171,-3.3,2.985,16.0,20.7,9.5,-3.4,0.0,0.0,28.4,26.5,1.0,0.0,52.8,0.0,68.7,0.0,10.157,1.0,1
2022-11-28,US_NE,"New York, NY",6.429,-1.5,14.0,26.4,2,0.0,0,26.4,21.0,31.9,72.0,0,4,0,7,Open-Meteo Historical Weather API,ERA5,2022,11,4,48,FALL,5.3,1.0,0.0,1.129,25.4,0.0,25.4,0.0,0.0,842.16,0,0,0,0,0,0,6.2,4.414,1.414,-3.3,14.1,16.0,7.8,9.5,0.0,0.0,24.3,28.4,0.0,1.0,0.0,52.8,77.2,0.0,7.804,1.0,1
2022-12-05,US_NE,"New York, NY",6.329,-1.7,14.7,27.1,3,0.0,0,27.1,33.0,16.0,36.7,0,4,1,7,Open-Meteo Historical Weather API,ERA5,2022,12,4,49,WINTER,6.414,12.5,0.21,-0.085,14.6,-0.21,1.168,2.303,0.0,433.6,0,0,0,0,0,0,6.429,6.2,1.129,1.414,26.4,14.1,25.4,7.8,0.0,0.0,31.9,24.3,0.0,0.0,0.0,0.0,83.6,0.0,5.843,2.0,1
2022-12-12,US_NE,"New York, NY",2.729,-2.9,6.9,28.3,2,0.49,0,29.0,42.0,32.2,62.6,0,6,1,7,Open-Meteo Historical Weather API,ERA5,2022,12,4,50,WINTER,7.771,5.1,0.0,-5.042,23.2,0.49,4.549,142.689,2.471,911.26,0,0,0,0,0,0,6.329,6.429,-0.085,1.129,27.1,26.4,14.6,25.4,0.0,0.0,16.0,31.9,1.0,0.0,2.303,0.0,95.9,0.49,5.422,2.0,1
2022-12-19,US_NE,"New York, NY",-0.957,-12.7,12.8,29.3,2,0.21,0,29.6,28.0,35.2,83.9,0,7,2,7,Open-Meteo Historical Weather API,ERA5,2022,12,4,51,WINTER,2.986,13.9,0.84,-3.943,15.4,-0.63,1.108,115.53,0.828,1031.36,0,0,1,0,1,0,2.729,6.329,-5.042,-0.085,28.3,27.1,23.2,14.6,0.49,0.0,32.2,16.0,1.0,1.0,142.689,2.303,111.1,0.7,3.632,4.0,1
2022-12-26,US_NE,"New York, NY",2.943,-8.2,12.3,7.1,1,0.0,0,7.1,12.0,15.6,29.9,0,4,0,7,Open-Meteo Historical Weather API,ERA5,2022,12,4,52,WINTER,6.971,36.2,0.0,-4.028,-29.1,0.0,-0.804,28.599,0.0,110.76,0,0,0,0,0,0,-0.957,2.729,-3.943,-5.042,29.3,28.3,15.4,23.2,0.21,0.49,35.2,32.2,2.0,1.0,115.53,142.689,91.8,0.7,2.761,4.0,1
2023-01-02,US_NE,"New York, NY",7.214,-0.3,16.9,22.6,3,0.0,0,22.6,38.0,13.5,32.4,0,2,0,7,Open-Meteo Historical Weather API,ERA5,2023,1,1,1,WINTER,-0.643,6.3,8.33,7.857,16.3,-8.33,2.587,0.0,0.0,305.1,0,0,0,0,0,0,2.943,-0.957,-4.028,-3.943,7.1,29.3,-29.1,15.4,0.0,0.21,15.6,35.2,0.0,2.0,28.599,115.53,87.3,0.7,2.982,3.0,1
2023-01-09,US_NE,"New York, NY",3.729,-0.8,12.1,16.9,3,0.0,0,16.9,31.0,24.5,65.5,0,5,1,7,Open-Meteo Historical Weather API,ERA5,2023,1,1,2,WINTER,-3.071,2.2,0.56,6.8,14.7,-0.56,6.682,0.0,0.0,414.05,0,0,0,0,0,0,7.214,2.943,7.857,-4.028,22.6,7.1,16.3,-29.1,0.0,0.0,13.5,15.6,0.0,0.0,0.0,28.599,75.9,0.21,3.232,3.0,1
2023-01-16,US_NE,"New York, NY",4.286,-1.8,10.6,24.4,2,0.0,0,24.4,24.0,24.4,46.4,0,5,2,7,Open-Meteo Historical Weather API,ERA5,2023,1,1,3,WINTER,-1.214,33.7,2.24,5.5,-9.3,-2.24,-0.276,0.0,0.0,595.36,0,0,0,0,1,0,3.729,7.214,6.8,7.857,16.9,22.6,14.7,16.3,0.0,0.0,24.5,13.5,1.0,0.0,0.0,0.0,71.0,0.0,4.543,3.0,1
2023-01-23,US_NE,"New York, NY",4.5,0.1,10.7,29.5,3,0.84,0,30.7,40.0,28.8,75.6,0,4,2,7,Open-Meteo Historical Weather API,ERA5,2023,1,1,4,WINTER,-3.7,0.0,14.77,8.2,29.5,-13.93,29.5,0.0,0.0,849.6,0,0,0,0,1,0,4.286,3.729,5.5,6.8,24.4,16.9,-9.3,14.7,0.0,0.0,24.4,24.5,2.0,1.0,0.0,0.0,93.4,0.84,4.932,5.0,1
2023-01-30,US_NE,"New York, NY",-0.271,-14.3,9.7,1.5,1,0.21,0,1.8,7.0,32.9,64.4,0,6,1,7,Open-Meteo Historical Weather API,ERA5,2023,1,1,5,WINTER,-1.657,32.7,0.0,1.386,-31.2,0.21,-0.954,0.0,0.0,49.35,0,0,1,0,0,0,4.5,4.286,8.2,5.5,29.5,24.4,29.5,-9.3,0.84,0.0,28.8,24.4,2.0,2.0,0.0,0.0,72.3,1.05,3.061,6.0,1
2023-02-06,US_NE,"New York, NY",4.671,-4.6,13.1,0.9,0,0.0,0,0.9,4.0,22.4,44.6,0,5,0,7,Open-Meteo Historical Weather API,ERA5,2023,2,1,6,WINTER,3.086,5.3,2.8,1.585,-4.4,-2.8,-0.83,0.0,0.0,20.16,0,0,0,0,0,0,-0.271,4.5,1.386,8.2,1.5,29.5,-31.2,29.5,0.21,0.84,32.9,28.8,1.0,2.0,0.0,0.0,56.3,1.05,3.296,5.0,1
2023-02-13,US_NE,"New York, NY",7.4,-2.1,17.3,12.9,3,0.0,0,12.9,27.0,24.8,50.4,0,2,0,7,Open-Meteo Historical Weather API,ERA5,2023,2,1,7,WINTER,0.543,12.3,0.0,6.857,0.6,0.0,0.049,0.0,0.0,319.92,0,0,0,0,0,0,4.671,-0.271,1.585,1.386,0.9,1.5,-4.4,-31.2,0.0,0.21,22.4,32.9,0.0,1.0,0.0,0.0,44.8,1.05,4.075,3.0,1
2023-02-20,US_NE,"New York, NY",3.371,-4.6,13.8,11.4,3,0.56,0,12.2,31.0,27.5,58.7,0,5,2,7,Open-Meteo Historical Weather API,ERA5,2023,2,1,8,WINTER,3.786,31.8,0.7,-0.415,-20.4,-0.14,-0.642,4.731,0.232,313.5,0,0,0,0,1,0,7.4,4.671,6.857,1.585,12.9,0.9,0.6,-4.4,0.0,0.0,24.8,22.4,0.0,0.0,0.0,0.0,26.7,0.77,3.793,3.0,1
2023-02-27,US_NE,"New York, NY",4.357,-0.9,11.0,32.7,4,9.17,2,45.8,44.0,32.8,76.7,0,4,2,7,Open-Meteo Historical Weather API,ERA5,2023,2,1,9,WINTER,3.657,7.7,0.0,0.7,25.0,9.17,3.247,0.0,0.0,1072.56,0,0,0,0,1,0,3.371,7.4,-0.415,6.857,11.4,12.9,-20.4,0.6,0.56,0.0,27.5,24.8,2.0,0.0,4.731,0.0,57.9,9.73,4.95,4.0,1
2023-03-06,US_NE,"New York, NY",4.629,0.1,10.5,15.8,2,1.68,1,18.2,29.0,31.2,58.7,0,6,2,7,Open-Meteo Historical Weather API,ERA5,2023,3,1,10,SPRING,5.186,17.2,11.9,-0.557,-1.4,-10.22,-0.081,8.801,0.936,492.96,0,0,0,0,1,0,4.357,3.371,0.7,-0.415,32.7,11.4,25.0,-20.4,9.17,0.56,32.8,27.5,2.0,2.0,0.0,4.731,72.8,11.41,4.939,6.0,1
2023-03-13,US_NE,"New York, NY",5.343,-0.8,12.7,17.6,3,3.29,1,22.3,48.0,37.7,75.2,0,3,1,7,Open-Meteo Historical Weather API,ERA5,2023,3,1,11,SPRING,10.629,6.8,0.0,-5.286,10.8,3.29,1.588,93.034,17.391,663.52,0,0,0,0,0,0,4.629,4.357,-0.557,0.7,15.8,32.7,-1.4,25.0,1.68,9.17,31.2,32.8,2.0,2.0,8.801,0.0,77.5,14.7,4.425,7.0,1
2023-03-20,US_NE,"New York, NY",8.171,-1.5,15.6,14.0,3,0.0,0,14.0,25.0,26.0,49.0,0,1,0,7,Open-Meteo Historical Weather API,ERA5,2023,3,1,12,SPRING,8.1,30.1,0.21,0.071,-16.1,-0.21,-0.535,0.0,0.0,364.0,0,0,0,0,0,0,5.343,4.629,-5.286,-0.557,17.6,15.8,10.8,-1.4,3.29,1.68,37.7,31.2,1.0,2.0,93.034,8.801,80.1,14.14,5.625,5.0,1
2023-03-27,US_NE,"New York, NY",8.014,0.1,17.8,12.1,2,0.0,0,12.1,24.0,29.9,63.4,0,1,0,7,Open-Meteo Historical Weather API,ERA5,2023,3,1,13,SPRING,5.529,24.3,0.0,2.485,-12.2,0.0,-0.502,0.0,0.0,361.79,0,0,0,0,0,0,8.171,5.343,0.071,-5.286,14.0,17.6,-16.1,10.8,0.0,3.29,26.0,37.7,0.0,1.0,0.0,93.034,59.5,4.97,6.539,3.0,1
2023-04-03,US_NE,"New York, NY",10.543,2.7,24.4,2.7,1,0.0,0,2.7,10.0,21.6,39.6,0,0,0,7,Open-Meteo Historical Weather API,ERA5,2023,4,2,14,SPRING,9.386,56.4,0.0,1.157,-53.7,0.0,-0.952,0.0,0.0,58.32,0,0,0,0,0,0,8.014,8.171,2.485,0.071,12.1,14.0,-12.2,-16.1,0.0,0.0,29.9,26.0,0.0,0.0,0.0,0.0,46.4,3.29,8.018,1.0,1
2023-04-10,US_NE,"New York, NY",17.714,4.4,28.0,1.2,1,0.0,0,1.2,4.0,21.0,37.8,0,0,0,7,Open-Meteo Historical Weather API,ERA5,2023,4,2,15,SPRING,13.429,7.3,0.0,4.285,-6.1,0.0,-0.836,0.0,0.0,25.2,0,0,0,0,0,0,10.543,8.014,1.157,2.485,2.7,12.1,-53.7,-12.2,0.0,0.0,21.6,29.9,0.0,0.0,0.0,0.0,30.0,0.0,11.11,0.0,1
2023-04-17,US_NE,"New York, NY",13.257,7.1,18.9,28.9,3,0.0,0,28.9,31.0,29.6,57.2,0,0,0,7,Open-Meteo Historical Weather API,ERA5,2023,4,2,16,SPRING,10.771,35.1,0.0,2.486,-6.2,0.0,-0.177,0.0,0.0,855.44,0,0,0,0,0,0,17.714,10.543,4.285,1.157,1.2,2.7,-6.1,-53.7,0.0,0.0,21.0,21.6,0.0,0.0,0.0,0.0,44.9,0.0,12.382,0.0,1
2023-04-24,US_NE,"New York, NY",11.429,7.6,15.5,74.8,5,0.0,0,74.8,64.0,27.3,64.1,0,0,0,7,Open-Meteo Historical Weather API,ERA5,2023,4,2,17,SPRING,11.471,2.8,0.0,-0.042,72.0,0.0,25.714,3.142,0.0,2042.04,1,0,0,0,0,0,13.257,17.714,2.486,4.285,28.9,1.2,-6.2,-6.1,0.0,0.0,29.6,21.0,0.0,0.0,0.0,0.0,107.6,0.0,13.236,0.0,1
2023-05-01,US_NE,"New York, NY",12.929,7.6,21.9,14.3,5,0.0,0,14.3,50.0,28.0,52.9,0,0,0,7,Open-Meteo Historical Weather API,ERA5,2023,5,2,18,SPRING,12.743,58.9,0.0,0.186,-44.6,0.0,-0.757,0.0,0.0,400.4,0,0,0,0,0,0,11.429,13.257,-0.042,2.486,74.8,28.9,72.0,-6.2,0.0,0.0,27.3,29.6,0.0,0.0,3.142,0.0,119.2,0.0,13.832,0.0,1
2023-05-08,US_NE,"New York, NY",18.529,9.6,27.6,5.1,1,0.0,0,5.1,5.0,17.3,32.0,0,0,0,7,Open-Meteo Historical Weather API,ERA5,2023,5,2,19,SPRING,16.729,10.3,0.0,1.8,-5.2,0.0,-0.505,0.0,0.0,88.23,0,0,0,0,0,0,12.929,11.429,0.186,-0.042,14.3,74.8,-44.6,72.0,0.0,0.0,28.0,27.3,0.0,0.0,0.0,3.142,123.1,0.0,14.036,0.0,1
2023-05-15,US_NE,"New York, NY",16.314,7.3,25.4,17.2,1,0.0,0,17.2,15.0,22.3,43.6,0,0,0,7,Open-Meteo Historical Weather API,ERA5,2023,5,2,20,SPRING,19.386,26.2,0.0,-3.072,-9.0,0.0,-0.344,52.838,0.0,383.56,0,0,0,0,0,0,18.529,12.929,1.8,0.186,5.1,14.3,-5.2,-44.6,0.0,0.0,17.3,28.0,0.0,0.0,0.0,0.0,111.4,0.0,14.8,0.0,1
2023-05-22,US_NE,"New York, NY",16.943,11.0,23.5,0.5,0,0.0,0,0.5,5.0,19.5,42.5,0,0,0,7,Open-Meteo Historical Weather API,ERA5,2023,5,2,21,SPRING,18.943,18.9,0.0,-2.0,-18.4,0.0,-0.974,1.0,0.0,9.75,0,0,0,0,0,0,16.314,18.529,-3.072,1.8,17.2,5.1,-9.0,-5.2,0.0,0.0,22.3,17.3,0.0,0.0,52.838,0.0,37.1,0.0,16.179,0.0,1
2023-05-29,US_NE,"New York, NY",18.371,10.8,29.3,0.0,0,0.0,0,0.0,0.0,20.6,40.7,0,0,0,7,Open-Meteo Historical Weather API,ERA5,2023,5,2,22,SPRING,21.957,11.2,0.0,-3.586,-11.2,0.0,-1.0,0.0,0.0,0.0,0,0,0,0,0,0,16.943,16.314,-2.0,-3.072,0.5,17.2,-18.4,-9.0,0.0,0.0,19.5,22.3,0.0,0.0,1.0,52.838,22.8,0.0,17.539,0.0,1
2023-06-05,US_NE,"New York, NY",18.757,13.1,26.3,3.5,1,0.0,0,3.5,8.0,19.1,40.7,0,0,0,7,Open-Meteo Historical Weather API,ERA5,2023,6,2,23,SUMMER,21.986,27.2,0.0,-3.229,-23.7,0.0,-0.871,11.301,0.0,66.85,0,0,0,0,0,0,18.371,16.943,-3.586,-2.0,0.0,0.5,-11.2,-18.4,0.0,0.0,20.6,19.5,0.0,0.0,0.0,1.0,21.2,0.0,17.596,0.0,1
2023-06-12,US_NE,"New York, NY",20.686,16.3,25.9,25.6,3,0.0,0,25.6,22.0,23.4,46.1,0,0,0,7,Open-Meteo Historical Weather API,ERA5,2023,6,2,24,SUMMER,22.071,2.8,0.0,-1.385,22.8,0.0,8.143,35.456,0.0,599.04,0,0,0,0,0,0,18.757,18.371,-3.229,-3.586,3.5,0.0,-23.7,-11.2,0.0,0.0,19.1,20.6,0.0,0.0,11.301,0.0,29.6,0.0,18.689,0.0,1
2023-06-19,US_NE,"New York, NY",20.486,15.6,27.6,34.4,4,0.0,0,34.4,46.0,20.4,44.6,0,0,0,7,Open-Meteo Historical Weather API,ERA5,2023,6,2,25,SUMMER,22.0,3.1,0.0,-1.514,31.3,0.0,10.097,52.082,0.0,701.76,0,0,0,0,0,0,20.686,18.757,-1.385,-3.229,25.6,3.5,22.8,-23.7,0.0,0.0,23.4,19.1,0.0,0.0,35.456,11.301,63.5,0.0,19.575,0.0,1
2023-06-26,US_NE,"New York, NY",23.314,19.1,29.7,42.9,4,0.0,0,42.9,52.0,17.6,39.2,0,0,0,7,Open-Meteo Historical Weather API,ERA5,2023,6,2,26,SUMMER,25.057,14.1,0.0,-1.743,28.8,0.0,2.043,74.775,0.0,755.04,0,0,0,0,0,0,20.486,20.686,-1.514,-1.385,34.4,25.6,31.3,22.8,0.0,0.0,20.4,23.4,0.0,0.0,52.082,35.456,106.4,0.0,20.811,0.0,1
2023-07-03,US_NE,"New York, NY",26.286,22.4,32.5,33.1,4,0.0,0,33.1,55.0,14.5,24.8,0,0,0,7,Open-Meteo Historical Weather API,ERA5,2023,7,3,27,SUMMER,24.928,19.1,0.0,1.358,14.0,0.0,0.733,0.0,0.0,479.95,0,0,0,0,0,0,23.314,20.486,-1.743,-1.514,42.9,34.4,28.8,31.3,0.0,0.0,17.6,20.4,0.0,0.0,74.775,52.082,136.0,0.0,22.693,0.0,1
2023-07-10,US_NE,"New York, NY",26.471,21.2,32.1,48.7,4,0.0,0,48.7,56.0,19.8,39.2,0,0,0,7,Open-Meteo Historical Weather API,ERA5,2023,7,3,28,SUMMER,25.75,25.25,0.0,0.721,23.45,0.0,0.929,0.0,0.0,964.26,0,0,0,0,0,0,26.286,23.314,1.358,-1.743,33.1,42.9,14.0,28.8,0.0,0.0,14.5,17.6,0.0,0.0,0.0,74.775,159.1,0.0,24.139,0.0,1
2023-07-17,US_NE,"New York, NY",25.386,21.0,30.9,37.5,3,0.0,0,37.5,35.0,13.0,32.8,0,0,0,7,Open-Meteo Historical Weather API,ERA5,2023,7,3,29,SUMMER,26.743,10.9,0.0,-1.357,26.6,0.0,2.44,50.887,0.0,487.5,0,0,0,0,0,0,26.471,26.286,0.721,1.358,48.7,33.1,23.45,14.0,0.0,0.0,19.8,14.5,0.0,0.0,0.0,0.0,162.2,0.0,25.364,0.0,1
2023-07-24,US_NE,"New York, NY",25.871,19.4,32.8,39.8,3,0.0,0,39.8,28.0,20.1,54.4,0,0,0,7,Open-Meteo Historical Weather API,ERA5,2023,7,3,30,SUMMER,25.157,10.2,0.0,0.714,29.6,0.0,2.902,0.0,0.0,799.98,0,0,0,0,0,0,25.386,26.471,-1.357,0.721,37.5,48.7,26.6,23.45,0.0,0.0,13.0,19.8,0.0,0.0,50.887,0.0,159.1,0.0,26.004,0.0,1
2023-07-31,US_NE,"New York, NY",23.114,17.8,27.7,0.9,0,0.0,0,0.9,7.0,18.8,35.6,0,0,0,7,Open-Meteo Historical Weather API,ERA5,2023,7,3,31,SUMMER,25.043,7.6,0.0,-1.929,-6.7,0.0,-0.882,1.736,0.0,16.92,0,0,0,0,0,0,25.871,25.386,0.714,-1.357,39.8,37.5,29.6,26.6,0.0,0.0,20.1,13.0,0.0,0.0,0.0,50.887,126.9,0.0,25.211,0.0,1
2023-08-07,US_NE,"New York, NY",24.214,19.5,29.7,57.3,5,0.0,0,57.3,47.0,25.9,48.2,0,0,0,7,Open-Meteo Historical Weather API,ERA5,2023,8,3,32,SUMMER,26.228,5.2,0.0,-2.015,52.1,0.0,10.019,115.431,0.0,1484.07,1,0,0,0,0,0,23.114,25.871,-1.929,0.714,0.9,39.8,-6.7,29.6,0.0,0.0,18.8,20.1,0.0,0.0,1.736,0.0,135.5,0.0,24.646,0.0,1
2023-08-14,US_NE,"New York, NY",23.686,17.8,28.7,41.3,4,0.0,0,41.3,42.0,20.5,39.2,0,0,0,7,Open-Meteo Historical Weather API,ERA5,2023,8,3,33,SUMMER,24.5,50.55,0.0,-0.814,-9.25,0.0,-0.183,33.618,0.0,846.65,0,0,0,0,0,0,24.214,23.114,-2.015,-1.929,57.3,0.9,52.1,-6.7,0.0,0.0,25.9,18.8,0.0,0.0,115.431,1.736,139.3,0.0,24.221,0.0,1
2023-08-21,US_NE,"New York, NY",23.214,17.7,29.4,7.1,2,0.0,0,7.1,23.0,18.4,39.2,0,0,0,7,Open-Meteo Historical Weather API,ERA5,2023,8,3,34,SUMMER,25.6,47.0,0.0,-2.386,-39.9,0.0,-0.849,16.941,0.0,130.64,0,0,0,0,0,0,23.686,24.214,-0.814,-2.015,41.3,57.3,-9.25,52.1,0.0,0.0,20.5,25.9,0.0,0.0,33.618,115.431,106.6,0.0,23.557,0.0,1
2023-08-28,US_NE,"New York, NY",22.157,15.4,30.5,5.3,1,0.0,0,5.3,16.0,18.5,39.6,0,0,0,7,Open-Meteo Historical Weather API,ERA5,2023,8,3,35,SUMMER,23.2,39.35,0.0,-1.043,-34.05,0.0,-0.865,5.528,0.0,98.05,0,0,0,0,0,0,23.214,23.686,-2.386,-0.814,7.1,41.3,-39.9,-9.25,0.0,0.0,18.4,20.5,0.0,0.0,16.941,33.618,111.0,0.0,23.318,0.0,1
2023-09-04,US_NE,"New York, NY",25.814,21.6,32.2,30.9,3,0.0,0,30.9,41.0,13.0,29.9,0,0,0,7,Open-Meteo Historical Weather API,ERA5,2023,9,3,36,FALL,22.142,30.8,0.0,3.672,0.1,0.0,0.003,0.0,0.0,401.7,0,0,0,0,0,0,22.157,23.214,-1.043,-2.386,5.3,7.1,-34.05,-39.9,0.0,0.0,18.5,18.4,0.0,0.0,5.528,16.941,84.6,0.0,23.718,0.0,1
2023-09-11,US_NE,"New York, NY",21.271,14.3,28.0,31.9,3,0.0,0,31.9,41.0,19.7,41.8,0,0,0,7,Open-Meteo Historical Weather API,ERA5,2023,9,3,37,FALL,22.4,16.45,0.0,-1.129,15.45,0.0,0.939,36.015,0.0,628.43,0,0,0,0,0,0,25.814,22.157,3.672,-1.043,30.9,5.3,0.1,-34.05,0.0,0.0,13.0,18.5,0.0,0.0,0.0,5.528,75.2,0.0,23.114,0.0,1
2023-09-18,US_NE,"New York, NY",18.0,13.9,23.7,65.3,3,0.0,0,65.3,56.0,28.6,50.8,0,0,0,7,Open-Meteo Historical Weather API,ERA5,2023,9,3,38,FALL,19.922,25.45,0.0,-1.922,39.85,0.0,1.566,125.474,0.0,1867.58,1,0,0,0,0,0,21.271,25.814,-1.129,3.672,31.9,30.9,15.45,0.1,0.0,0.0,19.7,13.0,0.0,0.0,36.015,0.0,133.4,0.0,21.81,0.0,1
2023-09-25,US_NE,"New York, NY",16.057,11.4,23.9,68.6,5,0.0,0,68.6,69.0,22.2,43.6,0,0,0,7,Open-Meteo Historical Weather API,ERA5,2023,9,3,39,FALL,16.757,20.2,0.0,-0.7,48.4,0.0,2.396,48.02,0.0,1522.92,1,0,0,0,0,0,18.0,21.271,-1.922,-1.129,65.3,31.9,39.85,15.45,0.0,0.0,28.6,19.7,0.0,0.0,125.474,36.015,196.7,0.0,20.286,0.0,1
2023-10-02,US_NE,"New York, NY",18.757,10.5,27.2,26.6,2,0.0,0,26.6,41.0,23.9,47.9,0,0,0,7,Open-Meteo Historical Weather API,ERA5,2023,10,4,40,FALL,15.8,35.85,0.0,2.957,-9.25,0.0,-0.258,0.0,0.0,635.74,0,0,0,0,0,0,16.057,18.0,-0.7,-1.922,68.6,65.3,48.4,39.85,0.0,0.0,22.2,28.6,0.0,0.0,48.02,125.474,192.4,0.0,18.521,0.0,1
2023-10-09,US_NE,"New York, NY",13.629,8.7,20.4,19.4,2,0.0,0,19.4,23.0,20.2,42.5,0,0,0,7,Open-Meteo Historical Weather API,ERA5,2023,10,4,41,FALL,16.678,14.1,0.0,-3.05,5.3,0.0,0.376,59.16,0.0,391.88,0,0,0,0,0,0,18.757,16.057,2.957,-0.7,26.6,68.6,-9.25,48.4,0.0,0.0,23.9,22.2,0.0,0.0,0.0,48.02,179.9,0.0,16.611,0.0,1
2023-10-16,US_NE,"New York, NY",13.957,8.7,17.7,28.3,2,0.0,0,28.3,34.0,24.2,49.7,0,0,0,7,Open-Meteo Historical Weather API,ERA5,2023,10,4,42,FALL,13.307,2.45,0.0,0.65,25.85,0.0,10.551,0.0,0.0,684.86,0,0,0,0,0,0,13.629,18.757,-3.05,2.957,19.4,26.6,5.3,-9.25,0.0,0.0,20.2,23.9,0.0,0.0,59.16,0.0,142.9,0.0,15.6,0.0,1
2023-10-23,US_NE,"New York, NY",15.086,8.1,24.5,9.9,1,0.0,0,9.9,15.0,17.5,38.9,0,0,0,7,Open-Meteo Historical Weather API,ERA5,2023,10,4,43,FALL,14.2,71.4,0.0,0.886,-61.5,0.0,-0.861,0.0,0.0,173.25,0,0,0,0,0,0,13.957,13.629,0.65,-3.05,28.3,19.4,25.85,5.3,0.0,0.0,24.2,20.2,0.0,0.0,0.0,59.16,84.2,0.0,15.357,0.0,1
2023-10-30,US_NE,"New York, NY",9.343,1.5,17.0,9.8,2,0.0,0,9.8,32.0,18.9,41.8,0,0,0,7,Open-Meteo Historical Weather API,ERA5,2023,10,4,44,FALL,12.207,8.95,0.0,-2.864,0.85,0.0,0.095,28.067,0.0,185.22,0,0,0,0,0,0,15.086,13.957,0.886,0.65,9.9,28.3,-61.5,25.85,0.0,0.0,17.5,24.2,0.0,0.0,0.0,0.0,67.4,0.0,13.004,0.0,1
2023-11-06,US_NE,"New York, NY",8.914,1.8,17.7,2.1,1,0.0,0,2.1,9.0,18.5,35.3,0,1,0,7,Open-Meteo Historical Weather API,ERA5,2023,11,4,45,FALL,12.678,22.4,0.0,-3.764,-20.3,0.0,-0.906,7.905,0.0,38.85,0,0,0,0,0,0,9.343,15.086,-2.864,0.886,9.8,9.9,0.85,-61.5,0.0,0.0,18.9,17.5,0.0,0.0,28.067,0.0,50.1,0.0,11.825,0.0,1
2023-11-13,US_NE,"New York, NY",8.257,0.6,17.6,1.5,1,0.0,0,1.5,7.0,22.6,44.3,0,1,0,7,Open-Meteo Historical Weather API,ERA5,2023,11,4,46,FALL,6.064,11.25,0.0,2.193,-9.75,0.0,-0.867,0.0,0.0,33.9,0,0,0,0,0,0,8.914,9.343,-3.764,-2.864,2.1,9.8,-20.3,0.85,0.0,0.0,18.5,18.9,0.0,0.0,7.905,28.067,23.3,0.0,10.4,0.0,1
2023-11-20,US_NE,"New York, NY",6.014,-0.9,11.8,36.6,3,0.0,0,36.6,25.0,27.9,64.8,0,3,1,7,Open-Meteo Historical Weather API,ERA5,2023,11,4,47,FALL,5.493,10.2,0.315,0.521,26.4,-0.315,2.588,0.0,0.0,1021.14,0,0,0,0,0,0,8.257,8.914,2.193,-3.764,1.5,2.1,-9.75,-20.3,0.0,0.0,22.6,18.5,0.0,0.0,0.0,7.905,50.0,0.0,8.132,1.0,1
2023-11-27,US_NE,"New York, NY",5.3,-2.7,11.5,20.3,3,0.0,0,20.3,30.0,27.5,59.4,0,3,0,7,Open-Meteo Historical Weather API,ERA5,2023,11,4,48,FALL,5.864,13.7,0.0,-0.564,6.6,0.0,0.482,11.459,0.0,558.25,0,0,0,0,0,0,6.014,8.257,0.521,2.193,36.6,1.5,26.4,-9.75,0.0,0.0,27.9,22.6,1.0,0.0,0.0,0.0,60.5,0.0,7.121,1.0,1
2023-12-04,US_NE,"New York, NY",5.729,-0.8,15.2,18.9,1,0.0,0,18.9,15.0,33.8,76.3,0,4,0,7,Open-Meteo Historical Weather API,ERA5,2023,12,4,49,WINTER,6.371,19.8,0.105,-0.642,-0.9,-0.105,-0.045,12.143,0.0,638.82,0,0,0,0,0,0,5.3,6.014,-0.564,0.521,20.3,36.6,6.6,26.4,0.0,0.0,27.5,27.9,0.0,1.0,11.459,0.0,77.3,0.0,6.325,1.0,1
2023-12-11,US_NE,"New York, NY",5.414,-0.6,14.1,40.0,2,0.0,0,40.0,22.0,26.1,49.3,0,3,0,7,Open-Meteo Historical Weather API,ERA5,2023,12,4,50,WINTER,5.25,16.7,0.245,0.164,23.3,-0.245,1.395,0.0,0.0,1044.0,0,0,0,0,0,0,5.729,5.3,-0.642,-0.564,18.9,20.3,-0.9,6.6,0.0,0.0,33.8,27.5,0.0,0.0,12.143,11.459,115.8,0.0,5.614,1.0,1
2023-12-18,US_NE,"New York, NY",4.014,-3.6,16.0,69.3,1,0.0,0,69.3,21.0,45.7,98.3,1,5,0,7,Open-Meteo Historical Weather API,ERA5,2023,12,4,51,WINTER,1.015,21.6,0.525,3.0,47.7,-0.525,2.208,0.0,0.0,3167.01,1,0,0,0,0,0,5.414,5.729,0.164,-0.642,40.0,18.9,23.3,-0.9,0.0,0.0,26.1,33.8,0.0,0.0,0.0,12.143,148.5,0.0,5.114,0.0,1
2023-12-25,US_NE,"New York, NY",7.071,4.0,11.4,30.4,2,0.0,0,30.4,39.0,20.1,38.2,0,1,0,7,Open-Meteo Historical Weather API,ERA5,2023,12,4,52,WINTER,4.957,21.65,0.0,2.114,8.75,0.0,0.404,0.0,0.0,611.04,0,0,0,0,0,0,4.014,5.414,3.0,0.164,69.3,40.0,47.7,23.3,0.0,0.0,45.7,26.1,0.0,0.0,0.0,0.0,158.6,0.0,5.557,0.0,1
2024-01-01,US_NE,"New York, NY",2.1,-3.1,6.6,13.3,2,4.48,1,19.7,24.0,27.1,49.0,0,7,2,7,Open-Meteo Historical Weather API,ERA5,2024,1,1,1,WINTER,3.286,14.45,4.165,-1.186,-1.15,0.315,-0.08,15.767,5.311,360.43,0,0,0,0,1,0,7.071,4.014,2.114,3.0,30.4,69.3,8.75,47.7,0.0,0.0,20.1,45.7,0.0,0.0,0.0,0.0,153.0,4.48,4.65,2.0,1
2024-01-08,US_NE,"New York, NY",5.771,-1.7,14.0,63.2,3,0.0,0,63.2,34.0,40.2,115.6,1,3,1,7,Open-Meteo Historical Weather API,ERA5,2024,1,1,2,WINTER,0.329,9.55,0.28,5.442,53.65,-0.28,5.618,0.0,0.0,2540.64,1,0,0,0,0,0,2.1,7.071,-1.186,2.114,13.3,30.4,-1.15,8.75,4.48,0.0,27.1,20.1,2.0,0.0,15.767,0.0,176.2,4.48,4.739,3.0,1
2024-01-15,US_NE,"New York, NY",-3.371,-7.2,-0.3,1.5,1,9.73,2,15.4,37.0,23.8,45.4,0,7,1,7,Open-Meteo Historical Weather API,ERA5,2024,1,1,3,WINTER,1.536,29.05,1.12,-4.907,-27.55,8.61,-0.948,7.36,47.745,35.7,0,0,1,0,0,0,5.771,2.1,5.442,-1.186,63.2,13.3,53.65,-1.15,0.0,4.48,40.2,27.1,1.0,2.0,0.0,15.767,108.4,14.21,2.893,4.0,1
2024-01-22,US_NE,"New York, NY",4.129,-5.8,11.9,38.4,4,0.0,0,38.4,69.0,20.4,46.1,0,4,2,7,Open-Meteo Historical Weather API,ERA5,2024,1,1,4,WINTER,0.4,14.75,7.805,3.729,23.65,-7.805,1.603,0.0,0.0,783.36,0,0,0,0,1,0,-3.371,5.771,-4.907,5.442,1.5,63.2,-27.55,53.65,9.73,0.0,23.8,40.2,1.0,1.0,7.36,0.0,116.4,14.21,2.157,6.0,1
2024-01-29,US_NE,"New York, NY",2.814,-1.6,7.1,8.3,2,0.0,0,8.3,26.0,21.4,42.8,0,7,2,7,Open-Meteo Historical Weather API,ERA5,2024,1,1,5,WINTER,-0.964,17.1,0.105,3.778,-8.8,-0.105,-0.515,0.0,0.0,177.62,0,0,0,0,1,0,4.129,-3.371,3.729,-4.907,38.4,1.5,23.65,-27.55,0.0,9.73,20.4,23.8,2.0,1.0,0.0,7.36,111.4,9.73,2.336,6.0,1
2024-02-05,US_NE,"New York, NY",4.043,-2.6,11.6,0.0,0,0.0,0,0.0,0.0,15.1,31.0,0,4,0,7,Open-Meteo Historical Weather API,ERA5,2024,2,1,6,WINTER,3.878,3.1,1.4,0.165,-3.1,-1.4,-1.0,0.0,0.0,0.0,0,0,0,0,0,0,2.814,4.129,3.778,3.729,8.3,38.4,-8.8,23.65,0.0,0.0,21.4,20.4,2.0,2.0,0.0,0.0,48.2,9.73,1.904,5.0,1
2024-02-12,US_NE,"New York, NY",1.186,-7.7,6.1,2.5,1,20.37,2,31.6,32.0,27.5,50.0,0,7,1,7,Open-Meteo Historical Weather API,ERA5,2024,2,1,7,WINTER,3.972,12.6,0.0,-2.786,-10.1,20.37,-0.802,6.964,56.741,68.75,0,1,0,0,0,0,4.043,2.814,0.165,3.778,0.0,8.3,-3.1,-8.8,0.0,0.0,15.1,21.4,0.0,2.0,0.0,0.0,49.2,20.37,3.043,5.0,1
2024-02-19,US_NE,"New York, NY",1.529,-5.2,7.7,6.6,2,0.0,0,6.6,24.0,15.9,31.7,0,6,1,7,Open-Meteo Historical Weather API,ERA5,2024,2,1,8,WINTER,3.578,21.6,0.63,-2.05,-15.0,-0.63,-0.694,13.527,0.0,104.94,0,0,0,0,0,0,1.186,4.043,-2.786,0.165,2.5,0.0,-10.1,-3.1,20.37,0.0,27.5,15.1,1.0,0.0,6.964,0.0,17.4,20.37,2.393,4.0,1
2024-02-26,US_NE,"New York, NY",6.757,-2.1,19.0,49.6,4,0.0,0,49.6,50.0,32.4,72.4,0,3,1,7,Open-Meteo Historical Weather API,ERA5,2024,2,1,9,WINTER,4.007,20.2,4.585,2.75,29.4,-4.585,1.455,0.0,0.0,1607.04,0,0,0,0,0,0,1.529,1.186,-2.05,-2.786,6.6,2.5,-15.0,-10.1,0.0,20.37,15.9,27.5,1.0,1.0,13.527,6.964,58.7,20.37,3.379,3.0,1
2024-03-04,US_NE,"New York, NY",7.6,3.6,12.1,89.3,5,0.0,0,89.3,50.0,26.4,74.5,0,0,0,7,Open-Meteo Historical Weather API,ERA5,2024,3,1,10,SPRING,4.908,16.5,6.79,2.692,72.8,-6.79,4.412,0.0,0.0,2357.52,1,0,0,0,0,0,6.757,1.529,2.75,-2.05,49.6,6.6,29.4,-15.0,0.0,0.0,32.4,15.9,1.0,1.0,0.0,13.527,148.0,20.37,4.268,3.0,1
2024-03-11,US_NE,"New York, NY",10.614,2.8,19.8,1.3,1,0.0,0,1.3,8.0,41.1,70.6,1,0,0,7,Open-Meteo Historical Weather API,ERA5,2024,3,1,11,SPRING,7.986,12.2,1.645,2.628,-10.9,-1.645,-0.893,0.0,0.0,53.43,0,0,0,0,0,0,7.6,6.757,2.692,2.75,89.3,49.6,72.8,29.4,0.0,0.0,26.4,32.4,0.0,1.0,0.0,0.0,146.8,0.0,6.625,2.0,1
2024-03-18,US_NE,"New York, NY",4.586,-2.1,11.1,59.3,2,0.0,0,59.3,21.0,32.0,69.8,0,4,0,7,Open-Meteo Historical Weather API,ERA5,2024,3,1,12,SPRING,8.136,22.05,0.105,-3.55,37.25,-0.105,1.689,210.485,0.0,1897.6,1,0,0,0,0,0,10.614,7.6,2.628,2.692,1.3,89.3,-10.9,72.8,0.0,0.0,41.1,26.4,0.0,0.0,0.0,0.0,199.5,0.0,7.389,1.0,1
2024-03-25,US_NE,"New York, NY",7.843,1.2,14.5,27.8,3,0.0,0,27.8,38.0,30.2,56.2,0,0,0,7,Open-Meteo Historical Weather API,ERA5,2024,3,1,13,SPRING,6.772,18.2,0.0,1.072,9.6,0.0,0.527,0.0,0.0,839.56,0,0,0,0,0,0,4.586,10.614,-3.55,2.628,59.3,1.3,37.25,-10.9,0.0,0.0,32.0,41.1,0.0,0.0,210.485,0.0,177.7,0.0,7.661,0.0,1
2024-04-01,US_NE,"New York, NY",7.314,3.4,13.5,58.7,4,0.0,0,58.7,54.0,34.6,70.6,0,0,0,7,Open-Meteo Historical Weather API,ERA5,2024,4,2,14,SPRING,9.964,29.55,0.0,-2.65,29.15,0.0,0.986,155.584,0.0,2031.02,1,0,0,0,0,0,7.843,4.586,1.072,-3.55,27.8,59.3,9.6,37.25,0.0,0.0,30.2,32.0,0.0,0.0,0.0,210.485,147.1,0.0,7.589,0.0,1
2024-04-08,US_NE,"New York, NY",13.014,4.6,23.9,25.6,3,0.0,0,25.6,40.0,34.2,72.4,0,0,0,7,Open-Meteo Historical Weather API,ERA5,2024,4,2,15,SPRING,15.572,4.25,0.0,-2.558,21.35,0.0,5.024,65.472,0.0,875.52,0,0,0,0,0,0,7.314,7.843,-2.65,1.072,58.7,27.8,29.15,9.6,0.0,0.0,34.6,30.2,0.0,0.0,155.584,0.0,171.4,0.0,8.189,0.0,1
2024-04-15,US_NE,"New York, NY",12.071,5.8,23.9,10.0,4,0.0,0,10.0,30.0,21.4,39.2,0,0,0,7,Open-Meteo Historical Weather API,ERA5,2024,4,2,16,SPRING,12.014,32.0,0.0,0.057,-22.0,0.0,-0.688,0.0,0.0,214.0,0,0,0,0,0,0,13.014,7.314,-2.558,-2.65,25.6,58.7,21.35,29.15,0.0,0.0,34.2,34.6,0.0,0.0,65.472,155.584,122.1,0.0,10.06,0.0,1
2024-04-22,US_NE,"New York, NY",11.214,5.1,20.6,3.7,2,0.0,0,3.7,8.0,21.5,41.0,0,0,0,7,Open-Meteo Historical Weather API,ERA5,2024,4,2,17,SPRING,11.45,38.8,0.0,-0.236,-35.1,0.0,-0.905,0.873,0.0,79.55,0,0,0,0,0,0,12.071,13.014,0.057,-2.558,10.0,25.6,-22.0,21.35,0.0,0.0,21.4,34.2,0.0,0.0,0.0,65.472,98.0,0.0,10.903,0.0,1
2024-04-29,US_NE,"New York, NY",14.7,10.0,27.2,5.3,1,0.0,0,5.3,24.0,17.2,32.8,0,0,0,7,Open-Meteo Historical Weather API,ERA5,2024,4,2,18,SPRING,12.836,36.6,0.0,1.864,-31.3,0.0,-0.855,0.0,0.0,91.16,0,0,0,0,0,0,11.214,12.071,-0.236,0.057,3.7,10.0,-35.1,-22.0,0.0,0.0,21.5,21.4,0.0,0.0,0.873,0.0,44.6,0.0,12.75,0.0,1
2024-05-06,US_NE,"New York, NY",15.543,7.9,27.5,17.7,3,0.0,0,17.7,40.0,18.9,41.4,0,0,0,7,Open-Meteo Historical Weather API,ERA5,2024,5,2,19,SPRING,17.629,7.7,0.0,-2.086,10.0,0.0,1.299,36.922,0.0,334.53,0,0,0,0,0,0,14.7,11.214,1.864,-0.236,5.3,3.7,-31.3,-35.1,0.0,0.0,17.2,21.5,0.0,0.0,0.0,0.873,36.7,0.0,13.382,0.0,1
2024-05-13,US_NE,"New York, NY",16.771,9.5,22.6,13.4,3,0.0,0,13.4,47.0,27.1,49.3,0,0,0,7,Open-Meteo Historical Weather API,ERA5,2024,5,2,20,SPRING,17.85,21.7,0.0,-1.079,-8.3,0.0,-0.382,14.459,0.0,363.14,0,0,0,0,0,0,15.543,14.7,-2.086,1.864,17.7,5.3,10.0,-31.3,0.0,0.0,18.9,17.2,0.0,0.0,36.922,0.0,40.1,0.0,14.557,0.0,1
2024-05-20,US_NE,"New York, NY",21.429,13.9,28.8,2.1,1,0.0,0,2.1,9.0,16.2,28.1,0,0,0,7,Open-Meteo Historical Weather API,ERA5,2024,5,2,21,SPRING,17.943,9.7,0.0,3.486,-7.6,0.0,-0.784,0.0,0.0,34.02,0,0,0,0,0,0,16.771,15.543,-1.079,-2.086,13.4,17.7,-8.3,10.0,0.0,0.0,27.1,18.9,0.0,0.0,14.459,36.922,38.5,0.0,17.111,0.0,1
2024-05-27,US_NE,"New York, NY",20.871,14.7,27.4,28.2,2,0.0,0,28.2,26.0,23.2,48.6,0,0,0,7,Open-Meteo Historical Weather API,ERA5,2024,5,2,22,SPRING,20.164,5.6,0.0,0.707,22.6,0.0,4.036,0.0,0.0,654.24,0,0,0,0,0,0,21.429,16.771,3.486,-1.079,2.1,13.4,-7.6,-8.3,0.0,0.0,16.2,27.1,0.0,0.0,0.0,14.459,61.4,0.0,18.654,0.0,1
2024-06-03,US_NE,"New York, NY",22.714,17.3,28.2,29.9,1,0.0,0,29.9,25.0,23.0,45.7,0,0,0,7,Open-Meteo Historical Weather API,ERA5,2024,6,2,23,SUMMER,20.372,15.35,0.0,2.342,14.55,0.0,0.948,0.0,0.0,687.7,0,0,0,0,0,0,20.871,21.429,0.707,3.486,28.2,2.1,22.6,-7.6,0.0,0.0,23.2,16.2,0.0,0.0,0.0,0.0,73.6,0.0,20.446,0.0,1
2024-06-10,US_NE,"New York, NY",21.157,15.7,28.1,20.7,2,0.0,0,20.7,15.0,18.4,36.7,0,0,0,7,Open-Meteo Historical Weather API,ERA5,2024,6,2,24,SUMMER,21.379,14.2,0.0,-0.222,6.5,0.0,0.458,4.585,0.0,380.88,0,0,0,0,0,0,22.714,20.871,2.342,0.707,29.9,28.2,14.55,22.6,0.0,0.0,23.0,23.2,0.0,0.0,0.0,0.0,80.9,0.0,21.543,0.0,1
2024-06-17,US_NE,"New York, NY",26.043,17.8,33.2,8.8,2,0.0,0,8.8,9.0,19.5,51.8,0,0,0,7,Open-Meteo Historical Weather API,ERA5,2024,6,2,25,SUMMER,21.243,18.75,0.0,4.8,-9.95,0.0,-0.531,0.0,0.0,171.6,0,0,0,0,0,0,21.157,22.714,-0.222,2.342,20.7,29.9,6.5,14.55,0.0,0.0,18.4,23.0,0.0,0.0,4.585,0.0,87.6,0.0,22.696,0.0,1
2024-06-24,US_NE,"New York, NY",24.371,17.5,31.3,46.4,2,0.0,0,46.4,27.0,33.7,58.0,0,0,0,7,Open-Meteo Historical Weather API,ERA5,2024,6,2,26,SUMMER,24.185,28.5,0.0,0.186,17.9,0.0,0.628,0.0,0.0,1563.68,0,0,0,0,0,0,26.043,21.157,4.8,-0.222,8.8,20.7,-9.95,6.5,0.0,0.0,19.5,18.4,0.0,0.0,0.0,4.585,105.8,0.0,23.571,0.0,1
2024-07-01,US_NE,"New York, NY",25.0,18.2,31.2,3.8,1,0.0,0,3.8,16.0,22.1,41.8,0,0,0,7,Open-Meteo Historical Weather API,ERA5,2024,7,3,27,SUMMER,25.381,23.767,0.0,-0.381,-19.967,0.0,-0.84,1.448,0.0,83.98,0,0,0,0,0,0,24.371,26.043,0.186,4.8,46.4,8.8,17.9,-9.95,0.0,0.0,33.7,19.5,0.0,0.0,0.0,0.0,79.7,0.0,24.143,0.0,1
2024-07-08,US_NE,"New York, NY",27.071,23.6,31.3,37.8,4,0.0,0,37.8,43.0,25.5,47.9,0,0,0,7,Open-Meteo Historical Weather API,ERA5,2024,7,3,28,SUMMER,25.99,33.067,0.0,1.081,4.733,0.0,0.143,0.0,0.0,963.9,0,0,0,0,0,0,25.0,24.371,-0.381,0.186,3.8,46.4,-19.967,17.9,0.0,0.0,22.1,33.7,0.0,0.0,1.448,0.0,96.8,0.0,25.621,0.0,1
2024-07-15,US_NE,"New York, NY",26.429,19.8,34.7,10.6,3,0.0,0,10.6,19.0,18.1,36.7,0,0,0,7,Open-Meteo Historical Weather API,ERA5,2024,7,3,29,SUMMER,26.291,19.767,0.0,0.138,-9.167,0.0,-0.464,0.0,0.0,191.86,0,0,0,0,0,0,27.071,25.0,1.081,-0.381,37.8,3.8,4.733,-19.967,0.0,0.0,25.5,22.1,0.0,0.0,0.0,1.448,98.6,0.0,25.718,0.0,1
2024-07-22,US_NE,"New York, NY",24.614,19.7,28.7,8.1,2,0.0,0,8.1,27.0,16.8,34.2,0,0,0,7,Open-Meteo Historical Weather API,ERA5,2024,7,3,30,SUMMER,25.395,20.067,0.0,-0.781,-11.967,0.0,-0.596,6.326,0.0,136.08,0,0,0,0,0,0,26.429,27.071,0.138,1.081,10.6,37.8,-9.167,4.733,0.0,0.0,18.1,25.5,0.0,0.0,0.0,0.0,60.3,0.0,25.778,0.0,1
2024-07-29,US_NE,"New York, NY",26.457,20.9,33.7,34.3,5,0.0,0,34.3,64.0,21.4,40.0,0,0,0,7,Open-Meteo Historical Weather API,ERA5,2024,7,3,31,SUMMER,24.4,5.367,0.0,2.057,28.933,0.0,5.391,0.0,0.0,734.02,0,0,0,0,0,0,24.614,26.429,-0.781,0.138,8.1,10.6,-11.967,-9.167,0.0,0.0,16.8,18.1,0.0,0.0,6.326,0.0,90.8,0.0,26.143,0.0,1
2024-08-05,US_NE,"New York, NY",24.429,19.7,31.7,73.8,5,0.0,0,73.8,70.0,33.6,74.2,0,0,0,7,Open-Meteo Historical Weather API,ERA5,2024,8,3,32,SUMMER,25.557,22.567,0.0,-1.128,51.233,0.0,2.27,83.246,0.0,2479.68,1,0,0,0,0,0,26.457,24.614,2.057,-0.781,34.3,8.1,28.933,-11.967,0.0,0.0,21.4,16.8,0.0,0.0,0.0,6.326,126.8,0.0,25.482,0.0,1
2024-08-12,US_NE,"New York, NY",23.629,18.1,29.1,7.5,1,0.0,0,7.5,20.0,16.8,36.0,0,0,0,7,Open-Meteo Historical Weather API,ERA5,2024,8,3,33,SUMMER,24.229,47.467,0.0,-0.6,-39.967,0.0,-0.842,4.498,0.0,126.0,0,0,0,0,0,0,24.429,26.457,-1.128,2.057,73.8,34.3,51.233,28.933,0.0,0.0,33.6,21.4,0.0,0.0,83.246,0.0,123.7,0.0,24.782,0.0,1
2024-08-19,US_NE,"New York, NY",21.243,14.1,28.3,5.1,1,0.0,0,5.1,14.0,18.4,36.0,0,0,0,7,Open-Meteo Historical Weather API,ERA5,2024,8,3,34,SUMMER,24.805,33.7,0.0,-3.562,-28.6,0.0,-0.849,18.165,0.0,93.84,0,0,0,0,0,0,23.629,24.429,-0.6,-1.128,7.5,73.8,-39.967,51.233,0.0,0.0,16.8,33.6,0.0,0.0,4.498,83.246,120.7,0.0,23.94,0.0,1
2024-08-26,US_NE,"New York, NY",23.371,18.0,32.9,19.4,3,0.0,0,19.4,36.0,15.5,29.9,0,0,0,7,Open-Meteo Historical Weather API,ERA5,2024,8,3,35,SUMMER,22.852,28.0,0.0,0.519,-8.6,0.0,-0.307,0.0,0.0,300.7,0,0,0,0,0,0,21.243,23.629,-3.562,-0.6,5.1,7.5,-28.6,-39.967,0.0,0.0,18.4,16.8,0.0,0.0,18.165,4.498,105.8,0.0,23.168,0.0,1
2024-09-02,US_NE,"New York, NY",19.3,11.9,25.5,7.9,1,0.0,0,7.9,17.0,21.7,42.5,0,0,0,7,Open-Meteo Historical Weather API,ERA5,2024,9,3,36,FALL,23.366,30.833,0.0,-4.066,-22.933,0.0,-0.744,32.124,0.0,171.43,0,0,0,0,0,0,23.371,21.243,0.519,-3.562,19.4,5.1,-8.6,-28.6,0.0,0.0,15.5,18.4,0.0,0.0,0.0,18.165,39.9,0.0,21.886,0.0,1
2024-09-09,US_NE,"New York, NY",19.771,12.0,26.8,0.0,0,0.0,0,0.0,0.0,15.3,29.5,0,0,0,7,Open-Meteo Historical Weather API,ERA5,2024,9,3,37,FALL,22.024,21.6,0.0,-2.253,-21.6,0.0,-1.0,0.0,0.0,0.0,0,0,0,0,0,0,19.3,23.371,-4.066,0.519,7.9,19.4,-22.933,-8.6,0.0,0.0,21.7,15.5,0.0,0.0,32.124,0.0,32.4,0.0,20.921,0.0,1
2024-09-16,US_NE,"New York, NY",20.471,15.2,28.1,0.4,0,0.0,0,0.4,2.0,15.3,33.5,0,0,0,7,Open-Meteo Historical Weather API,ERA5,2024,9,3,38,FALL,19.281,38.733,0.0,1.19,-38.333,0.0,-0.99,0.0,0.0,6.12,0,0,0,0,0,0,19.771,19.3,-2.253,-4.066,0.0,7.9,-21.6,-22.933,0.0,0.0,15.3,21.7,0.0,0.0,0.0,32.124,27.7,0.0,20.728,0.0,1
2024-09-23,US_NE,"New York, NY",18.386,15.2,24.3,21.3,6,0.0,0,21.3,70.0,19.5,35.3,0,0,0,7,Open-Meteo Historical Weather API,ERA5,2024,9,3,39,FALL,16.524,36.333,0.0,1.862,-15.033,0.0,-0.414,0.0,0.0,415.35,0,0,0,0,0,0,20.471,19.771,1.19,-2.253,0.4,0.0,-38.333,-21.6,0.0,0.0,15.3,15.3,0.0,0.0,0.0,0.0,29.6,0.0,19.482,0.0,1
2024-09-30,US_NE,"New York, NY",17.714,12.1,23.3,0.6,0,0.0,0,0.6,4.0,15.7,30.6,0,0,0,7,Open-Meteo Historical Weather API,ERA5,2024,9,3,40,FALL,16.786,32.767,0.0,0.928,-32.167,0.0,-0.982,0.0,0.0,9.42,0,0,0,0,0,0,18.386,20.471,1.862,1.19,21.3,0.4,-15.033,-38.333,0.0,0.0,19.5,15.3,0.0,0.0,0.0,0.0,22.3,0.0,19.086,0.0,1
2024-10-07,US_NE,"New York, NY",15.5,6.9,22.9,10.2,1,0.0,0,10.2,7.0,19.0,36.4,0,0,0,7,Open-Meteo Historical Weather API,ERA5,2024,10,4,41,FALL,15.662,15.867,0.0,-0.162,-5.667,0.0,-0.357,1.652,0.0,193.8,0,0,0,0,0,0,17.714,18.386,0.928,1.862,0.6,21.3,-32.167,-15.033,0.0,0.0,15.7,19.5,0.0,0.0,0.0,0.0,32.5,0.0,18.018,0.0,1
2024-10-14,US_NE,"New York, NY",11.9,4.9,21.5,0.3,0,0.0,0,0.3,1.0,29.3,54.0,0,0,0,7,Open-Meteo Historical Weather API,ERA5,2024,10,4,42,FALL,13.524,11.067,0.0,-1.624,-10.767,0.0,-0.973,0.487,0.0,8.79,0,0,0,0,0,0,15.5,17.714,-0.162,0.928,10.2,0.6,-5.667,-32.167,0.0,0.0,19.0,15.7,0.0,0.0,1.652,0.0,32.4,0.0,15.875,0.0,1
2024-10-21,US_NE,"New York, NY",14.786,6.1,24.6,0.2,0,0.0,0,0.2,1.0,21.2,41.0,0,0,0,7,Open-Meteo Historical Weather API,ERA5,2024,10,4,43,FALL,14.495,50.9,0.0,0.291,-50.7,0.0,-0.996,0.0,0.0,4.24,0,0,0,0,0,0,11.9,15.5,-1.624,-0.162,0.3,10.2,-10.767,-5.667,0.0,0.0,29.3,19.0,0.0,0.0,0.487,1.652,11.3,0.0,14.975,0.0,1
2024-10-28,US_NE,"New York, NY",14.043,3.9,25.2,1.7,1,0.0,0,1.7,4.0,23.8,40.3,0,0,0,7,Open-Meteo Historical Weather API,ERA5,2024,10,4,44,FALL,11.252,9.233,0.0,2.791,-7.533,0.0,-0.816,0.0,0.0,40.46,0,0,0,0,0,0,14.786,11.9,0.291,-1.624,0.2,0.3,-50.7,-10.767,0.0,0.0,21.2,29.3,0.0,0.0,0.0,0.487,12.4,0.0,14.057,0.0,1
2024-11-04,US_NE,"New York, NY",13.8,4.9,24.2,0.6,0,0.0,0,0.6,2.0,24.6,45.4,0,0,0,7,Open-Meteo Historical Weather API,ERA5,2024,11,4,45,FALL,11.424,15.633,0.0,2.376,-15.033,0.0,-0.962,0.0,0.0,14.76,0,0,0,0,0,0,14.043,14.786,2.791,0.291,1.7,0.2,-7.533,-50.7,0.0,0.0,23.8,21.2,0.0,0.0,0.0,0.0,2.8,0.0,13.632,0.0,1
2024-11-11,US_NE,"New York, NY",9.657,2.4,19.3,6.5,1,0.0,0,6.5,6.0,29.0,55.8,0,0,0,7,Open-Meteo Historical Weather API,ERA5,2024,11,4,46,FALL,6.795,8.0,0.0,2.862,-1.5,0.0,-0.188,0.0,0.0,188.5,0,0,0,0,0,0,13.8,14.043,2.376,2.791,0.6,1.7,-15.033,-7.533,0.0,0.0,24.6,23.8,0.0,0.0,0.0,0.0,9.0,0.0,13.072,0.0,1
2024-11-18,US_NE,"New York, NY",8.886,3.4,17.8,47.6,3,0.0,0,47.6,54.0,32.9,60.5,0,1,1,7,Open-Meteo Historical Weather API,ERA5,2024,11,4,47,FALL,5.667,19.0,0.21,3.219,28.6,-0.21,1.505,0.0,0.0,1566.04,0,0,0,0,0,0,9.657,13.8,2.862,2.376,6.5,0.6,-1.5,-15.033,0.0,0.0,29.0,24.6,0.0,0.0,0.0,0.0,56.4,0.0,11.596,1.0,1
2024-11-25,US_NE,"New York, NY",5.4,-3.3,13.6,17.6,2,0.0,0,17.6,17.0,24.1,42.8,0,3,0,7,Open-Meteo Historical Weather API,ERA5,2024,11,4,48,FALL,5.676,15.9,0.0,-0.276,1.7,0.0,0.107,4.863,0.0,424.16,0,0,0,0,0,0,8.886,9.657,3.219,2.862,47.6,6.5,28.6,-1.5,0.0,0.0,32.9,29.0,1.0,0.0,0.0,0.0,72.3,0.0,9.436,1.0,1
2024-12-02,US_NE,"New York, NY",1.929,-3.2,10.9,4.3,1,1.4,1,6.3,15.0,33.9,64.8,0,6,1,7,Open-Meteo Historical Weather API,ERA5,2024,12,4,49,WINTER,6.157,19.5,0.07,-4.228,-15.2,1.33,-0.779,18.182,5.92,145.77,0,0,0,0,0,0,5.4,8.886,-0.276,3.219,17.6,47.6,1.7,28.6,0.0,0.0,24.1,32.9,0.0,1.0,4.863,0.0,76.0,1.4,6.468,2.0,1
2024-12-09,US_NE,"New York, NY",3.571,-5.0,15.9,51.0,3,0.0,0,51.0,35.0,29.4,68.4,0,4,0,7,Open-Meteo Historical Weather API,ERA5,2024,12,4,50,WINTER,5.305,24.467,0.163,-1.734,26.533,-0.163,1.084,88.417,0.0,1499.4,1,0,0,0,0,0,1.929,5.4,-4.228,-0.276,4.3,17.6,-15.2,1.7,1.4,0.0,33.9,24.1,1.0,0.0,18.182,4.863,120.5,1.4,4.946,2.0,1
2024-12-16,US_NE,"New York, NY",2.943,-9.2,12.7,29.5,5,2.03,1,32.3,53.0,28.2,51.1,0,3,1,7,Open-Meteo Historical Weather API,ERA5,2024,12,4,51,WINTER,2.014,37.5,0.35,0.929,-8.0,1.68,-0.213,0.0,0.0,831.9,0,0,0,0,0,0,3.571,1.929,-1.734,-4.228,51.0,4.3,26.533,-15.2,0.0,1.4,29.4,33.9,0.0,1.0,88.417,18.182,102.4,3.43,3.461,2.0,1
2024-12-23,US_NE,"New York, NY",0.386,-11.7,14.5,7.9,2,0.98,0,9.3,32.0,26.1,40.0,0,6,1,7,Open-Meteo Historical Weather API,ERA5,2024,12,4,52,WINTER,5.662,24.567,0.0,-5.276,-16.667,0.98,-0.678,41.678,5.17,206.19,0,0,0,0,0,0,2.943,3.571,0.929,-1.734,29.5,51.0,-8.0,26.533,2.03,0.0,28.2,29.4,1.0,0.0,0.0,88.417,92.7,4.41,2.207,3.0,1
2024-12-30,US_NE,"New York, NY",4.143,-2.2,13.5,17.8,3,0.0,0,17.8,18.0,29.2,55.4,0,4,0,7,Open-Meteo Historical Weather API,ERA5,2024,12,4,1,WINTER,2.89,14.067,4.27,1.253,3.733,-4.27,0.265,0.0,0.0,519.76,0,0,0,0,0,0,0.386,2.943,-5.276,0.929,7.9,29.5,-16.667,-8.0,0.98,2.03,26.1,28.2,1.0,1.0,41.678,0.0,106.2,3.01,2.761,2.0,1
2025-01-06,US_NE,"New York, NY",-1.671,-6.3,4.5,0.0,0,2.66,2,3.8,17.0,31.3,60.1,0,7,0,7,Open-Meteo Historical Weather API,ERA5,2025,1,1,2,WINTER,2.143,27.433,0.187,-3.814,-27.433,2.473,-1.0,0.0,10.145,0.0,0,0,1,0,0,0,4.143,0.386,1.253,-5.276,17.8,7.9,3.733,-16.667,0.0,0.98,29.2,26.1,0.0,1.0,0.0,41.678,55.2,5.67,1.45,2.0,1
2025-01-13,US_NE,"New York, NY",-0.686,-6.5,5.8,5.5,1,4.62,1,12.1,19.0,23.9,46.1,0,7,1,7,Open-Meteo Historical Weather API,ERA5,2025,1,1,3,WINTER,-0.1,19.867,3.99,-0.586,-14.367,0.63,-0.723,3.225,2.709,131.45,0,0,1,0,0,0,-1.671,4.143,-3.814,1.253,0.0,17.8,-27.433,3.733,2.66,0.0,31.3,29.2,0.0,0.0,0.0,0.0,31.2,8.26,0.543,2.0,1
2025-01-20,US_NE,"New York, NY",-5.6,-13.1,5.1,0.0,0,0.21,0,0.3,3.0,20.3,39.2,0,7,0,7,Open-Meteo Historical Weather API,ERA5,2025,1,1,4,WINTER,1.643,22.633,5.203,-7.243,-22.633,-4.993,-1.0,0.0,1.521,0.0,0,0,1,0,0,0,-0.686,-1.671,-0.586,-3.814,5.5,0.0,-14.367,-27.433,4.62,2.66,23.9,31.3,1.0,0.0,3.225,0.0,23.3,7.49,-0.954,1.0,1
2025-01-27,US_NE,"New York, NY",0.814,-9.4,9.2,11.6,2,2.17,1,14.7,29.0,27.4,50.8,0,7,2,7,Open-Meteo Historical Weather API,ERA5,2025,1,1,5,WINTER,0.295,14.167,0.07,0.519,-2.567,2.1,-0.181,0.0,0.0,317.84,0,0,0,0,1,0,-5.6,-0.686,-7.243,-0.586,0.0,5.5,-22.633,-14.367,0.21,4.62,20.3,23.9,0.0,1.0,0.0,3.225,17.1,9.66,-1.786,3.0,1
2025-02-03,US_NE,"New York, NY",0.843,-4.6,6.6,11.7,2,10.15,3,26.2,30.0,25.9,47.5,0,7,2,7,Open-Meteo Historical Weather API,ERA5,2025,2,1,6,WINTER,3.933,2.067,0.933,-3.09,9.633,9.217,4.661,36.157,31.367,303.03,0,0,0,0,1,0,0.814,-5.6,0.519,-7.243,11.6,0.0,-2.567,-22.633,2.17,0.21,27.4,20.3,2.0,0.0,0.0,0.0,28.8,17.15,-1.157,5.0,1
2025-02-10,US_NE,"New York, NY",0.714,-5.1,8.7,32.9,3,7.21,2,43.2,61.0,29.5,69.1,0,7,3,7,Open-Meteo Historical Weather API,ERA5,2025,2,1,7,WINTER,3.043,9.233,6.79,-2.329,23.667,0.42,2.563,76.624,16.792,970.55,0,0,0,0,1,0,0.843,0.814,-3.09,0.519,11.7,11.6,9.633,-2.567,10.15,2.17,25.9,27.4,2.0,2.0,36.157,0.0,56.2,19.74,-0.807,7.0,1
2025-02-17,US_NE,"New York, NY",-2.229,-8.0,6.4,0.0,0,0.84,0,1.2,8.0,34.4,65.9,0,7,0,7,Open-Meteo Historical Weather API,ERA5,2025,2,1,8,WINTER,2.895,16.6,0.42,-5.124,-16.6,0.42,-1.0,0.0,4.304,0.0,0,0,1,0,0,0,0.714,0.843,-2.329,-3.09,32.9,11.7,23.667,9.633,7.21,10.15,29.5,25.9,3.0,2.0,76.624,36.157,56.2,20.37,0.035,7.0,1
2025-02-24,US_NE,"New York, NY",5.143,-5.9,15.2,2.2,1,0.0,0,2.2,11.0,31.2,55.1,0,2,0,7,Open-Meteo Historical Weather API,ERA5,2025,2,1,9,WINTER,4.924,30.0,3.057,0.219,-27.8,-3.057,-0.927,0.0,0.0,68.64,0,0,0,0,0,0,-2.229,0.714,-5.124,-2.329,0.0,32.9,-16.6,23.667,0.84,7.21,34.4,29.5,0.0,3.0,0.0,76.624,46.8,18.2,1.118,5.0,1
2025-03-03,US_NE,"New York, NY",5.243,-6.0,12.3,33.9,2,0.0,0,33.9,18.0,32.8,72.4,0,3,0,7,Open-Meteo Historical Weather API,ERA5,2025,3,1,10,SPRING,5.805,40.767,4.527,-0.562,-6.867,-4.527,-0.168,19.052,0.0,1111.92,0,0,0,0,0,0,5.143,-2.229,0.219,-5.124,2.2,0.0,-27.8,-16.6,0.0,0.84,31.2,34.4,0.0,0.0,0.0,0.0,69.0,8.05,2.218,3.0,1
2025-03-10,US_NE,"New York, NY",8.229,2.3,17.0,4.3,1,0.0,0,4.3,5.0,31.7,72.4,0,0,0,7,Open-Meteo Historical Weather API,ERA5,2025,3,1,11,SPRING,8.862,8.567,1.097,-0.633,-4.267,-1.097,-0.498,2.722,0.0,136.31,0,0,0,0,0,0,5.243,5.143,-0.562,0.219,33.9,2.2,-6.867,-27.8,0.0,0.0,32.8,31.2,0.0,0.0,19.052,0.0,40.4,0.84,4.096,0.0,1
2025-03-17,US_NE,"New York, NY",8.3,0.3,15.5,33.4,3,0.0,0,33.4,25.0,31.0,63.7,0,1,0,7,Open-Meteo Historical Weather API,ERA5,2025,3,1,12,SPRING,6.952,34.467,0.07,1.348,-1.067,-0.07,-0.031,0.0,0.0,1035.4,0,0,0,0,0,0,8.229,5.243,-0.633,-0.562,4.3,33.9,-4.267,-6.867,0.0,0.0,31.7,32.8,0.0,0.0,2.722,19.052,73.8,0.0,6.729,0.0,1
2025-03-24,US_NE,"New York, NY",8.771,1.1,22.9,18.5,4,0.0,0,18.5,31.0,27.8,54.0,0,0,0,7,Open-Meteo Historical Weather API,ERA5,2025,3,1,13,SPRING,7.129,21.4,0.0,1.642,-2.9,0.0,-0.136,0.0,0.0,514.3,0,0,0,0,0,0,8.3,8.229,1.348,-0.633,33.4,4.3,-1.067,-4.267,0.0,0.0,31.0,31.7,0.0,0.0,0.0,2.722,90.1,0.0,7.636,0.0,1
2025-03-31,US_NE,"New York, NY",11.329,3.0,21.0,48.8,6,0.0,0,48.8,61.0,23.5,47.9,0,0,0,7,Open-Meteo Historical Weather API,ERA5,2025,3,1,14,SPRING,9.081,39.267,0.0,2.248,9.533,0.0,0.243,0.0,0.0,1146.8,0,0,0,0,0,0,8.771,8.3,1.642,1.348,18.5,33.4,-2.9,-1.067,0.0,0.0,27.8,31.0,0.0,0.0,0.0,0.0,105.0,0.0,9.157,0.0,1
2025-04-07,US_NE,"New York, NY",6.086,0.7,13.6,34.4,3,0.56,0,35.2,64.0,34.5,66.2,0,2,1,7,Open-Meteo Historical Weather API,ERA5,2025,4,2,15,SPRING,14.719,11.367,0.0,-8.633,23.033,0.56,2.026,296.975,4.834,1186.8,0,0,0,0,0,0,11.329,8.771,2.248,1.642,48.8,18.5,9.533,-2.9,0.0,0.0,23.5,27.8,0.0,0.0,0.0,0.0,135.1,0.56,8.622,1.0,1
2025-04-14,US_NE,"New York, NY",13.314,5.6,26.0,2.1,1,0.0,0,2.1,5.0,29.9,55.1,0,0,0,7,Open-Meteo Historical Weather API,ERA5,2025,4,2,16,SPRING,12.033,24.667,0.0,1.281,-22.567,0.0,-0.915,0.0,0.0,62.79,0,0,0,0,0,0,6.086,11.329,-8.633,2.248,34.4,48.8,23.033,9.533,0.56,0.0,34.5,23.5,1.0,0.0,296.975,0.0,103.8,0.56,9.875,1.0,1
2025-04-21,US_NE,"New York, NY",16.014,9.3,24.0,16.9,1,0.0,0,16.9,21.0,32.0,60.1,0,0,0,7,Open-Meteo Historical Weather API,ERA5,2025,4,2,17,SPRING,11.371,27.1,0.0,4.643,-10.2,0.0,-0.376,0.0,0.0,540.8,0,0,0,0,0,0,13.314,6.086,1.281,-8.633,2.1,34.4,-22.567,23.033,0.0,0.56,29.9,34.5,0.0,1.0,0.0,296.975,102.2,0.56,11.686,1.0,1
2025-04-28,US_NE,"New York, NY",18.443,11.1,26.4,17.2,3,0.0,0,17.2,25.0,21.3,46.1,0,0,0,7,Open-Meteo Historical Weather API,ERA5,2025,4,2,18,SPRING,13.457,26.167,0.0,4.986,-8.967,0.0,-0.343,0.0,0.0,366.36,0,0,0,0,0,0,16.014,13.314,4.643,1.281,16.9,2.1,-10.2,-22.567,0.0,0.0,32.0,29.9,0.0,0.0,0.0,0.0,70.6,0.56,13.464,1.0,1
2025-05-05,US_NE,"New York, NY",17.229,11.4,24.3,52.6,3,0.0,0,52.6,50.0,26.2,55.4,0,0,0,7,Open-Meteo Historical Weather API,ERA5,2025,5,2,19,SPRING,16.934,11.033,0.0,0.295,41.567,0.0,3.767,0.0,0.0,1378.12,1,0,0,0,0,0,18.443,16.014,4.986,4.643,17.2,16.9,-8.967,-10.2,0.0,0.0,21.3,32.0,0.0,0.0,0.0,0.0,88.8,0.0,16.25,0.0,1
2025-05-12,US_NE,"New York, NY",18.757,12.3,26.7,23.0,5,0.0,0,23.0,51.0,26.7,52.9,0,0,0,7,Open-Meteo Historical Weather API,ERA5,2025,5,2,20,SPRING,17.49,18.933,0.0,1.267,4.067,0.0,0.215,0.0,0.0,614.1,0,0,0,0,0,0,17.229,18.443,0.295,4.986,52.6,17.2,41.567,-8.967,0.0,0.0,26.2,21.3,0.0,0.0,0.0,0.0,109.7,0.0,17.611,0.0,1
2025-05-19,US_NE,"New York, NY",13.843,9.4,20.6,23.1,3,0.0,0,23.1,50.0,24.6,46.1,0,0,0,7,Open-Meteo Historical Weather API,ERA5,2025,5,2,21,SPRING,19.105,7.167,0.0,-5.262,15.933,0.0,2.223,121.552,0.0,568.26,0,0,0,0,0,0,18.757,17.229,1.267,0.295,23.0,52.6,4.067,41.567,0.0,0.0,26.7,26.2,0.0,0.0,0.0,0.0,115.9,0.0,17.068,0.0,1
2025-05-26,US_NE,"New York, NY",16.614,11.4,21.8,39.4,4,0.0,0,39.4,38.0,28.8,63.7,0,0,0,7,Open-Meteo Historical Weather API,ERA5,2025,5,2,22,SPRING,20.4,13.133,0.0,-3.786,26.267,0.0,2.0,149.155,0.0,1134.72,0,0,0,0,0,0,13.843,18.757,-5.262,1.267,23.1,23.0,15.933,4.067,0.0,0.0,24.6,26.7,0.0,0.0,121.552,0.0,138.1,0.0,16.611,0.0,1
2025-06-02,US_NE,"New York, NY",21.186,13.0,28.5,14.7,2,0.0,0,14.7,22.0,17.2,33.1,0,0,0,7,Open-Meteo Historical Weather API,ERA5,2025,6,2,23,SUMMER,21.152,20.2,0.0,0.034,-5.5,0.0,-0.272,0.0,0.0,252.84,0,0,0,0,0,0,16.614,13.843,-3.786,-5.262,39.4,23.1,26.267,15.933,0.0,0.0,28.8,24.6,0.0,0.0,149.155,121.552,100.2,0.0,17.6,0.0,1
2025-06-09,US_NE,"New York, NY",20.4,15.9,30.6,25.4,3,0.0,0,25.4,41.0,18.8,32.4,0,0,0,7,Open-Meteo Historical Weather API,ERA5,2025,6,2,24,SUMMER,21.305,16.367,0.0,-0.905,9.033,0.0,0.552,22.979,0.0,477.52,0,0,0,0,0,0,21.186,16.614,0.034,-3.786,14.7,39.4,-5.5,26.267,0.0,0.0,17.2,28.8,0.0,0.0,0.0,149.155,102.6,0.0,18.011,0.0,1
2025-06-16,US_NE,"New York, NY",23.071,16.6,31.1,16.8,4,0.0,0,16.8,30.0,22.5,43.6,0,0,0,7,Open-Meteo Historical Weather API,ERA5,2025,6,2,25,SUMMER,22.843,15.433,0.0,0.228,1.367,0.0,0.089,0.0,0.0,378.0,0,0,0,0,0,0,20.4,21.186,-0.905,0.034,25.4,14.7,9.033,-5.5,0.0,0.0,18.8,17.2,0.0,0.0,22.979,0.0,96.3,0.0,20.318,0.0,1
2025-06-23,US_NE,"New York, NY",26.743,17.7,36.6,3.6,2,0.0,0,3.6,17.0,18.8,38.9,0,0,0,7,Open-Meteo Historical Weather API,ERA5,2025,6,2,26,SUMMER,24.247,34.467,0.0,2.496,-30.867,0.0,-0.896,0.0,0.0,67.68,0,0,0,0,0,0,23.071,20.4,0.228,-0.905,16.8,25.4,1.367,9.033,0.0,0.0,22.5,18.8,0.0,0.0,0.0,22.979,60.5,0.0,22.85,0.0,1
2025-06-30,US_NE,"New York, NY",25.586,19.4,32.3,38.6,2,0.0,0,38.6,39.0,16.0,36.4,0,0,0,7,Open-Meteo Historical Weather API,ERA5,2025,6,2,27,SUMMER,25.286,18.775,0.0,0.3,19.825,0.0,1.056,0.0,0.0,617.6,0,0,0,0,0,0,26.743,23.071,2.496,0.228,3.6,16.8,-30.867,1.367,0.0,0.0,18.8,22.5,0.0,0.0,0.0,0.0,84.4,0.0,23.95,0.0,1
2025-07-07,US_NE,"New York, NY",26.357,23.1,33.8,31.9,3,0.0,0,31.9,38.0,15.8,34.6,0,0,0,7,Open-Meteo Historical Weather API,ERA5,2025,7,3,28,SUMMER,26.26,34.25,0.0,0.096,-2.35,0.0,-0.069,0.0,0.0,504.02,0,0,0,0,0,0,25.586,26.743,0.3,2.496,38.6,3.6,19.825,-30.867,0.0,0.0,16.0,18.8,0.0,0.0,0.0,0.0,90.9,0.0,25.439,0.0,1
2025-07-14,US_NE,"New York, NY",26.843,21.8,33.1,20.4,4,0.0,0,20.4,43.0,23.9,46.4,0,0,0,7,Open-Meteo Historical Weather API,ERA5,2025,7,3,29,SUMMER,26.325,17.475,0.0,0.518,2.925,0.0,0.167,0.0,0.0,487.56,0,0,0,0,0,0,26.357,25.586,0.096,0.3,31.9,38.6,-2.35,19.825,0.0,0.0,15.8,16.0,0.0,0.0,0.0,0.0,94.5,0.0,26.382,0.0,1
2025-07-21,US_NE,"New York, NY",25.286,19.5,34.7,12.7,2,0.0,0,12.7,21.0,15.3,34.2,0,0,0,7,Open-Meteo Historical Weather API,ERA5,2025,7,3,30,SUMMER,25.2,17.075,0.0,0.086,-4.375,0.0,-0.256,0.0,0.0,194.31,0,0,0,0,0,0,26.843,26.357,0.518,0.096,20.4,31.9,2.925,-2.35,0.0,0.0,23.9,15.8,0.0,0.0,0.0,0.0,103.6,0.0,26.018,0.0,1
2025-07-28,US_NE,"New York, NY",25.471,17.7,35.7,43.7,4,0.0,0,43.7,28.0,25.1,43.2,0,0,0,7,Open-Meteo Historical Weather API,ERA5,2025,7,3,31,SUMMER,24.914,12.6,0.0,0.557,31.1,0.0,2.468,0.0,0.0,1096.87,0,0,0,0,0,0,25.286,26.843,0.086,0.518,12.7,20.4,-4.375,2.925,0.0,0.0,15.3,23.9,0.0,0.0,0.0,0.0,108.7,0.0,25.989,0.0,1
2025-08-04,US_NE,"New York, NY",23.029,17.6,29.5,0.2,0,0.0,0,0.2,2.0,14.4,29.2,0,0,0,7,Open-Meteo Historical Weather API,ERA5,2025,8,3,32,SUMMER,25.275,35.375,0.0,-2.246,-35.175,0.0,-0.994,0.449,0.0,2.88,0,0,0,0,0,0,25.471,25.286,0.557,0.086,43.7,12.7,31.1,-4.375,0.0,0.0,25.1,15.3,0.0,0.0,0.0,0.0,77.0,0.0,25.157,0.0,1
2025-08-11,US_NE,"New York, NY",25.757,20.1,30.9,15.8,2,0.0,0,15.8,25.0,16.2,30.2,0,0,0,7,Open-Meteo Historical Weather API,ERA5,2025,8,3,33,SUMMER,24.079,37.475,0.0,1.678,-21.675,0.0,-0.578,0.0,0.0,255.96,0,0,0,0,0,0,23.029,25.471,-2.246,0.557,0.2,43.7,-35.175,31.1,0.0,0.0,14.4,25.1,0.0,0.0,0.449,0.0,72.4,0.0,24.886,0.0,1
2025-08-18,US_NE,"New York, NY",20.657,16.0,27.5,10.1,2,0.0,0,10.1,22.0,24.4,44.6,0,0,0,7,Open-Meteo Historical Weather API,ERA5,2025,8,3,34,SUMMER,23.914,26.55,0.0,-3.257,-16.45,0.0,-0.62,32.898,0.0,246.44,0,0,0,0,0,0,25.757,23.029,1.678,-2.246,15.8,0.2,-21.675,-35.175,0.0,0.0,16.2,14.4,0.0,0.0,0.0,0.449,69.8,0.0,23.728,0.0,1
2025-08-25,US_NE,"New York, NY",20.514,13.3,28.5,0.1,0,0.0,0,0.1,1.0,17.4,33.1,0,0,0,7,Open-Meteo Historical Weather API,ERA5,2025,8,3,35,SUMMER,22.982,25.85,0.0,-2.468,-25.75,0.0,-0.996,0.247,0.0,1.74,0,0,0,0,0,0,20.657,25.757,-3.257,1.678,10.1,15.8,-16.45,-21.675,0.0,0.0,24.4,16.2,0.0,0.0,32.898,0.0,26.2,0.0,22.489,0.0,1
2025-09-01,US_NE,"New York, NY",20.757,15.8,29.6,33.3,4,0.0,0,33.3,29.0,23.4,50.4,0,0,0,7,Open-Meteo Historical Weather API,ERA5,2025,9,3,36,FALL,22.35,25.1,0.0,-1.593,8.2,0.0,0.327,53.039,0.0,779.22,0,0,0,0,0,0,20.514,20.657,-2.468,-3.257,0.1,10.1,-25.75,-16.45,0.0,0.0,17.4,24.4,0.0,0.0,0.247,32.898,59.3,0.0,21.921,0.0,1
2025-09-08,US_NE,"New York, NY",19.529,13.5,25.3,4.2,1,0.0,0,4.2,11.0,17.9,33.8,0,0,0,7,Open-Meteo Historical Weather API,ERA5,2025,9,3,37,FALL,21.46,16.2,0.0,-1.931,-12.0,0.0,-0.741,8.112,0.0,75.18,0,0,0,0,0,0,20.757,20.514,-1.593,-2.468,33.3,0.1,8.2,-25.75,0.0,0.0,23.4,17.4,0.0,0.0,53.039,0.247,47.7,0.0,20.364,0.0,1
2025-09-15,US_NE,"New York, NY",19.957,14.5,27.5,7.5,1,0.0,0,7.5,15.0,18.7,36.7,0,0,0,7,Open-Meteo Historical Weather API,ERA5,2025,9,3,38,FALL,19.578,29.15,0.0,0.379,-21.65,0.0,-0.743,0.0,0.0,140.25,0,0,0,0,0,0,19.529,20.757,-1.931,-1.593,4.2,33.3,-12.0,8.2,0.0,0.0,17.9,23.4,0.0,0.0,8.112,53.039,45.1,0.0,20.189,0.0,1
2025-09-22,US_NE,"New York, NY",21.643,13.7,27.9,28.4,5,0.0,0,28.4,48.0,19.3,42.8,0,0,0,7,Open-Meteo Historical Weather API,ERA5,2025,9,3,39,FALL,16.989,32.575,0.0,4.654,-4.175,0.0,-0.128,0.0,0.0,548.12,0,0,0,0,0,0,19.957,19.529,0.379,-1.931,7.5,4.2,-21.65,-12.0,0.0,0.0,18.7,17.9,0.0,0.0,0.0,8.112,73.4,0.0,20.472,0.0,1
2025-09-29,US_NE,"New York, NY",18.5,10.9,26.8,0.0,0,0.0,0,0.0,0.0,19.1,39.6,0,0,0,7,Open-Meteo Historical Weather API,ERA5,2025,9,3,40,FALL,17.018,24.725,0.0,1.482,-24.725,0.0,-1.0,0.0,0.0,0.0,0,0,0,0,0,0,21.643,19.957,4.654,0.379,28.4,7.5,-4.175,-21.65,0.0,0.0,19.3,18.7,0.0,0.0,0.0,0.0,40.1,0.0,19.907,0.0,1
2025-10-06,US_NE,"New York, NY",16.629,7.6,26.0,16.2,2,0.0,0,16.2,31.0,28.6,59.0,0,0,0,7,Open-Meteo Historical Weather API,ERA5,2025,10,4,41,FALL,15.622,14.45,0.0,1.008,1.75,0.0,0.121,0.0,0.0,463.32,0,0,0,0,0,0,18.5,21.643,1.482,4.654,0.0,28.4,-24.725,-4.175,0.0,0.0,19.1,19.3,0.0,0.0,0.0,0.0,52.1,0.0,19.182,0.0,1
2025-10-13,US_NE,"New York, NY",13.757,8.1,21.4,23.9,1,0.0,0,23.9,22.0,33.1,72.4,0,0,0,7,Open-Meteo Historical Weather API,ERA5,2025,10,4,42,FALL,13.118,8.375,0.0,0.639,15.525,0.0,1.854,0.0,0.0,791.09,0,0,0,0,0,0,16.629,18.5,1.008,1.482,16.2,0.0,1.75,-24.725,0.0,0.0,28.6,19.1,0.0,0.0,0.0,0.0,68.5,0.0,17.632,0.0,1
2025-10-20,US_NE,"New York, NY",12.9,6.6,19.4,13.4,2,0.0,0,13.4,20.0,28.6,54.7,0,0,0,7,Open-Meteo Historical Weather API,ERA5,2025,10,4,43,FALL,14.568,38.225,0.0,-1.668,-24.825,0.0,-0.649,22.351,0.0,383.24,0,0,0,0,0,0,13.757,16.629,0.639,1.008,23.9,16.2,15.525,1.75,0.0,0.0,33.1,28.6,0.0,0.0,0.0,0.0,53.5,0.0,15.446,0.0,1
2025-10-27,US_NE,"New York, NY",10.886,4.7,16.8,40.3,2,0.0,0,40.3,26.0,33.3,69.5,0,0,0,7,Open-Meteo Historical Weather API,ERA5,2025,10,4,44,FALL,11.95,7.35,0.0,-1.064,32.95,0.0,4.483,42.879,0.0,1341.99,0,0,0,0,0,0,12.9,13.757,-1.668,0.639,13.4,23.9,-24.825,15.525,0.0,0.0,28.6,33.1,0.0,0.0,22.351,0.0,93.8,0.0,13.543,0.0,1
2025-11-03,US_NE,"New York, NY",11.471,3.2,18.0,16.0,2,0.0,0,16.0,19.0,28.3,56.2,0,0,0,7,Open-Meteo Historical Weather API,ERA5,2025,11,4,45,FALL,12.018,11.875,0.0,-0.547,4.125,0.0,0.347,8.748,0.0,452.8,0,0,0,0,0,0,10.886,12.9,-1.064,-1.668,40.3,13.4,32.95,-24.825,0.0,0.0,33.3,28.6,0.0,0.0,42.879,22.351,93.6,0.0,12.253,0.0,1
2025-11-10,US_NE,"New York, NY",7.414,1.4,13.6,13.3,4,0.0,0,13.3,35.0,33.9,64.4,0,1,1,7,Open-Meteo Historical Weather API,ERA5,2025,11,4,46,FALL,7.51,7.625,0.0,-0.097,5.675,0.0,0.744,1.283,0.0,450.87,0,0,0,0,0,0,11.471,10.886,-0.547,-1.064,16.0,40.3,4.125,32.95,0.0,0.0,28.3,33.3,0.0,0.0,8.748,42.879,83.0,0.0,10.668,1.0,1
2025-11-17,US_NE,"New York, NY",5.671,0.1,10.1,9.5,2,0.0,0,9.5,21.0,32.9,59.4,0,3,1,7,Open-Meteo Historical Weather API,ERA5,2025,11,4,47,FALL,6.472,26.15,0.158,-0.8,-16.65,-0.158,-0.637,7.605,0.0,312.55,0,0,0,0,0,0,7.414,11.471,-0.097,-0.547,13.3,16.0,5.675,4.125,0.0,0.0,33.9,28.3,1.0,0.0,1.283,8.748,79.1,0.0,8.86,2.0,1
2025-11-24,US_NE,"New York, NY",6.329,0.7,15.3,16.7,3,0.0,0,16.7,23.0,31.1,57.6,0,3,1,7,Open-Meteo Historical Weather API,ERA5,2025,11,4,48,FALL,5.607,16.325,0.0,0.722,0.375,0.0,0.023,0.0,0.0,519.37,0,0,0,0,0,0,5.671,7.414,-0.8,-0.097,9.5,13.3,-16.65,5.675,0.0,0.0,32.9,33.9,1.0,1.0,7.605,1.283,55.5,0.0,7.721,3.0,1
2025-12-01,US_NE,"New York, NY",1.429,-6.4,5.9,16.4,1,0.21,0,16.7,14.0,23.1,46.1,0,7,1,7,Open-Meteo Historical Weather API,ERA5,2025,12,4,49,WINTER,5.1,15.7,0.402,-3.671,0.7,-0.192,0.045,60.208,0.771,378.84,0,0,0,0,0,0,6.329,5.671,0.722,-0.8,16.7,9.5,0.375,-16.65,0.0,0.0,31.1,32.9,1.0,1.0,0.0,7.605,55.9,0.21,5.211,4.0,1
2025-12-08,US_NE,"New York, NY",-0.657,-8.2,6.3,4.1,1,7.91,1,15.4,26.0,29.3,54.4,0,7,1,7,Open-Meteo Historical Weather API,ERA5,2025,12,4,50,WINTER,4.871,31.1,0.122,-5.528,-27.0,7.788,-0.868,22.666,43.728,120.13,0,0,1,0,0,0,1.429,6.329,-3.671,0.722,16.4,16.7,0.7,0.375,0.21,0.0,23.1,31.1,1.0,1.0,60.208,0.0,46.7,8.12,3.193,4.0,1
2025-12-15,US_NE,"New York, NY",0.8,-7.8,14.0,14.1,1,0.0,0,14.1,17.0,34.0,64.1,0,6,0,7,Open-Meteo Historical Weather API,ERA5,2025,12,4,51,WINTER,2.246,35.5,0.77,-1.447,-21.4,-0.77,-0.603,20.396,0.0,479.4,0,0,0,0,0,0,-0.657,1.429,-5.528,-3.671,4.1,16.4,-27.0,0.7,7.91,0.21,29.3,23.1,1.0,1.0,22.666,60.208,51.3,8.12,1.975,3.0,1
2025-12-22,US_NE,"New York, NY",-0.471,-9.2,7.6,2.1,0,12.53,3,20.0,31.0,28.6,50.0,0,7,0,7,Open-Meteo Historical Weather API,ERA5,2025,12,4,52,WINTER,4.343,20.4,0.245,-4.814,-18.3,12.285,-0.897,10.109,60.316,60.06,0,0,1,0,0,0,0.8,-0.657,-1.447,-5.528,14.1,4.1,-21.4,-27.0,0.0,7.91,34.0,29.3,0.0,1.0,20.396,22.666,36.7,20.65,0.275,2.0,1
2025-12-29,US_NE,"New York, NY",-1.586,-6.0,8.0,5.4,1,1.05,0,6.9,25.0,31.4,59.4,0,7,1,7,Open-Meteo Historical Weather API,ERA5,2025,12,4,1,WINTER,3.204,15.0,3.202,-4.79,-9.6,-2.152,-0.64,25.863,5.029,169.56,0,0,1,0,0,0,-0.471,0.8,-4.814,-1.447,2.1,14.1,-18.3,-21.4,12.53,0.0,28.6,34.0,0.0,0.0,10.109,20.396,25.7,21.49,-0.478,2.0,1
2026-01-05,US_NE,"New York, NY",3.414,-3.7,10.7,13.0,2,0.14,0,13.2,22.0,22.8,46.4,0,6,1,7,Open-Meteo Historical Weather API,ERA5,2026,1,1,2,WINTER,1.189,20.575,0.805,2.225,-7.575,-0.665,-0.368,0.0,0.0,296.4,0,0,0,0,0,0,-1.586,-0.471,-4.79,-4.814,5.4,2.1,-9.6,-18.3,1.05,12.53,31.4,28.6,1.0,0.0,25.863,10.109,34.6,13.72,0.539,2.0,1
2026-01-12,US_NE,"New York, NY",1.557,-5.9,10.3,2.7,1,7.14,2,12.9,27.0,23.3,43.9,0,6,1,7,Open-Meteo Historical Weather API,ERA5,2026,1,1,3,WINTER,-0.246,16.275,4.148,1.803,-13.575,2.992,-0.834,0.0,0.0,62.91,0,0,0,0,0,0,3.414,-1.586,2.225,-4.79,13.0,5.4,-7.575,-9.6,0.14,1.05,22.8,31.4,1.0,1.0,0.0,25.863,23.2,20.86,0.729,3.0,1
2026-01-19,US_NE,"New York, NY",-4.514,-12.8,7.3,4.9,1,17.57,1,30.0,23.0,24.6,45.4,0,7,1,7,Open-Meteo Historical Weather API,ERA5,2026,1,1,4,WINTER,-0.168,16.975,3.955,-4.346,-12.075,13.615,-0.711,21.297,76.364,120.54,0,1,1,0,0,0,1.557,3.414,1.803,2.225,2.7,13.0,-13.575,-7.575,7.14,0.14,23.3,22.8,1.0,1.0,0.0,0.0,26.0,25.9,-0.282,4.0,1
2026-01-26,US_NE,"New York, NY",-9.171,-17.4,-2.8,0.0,0,0.77,0,1.1,8.0,22.2,41.8,0,7,0,7,Open-Meteo Historical Weather API,ERA5,2026,1,1,5,WINTER,0.425,13.525,0.595,-9.596,-13.525,0.175,-1.0,0.0,7.389,0.0,0,0,1,0,0,0,-4.514,1.557,-4.346,1.803,4.9,2.7,-12.075,-13.575,17.57,7.14,24.6,23.3,1.0,1.0,21.297,0.0,20.6,25.62,-2.178,3.0,1
2026-02-02,US_NE,"New York, NY",-6.743,-16.9,1.0,0.0,0,0.98,0,1.4,13.0,33.6,61.9,0,7,0,7,Open-Meteo Historical Weather API,ERA5,2026,2,1,6,WINTER,3.161,4.475,3.238,-9.904,-4.475,-2.258,-1.0,0.0,9.706,0.0,0,0,1,0,0,0,-9.171,-4.514,-9.596,-4.346,0.0,4.9,-13.525,-12.075,0.77,17.57,22.2,24.6,0.0,1.0,0.0,21.297,7.6,26.46,-4.718,2.0,1
2026-02-09,US_NE,"New York, NY",-1.8,-14.2,5.9,0.6,0,0.49,0,1.3,6.0,19.6,37.1,0,7,0,7,Open-Meteo Historical Weather API,ERA5,2026,2,1,7,WINTER,2.461,15.15,6.895,-4.261,-14.55,-6.405,-0.96,2.556,2.088,11.76,0,0,1,0,0,0,-6.743,-9.171,-9.904,-9.596,0.0,0.0,-4.475,-13.525,0.98,0.77,33.6,22.2,0.0,0.0,0.0,0.0,5.5,19.81,-5.557,1.0,1
2026-02-16,US_NE,"New York, NY",1.971,-0.9,6.4,11.2,3,9.03,2,24.0,46.0,26.5,50.0,0,7,3,7,Open-Meteo Historical Weather API,ERA5,2026,2,1,8,WINTER,1.614,12.45,0.525,0.357,-1.25,8.505,-0.1,0.0,0.0,296.8,0,0,0,0,1,0,-1.8,-6.743,-4.261,-9.904,0.6,0.0,-14.55,-4.475,0.49,0.98,19.6,33.6,0.0,0.0,2.556,0.0,11.8,11.27,-3.936,3.0,1
2026-02-23,US_NE,"New York, NY",0.443,-7.0,8.7,0.1,0,16.17,1,23.2,23.0,35.4,70.2,0,7,0,7,Open-Meteo Historical Weather API,ERA5,2026,2,1,9,WINTER,4.978,23.05,2.292,-4.536,-22.95,13.878,-0.996,0.454,73.339,3.54,0,1,0,0,0,0,1.971,-1.8,0.357,-4.261,11.2,0.6,-1.25,-14.55,9.03,0.49,26.5,19.6,3.0,0.0,0.0,2.556,11.9,26.67,-1.532,3.0,1
2026-03-02,US_NE,"New York, NY",2.9,-7.9,17.6,42.3,4,0.7,0,43.3,46.0,19.4,30.6,0,6,4,7,Open-Meteo Historical Weather API,ERA5,2026,3,1,10,SPRING,5.664,39.05,3.395,-2.765,3.25,-2.695,0.083,116.938,1.935,820.62,0,0,0,0,1,0,0.443,1.971,-4.536,0.357,0.1,11.2,-22.95,-1.25,16.17,9.03,35.4,26.5,0.0,3.0,0.454,0.0,54.2,26.39,0.879,7.0,1
2026-03-09,US_NE,"New York, NY",7.786,-0.8,20.6,12.1,2,0.0,0,12.1,17.0,33.6,65.2,0,2,0,7,Open-Meteo Historical Weather API,ERA5,2026,3,1,11,SPRING,8.704,7.5,0.822,-0.918,4.6,-0.822,0.613,11.105,0.0,406.56,0,0,0,0,0,0,2.9,0.443,-2.765,-4.536,42.3,0.1,3.25,-22.95,0.7,16.17,19.4,35.4,4.0,0.0,116.938,0.454,65.7,25.9,3.275,7.0,1
2026-03-16,US_NE,"New York, NY",6.271,-3.0,15.5,38.0,4,0.0,0,38.0,35.0,37.1,94.3,0,3,1,7,Open-Meteo Historical Weather API,ERA5,2026,3,1,12,SPRING,7.289,34.2,0.052,-1.018,3.8,-0.052,0.111,38.694,0.0,1409.8,0,0,0,0,0,0,7.786,2.9,-0.918,-2.765,12.1,42.3,4.6,3.25,0.0,0.7,33.6,19.4,0.0,4.0,11.105,116.938,92.5,16.87,4.35,5.0,1
2026-03-23,US_NE,"New York, NY",7.257,0.1,20.4,17.7,2,0.0,0,17.7,21.0,24.8,57.2,0,2,0,7,Open-Meteo Historical Weather API,ERA5,2026,3,1,13,SPRING,7.539,20.675,0.0,-0.282,-2.975,0.0,-0.144,4.996,0.0,438.96,0,0,0,0,0,0,6.271,7.786,-1.018,-0.918,38.0,12.1,3.8,4.6,0.0,0.0,37.1,33.6,1.0,0.0,38.694,11.105,110.1,0.7,6.054,5.0,1
2026-03-30,US_NE,"New York, NY",13.029,5.1,24.7,20.6,3,0.0,0,20.6,31.0,23.2,43.2,0,0,0,7,Open-Meteo Historical Weather API,ERA5,2026,3,1,14,SPRING,9.643,41.65,0.0,3.386,-21.05,0.0,-0.505,0.0,0.0,477.92,0,0,0,0,0,0,7.257,6.271,-0.282,-1.018,17.7,38.0,-2.975,3.8,0.0,0.0,24.8,37.1,0.0,1.0,4.996,38.694,88.4,0.0,8.586,1.0,1
2026-04-06,US_NE,"New York, NY",8.429,-0.1,16.3,0.3,0,0.0,0,0.3,1.0,26.0,51.1,0,1,0,7,Open-Meteo Historical Weather API,ERA5,2026,4,2,15,SPRING,12.561,17.125,0.14,-4.132,-16.825,-0.14,-0.982,1.24,0.0,7.8,0,0,0,0,0,0,13.029,7.257,3.386,-0.282,20.6,17.7,-21.05,-2.975,0.0,0.0,23.2,24.8,0.0,0.0,0.0,4.996,76.6,0.0,8.746,1.0,1
2026-04-13,US_NE,"New York, NY",17.771,6.9,28.0,6.3,2,0.0,0,6.3,13.0,25.2,55.1,0,0,0,7,Open-Meteo Historical Weather API,ERA5,2026,4,2,16,SPRING,12.353,19.025,0.0,5.418,-12.725,0.0,-0.669,0.0,0.0,158.76,0,0,0,0,0,0,8.429,13.029,-4.132,3.386,0.3,20.6,-16.825,-21.05,0.0,0.0,26.0,23.2,0.0,0.0,1.24,0.0,44.9,0.0,11.622,0.0,1
2026-04-20,US_NE,"New York, NY",9.943,2.0,22.4,32.3,3,0.0,0,32.3,36.0,19.6,41.0,0,0,0,7,Open-Meteo Historical Weather API,ERA5,2026,4,2,17,SPRING,12.532,24.55,0.0,-2.589,7.75,0.0,0.316,83.625,0.0,633.08,0,0,0,0,0,0,17.771,8.429,5.418,-4.132,6.3,0.3,-12.725,-16.825,0.0,0.0,25.2,26.0,0.0,0.0,0.0,1.24,59.5,0.0,12.293,0.0,1
2026-04-27,US_NE,"New York, NY",12.4,7.5,17.8,14.7,3,0.0,0,14.7,21.0,26.7,51.8,0,0,0,7,Open-Meteo Historical Weather API,ERA5,2026,4,2,18,SPRING,14.704,23.925,0.0,-2.304,-9.225,0.0,-0.386,33.865,0.0,392.49,0,0,0,0,0,0,9.943,17.771,-2.589,5.418,32.3,6.3,7.75,-12.725,0.0,0.0,19.6,25.2,0.0,0.0,83.625,0.0,53.6,0.0,12.136,0.0,1
2026-05-04,US_NE,"New York, NY",15.743,9.6,25.1,15.2,4,0.0,0,15.2,26.0,25.6,43.9,0,0,0,7,Open-Meteo Historical Weather API,ERA5,2026,5,2,19,SPRING,17.008,21.425,0.0,-1.264,-6.225,0.0,-0.291,19.22,0.0,389.12,0,0,0,0,0,0,12.4,9.943,-2.304,-2.589,14.7,32.3,-9.225,7.75,0.0,0.0,26.7,19.6,0.0,0.0,33.865,83.625,68.5,0.0,13.964,0.0,1
2026-05-11,US_NE,"New York, NY",16.529,8.7,28.7,8.1,3,0.0,0,8.1,21.0,26.8,48.2,0,0,0,7,Open-Meteo Historical Weather API,ERA5,2026,5,2,20,SPRING,17.807,19.95,0.0,-1.278,-11.85,0.0,-0.594,10.352,0.0,217.08,0,0,0,0,0,0,15.743,12.4,-1.264,-2.304,15.2,14.7,-6.225,-9.225,0.0,0.0,25.6,26.7,0.0,0.0,19.22,33.865,70.3,0.0,13.654,0.0,1
2026-05-18,US_NE,"New York, NY",19.2,11.1,34.2,34.0,4,0.0,0,34.0,43.0,19.7,39.2,0,0,0,7,Open-Meteo Historical Weather API,ERA5,2026,5,2,21,SPRING,17.79,11.15,0.0,1.41,22.85,0.0,2.049,0.0,0.0,669.8,0,0,0,0,0,0,16.529,15.743,-1.278,-1.264,8.1,15.2,-11.85,-6.225,0.0,0.0,26.8,25.6,0.0,0.0,10.352,19.22,72.0,0.0,15.968,0.0,1
2026-05-25,US_NE,"New York, NY",19.1,10.3,27.2,4.2,1,0.0,0,4.2,11.0,31.7,60.1,0,0,0,7,Open-Meteo Historical Weather API,ERA5,2026,5,2,22,SPRING,19.453,19.7,0.0,-0.353,-15.5,0.0,-0.787,1.484,0.0,133.14,0,0,0,0,0,0,19.2,16.529,1.41,-1.278,34.0,8.1,22.85,-11.85,0.0,0.0,19.7,26.8,0.0,0.0,0.0,10.352,61.5,0.0,17.643,0.0,1
2026-06-01,US_NE,"New York, NY",21.6,11.8,32.7,1.0,0,0.0,0,1.0,3.0,21.9,45.0,0,0,0,7,Open-Meteo Historical Weather API,ERA5,2026,6,2,23,SUMMER,21.161,18.825,0.0,0.439,-17.825,0.0,-0.947,0.0,0.0,21.9,0,0,0,0,0,0,19.1,19.2,-0.353,1.41,4.2,34.0,-15.5,22.85,0.0,0.0,31.7,19.7,0.0,0.0,1.484,0.0,47.3,0.0,19.107,0.0,1
2026-06-08,US_NE,"New York, NY",24.357,15.7,33.4,2.8,1,0.0,0,2.8,10.0,21.8,39.6,0,0,0,7,Open-Meteo Historical Weather API,ERA5,2026,6,2,24,SUMMER,21.078,18.625,0.0,3.279,-15.825,0.0,-0.85,0.0,0.0,61.04,0,0,0,0,0,0,21.6,19.1,0.439,-0.353,1.0,4.2,-17.825,-15.5,0.0,0.0,21.9,31.7,0.0,0.0,0.0,1.484,42.0,0.0,21.064,0.0,1
2026-06-15,US_NE,"New York, NY",22.829,15.6,30.1,14.6,2,0.0,0,14.6,13.0,34.3,58.3,0,0,0,7,Open-Meteo Historical Weather API,ERA5,2026,6,2,25,SUMMER,22.9,15.775,0.0,-0.071,-1.175,0.0,-0.074,1.037,0.0,500.78,0,0,0,0,0,0,24.357,21.6,3.279,0.439,2.8,1.0,-15.825,-17.825,0.0,0.0,21.8,21.9,0.0,0.0,0.0,0.0,22.6,0.0,21.972,0.0,1
2026-06-22,US_NE,"New York, NY",22.514,17.0,27.7,31.7,4,0.0,0,31.7,47.0,21.6,43.2,0,0,0,7,Open-Meteo Historical Weather API,ERA5,2026,6,2,26,SUMMER,24.871,26.75,0.0,-2.357,4.95,0.0,0.185,74.725,0.0,684.72,0,0,0,0,0,0,22.829,24.357,-0.071,3.279,14.6,2.8,-1.175,-15.825,0.0,0.0,34.3,21.8,0.0,0.0,1.037,0.0,50.1,0.0,22.825,0.0,1
2021-07-05,US_PNW,"Seattle, WA",19.343,13.5,26.1,0.0,0,0.0,0,0.0,0.0,17.8,40.7,0,0,0,7,Open-Meteo Historical Weather API,ERA5,2021,7,3,27,SUMMER,,,,,,,,,,0.0,0,0,0,0,0,0,,,,,,,,,,,,,,,,,0.0,0.0,19.343,0.0,0
2021-07-12,US_PNW,"Seattle, WA",19.014,14.4,26.4,0.0,0,0.0,0,0.0,0.0,12.4,28.8,0,0,0,7,Open-Meteo Historical Weather API,ERA5,2021,7,3,28,SUMMER,,,,,,,,,,0.0,0,0,0,0,0,0,19.343,,,,0.0,,,,0.0,,17.8,,0.0,,,,0.0,0.0,19.178,0.0,0
2021-07-19,US_PNW,"Seattle, WA",19.571,14.4,27.0,2.2,1,0.0,0,2.2,12.0,13.6,31.3,0,0,0,7,Open-Meteo Historical Weather API,ERA5,2021,7,3,29,SUMMER,,,,,,,,,,29.92,0,0,0,0,0,0,19.014,19.343,,,0.0,0.0,,,0.0,0.0,12.4,17.8,0.0,0.0,,,2.2,0.0,19.309,0.0,0
2021-07-26,US_PNW,"Seattle, WA",21.714,16.0,30.0,1.0,1,0.0,0,1.0,3.0,13.8,28.4,0,0,0,7,Open-Meteo Historical Weather API,ERA5,2021,7,3,30,SUMMER,,,,,,,,,,13.8,0,0,0,0,0,0,19.571,19.014,,,2.2,0.0,,,0.0,0.0,13.6,12.4,0.0,0.0,,,3.2,0.0,19.91,0.0,0
2021-08-02,US_PNW,"Seattle, WA",20.6,14.1,29.1,12.8,3,0.0,0,12.8,33.0,18.7,41.8,0,0,0,7,Open-Meteo Historical Weather API,ERA5,2021,8,3,31,SUMMER,,,,,,,,,,239.36,0,0,0,0,0,0,21.714,19.571,,,1.0,2.2,,,0.0,0.0,13.8,13.6,0.0,0.0,,,16.0,0.0,20.225,0.0,0
2021-08-09,US_PNW,"Seattle, WA",22.429,15.1,31.5,0.0,0,0.0,0,0.0,0.0,16.6,31.0,0,0,0,7,Open-Meteo Historical Weather API,ERA5,2021,8,3,32,SUMMER,,,,,,,,,,0.0,0,0,0,0,0,0,20.6,21.714,,,12.8,1.0,,,0.0,0.0,18.7,13.8,0.0,0.0,,,16.0,0.0,21.078,0.0,0
2021-08-16,US_PNW,"Seattle, WA",17.614,12.6,24.3,1.8,1,0.0,0,1.8,10.0,19.1,44.3,0,0,0,7,Open-Meteo Historical Weather API,ERA5,2021,8,3,33,SUMMER,,,,,,,,,,34.38,0,0,0,0,0,0,22.429,20.6,,,0.0,12.8,,,0.0,0.0,16.6,18.7,0.0,0.0,,,15.6,0.0,20.589,0.0,0
2021-08-23,US_PNW,"Seattle, WA",17.086,10.5,24.0,2.2,1,0.0,0,2.2,10.0,14.9,33.5,0,0,0,7,Open-Meteo Historical Weather API,ERA5,2021,8,3,34,SUMMER,,,,,,,,,,32.78,0,0,0,0,0,0,17.614,22.429,,,1.8,0.0,,,0.0,0.0,19.1,16.6,0.0,0.0,,,16.8,0.0,19.432,0.0,0
2021-08-30,US_PNW,"Seattle, WA",16.6,9.5,25.1,0.6,0,0.0,0,0.6,4.0,18.2,40.3,0,0,0,7,Open-Meteo Historical Weather API,ERA5,2021,8,3,35,SUMMER,,,,,,,,,,10.92,0,0,0,0,0,0,17.086,17.614,,,2.2,1.8,,,0.0,0.0,14.9,19.1,0.0,0.0,,,4.6,0.0,18.432,0.0,0
2021-09-06,US_PNW,"Seattle, WA",18.014,13.0,26.0,8.7,3,0.0,0,8.7,28.0,15.9,33.5,0,0,0,7,Open-Meteo Historical Weather API,ERA5,2021,9,3,36,FALL,,,,,,,,,,138.33,0,0,0,0,0,0,16.6,17.086,,,0.6,2.2,,,0.0,0.0,18.2,14.9,0.0,0.0,,,13.3,0.0,17.328,0.0,0
2021-09-13,US_PNW,"Seattle, WA",14.757,8.8,19.0,59.6,5,0.0,0,59.6,72.0,23.2,68.4,0,0,0,7,Open-Meteo Historical Weather API,ERA5,2021,9,3,37,FALL,,,,,,,,,,1382.72,1,0,0,0,0,0,18.014,16.6,,,8.7,0.6,,,0.0,0.0,15.9,18.2,0.0,0.0,,,71.1,0.0,16.614,0.0,0
2021-09-20,US_PNW,"Seattle, WA",15.543,10.0,23.6,9.7,1,0.0,0,9.7,15.0,22.0,51.1,0,0,0,7,Open-Meteo Historical Weather API,ERA5,2021,9,3,38,FALL,,,,,,,,,,213.4,0,0,0,0,0,0,14.757,18.014,,,59.6,8.7,,,0.0,0.0,23.2,15.9,0.0,0.0,,,78.6,0.0,16.228,0.0,0
2021-09-27,US_PNW,"Seattle, WA",13.271,8.3,18.1,36.3,5,0.0,0,36.3,67.0,23.8,53.3,0,0,0,7,Open-Meteo Historical Weather API,ERA5,2021,9,3,39,FALL,,,,,,,,,,863.94,0,0,0,0,0,0,15.543,14.757,,,9.7,59.6,,,0.0,0.0,22.0,23.2,0.0,0.0,,,114.3,0.0,15.396,0.0,0
2021-10-04,US_PNW,"Seattle, WA",10.914,5.4,15.2,31.4,4,0.0,0,31.4,55.0,24.5,51.5,0,0,0,7,Open-Meteo Historical Weather API,ERA5,2021,10,4,40,FALL,,,,,,,,,,769.3,0,0,0,0,0,0,13.271,15.543,,,36.3,9.7,,,0.0,0.0,23.8,22.0,0.0,0.0,,,137.0,0.0,13.621,0.0,0
2021-10-11,US_PNW,"Seattle, WA",10.529,3.5,17.6,15.1,6,0.0,0,15.1,51.0,17.4,34.9,0,0,0,7,Open-Meteo Historical Weather API,ERA5,2021,10,4,41,FALL,,,,,,,,,,262.74,0,0,0,0,0,0,10.914,13.271,,,31.4,36.3,,,0.0,0.0,24.5,23.8,0.0,0.0,,,92.5,0.0,12.564,0.0,0
2021-10-18,US_PNW,"Seattle, WA",12.071,7.2,19.1,33.9,5,0.0,0,33.9,63.0,24.1,58.3,0,0,0,7,Open-Meteo Historical Weather API,ERA5,2021,10,4,42,FALL,,,,,,,,,,816.99,0,0,0,0,0,0,10.529,10.914,,,15.1,31.4,,,0.0,0.0,17.4,24.5,0.0,0.0,,,116.7,0.0,11.696,0.0,0
2021-10-25,US_PNW,"Seattle, WA",10.414,3.8,15.4,82.2,5,0.0,0,82.2,81.0,27.5,62.3,0,0,0,7,Open-Meteo Historical Weather API,ERA5,2021,10,4,43,FALL,,,,,,,,,,2260.5,1,0,0,0,0,0,12.071,10.529,,,33.9,15.1,,,0.0,0.0,24.1,17.4,0.0,0.0,,,162.6,0.0,10.982,0.0,0
2021-11-01,US_PNW,"Seattle, WA",9.129,5.5,13.7,57.0,7,0.0,0,57.0,87.0,28.4,61.6,0,0,0,7,Open-Meteo Historical Weather API,ERA5,2021,11,4,44,FALL,,,,,,,,,,1618.8,1,0,0,0,0,0,10.414,12.071,,,82.2,33.9,,,0.0,0.0,27.5,24.1,0.0,0.0,,,188.2,0.0,10.536,0.0,0
2021-11-08,US_PNW,"Seattle, WA",10.229,4.3,15.6,107.9,6,0.0,0,107.9,101.0,28.9,70.6,0,0,0,7,Open-Meteo Historical Weather API,ERA5,2021,11,4,45,FALL,,,,,,,,,,3118.31,1,0,0,0,0,0,9.129,10.414,,,57.0,82.2,,,0.0,0.0,28.4,27.5,0.0,0.0,,,281.0,0.0,10.461,0.0,0
2021-11-15,US_PNW,"Seattle, WA",6.814,0.8,14.8,33.8,3,0.0,0,33.8,36.0,34.1,77.4,0,2,0,7,Open-Meteo Historical Weather API,ERA5,2021,11,4,46,FALL,,,,,,,,,,1152.58,0,0,0,0,0,0,10.229,9.129,,,107.9,57.0,,,0.0,0.0,28.9,28.4,0.0,0.0,,,280.9,0.0,9.146,0.0,0
2021-11-22,US_PNW,"Seattle, WA",8.814,3.0,14.4,67.2,5,0.0,0,67.2,90.0,26.2,60.1,0,0,0,7,Open-Meteo Historical Weather API,ERA5,2021,11,4,47,FALL,,,,,,,,,,1760.64,1,0,0,0,0,0,6.814,10.229,,,33.8,107.9,,,0.0,0.0,34.1,28.9,0.0,0.0,,,265.9,0.0,8.746,0.0,0
2021-11-29,US_PNW,"Seattle, WA",8.386,1.6,14.2,33.1,5,0.0,0,33.1,75.0,22.4,46.8,0,3,1,7,Open-Meteo Historical Weather API,ERA5,2021,11,4,48,FALL,,,,,,,,,,741.44,0,0,0,0,0,0,8.814,6.814,,,67.2,33.8,,,0.0,0.0,26.2,34.1,0.0,0.0,,,242.0,0.0,8.561,1.0,0
2021-12-06,US_PNW,"Seattle, WA",5.843,3.0,9.1,61.9,6,0.49,0,62.6,116.0,35.9,80.3,0,3,3,7,Open-Meteo Historical Weather API,ERA5,2021,12,4,49,WINTER,,,,,,,,,,2222.21,1,0,0,0,1,0,8.386,8.814,,,33.1,67.2,,,0.0,0.0,22.4,26.2,1.0,0.0,,,196.0,0.49,7.464,4.0,0
2021-12-13,US_PNW,"Seattle, WA",4.6,1.9,9.4,43.0,6,1.33,0,44.9,78.0,32.9,67.7,0,6,5,7,Open-Meteo Historical Weather API,ERA5,2021,12,4,50,WINTER,,,,,,,,,,1414.7,0,0,0,0,1,0,5.843,8.386,,,61.9,33.1,,,0.49,0.0,35.9,22.4,3.0,1.0,,,205.2,1.82,6.911,9.0,0
2021-12-20,US_PNW,"Seattle, WA",3.471,-4.5,9.5,36.1,6,8.05,2,47.1,92.0,24.7,56.5,0,5,4,7,Open-Meteo Historical Weather API,ERA5,2021,12,4,51,WINTER,,,,,,,,,,891.67,0,0,0,0,1,0,4.6,5.843,,,43.0,61.9,,,1.33,0.49,32.9,35.9,5.0,3.0,,,174.1,9.87,5.575,13.0,0
2021-12-27,US_PNW,"Seattle, WA",-1.5,-7.3,5.1,7.4,1,5.67,1,15.2,37.0,21.1,81.0,0,7,1,7,Open-Meteo Historical Weather API,ERA5,2021,12,4,52,WINTER,,,,,,,,,,156.14,0,0,1,0,0,0,3.471,4.6,,,36.1,43.0,,,8.05,1.33,24.7,32.9,4.0,5.0,,,148.4,15.54,3.104,13.0,0
2022-01-03,US_PNW,"Seattle, WA",4.529,0.7,9.8,110.7,6,6.86,2,120.5,119.0,29.1,62.3,0,4,3,7,Open-Meteo Historical Weather API,ERA5,2022,1,1,1,WINTER,,,,,,,,,,3221.37,1,0,0,0,1,0,-1.5,3.471,,,7.4,36.1,,,5.67,8.05,21.1,24.7,1.0,4.0,,,197.2,21.91,2.775,13.0,0
2022-01-10,US_PNW,"Seattle, WA",7.743,2.6,14.1,58.9,4,0.0,0,58.9,51.0,20.4,41.0,0,0,0,7,Open-Meteo Historical Weather API,ERA5,2022,1,1,2,WINTER,,,,,,,,,,1201.56,1,0,0,0,0,0,4.529,-1.5,,,110.7,7.4,,,6.86,5.67,29.1,21.1,3.0,1.0,,,213.1,20.58,3.561,8.0,0
2022-01-17,US_PNW,"Seattle, WA",6.671,2.2,11.1,30.6,4,0.0,0,30.6,56.0,22.2,52.2,0,2,0,7,Open-Meteo Historical Weather API,ERA5,2022,1,1,3,WINTER,,,,,,,,,,679.32,0,0,0,0,0,0,7.743,4.529,,,58.9,110.7,,,0.0,6.86,20.4,29.1,0.0,3.0,,,207.6,12.53,4.361,4.0,0
2022-01-24,US_PNW,"Seattle, WA",4.086,0.5,10.1,8.3,1,0.0,0,8.3,12.0,27.4,54.0,0,5,0,7,Open-Meteo Historical Weather API,ERA5,2022,1,1,4,WINTER,,,,,,,,,,227.42,0,0,0,0,0,0,6.671,7.743,,,30.6,58.9,,,0.0,0.0,22.2,20.4,0.0,0.0,,,208.5,6.86,5.757,3.0,0
2022-01-31,US_PNW,"Seattle, WA",5.243,0.7,8.9,12.0,5,0.28,0,12.4,70.0,23.7,48.2,0,3,2,7,Open-Meteo Historical Weather API,ERA5,2022,1,1,5,WINTER,,,,,,,,,,284.4,0,0,0,0,1,0,4.086,6.671,,,8.3,30.6,,,0.0,0.0,27.4,22.2,0.0,0.0,,,109.8,0.28,5.936,2.0,0
2022-02-07,US_PNW,"Seattle, WA",7.071,0.9,13.4,1.7,1,0.0,0,1.7,8.0,21.2,42.1,0,0,0,7,Open-Meteo Historical Weather API,ERA5,2022,2,1,6,WINTER,,,,,,,,,,36.04,0,0,0,0,0,0,5.243,4.086,,,12.0,8.3,,,0.28,0.0,23.7,27.4,2.0,0.0,,,52.6,0.28,5.768,2.0,0
2022-02-14,US_PNW,"Seattle, WA",7.057,4.1,10.5,18.3,3,0.07,0,18.4,54.0,24.9,52.9,0,0,0,7,Open-Meteo Historical Weather API,ERA5,2022,2,1,7,WINTER,,,,,,,,,,455.67,0,0,0,0,0,0,7.071,5.243,,,1.7,12.0,,,0.0,0.28,21.2,23.7,0.0,2.0,,,40.3,0.35,5.864,2.0,0
2022-02-21,US_PNW,"Seattle, WA",3.071,-3.7,9.6,27.3,3,0.84,0,28.5,56.0,21.3,55.8,0,6,2,7,Open-Meteo Historical Weather API,ERA5,2022,2,1,8,WINTER,,,,,,,,,,581.49,0,0,0,0,1,0,7.057,7.071,,,18.3,1.7,,,0.07,0.0,24.9,21.2,0.0,0.0,,,59.3,1.19,5.61,4.0,0
2022-02-28,US_PNW,"Seattle, WA",8.371,2.3,13.3,75.6,4,0.0,0,75.6,91.0,24.4,51.8,0,0,0,7,Open-Meteo Historical Weather API,ERA5,2022,2,1,9,WINTER,,,,,,,,,,1844.64,1,0,0,0,0,0,3.071,7.057,,,27.3,18.3,,,0.84,0.07,21.3,24.9,2.0,0.0,,,122.9,0.91,6.392,2.0,0
2022-03-07,US_PNW,"Seattle, WA",6.657,-0.7,13.3,17.7,3,0.0,0,17.7,32.0,21.1,44.3,0,2,0,7,Open-Meteo Historical Weather API,ERA5,2022,3,1,10,SPRING,,,,,,,,,,373.47,0,0,0,0,0,0,8.371,3.071,,,75.6,27.3,,,0.0,0.84,24.4,21.3,0.0,2.0,,,138.9,0.91,6.289,2.0,0
2022-03-14,US_PNW,"Seattle, WA",8.2,3.9,12.4,56.8,6,0.07,0,56.9,124.0,20.1,46.8,0,0,0,7,Open-Meteo Historical Weather API,ERA5,2022,3,1,11,SPRING,,,,,,,,,,1141.68,1,0,0,0,0,0,6.657,8.371,,,17.7,75.6,,,0.0,0.0,21.1,24.4,0.0,0.0,,,177.4,0.91,6.575,2.0,0
2022-03-21,US_PNW,"Seattle, WA",9.886,3.8,16.9,28.5,4,0.0,0,28.5,62.0,17.6,38.5,0,0,0,7,Open-Meteo Historical Weather API,ERA5,2022,3,1,12,SPRING,,,,,,,,,,501.6,0,0,0,0,0,0,8.2,6.657,,,56.8,17.7,,,0.07,0.0,20.1,21.1,0.0,0.0,,,178.6,0.07,8.279,0.0,0
2022-03-28,US_PNW,"Seattle, WA",9.286,5.2,13.2,22.4,5,0.0,0,22.4,66.0,27.3,52.6,0,0,0,7,Open-Meteo Historical Weather API,ERA5,2022,3,1,13,SPRING,,,,,,,,,,611.52,0,0,0,0,0,0,9.886,8.2,,,28.5,56.8,,,0.0,0.07,17.6,20.1,0.0,0.0,,,125.4,0.07,8.507,0.0,0
2022-04-04,US_PNW,"Seattle, WA",8.471,1.5,21.3,43.8,5,0.49,0,44.5,91.0,32.4,78.5,0,1,1,7,Open-Meteo Historical Weather API,ERA5,2022,4,2,14,SPRING,,,,,,,,,,1419.12,0,0,0,0,0,0,9.286,9.886,,,22.4,28.5,,,0.0,0.0,27.3,17.6,0.0,0.0,,,151.5,0.56,8.961,1.0,0
2022-04-11,US_PNW,"Seattle, WA",5.914,1.6,13.6,14.1,5,0.14,0,14.3,62.0,20.4,48.6,0,2,2,7,Open-Meteo Historical Weather API,ERA5,2022,4,2,15,SPRING,,,,,,,,,,287.64,0,0,0,0,1,0,8.471,9.286,,,43.8,22.4,,,0.49,0.0,32.4,27.3,1.0,0.0,,,108.8,0.63,8.389,3.0,0
2022-04-18,US_PNW,"Seattle, WA",9.529,3.2,19.0,25.1,4,0.0,0,25.1,60.0,29.3,65.5,0,0,0,7,Open-Meteo Historical Weather API,ERA5,2022,4,2,16,SPRING,,,,,,,,,,735.43,0,0,0,0,0,0,5.914,8.471,,,14.1,43.8,,,0.14,0.49,20.4,32.4,2.0,1.0,,,105.4,0.63,8.3,3.0,0
2022-04-25,US_PNW,"Seattle, WA",10.329,5.6,16.0,24.6,5,0.0,0,24.6,71.0,19.3,46.4,0,0,0,7,Open-Meteo Historical Weather API,ERA5,2022,4,2,17,SPRING,,,,,,,,,,474.78,0,0,0,0,0,0,9.529,5.914,,,25.1,14.1,,,0.0,0.14,29.3,20.4,0.0,2.0,,,107.6,0.63,8.561,3.0,0
2022-05-02,US_PNW,"Seattle, WA",10.243,5.5,16.8,47.8,5,0.0,0,47.8,80.0,22.2,51.5,0,0,0,7,Open-Meteo Historical Weather API,ERA5,2022,5,2,18,SPRING,,,,,,,,,,1061.16,0,0,0,0,0,0,10.329,9.529,,,24.6,25.1,,,0.0,0.0,19.3,29.3,0.0,0.0,,,111.6,0.14,9.004,2.0,0
2022-05-09,US_PNW,"Seattle, WA",10.671,5.6,16.7,50.2,5,0.0,0,50.2,99.0,24.0,52.2,0,0,0,7,Open-Meteo Historical Weather API,ERA5,2022,5,2,19,SPRING,,,,,,,,,,1204.8,1,0,0,0,0,0,10.243,10.329,,,47.8,24.6,,,0.0,0.0,22.2,19.3,0.0,0.0,,,147.7,0.0,10.193,0.0,0
2022-05-16,US_PNW,"Seattle, WA",12.0,6.6,19.7,14.4,3,0.0,0,14.4,42.0,27.8,60.8,0,0,0,7,Open-Meteo Historical Weather API,ERA5,2022,5,2,20,SPRING,,,,,,,,,,400.32,0,0,0,0,0,0,10.671,10.243,,,50.2,47.8,,,0.0,0.0,24.0,22.2,0.0,0.0,,,137.0,0.0,10.811,0.0,0
2022-05-23,US_PNW,"Seattle, WA",13.371,10.1,19.3,34.0,6,0.0,0,34.0,86.0,18.3,46.1,0,0,0,7,Open-Meteo Historical Weather API,ERA5,2022,5,2,21,SPRING,,,,,,,,,,622.2,0,0,0,0,0,0,12.0,10.671,,,14.4,50.2,,,0.0,0.0,27.8,24.0,0.0,0.0,,,146.4,0.0,11.571,0.0,0
2022-05-30,US_PNW,"Seattle, WA",15.114,9.3,22.1,38.8,5,0.0,0,38.8,69.0,20.4,45.7,0,0,0,7,Open-Meteo Historical Weather API,ERA5,2022,5,2,22,SPRING,,,,,,,,,,791.52,0,0,0,0,0,0,13.371,12.0,,,34.0,14.4,,,0.0,0.0,18.3,27.8,0.0,0.0,,,137.4,0.0,12.789,0.0,0
2022-06-06,US_PNW,"Seattle, WA",15.029,9.9,21.7,48.6,4,0.0,0,48.6,79.0,17.3,40.0,0,0,0,7,Open-Meteo Historical Weather API,ERA5,2022,6,2,23,SUMMER,,,,,,,,,,840.78,0,0,0,0,0,0,15.114,13.371,,,38.8,34.0,,,0.0,0.0,20.4,18.3,0.0,0.0,,,135.8,0.0,13.878,0.0,0
2022-06-13,US_PNW,"Seattle, WA",13.757,9.9,19.0,18.3,4,0.0,0,18.3,61.0,20.6,40.3,0,0,0,7,Open-Meteo Historical Weather API,ERA5,2022,6,2,24,SUMMER,,,,,,,,,,376.98,0,0,0,0,0,0,15.029,15.114,,,48.6,38.8,,,0.0,0.0,17.3,20.4,0.0,0.0,,,139.7,0.0,14.318,0.0,0
2022-06-20,US_PNW,"Seattle, WA",17.857,10.9,29.3,8.6,3,0.0,0,8.6,25.0,15.0,33.8,0,0,0,7,Open-Meteo Historical Weather API,ERA5,2022,6,2,25,SUMMER,,,,,,,,,,129.0,0,0,0,0,0,0,13.757,15.029,,,18.3,48.6,,,0.0,0.0,20.6,17.3,0.0,0.0,,,114.3,0.0,15.439,0.0,0
2022-06-27,US_PNW,"Seattle, WA",17.414,12.3,31.0,7.3,1,0.0,0,7.3,36.0,21.5,46.1,0,0,0,7,Open-Meteo Historical Weather API,ERA5,2022,6,2,26,SUMMER,,,,,,,,,,156.95,0,0,0,0,0,0,17.857,13.757,,,8.6,18.3,,,0.0,0.0,15.0,20.6,0.0,0.0,,,82.8,0.0,16.014,0.0,0
2022-07-04,US_PNW,"Seattle, WA",17.957,11.9,22.8,6.0,1,0.0,0,6.0,37.0,10.8,24.8,0,0,0,7,Open-Meteo Historical Weather API,ERA5,2022,7,3,27,SUMMER,19.343,0.0,0.0,-1.386,6.0,0.0,6.0,8.316,0.0,64.8,0,0,0,0,0,0,17.414,17.857,,,7.3,8.6,,,0.0,0.0,21.5,15.0,0.0,0.0,,,40.2,0.0,16.746,0.0,1
2022-07-11,US_PNW,"Seattle, WA",18.857,13.6,26.7,0.7,0,0.0,0,0.7,7.0,13.1,30.2,0,0,0,7,Open-Meteo Historical Weather API,ERA5,2022,7,3,28,SUMMER,19.014,0.0,0.0,-0.157,0.7,0.0,0.7,0.11,0.0,9.17,0,0,0,0,0,0,17.957,17.414,-1.386,,6.0,7.3,6.0,,0.0,0.0,10.8,21.5,0.0,0.0,8.316,,22.6,0.0,18.021,0.0,1
2022-07-18,US_PNW,"Seattle, WA",18.886,12.9,27.0,0.4,0,0.0,0,0.4,4.0,14.9,32.4,0,0,0,7,Open-Meteo Historical Weather API,ERA5,2022,7,3,29,SUMMER,19.571,2.2,0.0,-0.685,-1.8,0.0,-0.818,0.274,0.0,5.96,0,0,0,0,0,0,18.857,17.957,-0.157,-1.386,0.7,6.0,0.7,6.0,0.0,0.0,13.1,10.8,0.0,0.0,0.11,8.316,14.4,0.0,18.278,0.0,1
2022-07-25,US_PNW,"Seattle, WA",24.043,15.0,32.6,0.0,0,0.0,0,0.0,0.0,11.5,27.4,0,0,0,7,Open-Meteo Historical Weather API,ERA5,2022,7,3,30,SUMMER,21.714,1.0,0.0,2.329,-1.0,0.0,-1.0,0.0,0.0,0.0,0,0,0,0,0,0,18.886,18.857,-0.685,-0.157,0.4,0.7,-1.8,0.7,0.0,0.0,14.9,13.1,0.0,0.0,0.274,0.11,7.1,0.0,19.936,0.0,1
2022-08-01,US_PNW,"Seattle, WA",19.214,12.3,28.7,1.4,1,0.0,0,1.4,10.0,17.8,37.8,0,0,0,7,Open-Meteo Historical Weather API,ERA5,2022,8,3,31,SUMMER,20.6,12.8,0.0,-1.386,-11.4,0.0,-0.891,1.94,0.0,24.92,0,0,0,0,0,0,24.043,18.886,2.329,-0.685,0.0,0.4,-1.0,-1.8,0.0,0.0,11.5,14.9,0.0,0.0,0.0,0.274,2.5,0.0,20.25,0.0,1
2022-08-08,US_PNW,"Seattle, WA",19.657,14.3,29.0,0.9,0,0.0,0,0.9,8.0,17.4,38.9,0,0,0,7,Open-Meteo Historical Weather API,ERA5,2022,8,3,32,SUMMER,22.429,0.0,0.0,-2.772,0.9,0.0,0.9,2.495,0.0,15.66,0,0,0,0,0,0,19.214,24.043,-1.386,2.329,1.4,0.0,-11.4,-1.0,0.0,0.0,17.8,11.5,0.0,0.0,1.94,0.0,2.7,0.0,20.45,0.0,1
2022-08-15,US_PNW,"Seattle, WA",21.486,14.5,29.4,0.8,0,0.0,0,0.8,4.0,14.4,33.8,0,0,0,7,Open-Meteo Historical Weather API,ERA5,2022,8,3,33,SUMMER,17.614,1.8,0.0,3.872,-1.0,0.0,-0.556,0.0,0.0,11.52,0,0,0,0,0,0,19.657,19.214,-2.772,-1.386,0.9,1.4,0.9,-11.4,0.0,0.0,17.4,17.8,0.0,0.0,2.495,1.94,3.1,0.0,21.1,0.0,1
2022-08-22,US_PNW,"Seattle, WA",19.8,13.0,29.2,2.9,1,0.0,0,2.9,19.0,17.4,37.1,0,0,0,7,Open-Meteo Historical Weather API,ERA5,2022,8,3,34,SUMMER,17.086,2.2,0.0,2.714,0.7,0.0,0.318,0.0,0.0,50.46,0,0,0,0,0,0,21.486,19.657,3.872,-2.772,0.8,0.9,-1.0,0.9,0.0,0.0,14.4,17.4,0.0,0.0,0.0,2.495,6.0,0.0,20.039,0.0,1
2022-08-29,US_PNW,"Seattle, WA",19.857,13.3,28.4,0.2,0,0.0,0,0.2,2.0,16.7,37.8,0,0,0,7,Open-Meteo Historical Weather API,ERA5,2022,8,3,35,SUMMER,16.6,0.6,0.0,3.257,-0.4,0.0,-0.4,0.0,0.0,3.34,0,0,0,0,0,0,19.8,21.486,2.714,3.872,2.9,0.8,0.7,-1.0,0.0,0.0,17.4,14.4,0.0,0.0,0.0,0.0,4.8,0.0,20.2,0.0,1
2022-09-05,US_PNW,"Seattle, WA",18.171,11.4,28.6,1.2,1,0.0,0,1.2,8.0,18.6,41.8,0,0,0,7,Open-Meteo Historical Weather API,ERA5,2022,9,3,36,FALL,18.014,8.7,0.0,0.157,-7.5,0.0,-0.862,0.0,0.0,22.32,0,0,0,0,0,0,19.857,19.8,3.257,2.714,0.2,2.9,-0.4,0.7,0.0,0.0,16.7,17.4,0.0,0.0,0.0,0.0,5.1,0.0,19.828,0.0,1
2022-09-12,US_PNW,"Seattle, WA",16.814,10.4,21.6,3.7,1,0.0,0,3.7,27.0,16.0,39.6,0,0,0,7,Open-Meteo Historical Weather API,ERA5,2022,9,3,37,FALL,14.757,59.6,0.0,2.057,-55.9,0.0,-0.938,0.0,0.0,59.2,0,0,0,0,0,0,18.171,19.857,0.157,3.257,1.2,0.2,-7.5,-0.4,0.0,0.0,18.6,16.7,0.0,0.0,0.0,0.0,8.0,0.0,18.66,0.0,1
2022-09-19,US_PNW,"Seattle, WA",16.629,9.9,24.4,0.0,0,0.0,0,0.0,0.0,18.7,40.0,0,0,0,7,Open-Meteo Historical Weather API,ERA5,2022,9,3,38,FALL,15.543,9.7,0.0,1.086,-9.7,0.0,-1.0,0.0,0.0,0.0,0,0,0,0,0,0,16.814,18.171,2.057,0.157,3.7,1.2,-55.9,-7.5,0.0,0.0,16.0,18.6,0.0,0.0,0.0,0.0,5.1,0.0,17.868,0.0,1
2022-09-26,US_PNW,"Seattle, WA",16.686,11.3,26.2,2.2,1,0.0,0,2.2,13.0,13.2,30.6,0,0,0,7,Open-Meteo Historical Weather API,ERA5,2022,9,3,39,FALL,13.271,36.3,0.0,3.415,-34.1,0.0,-0.939,0.0,0.0,29.04,0,0,0,0,0,0,16.629,16.814,1.086,2.057,0.0,3.7,-9.7,-55.9,0.0,0.0,18.7,16.0,0.0,0.0,0.0,0.0,7.1,0.0,17.075,0.0,1
2022-10-03,US_PNW,"Seattle, WA",15.614,10.6,23.4,0.0,0,0.0,0,0.0,0.0,10.0,24.5,0,0,0,7,Open-Meteo Historical Weather API,ERA5,2022,10,4,40,FALL,10.914,31.4,0.0,4.7,-31.4,0.0,-1.0,0.0,0.0,0.0,0,0,0,0,0,0,16.686,16.629,3.415,1.086,2.2,0.0,-34.1,-9.7,0.0,0.0,13.2,18.7,0.0,0.0,0.0,0.0,5.9,0.0,16.436,0.0,1
2022-10-10,US_PNW,"Seattle, WA",14.657,8.4,25.9,0.8,0,0.0,0,0.8,6.0,14.1,29.5,0,0,0,7,Open-Meteo Historical Weather API,ERA5,2022,10,4,41,FALL,10.529,15.1,0.0,4.128,-14.3,0.0,-0.947,0.0,0.0,11.28,0,0,0,0,0,0,15.614,16.686,4.7,3.415,0.0,2.2,-31.4,-34.1,0.0,0.0,10.0,13.2,0.0,0.0,0.0,0.0,3.0,0.0,15.896,0.0,1
2022-10-17,US_PNW,"Seattle, WA",11.343,4.3,18.9,14.7,2,0.0,0,14.7,42.0,18.2,36.7,0,0,0,7,Open-Meteo Historical Weather API,ERA5,2022,10,4,42,FALL,12.071,33.9,0.0,-0.728,-19.2,0.0,-0.566,10.702,0.0,267.54,0,0,0,0,0,0,14.657,15.614,4.128,4.7,0.8,0.0,-14.3,-31.4,0.0,0.0,14.1,10.0,0.0,0.0,0.0,0.0,17.7,0.0,14.575,0.0,1
2022-10-24,US_PNW,"Seattle, WA",10.771,7.0,16.2,70.0,6,0.0,0,70.0,103.0,25.2,57.2,0,0,0,7,Open-Meteo Historical Weather API,ERA5,2022,10,4,43,FALL,10.414,82.2,0.0,0.357,-12.2,0.0,-0.148,0.0,0.0,1764.0,1,0,0,0,0,0,11.343,14.657,-0.728,4.128,14.7,0.8,-19.2,-14.3,0.0,0.0,18.2,14.1,0.0,0.0,10.702,0.0,85.5,0.0,13.096,0.0,1
2022-10-31,US_PNW,"Seattle, WA",7.9,2.6,14.5,118.0,7,0.21,0,118.3,137.0,32.8,67.7,0,0,0,7,Open-Meteo Historical Weather API,ERA5,2022,10,4,44,FALL,9.129,57.0,0.0,-1.229,61.0,0.21,1.07,145.022,0.258,3870.4,1,0,0,0,0,0,10.771,11.343,0.357,-0.728,70.0,14.7,-12.2,-19.2,0.0,0.0,25.2,18.2,0.0,0.0,0.0,10.702,203.5,0.21,11.168,0.0,1
2022-11-07,US_PNW,"Seattle, WA",4.7,-0.1,9.5,8.3,1,0.28,0,8.7,20.0,19.8,44.3,0,3,0,7,Open-Meteo Historical Weather API,ERA5,2022,11,4,45,FALL,10.229,107.9,0.0,-5.529,-99.6,0.28,-0.923,45.891,1.548,164.34,0,0,0,0,0,0,7.9,10.771,-1.229,0.357,118.0,70.0,61.0,-12.2,0.21,0.0,32.8,25.2,0.0,0.0,145.022,0.0,211.0,0.49,8.678,0.0,1
2022-11-14,US_PNW,"Seattle, WA",4.271,-0.8,11.3,0.0,0,0.0,0,0.0,0.0,13.2,32.8,0,6,0,7,Open-Meteo Historical Weather API,ERA5,2022,11,4,46,FALL,6.814,33.8,0.0,-2.543,-33.8,0.0,-1.0,0.0,0.0,0.0,0,0,0,0,0,0,4.7,7.9,-5.529,-1.229,8.3,118.0,-99.6,61.0,0.28,0.21,19.8,32.8,0.0,0.0,45.891,145.022,196.3,0.49,6.911,0.0,1
2022-11-21,US_PNW,"Seattle, WA",7.071,3.5,11.6,49.0,4,0.28,0,49.4,51.0,30.4,62.3,0,0,0,7,Open-Meteo Historical Weather API,ERA5,2022,11,4,47,FALL,8.814,67.2,0.0,-1.743,-18.2,0.28,-0.271,85.407,0.488,1489.6,0,0,0,0,0,0,4.271,4.7,-2.543,-5.529,0.0,8.3,-33.8,-99.6,0.0,0.28,13.2,19.8,0.0,0.0,0.0,45.891,175.3,0.77,5.986,0.0,1
2022-11-28,US_PNW,"Seattle, WA",1.843,-2.3,5.9,28.6,5,14.0,5,48.6,87.0,23.9,73.8,0,7,5,7,Open-Meteo Historical Weather API,ERA5,2022,11,4,48,FALL,8.386,33.1,0.0,-6.543,-4.5,14.0,-0.136,187.13,91.602,683.54,0,0,0,0,1,0,7.071,4.271,-1.743,-2.543,49.0,0.0,-18.2,-33.8,0.28,0.0,30.4,13.2,0.0,0.0,85.407,0.0,85.9,14.56,4.471,5.0,1
2022-12-05,US_PNW,"Seattle, WA",5.114,0.7,8.2,32.5,5,1.05,0,34.0,76.0,19.9,60.5,0,3,2,7,Open-Meteo Historical Weather API,ERA5,2022,12,4,49,WINTER,5.843,61.9,0.49,-0.729,-29.4,0.56,-0.475,23.693,0.765,646.75,0,0,0,0,1,0,1.843,7.071,-6.543,-1.743,28.6,49.0,-4.5,-18.2,14.0,0.28,23.9,30.4,5.0,0.0,187.13,85.407,110.1,15.33,4.575,7.0,1
2022-12-12,US_PNW,"Seattle, WA",3.757,-0.2,8.3,2.5,2,1.89,1,5.2,24.0,20.8,45.0,0,6,2,7,Open-Meteo Historical Weather API,ERA5,2022,12,4,50,WINTER,4.6,43.0,1.33,-0.843,-40.5,0.56,-0.942,2.107,1.593,52.0,0,0,0,0,1,0,5.114,1.843,-0.729,-6.543,32.5,28.6,-29.4,-4.5,1.05,14.0,19.9,23.9,2.0,5.0,23.693,187.13,112.6,17.22,4.446,9.0,1
2022-12-19,US_PNW,"Seattle, WA",1.671,-5.1,9.7,53.8,5,6.44,3,63.0,120.0,23.6,57.6,0,5,3,7,Open-Meteo Historical Weather API,ERA5,2022,12,4,51,WINTER,3.471,36.1,8.05,-1.8,17.7,-1.61,0.49,96.84,11.592,1269.68,1,0,0,0,1,0,3.757,5.114,-0.843,-0.729,2.5,32.5,-40.5,-29.4,1.89,1.05,20.8,19.9,2.0,2.0,2.107,23.693,117.4,23.38,3.096,12.0,1
2022-12-26,US_PNW,"Seattle, WA",7.857,3.5,12.2,71.6,6,0.0,0,71.6,108.0,31.1,71.3,0,0,0,7,Open-Meteo Historical Weather API,ERA5,2022,12,4,52,WINTER,-1.5,7.4,5.67,9.357,64.2,-5.67,8.676,0.0,0.0,2226.76,1,0,0,0,0,0,1.671,3.757,-1.8,-0.843,53.8,2.5,17.7,-40.5,6.44,1.89,23.6,20.8,3.0,2.0,96.84,2.107,160.4,9.38,4.6,7.0,1
2023-01-02,US_PNW,"Seattle, WA",7.286,2.2,13.3,24.5,5,0.42,0,25.1,76.0,22.1,48.2,0,1,0,7,Open-Meteo Historical Weather API,ERA5,2023,1,1,1,WINTER,4.529,110.7,6.86,2.757,-86.2,-6.44,-0.779,0.0,0.0,541.45,0,0,0,0,0,0,7.857,1.671,9.357,-1.8,71.6,53.8,64.2,17.7,0.0,6.44,31.1,23.6,0.0,3.0,0.0,96.84,152.4,8.75,5.143,5.0,1
2023-01-09,US_PNW,"Seattle, WA",8.971,5.7,12.9,52.9,7,0.0,0,52.9,105.0,23.2,52.6,0,0,0,7,Open-Meteo Historical Weather API,ERA5,2023,1,1,2,WINTER,7.743,58.9,0.0,1.228,-6.0,0.0,-0.102,0.0,0.0,1227.28,1,0,0,0,0,0,7.286,7.857,2.757,9.357,24.5,71.6,-86.2,64.2,0.42,0.0,22.1,31.1,0.0,0.0,0.0,0.0,202.8,6.86,6.446,3.0,1
2023-01-16,US_PNW,"Seattle, WA",5.514,1.2,9.4,26.8,5,0.56,0,27.6,65.0,20.1,46.1,0,4,3,7,Open-Meteo Historical Weather API,ERA5,2023,1,1,3,WINTER,6.671,30.6,0.0,-1.157,-3.8,0.56,-0.124,31.008,0.648,538.68,0,0,0,0,1,0,8.971,7.286,1.228,2.757,52.9,24.5,-6.0,-86.2,0.0,0.42,23.2,22.1,0.0,0.0,0.0,0.0,175.8,0.98,7.407,3.0,1
2023-01-23,US_PNW,"Seattle, WA",5.943,-0.8,8.9,7.6,1,0.0,0,7.6,26.0,16.9,35.6,0,2,0,7,Open-Meteo Historical Weather API,ERA5,2023,1,1,4,WINTER,4.086,8.3,0.0,1.857,-0.7,0.0,-0.084,0.0,0.0,128.44,0,0,0,0,0,0,5.514,8.971,-1.157,1.228,26.8,52.9,-3.8,-6.0,0.56,0.0,20.1,23.2,3.0,0.0,31.008,0.0,111.8,0.98,6.928,3.0,1
2023-01-30,US_PNW,"Seattle, WA",4.729,-3.6,10.7,12.0,3,0.0,0,12.0,37.0,26.3,58.3,0,4,0,7,Open-Meteo Historical Weather API,ERA5,2023,1,1,5,WINTER,5.243,12.0,0.28,-0.514,0.0,-0.28,0.0,6.168,0.0,315.6,0,0,0,0,0,0,5.943,5.514,1.857,-1.157,7.6,26.8,-0.7,-3.8,0.0,0.56,16.9,20.1,0.0,3.0,0.0,31.008,99.3,0.56,6.289,3.0,1
2023-02-06,US_PNW,"Seattle, WA",7.143,2.0,12.5,22.6,4,0.0,0,22.6,60.0,27.6,59.4,0,0,0,7,Open-Meteo Historical Weather API,ERA5,2023,2,1,6,WINTER,7.071,1.7,0.0,0.072,20.9,0.0,12.294,0.0,0.0,623.76,0,0,0,0,0,0,4.729,5.943,-0.514,1.857,12.0,7.6,0.0,-0.7,0.0,0.0,26.3,16.9,0.0,0.0,6.168,0.0,69.0,0.56,5.832,3.0,1
2023-02-13,US_PNW,"Seattle, WA",5.243,-0.7,9.7,19.6,4,2.38,1,23.0,78.0,22.6,46.4,0,3,0,7,Open-Meteo Historical Weather API,ERA5,2023,2,1,7,WINTER,7.057,18.3,0.07,-1.814,1.3,2.31,0.071,35.554,4.317,442.96,0,0,0,0,0,0,7.143,4.729,0.072,-0.514,22.6,12.0,20.9,0.0,0.0,0.0,27.6,26.3,0.0,0.0,0.0,6.168,61.8,2.38,5.764,0.0,1
2023-02-20,US_PNW,"Seattle, WA",2.686,-3.9,9.2,18.8,3,4.34,1,25.0,70.0,28.2,57.6,0,5,1,7,Open-Meteo Historical Weather API,ERA5,2023,2,1,8,WINTER,3.071,27.3,0.84,-0.385,-8.5,3.5,-0.311,7.238,1.671,530.16,0,0,0,0,0,0,5.243,7.143,-1.814,0.072,19.6,22.6,1.3,20.9,2.38,0.0,22.6,27.6,0.0,0.0,35.554,0.0,73.0,6.72,4.95,1.0,1
2023-02-27,US_PNW,"Seattle, WA",4.314,0.8,9.3,29.0,6,2.31,0,32.3,99.0,24.6,52.9,0,5,4,7,Open-Meteo Historical Weather API,ERA5,2023,2,1,9,WINTER,8.371,75.6,0.0,-4.057,-46.6,2.31,-0.616,117.653,9.372,713.4,0,0,0,0,1,0,2.686,5.243,-0.385,-1.814,18.8,19.6,-8.5,1.3,4.34,2.38,28.2,22.6,1.0,0.0,7.238,35.554,90.0,9.03,4.846,5.0,1
2023-03-06,US_PNW,"Seattle, WA",6.057,0.6,10.4,16.3,4,0.07,0,16.4,65.0,17.5,45.0,0,1,1,7,Open-Meteo Historical Weather API,ERA5,2023,3,1,10,SPRING,6.657,17.7,0.0,-0.6,-1.4,0.07,-0.079,9.78,0.042,285.25,0,0,0,0,0,0,4.314,2.686,-4.057,-0.385,29.0,18.8,-46.6,-8.5,2.31,4.34,24.6,28.2,4.0,1.0,117.653,7.238,83.7,9.1,4.575,6.0,1
2023-03-13,US_PNW,"Seattle, WA",8.129,1.7,17.2,16.7,1,0.0,0,16.7,29.0,18.6,45.4,0,0,0,7,Open-Meteo Historical Weather API,ERA5,2023,3,1,11,SPRING,8.2,56.8,0.07,-0.071,-40.1,-0.07,-0.706,1.186,0.0,310.62,0,0,0,0,0,0,6.057,4.314,-0.6,-4.057,16.3,29.0,-1.4,-46.6,0.07,2.31,17.5,24.6,1.0,4.0,9.78,117.653,80.8,6.72,5.296,6.0,1
2023-03-20,US_PNW,"Seattle, WA",7.343,2.8,15.9,26.4,5,0.7,0,27.4,81.0,25.4,55.1,0,2,2,7,Open-Meteo Historical Weather API,ERA5,2023,3,1,12,SPRING,9.886,28.5,0.0,-2.543,-2.1,0.7,-0.074,67.135,1.78,670.56,0,0,0,0,1,0,8.129,6.057,-0.071,-0.6,16.7,16.3,-40.1,-1.4,0.0,0.07,18.6,17.5,0.0,1.0,1.186,9.78,88.4,3.08,6.461,7.0,1
2023-03-27,US_PNW,"Seattle, WA",7.9,1.9,15.6,21.8,3,0.42,0,22.4,53.0,21.9,51.1,0,1,1,7,Open-Meteo Historical Weather API,ERA5,2023,3,1,13,SPRING,9.286,22.4,0.0,-1.386,-0.6,0.42,-0.027,30.215,0.582,477.42,0,0,0,0,0,0,7.343,8.129,-2.543,-0.071,26.4,16.7,-2.1,-40.1,0.7,0.0,25.4,18.6,2.0,0.0,67.135,1.186,81.2,1.19,7.357,4.0,1
2023-04-03,US_PNW,"Seattle, WA",8.243,1.9,12.5,44.6,5,0.0,0,44.6,100.0,22.3,47.5,0,1,1,7,Open-Meteo Historical Weather API,ERA5,2023,4,2,14,SPRING,8.471,43.8,0.49,-0.228,0.8,-0.49,0.018,10.169,0.0,994.58,0,0,0,0,0,0,7.9,7.343,-1.386,-2.543,21.8,26.4,-0.6,-2.1,0.42,0.7,21.9,25.4,1.0,2.0,30.215,67.135,109.5,1.12,7.904,4.0,1
2023-04-10,US_PNW,"Seattle, WA",7.786,3.4,13.5,31.1,5,0.0,0,31.1,79.0,21.7,49.3,0,0,0,7,Open-Meteo Historical Weather API,ERA5,2023,4,2,15,SPRING,5.914,14.1,0.14,1.872,17.0,-0.14,1.206,0.0,0.0,674.87,0,0,0,0,0,0,8.243,7.9,-0.228,-1.386,44.6,21.8,0.8,-0.6,0.0,0.42,22.3,21.9,1.0,1.0,10.169,30.215,123.9,1.12,7.818,4.0,1
2023-04-17,US_PNW,"Seattle, WA",8.257,3.5,15.6,28.5,7,0.0,0,28.5,92.0,24.9,55.4,0,0,0,7,Open-Meteo Historical Weather API,ERA5,2023,4,2,16,SPRING,9.529,25.1,0.0,-1.272,3.4,0.0,0.135,36.252,0.0,709.65,0,0,0,0,0,0,7.786,8.243,1.872,-0.228,31.1,44.6,17.0,0.8,0.0,0.0,21.7,22.3,0.0,1.0,0.0,10.169,126.0,0.42,8.046,2.0,1
2023-04-24,US_PNW,"Seattle, WA",12.9,6.8,23.0,5.0,2,0.0,0,5.0,22.0,15.0,33.5,0,0,0,7,Open-Meteo Historical Weather API,ERA5,2023,4,2,17,SPRING,10.329,24.6,0.0,2.571,-19.6,0.0,-0.797,0.0,0.0,75.0,0,0,0,0,0,0,8.257,7.786,-1.272,1.872,28.5,31.1,3.4,17.0,0.0,0.0,24.9,21.7,0.0,0.0,36.252,0.0,109.2,0.0,9.296,1.0,1
2023-05-01,US_PNW,"Seattle, WA",12.257,9.2,21.2,15.7,3,0.0,0,15.7,57.0,17.1,37.1,0,0,0,7,Open-Meteo Historical Weather API,ERA5,2023,5,2,18,SPRING,10.243,47.8,0.0,2.014,-32.1,0.0,-0.672,0.0,0.0,268.47,0,0,0,0,0,0,12.9,8.257,2.571,-1.272,5.0,28.5,-19.6,3.4,0.0,0.0,15.0,24.9,0.0,0.0,0.0,36.252,80.3,0.0,10.3,0.0,1
2023-05-08,US_PNW,"Seattle, WA",16.014,8.0,27.8,0.5,0,0.0,0,0.5,5.0,15.0,33.8,0,0,0,7,Open-Meteo Historical Weather API,ERA5,2023,5,2,19,SPRING,10.671,50.2,0.0,5.343,-49.7,0.0,-0.99,0.0,0.0,7.5,0,0,0,0,0,0,12.257,12.9,2.014,2.571,15.7,5.0,-32.1,-19.6,0.0,0.0,17.1,15.0,0.0,0.0,0.0,0.0,49.7,0.0,12.357,0.0,1
2023-05-15,US_PNW,"Seattle, WA",18.271,12.8,30.2,1.6,1,0.0,0,1.6,11.0,17.1,29.2,0,0,0,7,Open-Meteo Historical Weather API,ERA5,2023,5,2,20,SPRING,12.0,14.4,0.0,6.271,-12.8,0.0,-0.889,0.0,0.0,27.36,0,0,0,0,0,0,16.014,12.257,5.343,2.014,0.5,15.7,-49.7,-32.1,0.0,0.0,15.0,17.1,0.0,0.0,0.0,0.0,22.8,0.0,14.86,0.0,1
2023-05-22,US_PNW,"Seattle, WA",15.2,9.6,26.1,2.4,1,0.0,0,2.4,8.0,14.4,33.5,0,0,0,7,Open-Meteo Historical Weather API,ERA5,2023,5,2,21,SPRING,13.371,34.0,0.0,1.829,-31.6,0.0,-0.929,0.0,0.0,34.56,0,0,0,0,0,0,18.271,16.014,6.271,5.343,1.6,0.5,-12.8,-49.7,0.0,0.0,17.1,15.0,0.0,0.0,0.0,0.0,20.2,0.0,15.436,0.0,1
2023-05-29,US_PNW,"Seattle, WA",14.8,9.9,22.9,1.2,0,0.0,0,1.2,9.0,16.9,43.2,0,0,0,7,Open-Meteo Historical Weather API,ERA5,2023,5,2,22,SPRING,15.114,38.8,0.0,-0.314,-37.6,0.0,-0.969,0.377,0.0,20.28,0,0,0,0,0,0,15.2,18.271,1.829,6.271,2.4,1.6,-31.6,-12.8,0.0,0.0,14.4,17.1,0.0,0.0,0.0,0.0,5.7,0.0,16.071,0.0,1
2023-06-05,US_PNW,"Seattle, WA",16.057,10.0,26.5,7.6,2,0.0,0,7.6,32.0,19.2,44.3,0,0,0,7,Open-Meteo Historical Weather API,ERA5,2023,6,2,23,SUMMER,15.029,48.6,0.0,1.028,-41.0,0.0,-0.844,0.0,0.0,145.92,0,0,0,0,0,0,14.8,15.2,-0.314,1.829,1.2,2.4,-37.6,-31.6,0.0,0.0,16.9,14.4,0.0,0.0,0.377,0.0,12.8,0.0,16.082,0.0,1
2023-06-12,US_PNW,"Seattle, WA",15.6,10.1,26.2,20.4,3,0.0,0,20.4,46.0,21.1,44.3,0,0,0,7,Open-Meteo Historical Weather API,ERA5,2023,6,2,24,SUMMER,13.757,18.3,0.0,1.843,2.1,0.0,0.115,0.0,0.0,430.44,0,0,0,0,0,0,16.057,14.8,1.028,-0.314,7.6,1.2,-41.0,-37.6,0.0,0.0,19.2,16.9,0.0,0.0,0.0,0.377,31.6,0.0,15.414,0.0,1
2023-06-19,US_PNW,"Seattle, WA",15.929,9.1,26.1,5.2,2,0.0,0,5.2,30.0,13.9,31.0,0,0,0,7,Open-Meteo Historical Weather API,ERA5,2023,6,2,25,SUMMER,17.857,8.6,0.0,-1.928,-3.4,0.0,-0.395,10.026,0.0,72.28,0,0,0,0,0,0,15.6,16.057,1.843,1.028,20.4,7.6,2.1,-41.0,0.0,0.0,21.1,19.2,0.0,0.0,0.0,0.0,34.4,0.0,15.596,0.0,1
2023-06-26,US_PNW,"Seattle, WA",19.129,13.4,26.3,1.4,1,0.0,0,1.4,3.0,12.3,29.9,0,0,0,7,Open-Meteo Historical Weather API,ERA5,2023,6,2,26,SUMMER,17.414,7.3,0.0,1.715,-5.9,0.0,-0.808,0.0,0.0,17.22,0,0,0,0,0,0,15.929,15.6,-1.928,1.843,5.2,20.4,-3.4,2.1,0.0,0.0,13.9,21.1,0.0,0.0,10.026,0.0,34.6,0.0,16.679,0.0,1
2023-07-03,US_PNW,"Seattle, WA",19.943,12.9,29.5,0.0,0,0.0,0,0.0,0.0,14.2,33.5,0,0,0,7,Open-Meteo Historical Weather API,ERA5,2023,7,3,27,SUMMER,18.65,3.0,0.0,1.293,-3.0,0.0,-1.0,0.0,0.0,0.0,0,0,0,0,0,0,19.129,15.929,1.715,-1.928,1.4,5.2,-5.9,-3.4,0.0,0.0,12.3,13.9,0.0,0.0,0.0,10.026,27.0,0.0,17.65,0.0,1
2023-07-10,US_PNW,"Seattle, WA",20.314,14.7,28.7,0.5,0,0.0,0,0.5,3.0,14.8,34.6,0,0,0,7,Open-Meteo Historical Weather API,ERA5,2023,7,3,28,SUMMER,18.935,0.35,0.0,1.379,0.15,0.0,0.15,0.0,0.0,7.4,0,0,0,0,0,0,19.943,19.129,1.293,1.715,0.0,1.4,-3.0,-5.9,0.0,0.0,14.2,12.3,0.0,0.0,0.0,0.0,7.1,0.0,18.829,0.0,1
2023-07-17,US_PNW,"Seattle, WA",20.5,13.3,28.5,6.1,1,0.0,0,6.1,17.0,17.2,38.5,0,0,0,7,Open-Meteo Historical Weather API,ERA5,2023,7,3,29,SUMMER,19.228,1.3,0.0,1.271,4.8,0.0,3.692,0.0,0.0,104.92,0,0,0,0,0,0,20.314,19.943,1.379,1.293,0.5,0.0,0.15,-3.0,0.0,0.0,14.8,14.2,0.0,0.0,0.0,0.0,8.0,0.0,19.972,0.0,1
2023-07-24,US_PNW,"Seattle, WA",18.914,13.9,25.1,4.0,1,0.0,0,4.0,17.0,15.7,38.5,0,0,0,7,Open-Meteo Historical Weather API,ERA5,2023,7,3,30,SUMMER,22.878,0.5,0.0,-3.964,3.5,0.0,3.5,15.858,0.0,62.8,0,0,0,0,0,0,20.5,20.314,1.271,1.379,6.1,0.5,4.8,0.15,0.0,0.0,17.2,14.8,0.0,0.0,0.0,0.0,10.6,0.0,19.918,0.0,1
2023-07-31,US_PNW,"Seattle, WA",20.486,14.7,27.4,2.6,2,0.0,0,2.6,12.0,11.2,28.8,0,0,0,7,Open-Meteo Historical Weather API,ERA5,2023,7,3,31,SUMMER,19.907,7.1,0.0,0.579,-4.5,0.0,-0.634,0.0,0.0,29.12,0,0,0,0,0,0,18.914,20.5,-3.964,1.271,4.0,6.1,3.5,4.8,0.0,0.0,15.7,17.2,0.0,0.0,15.858,0.0,13.2,0.0,20.054,0.0,1
2023-08-07,US_PNW,"Seattle, WA",20.257,14.6,28.4,6.5,3,0.0,0,6.5,33.0,17.0,37.1,0,0,0,7,Open-Meteo Historical Weather API,ERA5,2023,8,3,32,SUMMER,21.043,0.45,0.0,-0.786,6.05,0.0,6.05,5.109,0.0,110.5,0,0,0,0,0,0,20.486,18.914,0.579,-3.964,2.6,4.0,-4.5,3.5,0.0,0.0,11.2,15.7,0.0,0.0,0.0,15.858,19.2,0.0,20.039,0.0,1
2023-08-14,US_PNW,"Seattle, WA",21.614,12.5,31.2,0.0,0,0.0,0,0.0,0.0,17.1,39.2,0,0,0,7,Open-Meteo Historical Weather API,ERA5,2023,8,3,33,SUMMER,19.55,1.3,0.0,2.064,-1.3,0.0,-1.0,0.0,0.0,0.0,0,0,0,0,0,0,20.257,20.486,-0.786,0.579,6.5,2.6,6.05,-4.5,0.0,0.0,17.0,11.2,0.0,0.0,5.109,0.0,13.1,0.0,20.318,0.0,1
2023-08-21,US_PNW,"Seattle, WA",19.057,12.7,27.7,4.5,1,0.0,0,4.5,21.0,16.3,38.5,0,0,0,7,Open-Meteo Historical Weather API,ERA5,2023,8,3,34,SUMMER,18.443,2.55,0.0,0.614,1.95,0.0,0.765,0.0,0.0,73.35,0,0,0,0,0,0,21.614,20.257,2.064,-0.786,0.0,6.5,-1.3,6.05,0.0,0.0,17.1,17.0,0.0,0.0,0.0,5.109,13.6,0.0,20.354,0.0,1
2023-08-28,US_PNW,"Seattle, WA",18.2,14.7,26.2,20.4,3,0.0,0,20.4,50.0,20.5,46.8,0,0,0,7,Open-Meteo Historical Weather API,ERA5,2023,8,3,35,SUMMER,18.228,0.4,0.0,-0.029,20.0,0.0,20.0,0.581,0.0,418.2,0,0,0,0,0,0,19.057,21.614,0.614,2.064,4.5,0.0,1.95,-1.3,0.0,0.0,16.3,17.1,0.0,0.0,0.0,0.0,31.4,0.0,19.782,0.0,1
2023-09-04,US_PNW,"Seattle, WA",17.157,11.8,25.5,1.4,0,0.0,0,1.4,13.0,15.5,32.4,0,0,0,7,Open-Meteo Historical Weather API,ERA5,2023,9,3,36,FALL,18.092,4.95,0.0,-0.936,-3.55,0.0,-0.717,1.31,0.0,21.7,0,0,0,0,0,0,18.2,19.057,-0.029,0.614,20.4,4.5,20.0,1.95,0.0,0.0,20.5,16.3,0.0,0.0,0.581,0.0,26.3,0.0,19.007,0.0,1
2023-09-11,US_PNW,"Seattle, WA",17.429,11.6,25.7,0.7,0,0.0,0,0.7,3.0,12.4,28.4,0,0,0,7,Open-Meteo Historical Weather API,ERA5,2023,9,3,37,FALL,15.785,31.65,0.0,1.643,-30.95,0.0,-0.978,0.0,0.0,8.68,0,0,0,0,0,0,17.157,18.2,-0.936,-0.029,1.4,20.4,-3.55,20.0,0.0,0.0,15.5,20.5,0.0,0.0,1.31,0.581,27.0,0.0,17.961,0.0,1
2023-09-18,US_PNW,"Seattle, WA",14.8,8.1,22.6,16.5,5,0.0,0,16.5,47.0,18.5,46.8,0,0,0,7,Open-Meteo Historical Weather API,ERA5,2023,9,3,38,FALL,16.086,4.85,0.0,-1.286,11.65,0.0,2.402,21.219,0.0,305.25,0,0,0,0,0,0,17.429,17.157,1.643,-0.936,0.7,1.4,-30.95,-3.55,0.0,0.0,12.4,15.5,0.0,0.0,0.0,1.31,39.0,0.0,16.896,0.0,1
2023-09-25,US_PNW,"Seattle, WA",13.029,7.2,18.5,48.7,4,0.0,0,48.7,84.0,21.0,54.7,0,0,0,7,Open-Meteo Historical Weather API,ERA5,2023,9,3,39,FALL,14.978,19.25,0.0,-1.95,29.45,0.0,1.53,94.941,0.0,1022.7,0,0,0,0,0,0,14.8,17.429,-1.286,1.643,16.5,0.7,11.65,-30.95,0.0,0.0,18.5,12.4,0.0,0.0,21.219,0.0,67.3,0.0,15.604,0.0,1
2023-10-02,US_PNW,"Seattle, WA",15.186,10.5,24.7,13.4,1,0.0,0,13.4,17.0,15.1,34.6,0,0,0,7,Open-Meteo Historical Weather API,ERA5,2023,10,4,40,FALL,13.264,15.7,0.0,1.922,-2.3,0.0,-0.146,0.0,0.0,202.34,0,0,0,0,0,0,13.029,14.8,-1.95,-1.286,48.7,16.5,29.45,11.65,0.0,0.0,21.0,18.5,0.0,0.0,94.941,21.219,79.3,0.0,15.111,0.0,1
2023-10-09,US_PNW,"Seattle, WA",14.214,8.5,20.4,27.4,5,0.0,0,27.4,64.0,18.1,39.6,0,0,0,7,Open-Meteo Historical Weather API,ERA5,2023,10,4,41,FALL,12.593,7.95,0.0,1.621,19.45,0.0,2.447,0.0,0.0,495.94,0,0,0,0,0,0,15.186,13.029,1.922,-1.95,13.4,48.7,-2.3,29.45,0.0,0.0,15.1,21.0,0.0,0.0,0.0,94.941,106.0,0.0,14.307,0.0,1
2023-10-16,US_PNW,"Seattle, WA",13.371,8.8,20.2,23.2,3,0.0,0,23.2,26.0,19.7,46.1,0,0,0,7,Open-Meteo Historical Weather API,ERA5,2023,10,4,42,FALL,11.707,24.3,0.0,1.664,-1.1,0.0,-0.045,0.0,0.0,457.04,0,0,0,0,0,0,14.214,15.186,1.621,1.922,27.4,13.4,19.45,-2.3,0.0,0.0,18.1,15.1,0.0,0.0,0.0,0.0,112.7,0.0,13.95,0.0,1
2023-10-23,US_PNW,"Seattle, WA",7.3,0.7,13.1,22.2,3,0.0,0,22.2,43.0,20.8,40.3,0,1,0,7,Open-Meteo Historical Weather API,ERA5,2023,10,4,43,FALL,10.593,76.1,0.0,-3.293,-53.9,0.0,-0.708,73.094,0.0,461.76,0,0,0,0,0,0,13.371,14.214,1.664,1.621,23.2,27.4,-1.1,19.45,0.0,0.0,19.7,18.1,0.0,0.0,0.0,0.0,86.2,0.0,12.518,0.0,1
2023-10-30,US_PNW,"Seattle, WA",10.643,1.7,16.9,67.9,5,0.0,0,67.9,64.0,24.8,57.2,0,0,0,7,Open-Meteo Historical Weather API,ERA5,2023,10,4,44,FALL,8.514,87.5,0.105,2.129,-19.6,-0.105,-0.224,0.0,0.0,1683.92,1,0,0,0,0,0,7.3,13.371,-3.293,1.664,22.2,23.2,-53.9,-1.1,0.0,0.0,20.8,19.7,0.0,0.0,73.094,0.0,140.7,0.0,11.382,0.0,1
2023-11-06,US_PNW,"Seattle, WA",9.614,4.9,12.6,43.8,6,0.0,0,43.8,84.0,33.8,70.6,0,0,0,7,Open-Meteo Historical Weather API,ERA5,2023,11,4,45,FALL,7.464,58.1,0.14,2.15,-14.3,-0.14,-0.246,0.0,0.0,1480.44,0,0,0,0,0,0,10.643,7.3,2.129,-3.293,67.9,22.2,-19.6,-53.9,0.0,0.0,24.8,20.8,0.0,0.0,0.0,73.094,157.1,0.0,10.232,0.0,1
2023-11-13,US_PNW,"Seattle, WA",6.4,1.7,11.8,12.6,3,0.0,0,12.6,32.0,23.9,48.2,0,2,0,7,Open-Meteo Historical Weather API,ERA5,2023,11,4,46,FALL,5.542,16.9,0.0,0.857,-4.3,0.0,-0.254,0.0,0.0,301.14,0,0,0,0,0,0,9.614,10.643,2.15,2.129,43.8,67.9,-14.3,-19.6,0.0,0.0,33.8,24.8,0.0,0.0,0.0,0.0,146.5,0.0,8.489,0.0,1
2023-11-20,US_PNW,"Seattle, WA",5.786,-0.0,11.7,11.2,2,0.0,0,11.2,12.0,13.7,31.3,0,3,0,7,Open-Meteo Historical Weather API,ERA5,2023,11,4,47,FALL,7.942,58.1,0.14,-2.157,-46.9,-0.14,-0.807,24.153,0.0,153.44,0,0,0,0,0,0,6.4,9.614,0.857,2.15,12.6,43.8,-4.3,-14.3,0.0,0.0,23.9,33.8,0.0,0.0,0.0,0.0,135.5,0.0,8.111,0.0,1
2023-11-27,US_PNW,"Seattle, WA",5.314,0.4,12.0,47.3,4,0.0,0,47.3,69.0,29.6,82.4,0,4,1,7,Open-Meteo Historical Weather API,ERA5,2023,11,4,48,FALL,5.114,30.85,7.0,0.2,16.45,-7.0,0.533,0.0,0.0,1400.08,0,0,0,0,0,0,5.786,6.4,-2.157,0.857,11.2,12.6,-46.9,-4.3,0.0,0.0,13.7,23.9,0.0,0.0,24.153,0.0,114.9,0.0,6.778,1.0,1
2023-12-04,US_PNW,"Seattle, WA",8.429,1.8,15.0,145.1,7,0.21,0,145.4,131.0,22.7,60.1,0,1,1,7,Open-Meteo Historical Weather API,ERA5,2023,12,4,49,WINTER,5.478,47.2,0.77,2.95,97.9,-0.56,2.074,0.0,0.0,3293.77,1,0,0,0,0,0,5.314,5.786,0.2,-2.157,47.3,11.2,16.45,-46.9,0.0,0.0,29.6,13.7,1.0,0.0,0.0,24.153,216.2,0.21,6.482,2.0,1
2023-12-11,US_PNW,"Seattle, WA",7.186,3.8,10.7,4.4,1,0.0,0,4.4,6.0,11.0,24.5,0,0,0,7,Open-Meteo Historical Weather API,ERA5,2023,12,4,50,WINTER,4.178,22.75,1.61,3.008,-18.35,-1.61,-0.807,0.0,0.0,48.4,0,0,0,0,0,0,8.429,5.314,2.95,0.2,145.1,47.3,97.9,16.45,0.21,0.0,22.7,29.6,1.0,1.0,0.0,0.0,208.0,0.21,6.679,2.0,1
2023-12-18,US_PNW,"Seattle, WA",6.714,1.6,10.5,26.0,3,0.0,0,26.0,34.0,18.5,37.1,0,2,0,7,Open-Meteo Historical Weather API,ERA5,2023,12,4,51,WINTER,2.571,44.95,7.245,4.143,-18.95,-7.245,-0.422,0.0,0.0,481.0,0,0,0,0,0,0,7.186,8.429,3.008,2.95,4.4,145.1,-18.35,97.9,0.0,0.21,11.0,22.7,0.0,1.0,0.0,0.0,222.8,0.21,6.911,2.0,1
2023-12-25,US_PNW,"Seattle, WA",9.514,5.4,14.2,24.8,5,0.0,0,24.8,49.0,19.6,57.6,0,0,0,7,Open-Meteo Historical Weather API,ERA5,2023,12,4,52,WINTER,3.178,39.5,2.835,6.336,-14.7,-2.835,-0.372,0.0,0.0,486.08,0,0,0,0,0,0,6.714,7.186,4.143,3.008,26.0,4.4,-18.95,-18.35,0.0,0.0,18.5,11.0,0.0,0.0,0.0,0.0,200.3,0.21,7.961,1.0,1
2024-01-01,US_PNW,"Seattle, WA",6.471,3.0,9.2,45.1,5,0.0,0,45.1,94.0,24.7,58.0,0,1,0,7,Open-Meteo Historical Weather API,ERA5,2024,1,1,1,WINTER,5.908,67.6,3.64,0.564,-22.5,-3.64,-0.333,0.0,0.0,1113.97,0,0,0,0,0,0,9.514,6.714,6.336,4.143,24.8,26.0,-14.7,-18.95,0.0,0.0,19.6,18.5,0.0,0.0,0.0,0.0,100.3,0.0,7.471,0.0,1
2024-01-08,US_PNW,"Seattle, WA",0.229,-10.1,9.4,38.9,4,1.82,1,41.5,80.0,31.2,70.9,0,5,2,7,Open-Meteo Historical Weather API,ERA5,2024,1,1,2,WINTER,8.357,55.9,0.0,-8.128,-17.0,1.82,-0.304,316.179,14.793,1213.68,0,0,0,0,1,0,6.471,9.514,0.564,6.336,45.1,24.8,-22.5,-14.7,0.0,0.0,24.7,19.6,0.0,0.0,0.0,0.0,134.8,1.82,5.732,2.0,1
2024-01-15,US_PNW,"Seattle, WA",2.243,-5.9,8.1,50.7,5,0.21,0,51.0,77.0,17.7,41.4,0,5,4,7,Open-Meteo Historical Weather API,ERA5,2024,1,1,3,WINTER,6.092,28.7,0.28,-3.85,22.0,-0.07,0.767,195.17,0.808,897.39,1,0,0,0,1,0,0.229,6.471,-8.128,0.564,38.9,45.1,-17.0,-22.5,1.82,0.0,31.2,24.7,2.0,0.0,316.179,0.0,159.5,2.03,4.614,6.0,1
2024-01-22,US_PNW,"Seattle, WA",9.457,5.3,14.7,80.8,7,0.0,0,80.8,120.0,17.9,40.3,0,0,0,7,Open-Meteo Historical Weather API,ERA5,2024,1,1,4,WINTER,5.014,7.95,0.0,4.443,72.85,0.0,9.164,0.0,0.0,1446.32,1,0,0,0,0,0,2.243,0.229,-3.85,-8.128,50.7,38.9,22.0,-17.0,0.21,1.82,17.7,31.2,4.0,2.0,195.17,316.179,215.5,2.03,4.6,6.0,1
2024-01-29,US_PNW,"Seattle, WA",9.729,3.9,15.4,17.0,2,0.0,0,17.0,37.0,18.9,35.6,0,0,0,7,Open-Meteo Historical Weather API,ERA5,2024,1,1,5,WINTER,4.986,12.0,0.14,4.743,5.0,-0.14,0.417,0.0,0.0,321.3,0,0,0,0,0,0,9.457,2.243,4.443,-3.85,80.8,50.7,72.85,22.0,0.0,0.21,17.9,17.7,0.0,4.0,0.0,195.17,187.4,2.03,5.414,6.0,1
2024-02-05,US_PNW,"Seattle, WA",6.586,3.3,10.7,23.7,5,0.0,0,23.7,81.0,19.1,45.0,0,0,0,7,Open-Meteo Historical Weather API,ERA5,2024,2,1,6,WINTER,7.107,12.15,0.0,-0.521,11.55,0.0,0.951,12.348,0.0,452.67,0,0,0,0,0,0,9.729,9.457,4.743,4.443,17.0,80.8,5.0,72.85,0.0,0.0,18.9,17.9,0.0,0.0,0.0,0.0,172.2,0.21,7.004,4.0,1
2024-02-12,US_PNW,"Seattle, WA",6.4,0.5,10.8,12.0,4,2.59,1,15.7,51.0,19.2,40.3,0,1,1,7,Open-Meteo Historical Weather API,ERA5,2024,2,1,7,WINTER,6.15,18.95,1.225,0.25,-6.95,1.365,-0.367,0.0,0.0,230.4,0,0,0,0,0,0,6.586,9.729,-0.521,4.743,23.7,17.0,11.55,5.0,0.0,0.0,19.1,18.9,0.0,0.0,12.348,0.0,133.5,2.59,8.043,1.0,1
2024-02-19,US_PNW,"Seattle, WA",7.9,3.7,13.2,35.9,5,0.98,0,37.3,95.0,28.1,58.7,0,0,0,7,Open-Meteo Historical Weather API,ERA5,2024,2,1,8,WINTER,2.878,23.05,2.59,5.022,12.85,-1.61,0.557,0.0,0.0,1008.79,0,0,0,0,0,0,6.4,6.586,0.25,-0.521,12.0,23.7,-6.95,11.55,2.59,0.0,19.2,19.1,1.0,0.0,0.0,12.348,88.6,3.57,7.654,1.0,1
2024-02-26,US_PNW,"Seattle, WA",4.829,-0.2,10.1,72.5,7,5.46,1,80.3,135.0,26.6,60.1,0,5,5,7,Open-Meteo Historical Weather API,ERA5,2024,2,1,9,WINTER,6.342,52.3,1.155,-1.514,20.2,4.305,0.386,109.729,8.264,1928.5,1,0,0,0,1,0,7.9,6.4,5.022,0.25,35.9,12.0,12.85,-6.95,0.98,2.59,28.1,19.2,0.0,1.0,0.0,0.0,144.1,9.03,6.429,6.0,1
2024-03-04,US_PNW,"Seattle, WA",5.571,0.3,12.0,17.4,3,0.49,0,18.1,58.0,26.4,69.5,0,4,1,7,Open-Meteo Historical Weather API,ERA5,2024,3,1,10,SPRING,6.357,17.0,0.035,-0.786,0.4,0.455,0.024,13.676,0.385,459.36,0,0,0,0,0,0,4.829,7.9,-1.514,5.022,72.5,35.9,20.2,12.85,5.46,0.98,26.6,28.1,5.0,0.0,109.729,0.0,137.8,9.52,6.175,7.0,1
2024-03-11,US_PNW,"Seattle, WA",9.114,2.1,20.5,13.9,2,0.0,0,13.9,40.0,21.3,46.1,0,0,0,7,Open-Meteo Historical Weather API,ERA5,2024,3,1,11,SPRING,8.164,36.75,0.035,0.95,-22.85,-0.035,-0.622,0.0,0.0,296.07,0,0,0,0,0,0,5.571,4.829,-0.786,-1.514,17.4,72.5,0.4,20.2,0.49,5.46,26.4,26.6,1.0,5.0,13.676,109.729,139.7,6.93,6.853,6.0,1
2024-03-18,US_PNW,"Seattle, WA",10.286,5.7,17.2,12.8,4,0.0,0,12.8,47.0,13.9,27.4,0,0,0,7,Open-Meteo Historical Weather API,ERA5,2024,3,1,12,SPRING,8.614,27.45,0.35,1.672,-14.65,-0.35,-0.534,0.0,0.0,177.92,0,0,0,0,0,0,9.114,5.571,0.95,-0.786,13.9,17.4,-22.85,0.4,0.0,0.49,21.3,26.4,0.0,1.0,0.0,13.676,116.6,5.95,7.45,6.0,1
2024-03-25,US_PNW,"Seattle, WA",9.171,4.7,14.7,23.8,4,0.0,0,23.8,65.0,19.6,53.3,0,0,0,7,Open-Meteo Historical Weather API,ERA5,2024,3,1,13,SPRING,8.593,22.1,0.21,0.578,1.7,-0.21,0.077,0.0,0.0,466.48,0,0,0,0,0,0,10.286,9.114,1.672,0.95,12.8,13.9,-14.65,-22.85,0.0,0.0,13.9,21.3,0.0,0.0,0.0,0.0,67.9,0.49,8.535,1.0,1
2024-04-01,US_PNW,"Seattle, WA",9.043,4.8,18.6,11.4,4,0.0,0,11.4,49.0,18.2,45.7,0,0,0,7,Open-Meteo Historical Weather API,ERA5,2024,4,2,14,SPRING,8.357,44.2,0.245,0.686,-32.8,-0.245,-0.742,0.0,0.0,207.48,0,0,0,0,0,0,9.171,10.286,0.578,1.672,23.8,12.8,1.7,-14.65,0.0,0.0,19.6,13.9,0.0,0.0,0.0,0.0,61.9,0.0,9.404,0.0,1
2024-04-08,US_PNW,"Seattle, WA",10.129,4.2,18.2,13.6,3,0.0,0,13.6,43.0,22.5,46.4,0,0,0,7,Open-Meteo Historical Weather API,ERA5,2024,4,2,15,SPRING,6.85,22.6,0.07,3.279,-9.0,-0.07,-0.398,0.0,0.0,306.0,0,0,0,0,0,0,9.043,9.171,0.686,0.578,11.4,23.8,-32.8,1.7,0.0,0.0,18.2,19.6,0.0,0.0,0.0,0.0,61.6,0.0,9.657,0.0,1
2024-04-15,US_PNW,"Seattle, WA",10.186,2.3,21.5,8.5,4,0.0,0,8.5,38.0,24.8,55.8,0,0,0,7,Open-Meteo Historical Weather API,ERA5,2024,4,2,16,SPRING,8.893,26.8,0.0,1.293,-18.3,0.0,-0.683,0.0,0.0,210.8,0,0,0,0,0,0,10.129,9.043,3.279,0.686,13.6,11.4,-9.0,-32.8,0.0,0.0,22.5,18.2,0.0,0.0,0.0,0.0,57.3,0.0,9.632,0.0,1
2024-04-22,US_PNW,"Seattle, WA",11.029,5.1,19.8,34.1,5,0.0,0,34.1,94.0,19.9,51.1,0,0,0,7,Open-Meteo Historical Weather API,ERA5,2024,4,2,17,SPRING,11.614,14.8,0.0,-0.585,19.3,0.0,1.304,19.966,0.0,678.59,0,0,0,0,0,0,10.186,10.129,1.293,3.279,8.5,13.6,-18.3,-9.0,0.0,0.0,24.8,22.5,0.0,0.0,0.0,0.0,67.6,0.0,10.097,0.0,1
2024-04-29,US_PNW,"Seattle, WA",10.357,4.4,19.3,33.3,5,0.0,0,33.3,90.0,22.7,43.9,0,0,0,7,Open-Meteo Historical Weather API,ERA5,2024,4,2,18,SPRING,11.25,31.75,0.0,-0.893,1.55,0.0,0.049,29.737,0.0,755.91,0,0,0,0,0,0,11.029,10.186,-0.585,1.293,34.1,8.5,19.3,-18.3,0.0,0.0,19.9,24.8,0.0,0.0,19.966,0.0,89.5,0.0,10.425,0.0,1
2024-05-06,US_PNW,"Seattle, WA",14.329,5.9,27.7,16.3,2,0.0,0,16.3,39.0,19.3,42.8,0,0,0,7,Open-Meteo Historical Weather API,ERA5,2024,5,2,19,SPRING,13.342,25.35,0.0,0.987,-9.05,0.0,-0.357,0.0,0.0,314.59,0,0,0,0,0,0,10.357,11.029,-0.893,-0.585,33.3,34.1,1.55,19.3,0.0,0.0,22.7,19.9,0.0,0.0,29.737,19.966,92.2,0.0,11.475,0.0,1
2024-05-13,US_PNW,"Seattle, WA",13.514,7.6,21.8,16.3,3,0.0,0,16.3,43.0,27.1,57.2,0,0,0,7,Open-Meteo Historical Weather API,ERA5,2024,5,2,20,SPRING,15.136,8.0,0.0,-1.622,8.3,0.0,1.038,26.43,0.0,441.73,0,0,0,0,0,0,14.329,10.357,0.987,-0.893,16.3,33.3,-9.05,1.55,0.0,0.0,19.3,22.7,0.0,0.0,0.0,29.737,100.0,0.0,12.307,0.0,1
2024-05-20,US_PNW,"Seattle, WA",11.757,7.6,17.8,28.8,5,0.0,0,28.8,62.0,23.3,50.8,0,0,0,7,Open-Meteo Historical Weather API,ERA5,2024,5,2,21,SPRING,14.285,18.2,0.0,-2.528,10.6,0.0,0.582,72.821,0.0,671.04,0,0,0,0,0,0,13.514,14.329,-1.622,0.987,16.3,16.3,8.3,-9.05,0.0,0.0,27.1,19.3,0.0,0.0,26.43,0.0,94.7,0.0,12.489,0.0,1
2024-05-27,US_PNW,"Seattle, WA",13.514,7.3,20.2,29.7,3,0.0,0,29.7,56.0,25.0,50.4,0,0,0,7,Open-Meteo Historical Weather API,ERA5,2024,5,2,22,SPRING,14.957,20.0,0.0,-1.443,9.7,0.0,0.485,42.857,0.0,742.5,0,0,0,0,0,0,11.757,13.514,-2.528,-1.622,28.8,16.3,10.6,8.3,0.0,0.0,23.3,27.1,0.0,0.0,72.821,26.43,91.1,0.0,13.278,0.0,1
2024-06-03,US_PNW,"Seattle, WA",15.429,8.8,25.3,24.0,2,0.0,0,24.0,43.0,27.5,59.0,0,0,0,7,Open-Meteo Historical Weather API,ERA5,2024,6,2,23,SUMMER,15.543,28.1,0.0,-0.114,-4.1,0.0,-0.146,2.736,0.0,660.0,0,0,0,0,0,0,13.514,11.757,-1.443,-2.528,29.7,28.8,9.7,10.6,0.0,0.0,25.0,23.3,0.0,0.0,42.857,72.821,98.8,0.0,13.554,0.0,1
2024-06-10,US_PNW,"Seattle, WA",14.214,8.8,20.6,21.5,3,0.0,0,21.5,46.0,22.8,50.4,0,0,0,7,Open-Meteo Historical Weather API,ERA5,2024,6,2,24,SUMMER,14.678,19.35,0.0,-0.464,2.15,0.0,0.111,9.987,0.0,490.2,0,0,0,0,0,0,15.429,13.514,-0.114,-1.443,24.0,29.7,-4.1,9.7,0.0,0.0,27.5,25.0,0.0,0.0,2.736,42.857,104.0,0.0,13.728,0.0,1
2024-06-17,US_PNW,"Seattle, WA",17.271,10.0,28.1,3.3,2,0.0,0,3.3,24.0,19.1,41.4,0,0,0,7,Open-Meteo Historical Weather API,ERA5,2024,6,2,25,SUMMER,16.893,6.9,0.0,0.378,-3.6,0.0,-0.522,0.0,0.0,63.03,0,0,0,0,0,0,14.214,15.429,-0.464,-0.114,21.5,24.0,2.15,-4.1,0.0,0.0,22.8,27.5,0.0,0.0,9.987,2.736,78.5,0.0,15.107,0.0,1
2024-06-24,US_PNW,"Seattle, WA",16.943,11.5,24.1,15.9,4,0.0,0,15.9,54.0,22.7,51.8,0,0,0,7,Open-Meteo Historical Weather API,ERA5,2024,6,2,26,SUMMER,18.272,4.35,0.0,-1.329,11.55,0.0,2.655,21.123,0.0,360.93,0,0,0,0,0,0,17.271,14.214,0.378,-0.464,3.3,21.5,-3.6,2.15,0.0,0.0,19.1,22.8,0.0,0.0,0.0,9.987,64.7,0.0,15.964,0.0,1
2024-07-01,US_PNW,"Seattle, WA",19.914,13.1,30.8,0.6,0,0.0,0,0.6,6.0,14.0,32.4,0,0,0,7,Open-Meteo Historical Weather API,ERA5,2024,7,3,27,SUMMER,19.081,2.0,0.0,0.833,-1.4,0.0,-0.7,0.0,0.0,8.4,0,0,0,0,0,0,16.943,17.271,-1.329,0.378,15.9,3.3,11.55,-3.6,0.0,0.0,22.7,19.1,0.0,0.0,21.123,0.0,41.3,0.0,17.086,0.0,1
2024-07-08,US_PNW,"Seattle, WA",22.557,14.9,32.5,0.0,0,0.0,0,0.0,0.0,13.3,29.9,0,0,0,7,Open-Meteo Historical Weather API,ERA5,2024,7,3,28,SUMMER,19.395,0.4,0.0,3.162,-0.4,0.0,-0.4,0.0,0.0,0.0,0,0,0,0,0,0,19.914,16.943,0.833,-1.329,0.6,15.9,-1.4,11.55,0.0,0.0,14.0,22.7,0.0,0.0,0.0,21.123,19.8,0.0,19.171,0.0,1
2024-07-15,US_PNW,"Seattle, WA",21.271,14.4,29.1,0.0,0,0.0,0,0.0,0.0,13.6,31.3,0,0,0,7,Open-Meteo Historical Weather API,ERA5,2024,7,3,29,SUMMER,19.652,2.9,0.0,1.619,-2.9,0.0,-1.0,0.0,0.0,0.0,0,0,0,0,0,0,22.557,19.914,3.162,0.833,0.0,0.6,-0.4,-1.4,0.0,0.0,13.3,14.0,0.0,0.0,0.0,0.0,16.5,0.0,20.171,0.0,1
2024-07-22,US_PNW,"Seattle, WA",18.314,11.9,25.1,2.9,2,0.0,0,2.9,26.0,12.8,33.1,0,0,0,7,Open-Meteo Historical Weather API,ERA5,2024,7,3,30,SUMMER,21.557,1.667,0.0,-3.243,1.233,0.0,0.74,9.405,0.0,37.12,0,0,0,0,0,0,21.271,22.557,1.619,3.162,0.0,0.0,-2.9,-0.4,0.0,0.0,13.6,13.3,0.0,0.0,0.0,0.0,3.5,0.0,20.514,0.0,1
2024-07-29,US_PNW,"Seattle, WA",20.286,15.6,28.1,16.2,2,0.0,0,16.2,32.0,15.7,33.1,0,0,0,7,Open-Meteo Historical Weather API,ERA5,2024,7,3,31,SUMMER,20.1,5.6,0.0,0.186,10.6,0.0,1.893,0.0,0.0,254.34,0,0,0,0,0,0,18.314,21.271,-3.243,1.619,2.9,0.0,1.233,-2.9,0.0,0.0,12.8,13.6,0.0,0.0,9.405,0.0,19.1,0.0,20.607,0.0,1
2024-08-05,US_PNW,"Seattle, WA",19.614,13.5,28.5,0.0,0,0.0,0,0.0,0.0,11.8,29.2,0,0,0,7,Open-Meteo Historical Weather API,ERA5,2024,8,3,32,SUMMER,20.781,2.467,0.0,-1.167,-2.467,0.0,-1.0,0.0,0.0,0.0,0,0,0,0,0,0,20.286,18.314,0.186,-3.243,16.2,2.9,10.6,1.233,0.0,0.0,15.7,12.8,0.0,0.0,0.0,9.405,19.1,0.0,19.871,0.0,1
2024-08-12,US_PNW,"Seattle, WA",18.486,13.6,24.6,6.5,1,0.0,0,6.5,17.0,15.0,40.0,0,0,0,7,Open-Meteo Historical Weather API,ERA5,2024,8,3,33,SUMMER,20.238,0.867,0.0,-1.752,5.633,0.0,5.633,11.388,0.0,97.5,0,0,0,0,0,0,19.614,20.286,-1.167,0.186,0.0,16.2,-2.467,10.6,0.0,0.0,11.8,15.7,0.0,0.0,0.0,0.0,25.6,0.0,19.175,0.0,1
2024-08-19,US_PNW,"Seattle, WA",16.7,12.5,23.6,35.1,4,0.0,0,35.1,74.0,17.5,37.4,0,0,0,7,Open-Meteo Historical Weather API,ERA5,2024,8,3,34,SUMMER,18.648,3.2,0.0,-1.948,31.9,0.0,9.969,68.363,0.0,614.25,0,0,0,0,0,0,18.486,19.614,-1.752,-1.167,6.5,0.0,5.633,-2.467,0.0,0.0,15.0,11.8,0.0,0.0,11.388,0.0,57.8,0.0,18.772,0.0,1
2024-08-26,US_PNW,"Seattle, WA",17.643,9.7,27.2,6.1,1,0.0,0,6.1,16.0,16.6,34.9,0,0,0,7,Open-Meteo Historical Weather API,ERA5,2024,8,3,35,SUMMER,18.219,7.067,0.0,-0.576,-0.967,0.0,-0.137,3.514,0.0,101.26,0,0,0,0,0,0,16.7,18.486,-1.948,-1.752,35.1,6.5,31.9,5.633,0.0,0.0,17.5,15.0,0.0,0.0,68.363,11.388,47.7,0.0,18.111,0.0,1
2024-09-02,US_PNW,"Seattle, WA",19.043,12.7,29.4,0.0,0,0.0,0,0.0,0.0,12.2,27.7,0,0,0,7,Open-Meteo Historical Weather API,ERA5,2024,9,3,36,FALL,17.781,3.767,0.0,1.262,-3.767,0.0,-1.0,0.0,0.0,0.0,0,0,0,0,0,0,17.643,16.7,-0.576,-1.948,6.1,35.1,-0.967,31.9,0.0,0.0,16.6,17.5,0.0,0.0,3.514,68.363,47.7,0.0,17.968,0.0,1
2024-09-09,US_PNW,"Seattle, WA",16.0,12.3,21.7,16.6,5,0.0,0,16.6,57.0,12.8,30.6,0,0,0,7,Open-Meteo Historical Weather API,ERA5,2024,9,3,37,FALL,16.333,21.333,0.0,-0.333,-4.733,0.0,-0.222,5.533,0.0,212.48,0,0,0,0,0,0,19.043,17.643,1.262,-0.576,0.0,6.1,-3.767,-0.967,0.0,0.0,12.2,16.6,0.0,0.0,0.0,3.514,57.8,0.0,17.346,0.0,1
2024-09-16,US_PNW,"Seattle, WA",15.086,9.1,20.9,2.2,1,0.0,0,2.2,14.0,14.0,33.1,0,0,0,7,Open-Meteo Historical Weather API,ERA5,2024,9,3,38,FALL,15.657,8.733,0.0,-0.571,-6.533,0.0,-0.748,1.257,0.0,30.8,0,0,0,0,0,0,16.0,19.043,-0.333,1.262,16.6,0.0,-4.733,-3.767,0.0,0.0,12.8,12.2,0.0,0.0,5.533,0.0,24.9,0.0,16.943,0.0,1
2024-09-23,US_PNW,"Seattle, WA",15.3,8.3,23.2,22.9,4,0.0,0,22.9,52.0,18.9,39.6,0,0,0,7,Open-Meteo Historical Weather API,ERA5,2024,9,3,39,FALL,14.329,29.067,0.0,0.971,-6.167,0.0,-0.212,0.0,0.0,432.81,0,0,0,0,0,0,15.086,16.0,-0.571,-0.333,2.2,16.6,-6.533,-4.733,0.0,0.0,14.0,12.8,0.0,0.0,1.257,5.533,41.7,0.0,16.357,0.0,1
2024-09-30,US_PNW,"Seattle, WA",12.429,6.2,19.8,13.6,1,0.0,0,13.6,17.0,21.1,44.3,0,0,0,7,Open-Meteo Historical Weather API,ERA5,2024,9,3,40,FALL,13.905,14.933,0.0,-1.476,-1.333,0.0,-0.089,20.069,0.0,286.96,0,0,0,0,0,0,15.3,15.086,0.971,-0.571,22.9,2.2,-6.167,-6.533,0.0,0.0,18.9,14.0,0.0,0.0,0.0,1.257,55.3,0.0,14.704,0.0,1
2024-10-07,US_PNW,"Seattle, WA",13.514,7.1,23.0,6.1,2,0.0,0,6.1,24.0,14.8,34.2,0,0,0,7,Open-Meteo Historical Weather API,ERA5,2024,10,4,41,FALL,13.133,14.433,0.0,0.381,-8.333,0.0,-0.577,0.0,0.0,90.28,0,0,0,0,0,0,12.429,15.3,-1.476,0.971,13.6,22.9,-1.333,-6.167,0.0,0.0,21.1,18.9,0.0,0.0,20.069,0.0,44.8,0.0,14.082,0.0,1
2024-10-14,US_PNW,"Seattle, WA",13.129,8.1,18.5,32.4,6,0.0,0,32.4,94.0,24.4,55.1,0,0,0,7,Open-Meteo Historical Weather API,ERA5,2024,10,4,42,FALL,12.262,23.933,0.0,0.867,8.467,0.0,0.354,0.0,0.0,790.56,0,0,0,0,0,0,13.514,12.429,0.381,-1.476,6.1,13.6,-8.333,-1.333,0.0,0.0,14.8,21.1,0.0,0.0,0.0,20.069,75.0,0.0,13.593,0.0,1
2024-10-21,US_PNW,"Seattle, WA",10.429,5.5,15.5,45.5,4,0.0,0,45.5,65.0,27.6,57.2,0,0,0,7,Open-Meteo Historical Weather API,ERA5,2024,10,4,43,FALL,9.495,58.133,0.0,0.934,-12.633,0.0,-0.217,0.0,0.0,1255.8,0,0,0,0,0,0,13.129,13.514,0.867,0.381,32.4,6.1,8.467,-8.333,0.0,0.0,24.4,14.8,0.0,0.0,0.0,0.0,97.6,0.0,12.375,0.0,1
2024-10-28,US_PNW,"Seattle, WA",9.286,6.4,12.9,51.5,6,0.0,0,51.5,123.0,18.9,38.2,0,0,0,7,Open-Meteo Historical Weather API,ERA5,2024,10,4,44,FALL,9.224,80.967,0.07,0.062,-29.467,-0.07,-0.364,0.0,0.0,973.35,1,0,0,0,0,0,10.429,13.129,0.934,0.867,45.5,32.4,-12.633,8.467,0.0,0.0,27.6,24.4,0.0,0.0,0.0,0.0,135.5,0.0,11.59,0.0,1
2024-11-04,US_PNW,"Seattle, WA",9.643,3.9,15.6,17.8,3,0.0,0,17.8,33.0,29.8,61.9,0,0,0,7,Open-Meteo Historical Weather API,ERA5,2024,11,4,45,FALL,8.181,53.333,0.093,1.462,-35.533,-0.093,-0.666,0.0,0.0,530.44,0,0,0,0,0,0,9.286,10.429,0.062,0.934,51.5,45.5,-29.467,-12.633,0.0,0.0,18.9,27.6,0.0,0.0,0.0,0.0,147.2,0.0,10.622,0.0,1
2024-11-11,US_PNW,"Seattle, WA",8.9,4.1,13.2,83.4,7,0.0,0,83.4,144.0,25.5,67.7,0,0,0,7,Open-Meteo Historical Weather API,ERA5,2024,11,4,46,FALL,5.828,15.467,0.0,3.072,67.933,0.0,4.392,0.0,0.0,2126.7,1,0,0,0,0,0,9.643,9.286,1.462,0.062,17.8,51.5,-35.533,-29.467,0.0,0.0,29.8,18.9,0.0,0.0,0.0,0.0,198.2,0.0,9.564,0.0,1
2024-11-18,US_PNW,"Seattle, WA",7.429,3.3,14.0,44.5,6,0.35,0,45.0,113.0,29.5,77.8,0,0,0,7,Open-Meteo Historical Weather API,ERA5,2024,11,4,47,FALL,7.224,42.467,0.093,0.205,2.033,0.257,0.048,0.0,0.0,1312.75,0,0,0,0,0,0,8.9,9.643,3.072,1.462,83.4,17.8,67.933,-35.533,0.0,0.0,25.5,29.8,0.0,0.0,0.0,0.0,197.2,0.35,8.814,0.0,1
2024-11-25,US_PNW,"Seattle, WA",5.571,2.4,8.9,11.5,1,0.0,0,11.5,30.0,8.8,23.4,0,3,0,7,Open-Meteo Historical Weather API,ERA5,2024,11,4,48,FALL,5.181,36.333,4.667,0.39,-24.833,-4.667,-0.683,0.0,0.0,101.2,0,0,0,0,0,0,7.429,8.9,0.205,3.072,44.5,83.4,2.033,67.933,0.35,0.0,29.5,25.5,0.0,0.0,0.0,0.0,157.2,0.35,7.886,0.0,1
2024-12-02,US_PNW,"Seattle, WA",5.429,0.4,11.0,27.2,2,0.0,0,27.2,36.0,22.6,52.9,0,4,0,7,Open-Meteo Historical Weather API,ERA5,2024,12,4,49,WINTER,6.462,79.833,0.583,-1.033,-52.633,-0.583,-0.659,28.098,0.0,614.72,0,0,0,0,0,0,5.571,7.429,0.39,0.205,11.5,44.5,-24.833,2.033,0.0,0.35,8.8,29.5,0.0,0.0,0.0,0.0,166.6,0.35,6.832,0.0,1
2024-12-09,US_PNW,"Seattle, WA",5.786,1.1,10.0,19.4,4,0.0,0,19.4,47.0,31.6,72.7,0,2,0,7,Open-Meteo Historical Weather API,ERA5,2024,12,4,50,WINTER,5.181,16.633,1.073,0.605,2.767,-1.073,0.166,0.0,0.0,613.04,0,0,0,0,0,0,5.429,5.571,-1.033,0.39,27.2,11.5,-52.633,-24.833,0.0,0.0,22.6,8.8,0.0,0.0,28.098,0.0,102.6,0.35,6.054,0.0,1
2024-12-16,US_PNW,"Seattle, WA",8.571,5.1,12.9,69.4,6,0.0,0,69.4,79.0,32.5,77.8,0,0,0,7,Open-Meteo Historical Weather API,ERA5,2024,12,4,51,WINTER,3.952,38.633,4.83,4.619,30.767,-4.83,0.796,0.0,0.0,2255.5,1,0,0,0,0,0,5.786,5.429,0.605,-1.033,19.4,27.2,2.767,-52.633,0.0,0.0,31.6,22.6,0.0,0.0,0.0,28.098,127.5,0.0,6.339,0.0,1
2024-12-23,US_PNW,"Seattle, WA",8.386,5.9,11.8,77.5,7,0.0,0,77.5,112.0,29.8,69.1,0,0,0,7,Open-Meteo Historical Weather API,ERA5,2024,12,4,52,WINTER,5.29,34.6,1.89,3.096,42.9,-1.89,1.24,0.0,0.0,2309.5,1,0,0,0,0,0,8.571,5.786,4.619,0.605,69.4,19.4,30.767,2.767,0.0,0.0,32.5,31.6,0.0,0.0,0.0,0.0,193.5,0.0,7.043,0.0,1
2024-12-30,US_PNW,"Seattle, WA",6.386,2.2,10.1,31.6,6,0.21,0,31.9,67.0,16.1,34.6,0,2,1,7,Open-Meteo Historical Weather API,ERA5,2024,12,4,1,WINTER,6.095,60.1,2.427,0.291,-28.5,-2.217,-0.474,0.0,0.0,508.76,0,0,0,0,0,0,8.386,8.571,3.096,4.619,77.5,69.4,42.9,30.767,0.0,0.0,29.8,32.5,0.0,0.0,0.0,0.0,197.9,0.21,7.282,1.0,1
2025-01-06,US_PNW,"Seattle, WA",6.671,3.5,9.8,13.3,2,0.0,0,13.3,26.0,18.2,34.2,0,0,0,7,Open-Meteo Historical Weather API,ERA5,2025,1,1,2,WINTER,5.648,50.233,0.607,1.023,-36.933,-0.607,-0.735,0.0,0.0,242.06,0,0,0,0,0,0,6.386,8.386,0.291,3.096,31.6,77.5,-28.5,42.9,0.21,0.0,16.1,29.8,1.0,0.0,0.0,0.0,191.8,0.21,7.504,1.0,1
2025-01-13,US_PNW,"Seattle, WA",3.586,-0.7,6.7,0.7,0,0.0,0,0.7,7.0,13.3,25.9,0,7,0,7,Open-Meteo Historical Weather API,ERA5,2025,1,1,3,WINTER,4.809,36.033,0.257,-1.223,-35.333,-0.257,-0.981,0.856,0.0,9.31,0,0,0,0,0,0,6.671,6.386,1.023,0.291,13.3,31.6,-36.933,-28.5,0.0,0.21,18.2,16.1,0.0,1.0,0.0,0.0,123.1,0.21,6.257,1.0,1
2025-01-20,US_PNW,"Seattle, WA",2.386,-1.7,7.4,0.0,0,0.0,0,0.0,0.0,13.7,29.5,0,7,0,7,Open-Meteo Historical Weather API,ERA5,2025,1,1,4,WINTER,6.495,32.233,0.0,-4.109,-32.233,0.0,-1.0,0.0,0.0,0.0,0,0,0,0,0,0,3.586,6.671,-1.223,1.023,0.7,13.3,-35.333,-36.933,0.0,0.0,13.3,18.2,0.0,0.0,0.856,0.0,45.6,0.21,4.757,1.0,1
2025-01-27,US_PNW,"Seattle, WA",3.157,-2.0,9.1,30.0,4,0.63,0,30.9,50.0,25.8,51.1,0,6,3,7,Open-Meteo Historical Weather API,ERA5,2025,1,1,5,WINTER,6.567,13.667,0.093,-3.41,16.333,0.537,1.195,102.3,2.148,774.0,0,0,0,0,1,0,2.386,3.586,-4.109,-1.223,0.0,0.7,-32.233,-35.333,0.0,0.0,13.7,13.3,0.0,0.0,0.0,0.856,44.0,0.63,3.95,3.0,1
2025-02-03,US_PNW,"Seattle, WA",2.186,-2.9,5.2,12.9,4,4.9,2,19.9,85.0,14.3,28.4,0,7,4,7,Open-Meteo Historical Weather API,ERA5,2025,2,1,6,WINTER,6.933,16.0,0.0,-4.747,-3.1,4.9,-0.194,61.241,23.262,184.47,0,0,0,0,1,0,3.157,2.386,-3.41,-4.109,30.0,0.0,16.333,-32.233,0.63,0.0,25.8,13.7,3.0,0.0,102.3,0.0,43.6,5.53,2.829,7.0,1
2025-02-10,US_PNW,"Seattle, WA",2.286,-4.3,9.3,11.3,2,2.03,1,14.2,53.0,14.2,33.1,0,6,1,7,Open-Meteo Historical Weather API,ERA5,2025,2,1,7,WINTER,6.233,16.633,1.68,-3.947,-5.333,0.35,-0.321,44.605,8.013,160.46,0,0,0,0,0,0,2.186,3.157,-4.747,-3.41,12.9,30.0,-3.1,16.333,4.9,0.63,14.3,25.8,4.0,3.0,61.241,102.3,54.2,7.56,2.504,8.0,1
2025-02-17,US_PNW,"Seattle, WA",8.7,5.9,12.5,65.7,6,0.0,0,65.7,94.0,31.2,67.0,0,0,0,7,Open-Meteo Historical Weather API,ERA5,2025,2,1,8,WINTER,4.552,27.333,2.053,4.148,38.367,-2.053,1.404,0.0,0.0,2049.84,1,0,0,0,0,0,2.286,2.186,-3.947,-4.747,11.3,12.9,-5.333,-3.1,2.03,4.9,14.2,14.3,1.0,4.0,44.605,61.241,119.9,7.56,4.082,8.0,1
2025-02-24,US_PNW,"Seattle, WA",8.957,2.8,16.2,31.2,2,0.0,0,31.2,37.0,36.0,76.0,0,0,0,7,Open-Meteo Historical Weather API,ERA5,2025,2,1,9,WINTER,5.838,59.033,2.59,3.119,-27.833,-2.59,-0.471,0.0,0.0,1123.2,0,0,0,0,0,0,8.7,2.286,4.148,-3.947,65.7,11.3,38.367,-5.333,0.0,2.03,31.2,14.2,0.0,1.0,0.0,44.605,121.1,6.93,5.532,5.0,1
2025-03-03,US_PNW,"Seattle, WA",8.086,2.8,13.1,17.5,3,0.0,0,17.5,31.0,21.9,49.0,0,0,0,7,Open-Meteo Historical Weather API,ERA5,2025,3,1,10,SPRING,6.095,17.133,0.187,1.991,0.367,-0.187,0.021,0.0,0.0,383.25,0,0,0,0,0,0,8.957,8.7,3.119,4.148,31.2,65.7,-27.833,38.367,0.0,0.0,36.0,31.2,0.0,0.0,0.0,0.0,125.7,2.03,7.007,1.0,1
2025-03-10,US_PNW,"Seattle, WA",6.7,1.9,10.6,55.5,7,0.21,0,55.8,108.0,31.6,63.0,0,0,0,7,Open-Meteo Historical Weather API,ERA5,2025,3,1,11,SPRING,8.481,29.133,0.023,-1.781,26.367,0.187,0.905,98.845,0.374,1753.8,1,0,0,0,0,0,8.086,8.957,1.991,3.119,17.5,31.2,0.367,-27.833,0.0,0.0,21.9,36.0,0.0,0.0,0.0,0.0,169.9,0.21,8.111,0.0,1
2025-03-17,US_PNW,"Seattle, WA",7.714,1.9,12.3,69.3,6,0.0,0,69.3,109.0,27.2,58.0,0,0,0,7,Open-Meteo Historical Weather API,ERA5,2025,3,1,12,SPRING,9.172,22.567,0.233,-1.458,46.733,-0.233,2.071,101.016,0.0,1884.96,1,0,0,0,0,0,6.7,8.086,-1.781,1.991,55.5,17.5,26.367,0.367,0.21,0.0,31.6,21.9,0.0,0.0,98.845,0.0,173.5,0.21,7.864,0.0,1
2025-03-24,US_PNW,"Seattle, WA",11.4,4.6,18.1,45.3,4,0.0,0,45.3,82.0,19.8,45.7,0,0,0,7,Open-Meteo Historical Weather API,ERA5,2025,3,1,13,SPRING,8.786,22.667,0.14,2.614,22.633,-0.14,0.999,0.0,0.0,896.94,0,0,0,0,0,0,7.714,6.7,-1.458,-1.781,69.3,55.5,46.733,26.367,0.0,0.21,27.2,31.6,0.0,0.0,101.016,98.845,187.6,0.21,8.475,0.0,1
2025-03-31,US_PNW,"Seattle, WA",9.714,4.5,20.6,29.4,4,0.0,0,29.4,68.0,14.5,36.0,0,0,0,7,Open-Meteo Historical Weather API,ERA5,2025,3,1,14,SPRING,8.586,33.267,0.163,1.128,-3.867,-0.163,-0.116,0.0,0.0,426.3,0,0,0,0,0,0,11.4,7.714,2.614,-1.458,45.3,69.3,22.633,46.733,0.0,0.0,19.8,27.2,0.0,0.0,0.0,101.016,199.5,0.21,8.882,0.0,1
2025-04-07,US_PNW,"Seattle, WA",9.9,4.5,17.5,41.3,4,0.0,0,41.3,61.0,23.2,61.2,0,0,0,7,Open-Meteo Historical Weather API,ERA5,2025,4,2,15,SPRING,7.943,19.6,0.047,1.957,21.7,-0.047,1.107,0.0,0.0,958.16,0,0,0,0,0,0,9.714,11.4,1.128,2.614,29.4,45.3,-3.867,22.633,0.0,0.0,14.5,19.8,0.0,0.0,0.0,0.0,185.3,0.0,9.682,0.0,1
2025-04-14,US_PNW,"Seattle, WA",11.657,5.8,20.1,12.5,2,0.0,0,12.5,40.0,15.7,41.4,0,0,0,7,Open-Meteo Historical Weather API,ERA5,2025,4,2,16,SPRING,9.324,20.7,0.0,2.333,-8.2,0.0,-0.396,0.0,0.0,196.25,0,0,0,0,0,0,9.9,9.714,1.957,1.128,41.3,29.4,21.7,-3.867,0.0,0.0,23.2,14.5,0.0,0.0,0.0,0.0,128.5,0.0,10.668,0.0,1
2025-04-21,US_PNW,"Seattle, WA",11.714,5.3,19.4,1.2,1,0.0,0,1.2,5.0,14.5,32.4,0,0,0,7,Open-Meteo Historical Weather API,ERA5,2025,4,2,17,SPRING,11.419,21.233,0.0,0.295,-20.033,0.0,-0.943,0.0,0.0,17.4,0,0,0,0,0,0,11.657,9.9,2.333,1.957,12.5,41.3,-8.2,21.7,0.0,0.0,15.7,23.2,0.0,0.0,0.0,0.0,84.4,0.0,10.746,0.0,1
2025-04-28,US_PNW,"Seattle, WA",11.8,6.0,20.7,18.3,3,0.0,0,18.3,49.0,19.3,41.8,0,0,0,7,Open-Meteo Historical Weather API,ERA5,2025,4,2,18,SPRING,10.952,32.267,0.0,0.848,-13.967,0.0,-0.433,0.0,0.0,353.19,0,0,0,0,0,0,11.714,11.657,0.295,2.333,1.2,12.5,-20.033,-8.2,0.0,0.0,14.5,15.7,0.0,0.0,0.0,0.0,73.3,0.0,11.268,0.0,1
2025-05-05,US_PNW,"Seattle, WA",13.229,6.1,24.2,7.5,1,0.0,0,7.5,10.0,18.0,35.6,0,0,0,7,Open-Meteo Historical Weather API,ERA5,2025,5,2,19,SPRING,13.671,22.333,0.0,-0.442,-14.833,0.0,-0.664,3.317,0.0,135.0,0,0,0,0,0,0,11.8,11.714,0.848,0.295,18.3,1.2,-13.967,-20.033,0.0,0.0,19.3,14.5,0.0,0.0,0.0,0.0,39.5,0.0,12.1,0.0,1
2025-05-12,US_PNW,"Seattle, WA",11.871,6.9,16.4,31.9,5,0.0,0,31.9,80.0,16.5,36.7,0,0,0,7,Open-Meteo Historical Weather API,ERA5,2025,5,2,20,SPRING,14.595,10.767,0.0,-2.724,21.133,0.0,1.963,86.896,0.0,526.35,0,0,0,0,0,0,13.229,11.8,-0.442,0.848,7.5,18.3,-14.833,-13.967,0.0,0.0,18.0,19.3,0.0,0.0,3.317,0.0,58.9,0.0,12.154,0.0,1
2025-05-19,US_PNW,"Seattle, WA",13.486,8.6,22.3,10.3,2,0.0,0,10.3,25.0,22.7,51.1,0,0,0,7,Open-Meteo Historical Weather API,ERA5,2025,5,2,21,SPRING,13.443,21.733,0.0,0.043,-11.433,0.0,-0.526,0.0,0.0,233.81,0,0,0,0,0,0,11.871,13.229,-2.724,-0.442,31.9,7.5,21.133,-14.833,0.0,0.0,16.5,18.0,0.0,0.0,86.896,3.317,68.0,0.0,12.596,0.0,1
2025-05-26,US_PNW,"Seattle, WA",15.743,9.4,26.0,4.3,3,0.0,0,4.3,28.0,19.1,39.2,0,0,0,7,Open-Meteo Historical Weather API,ERA5,2025,5,2,22,SPRING,14.476,23.233,0.0,1.267,-18.933,0.0,-0.815,0.0,0.0,82.13,0,0,0,0,0,0,13.486,11.871,0.043,-2.724,10.3,31.9,-11.433,21.133,0.0,0.0,22.7,16.5,0.0,0.0,0.0,86.896,54.0,0.0,13.582,0.0,1
2025-06-02,US_PNW,"Seattle, WA",17.657,9.7,28.1,0.2,0,0.0,0,0.2,2.0,13.6,31.0,0,0,0,7,Open-Meteo Historical Weather API,ERA5,2025,6,2,23,SUMMER,15.505,26.733,0.0,2.152,-26.533,0.0,-0.993,0.0,0.0,2.72,0,0,0,0,0,0,15.743,13.486,1.267,0.043,4.3,10.3,-18.933,-11.433,0.0,0.0,19.1,22.7,0.0,0.0,0.0,0.0,46.7,0.0,14.689,0.0,1
2025-06-09,US_PNW,"Seattle, WA",16.486,10.9,27.5,0.2,0,0.0,0,0.2,2.0,14.7,34.6,0,0,0,7,Open-Meteo Historical Weather API,ERA5,2025,6,2,24,SUMMER,14.524,20.067,0.0,1.962,-19.867,0.0,-0.99,0.0,0.0,2.94,0,0,0,0,0,0,17.657,15.743,2.152,1.267,0.2,4.3,-26.533,-18.933,0.0,0.0,13.6,19.1,0.0,0.0,0.0,0.0,15.0,0.0,15.843,0.0,1
2025-06-16,US_PNW,"Seattle, WA",15.514,11.2,22.7,14.4,2,0.0,0,14.4,37.0,19.3,46.1,0,0,0,7,Open-Meteo Historical Weather API,ERA5,2025,6,2,25,SUMMER,17.019,5.7,0.0,-1.505,8.7,0.0,1.526,21.672,0.0,277.92,0,0,0,0,0,0,16.486,17.657,1.962,2.152,0.2,0.2,-19.867,-26.533,0.0,0.0,14.7,13.6,0.0,0.0,0.0,0.0,19.1,0.0,16.35,0.0,1
2025-06-23,US_PNW,"Seattle, WA",17.214,12.9,24.8,3.3,1,0.0,0,3.3,13.0,17.1,36.4,0,0,0,7,Open-Meteo Historical Weather API,ERA5,2025,6,2,26,SUMMER,17.829,8.2,0.0,-0.615,-4.9,0.0,-0.598,2.028,0.0,56.43,0,0,0,0,0,0,15.514,16.486,-1.505,1.962,14.4,0.2,8.7,-19.867,0.0,0.0,19.3,14.7,0.0,0.0,21.672,0.0,18.1,0.0,16.718,0.0,1
2025-06-30,US_PNW,"Seattle, WA",18.871,13.0,27.4,0.0,0,0.0,0,0.0,0.0,14.2,30.2,0,0,0,7,Open-Meteo Historical Weather API,ERA5,2025,6,2,27,SUMMER,19.289,1.65,0.0,-0.418,-1.65,0.0,-1.0,0.0,0.0,0.0,0,0,0,0,0,0,17.214,15.514,-0.615,-1.505,3.3,14.4,-4.9,8.7,0.0,0.0,17.1,19.3,0.0,0.0,2.028,21.672,17.9,0.0,17.021,0.0,1
2025-07-07,US_PNW,"Seattle, WA",20.243,13.6,28.8,3.0,2,0.0,0,3.0,20.0,18.7,40.7,0,0,0,7,Open-Meteo Historical Weather API,ERA5,2025,7,3,28,SUMMER,20.185,0.3,0.0,0.058,2.7,0.0,2.7,0.0,0.0,56.1,0,0,0,0,0,0,18.871,17.214,-0.418,-0.615,0.0,3.3,-1.65,-4.9,0.0,0.0,14.2,17.1,0.0,0.0,0.0,2.028,20.7,0.0,17.96,0.0,1
2025-07-14,US_PNW,"Seattle, WA",20.0,13.2,31.2,1.5,1,0.0,0,1.5,5.0,15.9,37.1,0,0,0,7,Open-Meteo Historical Weather API,ERA5,2025,7,3,29,SUMMER,20.057,2.175,0.0,-0.057,-0.675,0.0,-0.31,0.086,0.0,23.85,0,0,0,0,0,0,20.243,18.871,0.058,-0.418,3.0,0.0,2.7,-1.65,0.0,0.0,18.7,14.2,0.0,0.0,0.0,0.0,7.8,0.0,19.082,0.0,1
2025-07-21,US_PNW,"Seattle, WA",18.686,13.5,27.2,0.4,0,0.0,0,0.4,4.0,12.9,28.8,0,0,0,7,Open-Meteo Historical Weather API,ERA5,2025,7,3,30,SUMMER,20.746,1.975,0.0,-2.06,-1.575,0.0,-0.797,0.824,0.0,5.16,0,0,0,0,0,0,20.0,20.243,-0.057,0.058,1.5,3.0,-0.675,2.7,0.0,0.0,15.9,18.7,0.0,0.0,0.086,0.0,4.9,0.0,19.45,0.0,1
2025-07-28,US_PNW,"Seattle, WA",20.129,13.5,27.7,1.5,1,0.0,0,1.5,13.0,10.5,24.1,0,0,0,7,Open-Meteo Historical Weather API,ERA5,2025,7,3,31,SUMMER,20.146,8.25,0.0,-0.017,-6.75,0.0,-0.818,0.026,0.0,15.75,0,0,0,0,0,0,18.686,20.0,-2.06,-0.057,0.4,1.5,-1.575,-0.675,0.0,0.0,12.9,15.9,0.0,0.0,0.824,0.086,6.4,0.0,19.764,0.0,1
2025-08-04,US_PNW,"Seattle, WA",18.714,13.3,28.1,19.5,2,0.0,0,19.5,38.0,18.4,38.5,0,0,0,7,Open-Meteo Historical Weather API,ERA5,2025,8,3,32,SUMMER,20.489,1.85,0.0,-1.775,17.65,0.0,9.541,34.617,0.0,358.8,0,0,0,0,0,0,20.129,18.686,-0.017,-2.06,1.5,0.4,-6.75,-1.575,0.0,0.0,10.5,12.9,0.0,0.0,0.026,0.824,22.9,0.0,19.382,0.0,1
2025-08-11,US_PNW,"Seattle, WA",20.186,15.6,29.9,36.7,2,0.0,0,36.7,53.0,20.4,41.4,0,0,0,7,Open-Meteo Historical Weather API,ERA5,2025,8,3,33,SUMMER,19.8,2.275,0.0,0.386,34.425,0.0,15.132,0.0,0.0,748.68,0,0,0,0,0,0,18.714,20.129,-1.775,-0.017,19.5,1.5,17.65,-6.75,0.0,0.0,18.4,10.5,0.0,0.0,34.617,0.026,58.1,0.0,19.429,0.0,1
2025-08-18,US_PNW,"Seattle, WA",19.686,12.4,29.2,1.8,1,0.0,0,1.8,13.0,13.7,31.7,0,0,0,7,Open-Meteo Historical Weather API,ERA5,2025,8,3,34,SUMMER,18.161,11.175,0.0,1.525,-9.375,0.0,-0.839,0.0,0.0,24.66,0,0,0,0,0,0,20.186,18.714,0.386,-1.775,36.7,19.5,34.425,17.65,0.0,0.0,20.4,18.4,0.0,0.0,0.0,34.617,59.5,0.0,19.679,0.0,1
2025-08-25,US_PNW,"Seattle, WA",20.343,15.1,28.8,0.5,0,0.0,0,0.5,5.0,14.0,30.6,0,0,0,7,Open-Meteo Historical Weather API,ERA5,2025,8,3,35,SUMMER,18.075,6.825,0.0,2.268,-6.325,0.0,-0.927,0.0,0.0,7.0,0,0,0,0,0,0,19.686,20.186,1.525,0.386,1.8,36.7,-9.375,34.425,0.0,0.0,13.7,20.4,0.0,0.0,0.0,0.0,58.5,0.0,19.732,0.0,1
2025-09-01,US_PNW,"Seattle, WA",18.929,15.0,25.4,0.1,0,0.0,0,0.1,1.0,13.7,29.5,0,0,0,7,Open-Meteo Historical Weather API,ERA5,2025,9,3,36,FALL,18.096,2.825,0.0,0.833,-2.725,0.0,-0.965,0.0,0.0,1.37,0,0,0,0,0,0,20.343,19.686,2.268,1.525,0.5,1.8,-6.325,-9.375,0.0,0.0,14.0,13.7,0.0,0.0,0.0,0.0,39.1,0.0,19.786,0.0,1
2025-09-08,US_PNW,"Seattle, WA",17.386,13.3,23.3,3.6,1,0.0,0,3.6,19.0,18.7,40.7,0,0,0,7,Open-Meteo Historical Weather API,ERA5,2025,9,3,37,FALL,16.25,20.15,0.0,1.136,-16.55,0.0,-0.821,0.0,0.0,67.32,0,0,0,0,0,0,18.929,20.343,0.833,2.268,0.1,0.5,-2.725,-6.325,0.0,0.0,13.7,14.0,0.0,0.0,0.0,0.0,6.0,0.0,19.086,0.0,1
2025-09-15,US_PNW,"Seattle, WA",17.214,10.1,31.6,15.6,1,0.0,0,15.6,17.0,15.9,32.8,0,0,0,7,Open-Meteo Historical Weather API,ERA5,2025,9,3,38,FALL,15.514,7.1,0.0,1.699,8.5,0.0,1.197,0.0,0.0,248.04,0,0,0,0,0,0,17.386,18.929,1.136,0.833,3.6,0.1,-16.55,-2.725,0.0,0.0,18.7,13.7,0.0,0.0,0.0,0.0,19.8,0.0,18.468,0.0,1
2025-09-22,US_PNW,"Seattle, WA",15.586,11.1,22.3,0.8,0,0.0,0,0.8,6.0,12.7,33.8,0,0,0,7,Open-Meteo Historical Weather API,ERA5,2025,9,3,39,FALL,14.572,27.525,0.0,1.014,-26.725,0.0,-0.971,0.0,0.0,10.16,0,0,0,0,0,0,17.214,17.386,1.699,1.136,15.6,3.6,8.5,-16.55,0.0,0.0,15.9,18.7,0.0,0.0,0.0,0.0,20.1,0.0,17.279,0.0,1
2025-09-29,US_PNW,"Seattle, WA",14.543,9.4,20.4,24.6,4,0.0,0,24.6,56.0,15.9,41.0,0,0,0,7,Open-Meteo Historical Weather API,ERA5,2025,9,3,40,FALL,13.536,14.6,0.0,1.007,10.0,0.0,0.685,0.0,0.0,391.14,0,0,0,0,0,0,15.586,17.214,1.014,1.699,0.8,15.6,-26.725,8.5,0.0,0.0,12.7,15.9,0.0,0.0,0.0,0.0,44.6,0.0,16.182,0.0,1
2025-10-06,US_PNW,"Seattle, WA",12.414,7.5,21.4,25.2,4,0.0,0,25.2,59.0,18.4,40.0,0,0,0,7,Open-Meteo Historical Weather API,ERA5,2025,10,4,41,FALL,13.228,12.35,0.0,-0.815,12.85,0.0,1.04,20.525,0.0,463.68,0,0,0,0,0,0,14.543,15.586,1.007,1.014,24.6,0.8,10.0,-26.725,0.0,0.0,15.9,12.7,0.0,0.0,0.0,0.0,66.2,0.0,14.939,0.0,1
2025-10-13,US_PNW,"Seattle, WA",10.129,3.4,14.8,26.2,4,0.0,0,26.2,51.0,29.2,61.9,0,0,0,7,Open-Meteo Historical Weather API,ERA5,2025,10,4,42,FALL,12.478,26.05,0.0,-2.35,0.15,0.0,0.006,61.557,0.0,765.04,0,0,0,0,0,0,12.414,14.543,-0.815,1.007,25.2,24.6,12.85,10.0,0.0,0.0,18.4,15.9,0.0,0.0,20.525,0.0,76.8,0.0,13.168,0.0,1
2025-10-20,US_PNW,"Seattle, WA",10.743,6.5,15.5,52.6,3,0.0,0,52.6,63.0,34.7,79.6,0,0,0,7,Open-Meteo Historical Weather API,ERA5,2025,10,4,43,FALL,9.728,54.975,0.0,1.014,-2.375,0.0,-0.043,0.0,0.0,1825.22,1,0,0,0,0,0,10.129,12.414,-2.35,-0.815,26.2,25.2,0.15,12.85,0.0,0.0,29.2,18.4,0.0,0.0,61.557,20.525,128.6,0.0,11.957,0.0,1
2025-10-27,US_PNW,"Seattle, WA",9.7,3.9,14.6,65.1,6,0.0,0,65.1,60.0,27.2,78.1,0,0,0,7,Open-Meteo Historical Weather API,ERA5,2025,10,4,44,FALL,9.24,73.6,0.052,0.46,-8.5,-0.052,-0.115,0.0,0.0,1770.72,1,0,0,0,0,0,10.743,10.129,1.014,-2.35,52.6,26.2,-2.375,0.15,0.0,0.0,34.7,29.2,0.0,0.0,0.0,61.557,169.1,0.0,10.747,0.0,1
2025-11-03,US_PNW,"Seattle, WA",10.357,4.7,16.3,41.6,4,0.0,0,41.6,70.0,25.8,69.5,0,0,0,7,Open-Meteo Historical Weather API,ERA5,2025,11,4,45,FALL,8.546,44.45,0.07,1.81,-2.85,-0.07,-0.064,0.0,0.0,1073.28,0,0,0,0,0,0,9.7,10.743,0.46,1.014,65.1,52.6,-8.5,-2.375,0.0,0.0,27.2,34.7,0.0,0.0,0.0,0.0,185.5,0.0,10.232,0.0,1
2025-11-10,US_PNW,"Seattle, WA",11.243,6.1,14.0,47.6,6,0.0,0,47.6,99.0,18.7,42.5,0,0,0,7,Open-Meteo Historical Weather API,ERA5,2025,11,4,46,FALL,6.596,32.45,0.0,4.647,15.15,0.0,0.467,0.0,0.0,890.12,0,0,0,0,0,0,10.357,9.7,1.81,0.46,41.6,65.1,-2.85,-8.5,0.0,0.0,25.8,27.2,0.0,0.0,0.0,0.0,206.9,0.0,10.511,0.0,1
2025-11-17,US_PNW,"Seattle, WA",8.857,4.6,12.7,29.1,3,0.0,0,29.1,65.0,17.4,35.3,0,0,0,7,Open-Meteo Historical Weather API,ERA5,2025,11,4,47,FALL,7.275,42.975,0.158,1.582,-13.875,-0.158,-0.323,0.0,0.0,506.34,0,0,0,0,0,0,11.243,10.357,4.647,1.81,47.6,41.6,15.15,-2.85,0.0,0.0,18.7,25.8,0.0,0.0,0.0,0.0,183.4,0.0,10.039,0.0,1
2025-11-24,US_PNW,"Seattle, WA",6.8,1.1,10.8,37.4,5,0.0,0,37.4,65.0,14.6,30.6,0,1,0,7,Open-Meteo Historical Weather API,ERA5,2025,11,4,48,FALL,5.278,30.125,3.5,1.522,7.275,-3.5,0.241,0.0,0.0,546.04,0,0,0,0,0,0,8.857,11.243,1.582,4.647,29.1,47.6,-13.875,15.15,0.0,0.0,17.4,18.7,0.0,0.0,0.0,0.0,155.7,0.0,9.314,0.0,1
2025-12-01,US_PNW,"Seattle, WA",7.986,3.0,12.5,46.4,5,0.0,0,46.4,99.0,28.6,61.9,0,1,0,7,Open-Meteo Historical Weather API,ERA5,2025,12,4,49,WINTER,6.204,66.675,0.438,1.782,-20.275,-0.438,-0.304,0.0,0.0,1327.04,0,0,0,0,0,0,6.8,8.857,1.522,1.582,37.4,29.1,7.275,-13.875,0.0,0.0,14.6,17.4,0.0,0.0,0.0,0.0,160.5,0.0,8.721,0.0,1
2025-12-08,US_PNW,"Seattle, WA",10.843,7.8,14.5,144.4,6,0.0,0,144.4,106.0,31.7,72.0,0,0,0,7,Open-Meteo Historical Weather API,ERA5,2025,12,4,50,WINTER,5.332,17.325,0.805,5.511,127.075,-0.805,7.335,0.0,0.0,4577.48,1,0,0,0,0,0,7.986,6.8,1.782,1.522,46.4,37.4,-20.275,7.275,0.0,0.0,28.6,14.6,0.0,0.0,0.0,0.0,257.3,0.0,8.622,0.0,1
2025-12-15,US_PNW,"Seattle, WA",8.329,4.0,15.6,86.5,7,0.0,0,86.5,133.0,32.1,79.6,0,0,0,7,Open-Meteo Historical Weather API,ERA5,2025,12,4,51,WINTER,5.107,46.325,3.623,3.222,40.175,-3.623,0.867,0.0,0.0,2776.65,1,0,0,0,0,0,10.843,7.986,5.511,1.782,144.4,46.4,127.075,-20.275,0.0,0.0,31.7,28.6,0.0,0.0,0.0,0.0,314.7,0.0,8.49,0.0,1
2025-12-22,US_PNW,"Seattle, WA",4.714,0.0,10.3,22.5,6,0.07,0,22.6,68.0,22.8,53.3,0,4,3,7,Open-Meteo Historical Weather API,ERA5,2025,12,4,52,WINTER,6.064,45.325,1.418,-1.35,-22.825,-1.348,-0.504,30.381,0.095,513.0,0,0,0,0,1,0,8.329,10.843,3.222,5.511,86.5,144.4,40.175,127.075,0.0,0.0,32.1,31.7,0.0,0.0,0.0,0.0,299.8,0.07,7.968,3.0,1
2025-12-29,US_PNW,"Seattle, WA",5.243,0.4,11.6,28.7,3,0.0,0,28.7,64.0,21.2,45.0,0,4,0,7,Open-Meteo Historical Weather API,ERA5,2025,12,4,1,WINTER,6.168,52.975,1.872,-0.925,-24.275,-1.872,-0.458,26.547,0.0,608.44,0,0,0,0,0,0,4.714,8.329,-1.35,3.222,22.5,86.5,-22.825,40.175,0.07,0.0,22.8,32.1,3.0,0.0,30.381,0.0,282.1,0.07,7.282,3.0,1
2026-01-05,US_PNW,"Seattle, WA",6.386,2.9,9.8,49.5,5,0.0,0,49.5,103.0,27.5,57.6,0,0,0,7,Open-Meteo Historical Weather API,ERA5,2026,1,1,2,WINTER,5.904,41.0,0.455,0.482,8.5,-0.455,0.207,0.0,0.0,1361.25,0,0,0,0,0,0,5.243,4.714,-0.925,-1.35,28.7,22.5,-24.275,-22.825,0.0,0.07,21.2,22.8,0.0,3.0,26.547,30.381,187.2,0.07,6.168,3.0,1
2026-01-12,US_PNW,"Seattle, WA",7.714,1.3,12.3,7.8,2,0.0,0,7.8,31.0,18.4,39.2,0,1,0,7,Open-Meteo Historical Weather API,ERA5,2026,1,1,3,WINTER,4.504,27.2,0.192,3.211,-19.4,-0.192,-0.713,0.0,0.0,143.52,0,0,0,0,0,0,6.386,5.243,0.482,-0.925,49.5,28.7,8.5,-24.275,0.0,0.0,27.5,21.2,0.0,0.0,0.0,26.547,108.5,0.07,6.014,3.0,1
2026-01-19,US_PNW,"Seattle, WA",2.986,-1.9,9.2,0.0,0,0.0,0,0.0,0.0,11.2,27.0,0,7,0,7,Open-Meteo Historical Weather API,ERA5,2026,1,1,4,WINTER,5.468,24.175,0.0,-2.482,-24.175,0.0,-1.0,0.0,0.0,0.0,0,0,0,0,0,0,7.714,6.386,3.211,0.482,7.8,49.5,-19.4,8.5,0.0,0.0,18.4,27.5,0.0,0.0,0.0,0.0,86.0,0.0,5.582,0.0,1
2026-01-26,US_PNW,"Seattle, WA",8.143,0.0,13.3,40.6,4,0.0,0,40.6,78.0,21.3,44.3,0,1,0,7,Open-Meteo Historical Weather API,ERA5,2026,1,1,5,WINTER,5.714,17.75,0.228,2.429,22.85,-0.228,1.287,0.0,0.0,864.78,0,0,0,0,0,0,2.986,7.714,-2.482,3.211,0.0,7.8,-24.175,-19.4,0.0,0.0,11.2,18.4,0.0,0.0,0.0,0.0,97.9,0.0,6.307,0.0,1
2026-02-02,US_PNW,"Seattle, WA",9.157,4.9,14.8,23.5,2,0.0,0,23.5,42.0,22.2,46.8,0,0,0,7,Open-Meteo Historical Weather API,ERA5,2026,2,1,6,WINTER,5.746,15.225,1.225,3.41,8.275,-1.225,0.544,0.0,0.0,521.7,0,0,0,0,0,0,8.143,2.986,2.429,-2.482,40.6,0.0,22.85,-24.175,0.0,0.0,21.3,11.2,0.0,0.0,0.0,0.0,71.9,0.0,7.0,0.0,1
2026-02-09,US_PNW,"Seattle, WA",6.543,2.8,12.2,10.9,3,0.0,0,10.9,37.0,18.8,40.7,0,1,0,7,Open-Meteo Historical Weather API,ERA5,2026,2,1,7,WINTER,5.246,15.3,1.767,1.296,-4.4,-1.767,-0.288,0.0,0.0,204.92,0,0,0,0,0,0,9.157,8.143,3.41,2.429,23.5,40.6,8.275,22.85,0.0,0.0,22.2,21.3,0.0,0.0,0.0,0.0,75.0,0.0,6.707,0.0,1
2026-02-16,US_PNW,"Seattle, WA",4.5,-0.6,11.0,21.2,5,0.21,0,21.5,70.0,19.8,38.2,0,5,3,7,Open-Meteo Historical Weather API,ERA5,2026,2,1,8,WINTER,5.589,36.925,1.54,-1.089,-15.725,-1.33,-0.426,23.092,0.229,419.76,0,0,0,0,1,0,6.543,9.157,1.296,3.41,10.9,23.5,-4.4,8.275,0.0,0.0,18.8,22.2,0.0,0.0,0.0,0.0,96.2,0.21,7.086,3.0,1
2026-02-23,US_PNW,"Seattle, WA",6.986,2.1,11.9,13.4,1,0.0,0,13.4,24.0,24.5,52.6,0,0,0,7,Open-Meteo Historical Weather API,ERA5,2026,2,1,9,WINTER,6.618,52.075,1.943,0.368,-38.675,-1.943,-0.743,0.0,0.0,328.3,0,0,0,0,0,0,4.5,6.543,-1.089,1.296,21.2,10.9,-15.725,-4.4,0.21,0.0,19.8,18.8,3.0,0.0,23.092,0.0,69.0,0.21,6.796,3.0,1
2026-03-02,US_PNW,"Seattle, WA",9.429,2.5,14.5,63.2,6,0.07,0,63.3,129.0,22.7,48.2,0,0,0,7,Open-Meteo Historical Weather API,ERA5,2026,3,1,10,SPRING,6.593,17.225,0.14,2.836,45.975,-0.07,2.669,0.0,0.0,1434.64,1,0,0,0,0,0,6.986,4.5,0.368,-1.089,13.4,21.2,-38.675,-15.725,0.0,0.21,24.5,19.8,0.0,3.0,0.0,23.092,108.7,0.28,6.864,3.0,1
2026-03-09,US_PNW,"Seattle, WA",4.829,1.0,11.5,64.2,7,9.45,2,77.7,121.0,37.0,81.0,0,5,5,7,Open-Meteo Historical Weather API,ERA5,2026,3,1,11,SPRING,8.036,35.725,0.07,-3.207,28.475,9.38,0.797,205.873,30.304,2375.4,1,0,0,0,1,0,9.429,6.986,2.836,0.368,63.2,13.4,45.975,-38.675,0.07,0.0,22.7,24.5,0.0,0.0,0.0,0.0,162.0,9.73,6.436,8.0,1
2026-03-16,US_PNW,"Seattle, WA",10.2,3.7,14.5,81.2,6,0.0,0,81.2,112.0,21.7,46.1,0,0,0,7,Open-Meteo Historical Weather API,ERA5,2026,3,1,12,SPRING,8.807,34.25,0.175,1.393,46.95,-0.175,1.371,0.0,0.0,1762.04,1,0,0,0,0,0,4.829,9.429,-3.207,2.836,64.2,63.2,28.475,45.975,9.45,0.07,37.0,22.7,5.0,0.0,205.873,0.0,222.0,9.52,7.861,5.0,1
2026-03-23,US_PNW,"Seattle, WA",7.514,2.0,13.4,30.9,3,0.0,0,30.9,46.0,27.5,62.3,0,0,0,7,Open-Meteo Historical Weather API,ERA5,2026,3,1,13,SPRING,9.439,28.325,0.105,-1.925,2.575,-0.105,0.091,59.49,0.0,849.75,0,0,0,0,0,0,10.2,4.829,1.393,-3.207,81.2,64.2,46.95,28.475,0.0,9.45,21.7,37.0,0.0,5.0,0.0,205.873,239.5,9.52,7.993,5.0,1
2026-03-30,US_PNW,"Seattle, WA",8.857,1.2,17.5,21.3,1,0.0,0,21.3,33.0,17.9,42.1,0,0,0,7,Open-Meteo Historical Weather API,ERA5,2026,3,1,14,SPRING,8.868,32.3,0.122,-0.011,-11.0,-0.122,-0.341,0.229,0.0,381.27,0,0,0,0,0,0,7.514,10.2,-1.925,1.393,30.9,81.2,2.575,46.95,0.0,0.0,27.5,21.7,0.0,0.0,59.49,0.0,197.6,9.45,7.85,5.0,1
2026-04-06,US_PNW,"Seattle, WA",10.943,3.9,20.2,14.6,2,0.0,0,14.6,33.0,13.0,28.4,0,0,0,7,Open-Meteo Historical Weather API,ERA5,2026,4,2,15,SPRING,8.432,25.025,0.035,2.511,-10.425,-0.035,-0.417,0.0,0.0,189.8,0,0,0,0,0,0,8.857,7.514,-0.011,-1.925,21.3,30.9,-11.0,2.575,0.0,0.0,17.9,27.5,0.0,0.0,0.229,59.49,148.0,0.0,9.378,0.0,1
2026-04-13,US_PNW,"Seattle, WA",9.629,2.8,21.4,40.1,3,0.21,0,40.4,64.0,26.2,54.4,0,0,0,7,Open-Meteo Historical Weather API,ERA5,2026,4,2,16,SPRING,9.907,18.65,0.0,-0.278,21.45,0.21,1.15,11.158,0.058,1050.62,0,0,0,0,0,0,10.943,8.857,2.511,-0.011,14.6,21.3,-10.425,-11.0,0.0,0.0,13.0,17.9,0.0,0.0,0.0,0.229,106.9,0.21,9.236,0.0,1
2026-04-20,US_PNW,"Seattle, WA",11.929,4.5,19.6,12.5,1,0.0,0,12.5,25.0,17.3,38.9,0,0,0,7,Open-Meteo Historical Weather API,ERA5,2026,4,2,17,SPRING,11.493,16.225,0.0,0.436,-3.725,0.0,-0.23,0.0,0.0,216.25,0,0,0,0,0,0,9.629,10.943,-0.278,2.511,40.1,14.6,21.45,-10.425,0.21,0.0,26.2,13.0,0.0,0.0,11.158,0.0,88.5,0.21,10.34,0.0,1
2026-04-27,US_PNW,"Seattle, WA",13.814,8.2,23.7,0.7,0,0.0,0,0.7,7.0,18.2,41.0,0,0,0,7,Open-Meteo Historical Weather API,ERA5,2026,4,2,18,SPRING,11.164,28.775,0.0,2.65,-28.075,0.0,-0.976,0.0,0.0,12.74,0,0,0,0,0,0,11.929,9.629,0.436,-0.278,12.5,40.1,-3.725,21.45,0.0,0.21,17.3,26.2,0.0,0.0,0.0,11.158,67.9,0.21,11.579,0.0,1
2026-05-04,US_PNW,"Seattle, WA",14.4,10.0,23.2,0.0,0,0.0,0,0.0,0.0,17.4,38.2,0,0,0,7,Open-Meteo Historical Weather API,ERA5,2026,5,2,19,SPRING,13.561,18.625,0.0,0.839,-18.625,0.0,-1.0,0.0,0.0,0.0,0,0,0,0,0,0,13.814,11.929,2.65,0.436,0.7,12.5,-28.075,-3.725,0.0,0.0,18.2,17.3,0.0,0.0,0.0,0.0,53.3,0.21,12.443,0.0,1
2026-05-11,US_PNW,"Seattle, WA",12.743,5.9,24.5,30.7,4,0.0,0,30.7,80.0,23.6,49.7,0,0,0,7,Open-Meteo Historical Weather API,ERA5,2026,5,2,20,SPRING,13.914,16.05,0.0,-1.171,14.65,0.0,0.913,35.95,0.0,724.52,0,0,0,0,0,0,14.4,13.814,0.839,2.65,0.0,0.7,-18.625,-28.075,0.0,0.0,17.4,18.2,0.0,0.0,0.0,0.0,43.9,0.0,13.221,0.0,1
2026-05-18,US_PNW,"Seattle, WA",15.114,9.0,22.8,1.2,0,0.0,0,1.2,11.0,11.4,30.2,0,0,0,7,Open-Meteo Historical Weather API,ERA5,2026,5,2,21,SPRING,13.454,18.875,0.0,1.661,-17.675,0.0,-0.936,0.0,0.0,13.68,0,0,0,0,0,0,12.743,14.4,-1.171,0.839,30.7,0.0,14.65,-18.625,0.0,0.0,23.6,17.4,0.0,0.0,35.95,0.0,32.6,0.0,14.018,0.0,1
2026-05-25,US_PNW,"Seattle, WA",14.543,9.1,25.6,10.3,3,0.0,0,10.3,33.0,16.4,36.0,0,0,0,7,Open-Meteo Historical Weather API,ERA5,2026,5,2,22,SPRING,14.793,18.5,0.0,-0.25,-8.2,0.0,-0.443,2.572,0.0,168.92,0,0,0,0,0,0,15.114,12.743,1.661,-1.171,1.2,30.7,-17.675,14.65,0.0,0.0,11.4,23.6,0.0,0.0,0.0,35.95,42.2,0.0,14.2,0.0,1
2026-06-01,US_PNW,"Seattle, WA",15.5,9.0,28.7,18.0,1,0.0,0,18.0,36.0,19.6,46.8,0,0,0,7,Open-Meteo Historical Weather API,ERA5,2026,6,2,23,SUMMER,16.043,20.1,0.0,-0.543,-2.1,0.0,-0.104,9.774,0.0,352.8,0,0,0,0,0,0,14.543,15.114,-0.25,1.661,10.3,1.2,-8.2,-17.675,0.0,0.0,16.4,11.4,0.0,0.0,2.572,0.0,60.2,0.0,14.475,0.0,1
2026-06-08,US_PNW,"Seattle, WA",16.457,9.7,27.9,32.3,3,0.0,0,32.3,44.0,27.1,56.9,0,0,0,7,Open-Meteo Historical Weather API,ERA5,2026,6,2,24,SUMMER,15.014,15.1,0.0,1.443,17.2,0.0,1.139,0.0,0.0,875.33,0,0,0,0,0,0,15.5,14.543,-0.543,-0.25,18.0,10.3,-2.1,-8.2,0.0,0.0,19.6,16.4,0.0,0.0,9.774,2.572,61.8,0.0,15.404,0.0,1
2026-06-15,US_PNW,"Seattle, WA",18.657,11.5,29.3,0.0,0,0.0,0,0.0,0.0,15.8,37.1,0,0,0,7,Open-Meteo Historical Weather API,ERA5,2026,6,2,25,SUMMER,16.643,7.875,0.0,2.014,-7.875,0.0,-1.0,0.0,0.0,0.0,0,0,0,0,0,0,16.457,15.5,1.443,-0.543,32.3,18.0,17.2,-2.1,0.0,0.0,27.1,19.6,0.0,0.0,0.0,9.774,60.6,0.0,16.289,0.0,1
2026-06-22,US_PNW,"Seattle, WA",18.4,12.8,28.8,6.9,2,0.0,0,6.9,39.0,18.5,52.6,0,0,0,7,Open-Meteo Historical Weather API,ERA5,2026,6,2,26,SUMMER,17.675,6.975,0.0,0.725,-0.075,0.0,-0.011,0.0,0.0,127.65,0,0,0,0,0,0,18.657,16.457,2.014,1.443,0.0,32.3,-7.875,17.2,0.0,0.0,15.8,27.1,0.0,0.0,0.0,0.0,57.2,0.0,17.254,0.0,1
2021-07-05,US_WEST,"San Francisco, CA",17.157,12.0,26.0,0.0,0,0.0,0,0.0,0.0,18.8,45.7,0,0,0,7,Open-Meteo Historical Weather API,ERA5,2021,7,3,27,SUMMER,,,,,,,,,,0.0,0,0,0,0,0,0,,,,,,,,,,,,,,,,,0.0,0.0,17.157,0.0,0
2021-07-12,US_WEST,"San Francisco, CA",16.143,11.8,24.4,0.0,0,0.0,0,0.0,0.0,18.9,44.6,0,0,0,7,Open-Meteo Historical Weather API,ERA5,2021,7,3,28,SUMMER,,,,,,,,,,0.0,0,0,0,0,0,0,17.157,,,,0.0,,,,0.0,,18.8,,0.0,,,,0.0,0.0,16.65,0.0,0
2021-07-19,US_WEST,"San Francisco, CA",17.286,12.4,24.7,0.0,0,0.0,0,0.0,0.0,18.8,42.1,0,0,0,7,Open-Meteo Historical Weather API,ERA5,2021,7,3,29,SUMMER,,,,,,,,,,0.0,0,0,0,0,0,0,16.143,17.157,,,0.0,0.0,,,0.0,0.0,18.9,18.8,0.0,0.0,,,0.0,0.0,16.862,0.0,0
2021-07-26,US_WEST,"San Francisco, CA",18.157,13.0,27.4,0.2,0,0.0,0,0.2,1.0,17.8,44.3,0,0,0,7,Open-Meteo Historical Weather API,ERA5,2021,7,3,30,SUMMER,,,,,,,,,,3.56,0,0,0,0,0,0,17.286,16.143,,,0.0,0.0,,,0.0,0.0,18.8,18.9,0.0,0.0,,,0.2,0.0,17.186,0.0,0
2021-08-02,US_WEST,"San Francisco, CA",17.286,12.3,25.2,0.0,0,0.0,0,0.0,0.0,18.4,45.7,0,0,0,7,Open-Meteo Historical Weather API,ERA5,2021,8,3,31,SUMMER,,,,,,,,,,0.0,0,0,0,0,0,0,18.157,17.286,,,0.2,0.0,,,0.0,0.0,17.8,18.8,0.0,0.0,,,0.2,0.0,17.218,0.0,0
2021-08-09,US_WEST,"San Francisco, CA",18.4,13.3,27.1,0.0,0,0.0,0,0.0,0.0,19.8,44.6,0,0,0,7,Open-Meteo Historical Weather API,ERA5,2021,8,3,32,SUMMER,,,,,,,,,,0.0,0,0,0,0,0,0,17.286,18.157,,,0.0,0.2,,,0.0,0.0,18.4,17.8,0.0,0.0,,,0.2,0.0,17.782,0.0,0
2021-08-16,US_WEST,"San Francisco, CA",17.914,13.8,26.0,0.0,0,0.0,0,0.0,0.0,21.6,47.2,0,0,0,7,Open-Meteo Historical Weather API,ERA5,2021,8,3,33,SUMMER,,,,,,,,,,0.0,0,0,0,0,0,0,18.4,17.286,,,0.0,0.0,,,0.0,0.0,19.8,18.4,0.0,0.0,,,0.2,0.0,17.939,0.0,0
2021-08-23,US_WEST,"San Francisco, CA",19.171,12.7,33.8,0.0,0,0.0,0,0.0,0.0,16.4,38.9,0,0,0,7,Open-Meteo Historical Weather API,ERA5,2021,8,3,34,SUMMER,,,,,,,,,,0.0,0,0,0,0,0,0,17.914,18.4,,,0.0,0.0,,,0.0,0.0,21.6,19.8,0.0,0.0,,,0.0,0.0,18.193,0.0,0
2021-08-30,US_WEST,"San Francisco, CA",17.4,11.1,27.9,0.0,0,0.0,0,0.0,0.0,19.3,43.6,0,0,0,7,Open-Meteo Historical Weather API,ERA5,2021,8,3,35,SUMMER,,,,,,,,,,0.0,0,0,0,0,0,0,19.171,17.914,,,0.0,0.0,,,0.0,0.0,16.4,21.6,0.0,0.0,,,0.0,0.0,18.221,0.0,0
2021-09-06,US_WEST,"San Francisco, CA",19.214,12.0,30.4,0.0,0,0.0,0,0.0,0.0,18.9,40.7,0,0,0,7,Open-Meteo Historical Weather API,ERA5,2021,9,3,36,FALL,,,,,,,,,,0.0,0,0,0,0,0,0,17.4,19.171,,,0.0,0.0,,,0.0,0.0,19.3,16.4,0.0,0.0,,,0.0,0.0,18.425,0.0,0
2021-09-13,US_WEST,"San Francisco, CA",17.329,11.7,26.3,0.1,0,0.0,0,0.1,1.0,17.4,42.5,0,0,0,7,Open-Meteo Historical Weather API,ERA5,2021,9,3,37,FALL,,,,,,,,,,1.74,0,0,0,0,0,0,19.214,17.4,,,0.0,0.0,,,0.0,0.0,18.9,19.3,0.0,0.0,,,0.1,0.0,18.278,0.0,0
2021-09-20,US_WEST,"San Francisco, CA",19.071,12.1,33.1,0.0,0,0.0,0,0.0,0.0,17.3,37.8,0,0,0,7,Open-Meteo Historical Weather API,ERA5,2021,9,3,38,FALL,,,,,,,,,,0.0,0,0,0,0,0,0,17.329,19.214,,,0.1,0.0,,,0.0,0.0,17.4,18.9,0.0,0.0,,,0.1,0.0,18.254,0.0,0
2021-09-27,US_WEST,"San Francisco, CA",18.786,10.5,31.0,0.0,0,0.0,0,0.0,0.0,17.8,42.5,0,0,0,7,Open-Meteo Historical Weather API,ERA5,2021,9,3,39,FALL,,,,,,,,,,0.0,0,0,0,0,0,0,19.071,17.329,,,0.0,0.1,,,0.0,0.0,17.3,17.4,0.0,0.0,,,0.1,0.0,18.6,0.0,0
2021-10-04,US_WEST,"San Francisco, CA",16.043,8.7,28.5,0.1,0,0.0,0,0.1,1.0,25.9,50.0,0,0,0,7,Open-Meteo Historical Weather API,ERA5,2021,10,4,40,FALL,,,,,,,,,,2.59,0,0,0,0,0,0,18.786,19.071,,,0.0,0.0,,,0.0,0.0,17.8,17.3,0.0,0.0,,,0.2,0.0,17.807,0.0,0
2021-10-11,US_WEST,"San Francisco, CA",15.9,8.2,28.8,2.4,1,0.0,0,2.4,4.0,28.3,56.9,0,0,0,7,Open-Meteo Historical Weather API,ERA5,2021,10,4,41,FALL,,,,,,,,,,67.92,0,0,0,0,0,0,16.043,18.786,,,0.1,0.0,,,0.0,0.0,25.9,17.8,0.0,0.0,,,2.5,0.0,17.45,0.0,0
2021-10-18,US_WEST,"San Francisco, CA",15.771,6.8,22.0,89.4,4,0.0,0,89.4,46.0,37.2,78.1,0,0,0,7,Open-Meteo Historical Weather API,ERA5,2021,10,4,42,FALL,,,,,,,,,,3325.68,1,0,0,0,0,0,15.9,16.043,,,2.4,0.1,,,0.0,0.0,28.3,25.9,0.0,0.0,,,91.9,0.0,16.625,0.0,0
2021-10-25,US_WEST,"San Francisco, CA",15.9,11.7,23.4,11.9,1,0.0,0,11.9,13.0,19.5,45.0,0,0,0,7,Open-Meteo Historical Weather API,ERA5,2021,10,4,43,FALL,,,,,,,,,,232.05,0,0,0,0,0,0,15.771,15.9,,,89.4,2.4,,,0.0,0.0,37.2,28.3,0.0,0.0,,,103.8,0.0,15.904,0.0,0
2021-11-01,US_WEST,"San Francisco, CA",15.214,7.9,21.7,6.3,2,0.0,0,6.3,15.0,18.4,43.9,0,0,0,7,Open-Meteo Historical Weather API,ERA5,2021,11,4,44,FALL,,,,,,,,,,115.92,0,0,0,0,0,0,15.9,15.771,,,11.9,89.4,,,0.0,0.0,19.5,37.2,0.0,0.0,,,110.0,0.0,15.696,0.0,0
2021-11-08,US_WEST,"San Francisco, CA",14.2,7.8,20.3,11.4,2,0.0,0,11.4,13.0,26.7,69.5,0,0,0,7,Open-Meteo Historical Weather API,ERA5,2021,11,4,45,FALL,,,,,,,,,,304.38,0,0,0,0,0,0,15.214,15.9,,,6.3,11.9,,,0.0,0.0,18.4,19.5,0.0,0.0,,,119.0,0.0,15.271,0.0,0
2021-11-15,US_WEST,"San Francisco, CA",13.214,8.2,19.3,0.9,0,0.0,0,0.9,4.0,15.9,32.8,0,0,0,7,Open-Meteo Historical Weather API,ERA5,2021,11,4,46,FALL,,,,,,,,,,14.31,0,0,0,0,0,0,14.2,15.214,,,11.4,6.3,,,0.0,0.0,26.7,18.4,0.0,0.0,,,30.5,0.0,14.632,0.0,0
2021-11-22,US_WEST,"San Francisco, CA",12.1,5.8,19.6,0.0,0,0.0,0,0.0,0.0,13.1,29.2,0,0,0,7,Open-Meteo Historical Weather API,ERA5,2021,11,4,47,FALL,,,,,,,,,,0.0,0,0,0,0,0,0,13.214,14.2,,,0.9,11.4,,,0.0,0.0,15.9,26.7,0.0,0.0,,,18.6,0.0,13.682,0.0,0
2021-11-29,US_WEST,"San Francisco, CA",11.843,7.0,20.0,0.0,0,0.0,0,0.0,0.0,14.5,29.9,0,0,0,7,Open-Meteo Historical Weather API,ERA5,2021,11,4,48,FALL,,,,,,,,,,0.0,0,0,0,0,0,0,12.1,13.214,,,0.0,0.9,,,0.0,0.0,13.1,15.9,0.0,0.0,,,12.3,0.0,12.839,0.0,0
2021-12-06,US_WEST,"San Francisco, CA",10.571,4.0,15.2,14.7,2,0.0,0,14.7,27.0,26.3,49.3,0,0,0,7,Open-Meteo Historical Weather API,ERA5,2021,12,4,49,WINTER,,,,,,,,,,386.61,0,0,0,0,0,0,11.843,12.1,,,0.0,0.0,,,0.0,0.0,14.5,13.1,0.0,0.0,,,15.6,0.0,11.932,0.0,0
2021-12-13,US_WEST,"San Francisco, CA",8.943,2.9,14.5,56.5,4,0.0,0,56.5,42.0,34.0,69.1,0,0,0,7,Open-Meteo Historical Weather API,ERA5,2021,12,4,50,WINTER,,,,,,,,,,1921.0,1,0,0,0,0,0,10.571,11.843,,,14.7,0.0,,,0.0,0.0,26.3,14.5,0.0,0.0,,,71.2,0.0,10.864,0.0,0
2021-12-20,US_WEST,"San Francisco, CA",10.171,4.5,14.8,56.8,6,0.0,0,56.8,85.0,23.4,51.1,0,0,0,7,Open-Meteo Historical Weather API,ERA5,2021,12,4,51,WINTER,,,,,,,,,,1329.12,1,0,0,0,0,0,8.943,10.571,,,56.5,14.7,,,0.0,0.0,34.0,26.3,0.0,0.0,,,128.0,0.0,10.382,0.0,0
2021-12-27,US_WEST,"San Francisco, CA",7.786,0.0,12.7,22.0,3,0.0,0,22.0,42.0,23.8,52.9,0,0,0,7,Open-Meteo Historical Weather API,ERA5,2021,12,4,52,WINTER,,,,,,,,,,523.6,0,0,0,0,0,0,10.171,8.943,,,56.8,56.5,,,0.0,0.0,23.4,34.0,0.0,0.0,,,150.0,0.0,9.368,0.0,0
2022-01-03,US_WEST,"San Francisco, CA",11.0,4.3,15.1,4.9,2,0.0,0,4.9,20.0,21.1,41.4,0,0,0,7,Open-Meteo Historical Weather API,ERA5,2022,1,1,1,WINTER,,,,,,,,,,103.39,0,0,0,0,0,0,7.786,10.171,,,22.0,56.8,,,0.0,0.0,23.8,23.4,0.0,0.0,,,140.2,0.0,9.475,0.0,0
2022-01-10,US_WEST,"San Francisco, CA",10.486,4.2,17.3,0.8,0,0.0,0,0.8,4.0,13.5,27.0,0,0,0,7,Open-Meteo Historical Weather API,ERA5,2022,1,1,2,WINTER,,,,,,,,,,10.8,0,0,0,0,0,0,11.0,7.786,,,4.9,22.0,,,0.0,0.0,21.1,23.8,0.0,0.0,,,84.5,0.0,9.861,0.0,0
2022-01-17,US_WEST,"San Francisco, CA",11.057,4.2,19.8,0.0,0,0.0,0,0.0,0.0,22.3,45.7,0,0,0,7,Open-Meteo Historical Weather API,ERA5,2022,1,1,3,WINTER,,,,,,,,,,0.0,0,0,0,0,0,0,10.486,11.0,,,0.8,4.9,,,0.0,0.0,13.5,21.1,0.0,0.0,,,27.7,0.0,10.082,0.0,0
2022-01-24,US_WEST,"San Francisco, CA",9.471,3.4,17.9,0.0,0,0.0,0,0.0,0.0,13.2,28.1,0,0,0,7,Open-Meteo Historical Weather API,ERA5,2022,1,1,4,WINTER,,,,,,,,,,0.0,0,0,0,0,0,0,11.057,10.486,,,0.0,0.8,,,0.0,0.0,22.3,13.5,0.0,0.0,,,5.7,0.0,10.504,0.0,0
2022-01-31,US_WEST,"San Francisco, CA",10.543,3.1,19.0,0.0,0,0.0,0,0.0,0.0,26.9,54.7,0,0,0,7,Open-Meteo Historical Weather API,ERA5,2022,1,1,5,WINTER,,,,,,,,,,0.0,0,0,0,0,0,0,9.471,11.057,,,0.0,0.0,,,0.0,0.0,13.2,22.3,0.0,0.0,,,0.8,0.0,10.389,0.0,0
2022-02-07,US_WEST,"San Francisco, CA",13.971,3.9,24.0,0.0,0,0.0,0,0.0,0.0,13.4,29.5,0,0,0,7,Open-Meteo Historical Weather API,ERA5,2022,2,1,6,WINTER,,,,,,,,,,0.0,0,0,0,0,0,0,10.543,9.471,,,0.0,0.0,,,0.0,0.0,26.9,13.2,0.0,0.0,,,0.0,0.0,11.26,0.0,0
2022-02-14,US_WEST,"San Francisco, CA",12.286,5.1,21.0,0.0,0,0.0,0,0.0,0.0,22.4,45.7,0,0,0,7,Open-Meteo Historical Weather API,ERA5,2022,2,1,7,WINTER,,,,,,,,,,0.0,0,0,0,0,0,0,13.971,10.543,,,0.0,0.0,,,0.0,0.0,13.4,26.9,0.0,0.0,,,0.0,0.0,11.568,0.0,0
2022-02-21,US_WEST,"San Francisco, CA",9.257,1.3,20.1,0.5,0,0.0,0,0.5,4.0,23.4,56.5,0,0,0,7,Open-Meteo Historical Weather API,ERA5,2022,2,1,8,WINTER,,,,,,,,,,11.7,0,0,0,0,0,0,12.286,13.971,,,0.0,0.0,,,0.0,0.0,22.4,13.4,0.0,0.0,,,0.5,0.0,11.514,0.0,0
2022-02-28,US_WEST,"San Francisco, CA",11.757,3.8,21.9,7.4,1,0.0,0,7.4,19.0,34.4,70.6,0,0,0,7,Open-Meteo Historical Weather API,ERA5,2022,2,1,9,WINTER,,,,,,,,,,254.56,0,0,0,0,0,0,9.257,12.286,,,0.5,0.0,,,0.0,0.0,23.4,22.4,0.0,0.0,,,7.9,0.0,11.818,0.0,0
2022-03-07,US_WEST,"San Francisco, CA",12.643,4.1,22.1,0.3,0,0.0,0,0.3,3.0,19.1,48.2,0,0,0,7,Open-Meteo Historical Weather API,ERA5,2022,3,1,10,SPRING,,,,,,,,,,5.73,0,0,0,0,0,0,11.757,9.257,,,7.4,0.5,,,0.0,0.0,34.4,23.4,0.0,0.0,,,8.2,0.0,11.486,0.0,0
2022-03-14,US_WEST,"San Francisco, CA",12.914,5.8,20.0,5.6,2,0.0,0,5.6,22.0,19.1,42.8,0,0,0,7,Open-Meteo Historical Weather API,ERA5,2022,3,1,11,SPRING,,,,,,,,,,106.96,0,0,0,0,0,0,12.643,11.757,,,0.3,7.4,,,0.0,0.0,19.1,34.4,0.0,0.0,,,13.8,0.0,11.643,0.0,0
2022-03-21,US_WEST,"San Francisco, CA",13.857,7.0,27.4,5.3,1,0.0,0,5.3,5.0,21.7,56.5,0,0,0,7,Open-Meteo Historical Weather API,ERA5,2022,3,1,12,SPRING,,,,,,,,,,115.01,0,0,0,0,0,0,12.914,12.643,,,5.6,0.3,,,0.0,0.0,19.1,19.1,0.0,0.0,,,18.6,0.0,12.793,0.0,0
2022-03-28,US_WEST,"San Francisco, CA",13.143,7.1,23.3,13.9,1,0.0,0,13.9,13.0,23.4,51.1,0,0,0,7,Open-Meteo Historical Weather API,ERA5,2022,3,1,13,SPRING,,,,,,,,,,325.26,0,0,0,0,0,0,13.857,12.914,,,5.3,5.6,,,0.0,0.0,21.7,19.1,0.0,0.0,,,25.1,0.0,13.139,0.0,0
2022-04-04,US_WEST,"San Francisco, CA",16.543,8.6,31.3,0.0,0,0.0,0,0.0,0.0,24.0,58.0,0,0,0,7,Open-Meteo Historical Weather API,ERA5,2022,4,2,14,SPRING,,,,,,,,,,0.0,0,0,0,0,0,0,13.143,13.857,,,13.9,5.3,,,0.0,0.0,23.4,21.7,0.0,0.0,,,24.8,0.0,14.114,0.0,0
2022-04-11,US_WEST,"San Francisco, CA",11.943,6.0,17.7,14.7,2,0.0,0,14.7,37.0,35.5,73.1,0,0,0,7,Open-Meteo Historical Weather API,ERA5,2022,4,2,15,SPRING,,,,,,,,,,521.85,0,0,0,0,0,0,16.543,13.143,,,0.0,13.9,,,0.0,0.0,24.0,23.4,0.0,0.0,,,33.9,0.0,13.872,0.0,0
2022-04-18,US_WEST,"San Francisco, CA",14.114,4.8,20.8,16.7,4,0.0,0,16.7,45.0,23.4,50.8,0,0,0,7,Open-Meteo Historical Weather API,ERA5,2022,4,2,16,SPRING,,,,,,,,,,390.78,0,0,0,0,0,0,11.943,16.543,,,14.7,0.0,,,0.0,0.0,35.5,24.0,0.0,0.0,,,45.3,0.0,13.936,0.0,0
2022-04-25,US_WEST,"San Francisco, CA",14.2,7.2,21.8,0.0,0,0.0,0,0.0,0.0,26.8,56.5,0,0,0,7,Open-Meteo Historical Weather API,ERA5,2022,4,2,17,SPRING,,,,,,,,,,0.0,0,0,0,0,0,0,14.114,11.943,,,16.7,14.7,,,0.0,0.0,23.4,35.5,0.0,0.0,,,31.4,0.0,14.2,0.0,0
2022-05-02,US_WEST,"San Francisco, CA",15.043,8.8,24.6,1.0,0,0.0,0,1.0,3.0,31.6,66.6,0,0,0,7,Open-Meteo Historical Weather API,ERA5,2022,5,2,18,SPRING,,,,,,,,,,31.6,0,0,0,0,0,0,14.2,14.114,,,0.0,16.7,,,0.0,0.0,26.8,23.4,0.0,0.0,,,32.4,0.0,13.825,0.0,0
2022-05-09,US_WEST,"San Francisco, CA",14.3,6.9,25.1,1.3,1,0.0,0,1.3,8.0,25.1,53.3,0,0,0,7,Open-Meteo Historical Weather API,ERA5,2022,5,2,19,SPRING,,,,,,,,,,32.63,0,0,0,0,0,0,15.043,14.2,,,1.0,0.0,,,0.0,0.0,31.6,26.8,0.0,0.0,,,19.0,0.0,14.414,0.0,0
2022-05-16,US_WEST,"San Francisco, CA",17.286,9.4,27.3,0.0,0,0.0,0,0.0,0.0,23.9,51.8,0,0,0,7,Open-Meteo Historical Weather API,ERA5,2022,5,2,20,SPRING,,,,,,,,,,0.0,0,0,0,0,0,0,14.3,15.043,,,1.3,1.0,,,0.0,0.0,25.1,31.6,0.0,0.0,,,2.3,0.0,15.207,0.0,0
2022-05-23,US_WEST,"San Francisco, CA",17.571,11.2,30.8,0.0,0,0.0,0,0.0,0.0,22.6,53.3,0,0,0,7,Open-Meteo Historical Weather API,ERA5,2022,5,2,21,SPRING,,,,,,,,,,0.0,0,0,0,0,0,0,17.286,14.3,,,0.0,1.3,,,0.0,0.0,23.9,25.1,0.0,0.0,,,2.3,0.0,16.05,0.0,0
2022-05-30,US_WEST,"San Francisco, CA",17.314,10.0,25.5,1.6,1,0.0,0,1.6,5.0,20.4,49.0,0,0,0,7,Open-Meteo Historical Weather API,ERA5,2022,5,2,22,SPRING,,,,,,,,,,32.64,0,0,0,0,0,0,17.571,17.286,,,0.0,0.0,,,0.0,0.0,22.6,23.9,0.0,0.0,,,2.9,0.0,16.618,0.0,0
2022-06-06,US_WEST,"San Francisco, CA",19.6,12.7,31.7,0.0,0,0.0,0,0.0,0.0,21.4,49.7,0,0,0,7,Open-Meteo Historical Weather API,ERA5,2022,6,2,23,SUMMER,,,,,,,,,,0.0,0,0,0,0,0,0,17.314,17.571,,,1.6,0.0,,,0.0,0.0,20.4,22.6,0.0,0.0,,,1.6,0.0,17.943,0.0,0
2022-06-13,US_WEST,"San Francisco, CA",17.257,11.6,26.2,0.0,0,0.0,0,0.0,0.0,25.9,56.5,0,0,0,7,Open-Meteo Historical Weather API,ERA5,2022,6,2,24,SUMMER,,,,,,,,,,0.0,0,0,0,0,0,0,19.6,17.314,,,0.0,1.6,,,0.0,0.0,21.4,20.4,0.0,0.0,,,1.6,0.0,17.936,0.0,0
2022-06-20,US_WEST,"San Francisco, CA",20.114,11.7,36.1,0.0,0,0.0,0,0.0,0.0,19.3,40.7,0,0,0,7,Open-Meteo Historical Weather API,ERA5,2022,6,2,25,SUMMER,,,,,,,,,,0.0,0,0,0,0,0,0,17.257,19.6,,,0.0,0.0,,,0.0,0.0,25.9,21.4,0.0,0.0,,,1.6,0.0,18.571,0.0,0
2022-06-27,US_WEST,"San Francisco, CA",15.843,12.2,24.1,0.0,0,0.0,0,0.0,0.0,24.1,52.6,0,0,0,7,Open-Meteo Historical Weather API,ERA5,2022,6,2,26,SUMMER,,,,,,,,,,0.0,0,0,0,0,0,0,20.114,17.257,,,0.0,0.0,,,0.0,0.0,19.3,25.9,0.0,0.0,,,0.0,0.0,18.204,0.0,0
2022-07-04,US_WEST,"San Francisco, CA",18.9,13.6,27.5,0.2,0,0.0,0,0.2,2.0,22.0,44.6,0,0,0,7,Open-Meteo Historical Weather API,ERA5,2022,7,3,27,SUMMER,17.157,0.0,0.0,1.743,0.2,0.0,0.2,0.0,0.0,4.4,0,0,0,0,0,0,15.843,20.114,,,0.0,0.0,,,0.0,0.0,24.1,19.3,0.0,0.0,,,0.2,0.0,18.028,0.0,1
2022-07-11,US_WEST,"San Francisco, CA",18.243,13.2,25.8,0.0,0,0.0,0,0.0,0.0,19.6,45.7,0,0,0,7,Open-Meteo Historical Weather API,ERA5,2022,7,3,28,SUMMER,16.143,0.0,0.0,2.1,0.0,0.0,0.0,0.0,0.0,0.0,0,0,0,0,0,0,18.9,15.843,1.743,,0.2,0.0,0.2,,0.0,0.0,22.0,24.1,0.0,0.0,0.0,,0.2,0.0,18.275,0.0,1
2022-07-18,US_WEST,"San Francisco, CA",16.671,11.8,24.6,0.0,0,0.0,0,0.0,0.0,17.7,41.8,0,0,0,7,Open-Meteo Historical Weather API,ERA5,2022,7,3,29,SUMMER,17.286,0.0,0.0,-0.615,0.0,0.0,0.0,0.0,0.0,0.0,0,0,0,0,0,0,18.243,18.9,2.1,1.743,0.0,0.2,0.0,0.2,0.0,0.0,19.6,22.0,0.0,0.0,0.0,0.0,0.2,0.0,17.414,0.0,1
2022-07-25,US_WEST,"San Francisco, CA",16.729,12.4,22.5,0.0,0,0.0,0,0.0,0.0,17.7,44.3,0,0,0,7,Open-Meteo Historical Weather API,ERA5,2022,7,3,30,SUMMER,18.157,0.2,0.0,-1.428,-0.2,0.0,-0.2,0.0,0.0,0.0,0,0,0,0,0,0,16.671,18.243,-0.615,2.1,0.0,0.0,0.0,0.0,0.0,0.0,17.7,19.6,0.0,0.0,0.0,0.0,0.2,0.0,17.636,0.0,1
2022-08-01,US_WEST,"San Francisco, CA",19.286,14.5,26.0,0.1,0,0.0,0,0.1,1.0,20.6,45.4,0,0,0,7,Open-Meteo Historical Weather API,ERA5,2022,8,3,31,SUMMER,17.286,0.0,0.0,2.0,0.1,0.0,0.1,0.0,0.0,2.06,0,0,0,0,0,0,16.729,16.671,-1.428,-0.615,0.0,0.0,-0.2,0.0,0.0,0.0,17.7,17.7,0.0,0.0,0.0,0.0,0.1,0.0,17.732,0.0,1
2022-08-08,US_WEST,"San Francisco, CA",19.614,14.5,27.3,0.0,0,0.0,0,0.0,0.0,21.1,45.0,0,0,0,7,Open-Meteo Historical Weather API,ERA5,2022,8,3,32,SUMMER,18.4,0.0,0.0,1.214,0.0,0.0,0.0,0.0,0.0,0.0,0,0,0,0,0,0,19.286,16.729,2.0,-1.428,0.1,0.0,0.1,-0.2,0.0,0.0,20.6,17.7,0.0,0.0,0.0,0.0,0.1,0.0,18.075,0.0,1
2022-08-15,US_WEST,"San Francisco, CA",19.314,13.5,30.0,0.0,0,0.0,0,0.0,0.0,20.2,45.7,0,0,0,7,Open-Meteo Historical Weather API,ERA5,2022,8,3,33,SUMMER,17.914,0.0,0.0,1.4,0.0,0.0,0.0,0.0,0.0,0.0,0,0,0,0,0,0,19.614,19.286,1.214,2.0,0.0,0.1,0.0,0.1,0.0,0.0,21.1,20.6,0.0,0.0,0.0,0.0,0.1,0.0,18.736,0.0,1
2022-08-22,US_WEST,"San Francisco, CA",18.371,14.0,28.1,0.0,0,0.0,0,0.0,0.0,21.0,45.4,0,0,0,7,Open-Meteo Historical Weather API,ERA5,2022,8,3,34,SUMMER,19.171,0.0,0.0,-0.8,0.0,0.0,0.0,0.0,0.0,0.0,0,0,0,0,0,0,19.314,19.614,1.4,1.214,0.0,0.0,0.0,0.0,0.0,0.0,20.2,21.1,0.0,0.0,0.0,0.0,0.1,0.0,19.146,0.0,1
2022-08-29,US_WEST,"San Francisco, CA",19.086,12.3,32.7,0.0,0,0.0,0,0.0,0.0,17.1,40.7,0,0,0,7,Open-Meteo Historical Weather API,ERA5,2022,8,3,35,SUMMER,17.4,0.0,0.0,1.686,0.0,0.0,0.0,0.0,0.0,0.0,0,0,0,0,0,0,18.371,19.314,-0.8,1.4,0.0,0.0,0.0,0.0,0.0,0.0,21.0,20.2,0.0,0.0,0.0,0.0,0.0,0.0,19.096,0.0,1
2022-09-05,US_WEST,"San Francisco, CA",23.114,15.8,38.0,0.5,0,0.0,0,0.5,5.0,18.2,37.8,0,0,0,7,Open-Meteo Historical Weather API,ERA5,2022,9,3,36,FALL,19.214,0.0,0.0,3.9,0.5,0.0,0.5,0.0,0.0,9.1,0,0,0,0,0,0,19.086,18.371,1.686,-0.8,0.0,0.0,0.0,0.0,0.0,0.0,17.1,21.0,0.0,0.0,0.0,0.0,0.5,0.0,19.971,0.0,1
2022-09-12,US_WEST,"San Francisco, CA",18.243,13.9,23.9,12.0,1,0.0,0,12.0,23.0,26.3,59.0,0,0,0,7,Open-Meteo Historical Weather API,ERA5,2022,9,3,37,FALL,17.329,0.1,0.0,0.914,11.9,0.0,11.9,0.0,0.0,315.6,0,0,0,0,0,0,23.114,19.086,3.9,1.686,0.5,0.0,0.5,0.0,0.0,0.0,18.2,17.1,0.0,0.0,0.0,0.0,12.5,0.0,19.704,0.0,1
2022-09-19,US_WEST,"San Francisco, CA",19.043,13.0,29.4,2.4,1,0.0,0,2.4,19.0,14.6,34.2,0,0,0,7,Open-Meteo Historical Weather API,ERA5,2022,9,3,38,FALL,19.071,0.0,0.0,-0.028,2.4,0.0,2.4,0.067,0.0,35.04,0,0,0,0,0,0,18.243,23.114,0.914,3.9,12.0,0.5,11.9,0.5,0.0,0.0,26.3,18.2,0.0,0.0,0.0,0.0,14.9,0.0,19.872,0.0,1
2022-09-26,US_WEST,"San Francisco, CA",17.771,13.1,28.6,0.0,0,0.0,0,0.0,0.0,17.0,38.2,0,0,0,7,Open-Meteo Historical Weather API,ERA5,2022,9,3,39,FALL,18.786,0.0,0.0,-1.015,0.0,0.0,0.0,0.0,0.0,0.0,0,0,0,0,0,0,19.043,18.243,-0.028,0.914,2.4,12.0,2.4,11.9,0.0,0.0,14.6,26.3,0.0,0.0,0.067,0.0,14.9,0.0,19.543,0.0,1
2022-10-03,US_WEST,"San Francisco, CA",16.429,11.9,24.4,0.0,0,0.0,0,0.0,0.0,15.7,36.4,0,0,0,7,Open-Meteo Historical Weather API,ERA5,2022,10,4,40,FALL,16.043,0.1,0.0,0.386,-0.1,0.0,-0.1,0.0,0.0,0.0,0,0,0,0,0,0,17.771,19.043,-1.015,-0.028,0.0,2.4,0.0,2.4,0.0,0.0,17.0,14.6,0.0,0.0,0.0,0.067,14.4,0.0,17.871,0.0,1
2022-10-10,US_WEST,"San Francisco, CA",15.343,11.7,21.0,0.0,0,0.0,0,0.0,0.0,17.9,39.2,0,0,0,7,Open-Meteo Historical Weather API,ERA5,2022,10,4,41,FALL,15.9,2.4,0.0,-0.557,-2.4,0.0,-1.0,0.0,0.0,0.0,0,0,0,0,0,0,16.429,17.771,0.386,-1.015,0.0,0.0,-0.1,0.0,0.0,0.0,15.7,17.0,0.0,0.0,0.0,0.0,2.4,0.0,17.146,0.0,1
2022-10-17,US_WEST,"San Francisco, CA",17.043,8.8,30.7,0.0,0,0.0,0,0.0,0.0,25.8,56.2,0,0,0,7,Open-Meteo Historical Weather API,ERA5,2022,10,4,42,FALL,15.771,89.4,0.0,1.272,-89.4,0.0,-1.0,0.0,0.0,0.0,0,0,0,0,0,0,15.343,16.429,-0.557,0.386,0.0,0.0,-2.4,-0.1,0.0,0.0,17.9,15.7,0.0,0.0,0.0,0.0,0.0,0.0,16.646,0.0,1
2022-10-24,US_WEST,"San Francisco, CA",14.2,6.9,21.9,0.0,0,0.0,0,0.0,0.0,14.4,35.6,0,0,0,7,Open-Meteo Historical Weather API,ERA5,2022,10,4,43,FALL,15.9,11.9,0.0,-1.7,-11.9,0.0,-1.0,0.0,0.0,0.0,0,0,0,0,0,0,17.043,15.343,1.272,-0.557,0.0,0.0,-89.4,-2.4,0.0,0.0,25.8,17.9,0.0,0.0,0.0,0.0,0.0,0.0,15.754,0.0,1
2022-10-31,US_WEST,"San Francisco, CA",12.843,6.0,17.9,8.2,2,0.0,0,8.2,20.0,24.2,55.8,0,0,0,7,Open-Meteo Historical Weather API,ERA5,2022,10,4,44,FALL,15.214,6.3,0.0,-2.371,1.9,0.0,0.302,19.442,0.0,198.44,0,0,0,0,0,0,14.2,17.043,-1.7,1.272,0.0,0.0,-11.9,-89.4,0.0,0.0,14.4,25.8,0.0,0.0,0.0,0.0,8.2,0.0,14.857,0.0,1
2022-11-07,US_WEST,"San Francisco, CA",10.886,5.6,16.8,31.7,2,0.0,0,31.7,41.0,27.9,59.0,0,0,0,7,Open-Meteo Historical Weather API,ERA5,2022,11,4,45,FALL,14.2,11.4,0.0,-3.314,20.3,0.0,1.781,105.054,0.0,884.43,0,0,0,0,0,0,12.843,14.2,-2.371,-1.7,8.2,0.0,1.9,-11.9,0.0,0.0,24.2,14.4,0.0,0.0,19.442,0.0,39.9,0.0,13.743,0.0,1
2022-11-14,US_WEST,"San Francisco, CA",10.643,3.1,19.1,0.0,0,0.0,0,0.0,0.0,14.2,30.2,0,0,0,7,Open-Meteo Historical Weather API,ERA5,2022,11,4,46,FALL,13.214,0.9,0.0,-2.571,-0.9,0.0,-0.9,0.0,0.0,0.0,0,0,0,0,0,0,10.886,12.843,-3.314,-2.371,31.7,8.2,20.3,1.9,0.0,0.0,27.9,24.2,0.0,0.0,105.054,19.442,39.9,0.0,12.143,0.0,1
2022-11-21,US_WEST,"San Francisco, CA",11.043,2.6,20.8,0.0,0,0.0,0,0.0,0.0,15.0,31.7,0,0,0,7,Open-Meteo Historical Weather API,ERA5,2022,11,4,47,FALL,12.1,0.0,0.0,-1.057,0.0,0.0,0.0,0.0,0.0,0.0,0,0,0,0,0,0,10.643,10.886,-2.571,-3.314,0.0,31.7,-0.9,20.3,0.0,0.0,14.2,27.9,0.0,0.0,0.0,105.054,39.9,0.0,11.354,0.0,1
2022-11-28,US_WEST,"San Francisco, CA",9.3,2.5,15.4,34.8,3,0.0,0,34.8,41.0,28.5,57.6,0,0,0,7,Open-Meteo Historical Weather API,ERA5,2022,11,4,48,FALL,11.843,0.0,0.0,-2.543,34.8,0.0,34.8,88.496,0.0,991.8,0,0,0,0,0,0,11.043,10.643,-1.057,-2.571,0.0,0.0,0.0,-0.9,0.0,0.0,15.0,14.2,0.0,0.0,0.0,0.0,66.5,0.0,10.468,0.0,1
2022-12-05,US_WEST,"San Francisco, CA",10.757,5.6,14.9,54.8,5,0.0,0,54.8,78.0,32.1,66.2,0,0,0,7,Open-Meteo Historical Weather API,ERA5,2022,12,4,49,WINTER,10.571,14.7,0.0,0.186,40.1,0.0,2.728,0.0,0.0,1759.08,1,0,0,0,0,0,9.3,11.043,-2.543,-1.057,34.8,0.0,34.8,0.0,0.0,0.0,28.5,15.0,0.0,0.0,88.496,0.0,89.6,0.0,10.436,0.0,1
2022-12-12,US_WEST,"San Francisco, CA",6.971,1.3,13.0,1.7,1,0.0,0,1.7,6.0,14.1,32.0,0,0,0,7,Open-Meteo Historical Weather API,ERA5,2022,12,4,50,WINTER,8.943,56.5,0.0,-1.972,-54.8,0.0,-0.97,3.352,0.0,23.97,0,0,0,0,0,0,10.757,9.3,0.186,-2.543,54.8,34.8,40.1,34.8,0.0,0.0,32.1,28.5,0.0,0.0,0.0,88.496,91.3,0.0,9.518,0.0,1
2022-12-19,US_WEST,"San Francisco, CA",8.6,3.6,14.8,0.9,0,0.0,0,0.9,2.0,11.4,26.3,0,0,0,7,Open-Meteo Historical Weather API,ERA5,2022,12,4,51,WINTER,10.171,56.8,0.0,-1.571,-55.9,0.0,-0.984,1.414,0.0,10.26,0,0,0,0,0,0,6.971,10.757,-1.972,0.186,1.7,54.8,-54.8,40.1,0.0,0.0,14.1,32.1,0.0,0.0,3.352,0.0,92.2,0.0,8.907,0.0,1
2022-12-26,US_WEST,"San Francisco, CA",11.843,5.1,16.9,123.4,4,0.0,0,123.4,81.0,31.5,74.2,0,0,0,7,Open-Meteo Historical Weather API,ERA5,2022,12,4,52,WINTER,7.786,22.0,0.0,4.057,101.4,0.0,4.609,0.0,0.0,3887.1,1,0,0,0,0,0,8.6,6.971,-1.571,-1.972,0.9,1.7,-55.9,-54.8,0.0,0.0,11.4,14.1,0.0,0.0,1.414,3.352,180.8,0.0,9.543,0.0,1
2023-01-02,US_WEST,"San Francisco, CA",12.029,6.4,16.8,71.1,5,0.0,0,71.1,79.0,36.2,89.3,0,0,0,7,Open-Meteo Historical Weather API,ERA5,2023,1,1,1,WINTER,11.0,4.9,0.0,1.029,66.2,0.0,13.51,0.0,0.0,2573.82,1,0,0,0,0,0,11.843,8.6,4.057,-1.571,123.4,0.9,101.4,-55.9,0.0,0.0,31.5,11.4,0.0,0.0,0.0,1.414,197.1,0.0,9.861,0.0,1
2023-01-09,US_WEST,"San Francisco, CA",13.171,9.3,18.4,114.6,6,0.0,0,114.6,113.0,36.5,87.8,0,0,0,7,Open-Meteo Historical Weather API,ERA5,2023,1,1,2,WINTER,10.486,0.8,0.0,2.685,113.8,0.0,113.8,0.0,0.0,4182.9,1,0,0,0,0,0,12.029,11.843,1.029,4.057,71.1,123.4,66.2,101.4,0.0,0.0,36.2,31.5,0.0,0.0,0.0,0.0,310.0,0.0,11.411,0.0,1
2023-01-16,US_WEST,"San Francisco, CA",9.2,2.5,15.8,21.8,3,0.0,0,21.8,14.0,25.7,51.5,0,0,0,7,Open-Meteo Historical Weather API,ERA5,2023,1,1,3,WINTER,11.057,0.0,0.0,-1.857,21.8,0.0,21.8,40.483,0.0,560.26,0,0,0,0,0,0,13.171,12.029,2.685,1.029,114.6,71.1,113.8,66.2,0.0,0.0,36.5,36.2,0.0,0.0,0.0,0.0,330.9,0.0,11.561,0.0,1
2023-01-23,US_WEST,"San Francisco, CA",10.629,4.2,19.4,1.4,1,0.0,0,1.4,7.0,19.2,40.0,0,0,0,7,Open-Meteo Historical Weather API,ERA5,2023,1,1,4,WINTER,9.471,0.0,0.0,1.158,1.4,0.0,1.4,0.0,0.0,26.88,0,0,0,0,0,0,9.2,13.171,-1.857,2.685,21.8,114.6,21.8,113.8,0.0,0.0,25.7,36.5,0.0,0.0,40.483,0.0,208.9,0.0,11.257,0.0,1
2023-01-30,US_WEST,"San Francisco, CA",9.471,1.2,15.6,21.8,3,0.0,0,21.8,35.0,29.0,60.5,0,0,0,7,Open-Meteo Historical Weather API,ERA5,2023,1,1,5,WINTER,10.543,0.0,0.0,-1.072,21.8,0.0,21.8,23.37,0.0,632.2,0,0,0,0,0,0,10.629,9.2,1.158,-1.857,1.4,21.8,1.4,21.8,0.0,0.0,19.2,25.7,0.0,0.0,0.0,40.483,159.6,0.0,10.618,0.0,1
2023-02-06,US_WEST,"San Francisco, CA",10.043,3.7,18.4,1.8,1,0.0,0,1.8,10.0,20.0,40.0,0,0,0,7,Open-Meteo Historical Weather API,ERA5,2023,2,1,6,WINTER,13.971,0.0,0.0,-3.928,1.8,0.0,1.8,7.07,0.0,36.0,0,0,0,0,0,0,9.471,10.629,-1.072,1.158,21.8,1.4,21.8,1.4,0.0,0.0,29.0,19.2,0.0,0.0,23.37,0.0,46.8,0.0,9.836,0.0,1
2023-02-13,US_WEST,"San Francisco, CA",9.443,1.7,17.9,1.0,1,0.0,0,1.0,4.0,32.5,68.8,0,0,0,7,Open-Meteo Historical Weather API,ERA5,2023,2,1,7,WINTER,12.286,0.0,0.0,-2.843,1.0,0.0,1.0,2.843,0.0,32.5,0,0,0,0,0,0,10.043,9.471,-3.928,-1.072,1.8,21.8,1.8,21.8,0.0,0.0,20.0,29.0,0.0,0.0,7.07,23.37,26.0,0.0,9.896,0.0,1
2023-02-20,US_WEST,"San Francisco, CA",8.686,4.2,19.1,34.6,4,0.0,0,34.6,61.0,41.5,81.7,1,0,0,7,Open-Meteo Historical Weather API,ERA5,2023,2,1,8,WINTER,9.257,0.5,0.0,-0.571,34.1,0.0,34.1,19.757,0.0,1435.9,0,0,0,0,0,0,9.443,10.043,-2.843,-3.928,1.0,1.8,1.0,1.8,0.0,0.0,32.5,20.0,0.0,0.0,2.843,7.07,59.2,0.0,9.411,0.0,1
2023-02-27,US_WEST,"San Francisco, CA",8.886,3.0,14.0,39.8,4,0.0,0,39.8,54.0,29.4,72.4,0,0,0,7,Open-Meteo Historical Weather API,ERA5,2023,2,1,9,WINTER,11.757,7.4,0.0,-2.871,32.4,0.0,4.378,114.266,0.0,1170.12,0,0,0,0,0,0,8.686,9.443,-0.571,-2.843,34.6,1.0,34.1,1.0,0.0,0.0,41.5,32.5,0.0,0.0,19.757,2.843,77.2,0.0,9.264,0.0,1
2023-03-06,US_WEST,"San Francisco, CA",10.7,5.4,16.2,63.4,7,0.0,0,63.4,82.0,31.4,79.9,0,0,0,7,Open-Meteo Historical Weather API,ERA5,2023,3,1,10,SPRING,12.643,0.3,0.0,-1.943,63.1,0.0,63.1,123.186,0.0,1990.76,1,0,0,0,0,0,8.886,8.686,-2.871,-0.571,39.8,34.6,32.4,34.1,0.0,0.0,29.4,41.5,0.0,0.0,114.266,19.757,138.8,0.0,9.429,0.0,1
2023-03-13,US_WEST,"San Francisco, CA",12.786,6.1,19.2,37.2,3,0.0,0,37.2,42.0,38.1,81.0,0,0,0,7,Open-Meteo Historical Weather API,ERA5,2023,3,1,11,SPRING,12.914,5.6,0.0,-0.128,31.6,0.0,5.643,4.762,0.0,1417.32,0,0,0,0,0,0,10.7,8.886,-1.943,-2.871,63.4,39.8,63.1,32.4,0.0,0.0,31.4,29.4,0.0,0.0,123.186,114.266,175.0,0.0,10.264,0.0,1
2023-03-20,US_WEST,"San Francisco, CA",10.629,4.9,15.1,42.6,2,0.0,0,42.6,44.0,33.1,62.3,0,0,0,7,Open-Meteo Historical Weather API,ERA5,2023,3,1,12,SPRING,13.857,5.3,0.0,-3.228,37.3,0.0,7.038,137.513,0.0,1410.06,0,0,0,0,0,0,12.786,10.7,-0.128,-1.943,37.2,63.4,31.6,63.1,0.0,0.0,38.1,31.4,0.0,0.0,4.762,123.186,183.0,0.0,10.75,0.0,1
2023-03-27,US_WEST,"San Francisco, CA",10.586,3.8,16.5,26.8,2,0.0,0,26.8,40.0,32.5,73.4,0,0,0,7,Open-Meteo Historical Weather API,ERA5,2023,3,1,13,SPRING,13.143,13.9,0.0,-2.557,12.9,0.0,0.928,68.528,0.0,871.0,0,0,0,0,0,0,10.629,12.786,-3.228,-0.128,42.6,37.2,37.3,31.6,0.0,0.0,33.1,38.1,0.0,0.0,137.513,4.762,170.0,0.0,11.175,0.0,1
2023-04-03,US_WEST,"San Francisco, CA",11.771,4.4,22.0,3.7,1,0.0,0,3.7,13.0,28.7,61.9,0,0,0,7,Open-Meteo Historical Weather API,ERA5,2023,4,2,14,SPRING,16.543,0.0,0.0,-4.772,3.7,0.0,3.7,17.656,0.0,106.19,0,0,0,0,0,0,10.586,10.629,-2.557,-3.228,26.8,42.6,12.9,37.3,0.0,0.0,32.5,33.1,0.0,0.0,68.528,137.513,110.3,0.0,11.443,0.0,1
2023-04-10,US_WEST,"San Francisco, CA",12.686,7.2,20.3,0.0,0,0.0,0,0.0,0.0,23.6,49.3,0,0,0,7,Open-Meteo Historical Weather API,ERA5,2023,4,2,15,SPRING,11.943,14.7,0.0,0.743,-14.7,0.0,-1.0,0.0,0.0,0.0,0,0,0,0,0,0,11.771,10.586,-4.772,-2.557,3.7,26.8,3.7,12.9,0.0,0.0,28.7,32.5,0.0,0.0,17.656,68.528,73.1,0.0,11.418,0.0,1
2023-04-17,US_WEST,"San Francisco, CA",14.014,7.1,24.0,0.8,0,0.0,0,0.8,4.0,20.9,47.2,0,0,0,7,Open-Meteo Historical Weather API,ERA5,2023,4,2,16,SPRING,14.114,16.7,0.0,-0.1,-15.9,0.0,-0.952,0.08,0.0,16.72,0,0,0,0,0,0,12.686,11.771,0.743,-4.772,0.0,3.7,-14.7,3.7,0.0,0.0,23.6,28.7,0.0,0.0,0.0,17.656,31.3,0.0,12.264,0.0,1
2023-04-24,US_WEST,"San Francisco, CA",15.2,8.5,27.7,0.0,0,0.0,0,0.0,0.0,27.8,59.0,0,0,0,7,Open-Meteo Historical Weather API,ERA5,2023,4,2,17,SPRING,14.2,0.0,0.0,1.0,0.0,0.0,0.0,0.0,0.0,0.0,0,0,0,0,0,0,14.014,12.686,-0.1,0.743,0.8,0.0,-15.9,-14.7,0.0,0.0,20.9,23.6,0.0,0.0,0.08,0.0,4.5,0.0,13.418,0.0,1
2023-05-01,US_WEST,"San Francisco, CA",12.929,9.8,17.4,20.4,5,0.0,0,20.4,73.0,27.0,52.6,0,0,0,7,Open-Meteo Historical Weather API,ERA5,2023,5,2,18,SPRING,15.043,1.0,0.0,-2.114,19.4,0.0,19.4,43.126,0.0,550.8,0,0,0,0,0,0,15.2,14.014,1.0,-0.1,0.0,0.8,0.0,-15.9,0.0,0.0,27.8,20.9,0.0,0.0,0.0,0.08,21.2,0.0,13.707,0.0,1
2023-05-08,US_WEST,"San Francisco, CA",15.357,10.2,27.5,0.6,0,0.0,0,0.6,4.0,21.8,45.7,0,0,0,7,Open-Meteo Historical Weather API,ERA5,2023,5,2,19,SPRING,14.3,1.3,0.0,1.057,-0.7,0.0,-0.538,0.0,0.0,13.08,0,0,0,0,0,0,12.929,15.2,-2.114,1.0,20.4,0.0,19.4,0.0,0.0,0.0,27.0,27.8,0.0,0.0,43.126,0.0,21.8,0.0,14.375,0.0,1
2023-05-15,US_WEST,"San Francisco, CA",15.443,11.6,24.2,0.0,0,0.0,0,0.0,0.0,20.0,43.9,0,0,0,7,Open-Meteo Historical Weather API,ERA5,2023,5,2,20,SPRING,17.286,0.0,0.0,-1.843,0.0,0.0,0.0,0.0,0.0,0.0,0,0,0,0,0,0,15.357,12.929,1.057,-2.114,0.6,20.4,-0.7,19.4,0.0,0.0,21.8,27.0,0.0,0.0,0.0,43.126,21.0,0.0,14.732,0.0,1
2023-05-22,US_WEST,"San Francisco, CA",14.814,11.6,23.4,0.3,0,0.0,0,0.3,3.0,19.4,42.5,0,0,0,7,Open-Meteo Historical Weather API,ERA5,2023,5,2,21,SPRING,17.571,0.0,0.0,-2.757,0.3,0.0,0.3,0.827,0.0,5.82,0,0,0,0,0,0,15.443,15.357,-1.843,1.057,0.0,0.6,0.0,-0.7,0.0,0.0,20.0,21.8,0.0,0.0,0.0,0.0,21.3,0.0,14.636,0.0,1
2023-05-29,US_WEST,"San Francisco, CA",15.829,11.7,23.6,0.0,0,0.0,0,0.0,0.0,19.3,44.3,0,0,0,7,Open-Meteo Historical Weather API,ERA5,2023,5,2,22,SPRING,17.314,1.6,0.0,-1.485,-1.6,0.0,-1.0,0.0,0.0,0.0,0,0,0,0,0,0,14.814,15.443,-2.757,-1.843,0.3,0.0,0.3,0.0,0.0,0.0,19.4,20.0,0.0,0.0,0.827,0.0,0.9,0.0,15.361,0.0,1
2023-06-05,US_WEST,"San Francisco, CA",16.014,11.9,21.3,0.0,0,0.0,0,0.0,0.0,22.4,48.6,0,0,0,7,Open-Meteo Historical Weather API,ERA5,2023,6,2,23,SUMMER,19.6,0.0,0.0,-3.586,0.0,0.0,0.0,0.0,0.0,0.0,0,0,0,0,0,0,15.829,14.814,-1.485,-2.757,0.0,0.3,-1.6,0.3,0.0,0.0,19.3,19.4,0.0,0.0,0.0,0.827,0.3,0.0,15.525,0.0,1
2023-06-12,US_WEST,"San Francisco, CA",16.871,13.1,22.7,1.3,1,0.0,0,1.3,2.0,25.6,57.2,0,0,0,7,Open-Meteo Historical Weather API,ERA5,2023,6,2,24,SUMMER,17.257,0.0,0.0,-0.386,1.3,0.0,1.3,0.502,0.0,33.28,0,0,0,0,0,0,16.014,15.829,-3.586,-1.485,0.0,0.0,0.0,-1.6,0.0,0.0,22.4,19.3,0.0,0.0,0.0,0.0,1.6,0.0,15.882,0.0,1
2023-06-19,US_WEST,"San Francisco, CA",15.771,10.5,22.0,0.0,0,0.0,0,0.0,0.0,24.4,54.0,0,0,0,7,Open-Meteo Historical Weather API,ERA5,2023,6,2,25,SUMMER,20.114,0.0,0.0,-4.343,0.0,0.0,0.0,0.0,0.0,0.0,0,0,0,0,0,0,16.871,16.014,-0.386,-3.586,1.3,0.0,1.3,0.0,0.0,0.0,25.6,22.4,0.0,0.0,0.502,0.0,1.3,0.0,16.121,0.0,1
2023-06-26,US_WEST,"San Francisco, CA",17.514,12.1,30.6,0.0,0,0.0,0,0.0,0.0,19.0,42.8,0,0,0,7,Open-Meteo Historical Weather API,ERA5,2023,6,2,26,SUMMER,15.843,0.0,0.0,1.671,0.0,0.0,0.0,0.0,0.0,0.0,0,0,0,0,0,0,15.771,16.871,-4.343,-0.386,0.0,1.3,0.0,1.3,0.0,0.0,24.4,25.6,0.0,0.0,0.0,0.502,1.3,0.0,16.542,0.0,1
2023-07-03,US_WEST,"San Francisco, CA",16.057,12.2,23.1,0.0,0,0.0,0,0.0,0.0,22.6,49.7,0,0,0,7,Open-Meteo Historical Weather API,ERA5,2023,7,3,27,SUMMER,18.028,0.1,0.0,-1.972,-0.1,0.0,-0.1,0.0,0.0,0.0,0,0,0,0,0,0,17.514,15.771,1.671,-4.343,0.0,0.0,0.0,0.0,0.0,0.0,19.0,24.4,0.0,0.0,0.0,0.0,1.3,0.0,16.553,0.0,1
2023-07-10,US_WEST,"San Francisco, CA",18.043,12.4,27.7,0.0,0,0.0,0,0.0,0.0,16.1,37.8,0,0,0,7,Open-Meteo Historical Weather API,ERA5,2023,7,3,28,SUMMER,17.193,0.0,0.0,0.85,0.0,0.0,0.0,0.0,0.0,0.0,0,0,0,0,0,0,16.057,17.514,-1.972,1.671,0.0,0.0,-0.1,0.0,0.0,0.0,22.6,19.0,0.0,0.0,0.0,0.0,0.0,0.0,16.846,0.0,1
2023-07-17,US_WEST,"San Francisco, CA",19.0,13.1,29.4,0.0,0,0.0,0,0.0,0.0,18.1,44.3,0,0,0,7,Open-Meteo Historical Weather API,ERA5,2023,7,3,29,SUMMER,16.978,0.0,0.0,2.021,0.0,0.0,0.0,0.0,0.0,0.0,0,0,0,0,0,0,18.043,16.057,0.85,-1.972,0.0,0.0,0.0,-0.1,0.0,0.0,16.1,22.6,0.0,0.0,0.0,0.0,0.0,0.0,17.654,0.0,1
2023-07-24,US_WEST,"San Francisco, CA",18.186,13.2,26.1,0.0,0,0.0,0,0.0,0.0,19.8,43.6,0,0,0,7,Open-Meteo Historical Weather API,ERA5,2023,7,3,30,SUMMER,17.443,0.1,0.0,0.743,-0.1,0.0,-0.1,0.0,0.0,0.0,0,0,0,0,0,0,19.0,18.043,2.021,0.85,0.0,0.0,0.0,0.0,0.0,0.0,18.1,16.1,0.0,0.0,0.0,0.0,0.0,0.0,17.822,0.0,1
2023-07-31,US_WEST,"San Francisco, CA",18.257,13.6,29.5,0.0,0,0.0,0,0.0,0.0,20.9,47.9,0,0,0,7,Open-Meteo Historical Weather API,ERA5,2023,7,3,31,SUMMER,18.286,0.05,0.0,-0.029,-0.05,0.0,-0.05,0.0,0.0,0.0,0,0,0,0,0,0,18.186,19.0,0.743,2.021,0.0,0.0,-0.1,0.0,0.0,0.0,19.8,18.1,0.0,0.0,0.0,0.0,0.0,0.0,18.371,0.0,1
2023-08-07,US_WEST,"San Francisco, CA",19.0,14.4,28.1,0.1,0,0.0,0,0.1,1.0,19.1,45.0,0,0,0,7,Open-Meteo Historical Weather API,ERA5,2023,8,3,32,SUMMER,19.007,0.0,0.0,-0.007,0.1,0.0,0.1,0.001,0.0,1.91,0,0,0,0,0,0,18.257,18.186,-0.029,0.743,0.0,0.0,-0.05,-0.1,0.0,0.0,20.9,19.8,0.0,0.0,0.0,0.0,0.1,0.0,18.611,0.0,1
2023-08-14,US_WEST,"San Francisco, CA",19.929,15.3,29.5,0.0,0,0.0,0,0.0,0.0,18.1,42.5,0,0,0,7,Open-Meteo Historical Weather API,ERA5,2023,8,3,33,SUMMER,18.614,0.0,0.0,1.315,0.0,0.0,0.0,0.0,0.0,0.0,0,0,0,0,0,0,19.0,18.257,-0.007,-0.029,0.1,0.0,0.1,-0.05,0.0,0.0,19.1,20.9,0.0,0.0,0.001,0.0,0.1,0.0,18.843,0.0,1
2023-08-21,US_WEST,"San Francisco, CA",20.586,14.3,31.3,1.4,1,0.0,0,1.4,3.0,22.7,47.5,0,0,0,7,Open-Meteo Historical Weather API,ERA5,2023,8,3,34,SUMMER,18.771,0.0,0.0,1.815,1.4,0.0,1.4,0.0,0.0,31.78,0,0,0,0,0,0,19.929,19.0,1.315,-0.007,0.0,0.1,0.0,0.1,0.0,0.0,18.1,19.1,0.0,0.0,0.0,0.001,1.5,0.0,19.443,0.0,1
2023-08-28,US_WEST,"San Francisco, CA",19.714,13.8,31.4,1.0,0,0.0,0,1.0,10.0,19.9,43.6,0,0,0,7,Open-Meteo Historical Weather API,ERA5,2023,8,3,35,SUMMER,18.243,0.0,0.0,1.471,1.0,0.0,1.0,0.0,0.0,19.9,0,0,0,0,0,0,20.586,19.929,1.815,1.315,1.4,0.0,1.4,0.0,0.0,0.0,22.7,18.1,0.0,0.0,0.0,0.0,2.5,0.0,19.807,0.0,1
2023-09-04,US_WEST,"San Francisco, CA",18.329,12.5,26.4,0.0,0,0.0,0,0.0,0.0,16.9,39.2,0,0,0,7,Open-Meteo Historical Weather API,ERA5,2023,9,3,36,FALL,21.164,0.25,0.0,-2.835,-0.25,0.0,-0.25,0.0,0.0,0.0,0,0,0,0,0,0,19.714,20.586,1.471,1.815,1.0,1.4,1.0,1.4,0.0,0.0,19.9,22.7,0.0,0.0,0.0,0.0,2.4,0.0,19.64,0.0,1
2023-09-11,US_WEST,"San Francisco, CA",18.314,13.2,25.8,0.0,0,0.0,0,0.0,0.0,19.3,41.0,0,0,0,7,Open-Meteo Historical Weather API,ERA5,2023,9,3,37,FALL,17.786,6.05,0.0,0.528,-6.05,0.0,-1.0,0.0,0.0,0.0,0,0,0,0,0,0,18.329,19.714,-2.835,1.471,0.0,1.0,-0.25,1.0,0.0,0.0,16.9,19.9,0.0,0.0,0.0,0.0,2.4,0.0,19.236,0.0,1
2023-09-18,US_WEST,"San Francisco, CA",17.243,12.5,23.1,0.0,0,0.0,0,0.0,0.0,17.9,42.1,0,0,0,7,Open-Meteo Historical Weather API,ERA5,2023,9,3,38,FALL,19.057,1.2,0.0,-1.814,-1.2,0.0,-1.0,0.0,0.0,0.0,0,0,0,0,0,0,18.314,18.329,0.528,-2.835,0.0,0.0,-6.05,-0.25,0.0,0.0,19.3,16.9,0.0,0.0,0.0,0.0,1.0,0.0,18.4,0.0,1
2023-09-25,US_WEST,"San Francisco, CA",18.386,12.9,25.7,0.8,0,0.0,0,0.8,8.0,23.5,49.0,0,0,0,7,Open-Meteo Historical Weather API,ERA5,2023,9,3,39,FALL,18.278,0.0,0.0,0.107,0.8,0.0,0.8,0.0,0.0,18.8,0,0,0,0,0,0,17.243,18.314,-1.814,0.528,0.0,0.0,-1.2,-6.05,0.0,0.0,17.9,19.3,0.0,0.0,0.0,0.0,0.8,0.0,18.068,0.0,1
2023-10-02,US_WEST,"San Francisco, CA",21.214,10.6,33.6,0.0,0,0.0,0,0.0,0.0,13.7,32.0,0,0,0,7,Open-Meteo Historical Weather API,ERA5,2023,10,4,40,FALL,16.236,0.05,0.0,4.978,-0.05,0.0,-0.05,0.0,0.0,0.0,0,0,0,0,0,0,18.386,17.243,0.107,-1.814,0.8,0.0,0.8,-1.2,0.0,0.0,23.5,17.9,0.0,0.0,0.0,0.0,0.8,0.0,18.789,0.0,1
2023-10-09,US_WEST,"San Francisco, CA",17.6,10.1,24.7,1.5,0,0.0,0,1.5,12.0,17.3,40.3,0,0,0,7,Open-Meteo Historical Weather API,ERA5,2023,10,4,41,FALL,15.622,1.2,0.0,1.979,0.3,0.0,0.25,0.0,0.0,25.95,0,0,0,0,0,0,21.214,18.386,4.978,0.107,0.0,0.8,-0.05,0.8,0.0,0.0,13.7,23.5,0.0,0.0,0.0,0.0,2.3,0.0,18.611,0.0,1
2023-10-16,US_WEST,"San Francisco, CA",18.543,11.8,31.4,2.9,1,0.0,0,2.9,11.0,18.9,40.7,0,0,0,7,Open-Meteo Historical Weather API,ERA5,2023,10,4,42,FALL,16.407,44.7,0.0,2.136,-41.8,0.0,-0.935,0.0,0.0,54.81,0,0,0,0,0,0,17.6,21.214,1.979,4.978,1.5,0.0,0.3,-0.05,0.0,0.0,17.3,13.7,0.0,0.0,0.0,0.0,5.2,0.0,18.936,0.0,1
2023-10-23,US_WEST,"San Francisco, CA",14.829,6.0,22.9,1.6,0,0.0,0,1.6,5.0,20.2,43.6,0,0,0,7,Open-Meteo Historical Weather API,ERA5,2023,10,4,43,FALL,15.05,5.95,0.0,-0.221,-4.35,0.0,-0.731,0.354,0.0,32.32,0,0,0,0,0,0,18.543,17.6,2.136,1.979,2.9,1.5,-41.8,0.3,0.0,0.0,18.9,17.3,0.0,0.0,0.0,0.0,6.0,0.0,18.046,0.0,1
2023-10-30,US_WEST,"San Francisco, CA",16.086,6.0,26.1,1.4,1,0.0,0,1.4,7.0,13.4,35.3,0,0,0,7,Open-Meteo Historical Weather API,ERA5,2023,10,4,44,FALL,14.029,7.25,0.0,2.057,-5.85,0.0,-0.807,0.0,0.0,18.76,0,0,0,0,0,0,14.829,18.543,-0.221,2.136,1.6,2.9,-4.35,-41.8,0.0,0.0,20.2,18.9,0.0,0.0,0.354,0.0,7.4,0.0,16.764,0.0,1
2023-11-06,US_WEST,"San Francisco, CA",14.314,7.1,22.0,1.9,1,0.0,0,1.9,13.0,15.0,38.5,0,0,0,7,Open-Meteo Historical Weather API,ERA5,2023,11,4,45,FALL,12.543,21.55,0.0,1.771,-19.65,0.0,-0.912,0.0,0.0,28.5,0,0,0,0,0,0,16.086,14.829,2.057,-0.221,1.4,1.6,-5.85,-4.35,0.0,0.0,13.4,20.2,0.0,0.0,0.0,0.354,7.8,0.0,15.943,0.0,1
2023-11-13,US_WEST,"San Francisco, CA",15.429,9.1,21.8,25.1,4,0.0,0,25.1,50.0,22.2,48.2,0,0,0,7,Open-Meteo Historical Weather API,ERA5,2023,11,4,46,FALL,11.928,0.45,0.0,3.501,24.65,0.0,24.65,0.0,0.0,557.22,0,0,0,0,0,0,14.314,16.086,1.771,2.057,1.9,1.4,-19.65,-5.85,0.0,0.0,15.0,13.4,0.0,0.0,0.0,0.0,30.0,0.0,15.164,0.0,1
2023-11-20,US_WEST,"San Francisco, CA",11.514,5.0,20.2,0.0,0,0.0,0,0.0,0.0,14.6,31.3,0,0,0,7,Open-Meteo Historical Weather API,ERA5,2023,11,4,47,FALL,11.572,0.0,0.0,-0.058,0.0,0.0,0.0,0.0,0.0,0.0,0,0,0,0,0,0,15.429,14.314,3.501,1.771,25.1,1.9,24.65,-19.65,0.0,0.0,22.2,15.0,0.0,0.0,0.0,0.0,28.4,0.0,14.336,0.0,1
2023-11-27,US_WEST,"San Francisco, CA",11.957,3.0,17.9,9.5,1,0.0,0,9.5,23.0,23.2,46.4,0,0,0,7,Open-Meteo Historical Weather API,ERA5,2023,11,4,48,FALL,10.572,17.4,0.0,1.386,-7.9,0.0,-0.454,0.0,0.0,220.4,0,0,0,0,0,0,11.514,15.429,-0.058,3.501,0.0,25.1,0.0,24.65,0.0,0.0,14.6,22.2,0.0,0.0,0.0,0.0,36.5,0.0,13.304,0.0,1
2023-12-04,US_WEST,"San Francisco, CA",11.029,2.6,17.5,6.0,2,0.0,0,6.0,16.0,23.5,45.7,0,0,0,7,Open-Meteo Historical Weather API,ERA5,2023,12,4,49,WINTER,10.664,34.75,0.0,0.365,-28.75,0.0,-0.827,0.0,0.0,141.0,0,0,0,0,0,0,11.957,11.514,1.386,-0.058,9.5,0.0,-7.9,0.0,0.0,0.0,23.2,14.6,0.0,0.0,0.0,0.0,40.6,0.0,12.482,0.0,1
2023-12-11,US_WEST,"San Francisco, CA",10.186,4.8,18.4,5.5,1,0.0,0,5.5,8.0,12.9,31.7,0,0,0,7,Open-Meteo Historical Weather API,ERA5,2023,12,4,50,WINTER,7.957,29.1,0.0,2.229,-23.6,0.0,-0.811,0.0,0.0,70.95,0,0,0,0,0,0,11.029,11.957,0.365,1.386,6.0,9.5,-28.75,-7.9,0.0,0.0,23.5,23.2,0.0,0.0,0.0,0.0,21.0,0.0,11.172,0.0,1
2023-12-18,US_WEST,"San Francisco, CA",12.943,4.7,17.7,46.1,3,0.0,0,46.1,64.0,19.1,46.1,0,0,0,7,Open-Meteo Historical Weather API,ERA5,2023,12,4,51,WINTER,9.386,28.85,0.0,3.557,17.25,0.0,0.598,0.0,0.0,880.51,0,0,0,0,0,0,10.186,11.029,2.229,0.365,5.5,6.0,-23.6,-28.75,0.0,0.0,12.9,23.5,0.0,0.0,0.0,0.0,67.1,0.0,11.529,0.0,1
2023-12-25,US_WEST,"San Francisco, CA",13.014,6.3,18.8,35.3,4,0.0,0,35.3,53.0,23.0,51.8,0,0,0,7,Open-Meteo Historical Weather API,ERA5,2023,12,4,52,WINTER,9.814,72.7,0.0,3.2,-37.4,0.0,-0.514,0.0,0.0,811.9,0,0,0,0,0,0,12.943,10.186,3.557,2.229,46.1,5.5,17.25,-23.6,0.0,0.0,19.1,12.9,0.0,0.0,0.0,0.0,92.9,0.0,11.793,0.0,1
2024-01-01,US_WEST,"San Francisco, CA",10.629,3.4,17.3,20.0,3,0.0,0,20.0,20.0,29.3,63.0,0,0,0,7,Open-Meteo Historical Weather API,ERA5,2024,1,1,1,WINTER,11.514,38.0,0.0,-0.886,-18.0,0.0,-0.474,17.71,0.0,586.0,0,0,0,0,0,0,13.014,12.943,3.2,3.557,35.3,46.1,-37.4,17.25,0.0,0.0,23.0,19.1,0.0,0.0,0.0,0.0,106.9,0.0,11.693,0.0,1
2024-01-08,US_WEST,"San Francisco, CA",10.0,2.5,14.3,12.8,4,0.0,0,12.8,35.0,26.0,58.7,0,0,0,7,Open-Meteo Historical Weather API,ERA5,2024,1,1,2,WINTER,11.828,57.7,0.0,-1.828,-44.9,0.0,-0.778,23.405,0.0,332.8,0,0,0,0,0,0,10.629,13.014,-0.886,3.2,20.0,35.3,-18.0,-37.4,0.0,0.0,29.3,23.0,0.0,0.0,17.71,0.0,114.2,0.0,11.646,0.0,1
2024-01-15,US_WEST,"San Francisco, CA",12.229,8.3,16.9,29.5,4,0.0,0,29.5,54.0,21.4,46.1,0,0,0,7,Open-Meteo Historical Weather API,ERA5,2024,1,1,3,WINTER,10.128,10.9,0.0,2.101,18.6,0.0,1.706,0.0,0.0,631.3,0,0,0,0,0,0,10.0,10.629,-1.828,-0.886,12.8,20.0,-44.9,-18.0,0.0,0.0,26.0,29.3,0.0,0.0,23.405,17.71,97.6,0.0,11.468,0.0,1
2024-01-22,US_WEST,"San Francisco, CA",13.586,9.8,19.2,26.5,2,0.0,0,26.5,39.0,24.1,49.3,0,0,0,7,Open-Meteo Historical Weather API,ERA5,2024,1,1,4,WINTER,10.05,0.7,0.0,3.536,25.8,0.0,25.8,0.0,0.0,638.65,0,0,0,0,0,0,12.229,10.0,2.101,-1.828,29.5,12.8,18.6,-44.9,0.0,0.0,21.4,26.0,0.0,0.0,0.0,23.405,88.8,0.0,11.611,0.0,1
2024-01-29,US_WEST,"San Francisco, CA",12.814,8.3,20.4,84.6,5,0.0,0,84.6,94.0,43.0,105.8,1,0,0,7,Open-Meteo Historical Weather API,ERA5,2024,1,1,5,WINTER,10.007,10.9,0.0,2.807,73.7,0.0,6.761,0.0,0.0,3637.8,1,0,0,0,0,0,13.586,12.229,3.536,2.101,26.5,29.5,25.8,18.6,0.0,0.0,24.1,21.4,0.0,0.0,0.0,0.0,153.4,0.0,12.157,0.0,1
2024-02-05,US_WEST,"San Francisco, CA",10.371,4.2,16.7,19.0,3,0.0,0,19.0,44.0,27.3,56.9,0,0,0,7,Open-Meteo Historical Weather API,ERA5,2024,2,1,6,WINTER,12.007,0.9,0.0,-1.636,18.1,0.0,18.1,31.084,0.0,518.7,0,0,0,0,0,0,12.814,13.586,2.807,3.536,84.6,26.5,73.7,25.8,0.0,0.0,43.0,24.1,0.0,0.0,0.0,0.0,159.6,0.0,12.25,0.0,1
2024-02-12,US_WEST,"San Francisco, CA",12.314,6.7,19.6,34.2,3,0.0,0,34.2,41.0,26.5,59.0,0,0,0,7,Open-Meteo Historical Weather API,ERA5,2024,2,1,7,WINTER,10.864,0.5,0.0,1.45,33.7,0.0,33.7,0.0,0.0,906.3,0,0,0,0,0,0,10.371,12.814,-1.636,2.807,19.0,84.6,18.1,73.7,0.0,0.0,27.3,43.0,0.0,0.0,31.084,0.0,164.3,0.0,12.271,0.0,1
2024-02-19,US_WEST,"San Francisco, CA",12.971,7.5,21.1,27.2,3,0.0,0,27.2,51.0,33.8,66.2,0,0,0,7,Open-Meteo Historical Weather API,ERA5,2024,2,1,8,WINTER,8.971,17.55,0.0,4.0,9.65,0.0,0.55,0.0,0.0,919.36,0,0,0,0,0,0,12.314,10.371,1.45,-1.636,34.2,19.0,33.7,18.1,0.0,0.0,26.5,27.3,0.0,0.0,0.0,31.084,165.0,0.0,12.118,0.0,1
2024-02-26,US_WEST,"San Francisco, CA",11.614,5.8,18.7,34.7,4,0.0,0,34.7,78.0,34.5,69.8,0,0,0,7,Open-Meteo Historical Weather API,ERA5,2024,2,1,9,WINTER,10.322,23.6,0.0,1.293,11.1,0.0,0.47,0.0,0.0,1197.15,0,0,0,0,0,0,12.971,12.314,4.0,1.45,27.2,34.2,9.65,33.7,0.0,0.0,33.8,26.5,0.0,0.0,0.0,0.0,115.1,0.0,11.818,0.0,1
2024-03-04,US_WEST,"San Francisco, CA",12.243,7.0,18.3,7.2,2,0.0,0,7.2,33.0,20.6,43.2,0,0,0,7,Open-Meteo Historical Weather API,ERA5,2024,3,1,10,SPRING,11.672,31.85,0.0,0.572,-24.65,0.0,-0.774,0.0,0.0,148.32,0,0,0,0,0,0,11.614,12.971,1.293,4.0,34.7,27.2,11.1,9.65,0.0,0.0,34.5,33.8,0.0,0.0,0.0,0.0,103.3,0.0,12.286,0.0,1
2024-03-11,US_WEST,"San Francisco, CA",14.329,7.8,22.9,6.0,2,0.0,0,6.0,15.0,28.2,58.0,0,0,0,7,Open-Meteo Historical Weather API,ERA5,2024,3,1,11,SPRING,12.85,21.4,0.0,1.479,-15.4,0.0,-0.72,0.0,0.0,169.2,0,0,0,0,0,0,12.243,11.614,0.572,1.293,7.2,34.7,-24.65,11.1,0.0,0.0,20.6,34.5,0.0,0.0,0.0,0.0,75.1,0.0,12.789,0.0,1
2024-03-18,US_WEST,"San Francisco, CA",13.343,8.6,19.4,20.5,3,0.0,0,20.5,41.0,24.1,54.0,0,0,0,7,Open-Meteo Historical Weather API,ERA5,2024,3,1,12,SPRING,12.243,23.95,0.0,1.1,-3.45,0.0,-0.144,0.0,0.0,494.05,0,0,0,0,0,0,14.329,12.243,1.479,0.572,6.0,7.2,-15.4,-24.65,0.0,0.0,28.2,20.6,0.0,0.0,0.0,0.0,68.4,0.0,12.882,0.0,1
2024-03-25,US_WEST,"San Francisco, CA",12.343,8.2,17.9,29.4,4,0.0,0,29.4,48.0,24.6,56.2,0,0,0,7,Open-Meteo Historical Weather API,ERA5,2024,3,1,13,SPRING,11.864,20.35,0.0,0.479,9.05,0.0,0.445,0.0,0.0,723.24,0,0,0,0,0,0,13.343,14.329,1.1,1.479,20.5,6.0,-3.45,-15.4,0.0,0.0,24.1,28.2,0.0,0.0,0.0,0.0,63.1,0.0,13.064,0.0,1
2024-04-01,US_WEST,"San Francisco, CA",11.743,4.3,21.4,13.1,2,0.0,0,13.1,29.0,23.2,52.6,0,0,0,7,Open-Meteo Historical Weather API,ERA5,2024,4,2,14,SPRING,14.157,1.85,0.0,-2.414,11.25,0.0,6.081,31.623,0.0,303.92,0,0,0,0,0,0,12.343,13.343,0.479,1.1,29.4,20.5,9.05,-3.45,0.0,0.0,24.6,24.1,0.0,0.0,0.0,0.0,69.0,0.0,12.94,0.0,1
2024-04-08,US_WEST,"San Francisco, CA",13.614,7.3,23.9,18.1,2,0.0,0,18.1,27.0,22.7,46.4,0,0,0,7,Open-Meteo Historical Weather API,ERA5,2024,4,2,15,SPRING,12.314,7.35,0.0,1.3,10.75,0.0,1.463,0.0,0.0,410.87,0,0,0,0,0,0,11.743,12.343,-2.414,0.479,13.1,29.4,11.25,9.05,0.0,0.0,23.2,24.6,0.0,0.0,31.623,0.0,81.1,0.0,12.761,0.0,1
2024-04-15,US_WEST,"San Francisco, CA",15.186,9.3,24.1,0.0,0,0.0,0,0.0,0.0,16.6,37.8,0,0,0,7,Open-Meteo Historical Weather API,ERA5,2024,4,2,16,SPRING,14.064,8.75,0.0,1.122,-8.75,0.0,-1.0,0.0,0.0,0.0,0,0,0,0,0,0,13.614,11.743,1.3,-2.414,18.1,13.1,10.75,11.25,0.0,0.0,22.7,23.2,0.0,0.0,0.0,31.623,60.6,0.0,13.222,0.0,1
2024-04-22,US_WEST,"San Francisco, CA",15.143,10.1,22.8,0.8,0,0.0,0,0.8,6.0,29.9,60.5,0,0,0,7,Open-Meteo Historical Weather API,ERA5,2024,4,2,17,SPRING,14.7,0.0,0.0,0.443,0.8,0.0,0.8,0.0,0.0,23.92,0,0,0,0,0,0,15.186,13.614,1.122,1.3,0.0,18.1,-8.75,10.75,0.0,0.0,16.6,22.7,0.0,0.0,0.0,0.0,32.0,0.0,13.922,0.0,1
2024-04-29,US_WEST,"San Francisco, CA",14.586,8.3,24.5,20.3,1,0.0,0,20.3,15.0,25.3,54.7,0,0,0,7,Open-Meteo Historical Weather API,ERA5,2024,4,2,18,SPRING,13.986,10.7,0.0,0.6,9.6,0.0,0.897,0.0,0.0,513.59,0,0,0,0,0,0,15.143,15.186,0.443,1.122,0.8,0.0,0.8,-8.75,0.0,0.0,29.9,16.6,0.0,0.0,0.0,0.0,39.2,0.0,14.632,0.0,1
2024-05-06,US_WEST,"San Francisco, CA",17.229,7.9,29.3,0.0,0,0.0,0,0.0,0.0,20.2,43.6,0,0,0,7,Open-Meteo Historical Weather API,ERA5,2024,5,2,19,SPRING,14.828,0.95,0.0,2.4,-0.95,0.0,-0.95,0.0,0.0,0.0,0,0,0,0,0,0,14.586,15.143,0.6,0.443,20.3,0.8,9.6,0.8,0.0,0.0,25.3,29.9,0.0,0.0,0.0,0.0,21.1,0.0,15.536,0.0,1
2024-05-13,US_WEST,"San Francisco, CA",14.929,11.2,20.8,0.0,0,0.0,0,0.0,0.0,18.9,45.0,0,0,0,7,Open-Meteo Historical Weather API,ERA5,2024,5,2,20,SPRING,16.364,0.0,0.0,-1.435,0.0,0.0,0.0,0.0,0.0,0.0,0,0,0,0,0,0,17.229,14.586,2.4,0.6,0.0,20.3,-0.95,9.6,0.0,0.0,20.2,25.3,0.0,0.0,0.0,0.0,21.1,0.0,15.472,0.0,1
2024-05-20,US_WEST,"San Francisco, CA",15.557,10.1,25.2,0.0,0,0.0,0,0.0,0.0,22.9,51.1,0,0,0,7,Open-Meteo Historical Weather API,ERA5,2024,5,2,21,SPRING,16.193,0.15,0.0,-0.636,-0.15,0.0,-0.15,0.0,0.0,0.0,0,0,0,0,0,0,14.929,17.229,-1.435,2.4,0.0,0.0,0.0,-0.95,0.0,0.0,18.9,20.2,0.0,0.0,0.0,0.0,20.3,0.0,15.575,0.0,1
2024-05-27,US_WEST,"San Francisco, CA",17.057,11.6,26.2,0.0,0,0.0,0,0.0,0.0,23.0,53.3,0,0,0,7,Open-Meteo Historical Weather API,ERA5,2024,5,2,22,SPRING,16.572,0.8,0.0,0.485,-0.8,0.0,-0.8,0.0,0.0,0.0,0,0,0,0,0,0,15.557,14.929,-0.636,-1.435,0.0,0.0,-0.15,0.0,0.0,0.0,22.9,18.9,0.0,0.0,0.0,0.0,0.0,0.0,16.193,0.0,1
2024-06-03,US_WEST,"San Francisco, CA",18.186,12.5,30.3,0.0,0,0.0,0,0.0,0.0,22.8,48.2,0,0,0,7,Open-Meteo Historical Weather API,ERA5,2024,6,2,23,SUMMER,17.807,0.0,0.0,0.379,0.0,0.0,0.0,0.0,0.0,0.0,0,0,0,0,0,0,17.057,15.557,0.485,-0.636,0.0,0.0,-0.8,-0.15,0.0,0.0,23.0,22.9,0.0,0.0,0.0,0.0,0.0,0.0,16.432,0.0,1
2024-06-10,US_WEST,"San Francisco, CA",17.4,11.0,29.5,0.0,0,0.0,0,0.0,0.0,24.4,56.9,0,0,0,7,Open-Meteo Historical Weather API,ERA5,2024,6,2,24,SUMMER,17.064,0.65,0.0,0.336,-0.65,0.0,-0.65,0.0,0.0,0.0,0,0,0,0,0,0,18.186,17.057,0.379,0.485,0.0,0.0,0.0,-0.8,0.0,0.0,22.8,23.0,0.0,0.0,0.0,0.0,0.0,0.0,17.05,0.0,1
2024-06-17,US_WEST,"San Francisco, CA",17.086,11.4,27.0,0.0,0,0.0,0,0.0,0.0,20.5,46.4,0,0,0,7,Open-Meteo Historical Weather API,ERA5,2024,6,2,25,SUMMER,17.943,0.0,0.0,-0.857,0.0,0.0,0.0,0.0,0.0,0.0,0,0,0,0,0,0,17.4,18.186,0.336,0.379,0.0,0.0,-0.65,0.0,0.0,0.0,24.4,22.8,0.0,0.0,0.0,0.0,0.0,0.0,17.432,0.0,1
2024-06-24,US_WEST,"San Francisco, CA",18.571,12.3,27.2,0.0,0,0.0,0,0.0,0.0,19.4,45.4,0,0,0,7,Open-Meteo Historical Weather API,ERA5,2024,6,2,26,SUMMER,16.678,0.0,0.0,1.893,0.0,0.0,0.0,0.0,0.0,0.0,0,0,0,0,0,0,17.086,17.4,-0.857,0.336,0.0,0.0,0.0,-0.65,0.0,0.0,20.5,24.4,0.0,0.0,0.0,0.0,0.0,0.0,17.811,0.0,1
2024-07-01,US_WEST,"San Francisco, CA",21.543,13.4,34.3,0.0,0,0.0,0,0.0,0.0,15.4,38.5,0,0,0,7,Open-Meteo Historical Weather API,ERA5,2024,7,3,27,SUMMER,17.371,0.067,0.0,4.172,-0.067,0.0,-0.067,0.0,0.0,0.0,0,0,0,0,0,0,18.571,17.086,1.893,-0.857,0.0,0.0,0.0,0.0,0.0,0.0,19.4,20.5,0.0,0.0,0.0,0.0,0.0,0.0,18.65,0.0,1
2024-07-08,US_WEST,"San Francisco, CA",19.229,14.1,31.5,0.0,0,0.0,0,0.0,0.0,16.3,42.1,0,0,0,7,Open-Meteo Historical Weather API,ERA5,2024,7,3,28,SUMMER,17.476,0.0,0.0,1.753,0.0,0.0,0.0,0.0,0.0,0.0,0,0,0,0,0,0,21.543,18.571,4.172,1.893,0.0,0.0,-0.067,0.0,0.0,0.0,15.4,19.4,0.0,0.0,0.0,0.0,0.0,0.0,19.107,0.0,1
2024-07-15,US_WEST,"San Francisco, CA",18.771,13.4,31.6,0.0,0,0.0,0,0.0,0.0,19.0,43.2,0,0,0,7,Open-Meteo Historical Weather API,ERA5,2024,7,3,29,SUMMER,17.652,0.0,0.0,1.119,0.0,0.0,0.0,0.0,0.0,0.0,0,0,0,0,0,0,19.229,21.543,1.753,4.172,0.0,0.0,0.0,-0.067,0.0,0.0,16.3,15.4,0.0,0.0,0.0,0.0,0.0,0.0,19.528,0.0,1
2024-07-22,US_WEST,"San Francisco, CA",19.371,13.2,31.5,0.0,0,0.0,0,0.0,0.0,20.6,45.0,0,0,0,7,Open-Meteo Historical Weather API,ERA5,2024,7,3,30,SUMMER,17.691,0.067,0.0,1.68,-0.067,0.0,-0.067,0.0,0.0,0.0,0,0,0,0,0,0,18.771,19.229,1.119,1.753,0.0,0.0,0.0,0.0,0.0,0.0,19.0,16.3,0.0,0.0,0.0,0.0,0.0,0.0,19.728,0.0,1
2024-07-29,US_WEST,"San Francisco, CA",17.971,13.7,25.7,0.0,0,0.0,0,0.0,0.0,20.2,42.1,0,0,0,7,Open-Meteo Historical Weather API,ERA5,2024,7,3,31,SUMMER,18.276,0.033,0.0,-0.305,-0.033,0.0,-0.033,0.0,0.0,0.0,0,0,0,0,0,0,19.371,18.771,1.68,1.119,0.0,0.0,-0.067,0.0,0.0,0.0,20.6,19.0,0.0,0.0,0.0,0.0,0.0,0.0,18.836,0.0,1
2024-08-05,US_WEST,"San Francisco, CA",17.543,13.0,27.7,0.0,0,0.0,0,0.0,0.0,16.9,37.8,0,0,0,7,Open-Meteo Historical Weather API,ERA5,2024,8,3,32,SUMMER,19.005,0.033,0.0,-1.462,-0.033,0.0,-0.033,0.0,0.0,0.0,0,0,0,0,0,0,17.971,19.371,-0.305,1.68,0.0,0.0,-0.033,-0.067,0.0,0.0,20.2,20.6,0.0,0.0,0.0,0.0,0.0,0.0,18.414,0.0,1
2024-08-12,US_WEST,"San Francisco, CA",18.771,13.5,25.8,0.3,0,0.0,0,0.3,3.0,20.9,45.0,0,0,0,7,Open-Meteo Historical Weather API,ERA5,2024,8,3,33,SUMMER,19.052,0.0,0.0,-0.281,0.3,0.0,0.3,0.084,0.0,6.27,0,0,0,0,0,0,17.543,17.971,-1.462,-0.305,0.0,0.0,-0.033,-0.033,0.0,0.0,16.9,20.2,0.0,0.0,0.0,0.0,0.3,0.0,18.414,0.0,1
2024-08-19,US_WEST,"San Francisco, CA",19.057,13.2,28.2,0.8,0,0.0,0,0.8,8.0,22.9,49.7,0,0,0,7,Open-Meteo Historical Weather API,ERA5,2024,8,3,34,SUMMER,19.376,0.467,0.0,-0.319,0.333,0.0,0.333,0.255,0.0,18.32,0,0,0,0,0,0,18.771,17.543,-0.281,-1.462,0.3,0.0,0.3,-0.033,0.0,0.0,20.9,16.9,0.0,0.0,0.084,0.0,1.1,0.0,18.336,0.0,1
2024-08-26,US_WEST,"San Francisco, CA",19.357,14.0,31.1,0.0,0,0.0,0,0.0,0.0,18.0,41.4,0,0,0,7,Open-Meteo Historical Weather API,ERA5,2024,8,3,35,SUMMER,18.733,0.333,0.0,0.624,-0.333,0.0,-0.333,0.0,0.0,0.0,0,0,0,0,0,0,19.057,18.771,-0.319,-0.281,0.8,0.3,0.333,0.3,0.0,0.0,22.9,20.9,0.0,0.0,0.255,0.084,1.1,0.0,18.682,0.0,1
2024-09-02,US_WEST,"San Francisco, CA",19.271,12.2,32.6,0.0,0,0.0,0,0.0,0.0,16.0,38.9,0,0,0,7,Open-Meteo Historical Weather API,ERA5,2024,9,3,36,FALL,20.219,0.167,0.0,-0.948,-0.167,0.0,-0.167,0.0,0.0,0.0,0,0,0,0,0,0,19.357,19.057,0.624,-0.319,0.0,0.8,-0.333,0.333,0.0,0.0,18.0,22.9,0.0,0.0,0.0,0.255,1.1,0.0,19.114,0.0,1
2024-09-09,US_WEST,"San Francisco, CA",17.529,12.5,26.9,0.0,0,0.0,0,0.0,0.0,26.3,56.2,0,0,0,7,Open-Meteo Historical Weather API,ERA5,2024,9,3,37,FALL,17.962,4.033,0.0,-0.433,-4.033,0.0,-1.0,0.0,0.0,0.0,0,0,0,0,0,0,19.271,19.357,-0.948,0.624,0.0,0.0,-0.167,-0.333,0.0,0.0,16.0,18.0,0.0,0.0,0.0,0.0,0.8,0.0,18.804,0.0,1
2024-09-16,US_WEST,"San Francisco, CA",16.986,13.1,24.5,0.8,0,0.0,0,0.8,7.0,20.2,41.0,0,0,0,7,Open-Meteo Historical Weather API,ERA5,2024,9,3,38,FALL,18.452,0.8,0.0,-1.466,0.0,0.0,0.0,1.173,0.0,16.16,0,0,0,0,0,0,17.529,19.271,-0.433,-0.948,0.0,0.0,-4.033,-0.167,0.0,0.0,26.3,16.0,0.0,0.0,0.0,0.0,0.8,0.0,18.286,0.0,1
2024-09-23,US_WEST,"San Francisco, CA",18.557,11.0,32.7,0.0,0,0.0,0,0.0,0.0,17.3,39.2,0,0,0,7,Open-Meteo Historical Weather API,ERA5,2024,9,3,39,FALL,18.314,0.267,0.0,0.243,-0.267,0.0,-0.267,0.0,0.0,0.0,0,0,0,0,0,0,16.986,17.529,-1.466,-0.433,0.8,0.0,0.0,-4.033,0.0,0.0,20.2,26.3,0.0,0.0,1.173,0.0,0.8,0.0,18.086,0.0,1
2024-09-30,US_WEST,"San Francisco, CA",23.943,12.7,37.6,0.0,0,0.0,0,0.0,0.0,13.1,32.4,0,0,0,7,Open-Meteo Historical Weather API,ERA5,2024,9,3,40,FALL,17.895,0.033,0.0,6.048,-0.033,0.0,-0.033,0.0,0.0,0.0,0,0,0,0,0,0,18.557,16.986,0.243,-1.466,0.0,0.8,-0.267,0.0,0.0,0.0,17.3,20.2,0.0,0.0,0.0,1.173,0.8,0.0,19.254,0.0,1
2024-10-07,US_WEST,"San Francisco, CA",19.229,12.4,34.8,0.0,0,0.0,0,0.0,0.0,15.3,32.0,0,0,0,7,Open-Meteo Historical Weather API,ERA5,2024,10,4,41,FALL,16.281,1.3,0.0,2.948,-1.3,0.0,-1.0,0.0,0.0,0.0,0,0,0,0,0,0,23.943,18.557,6.048,0.243,0.0,0.0,-0.033,-0.267,0.0,0.0,13.1,17.3,0.0,0.0,0.0,0.0,0.8,0.0,19.679,0.0,1
2024-10-14,US_WEST,"San Francisco, CA",18.129,10.9,27.1,0.1,0,0.0,0,0.1,1.0,20.0,44.6,0,0,0,7,Open-Meteo Historical Weather API,ERA5,2024,10,4,42,FALL,17.119,30.767,0.0,1.01,-30.667,0.0,-0.997,0.0,0.0,2.0,0,0,0,0,0,0,19.229,23.943,2.948,6.048,0.0,0.0,-1.3,-0.033,0.0,0.0,15.3,13.1,0.0,0.0,0.0,0.0,0.1,0.0,19.964,0.0,1
2024-10-21,US_WEST,"San Francisco, CA",16.343,8.5,25.1,0.0,0,0.0,0,0.0,0.0,16.4,37.1,0,0,0,7,Open-Meteo Historical Weather API,ERA5,2024,10,4,43,FALL,14.976,4.5,0.0,1.367,-4.5,0.0,-1.0,0.0,0.0,0.0,0,0,0,0,0,0,18.129,19.229,1.01,2.948,0.1,0.0,-30.667,-1.3,0.0,0.0,20.0,15.3,0.0,0.0,0.0,0.0,0.1,0.0,19.411,0.0,1
2024-10-28,US_WEST,"San Francisco, CA",14.271,8.0,22.2,7.4,2,0.0,0,7.4,18.0,22.0,46.1,0,0,0,7,Open-Meteo Historical Weather API,ERA5,2024,10,4,44,FALL,14.714,5.3,0.0,-0.443,2.1,0.0,0.396,3.281,0.0,162.8,0,0,0,0,0,0,16.343,18.129,1.367,1.01,0.0,0.1,-4.5,-30.667,0.0,0.0,16.4,20.0,0.0,0.0,0.0,0.0,7.5,0.0,16.993,0.0,1
2024-11-04,US_WEST,"San Francisco, CA",14.814,7.2,22.3,0.0,0,0.0,0,0.0,0.0,25.0,52.6,0,0,0,7,Open-Meteo Historical Weather API,ERA5,2024,11,4,45,FALL,13.133,15.0,0.0,1.681,-15.0,0.0,-1.0,0.0,0.0,0.0,0,0,0,0,0,0,14.271,16.343,-0.443,1.367,7.4,0.0,2.1,-4.5,0.0,0.0,22.0,16.4,0.0,0.0,3.281,0.0,7.5,0.0,15.889,0.0,1
2024-11-11,US_WEST,"San Francisco, CA",11.943,5.1,17.4,6.3,1,0.0,0,6.3,16.0,22.6,46.1,0,0,0,7,Open-Meteo Historical Weather API,ERA5,2024,11,4,46,FALL,13.095,8.667,0.0,-1.152,-2.367,0.0,-0.273,7.26,0.0,142.38,0,0,0,0,0,0,14.814,14.271,1.681,-0.443,0.0,7.4,-15.0,2.1,0.0,0.0,25.0,22.0,0.0,0.0,0.0,3.281,13.7,0.0,14.343,0.0,1
2024-11-18,US_WEST,"San Francisco, CA",13.143,4.5,17.6,70.6,4,0.0,0,70.6,56.0,28.1,62.3,0,0,0,7,Open-Meteo Historical Weather API,ERA5,2024,11,4,47,FALL,11.552,0.0,0.0,1.591,70.6,0.0,70.6,0.0,0.0,1983.86,1,0,0,0,0,0,11.943,14.814,-1.152,1.681,6.3,0.0,-2.367,-15.0,0.0,0.0,22.6,25.0,0.0,0.0,7.26,0.0,84.3,0.0,13.543,0.0,1
2024-11-25,US_WEST,"San Francisco, CA",10.829,3.1,17.1,4.2,1,0.0,0,4.2,18.0,13.0,30.6,0,0,0,7,Open-Meteo Historical Weather API,ERA5,2024,11,4,48,FALL,11.033,14.767,0.0,-0.204,-10.567,0.0,-0.716,0.858,0.0,54.6,0,0,0,0,0,0,13.143,11.943,1.591,-1.152,70.6,6.3,70.6,-2.367,0.0,0.0,28.1,22.6,0.0,0.0,0.0,7.26,81.1,0.0,12.682,0.0,1
2024-12-02,US_WEST,"San Francisco, CA",11.514,5.3,19.2,0.0,0,0.0,0,0.0,0.0,8.7,20.9,0,0,0,7,Open-Meteo Historical Weather API,ERA5,2024,12,4,49,WINTER,10.786,25.167,0.0,0.728,-25.167,0.0,-1.0,0.0,0.0,0.0,0,0,0,0,0,0,10.829,13.143,-0.204,1.591,4.2,70.6,-10.567,70.6,0.0,0.0,13.0,28.1,0.0,0.0,0.858,0.0,81.1,0.0,11.857,0.0,1
2024-12-09,US_WEST,"San Francisco, CA",10.714,3.7,18.0,61.3,2,0.0,0,61.3,43.0,37.2,80.6,0,0,0,7,Open-Meteo Historical Weather API,ERA5,2024,12,4,50,WINTER,8.7,21.233,0.0,2.014,40.067,0.0,1.887,0.0,0.0,2280.36,1,0,0,0,0,0,11.514,10.829,0.728,-0.204,0.0,4.2,-25.167,-10.567,0.0,0.0,8.7,13.0,0.0,0.0,0.0,0.858,136.1,0.0,11.55,0.0,1
2024-12-16,US_WEST,"San Francisco, CA",10.457,6.2,16.9,9.8,3,0.0,0,9.8,25.0,16.7,41.0,0,0,0,7,Open-Meteo Historical Weather API,ERA5,2024,12,4,51,WINTER,10.571,34.6,0.0,-0.114,-24.8,0.0,-0.717,1.12,0.0,163.66,0,0,0,0,0,0,10.714,11.514,2.014,0.728,61.3,0.0,40.067,-25.167,0.0,0.0,37.2,8.7,0.0,0.0,0.0,0.0,75.3,0.0,10.878,0.0,1
2024-12-23,US_WEST,"San Francisco, CA",13.771,5.7,17.4,27.7,4,0.0,0,27.7,44.0,26.0,52.9,0,0,0,7,Open-Meteo Historical Weather API,ERA5,2024,12,4,52,WINTER,10.881,60.233,0.0,2.89,-32.533,0.0,-0.54,0.0,0.0,720.2,0,0,0,0,0,0,10.457,10.714,-0.114,2.014,9.8,61.3,-24.8,40.067,0.0,0.0,16.7,37.2,0.0,0.0,1.12,0.0,98.8,0.0,11.614,0.0,1
2024-12-30,US_WEST,"San Francisco, CA",10.343,4.9,16.1,6.3,1,0.0,0,6.3,11.0,19.8,38.2,0,0,0,7,Open-Meteo Historical Weather API,ERA5,2024,12,4,1,WINTER,11.219,32.0,0.0,-0.876,-25.7,0.0,-0.803,5.521,0.0,124.74,0,0,0,0,0,0,13.771,10.457,2.89,-0.114,27.7,9.8,-32.533,-24.8,0.0,0.0,26.0,16.7,0.0,0.0,0.0,1.12,105.1,0.0,11.321,0.0,1
2025-01-06,US_WEST,"San Francisco, CA",12.943,6.0,21.0,0.0,0,0.0,0,0.0,0.0,19.4,43.2,0,0,0,7,Open-Meteo Historical Weather API,ERA5,2025,1,1,2,WINTER,11.219,42.733,0.0,1.724,-42.733,0.0,-1.0,0.0,0.0,0.0,0,0,0,0,0,0,10.343,13.771,-0.876,2.89,6.3,27.7,-25.7,-32.533,0.0,0.0,19.8,26.0,0.0,0.0,5.521,0.0,43.8,0.0,11.878,0.0,1
2025-01-13,US_WEST,"San Francisco, CA",8.929,2.5,16.9,0.0,0,0.0,0,0.0,0.0,18.7,38.5,0,0,0,7,Open-Meteo Historical Weather API,ERA5,2025,1,1,3,WINTER,10.829,17.1,0.0,-1.9,-17.1,0.0,-1.0,0.0,0.0,0.0,0,0,0,0,0,0,12.943,10.343,1.724,-0.876,0.0,6.3,-42.733,-25.7,0.0,0.0,19.4,19.8,0.0,0.0,0.0,5.521,34.0,0.0,11.497,0.0,1
2025-01-20,US_WEST,"San Francisco, CA",9.757,1.8,18.5,0.4,0,0.0,0,0.4,4.0,21.1,42.5,0,0,0,7,Open-Meteo Historical Weather API,ERA5,2025,1,1,4,WINTER,11.229,9.3,0.0,-1.472,-8.9,0.0,-0.957,0.589,0.0,8.44,0,0,0,0,0,0,8.929,12.943,-1.9,1.724,0.0,0.0,-17.1,-42.733,0.0,0.0,18.7,19.4,0.0,0.0,0.0,0.0,6.7,0.0,10.493,0.0,1
2025-01-27,US_WEST,"San Francisco, CA",10.786,2.0,16.3,14.2,2,0.0,0,14.2,44.0,21.1,47.2,0,0,0,7,Open-Meteo Historical Weather API,ERA5,2025,1,1,5,WINTER,10.943,35.467,0.0,-0.157,-21.267,0.0,-0.6,2.225,0.0,299.62,0,0,0,0,0,0,9.757,8.929,-1.472,-1.9,0.4,0.0,-8.9,-17.1,0.0,0.0,21.1,18.7,0.0,0.0,0.589,0.0,14.6,0.0,10.604,0.0,1
2025-02-03,US_WEST,"San Francisco, CA",10.886,4.1,16.6,47.4,3,0.0,0,47.4,53.0,35.0,95.8,0,0,0,7,Open-Meteo Historical Weather API,ERA5,2025,2,1,6,WINTER,11.462,6.933,0.0,-0.576,40.467,0.0,5.837,27.287,0.0,1659.0,0,0,0,0,0,0,10.786,9.757,-0.157,-1.472,14.2,0.4,-21.267,-8.9,0.0,0.0,21.1,21.1,0.0,0.0,2.225,0.589,62.0,0.0,10.09,0.0,1
2025-02-10,US_WEST,"San Francisco, CA",10.357,3.0,15.0,49.5,3,0.0,0,49.5,44.0,33.8,74.9,0,0,0,7,Open-Meteo Historical Weather API,ERA5,2025,2,1,7,WINTER,11.348,11.733,0.0,-0.991,37.767,0.0,3.219,49.038,0.0,1673.1,0,0,0,0,0,0,10.886,10.786,-0.576,-0.157,47.4,14.2,40.467,-21.267,0.0,0.0,35.0,21.1,0.0,0.0,27.287,2.225,111.5,0.0,10.446,0.0,1
2025-02-17,US_WEST,"San Francisco, CA",12.043,6.2,19.1,0.8,0,0.0,0,0.8,4.0,18.9,40.0,0,0,0,7,Open-Meteo Historical Weather API,ERA5,2025,2,1,8,WINTER,10.305,20.767,0.0,1.738,-19.967,0.0,-0.961,0.0,0.0,15.12,0,0,0,0,0,0,10.357,10.886,-0.991,-0.576,49.5,47.4,37.767,40.467,0.0,0.0,33.8,35.0,0.0,0.0,49.038,27.287,111.9,0.0,11.018,0.0,1
2025-02-24,US_WEST,"San Francisco, CA",13.471,6.8,22.2,1.4,1,0.0,0,1.4,10.0,30.5,64.1,0,0,0,7,Open-Meteo Historical Weather API,ERA5,2025,2,1,9,WINTER,10.752,27.3,0.0,2.719,-25.9,0.0,-0.949,0.0,0.0,42.7,0,0,0,0,0,0,12.043,10.357,1.738,-0.991,0.8,49.5,-19.967,37.767,0.0,0.0,18.9,33.8,0.0,0.0,0.0,49.038,99.1,0.0,11.689,0.0,1
2025-03-03,US_WEST,"San Francisco, CA",11.4,5.0,18.6,4.8,2,0.0,0,4.8,19.0,23.4,48.2,0,0,0,7,Open-Meteo Historical Weather API,ERA5,2025,3,1,10,SPRING,11.862,23.633,0.0,-0.462,-18.833,0.0,-0.797,2.218,0.0,112.32,0,0,0,0,0,0,13.471,12.043,2.719,1.738,1.4,0.8,-25.9,-19.967,0.0,0.0,30.5,18.9,0.0,0.0,0.0,0.0,56.5,0.0,11.818,0.0,1
2025-03-10,US_WEST,"San Francisco, CA",11.729,7.0,19.2,40.4,4,0.0,0,40.4,62.0,38.0,73.8,0,0,0,7,Open-Meteo Historical Weather API,ERA5,2025,3,1,11,SPRING,13.343,16.267,0.0,-1.614,24.133,0.0,1.484,65.206,0.0,1535.2,0,0,0,0,0,0,11.4,13.471,-0.462,2.719,4.8,1.4,-18.833,-25.9,0.0,0.0,23.4,30.5,0.0,0.0,2.218,0.0,47.4,0.0,12.161,0.0,1
2025-03-17,US_WEST,"San Francisco, CA",11.871,5.4,19.8,8.5,1,0.0,0,8.5,18.0,28.1,61.6,0,0,0,7,Open-Meteo Historical Weather API,ERA5,2025,3,1,12,SPRING,12.61,22.8,0.0,-0.739,-14.3,0.0,-0.627,6.279,0.0,238.85,0,0,0,0,0,0,11.729,11.4,-1.614,-0.462,40.4,4.8,24.133,-18.833,0.0,0.0,38.0,23.4,0.0,0.0,65.206,2.218,55.1,0.0,12.118,0.0,1
2025-03-24,US_WEST,"San Francisco, CA",15.114,7.2,27.6,8.5,2,0.0,0,8.5,30.0,33.9,62.6,0,0,0,7,Open-Meteo Historical Weather API,ERA5,2025,3,1,13,SPRING,12.024,23.367,0.0,3.09,-14.867,0.0,-0.636,0.0,0.0,288.15,0,0,0,0,0,0,11.871,11.729,-0.739,-1.614,8.5,40.4,-14.3,24.133,0.0,0.0,28.1,38.0,0.0,0.0,6.279,65.206,62.2,0.0,12.529,0.0,1
2025-03-31,US_WEST,"San Francisco, CA",12.757,6.4,21.3,12.0,2,0.0,0,12.0,42.0,29.2,62.3,0,0,0,7,Open-Meteo Historical Weather API,ERA5,2025,3,1,14,SPRING,13.352,5.6,0.0,-0.595,6.4,0.0,1.143,7.144,0.0,350.4,0,0,0,0,0,0,15.114,11.871,3.09,-0.739,8.5,8.5,-14.867,-14.3,0.0,0.0,33.9,28.1,0.0,0.0,0.0,6.279,69.4,0.0,12.868,0.0,1
2025-04-07,US_WEST,"San Francisco, CA",14.9,7.4,24.8,0.0,0,0.0,0,0.0,0.0,19.3,41.0,0,0,0,7,Open-Meteo Historical Weather API,ERA5,2025,4,2,15,SPRING,12.748,10.933,0.0,2.152,-10.933,0.0,-1.0,0.0,0.0,0.0,0,0,0,0,0,0,12.757,15.114,-0.595,3.09,12.0,8.5,6.4,-14.867,0.0,0.0,29.2,33.9,0.0,0.0,7.144,0.0,29.0,0.0,13.66,0.0,1
2025-04-14,US_WEST,"San Francisco, CA",13.886,9.2,23.5,0.2,0,0.0,0,0.2,2.0,19.6,43.9,0,0,0,7,Open-Meteo Historical Weather API,ERA5,2025,4,2,16,SPRING,14.438,5.833,0.0,-0.552,-5.633,0.0,-0.966,0.11,0.0,3.92,0,0,0,0,0,0,14.9,12.757,2.152,-0.595,0.0,12.0,-10.933,6.4,0.0,0.0,19.3,29.2,0.0,0.0,0.0,7.144,20.7,0.0,14.164,0.0,1
2025-04-21,US_WEST,"San Francisco, CA",12.986,7.6,23.6,0.5,0,0.0,0,0.5,5.0,18.7,42.8,0,0,0,7,Open-Meteo Historical Weather API,ERA5,2025,4,2,17,SPRING,14.848,0.267,0.0,-1.862,0.233,0.0,0.233,0.931,0.0,9.35,0,0,0,0,0,0,13.886,14.9,-0.552,2.152,0.2,0.0,-5.633,-10.933,0.0,0.0,19.6,19.3,0.0,0.0,0.11,0.0,12.7,0.0,13.632,0.0,1
2025-04-28,US_WEST,"San Francisco, CA",14.457,7.9,22.8,0.3,0,0.0,0,0.3,2.0,23.8,54.7,0,0,0,7,Open-Meteo Historical Weather API,ERA5,2025,4,2,18,SPRING,14.186,13.9,0.0,0.271,-13.6,0.0,-0.978,0.0,0.0,7.14,0,0,0,0,0,0,12.986,13.886,-1.862,-0.552,0.5,0.2,0.233,-5.633,0.0,0.0,18.7,19.6,0.0,0.0,0.931,0.11,1.0,0.0,14.057,0.0,1
2025-05-05,US_WEST,"San Francisco, CA",17.129,9.9,29.3,0.0,0,0.0,0,0.0,0.0,22.0,49.3,0,0,0,7,Open-Meteo Historical Weather API,ERA5,2025,5,2,19,SPRING,15.629,0.633,0.0,1.5,-0.633,0.0,-0.633,0.0,0.0,0.0,0,0,0,0,0,0,14.457,12.986,0.271,-1.862,0.3,0.5,-13.6,0.233,0.0,0.0,23.8,18.7,0.0,0.0,0.0,0.931,1.0,0.0,14.614,0.0,1
2025-05-12,US_WEST,"San Francisco, CA",15.757,10.3,23.5,1.6,1,0.0,0,1.6,7.0,30.2,62.3,0,0,0,7,Open-Meteo Historical Weather API,ERA5,2025,5,2,20,SPRING,15.886,0.0,0.0,-0.129,1.6,0.0,1.6,0.206,0.0,48.32,0,0,0,0,0,0,17.129,14.457,1.5,0.271,0.0,0.3,-0.633,-13.6,0.0,0.0,22.0,23.8,0.0,0.0,0.0,0.0,2.4,0.0,15.082,0.0,1
2025-05-19,US_WEST,"San Francisco, CA",15.657,10.2,25.6,0.0,0,0.0,0,0.0,0.0,25.6,53.6,0,0,0,7,Open-Meteo Historical Weather API,ERA5,2025,5,2,21,SPRING,15.981,0.1,0.0,-0.324,-0.1,0.0,-0.1,0.0,0.0,0.0,0,0,0,0,0,0,15.757,17.129,-0.129,1.5,1.6,0.0,1.6,-0.633,0.0,0.0,30.2,22.0,0.0,0.0,0.206,0.0,1.9,0.0,15.75,0.0,1
2025-05-26,US_WEST,"San Francisco, CA",16.843,11.7,27.3,0.0,0,0.0,0,0.0,0.0,22.4,48.6,0,0,0,7,Open-Meteo Historical Weather API,ERA5,2025,5,2,22,SPRING,16.733,0.533,0.0,0.11,-0.533,0.0,-0.533,0.0,0.0,0.0,0,0,0,0,0,0,15.657,15.757,-0.324,-0.129,0.0,1.6,-0.1,1.6,0.0,0.0,25.6,30.2,0.0,0.0,0.0,0.206,1.6,0.0,16.346,0.0,1
2025-06-02,US_WEST,"San Francisco, CA",16.157,11.7,22.6,0.0,0,0.0,0,0.0,0.0,19.1,46.1,0,0,0,7,Open-Meteo Historical Weather API,ERA5,2025,6,2,23,SUMMER,17.933,0.0,0.0,-1.776,0.0,0.0,0.0,0.0,0.0,0.0,0,0,0,0,0,0,16.843,15.657,0.11,-0.324,0.0,0.0,-0.533,-0.1,0.0,0.0,22.4,25.6,0.0,0.0,0.0,0.0,1.6,0.0,16.104,0.0,1
2025-06-09,US_WEST,"San Francisco, CA",14.771,11.2,21.7,0.0,0,0.0,0,0.0,0.0,21.0,46.8,0,0,0,7,Open-Meteo Historical Weather API,ERA5,2025,6,2,24,SUMMER,17.176,0.433,0.0,-2.405,-0.433,0.0,-0.433,0.0,0.0,0.0,0,0,0,0,0,0,16.157,16.843,-1.776,0.11,0.0,0.0,0.0,-0.533,0.0,0.0,19.1,22.4,0.0,0.0,0.0,0.0,0.0,0.0,15.857,0.0,1
2025-06-16,US_WEST,"San Francisco, CA",16.629,11.4,24.9,0.0,0,0.0,0,0.0,0.0,30.0,63.4,0,0,0,7,Open-Meteo Historical Weather API,ERA5,2025,6,2,25,SUMMER,17.657,0.0,0.0,-1.028,0.0,0.0,0.0,0.0,0.0,0.0,0,0,0,0,0,0,14.771,16.157,-2.405,-1.776,0.0,0.0,-0.433,0.0,0.0,0.0,21.0,19.1,0.0,0.0,0.0,0.0,0.0,0.0,16.1,0.0,1
2025-06-23,US_WEST,"San Francisco, CA",16.529,11.3,26.0,0.0,0,0.0,0,0.0,0.0,19.9,42.8,0,0,0,7,Open-Meteo Historical Weather API,ERA5,2025,6,2,26,SUMMER,17.309,0.0,0.0,-0.78,0.0,0.0,0.0,0.0,0.0,0.0,0,0,0,0,0,0,16.629,14.771,-1.028,-2.405,0.0,0.0,0.0,-0.433,0.0,0.0,30.0,21.0,0.0,0.0,0.0,0.0,0.0,0.0,16.022,0.0,1
2025-06-30,US_WEST,"San Francisco, CA",16.157,11.8,22.9,0.0,0,0.0,0,0.0,0.0,23.1,49.7,0,0,0,7,Open-Meteo Historical Weather API,ERA5,2025,6,2,27,SUMMER,18.414,0.05,0.0,-2.257,-0.05,0.0,-0.05,0.0,0.0,0.0,0,0,0,0,0,0,16.529,16.629,-0.78,-1.028,0.0,0.0,0.0,0.0,0.0,0.0,19.9,30.0,0.0,0.0,0.0,0.0,0.0,0.0,16.022,0.0,1
2025-07-07,US_WEST,"San Francisco, CA",17.286,12.2,25.2,0.0,0,0.0,0,0.0,0.0,17.9,45.7,0,0,0,7,Open-Meteo Historical Weather API,ERA5,2025,7,3,28,SUMMER,17.914,0.0,0.0,-0.628,0.0,0.0,0.0,0.0,0.0,0.0,0,0,0,0,0,0,16.157,16.529,-2.257,-0.78,0.0,0.0,-0.05,0.0,0.0,0.0,23.1,19.9,0.0,0.0,0.0,0.0,0.0,0.0,16.65,0.0,1
2025-07-14,US_WEST,"San Francisco, CA",15.943,11.6,23.7,0.0,0,0.0,0,0.0,0.0,20.0,48.2,0,0,0,7,Open-Meteo Historical Weather API,ERA5,2025,7,3,29,SUMMER,17.932,0.0,0.0,-1.989,0.0,0.0,0.0,0.0,0.0,0.0,0,0,0,0,0,0,17.286,16.157,-0.628,-2.257,0.0,0.0,0.0,-0.05,0.0,0.0,17.9,23.1,0.0,0.0,0.0,0.0,0.0,0.0,16.479,0.0,1
2025-07-21,US_WEST,"San Francisco, CA",16.429,13.5,21.3,0.0,0,0.0,0,0.0,0.0,21.2,47.2,0,0,0,7,Open-Meteo Historical Weather API,ERA5,2025,7,3,30,SUMMER,18.111,0.05,0.0,-1.682,-0.05,0.0,-0.05,0.0,0.0,0.0,0,0,0,0,0,0,15.943,17.286,-1.989,-0.628,0.0,0.0,0.0,0.0,0.0,0.0,20.0,17.9,0.0,0.0,0.0,0.0,0.0,0.0,16.454,0.0,1
2025-07-28,US_WEST,"San Francisco, CA",17.429,13.2,23.1,0.0,0,0.0,0,0.0,0.0,20.7,47.9,0,0,0,7,Open-Meteo Historical Weather API,ERA5,2025,7,3,31,SUMMER,18.2,0.025,0.0,-0.771,-0.025,0.0,-0.025,0.0,0.0,0.0,0,0,0,0,0,0,16.429,15.943,-1.682,-1.989,0.0,0.0,-0.05,0.0,0.0,0.0,21.2,20.0,0.0,0.0,0.0,0.0,0.0,0.0,16.772,0.0,1
2025-08-04,US_WEST,"San Francisco, CA",18.971,13.0,29.0,0.0,0,0.0,0,0.0,0.0,22.9,49.7,0,0,0,7,Open-Meteo Historical Weather API,ERA5,2025,8,3,32,SUMMER,18.639,0.025,0.0,0.332,-0.025,0.0,-0.025,0.0,0.0,0.0,0,0,0,0,0,0,17.429,16.429,-0.771,-1.682,0.0,0.0,-0.025,-0.05,0.0,0.0,20.7,21.2,0.0,0.0,0.0,0.0,0.0,0.0,17.193,0.0,1
2025-08-11,US_WEST,"San Francisco, CA",17.8,13.0,25.4,0.5,0,0.0,0,0.5,5.0,21.9,48.6,0,0,0,7,Open-Meteo Historical Weather API,ERA5,2025,8,3,33,SUMMER,18.982,0.075,0.0,-1.182,0.425,0.0,0.425,0.591,0.0,10.95,0,0,0,0,0,0,18.971,17.429,0.332,-0.771,0.0,0.0,-0.025,-0.025,0.0,0.0,22.9,20.7,0.0,0.0,0.0,0.0,0.5,0.0,17.657,0.0,1
2025-08-18,US_WEST,"San Francisco, CA",18.871,13.5,29.9,0.0,0,0.0,0,0.0,0.0,18.9,41.4,0,0,0,7,Open-Meteo Historical Weather API,ERA5,2025,8,3,34,SUMMER,19.296,0.55,0.0,-0.425,-0.55,0.0,-0.55,0.0,0.0,0.0,0,0,0,0,0,0,17.8,18.971,-1.182,0.332,0.5,0.0,0.425,-0.025,0.0,0.0,21.9,22.9,0.0,0.0,0.591,0.0,0.5,0.0,18.268,0.0,1
2025-08-25,US_WEST,"San Francisco, CA",19.386,13.5,30.7,0.0,0,0.0,0,0.0,0.0,16.7,41.0,0,0,0,7,Open-Meteo Historical Weather API,ERA5,2025,8,3,35,SUMMER,18.889,0.25,0.0,0.497,-0.25,0.0,-0.25,0.0,0.0,0.0,0,0,0,0,0,0,18.871,17.8,-0.425,-1.182,0.0,0.5,-0.55,0.425,0.0,0.0,18.9,21.9,0.0,0.0,0.0,0.591,0.5,0.0,18.757,0.0,1
2025-09-01,US_WEST,"San Francisco, CA",19.0,14.2,29.0,0.0,0,0.0,0,0.0,0.0,18.4,41.0,0,0,0,7,Open-Meteo Historical Weather API,ERA5,2025,9,3,36,FALL,19.982,0.125,0.0,-0.982,-0.125,0.0,-0.125,0.0,0.0,0.0,0,0,0,0,0,0,19.386,18.871,0.497,-0.425,0.0,0.0,-0.25,-0.55,0.0,0.0,16.7,18.9,0.0,0.0,0.0,0.0,0.5,0.0,18.764,0.0,1
2025-09-08,US_WEST,"San Francisco, CA",19.243,14.9,25.3,1.0,0,0.0,0,1.0,8.0,18.7,40.0,0,0,0,7,Open-Meteo Historical Weather API,ERA5,2025,9,3,37,FALL,17.854,3.025,0.0,1.389,-2.025,0.0,-0.669,0.0,0.0,18.7,0,0,0,0,0,0,19.0,19.386,-0.982,0.497,0.0,0.0,-0.125,-0.25,0.0,0.0,18.4,16.7,0.0,0.0,0.0,0.0,1.0,0.0,19.125,0.0,1
2025-09-15,US_WEST,"San Francisco, CA",19.786,14.1,30.6,0.2,0,0.0,0,0.2,2.0,19.2,40.0,0,0,0,7,Open-Meteo Historical Weather API,ERA5,2025,9,3,38,FALL,18.086,0.8,0.0,1.7,-0.6,0.0,-0.6,0.0,0.0,3.84,0,0,0,0,0,0,19.243,19.0,1.389,-0.982,1.0,0.0,-2.025,-0.125,0.0,0.0,18.7,18.4,0.0,0.0,0.0,0.0,1.2,0.0,19.354,0.0,1
2025-09-22,US_WEST,"San Francisco, CA",20.114,13.8,33.4,0.2,0,0.0,0,0.2,2.0,20.1,44.3,0,0,0,7,Open-Meteo Historical Weather API,ERA5,2025,9,3,39,FALL,18.375,0.2,0.0,1.739,0.0,0.0,0.0,0.0,0.0,4.02,0,0,0,0,0,0,19.786,19.243,1.7,1.389,0.2,1.0,-0.6,-2.025,0.0,0.0,19.2,18.7,0.0,0.0,0.0,0.0,1.4,0.0,19.536,0.0,1
2025-09-29,US_WEST,"San Francisco, CA",18.643,11.8,25.3,3.0,1,0.0,0,3.0,18.0,20.4,43.6,0,0,0,7,Open-Meteo Historical Weather API,ERA5,2025,9,3,40,FALL,19.407,0.025,0.0,-0.764,2.975,0.0,2.975,2.293,0.0,61.2,0,0,0,0,0,0,20.114,19.786,1.739,1.7,0.2,0.2,0.0,-0.6,0.0,0.0,20.1,19.2,0.0,0.0,0.0,0.0,4.4,0.0,19.446,0.0,1
2025-10-06,US_WEST,"San Francisco, CA",18.357,10.0,29.5,0.2,0,0.0,0,0.2,2.0,19.5,44.3,0,0,0,7,Open-Meteo Historical Weather API,ERA5,2025,10,4,41,FALL,17.018,0.975,0.0,1.339,-0.775,0.0,-0.775,0.0,0.0,3.9,0,0,0,0,0,0,18.643,20.114,-0.764,1.739,3.0,0.2,2.975,0.0,0.0,0.0,20.4,20.1,0.0,0.0,2.293,0.0,3.6,0.0,19.225,0.0,1
2025-10-13,US_WEST,"San Francisco, CA",15.257,9.9,25.3,24.9,2,0.0,0,24.9,31.0,22.0,49.0,0,0,0,7,Open-Meteo Historical Weather API,ERA5,2025,10,4,42,FALL,17.372,23.1,0.0,-2.115,1.8,0.0,0.078,52.651,0.0,547.8,0,0,0,0,0,0,18.357,18.643,1.339,-0.764,0.2,3.0,-0.775,2.975,0.0,0.0,19.5,20.4,0.0,0.0,0.0,2.293,28.3,0.0,18.093,0.0,1
2025-10-20,US_WEST,"San Francisco, CA",16.2,11.7,25.9,1.2,0,0.0,0,1.2,8.0,29.4,58.3,0,0,0,7,Open-Meteo Historical Weather API,ERA5,2025,10,4,43,FALL,15.318,3.375,0.0,0.882,-2.175,0.0,-0.644,0.0,0.0,35.28,0,0,0,0,0,0,15.257,18.357,-2.115,1.339,24.9,0.2,1.8,-0.775,0.0,0.0,22.0,19.5,0.0,0.0,52.651,0.0,29.3,0.0,17.114,0.0,1
2025-10-27,US_WEST,"San Francisco, CA",15.657,8.9,25.9,0.0,0,0.0,0,0.0,0.0,13.0,31.0,0,0,0,7,Open-Meteo Historical Weather API,ERA5,2025,10,4,44,FALL,14.604,5.825,0.0,1.053,-5.825,0.0,-1.0,0.0,0.0,0.0,0,0,0,0,0,0,16.2,15.257,0.882,-2.115,1.2,24.9,-2.175,1.8,0.0,0.0,29.4,22.0,0.0,0.0,0.0,52.651,26.3,0.0,16.368,0.0,1
2025-11-03,US_WEST,"San Francisco, CA",16.071,10.8,24.1,5.8,1,0.0,0,5.8,12.0,27.5,67.7,0,0,0,7,Open-Meteo Historical Weather API,ERA5,2025,11,4,45,FALL,13.554,11.25,0.0,2.518,-5.45,0.0,-0.484,0.0,0.0,159.5,0,0,0,0,0,0,15.657,16.2,1.053,0.882,0.0,1.2,-5.825,-2.175,0.0,0.0,13.0,29.4,0.0,0.0,0.0,0.0,31.9,0.0,15.796,0.0,1
2025-11-10,US_WEST,"San Francisco, CA",15.857,10.6,24.7,39.8,5,0.0,0,39.8,61.0,24.6,72.0,0,0,0,7,Open-Meteo Historical Weather API,ERA5,2025,11,4,46,FALL,12.807,8.075,0.0,3.05,31.725,0.0,3.929,0.0,0.0,979.08,0,0,0,0,0,0,16.071,15.657,2.518,1.053,5.8,0.0,-5.45,-5.825,0.0,0.0,27.5,13.0,0.0,0.0,0.0,0.0,46.8,0.0,15.946,0.0,1
2025-11-17,US_WEST,"San Francisco, CA",12.271,7.0,17.7,26.2,3,0.0,0,26.2,37.0,25.5,62.3,0,0,0,7,Open-Meteo Historical Weather API,ERA5,2025,11,4,47,FALL,11.95,17.65,0.0,0.321,8.55,0.0,0.484,0.0,0.0,668.1,0,0,0,0,0,0,15.857,16.071,3.05,2.518,39.8,5.8,31.725,-5.45,0.0,0.0,24.6,27.5,0.0,0.0,0.0,0.0,71.8,0.0,14.964,0.0,1
2025-11-24,US_WEST,"San Francisco, CA",9.786,6.5,15.0,0.0,0,0.0,0,0.0,0.0,13.8,30.2,0,0,0,7,Open-Meteo Historical Weather API,ERA5,2025,11,4,48,FALL,10.982,12.125,0.0,-1.196,-12.125,0.0,-1.0,0.0,0.0,0.0,0,0,0,0,0,0,12.271,15.857,0.321,3.05,26.2,39.8,8.55,31.725,0.0,0.0,25.5,24.6,0.0,0.0,0.0,0.0,71.8,0.0,13.496,0.0,1
2025-12-01,US_WEST,"San Francisco, CA",8.929,4.5,17.4,0.0,0,0.0,0,0.0,0.0,13.9,28.8,0,0,0,7,Open-Meteo Historical Weather API,ERA5,2025,12,4,49,WINTER,10.968,18.875,0.0,-2.039,-18.875,0.0,-1.0,0.0,0.0,0.0,0,0,0,0,0,0,9.786,12.271,-1.196,0.321,0.0,26.2,-12.125,8.55,0.0,0.0,13.8,25.5,0.0,0.0,0.0,0.0,66.0,0.0,11.711,0.0,1
2025-12-08,US_WEST,"San Francisco, CA",7.214,3.1,13.8,0.0,0,0.0,0,0.0,0.0,14.8,30.2,0,0,0,7,Open-Meteo Historical Weather API,ERA5,2025,12,4,50,WINTER,9.204,31.25,0.0,-1.989,-31.25,0.0,-1.0,0.0,0.0,0.0,0,0,0,0,0,0,8.929,9.786,-2.039,-1.196,0.0,0.0,-18.875,-12.125,0.0,0.0,13.9,13.8,0.0,0.0,0.0,0.0,26.2,0.0,9.55,0.0,1
2025-12-15,US_WEST,"San Francisco, CA",12.571,4.4,17.3,9.4,3,0.0,0,9.4,36.0,22.6,48.2,0,0,0,7,Open-Meteo Historical Weather API,ERA5,2025,12,4,51,WINTER,10.543,28.4,0.0,2.028,-19.0,0.0,-0.669,0.0,0.0,212.44,0,0,0,0,0,0,7.214,8.929,-1.989,-2.039,0.0,0.0,-31.25,-18.875,0.0,0.0,14.8,13.9,0.0,0.0,0.0,0.0,9.4,0.0,9.625,0.0,1
2025-12-22,US_WEST,"San Francisco, CA",13.271,4.2,17.5,43.9,5,0.0,0,43.9,76.0,38.4,97.2,0,0,0,7,Open-Meteo Historical Weather API,ERA5,2025,12,4,52,WINTER,11.604,52.1,0.0,1.668,-8.2,0.0,-0.157,0.0,0.0,1685.76,0,0,0,0,0,0,12.571,7.214,2.028,-1.989,9.4,0.0,-19.0,-31.25,0.0,0.0,22.6,14.8,0.0,0.0,0.0,0.0,53.3,0.0,10.496,0.0,1
2025-12-29,US_WEST,"San Francisco, CA",11.486,4.4,17.4,48.9,5,0.0,0,48.9,83.0,26.1,59.8,0,0,0,7,Open-Meteo Historical Weather API,ERA5,2025,12,4,1,WINTER,11.0,25.575,0.0,0.486,23.325,0.0,0.912,0.0,0.0,1276.29,0,0,0,0,0,0,13.271,12.571,1.668,2.028,43.9,9.4,-8.2,-19.0,0.0,0.0,38.4,22.6,0.0,0.0,0.0,0.0,102.2,0.0,11.136,0.0,1
2026-01-05,US_WEST,"San Francisco, CA",10.257,2.0,16.0,28.0,2,0.0,0,28.0,29.0,23.1,47.9,0,0,0,7,Open-Meteo Historical Weather API,ERA5,2026,1,1,2,WINTER,11.65,32.05,0.0,-1.393,-4.05,0.0,-0.126,39.004,0.0,646.8,0,0,0,0,0,0,11.486,13.271,0.486,1.668,48.9,43.9,23.325,-8.2,0.0,0.0,26.1,38.4,0.0,0.0,0.0,0.0,130.2,0.0,11.896,0.0,1
2026-01-12,US_WEST,"San Francisco, CA",9.214,2.5,18.2,0.0,0,0.0,0,0.0,0.0,15.2,30.6,0,0,0,7,Open-Meteo Historical Weather API,ERA5,2026,1,1,3,WINTER,10.354,12.825,0.0,-1.14,-12.825,0.0,-1.0,0.0,0.0,0.0,0,0,0,0,0,0,10.257,11.486,-1.393,0.486,28.0,48.9,-4.05,23.325,0.0,0.0,23.1,26.1,0.0,0.0,39.004,0.0,120.8,0.0,11.057,0.0,1
2026-01-19,US_WEST,"San Francisco, CA",9.9,4.8,18.3,0.0,0,0.0,0,0.0,0.0,14.9,31.0,0,0,0,7,Open-Meteo Historical Weather API,ERA5,2026,1,1,4,WINTER,10.861,7.075,0.0,-0.961,-7.075,0.0,-1.0,0.0,0.0,0.0,0,0,0,0,0,0,9.214,10.257,-1.14,-1.393,0.0,28.0,-12.825,-4.05,0.0,0.0,15.2,23.1,0.0,0.0,0.0,39.004,76.9,0.0,10.214,0.0,1
2026-01-26,US_WEST,"San Francisco, CA",10.914,4.0,18.1,1.7,1,0.0,0,1.7,6.0,11.9,29.5,0,0,0,7,Open-Meteo Historical Weather API,ERA5,2026,1,1,5,WINTER,10.904,30.15,0.0,0.011,-28.45,0.0,-0.944,0.0,0.0,20.23,0,0,0,0,0,0,9.9,9.214,-0.961,-1.14,0.0,0.0,-7.075,-12.825,0.0,0.0,14.9,15.2,0.0,0.0,0.0,0.0,29.7,0.0,10.071,0.0,1
2026-02-02,US_WEST,"San Francisco, CA",12.257,5.7,20.4,0.0,0,0.0,0,0.0,0.0,17.1,31.7,0,0,0,7,Open-Meteo Historical Weather API,ERA5,2026,2,1,6,WINTER,11.318,17.05,0.0,0.939,-17.05,0.0,-1.0,0.0,0.0,0.0,0,0,0,0,0,0,10.914,9.9,0.011,-0.961,1.7,0.0,-28.45,-7.075,0.0,0.0,11.9,14.9,0.0,0.0,0.0,0.0,1.7,0.0,10.571,0.0,1
2026-02-09,US_WEST,"San Francisco, CA",12.443,7.7,18.0,34.8,4,0.0,0,34.8,62.0,23.7,55.8,0,0,0,7,Open-Meteo Historical Weather API,ERA5,2026,2,1,7,WINTER,11.1,21.175,0.0,1.343,13.625,0.0,0.643,0.0,0.0,824.76,0,0,0,0,0,0,12.257,10.914,0.939,0.011,0.0,1.7,-17.05,-28.45,0.0,0.0,17.1,11.9,0.0,0.0,0.0,0.0,36.5,0.0,11.378,0.0,1
2026-02-16,US_WEST,"San Francisco, CA",9.786,2.9,19.2,70.8,4,0.0,0,70.8,65.0,34.5,70.2,0,0,0,7,Open-Meteo Historical Weather API,ERA5,2026,2,1,8,WINTER,10.739,15.775,0.0,-0.953,55.025,0.0,3.488,67.49,0.0,2442.6,1,0,0,0,0,0,12.443,12.257,1.343,0.939,34.8,0.0,13.625,-17.05,0.0,0.0,23.7,17.1,0.0,0.0,0.0,0.0,107.3,0.0,11.35,0.0,1
2026-02-23,US_WEST,"San Francisco, CA",16.157,9.6,23.7,2.5,1,0.0,0,2.5,7.0,18.7,41.0,0,0,0,7,Open-Meteo Historical Weather API,ERA5,2026,2,1,9,WINTER,11.432,20.825,0.0,4.725,-18.325,0.0,-0.88,0.0,0.0,46.75,0,0,0,0,0,0,9.786,12.443,-0.953,1.343,70.8,34.8,55.025,13.625,0.0,0.0,34.5,23.7,0.0,0.0,67.49,0.0,108.1,0.0,12.661,0.0,1
2026-03-02,US_WEST,"San Francisco, CA",14.971,7.6,24.3,0.7,0,0.0,0,0.7,6.0,21.8,53.6,0,0,0,7,Open-Meteo Historical Weather API,ERA5,2026,3,1,10,SPRING,11.747,18.925,0.0,3.224,-18.225,0.0,-0.963,0.0,0.0,15.26,0,0,0,0,0,0,16.157,9.786,4.725,-0.953,2.5,70.8,-18.325,55.025,0.0,0.0,18.7,34.5,0.0,0.0,0.0,67.49,108.8,0.0,13.339,0.0,1
2026-03-09,US_WEST,"San Francisco, CA",14.629,7.6,25.7,0.0,0,0.0,0,0.0,0.0,15.9,32.4,0,0,0,7,Open-Meteo Historical Weather API,ERA5,2026,3,1,11,SPRING,12.939,22.3,0.0,1.69,-22.3,0.0,-1.0,0.0,0.0,0.0,0,0,0,0,0,0,14.971,16.157,3.224,4.725,0.7,2.5,-18.225,-18.325,0.0,0.0,21.8,18.7,0.0,0.0,0.0,0.0,74.0,0.0,13.886,0.0,1
2026-03-16,US_WEST,"San Francisco, CA",19.386,9.9,31.1,0.0,0,0.0,0,0.0,0.0,16.5,38.5,0,0,0,7,Open-Meteo Historical Weather API,ERA5,2026,3,1,12,SPRING,12.425,19.225,0.0,6.961,-19.225,0.0,-1.0,0.0,0.0,0.0,0,0,0,0,0,0,14.629,14.971,1.69,3.224,0.0,0.7,-22.3,-18.225,0.0,0.0,15.9,21.8,0.0,0.0,0.0,0.0,3.2,0.0,16.286,0.0,1
2026-03-23,US_WEST,"San Francisco, CA",17.229,9.0,28.9,0.0,0,0.0,0,0.0,0.0,22.2,47.2,0,0,0,7,Open-Meteo Historical Weather API,ERA5,2026,3,1,13,SPRING,12.796,19.65,0.0,4.432,-19.65,0.0,-1.0,0.0,0.0,0.0,0,0,0,0,0,0,19.386,14.629,6.961,1.69,0.0,0.0,-19.225,-22.3,0.0,0.0,16.5,15.9,0.0,0.0,0.0,0.0,0.7,0.0,16.554,0.0,1
2026-03-30,US_WEST,"San Francisco, CA",16.571,7.8,27.8,4.6,2,0.0,0,4.6,19.0,24.6,54.7,0,0,0,7,Open-Meteo Historical Weather API,ERA5,2026,3,1,14,SPRING,13.204,7.2,0.0,3.368,-2.6,0.0,-0.361,0.0,0.0,113.16,0,0,0,0,0,0,17.229,19.386,4.432,6.961,0.0,0.0,-19.65,-19.225,0.0,0.0,22.2,16.5,0.0,0.0,0.0,0.0,4.6,0.0,16.954,0.0,1
2026-04-06,US_WEST,"San Francisco, CA",14.886,10.8,22.5,42.1,3,0.0,0,42.1,64.0,28.9,64.8,0,0,0,7,Open-Meteo Historical Weather API,ERA5,2026,4,2,15,SPRING,13.286,8.2,0.0,1.6,33.9,0.0,4.134,0.0,0.0,1216.69,0,0,0,0,0,0,16.571,17.229,3.368,4.432,4.6,0.0,-2.6,-19.65,0.0,0.0,24.6,22.2,0.0,0.0,0.0,0.0,46.7,0.0,17.018,0.0,1
2026-04-13,US_WEST,"San Francisco, CA",14.714,7.6,23.9,0.3,0,0.0,0,0.3,3.0,20.4,47.9,0,0,0,7,Open-Meteo Historical Weather API,ERA5,2026,4,2,16,SPRING,14.3,4.425,0.0,0.414,-4.125,0.0,-0.932,0.0,0.0,6.12,0,0,0,0,0,0,14.886,16.571,1.6,3.368,42.1,4.6,33.9,-2.6,0.0,0.0,28.9,24.6,0.0,0.0,0.0,0.0,47.0,0.0,15.85,0.0,1
2026-04-20,US_WEST,"San Francisco, CA",14.229,9.4,20.4,36.6,3,0.0,0,36.6,58.0,20.9,43.9,0,0,0,7,Open-Meteo Historical Weather API,ERA5,2026,4,2,17,SPRING,14.382,0.325,0.0,-0.153,36.275,0.0,36.275,5.609,0.0,764.94,0,0,0,0,0,0,14.714,14.886,0.414,1.6,0.3,42.1,-4.125,33.9,0.0,0.0,20.4,28.9,0.0,0.0,0.0,0.0,83.6,0.0,15.1,0.0,1
2026-04-27,US_WEST,"San Francisco, CA",14.771,9.5,21.0,0.0,0,0.0,0,0.0,0.0,18.9,41.4,0,0,0,7,Open-Meteo Historical Weather API,ERA5,2026,4,2,18,SPRING,14.254,10.5,0.0,0.517,-10.5,0.0,-1.0,0.0,0.0,0.0,0,0,0,0,0,0,14.229,14.714,-0.153,0.414,36.6,0.3,36.275,-4.125,0.0,0.0,20.9,20.4,0.0,0.0,5.609,0.0,79.0,0.0,14.65,0.0,1
2026-05-04,US_WEST,"San Francisco, CA",15.057,11.1,20.7,4.8,1,0.0,0,4.8,7.0,18.2,41.8,0,0,0,7,Open-Meteo Historical Weather API,ERA5,2026,5,2,19,SPRING,16.004,0.475,0.0,-0.947,4.325,0.0,4.325,4.544,0.0,87.36,0,0,0,0,0,0,14.771,14.229,0.517,-0.153,0.0,36.6,-10.5,36.275,0.0,0.0,18.9,20.9,0.0,0.0,0.0,5.609,41.7,0.0,14.693,0.0,1
2026-05-11,US_WEST,"San Francisco, CA",16.5,10.6,25.1,0.0,0,0.0,0,0.0,0.0,26.4,58.0,0,0,0,7,Open-Meteo Historical Weather API,ERA5,2026,5,2,20,SPRING,15.854,0.4,0.0,0.646,-0.4,0.0,-0.4,0.0,0.0,0.0,0,0,0,0,0,0,15.057,14.771,-0.947,0.517,4.8,0.0,4.325,-10.5,0.0,0.0,18.2,18.9,0.0,0.0,4.544,0.0,41.4,0.0,15.139,0.0,1
2026-05-18,US_WEST,"San Francisco, CA",17.7,10.8,28.8,0.0,0,0.0,0,0.0,0.0,27.1,56.9,0,0,0,7,Open-Meteo Historical Weather API,ERA5,2026,5,2,21,SPRING,15.9,0.075,0.0,1.8,-0.075,0.0,-0.075,0.0,0.0,0.0,0,0,0,0,0,0,16.5,15.057,0.646,-0.947,0.0,4.8,-0.4,4.325,0.0,0.0,26.4,18.2,0.0,0.0,0.0,4.544,4.8,0.0,16.007,0.0,1
2026-05-25,US_WEST,"San Francisco, CA",15.629,11.1,24.2,3.6,1,0.0,0,3.6,17.0,27.7,59.4,0,0,0,7,Open-Meteo Historical Weather API,ERA5,2026,5,2,22,SPRING,16.761,0.4,0.0,-1.132,3.2,0.0,3.2,4.074,0.0,99.72,0,0,0,0,0,0,17.7,16.5,1.8,0.646,0.0,0.0,-0.075,-0.4,0.0,0.0,27.1,26.4,0.0,0.0,0.0,0.0,8.4,0.0,16.221,0.0,1
2026-06-01,US_WEST,"San Francisco, CA",17.086,11.0,25.3,0.0,0,0.0,0,0.0,0.0,23.1,53.3,0,0,0,7,Open-Meteo Historical Weather API,ERA5,2026,6,2,23,SUMMER,17.489,0.0,0.0,-0.403,0.0,0.0,0.0,0.0,0.0,0.0,0,0,0,0,0,0,15.629,17.7,-1.132,1.8,3.6,0.0,3.2,-0.075,0.0,0.0,27.7,27.1,0.0,0.0,4.074,0.0,3.6,0.0,16.729,0.0,1
2026-06-08,US_WEST,"San Francisco, CA",19.214,11.4,33.1,0.0,0,0.0,0,0.0,0.0,27.2,55.1,0,0,0,7,Open-Meteo Historical Weather API,ERA5,2026,6,2,24,SUMMER,16.575,0.325,0.0,2.639,-0.325,0.0,-0.325,0.0,0.0,0.0,0,0,0,0,0,0,17.086,15.629,-0.403,-1.132,0.0,3.6,0.0,3.2,0.0,0.0,23.1,27.7,0.0,0.0,0.0,4.074,3.6,0.0,17.407,0.0,1
2026-06-15,US_WEST,"San Francisco, CA",17.329,12.4,22.4,0.0,0,0.0,0,0.0,0.0,20.2,49.7,0,0,0,7,Open-Meteo Historical Weather API,ERA5,2026,6,2,25,SUMMER,17.4,0.0,0.0,-0.071,0.0,0.0,0.0,0.0,0.0,0.0,0,0,0,0,0,0,19.214,17.086,2.639,-0.403,0.0,0.0,-0.325,0.0,0.0,0.0,27.2,23.1,0.0,0.0,0.0,0.0,3.6,0.0,17.314,0.0,1
2026-06-22,US_WEST,"San Francisco, CA",16.757,12.2,25.4,0.0,0,0.0,0,0.0,0.0,25.7,53.3,0,0,0,7,Open-Meteo Historical Weather API,ERA5,2026,6,2,26,SUMMER,17.114,0.0,0.0,-0.357,0.0,0.0,0.0,0.0,0.0,0.0,0,0,0,0,0,0,17.329,19.214,-0.071,2.639,0.0,0.0,0.0,-0.325,0.0,0.0,20.2,27.2,0.0,0.0,0.0,0.0,0.0,0.0,17.596,0.0,1
