week_start,region_id,proxy_city,avg_temp_c,rain_mm,snow_cm,max_wind_kmh,wet_cold_days,temp_reference_c,rain_reference_mm,snow_reference_cm,temp_anomaly_c,rain_anomaly_mm,snow_anomaly_cm,heavy_rain_week_flag,heavy_snow_week_flag,cold_week_flag,very_cold_week_flag,wet_cold_week_flag,high_wind_week_flag,cold_severity_dimension,rain_severity_dimension,snow_severity_dimension,wet_cold_severity_dimension,wind_severity_dimension,adverse_dimension_count,extreme_weather_event_flag,mild_weather_candidate_flag,weather_reference_available,scenario_eligible_flag,weather_scenario,scenario_reason,scenario_method,scenario_provenance,scenario_threshold_provenance
2021-07-05,CA_ON,"Toronto, ON",20.414,25.7,0.0,20.7,0,,,,,,,0,0,0,0,0,0,0,0,0,0,0,0,0,0,0,0,REFERENCE_UNAVAILABLE,No prior-year seasonal weather reference available,RULE_BASED_UNWEIGHTED_WEATHER_DIMENSIONS,DERIVED_FROM_PUBLIC_WEATHER,PROJECT_ASSUMPTION
2021-07-12,CA_ON,"Toronto, ON",22.3,23.5,0.0,26.8,0,,,,,,,0,0,0,0,0,0,0,0,0,0,0,0,0,0,0,0,REFERENCE_UNAVAILABLE,No prior-year seasonal weather reference available,RULE_BASED_UNWEIGHTED_WEATHER_DIMENSIONS,DERIVED_FROM_PUBLIC_WEATHER,PROJECT_ASSUMPTION
2021-07-19,CA_ON,"Toronto, ON",21.771,23.0,0.0,30.3,0,,,,,,,0,0,0,0,0,0,0,0,0,0,0,0,0,0,0,0,REFERENCE_UNAVAILABLE,No prior-year seasonal weather reference available,RULE_BASED_UNWEIGHTED_WEATHER_DIMENSIONS,DERIVED_FROM_PUBLIC_WEATHER,PROJECT_ASSUMPTION
2021-07-26,CA_ON,"Toronto, ON",19.757,34.5,0.0,20.4,0,,,,,,,0,0,0,0,0,0,0,0,0,0,0,0,0,0,0,0,REFERENCE_UNAVAILABLE,No prior-year seasonal weather reference available,RULE_BASED_UNWEIGHTED_WEATHER_DIMENSIONS,DERIVED_FROM_PUBLIC_WEATHER,PROJECT_ASSUMPTION
2021-08-02,CA_ON,"Toronto, ON",21.686,8.1,0.0,18.4,0,,,,,,,0,0,0,0,0,0,0,0,0,0,0,0,0,0,0,0,REFERENCE_UNAVAILABLE,No prior-year seasonal weather reference available,RULE_BASED_UNWEIGHTED_WEATHER_DIMENSIONS,DERIVED_FROM_PUBLIC_WEATHER,PROJECT_ASSUMPTION
2021-08-09,CA_ON,"Toronto, ON",23.814,9.5,0.0,26.8,0,,,,,,,0,0,0,0,0,0,0,0,0,0,0,0,0,0,0,0,REFERENCE_UNAVAILABLE,No prior-year seasonal weather reference available,RULE_BASED_UNWEIGHTED_WEATHER_DIMENSIONS,DERIVED_FROM_PUBLIC_WEATHER,PROJECT_ASSUMPTION
2021-08-16,CA_ON,"Toronto, ON",23.586,5.4,0.0,16.8,0,,,,,,,0,0,0,0,0,0,0,0,0,0,0,0,0,0,0,0,REFERENCE_UNAVAILABLE,No prior-year seasonal weather reference available,RULE_BASED_UNWEIGHTED_WEATHER_DIMENSIONS,DERIVED_FROM_PUBLIC_WEATHER,PROJECT_ASSUMPTION
2021-08-23,CA_ON,"Toronto, ON",25.0,5.0,0.0,22.5,0,,,,,,,0,0,0,0,0,0,0,0,0,0,0,0,0,0,0,0,REFERENCE_UNAVAILABLE,No prior-year seasonal weather reference available,RULE_BASED_UNWEIGHTED_WEATHER_DIMENSIONS,DERIVED_FROM_PUBLIC_WEATHER,PROJECT_ASSUMPTION
2021-08-30,CA_ON,"Toronto, ON",20.1,4.1,0.0,21.7,0,,,,,,,0,0,0,0,0,0,0,0,0,0,0,0,0,0,0,0,REFERENCE_UNAVAILABLE,No prior-year seasonal weather reference available,RULE_BASED_UNWEIGHTED_WEATHER_DIMENSIONS,DERIVED_FROM_PUBLIC_WEATHER,PROJECT_ASSUMPTION
2021-09-06,CA_ON,"Toronto, ON",19.143,10.0,0.0,30.3,0,,,,,,,0,0,0,0,0,0,0,0,0,0,0,0,0,0,0,0,REFERENCE_UNAVAILABLE,No prior-year seasonal weather reference available,RULE_BASED_UNWEIGHTED_WEATHER_DIMENSIONS,DERIVED_FROM_PUBLIC_WEATHER,PROJECT_ASSUMPTION
2021-09-13,CA_ON,"Toronto, ON",18.557,5.4,0.0,23.1,0,,,,,,,0,0,0,0,0,0,0,0,0,0,0,0,0,0,0,0,REFERENCE_UNAVAILABLE,No prior-year seasonal weather reference available,RULE_BASED_UNWEIGHTED_WEATHER_DIMENSIONS,DERIVED_FROM_PUBLIC_WEATHER,PROJECT_ASSUMPTION
2021-09-20,CA_ON,"Toronto, ON",16.357,58.6,0.0,28.2,0,,,,,,,1,0,0,0,0,0,0,1,0,0,0,1,0,0,0,0,REFERENCE_UNAVAILABLE,No prior-year seasonal weather reference available,RULE_BASED_UNWEIGHTED_WEATHER_DIMENSIONS,DERIVED_FROM_PUBLIC_WEATHER,PROJECT_ASSUMPTION
2021-09-27,CA_ON,"Toronto, ON",15.657,17.8,0.0,19.7,0,,,,,,,0,0,0,0,0,0,0,0,0,0,0,0,0,0,0,0,REFERENCE_UNAVAILABLE,No prior-year seasonal weather reference available,RULE_BASED_UNWEIGHTED_WEATHER_DIMENSIONS,DERIVED_FROM_PUBLIC_WEATHER,PROJECT_ASSUMPTION
2021-10-04,CA_ON,"Toronto, ON",17.086,16.9,0.0,18.9,0,,,,,,,0,0,0,0,0,0,0,0,0,0,0,0,0,0,0,0,REFERENCE_UNAVAILABLE,No prior-year seasonal weather reference available,RULE_BASED_UNWEIGHTED_WEATHER_DIMENSIONS,DERIVED_FROM_PUBLIC_WEATHER,PROJECT_ASSUMPTION
2021-10-11,CA_ON,"Toronto, ON",16.857,15.1,0.0,26.6,0,,,,,,,0,0,0,0,0,0,0,0,0,0,0,0,0,0,0,0,REFERENCE_UNAVAILABLE,No prior-year seasonal weather reference available,RULE_BASED_UNWEIGHTED_WEATHER_DIMENSIONS,DERIVED_FROM_PUBLIC_WEATHER,PROJECT_ASSUMPTION
2021-10-18,CA_ON,"Toronto, ON",10.586,5.4,0.0,26.6,0,,,,,,,0,0,0,0,0,0,0,0,0,0,0,0,0,0,0,0,REFERENCE_UNAVAILABLE,No prior-year seasonal weather reference available,RULE_BASED_UNWEIGHTED_WEATHER_DIMENSIONS,DERIVED_FROM_PUBLIC_WEATHER,PROJECT_ASSUMPTION
2021-10-25,CA_ON,"Toronto, ON",9.3,41.7,0.0,30.5,0,,,,,,,0,0,0,0,0,0,0,0,0,0,0,0,0,0,0,0,REFERENCE_UNAVAILABLE,No prior-year seasonal weather reference available,RULE_BASED_UNWEIGHTED_WEATHER_DIMENSIONS,DERIVED_FROM_PUBLIC_WEATHER,PROJECT_ASSUMPTION
2021-11-01,CA_ON,"Toronto, ON",4.757,0.4,0.0,27.4,0,,,,,,,0,0,0,0,0,0,0,0,0,0,0,0,0,0,0,0,REFERENCE_UNAVAILABLE,No prior-year seasonal weather reference available,RULE_BASED_UNWEIGHTED_WEATHER_DIMENSIONS,DERIVED_FROM_PUBLIC_WEATHER,PROJECT_ASSUMPTION
2021-11-08,CA_ON,"Toronto, ON",7.771,16.8,0.28,25.2,1,,,,,,,0,0,0,0,0,0,0,0,0,0,0,0,0,0,0,0,REFERENCE_UNAVAILABLE,No prior-year seasonal weather reference available,RULE_BASED_UNWEIGHTED_WEATHER_DIMENSIONS,DERIVED_FROM_PUBLIC_WEATHER,PROJECT_ASSUMPTION
2021-11-15,CA_ON,"Toronto, ON",4.8,10.4,0.0,28.1,0,,,,,,,0,0,0,0,0,0,0,0,0,0,0,0,0,0,0,0,REFERENCE_UNAVAILABLE,No prior-year seasonal weather reference available,RULE_BASED_UNWEIGHTED_WEATHER_DIMENSIONS,DERIVED_FROM_PUBLIC_WEATHER,PROJECT_ASSUMPTION
2021-11-22,CA_ON,"Toronto, ON",1.029,7.9,3.64,32.6,0,,,,,,,0,0,0,0,0,0,0,0,0,0,0,0,0,0,0,0,REFERENCE_UNAVAILABLE,No prior-year seasonal weather reference available,RULE_BASED_UNWEIGHTED_WEATHER_DIMENSIONS,DERIVED_FROM_PUBLIC_WEATHER,PROJECT_ASSUMPTION
2021-11-29,CA_ON,"Toronto, ON",1.3,6.1,4.69,35.3,1,,,,,,,0,0,0,0,0,0,0,0,0,0,0,0,0,0,0,0,REFERENCE_UNAVAILABLE,No prior-year seasonal weather reference available,RULE_BASED_UNWEIGHTED_WEATHER_DIMENSIONS,DERIVED_FROM_PUBLIC_WEATHER,PROJECT_ASSUMPTION
2021-12-06,CA_ON,"Toronto, ON",1.514,28.8,2.03,44.3,0,,,,,,,0,0,0,0,0,0,0,0,0,0,0,0,0,0,0,0,REFERENCE_UNAVAILABLE,No prior-year seasonal weather reference available,RULE_BASED_UNWEIGHTED_WEATHER_DIMENSIONS,DERIVED_FROM_PUBLIC_WEATHER,PROJECT_ASSUMPTION
2021-12-13,CA_ON,"Toronto, ON",3.614,5.3,5.39,41.3,0,,,,,,,0,0,0,0,0,0,0,0,0,0,0,0,0,0,0,0,REFERENCE_UNAVAILABLE,No prior-year seasonal weather reference available,RULE_BASED_UNWEIGHTED_WEATHER_DIMENSIONS,DERIVED_FROM_PUBLIC_WEATHER,PROJECT_ASSUMPTION
2021-12-20,CA_ON,"Toronto, ON",0.343,5.3,3.01,32.1,1,,,,,,,0,0,0,0,0,0,0,0,0,0,0,0,0,0,0,0,REFERENCE_UNAVAILABLE,No prior-year seasonal weather reference available,RULE_BASED_UNWEIGHTED_WEATHER_DIMENSIONS,DERIVED_FROM_PUBLIC_WEATHER,PROJECT_ASSUMPTION
2021-12-27,CA_ON,"Toronto, ON",0.271,0.5,8.82,28.5,0,,,,,,,0,0,0,0,0,0,0,0,0,0,0,0,0,0,0,0,REFERENCE_UNAVAILABLE,No prior-year seasonal weather reference available,RULE_BASED_UNWEIGHTED_WEATHER_DIMENSIONS,DERIVED_FROM_PUBLIC_WEATHER,PROJECT_ASSUMPTION
2022-01-03,CA_ON,"Toronto, ON",-4.243,1.7,0.28,29.5,1,,,,,,,0,0,1,0,0,0,0,0,0,0,0,0,0,0,0,0,REFERENCE_UNAVAILABLE,No prior-year seasonal weather reference available,RULE_BASED_UNWEIGHTED_WEATHER_DIMENSIONS,DERIVED_FROM_PUBLIC_WEATHER,PROJECT_ASSUMPTION
2022-01-10,CA_ON,"Toronto, ON",-8.114,0.0,0.42,29.7,0,,,,,,,0,0,1,0,0,0,0,0,0,0,0,0,0,0,0,0,REFERENCE_UNAVAILABLE,No prior-year seasonal weather reference available,RULE_BASED_UNWEIGHTED_WEATHER_DIMENSIONS,DERIVED_FROM_PUBLIC_WEATHER,PROJECT_ASSUMPTION
2022-01-17,CA_ON,"Toronto, ON",-8.329,0.1,24.15,30.7,0,,,,,,,0,1,1,0,0,0,0,0,1,0,0,1,1,0,0,0,REFERENCE_UNAVAILABLE,No prior-year seasonal weather reference available,RULE_BASED_UNWEIGHTED_WEATHER_DIMENSIONS,DERIVED_FROM_PUBLIC_WEATHER,PROJECT_ASSUMPTION
2022-01-24,CA_ON,"Toronto, ON",-11.957,0.0,2.52,30.7,0,,,,,,,0,0,1,1,0,0,1,0,0,0,0,1,1,0,0,0,REFERENCE_UNAVAILABLE,No prior-year seasonal weather reference available,RULE_BASED_UNWEIGHTED_WEATHER_DIMENSIONS,DERIVED_FROM_PUBLIC_WEATHER,PROJECT_ASSUMPTION
2022-01-31,CA_ON,"Toronto, ON",-5.829,4.5,10.64,24.1,1,,,,,,,0,0,1,0,0,0,0,0,0,0,0,0,0,0,0,0,REFERENCE_UNAVAILABLE,No prior-year seasonal weather reference available,RULE_BASED_UNWEIGHTED_WEATHER_DIMENSIONS,DERIVED_FROM_PUBLIC_WEATHER,PROJECT_ASSUMPTION
2022-02-07,CA_ON,"Toronto, ON",-2.9,3.9,1.26,27.6,1,,,,,,,0,0,1,0,0,0,0,0,0,0,0,0,0,0,0,0,REFERENCE_UNAVAILABLE,No prior-year seasonal weather reference available,RULE_BASED_UNWEIGHTED_WEATHER_DIMENSIONS,DERIVED_FROM_PUBLIC_WEATHER,PROJECT_ASSUMPTION
2022-02-14,CA_ON,"Toronto, ON",-4.643,18.7,13.3,36.8,1,,,,,,,0,0,1,0,0,0,0,0,0,0,0,0,0,0,0,0,REFERENCE_UNAVAILABLE,No prior-year seasonal weather reference available,RULE_BASED_UNWEIGHTED_WEATHER_DIMENSIONS,DERIVED_FROM_PUBLIC_WEATHER,PROJECT_ASSUMPTION
2022-02-21,CA_ON,"Toronto, ON",-3.357,11.2,5.74,29.6,1,,,,,,,0,0,1,0,0,0,0,0,0,0,0,0,0,0,0,0,REFERENCE_UNAVAILABLE,No prior-year seasonal weather reference available,RULE_BASED_UNWEIGHTED_WEATHER_DIMENSIONS,DERIVED_FROM_PUBLIC_WEATHER,PROJECT_ASSUMPTION
2022-02-28,CA_ON,"Toronto, ON",-1.643,2.7,2.1,40.8,0,,,,,,,0,0,1,0,0,0,0,0,0,0,0,0,0,0,0,0,REFERENCE_UNAVAILABLE,No prior-year seasonal weather reference available,RULE_BASED_UNWEIGHTED_WEATHER_DIMENSIONS,DERIVED_FROM_PUBLIC_WEATHER,PROJECT_ASSUMPTION
2022-03-07,CA_ON,"Toronto, ON",-1.314,3.3,7.42,34.1,1,,,,,,,0,0,1,0,0,0,0,0,0,0,0,0,0,0,0,0,REFERENCE_UNAVAILABLE,No prior-year seasonal weather reference available,RULE_BASED_UNWEIGHTED_WEATHER_DIMENSIONS,DERIVED_FROM_PUBLIC_WEATHER,PROJECT_ASSUMPTION
2022-03-14,CA_ON,"Toronto, ON",4.743,11.7,5.04,24.4,0,,,,,,,0,0,0,0,0,0,0,0,0,0,0,0,0,0,0,0,REFERENCE_UNAVAILABLE,No prior-year seasonal weather reference available,RULE_BASED_UNWEIGHTED_WEATHER_DIMENSIONS,DERIVED_FROM_PUBLIC_WEATHER,PROJECT_ASSUMPTION
2022-03-21,CA_ON,"Toronto, ON",3.314,11.9,2.59,32.6,2,,,,,,,0,0,0,0,1,0,0,0,0,1,0,1,0,0,0,0,REFERENCE_UNAVAILABLE,No prior-year seasonal weather reference available,RULE_BASED_UNWEIGHTED_WEATHER_DIMENSIONS,DERIVED_FROM_PUBLIC_WEATHER,PROJECT_ASSUMPTION
2022-03-28,CA_ON,"Toronto, ON",0.714,3.6,0.84,32.5,1,,,,,,,0,0,0,0,0,0,0,0,0,0,0,0,0,0,0,0,REFERENCE_UNAVAILABLE,No prior-year seasonal weather reference available,RULE_BASED_UNWEIGHTED_WEATHER_DIMENSIONS,DERIVED_FROM_PUBLIC_WEATHER,PROJECT_ASSUMPTION
2022-04-04,CA_ON,"Toronto, ON",6.071,10.7,0.0,25.6,1,,,,,,,0,0,0,0,0,0,0,0,0,0,0,0,0,0,0,0,REFERENCE_UNAVAILABLE,No prior-year seasonal weather reference available,RULE_BASED_UNWEIGHTED_WEATHER_DIMENSIONS,DERIVED_FROM_PUBLIC_WEATHER,PROJECT_ASSUMPTION
2022-04-11,CA_ON,"Toronto, ON",8.3,8.8,0.0,39.3,0,,,,,,,0,0,0,0,0,0,0,0,0,0,0,0,0,0,0,0,REFERENCE_UNAVAILABLE,No prior-year seasonal weather reference available,RULE_BASED_UNWEIGHTED_WEATHER_DIMENSIONS,DERIVED_FROM_PUBLIC_WEATHER,PROJECT_ASSUMPTION
2022-04-18,CA_ON,"Toronto, ON",6.586,12.7,5.95,33.1,2,,,,,,,0,0,0,0,1,0,0,0,0,1,0,1,0,0,0,0,REFERENCE_UNAVAILABLE,No prior-year seasonal weather reference available,RULE_BASED_UNWEIGHTED_WEATHER_DIMENSIONS,DERIVED_FROM_PUBLIC_WEATHER,PROJECT_ASSUMPTION
2022-04-25,CA_ON,"Toronto, ON",7.186,26.2,0.0,23.3,0,,,,,,,0,0,0,0,0,0,0,0,0,0,0,0,0,0,0,0,REFERENCE_UNAVAILABLE,No prior-year seasonal weather reference available,RULE_BASED_UNWEIGHTED_WEATHER_DIMENSIONS,DERIVED_FROM_PUBLIC_WEATHER,PROJECT_ASSUMPTION
2022-05-02,CA_ON,"Toronto, ON",10.586,26.1,0.0,23.5,0,,,,,,,0,0,0,0,0,0,0,0,0,0,0,0,0,0,0,0,REFERENCE_UNAVAILABLE,No prior-year seasonal weather reference available,RULE_BASED_UNWEIGHTED_WEATHER_DIMENSIONS,DERIVED_FROM_PUBLIC_WEATHER,PROJECT_ASSUMPTION
2022-05-09,CA_ON,"Toronto, ON",16.3,0.9,0.0,15.0,0,,,,,,,0,0,0,0,0,0,0,0,0,0,0,0,0,0,0,0,REFERENCE_UNAVAILABLE,No prior-year seasonal weather reference available,RULE_BASED_UNWEIGHTED_WEATHER_DIMENSIONS,DERIVED_FROM_PUBLIC_WEATHER,PROJECT_ASSUMPTION
2022-05-16,CA_ON,"Toronto, ON",14.814,22.2,0.0,26.5,0,,,,,,,0,0,0,0,0,0,0,0,0,0,0,0,0,0,0,0,REFERENCE_UNAVAILABLE,No prior-year seasonal weather reference available,RULE_BASED_UNWEIGHTED_WEATHER_DIMENSIONS,DERIVED_FROM_PUBLIC_WEATHER,PROJECT_ASSUMPTION
2022-05-23,CA_ON,"Toronto, ON",15.886,14.7,0.0,25.9,0,,,,,,,0,0,0,0,0,0,0,0,0,0,0,0,0,0,0,0,REFERENCE_UNAVAILABLE,No prior-year seasonal weather reference available,RULE_BASED_UNWEIGHTED_WEATHER_DIMENSIONS,DERIVED_FROM_PUBLIC_WEATHER,PROJECT_ASSUMPTION
2022-05-30,CA_ON,"Toronto, ON",19.157,8.3,0.0,24.9,0,,,,,,,0,0,0,0,0,0,0,0,0,0,0,0,0,0,0,0,REFERENCE_UNAVAILABLE,No prior-year seasonal weather reference available,RULE_BASED_UNWEIGHTED_WEATHER_DIMENSIONS,DERIVED_FROM_PUBLIC_WEATHER,PROJECT_ASSUMPTION
2022-06-06,CA_ON,"Toronto, ON",17.071,74.3,0.0,23.0,0,,,,,,,1,0,0,0,0,0,0,1,0,0,0,1,0,0,0,0,REFERENCE_UNAVAILABLE,No prior-year seasonal weather reference available,RULE_BASED_UNWEIGHTED_WEATHER_DIMENSIONS,DERIVED_FROM_PUBLIC_WEATHER,PROJECT_ASSUMPTION
2022-06-13,CA_ON,"Toronto, ON",19.214,4.6,0.0,34.3,0,,,,,,,0,0,0,0,0,0,0,0,0,0,0,0,0,0,0,0,REFERENCE_UNAVAILABLE,No prior-year seasonal weather reference available,RULE_BASED_UNWEIGHTED_WEATHER_DIMENSIONS,DERIVED_FROM_PUBLIC_WEATHER,PROJECT_ASSUMPTION
2022-06-20,CA_ON,"Toronto, ON",22.457,1.4,0.0,23.3,0,,,,,,,0,0,0,0,0,0,0,0,0,0,0,0,0,0,0,0,REFERENCE_UNAVAILABLE,No prior-year seasonal weather reference available,RULE_BASED_UNWEIGHTED_WEATHER_DIMENSIONS,DERIVED_FROM_PUBLIC_WEATHER,PROJECT_ASSUMPTION
2022-06-27,CA_ON,"Toronto, ON",19.943,9.5,0.0,23.1,0,,,,,,,0,0,0,0,0,0,0,0,0,0,0,0,0,0,0,0,REFERENCE_UNAVAILABLE,No prior-year seasonal weather reference available,RULE_BASED_UNWEIGHTED_WEATHER_DIMENSIONS,DERIVED_FROM_PUBLIC_WEATHER,PROJECT_ASSUMPTION
2022-07-04,CA_ON,"Toronto, ON",19.814,7.7,0.0,19.1,0,20.414,25.7,0.0,-0.6,-18.0,0.0,0,0,0,0,0,0,0,0,0,0,0,0,0,0,1,1,NORMAL,NORMAL: no material adverse or mild scenario trigger,RULE_BASED_UNWEIGHTED_WEATHER_DIMENSIONS,DERIVED_FROM_PUBLIC_WEATHER,PROJECT_ASSUMPTION
2022-07-11,CA_ON,"Toronto, ON",21.557,2.2,0.0,26.2,0,22.3,23.5,0.0,-0.743,-21.3,0.0,0,0,0,0,0,0,0,0,0,0,0,0,0,0,1,1,NORMAL,NORMAL: no material adverse or mild scenario trigger,RULE_BASED_UNWEIGHTED_WEATHER_DIMENSIONS,DERIVED_FROM_PUBLIC_WEATHER,PROJECT_ASSUMPTION
2022-07-18,CA_ON,"Toronto, ON",25.157,57.0,0.0,28.2,0,21.771,23.0,0.0,3.386,34.0,0.0,1,0,0,0,0,0,0,1,0,0,0,1,0,0,1,1,NORMAL,NORMAL: isolated adverse dimension without severe compound conditions | wetter_than_normal,RULE_BASED_UNWEIGHTED_WEATHER_DIMENSIONS,DERIVED_FROM_PUBLIC_WEATHER,PROJECT_ASSUMPTION
2022-07-25,CA_ON,"Toronto, ON",21.2,1.7,0.0,24.8,0,19.757,34.5,0.0,1.443,-32.8,0.0,0,0,0,0,0,0,0,0,0,0,0,0,0,0,1,1,NORMAL,NORMAL: no material adverse or mild scenario trigger,RULE_BASED_UNWEIGHTED_WEATHER_DIMENSIONS,DERIVED_FROM_PUBLIC_WEATHER,PROJECT_ASSUMPTION
2022-08-01,CA_ON,"Toronto, ON",23.586,6.0,0.0,25.1,0,21.686,8.1,0.0,1.9,-2.1,0.0,0,0,0,0,0,0,0,0,0,0,0,0,0,0,1,1,NORMAL,NORMAL: no material adverse or mild scenario trigger,RULE_BASED_UNWEIGHTED_WEATHER_DIMENSIONS,DERIVED_FROM_PUBLIC_WEATHER,PROJECT_ASSUMPTION
2022-08-08,CA_ON,"Toronto, ON",20.7,5.2,0.0,24.3,0,23.814,9.5,0.0,-3.114,-4.3,0.0,0,0,0,0,0,0,1,0,0,0,0,1,0,0,1,1,NORMAL,NORMAL: isolated adverse dimension without severe compound conditions | colder_than_normal,RULE_BASED_UNWEIGHTED_WEATHER_DIMENSIONS,DERIVED_FROM_PUBLIC_WEATHER,PROJECT_ASSUMPTION
2022-08-15,CA_ON,"Toronto, ON",21.771,20.0,0.0,15.9,0,23.586,5.4,0.0,-1.815,14.6,0.0,0,0,0,0,0,0,0,0,0,0,0,0,0,0,1,1,NORMAL,NORMAL: no material adverse or mild scenario trigger,RULE_BASED_UNWEIGHTED_WEATHER_DIMENSIONS,DERIVED_FROM_PUBLIC_WEATHER,PROJECT_ASSUMPTION
2022-08-22,CA_ON,"Toronto, ON",21.057,17.4,0.0,21.4,0,25.0,5.0,0.0,-3.943,12.4,0.0,0,0,0,0,0,0,1,0,0,0,0,1,0,0,1,1,NORMAL,NORMAL: isolated adverse dimension without severe compound conditions | colder_than_normal,RULE_BASED_UNWEIGHTED_WEATHER_DIMENSIONS,DERIVED_FROM_PUBLIC_WEATHER,PROJECT_ASSUMPTION
2022-08-29,CA_ON,"Toronto, ON",21.386,7.8,0.0,27.6,0,20.1,4.1,0.0,1.286,3.7,0.0,0,0,0,0,0,0,0,0,0,0,0,0,0,0,1,1,NORMAL,NORMAL: no material adverse or mild scenario trigger,RULE_BASED_UNWEIGHTED_WEATHER_DIMENSIONS,DERIVED_FROM_PUBLIC_WEATHER,PROJECT_ASSUMPTION
2022-09-05,CA_ON,"Toronto, ON",19.757,0.6,0.0,18.2,0,19.143,10.0,0.0,0.614,-9.4,0.0,0,0,0,0,0,0,0,0,0,0,0,0,0,0,1,1,NORMAL,NORMAL: no material adverse or mild scenario trigger,RULE_BASED_UNWEIGHTED_WEATHER_DIMENSIONS,DERIVED_FROM_PUBLIC_WEATHER,PROJECT_ASSUMPTION
2022-09-12,CA_ON,"Toronto, ON",18.4,5.9,0.0,21.3,0,18.557,5.4,0.0,-0.157,0.5,0.0,0,0,0,0,0,0,0,0,0,0,0,0,0,0,1,1,NORMAL,NORMAL: no material adverse or mild scenario trigger,RULE_BASED_UNWEIGHTED_WEATHER_DIMENSIONS,DERIVED_FROM_PUBLIC_WEATHER,PROJECT_ASSUMPTION
2022-09-19,CA_ON,"Toronto, ON",16.429,27.3,0.0,30.3,0,16.357,58.6,0.0,0.072,-31.3,0.0,0,0,0,0,0,0,0,0,0,0,0,0,0,0,1,1,NORMAL,NORMAL: no material adverse or mild scenario trigger,RULE_BASED_UNWEIGHTED_WEATHER_DIMENSIONS,DERIVED_FROM_PUBLIC_WEATHER,PROJECT_ASSUMPTION
2022-09-26,CA_ON,"Toronto, ON",12.3,19.7,0.0,27.3,0,15.657,17.8,0.0,-3.357,1.9,0.0,0,0,0,0,0,0,1,0,0,0,0,1,0,0,1,1,NORMAL,NORMAL: isolated adverse dimension without severe compound conditions | colder_than_normal,RULE_BASED_UNWEIGHTED_WEATHER_DIMENSIONS,DERIVED_FROM_PUBLIC_WEATHER,PROJECT_ASSUMPTION
2022-10-03,CA_ON,"Toronto, ON",11.071,3.1,0.0,22.9,0,17.086,16.9,0.0,-6.015,-13.8,0.0,0,0,0,0,0,0,1,0,0,0,0,1,0,0,1,1,NORMAL,NORMAL: isolated adverse dimension without severe compound conditions | colder_than_normal,RULE_BASED_UNWEIGHTED_WEATHER_DIMENSIONS,DERIVED_FROM_PUBLIC_WEATHER,PROJECT_ASSUMPTION
2022-10-10,CA_ON,"Toronto, ON",11.643,20.1,0.0,28.8,0,16.857,15.1,0.0,-5.214,5.0,0.0,0,0,0,0,0,0,1,0,0,0,0,1,0,0,1,1,NORMAL,NORMAL: isolated adverse dimension without severe compound conditions | colder_than_normal,RULE_BASED_UNWEIGHTED_WEATHER_DIMENSIONS,DERIVED_FROM_PUBLIC_WEATHER,PROJECT_ASSUMPTION
2022-10-17,CA_ON,"Toronto, ON",8.743,7.2,0.0,27.2,0,10.586,5.4,0.0,-1.843,1.8,0.0,0,0,0,0,0,0,0,0,0,0,0,0,0,0,1,1,NORMAL,NORMAL: no material adverse or mild scenario trigger,RULE_BASED_UNWEIGHTED_WEATHER_DIMENSIONS,DERIVED_FROM_PUBLIC_WEATHER,PROJECT_ASSUMPTION
2022-10-24,CA_ON,"Toronto, ON",8.771,6.8,0.0,28.3,0,9.3,41.7,0.0,-0.529,-34.9,0.0,0,0,0,0,0,0,0,0,0,0,0,0,0,0,1,1,NORMAL,NORMAL: no material adverse or mild scenario trigger,RULE_BASED_UNWEIGHTED_WEATHER_DIMENSIONS,DERIVED_FROM_PUBLIC_WEATHER,PROJECT_ASSUMPTION
2022-10-31,CA_ON,"Toronto, ON",12.271,6.0,0.0,32.3,0,4.757,0.4,0.0,7.514,5.6,0.0,0,0,0,0,0,0,0,0,0,0,0,0,0,1,1,1,MILD,MILD: warmer_than_seasonal_reference with no adverse weather dimensions,RULE_BASED_UNWEIGHTED_WEATHER_DIMENSIONS,DERIVED_FROM_PUBLIC_WEATHER,PROJECT_ASSUMPTION
2022-11-07,CA_ON,"Toronto, ON",8.271,17.9,0.0,23.6,0,7.771,16.8,0.28,0.5,1.1,-0.28,0,0,0,0,0,0,0,0,0,0,0,0,0,0,1,1,NORMAL,NORMAL: no material adverse or mild scenario trigger,RULE_BASED_UNWEIGHTED_WEATHER_DIMENSIONS,DERIVED_FROM_PUBLIC_WEATHER,PROJECT_ASSUMPTION
2022-11-14,CA_ON,"Toronto, ON",-1.343,4.7,4.34,32.5,2,4.8,10.4,0.0,-6.143,-5.7,4.34,0,0,1,0,1,0,1,0,0,1,0,2,0,0,1,1,SEVERE,"SEVERE: colder_than_normal, wet_cold_compound",RULE_BASED_UNWEIGHTED_WEATHER_DIMENSIONS,DERIVED_FROM_PUBLIC_WEATHER,PROJECT_ASSUMPTION
2022-11-21,CA_ON,"Toronto, ON",3.514,12.3,0.21,31.8,0,1.029,7.9,3.64,2.485,4.4,-3.43,0,0,0,0,0,0,0,0,0,0,0,0,0,1,1,1,MILD,MILD: warmer_than_seasonal_reference with no adverse weather dimensions,RULE_BASED_UNWEIGHTED_WEATHER_DIMENSIONS,DERIVED_FROM_PUBLIC_WEATHER,PROJECT_ASSUMPTION
2022-11-28,CA_ON,"Toronto, ON",2.6,20.8,0.0,41.9,2,1.3,6.1,4.69,1.3,14.7,-4.69,0,0,0,0,1,0,0,0,0,1,0,1,0,0,1,1,NORMAL,NORMAL: isolated adverse dimension without severe compound conditions | wet_cold_compound,RULE_BASED_UNWEIGHTED_WEATHER_DIMENSIONS,DERIVED_FROM_PUBLIC_WEATHER,PROJECT_ASSUMPTION
2022-12-05,CA_ON,"Toronto, ON",1.971,7.6,2.8,23.6,1,1.514,28.8,2.03,0.457,-21.2,0.77,0,0,0,0,0,0,0,0,0,0,0,0,0,0,1,1,NORMAL,NORMAL: no material adverse or mild scenario trigger,RULE_BASED_UNWEIGHTED_WEATHER_DIMENSIONS,DERIVED_FROM_PUBLIC_WEATHER,PROJECT_ASSUMPTION
2022-12-12,CA_ON,"Toronto, ON",-1.5,8.1,12.53,36.5,2,3.614,5.3,5.39,-5.114,2.8,7.14,0,0,1,0,1,0,1,0,1,1,0,3,0,0,1,1,SEVERE,"SEVERE: colder_than_normal, snowier_than_normal, wet_cold_compound",RULE_BASED_UNWEIGHTED_WEATHER_DIMENSIONS,DERIVED_FROM_PUBLIC_WEATHER,PROJECT_ASSUMPTION
2022-12-19,CA_ON,"Toronto, ON",-3.257,14.2,5.25,44.6,2,0.343,5.3,3.01,-3.6,8.9,2.24,0,0,1,0,1,1,1,0,0,1,1,3,0,0,1,1,SEVERE,"SEVERE: colder_than_normal, wet_cold_compound, high_wind",RULE_BASED_UNWEIGHTED_WEATHER_DIMENSIONS,DERIVED_FROM_PUBLIC_WEATHER,PROJECT_ASSUMPTION
2022-12-26,CA_ON,"Toronto, ON",2.657,20.9,0.14,27.4,1,0.271,0.5,8.82,2.386,20.4,-8.68,0,0,0,0,0,0,0,1,0,0,0,1,0,0,1,1,NORMAL,NORMAL: isolated adverse dimension without severe compound conditions | wetter_than_normal,RULE_BASED_UNWEIGHTED_WEATHER_DIMENSIONS,DERIVED_FROM_PUBLIC_WEATHER,PROJECT_ASSUMPTION
2023-01-02,CA_ON,"Toronto, ON",1.743,27.1,0.0,21.9,2,-4.243,1.7,0.28,5.986,25.4,-0.28,0,0,0,0,1,0,0,1,0,1,0,2,0,0,1,1,SEVERE,"SEVERE: wetter_than_normal, wet_cold_compound",RULE_BASED_UNWEIGHTED_WEATHER_DIMENSIONS,DERIVED_FROM_PUBLIC_WEATHER,PROJECT_ASSUMPTION
2023-01-09,CA_ON,"Toronto, ON",-2.829,3.5,3.36,28.9,1,-8.114,0.0,0.42,5.285,3.5,2.94,0,0,1,0,0,0,0,0,0,0,0,0,0,1,1,1,MILD,MILD: warmer_than_seasonal_reference with no adverse weather dimensions,RULE_BASED_UNWEIGHTED_WEATHER_DIMENSIONS,DERIVED_FROM_PUBLIC_WEATHER,PROJECT_ASSUMPTION
2023-01-16,CA_ON,"Toronto, ON",0.771,5.1,4.34,33.1,2,-8.329,0.1,24.15,9.1,5.0,-19.81,0,0,0,0,1,0,0,0,0,1,0,1,0,0,1,1,NORMAL,NORMAL: isolated adverse dimension without severe compound conditions | wet_cold_compound,RULE_BASED_UNWEIGHTED_WEATHER_DIMENSIONS,DERIVED_FROM_PUBLIC_WEATHER,PROJECT_ASSUMPTION
2023-01-23,CA_ON,"Toronto, ON",-0.957,2.1,19.04,33.9,1,-11.957,0.0,2.52,11.0,2.1,16.52,0,1,1,0,0,0,0,0,1,0,0,1,1,0,1,1,SEVERE,SEVERE: snowier_than_normal | extreme_event_trigger,RULE_BASED_UNWEIGHTED_WEATHER_DIMENSIONS,DERIVED_FROM_PUBLIC_WEATHER,PROJECT_ASSUMPTION
2023-01-30,CA_ON,"Toronto, ON",-8.0,0.0,1.12,32.1,0,-5.829,4.5,10.64,-2.171,-4.5,-9.52,0,0,1,0,0,0,1,0,0,0,0,1,0,0,1,1,NORMAL,NORMAL: isolated adverse dimension without severe compound conditions | colder_than_normal,RULE_BASED_UNWEIGHTED_WEATHER_DIMENSIONS,DERIVED_FROM_PUBLIC_WEATHER,PROJECT_ASSUMPTION
2023-02-06,CA_ON,"Toronto, ON",1.557,18.8,0.0,30.1,1,-2.9,3.9,1.26,4.457,14.9,-1.26,0,0,0,0,0,0,0,0,0,0,0,0,0,1,1,1,MILD,MILD: warmer_than_seasonal_reference with no adverse weather dimensions,RULE_BASED_UNWEIGHTED_WEATHER_DIMENSIONS,DERIVED_FROM_PUBLIC_WEATHER,PROJECT_ASSUMPTION
2023-02-13,CA_ON,"Toronto, ON",1.971,8.0,1.47,35.9,2,-4.643,18.7,13.3,6.614,-10.7,-11.83,0,0,0,0,1,0,0,0,0,1,0,1,0,0,1,1,NORMAL,NORMAL: isolated adverse dimension without severe compound conditions | wet_cold_compound,RULE_BASED_UNWEIGHTED_WEATHER_DIMENSIONS,DERIVED_FROM_PUBLIC_WEATHER,PROJECT_ASSUMPTION
2023-02-20,CA_ON,"Toronto, ON",-3.1,1.9,17.64,31.4,1,-3.357,11.2,5.74,0.257,-9.3,11.9,0,1,1,0,0,0,0,0,1,0,0,1,1,0,1,1,SEVERE,SEVERE: snowier_than_normal | extreme_event_trigger,RULE_BASED_UNWEIGHTED_WEATHER_DIMENSIONS,DERIVED_FROM_PUBLIC_WEATHER,PROJECT_ASSUMPTION
2023-02-27,CA_ON,"Toronto, ON",-0.514,1.3,28.56,38.8,0,-1.643,2.7,2.1,1.129,-1.4,26.46,0,1,1,0,0,0,0,0,1,0,0,1,1,0,1,1,SEVERE,SEVERE: snowier_than_normal | extreme_event_trigger,RULE_BASED_UNWEIGHTED_WEATHER_DIMENSIONS,DERIVED_FROM_PUBLIC_WEATHER,PROJECT_ASSUMPTION
2023-03-06,CA_ON,"Toronto, ON",-1.386,0.0,7.35,31.4,0,-1.314,3.3,7.42,-0.072,-3.3,-0.07,0,0,1,0,0,0,0,0,0,0,0,0,0,0,1,1,NORMAL,NORMAL: no material adverse or mild scenario trigger,RULE_BASED_UNWEIGHTED_WEATHER_DIMENSIONS,DERIVED_FROM_PUBLIC_WEATHER,PROJECT_ASSUMPTION
2023-03-13,CA_ON,"Toronto, ON",0.014,13.1,2.73,31.2,1,4.743,11.7,5.04,-4.729,1.4,-2.31,0,0,0,0,0,0,1,0,0,0,0,1,0,0,1,1,NORMAL,NORMAL: isolated adverse dimension without severe compound conditions | colder_than_normal,RULE_BASED_UNWEIGHTED_WEATHER_DIMENSIONS,DERIVED_FROM_PUBLIC_WEATHER,PROJECT_ASSUMPTION
2023-03-20,CA_ON,"Toronto, ON",4.114,22.4,1.19,35.7,1,3.314,11.9,2.59,0.8,10.5,-1.4,0,0,0,0,0,0,0,0,0,0,0,0,0,0,1,1,NORMAL,NORMAL: no material adverse or mild scenario trigger,RULE_BASED_UNWEIGHTED_WEATHER_DIMENSIONS,DERIVED_FROM_PUBLIC_WEATHER,PROJECT_ASSUMPTION
2023-03-27,CA_ON,"Toronto, ON",2.314,26.0,6.16,31.2,4,0.714,3.6,0.84,1.6,22.4,5.32,0,0,0,0,1,0,0,1,1,1,0,3,0,0,1,1,SEVERE,"SEVERE: wetter_than_normal, snowier_than_normal, wet_cold_compound",RULE_BASED_UNWEIGHTED_WEATHER_DIMENSIONS,DERIVED_FROM_PUBLIC_WEATHER,PROJECT_ASSUMPTION
2023-04-03,CA_ON,"Toronto, ON",5.871,12.7,0.42,30.3,0,6.071,10.7,0.0,-0.2,2.0,0.42,0,0,0,0,0,0,0,0,0,0,0,0,0,0,1,1,NORMAL,NORMAL: no material adverse or mild scenario trigger,RULE_BASED_UNWEIGHTED_WEATHER_DIMENSIONS,DERIVED_FROM_PUBLIC_WEATHER,PROJECT_ASSUMPTION
2023-04-10,CA_ON,"Toronto, ON",16.357,1.8,0.0,26.3,0,8.3,8.8,0.0,8.057,-7.0,0.0,0,0,0,0,0,0,0,0,0,0,0,0,0,1,1,1,MILD,MILD: warmer_than_seasonal_reference with no adverse weather dimensions,RULE_BASED_UNWEIGHTED_WEATHER_DIMENSIONS,DERIVED_FROM_PUBLIC_WEATHER,PROJECT_ASSUMPTION
2023-04-17,CA_ON,"Toronto, ON",6.929,28.3,0.0,27.6,1,6.586,12.7,5.95,0.343,15.6,-5.95,0,0,0,0,0,0,0,0,0,0,0,0,0,0,1,1,NORMAL,NORMAL: no material adverse or mild scenario trigger,RULE_BASED_UNWEIGHTED_WEATHER_DIMENSIONS,DERIVED_FROM_PUBLIC_WEATHER,PROJECT_ASSUMPTION
2023-04-24,CA_ON,"Toronto, ON",6.986,23.1,0.0,26.2,0,7.186,26.2,0.0,-0.2,-3.1,0.0,0,0,0,0,0,0,0,0,0,0,0,0,0,0,1,1,NORMAL,NORMAL: no material adverse or mild scenario trigger,RULE_BASED_UNWEIGHTED_WEATHER_DIMENSIONS,DERIVED_FROM_PUBLIC_WEATHER,PROJECT_ASSUMPTION
2023-05-01,CA_ON,"Toronto, ON",8.929,20.0,0.0,23.2,0,10.586,26.1,0.0,-1.657,-6.1,0.0,0,0,0,0,0,0,0,0,0,0,0,0,0,0,1,1,NORMAL,NORMAL: no material adverse or mild scenario trigger,RULE_BASED_UNWEIGHTED_WEATHER_DIMENSIONS,DERIVED_FROM_PUBLIC_WEATHER,PROJECT_ASSUMPTION
2023-05-08,CA_ON,"Toronto, ON",15.429,0.0,0.0,19.9,0,16.3,0.9,0.0,-0.871,-0.9,0.0,0,0,0,0,0,0,0,0,0,0,0,0,0,0,1,1,NORMAL,NORMAL: no material adverse or mild scenario trigger,RULE_BASED_UNWEIGHTED_WEATHER_DIMENSIONS,DERIVED_FROM_PUBLIC_WEATHER,PROJECT_ASSUMPTION
2023-05-15,CA_ON,"Toronto, ON",12.743,19.4,0.0,25.5,0,14.814,22.2,0.0,-2.071,-2.8,0.0,0,0,0,0,0,0,1,0,0,0,0,1,0,0,1,1,NORMAL,NORMAL: isolated adverse dimension without severe compound conditions | colder_than_normal,RULE_BASED_UNWEIGHTED_WEATHER_DIMENSIONS,DERIVED_FROM_PUBLIC_WEATHER,PROJECT_ASSUMPTION
2023-05-22,CA_ON,"Toronto, ON",13.886,1.4,0.0,22.0,0,15.886,14.7,0.0,-2.0,-13.3,0.0,0,0,0,0,0,0,1,0,0,0,0,1,0,0,1,1,NORMAL,NORMAL: isolated adverse dimension without severe compound conditions | colder_than_normal,RULE_BASED_UNWEIGHTED_WEATHER_DIMENSIONS,DERIVED_FROM_PUBLIC_WEATHER,PROJECT_ASSUMPTION
2023-05-29,CA_ON,"Toronto, ON",20.386,1.1,0.0,18.2,0,19.157,8.3,0.0,1.229,-7.2,0.0,0,0,0,0,0,0,0,0,0,0,0,0,0,0,1,1,NORMAL,NORMAL: no material adverse or mild scenario trigger,RULE_BASED_UNWEIGHTED_WEATHER_DIMENSIONS,DERIVED_FROM_PUBLIC_WEATHER,PROJECT_ASSUMPTION
2023-06-05,CA_ON,"Toronto, ON",17.471,10.2,0.0,23.8,0,17.071,74.3,0.0,0.4,-64.1,0.0,0,0,0,0,0,0,0,0,0,0,0,0,0,0,1,1,NORMAL,NORMAL: no material adverse or mild scenario trigger,RULE_BASED_UNWEIGHTED_WEATHER_DIMENSIONS,DERIVED_FROM_PUBLIC_WEATHER,PROJECT_ASSUMPTION
2023-06-12,CA_ON,"Toronto, ON",17.129,52.6,0.0,23.1,0,19.214,4.6,0.0,-2.085,48.0,0.0,1,0,0,0,0,0,1,1,0,0,0,2,0,0,1,1,SEVERE,"SEVERE: colder_than_normal, wetter_than_normal",RULE_BASED_UNWEIGHTED_WEATHER_DIMENSIONS,DERIVED_FROM_PUBLIC_WEATHER,PROJECT_ASSUMPTION
2023-06-19,CA_ON,"Toronto, ON",20.5,19.9,0.0,19.2,0,22.457,1.4,0.0,-1.957,18.5,0.0,0,0,0,0,0,0,0,0,0,0,0,0,0,0,1,1,NORMAL,NORMAL: no material adverse or mild scenario trigger,RULE_BASED_UNWEIGHTED_WEATHER_DIMENSIONS,DERIVED_FROM_PUBLIC_WEATHER,PROJECT_ASSUMPTION
2023-06-26,CA_ON,"Toronto, ON",20.486,23.9,0.0,22.9,0,19.943,9.5,0.0,0.543,14.4,0.0,0,0,0,0,0,0,0,0,0,0,0,0,0,0,1,1,NORMAL,NORMAL: no material adverse or mild scenario trigger,RULE_BASED_UNWEIGHTED_WEATHER_DIMENSIONS,DERIVED_FROM_PUBLIC_WEATHER,PROJECT_ASSUMPTION
2023-07-03,CA_ON,"Toronto, ON",22.671,6.0,0.0,15.3,0,20.114,16.7,0.0,2.557,-10.7,0.0,0,0,0,0,0,0,0,0,0,0,0,0,0,1,1,1,MILD,MILD: warmer_than_seasonal_reference with no adverse weather dimensions,RULE_BASED_UNWEIGHTED_WEATHER_DIMENSIONS,DERIVED_FROM_PUBLIC_WEATHER,PROJECT_ASSUMPTION
2023-07-10,CA_ON,"Toronto, ON",21.543,45.5,0.0,28.9,0,21.928,12.85,0.0,-0.386,32.65,0.0,0,0,0,0,0,0,0,1,0,0,0,1,0,0,1,1,NORMAL,NORMAL: isolated adverse dimension without severe compound conditions | wetter_than_normal,RULE_BASED_UNWEIGHTED_WEATHER_DIMENSIONS,DERIVED_FROM_PUBLIC_WEATHER,PROJECT_ASSUMPTION
2023-07-17,CA_ON,"Toronto, ON",21.086,22.1,0.0,22.2,0,23.464,40.0,0.0,-2.378,-17.9,0.0,0,0,0,0,0,0,1,0,0,0,0,1,0,0,1,1,NORMAL,NORMAL: isolated adverse dimension without severe compound conditions | colder_than_normal,RULE_BASED_UNWEIGHTED_WEATHER_DIMENSIONS,DERIVED_FROM_PUBLIC_WEATHER,PROJECT_ASSUMPTION
2023-07-24,CA_ON,"Toronto, ON",22.371,49.3,0.0,22.1,0,20.478,18.1,0.0,1.892,31.2,0.0,0,0,0,0,0,0,0,1,0,0,0,1,0,0,1,1,NORMAL,NORMAL: isolated adverse dimension without severe compound conditions | wetter_than_normal,RULE_BASED_UNWEIGHTED_WEATHER_DIMENSIONS,DERIVED_FROM_PUBLIC_WEATHER,PROJECT_ASSUMPTION
2023-07-31,CA_ON,"Toronto, ON",20.429,9.2,0.0,20.6,0,22.636,7.05,0.0,-2.207,2.15,0.0,0,0,0,0,0,0,1,0,0,0,0,1,0,0,1,1,NORMAL,NORMAL: isolated adverse dimension without severe compound conditions | colder_than_normal,RULE_BASED_UNWEIGHTED_WEATHER_DIMENSIONS,DERIVED_FROM_PUBLIC_WEATHER,PROJECT_ASSUMPTION
2023-08-07,CA_ON,"Toronto, ON",21.286,23.2,0.0,30.7,0,22.257,7.35,0.0,-0.971,15.85,0.0,0,0,0,0,0,0,0,0,0,0,0,0,0,0,1,1,NORMAL,NORMAL: no material adverse or mild scenario trigger,RULE_BASED_UNWEIGHTED_WEATHER_DIMENSIONS,DERIVED_FROM_PUBLIC_WEATHER,PROJECT_ASSUMPTION
2023-08-14,CA_ON,"Toronto, ON",20.071,18.7,0.0,30.0,0,22.678,12.7,0.0,-2.607,6.0,0.0,0,0,0,0,0,0,1,0,0,0,0,1,0,0,1,1,NORMAL,NORMAL: isolated adverse dimension without severe compound conditions | colder_than_normal,RULE_BASED_UNWEIGHTED_WEATHER_DIMENSIONS,DERIVED_FROM_PUBLIC_WEATHER,PROJECT_ASSUMPTION
2023-08-21,CA_ON,"Toronto, ON",19.357,2.8,0.0,18.0,0,23.028,11.2,0.0,-3.672,-8.4,0.0,0,0,0,0,0,0,1,0,0,0,0,1,0,0,1,1,NORMAL,NORMAL: isolated adverse dimension without severe compound conditions | colder_than_normal,RULE_BASED_UNWEIGHTED_WEATHER_DIMENSIONS,DERIVED_FROM_PUBLIC_WEATHER,PROJECT_ASSUMPTION
2023-08-28,CA_ON,"Toronto, ON",18.1,5.6,0.0,24.7,0,20.743,5.95,0.0,-2.643,-0.35,0.0,0,0,0,0,0,0,1,0,0,0,0,1,0,0,1,1,NORMAL,NORMAL: isolated adverse dimension without severe compound conditions | colder_than_normal,RULE_BASED_UNWEIGHTED_WEATHER_DIMENSIONS,DERIVED_FROM_PUBLIC_WEATHER,PROJECT_ASSUMPTION
2023-09-04,CA_ON,"Toronto, ON",21.886,6.3,0.0,20.6,0,19.45,5.3,0.0,2.436,1.0,0.0,0,0,0,0,0,0,0,0,0,0,0,0,0,1,1,1,MILD,MILD: warmer_than_seasonal_reference with no adverse weather dimensions,RULE_BASED_UNWEIGHTED_WEATHER_DIMENSIONS,DERIVED_FROM_PUBLIC_WEATHER,PROJECT_ASSUMPTION
2023-09-11,CA_ON,"Toronto, ON",16.457,9.6,0.0,19.6,0,18.478,5.65,0.0,-2.021,3.95,0.0,0,0,0,0,0,0,1,0,0,0,0,1,0,0,1,1,NORMAL,NORMAL: isolated adverse dimension without severe compound conditions | colder_than_normal,RULE_BASED_UNWEIGHTED_WEATHER_DIMENSIONS,DERIVED_FROM_PUBLIC_WEATHER,PROJECT_ASSUMPTION
2023-09-18,CA_ON,"Toronto, ON",15.871,1.6,0.0,20.3,0,16.393,42.95,0.0,-0.522,-41.35,0.0,0,0,0,0,0,0,0,0,0,0,0,0,0,0,1,1,NORMAL,NORMAL: no material adverse or mild scenario trigger,RULE_BASED_UNWEIGHTED_WEATHER_DIMENSIONS,DERIVED_FROM_PUBLIC_WEATHER,PROJECT_ASSUMPTION
2023-09-25,CA_ON,"Toronto, ON",16.986,1.0,0.0,24.6,0,13.978,18.75,0.0,3.008,-17.75,0.0,0,0,0,0,0,0,0,0,0,0,0,0,0,1,1,1,MILD,MILD: warmer_than_seasonal_reference with no adverse weather dimensions,RULE_BASED_UNWEIGHTED_WEATHER_DIMENSIONS,DERIVED_FROM_PUBLIC_WEATHER,PROJECT_ASSUMPTION
2023-10-02,CA_ON,"Toronto, ON",17.643,19.7,0.0,27.7,0,14.078,10.0,0.0,3.565,9.7,0.0,0,0,0,0,0,0,0,0,0,0,0,0,0,1,1,1,MILD,MILD: warmer_than_seasonal_reference with no adverse weather dimensions,RULE_BASED_UNWEIGHTED_WEATHER_DIMENSIONS,DERIVED_FROM_PUBLIC_WEATHER,PROJECT_ASSUMPTION
2023-10-09,CA_ON,"Toronto, ON",10.0,6.3,0.0,31.4,0,14.25,17.6,0.0,-4.25,-11.3,0.0,0,0,0,0,0,0,1,0,0,0,0,1,0,0,1,1,NORMAL,NORMAL: isolated adverse dimension without severe compound conditions | colder_than_normal,RULE_BASED_UNWEIGHTED_WEATHER_DIMENSIONS,DERIVED_FROM_PUBLIC_WEATHER,PROJECT_ASSUMPTION
2023-10-16,CA_ON,"Toronto, ON",10.9,6.7,0.0,29.9,0,9.664,6.3,0.0,1.236,0.4,0.0,0,0,0,0,0,0,0,0,0,0,0,0,0,0,1,1,NORMAL,NORMAL: no material adverse or mild scenario trigger,RULE_BASED_UNWEIGHTED_WEATHER_DIMENSIONS,DERIVED_FROM_PUBLIC_WEATHER,PROJECT_ASSUMPTION
2023-10-23,CA_ON,"Toronto, ON",13.414,10.3,0.0,26.1,0,9.036,24.25,0.0,4.378,-13.95,0.0,0,0,0,0,0,0,0,0,0,0,0,0,0,1,1,1,MILD,MILD: warmer_than_seasonal_reference with no adverse weather dimensions,RULE_BASED_UNWEIGHTED_WEATHER_DIMENSIONS,DERIVED_FROM_PUBLIC_WEATHER,PROJECT_ASSUMPTION
2023-10-30,CA_ON,"Toronto, ON",5.6,7.6,0.0,28.3,1,8.514,3.2,0.0,-2.914,4.4,0.0,0,0,0,0,0,0,1,0,0,0,0,1,0,0,1,1,NORMAL,NORMAL: isolated adverse dimension without severe compound conditions | colder_than_normal,RULE_BASED_UNWEIGHTED_WEATHER_DIMENSIONS,DERIVED_FROM_PUBLIC_WEATHER,PROJECT_ASSUMPTION
2023-11-06,CA_ON,"Toronto, ON",5.057,15.2,0.49,31.6,1,8.021,17.35,0.14,-2.964,-2.15,0.35,0,0,0,0,0,0,1,0,0,0,0,1,0,0,1,1,NORMAL,NORMAL: isolated adverse dimension without severe compound conditions | colder_than_normal,RULE_BASED_UNWEIGHTED_WEATHER_DIMENSIONS,DERIVED_FROM_PUBLIC_WEATHER,PROJECT_ASSUMPTION
2023-11-13,CA_ON,"Toronto, ON",5.886,3.1,0.0,25.9,0,1.728,7.55,2.17,4.158,-4.45,-2.17,0,0,0,0,0,0,0,0,0,0,0,0,0,1,1,1,MILD,MILD: warmer_than_seasonal_reference with no adverse weather dimensions,RULE_BASED_UNWEIGHTED_WEATHER_DIMENSIONS,DERIVED_FROM_PUBLIC_WEATHER,PROJECT_ASSUMPTION
2023-11-20,CA_ON,"Toronto, ON",1.6,17.5,0.56,24.9,3,2.271,10.1,1.925,-0.671,7.4,-1.365,0,0,0,0,1,0,0,0,0,1,0,1,0,0,1,1,NORMAL,NORMAL: isolated adverse dimension without severe compound conditions | wet_cold_compound,RULE_BASED_UNWEIGHTED_WEATHER_DIMENSIONS,DERIVED_FROM_PUBLIC_WEATHER,PROJECT_ASSUMPTION
2023-11-27,CA_ON,"Toronto, ON",1.286,12.3,3.71,28.3,3,1.95,13.45,2.345,-0.664,-1.15,1.365,0,0,0,0,1,0,0,0,0,1,0,1,0,0,1,1,NORMAL,NORMAL: isolated adverse dimension without severe compound conditions | wet_cold_compound,RULE_BASED_UNWEIGHTED_WEATHER_DIMENSIONS,DERIVED_FROM_PUBLIC_WEATHER,PROJECT_ASSUMPTION
2023-12-04,CA_ON,"Toronto, ON",3.586,8.5,2.17,20.8,0,1.743,18.2,2.415,1.843,-9.7,-0.245,0,0,0,0,0,0,0,0,0,0,0,0,0,0,1,1,NORMAL,NORMAL: no material adverse or mild scenario trigger,RULE_BASED_UNWEIGHTED_WEATHER_DIMENSIONS,DERIVED_FROM_PUBLIC_WEATHER,PROJECT_ASSUMPTION
2023-12-11,CA_ON,"Toronto, ON",3.257,7.8,0.0,35.7,0,1.057,6.7,8.96,2.2,1.1,-8.96,0,0,0,0,0,0,0,0,0,0,0,0,0,1,1,1,MILD,MILD: warmer_than_seasonal_reference with no adverse weather dimensions,RULE_BASED_UNWEIGHTED_WEATHER_DIMENSIONS,DERIVED_FROM_PUBLIC_WEATHER,PROJECT_ASSUMPTION
2023-12-18,CA_ON,"Toronto, ON",0.871,11.2,3.22,33.2,1,-1.457,9.75,4.13,2.328,1.45,-0.91,0,0,0,0,0,0,0,0,0,0,0,0,0,1,1,1,MILD,MILD: warmer_than_seasonal_reference with no adverse weather dimensions,RULE_BASED_UNWEIGHTED_WEATHER_DIMENSIONS,DERIVED_FROM_PUBLIC_WEATHER,PROJECT_ASSUMPTION
2023-12-25,CA_ON,"Toronto, ON",4.414,24.6,1.47,15.5,0,1.464,10.7,4.48,2.95,13.9,-3.01,0,0,0,0,0,0,0,0,0,0,0,0,0,1,1,1,MILD,MILD: warmer_than_seasonal_reference with no adverse weather dimensions,RULE_BASED_UNWEIGHTED_WEATHER_DIMENSIONS,DERIVED_FROM_PUBLIC_WEATHER,PROJECT_ASSUMPTION
2024-01-01,CA_ON,"Toronto, ON",-1.243,0.1,3.78,28.5,0,-1.25,14.4,0.14,0.007,-14.3,3.64,0,0,1,0,0,0,0,0,0,0,0,0,0,0,1,1,NORMAL,NORMAL: no material adverse or mild scenario trigger,RULE_BASED_UNWEIGHTED_WEATHER_DIMENSIONS,DERIVED_FROM_PUBLIC_WEATHER,PROJECT_ASSUMPTION
2024-01-08,CA_ON,"Toronto, ON",0.386,30.9,15.61,40.3,4,-5.472,1.75,1.89,5.858,29.15,13.72,0,1,0,0,1,0,0,1,1,1,0,3,1,0,1,1,SEVERE,"SEVERE: wetter_than_normal, snowier_than_normal, wet_cold_compound | extreme_event_trigger",RULE_BASED_UNWEIGHTED_WEATHER_DIMENSIONS,DERIVED_FROM_PUBLIC_WEATHER,PROJECT_ASSUMPTION
2024-01-15,CA_ON,"Toronto, ON",-9.614,0.0,1.33,29.1,0,-3.779,2.6,14.245,-5.835,-2.6,-12.915,0,0,1,0,0,0,1,0,0,0,0,1,0,0,1,1,NORMAL,NORMAL: isolated adverse dimension without severe compound conditions | colder_than_normal,RULE_BASED_UNWEIGHTED_WEATHER_DIMENSIONS,DERIVED_FROM_PUBLIC_WEATHER,PROJECT_ASSUMPTION
2024-01-22,CA_ON,"Toronto, ON",1.071,33.0,6.79,23.0,3,-6.457,1.05,10.78,7.528,31.95,-3.99,0,0,0,0,1,0,0,1,0,1,0,2,0,0,1,1,SEVERE,"SEVERE: wetter_than_normal, wet_cold_compound",RULE_BASED_UNWEIGHTED_WEATHER_DIMENSIONS,DERIVED_FROM_PUBLIC_WEATHER,PROJECT_ASSUMPTION
2024-01-29,CA_ON,"Toronto, ON",0.929,0.3,0.14,19.8,0,-6.914,2.25,5.88,7.844,-1.95,-5.74,0,0,0,0,0,0,0,0,0,0,0,0,0,1,1,1,MILD,MILD: warmer_than_seasonal_reference with no adverse weather dimensions,RULE_BASED_UNWEIGHTED_WEATHER_DIMENSIONS,DERIVED_FROM_PUBLIC_WEATHER,PROJECT_ASSUMPTION
2024-02-05,CA_ON,"Toronto, ON",2.714,0.0,0.0,29.0,0,-0.672,11.35,0.63,3.386,-11.35,-0.63,0,0,0,0,0,0,0,0,0,0,0,0,0,1,1,1,MILD,MILD: warmer_than_seasonal_reference with no adverse weather dimensions,RULE_BASED_UNWEIGHTED_WEATHER_DIMENSIONS,DERIVED_FROM_PUBLIC_WEATHER,PROJECT_ASSUMPTION
2024-02-12,CA_ON,"Toronto, ON",-2.771,0.0,4.62,33.2,0,-1.336,13.35,7.385,-1.435,-13.35,-2.765,0,0,1,0,0,0,0,0,0,0,0,0,0,0,1,1,NORMAL,NORMAL: no material adverse or mild scenario trigger,RULE_BASED_UNWEIGHTED_WEATHER_DIMENSIONS,DERIVED_FROM_PUBLIC_WEATHER,PROJECT_ASSUMPTION
2024-02-19,CA_ON,"Toronto, ON",-0.743,1.9,0.0,26.6,0,-3.229,6.55,11.69,2.486,-4.65,-11.69,0,0,1,0,0,0,0,0,0,0,0,0,0,1,1,1,MILD,MILD: warmer_than_seasonal_reference with no adverse weather dimensions,RULE_BASED_UNWEIGHTED_WEATHER_DIMENSIONS,DERIVED_FROM_PUBLIC_WEATHER,PROJECT_ASSUMPTION
2024-02-26,CA_ON,"Toronto, ON",3.257,10.9,0.0,38.8,0,-1.078,2.0,15.33,4.336,8.9,-15.33,0,0,0,0,0,0,0,0,0,0,0,0,0,1,1,1,MILD,MILD: warmer_than_seasonal_reference with no adverse weather dimensions,RULE_BASED_UNWEIGHTED_WEATHER_DIMENSIONS,DERIVED_FROM_PUBLIC_WEATHER,PROJECT_ASSUMPTION
2024-03-04,CA_ON,"Toronto, ON",6.357,18.7,0.0,34.1,0,-1.35,1.65,7.385,7.707,17.05,-7.385,0,0,0,0,0,0,0,0,0,0,0,0,0,1,1,1,MILD,MILD: warmer_than_seasonal_reference with no adverse weather dimensions,RULE_BASED_UNWEIGHTED_WEATHER_DIMENSIONS,DERIVED_FROM_PUBLIC_WEATHER,PROJECT_ASSUMPTION
2024-03-11,CA_ON,"Toronto, ON",6.029,20.3,0.0,28.8,1,2.379,12.4,3.885,3.65,7.9,-3.885,0,0,0,0,0,0,0,0,0,0,0,0,0,1,1,1,MILD,MILD: warmer_than_seasonal_reference with no adverse weather dimensions,RULE_BASED_UNWEIGHTED_WEATHER_DIMENSIONS,DERIVED_FROM_PUBLIC_WEATHER,PROJECT_ASSUMPTION
2024-03-18,CA_ON,"Toronto, ON",-2.443,0.9,6.58,33.4,0,3.714,17.15,1.89,-6.157,-16.25,4.69,0,0,1,0,0,0,1,0,0,0,0,1,0,0,1,1,NORMAL,NORMAL: isolated adverse dimension without severe compound conditions | colder_than_normal,RULE_BASED_UNWEIGHTED_WEATHER_DIMENSIONS,DERIVED_FROM_PUBLIC_WEATHER,PROJECT_ASSUMPTION
2024-03-25,CA_ON,"Toronto, ON",4.571,10.5,0.07,22.7,0,1.514,14.8,3.5,3.057,-4.3,-3.43,0,0,0,0,0,0,0,0,0,0,0,0,0,1,1,1,MILD,MILD: warmer_than_seasonal_reference with no adverse weather dimensions,RULE_BASED_UNWEIGHTED_WEATHER_DIMENSIONS,DERIVED_FROM_PUBLIC_WEATHER,PROJECT_ASSUMPTION
2024-04-01,CA_ON,"Toronto, ON",5.414,29.4,6.37,37.6,1,5.971,11.7,0.21,-0.557,17.7,6.16,0,0,0,0,0,0,0,0,1,0,0,1,0,0,1,1,NORMAL,NORMAL: isolated adverse dimension without severe compound conditions | snowier_than_normal,RULE_BASED_UNWEIGHTED_WEATHER_DIMENSIONS,DERIVED_FROM_PUBLIC_WEATHER,PROJECT_ASSUMPTION
2024-04-08,CA_ON,"Toronto, ON",9.314,49.8,0.0,34.8,0,12.328,5.3,0.0,-3.014,44.5,0.0,0,0,0,0,0,0,1,1,0,0,0,2,0,0,1,1,SEVERE,"SEVERE: colder_than_normal, wetter_than_normal",RULE_BASED_UNWEIGHTED_WEATHER_DIMENSIONS,DERIVED_FROM_PUBLIC_WEATHER,PROJECT_ASSUMPTION
2024-04-15,CA_ON,"Toronto, ON",8.429,16.4,0.0,31.0,0,6.758,20.5,2.975,1.672,-4.1,-2.975,0,0,0,0,0,0,0,0,0,0,0,0,0,0,1,1,NORMAL,NORMAL: no material adverse or mild scenario trigger,RULE_BASED_UNWEIGHTED_WEATHER_DIMENSIONS,DERIVED_FROM_PUBLIC_WEATHER,PROJECT_ASSUMPTION
2024-04-22,CA_ON,"Toronto, ON",8.857,12.4,0.0,32.1,0,7.086,24.65,0.0,1.771,-12.25,0.0,0,0,0,0,0,0,0,0,0,0,0,0,0,0,1,1,NORMAL,NORMAL: no material adverse or mild scenario trigger,RULE_BASED_UNWEIGHTED_WEATHER_DIMENSIONS,DERIVED_FROM_PUBLIC_WEATHER,PROJECT_ASSUMPTION
2024-04-29,CA_ON,"Toronto, ON",12.657,20.9,0.0,19.2,0,9.758,23.05,0.0,2.899,-2.15,0.0,0,0,0,0,0,0,0,0,0,0,0,0,0,1,1,1,MILD,MILD: warmer_than_seasonal_reference with no adverse weather dimensions,RULE_BASED_UNWEIGHTED_WEATHER_DIMENSIONS,DERIVED_FROM_PUBLIC_WEATHER,PROJECT_ASSUMPTION
2024-05-06,CA_ON,"Toronto, ON",12.657,9.3,0.0,30.1,0,15.864,0.45,0.0,-3.207,8.85,0.0,0,0,0,0,0,0,1,0,0,0,0,1,0,0,1,1,NORMAL,NORMAL: isolated adverse dimension without severe compound conditions | colder_than_normal,RULE_BASED_UNWEIGHTED_WEATHER_DIMENSIONS,DERIVED_FROM_PUBLIC_WEATHER,PROJECT_ASSUMPTION
2024-05-13,CA_ON,"Toronto, ON",16.086,5.7,0.0,21.1,0,13.779,20.8,0.0,2.307,-15.1,0.0,0,0,0,0,0,0,0,0,0,0,0,0,0,1,1,1,MILD,MILD: warmer_than_seasonal_reference with no adverse weather dimensions,RULE_BASED_UNWEIGHTED_WEATHER_DIMENSIONS,DERIVED_FROM_PUBLIC_WEATHER,PROJECT_ASSUMPTION
2024-05-20,CA_ON,"Toronto, ON",18.986,6.8,0.0,27.1,0,14.886,8.05,0.0,4.1,-1.25,0.0,0,0,0,0,0,0,0,0,0,0,0,0,0,1,1,1,MILD,MILD: warmer_than_seasonal_reference with no adverse weather dimensions,RULE_BASED_UNWEIGHTED_WEATHER_DIMENSIONS,DERIVED_FROM_PUBLIC_WEATHER,PROJECT_ASSUMPTION
2024-05-27,CA_ON,"Toronto, ON",16.186,33.3,0.0,33.2,0,19.772,4.7,0.0,-3.585,28.6,0.0,0,0,0,0,0,0,1,1,0,0,0,2,0,0,1,1,SEVERE,"SEVERE: colder_than_normal, wetter_than_normal",RULE_BASED_UNWEIGHTED_WEATHER_DIMENSIONS,DERIVED_FROM_PUBLIC_WEATHER,PROJECT_ASSUMPTION
2024-06-03,CA_ON,"Toronto, ON",18.314,25.9,0.0,23.3,0,17.271,42.25,0.0,1.043,-16.35,0.0,0,0,0,0,0,0,0,0,0,0,0,0,0,0,1,1,NORMAL,NORMAL: no material adverse or mild scenario trigger,RULE_BASED_UNWEIGHTED_WEATHER_DIMENSIONS,DERIVED_FROM_PUBLIC_WEATHER,PROJECT_ASSUMPTION
2024-06-10,CA_ON,"Toronto, ON",17.214,3.2,0.0,25.3,0,18.172,28.6,0.0,-0.958,-25.4,0.0,0,0,0,0,0,0,0,0,0,0,0,0,0,0,1,1,NORMAL,NORMAL: no material adverse or mild scenario trigger,RULE_BASED_UNWEIGHTED_WEATHER_DIMENSIONS,DERIVED_FROM_PUBLIC_WEATHER,PROJECT_ASSUMPTION
2024-06-17,CA_ON,"Toronto, ON",23.543,31.5,0.0,32.4,0,21.478,10.65,0.0,2.064,20.85,0.0,0,0,0,0,0,0,0,1,0,0,0,1,0,0,1,1,NORMAL,NORMAL: isolated adverse dimension without severe compound conditions | wetter_than_normal,RULE_BASED_UNWEIGHTED_WEATHER_DIMENSIONS,DERIVED_FROM_PUBLIC_WEATHER,PROJECT_ASSUMPTION
2024-06-24,CA_ON,"Toronto, ON",19.786,39.5,0.0,26.0,0,20.214,16.7,0.0,-0.428,22.8,0.0,0,0,0,0,0,0,0,1,0,0,0,1,0,0,1,1,NORMAL,NORMAL: isolated adverse dimension without severe compound conditions | wetter_than_normal,RULE_BASED_UNWEIGHTED_WEATHER_DIMENSIONS,DERIVED_FROM_PUBLIC_WEATHER,PROJECT_ASSUMPTION
2024-07-01,CA_ON,"Toronto, ON",22.043,2.8,0.0,25.9,0,20.966,13.133,0.0,1.077,-10.333,0.0,0,0,0,0,0,0,0,0,0,0,0,0,0,0,1,1,NORMAL,NORMAL: no material adverse or mild scenario trigger,RULE_BASED_UNWEIGHTED_WEATHER_DIMENSIONS,DERIVED_FROM_PUBLIC_WEATHER,PROJECT_ASSUMPTION
2024-07-08,CA_ON,"Toronto, ON",22.757,45.3,0.0,25.2,0,21.8,23.733,0.0,0.957,21.567,0.0,0,0,0,0,0,0,0,1,0,0,0,1,0,0,1,1,NORMAL,NORMAL: isolated adverse dimension without severe compound conditions | wetter_than_normal,RULE_BASED_UNWEIGHTED_WEATHER_DIMENSIONS,DERIVED_FROM_PUBLIC_WEATHER,PROJECT_ASSUMPTION
2024-07-15,CA_ON,"Toronto, ON",21.614,42.3,0.0,18.4,0,22.671,34.033,0.0,-1.057,8.267,0.0,0,0,0,0,0,0,0,0,0,0,0,0,0,0,1,1,NORMAL,NORMAL: no material adverse or mild scenario trigger,RULE_BASED_UNWEIGHTED_WEATHER_DIMENSIONS,DERIVED_FROM_PUBLIC_WEATHER,PROJECT_ASSUMPTION
2024-07-22,CA_ON,"Toronto, ON",21.514,6.0,0.0,23.5,0,21.109,28.5,0.0,0.405,-22.5,0.0,0,0,0,0,0,0,0,0,0,0,0,0,0,0,1,1,NORMAL,NORMAL: no material adverse or mild scenario trigger,RULE_BASED_UNWEIGHTED_WEATHER_DIMENSIONS,DERIVED_FROM_PUBLIC_WEATHER,PROJECT_ASSUMPTION
2024-07-29,CA_ON,"Toronto, ON",24.429,14.8,0.0,16.3,0,21.9,7.767,0.0,2.529,7.033,0.0,0,0,0,0,0,0,0,0,0,0,0,0,0,1,1,1,MILD,MILD: warmer_than_seasonal_reference with no adverse weather dimensions,RULE_BASED_UNWEIGHTED_WEATHER_DIMENSIONS,DERIVED_FROM_PUBLIC_WEATHER,PROJECT_ASSUMPTION
2024-08-05,CA_ON,"Toronto, ON",20.543,43.3,0.0,25.6,0,21.933,12.633,0.0,-1.39,30.667,0.0,0,0,0,0,0,0,0,1,0,0,0,1,0,0,1,1,NORMAL,NORMAL: isolated adverse dimension without severe compound conditions | wetter_than_normal,RULE_BASED_UNWEIGHTED_WEATHER_DIMENSIONS,DERIVED_FROM_PUBLIC_WEATHER,PROJECT_ASSUMPTION
2024-08-12,CA_ON,"Toronto, ON",21.514,22.6,0.0,24.6,0,21.809,14.7,0.0,-0.295,7.9,0.0,0,0,0,0,0,0,0,0,0,0,0,0,0,0,1,1,NORMAL,NORMAL: no material adverse or mild scenario trigger,RULE_BASED_UNWEIGHTED_WEATHER_DIMENSIONS,DERIVED_FROM_PUBLIC_WEATHER,PROJECT_ASSUMPTION
2024-08-19,CA_ON,"Toronto, ON",18.043,0.6,0.0,26.5,0,21.805,8.4,0.0,-3.762,-7.8,0.0,0,0,0,0,0,0,1,0,0,0,0,1,0,0,1,1,NORMAL,NORMAL: isolated adverse dimension without severe compound conditions | colder_than_normal,RULE_BASED_UNWEIGHTED_WEATHER_DIMENSIONS,DERIVED_FROM_PUBLIC_WEATHER,PROJECT_ASSUMPTION
2024-08-26,CA_ON,"Toronto, ON",21.443,11.6,0.0,23.4,0,19.862,5.833,0.0,1.581,5.767,0.0,0,0,0,0,0,0,0,0,0,0,0,0,0,0,1,1,NORMAL,NORMAL: no material adverse or mild scenario trigger,RULE_BASED_UNWEIGHTED_WEATHER_DIMENSIONS,DERIVED_FROM_PUBLIC_WEATHER,PROJECT_ASSUMPTION
2024-09-02,CA_ON,"Toronto, ON",16.371,8.7,0.0,30.8,0,20.262,5.633,0.0,-3.891,3.067,0.0,0,0,0,0,0,0,1,0,0,0,0,1,0,0,1,1,NORMAL,NORMAL: isolated adverse dimension without severe compound conditions | colder_than_normal,RULE_BASED_UNWEIGHTED_WEATHER_DIMENSIONS,DERIVED_FROM_PUBLIC_WEATHER,PROJECT_ASSUMPTION
2024-09-09,CA_ON,"Toronto, ON",18.0,7.3,0.0,15.9,0,17.805,6.967,0.0,0.195,0.333,0.0,0,0,0,0,0,0,0,0,0,0,0,0,0,0,1,1,NORMAL,NORMAL: no material adverse or mild scenario trigger,RULE_BASED_UNWEIGHTED_WEATHER_DIMENSIONS,DERIVED_FROM_PUBLIC_WEATHER,PROJECT_ASSUMPTION
2024-09-16,CA_ON,"Toronto, ON",19.314,0.2,0.0,14.0,0,16.219,29.167,0.0,3.095,-28.967,0.0,0,0,0,0,0,0,0,0,0,0,0,0,0,1,1,1,MILD,MILD: warmer_than_seasonal_reference with no adverse weather dimensions,RULE_BASED_UNWEIGHTED_WEATHER_DIMENSIONS,DERIVED_FROM_PUBLIC_WEATHER,PROJECT_ASSUMPTION
2024-09-23,CA_ON,"Toronto, ON",18.957,39.3,0.0,26.8,0,14.981,12.833,0.0,3.976,26.467,0.0,0,0,0,0,0,0,0,1,0,0,0,1,0,0,1,1,NORMAL,NORMAL: isolated adverse dimension without severe compound conditions | wetter_than_normal,RULE_BASED_UNWEIGHTED_WEATHER_DIMENSIONS,DERIVED_FROM_PUBLIC_WEATHER,PROJECT_ASSUMPTION
2024-09-30,CA_ON,"Toronto, ON",15.8,28.9,0.0,26.2,0,15.267,13.233,0.0,0.533,15.667,0.0,0,0,0,0,0,0,0,0,0,0,0,0,0,0,1,1,NORMAL,NORMAL: no material adverse or mild scenario trigger,RULE_BASED_UNWEIGHTED_WEATHER_DIMENSIONS,DERIVED_FROM_PUBLIC_WEATHER,PROJECT_ASSUMPTION
2024-10-07,CA_ON,"Toronto, ON",10.957,3.1,0.0,28.4,0,12.833,13.833,0.0,-1.876,-10.733,0.0,0,0,0,0,0,0,0,0,0,0,0,0,0,0,1,1,NORMAL,NORMAL: no material adverse or mild scenario trigger,RULE_BASED_UNWEIGHTED_WEATHER_DIMENSIONS,DERIVED_FROM_PUBLIC_WEATHER,PROJECT_ASSUMPTION
2024-10-14,CA_ON,"Toronto, ON",8.9,1.9,0.0,26.8,0,10.076,6.433,0.0,-1.176,-4.533,0.0,0,0,0,0,0,0,0,0,0,0,0,0,0,0,1,1,NORMAL,NORMAL: no material adverse or mild scenario trigger,RULE_BASED_UNWEIGHTED_WEATHER_DIMENSIONS,DERIVED_FROM_PUBLIC_WEATHER,PROJECT_ASSUMPTION
2024-10-21,CA_ON,"Toronto, ON",11.614,1.1,0.0,26.9,0,10.495,19.6,0.0,1.119,-18.5,0.0,0,0,0,0,0,0,0,0,0,0,0,0,0,0,1,1,NORMAL,NORMAL: no material adverse or mild scenario trigger,RULE_BASED_UNWEIGHTED_WEATHER_DIMENSIONS,DERIVED_FROM_PUBLIC_WEATHER,PROJECT_ASSUMPTION
2024-10-28,CA_ON,"Toronto, ON",11.057,9.3,0.0,29.9,0,7.543,4.667,0.0,3.514,4.633,0.0,0,0,0,0,0,0,0,0,0,0,0,0,0,1,1,1,MILD,MILD: warmer_than_seasonal_reference with no adverse weather dimensions,RULE_BASED_UNWEIGHTED_WEATHER_DIMENSIONS,DERIVED_FROM_PUBLIC_WEATHER,PROJECT_ASSUMPTION
2024-11-04,CA_ON,"Toronto, ON",11.629,12.7,0.0,27.0,0,7.033,16.633,0.257,4.596,-3.933,-0.257,0,0,0,0,0,0,0,0,0,0,0,0,0,1,1,1,MILD,MILD: warmer_than_seasonal_reference with no adverse weather dimensions,RULE_BASED_UNWEIGHTED_WEATHER_DIMENSIONS,DERIVED_FROM_PUBLIC_WEATHER,PROJECT_ASSUMPTION
2024-11-11,CA_ON,"Toronto, ON",6.486,7.0,0.0,27.3,0,3.114,6.067,1.447,3.372,0.933,-1.447,0,0,0,0,0,0,0,0,0,0,0,0,0,1,1,1,MILD,MILD: warmer_than_seasonal_reference with no adverse weather dimensions,RULE_BASED_UNWEIGHTED_WEATHER_DIMENSIONS,DERIVED_FROM_PUBLIC_WEATHER,PROJECT_ASSUMPTION
2024-11-18,CA_ON,"Toronto, ON",6.414,24.0,0.21,29.5,1,2.048,12.567,1.47,4.366,11.433,-1.26,0,0,0,0,0,0,0,0,0,0,0,0,0,1,1,1,MILD,MILD: warmer_than_seasonal_reference with no adverse weather dimensions,RULE_BASED_UNWEIGHTED_WEATHER_DIMENSIONS,DERIVED_FROM_PUBLIC_WEATHER,PROJECT_ASSUMPTION
2024-11-25,CA_ON,"Toronto, ON",1.457,4.7,0.63,30.1,1,1.729,13.067,2.8,-0.272,-8.367,-2.17,0,0,0,0,0,0,0,0,0,0,0,0,0,0,1,1,NORMAL,NORMAL: no material adverse or mild scenario trigger,RULE_BASED_UNWEIGHTED_WEATHER_DIMENSIONS,DERIVED_FROM_PUBLIC_WEATHER,PROJECT_ASSUMPTION
2024-12-02,CA_ON,"Toronto, ON",-0.686,0.4,6.72,34.9,0,2.357,14.967,2.333,-3.043,-14.567,4.387,0,0,1,0,0,0,1,0,0,0,0,1,0,0,1,1,NORMAL,NORMAL: isolated adverse dimension without severe compound conditions | colder_than_normal,RULE_BASED_UNWEIGHTED_WEATHER_DIMENSIONS,DERIVED_FROM_PUBLIC_WEATHER,PROJECT_ASSUMPTION
2024-12-09,CA_ON,"Toronto, ON",-0.643,15.2,1.19,42.6,4,1.79,7.067,5.973,-2.433,8.133,-4.783,0,0,1,0,1,0,1,0,0,1,0,2,0,0,1,1,SEVERE,"SEVERE: colder_than_normal, wet_cold_compound",RULE_BASED_UNWEIGHTED_WEATHER_DIMENSIONS,DERIVED_FROM_PUBLIC_WEATHER,PROJECT_ASSUMPTION
2024-12-16,CA_ON,"Toronto, ON",-2.029,12.7,2.17,25.8,2,-0.681,10.233,3.827,-1.348,2.467,-1.657,0,0,1,0,1,0,0,0,0,1,0,1,0,0,1,1,NORMAL,NORMAL: isolated adverse dimension without severe compound conditions | wet_cold_compound,RULE_BASED_UNWEIGHTED_WEATHER_DIMENSIONS,DERIVED_FROM_PUBLIC_WEATHER,PROJECT_ASSUMPTION
2024-12-23,CA_ON,"Toronto, ON",0.714,27.6,5.88,21.9,0,2.447,15.333,3.477,-1.733,12.267,2.403,0,0,0,0,0,0,0,0,0,0,0,0,0,0,1,1,NORMAL,NORMAL: no material adverse or mild scenario trigger,RULE_BASED_UNWEIGHTED_WEATHER_DIMENSIONS,DERIVED_FROM_PUBLIC_WEATHER,PROJECT_ASSUMPTION
2024-12-30,CA_ON,"Toronto, ON",0.129,9.3,1.61,34.2,2,-1.248,9.633,1.353,1.377,-0.333,0.257,0,0,0,0,1,0,0,0,0,1,0,1,0,0,1,1,NORMAL,NORMAL: isolated adverse dimension without severe compound conditions | wet_cold_compound,RULE_BASED_UNWEIGHTED_WEATHER_DIMENSIONS,DERIVED_FROM_PUBLIC_WEATHER,PROJECT_ASSUMPTION
2025-01-06,CA_ON,"Toronto, ON",-6.271,0.1,4.13,26.4,0,-3.519,11.467,6.463,-2.752,-11.367,-2.333,0,0,1,0,0,0,1,0,0,0,0,1,0,0,1,1,NORMAL,NORMAL: isolated adverse dimension without severe compound conditions | colder_than_normal,RULE_BASED_UNWEIGHTED_WEATHER_DIMENSIONS,DERIVED_FROM_PUBLIC_WEATHER,PROJECT_ASSUMPTION
2025-01-13,CA_ON,"Toronto, ON",-3.814,3.0,3.22,30.3,1,-5.724,1.733,9.94,1.91,1.267,-6.72,0,0,1,0,0,0,0,0,0,0,0,0,0,0,1,1,NORMAL,NORMAL: no material adverse or mild scenario trigger,RULE_BASED_UNWEIGHTED_WEATHER_DIMENSIONS,DERIVED_FROM_PUBLIC_WEATHER,PROJECT_ASSUMPTION
2025-01-20,CA_ON,"Toronto, ON",-8.629,0.0,1.89,27.1,0,-3.948,11.7,9.45,-4.681,-11.7,-7.56,0,0,1,0,0,0,1,0,0,0,0,1,0,0,1,1,NORMAL,NORMAL: isolated adverse dimension without severe compound conditions | colder_than_normal,RULE_BASED_UNWEIGHTED_WEATHER_DIMENSIONS,DERIVED_FROM_PUBLIC_WEATHER,PROJECT_ASSUMPTION
2025-01-27,CA_ON,"Toronto, ON",-5.3,0.3,5.88,35.9,0,-4.3,1.6,3.967,-1.0,-1.3,1.913,0,0,1,0,0,0,0,0,0,0,0,0,0,0,1,1,NORMAL,NORMAL: no material adverse or mild scenario trigger,RULE_BASED_UNWEIGHTED_WEATHER_DIMENSIONS,DERIVED_FROM_PUBLIC_WEATHER,PROJECT_ASSUMPTION
2025-02-03,CA_ON,"Toronto, ON",-4.671,2.4,9.87,30.6,1,0.457,7.567,0.42,-5.128,-5.167,9.45,0,0,1,0,0,0,1,0,1,0,0,2,0,0,1,1,SEVERE,"SEVERE: colder_than_normal, snowier_than_normal",RULE_BASED_UNWEIGHTED_WEATHER_DIMENSIONS,DERIVED_FROM_PUBLIC_WEATHER,PROJECT_ASSUMPTION
2025-02-10,CA_ON,"Toronto, ON",-5.943,0.8,35.42,29.7,0,-1.814,8.9,6.463,-4.129,-8.1,28.957,0,1,1,0,0,0,1,0,1,0,0,2,1,0,1,1,SEVERE,"SEVERE: colder_than_normal, snowier_than_normal | extreme_event_trigger",RULE_BASED_UNWEIGHTED_WEATHER_DIMENSIONS,DERIVED_FROM_PUBLIC_WEATHER,PROJECT_ASSUMPTION
2025-02-17,CA_ON,"Toronto, ON",-7.943,0.0,1.54,34.4,0,-2.4,5.0,7.793,-5.543,-5.0,-6.253,0,0,1,0,0,0,1,0,0,0,0,1,0,0,1,1,NORMAL,NORMAL: isolated adverse dimension without severe compound conditions | colder_than_normal,RULE_BASED_UNWEIGHTED_WEATHER_DIMENSIONS,DERIVED_FROM_PUBLIC_WEATHER,PROJECT_ASSUMPTION
2025-02-24,CA_ON,"Toronto, ON",-1.071,1.1,2.87,36.7,0,0.367,4.967,10.22,-1.438,-3.867,-7.35,0,0,1,0,0,0,0,0,0,0,0,0,0,0,1,1,NORMAL,NORMAL: no material adverse or mild scenario trigger,RULE_BASED_UNWEIGHTED_WEATHER_DIMENSIONS,DERIVED_FROM_PUBLIC_WEATHER,PROJECT_ASSUMPTION
2025-03-03,CA_ON,"Toronto, ON",0.071,19.1,0.21,32.1,2,1.219,7.333,4.923,-1.148,11.767,-4.713,0,0,0,0,1,0,0,0,0,1,0,1,0,0,1,1,NORMAL,NORMAL: isolated adverse dimension without severe compound conditions | wet_cold_compound,RULE_BASED_UNWEIGHTED_WEATHER_DIMENSIONS,DERIVED_FROM_PUBLIC_WEATHER,PROJECT_ASSUMPTION
2025-03-10,CA_ON,"Toronto, ON",4.929,15.5,0.0,34.4,0,3.595,15.033,2.59,1.334,0.467,-2.59,0,0,0,0,0,0,0,0,0,0,0,0,0,0,1,1,NORMAL,NORMAL: no material adverse or mild scenario trigger,RULE_BASED_UNWEIGHTED_WEATHER_DIMENSIONS,DERIVED_FROM_PUBLIC_WEATHER,PROJECT_ASSUMPTION
2025-03-17,CA_ON,"Toronto, ON",4.157,4.2,0.14,31.6,0,1.662,11.733,3.453,2.495,-7.533,-3.313,0,0,0,0,0,0,0,0,0,0,0,0,0,1,1,1,MILD,MILD: warmer_than_seasonal_reference with no adverse weather dimensions,RULE_BASED_UNWEIGHTED_WEATHER_DIMENSIONS,DERIVED_FROM_PUBLIC_WEATHER,PROJECT_ASSUMPTION
2025-03-24,CA_ON,"Toronto, ON",1.8,21.9,2.1,31.6,5,2.533,13.367,2.357,-0.733,8.533,-0.257,0,0,0,0,1,0,0,0,0,1,0,1,0,0,1,1,NORMAL,NORMAL: isolated adverse dimension without severe compound conditions | wet_cold_compound,RULE_BASED_UNWEIGHTED_WEATHER_DIMENSIONS,DERIVED_FROM_PUBLIC_WEATHER,PROJECT_ASSUMPTION
2025-03-31,CA_ON,"Toronto, ON",5.057,29.7,3.36,32.9,1,5.785,17.6,2.263,-0.728,12.1,1.097,0,0,0,0,0,0,0,0,0,0,0,0,0,0,1,1,NORMAL,NORMAL: no material adverse or mild scenario trigger,RULE_BASED_UNWEIGHTED_WEATHER_DIMENSIONS,DERIVED_FROM_PUBLIC_WEATHER,PROJECT_ASSUMPTION
2025-04-07,CA_ON,"Toronto, ON",2.343,2.6,2.45,34.4,1,11.324,20.133,0.0,-8.981,-17.533,2.45,0,0,0,0,0,0,1,0,0,0,0,1,0,0,1,1,NORMAL,NORMAL: isolated adverse dimension without severe compound conditions | colder_than_normal,RULE_BASED_UNWEIGHTED_WEATHER_DIMENSIONS,DERIVED_FROM_PUBLIC_WEATHER,PROJECT_ASSUMPTION
2025-04-14,CA_ON,"Toronto, ON",8.386,3.5,0.0,33.3,0,7.315,19.133,1.983,1.071,-15.633,-1.983,0,0,0,0,0,0,0,0,0,0,0,0,0,0,1,1,NORMAL,NORMAL: no material adverse or mild scenario trigger,RULE_BASED_UNWEIGHTED_WEATHER_DIMENSIONS,DERIVED_FROM_PUBLIC_WEATHER,PROJECT_ASSUMPTION
2025-04-21,CA_ON,"Toronto, ON",10.3,6.8,0.0,32.8,0,7.676,20.567,0.0,2.624,-13.767,0.0,0,0,0,0,0,0,0,0,0,0,0,0,0,1,1,1,MILD,MILD: warmer_than_seasonal_reference with no adverse weather dimensions,RULE_BASED_UNWEIGHTED_WEATHER_DIMENSIONS,DERIVED_FROM_PUBLIC_WEATHER,PROJECT_ASSUMPTION
2025-04-28,CA_ON,"Toronto, ON",10.6,15.7,0.0,31.9,0,10.724,22.333,0.0,-0.124,-6.633,0.0,0,0,0,0,0,0,0,0,0,0,0,0,0,0,1,1,NORMAL,NORMAL: no material adverse or mild scenario trigger,RULE_BASED_UNWEIGHTED_WEATHER_DIMENSIONS,DERIVED_FROM_PUBLIC_WEATHER,PROJECT_ASSUMPTION
2025-05-05,CA_ON,"Toronto, ON",12.1,12.9,0.0,22.5,0,14.795,3.4,0.0,-2.695,9.5,0.0,0,0,0,0,0,0,1,0,0,0,0,1,0,0,1,1,NORMAL,NORMAL: isolated adverse dimension without severe compound conditions | colder_than_normal,RULE_BASED_UNWEIGHTED_WEATHER_DIMENSIONS,DERIVED_FROM_PUBLIC_WEATHER,PROJECT_ASSUMPTION
2025-05-12,CA_ON,"Toronto, ON",15.243,13.2,0.0,25.6,0,14.548,15.767,0.0,0.695,-2.567,0.0,0,0,0,0,0,0,0,0,0,0,0,0,0,0,1,1,NORMAL,NORMAL: no material adverse or mild scenario trigger,RULE_BASED_UNWEIGHTED_WEATHER_DIMENSIONS,DERIVED_FROM_PUBLIC_WEATHER,PROJECT_ASSUMPTION
2025-05-19,CA_ON,"Toronto, ON",10.171,40.4,0.0,28.8,0,16.253,7.633,0.0,-6.082,32.767,0.0,0,0,0,0,0,0,1,1,0,0,0,2,0,0,1,1,SEVERE,"SEVERE: colder_than_normal, wetter_than_normal",RULE_BASED_UNWEIGHTED_WEATHER_DIMENSIONS,DERIVED_FROM_PUBLIC_WEATHER,PROJECT_ASSUMPTION
2025-05-26,CA_ON,"Toronto, ON",14.043,7.5,0.0,32.0,0,18.576,14.233,0.0,-4.533,-6.733,0.0,0,0,0,0,0,0,1,0,0,0,0,1,0,0,1,1,NORMAL,NORMAL: isolated adverse dimension without severe compound conditions | colder_than_normal,RULE_BASED_UNWEIGHTED_WEATHER_DIMENSIONS,DERIVED_FROM_PUBLIC_WEATHER,PROJECT_ASSUMPTION
2025-06-02,CA_ON,"Toronto, ON",18.643,14.1,0.0,25.4,0,17.619,36.8,0.0,1.024,-22.7,0.0,0,0,0,0,0,0,0,0,0,0,0,0,0,0,1,1,NORMAL,NORMAL: no material adverse or mild scenario trigger,RULE_BASED_UNWEIGHTED_WEATHER_DIMENSIONS,DERIVED_FROM_PUBLIC_WEATHER,PROJECT_ASSUMPTION
2025-06-09,CA_ON,"Toronto, ON",17.643,1.8,0.0,23.6,0,17.852,20.133,0.0,-0.209,-18.333,0.0,0,0,0,0,0,0,0,0,0,0,0,0,0,0,1,1,NORMAL,NORMAL: no material adverse or mild scenario trigger,RULE_BASED_UNWEIGHTED_WEATHER_DIMENSIONS,DERIVED_FROM_PUBLIC_WEATHER,PROJECT_ASSUMPTION
2025-06-16,CA_ON,"Toronto, ON",21.429,26.0,0.0,37.3,0,22.167,17.6,0.0,-0.738,8.4,0.0,0,0,0,0,0,0,0,0,0,0,0,0,0,0,1,1,NORMAL,NORMAL: no material adverse or mild scenario trigger,RULE_BASED_UNWEIGHTED_WEATHER_DIMENSIONS,DERIVED_FROM_PUBLIC_WEATHER,PROJECT_ASSUMPTION
2025-06-23,CA_ON,"Toronto, ON",23.514,6.0,0.0,21.7,0,20.072,24.3,0.0,3.442,-18.3,0.0,0,0,0,0,0,0,0,0,0,0,0,0,0,1,1,1,MILD,MILD: warmer_than_seasonal_reference with no adverse weather dimensions,RULE_BASED_UNWEIGHTED_WEATHER_DIMENSIONS,DERIVED_FROM_PUBLIC_WEATHER,PROJECT_ASSUMPTION
2025-06-30,CA_ON,"Toronto, ON",23.286,11.3,0.0,25.3,0,21.236,10.55,0.0,2.05,0.75,0.0,0,0,0,0,0,0,0,0,0,0,0,0,0,1,1,1,MILD,MILD: warmer_than_seasonal_reference with no adverse weather dimensions,RULE_BASED_UNWEIGHTED_WEATHER_DIMENSIONS,DERIVED_FROM_PUBLIC_WEATHER,PROJECT_ASSUMPTION
2025-07-07,CA_ON,"Toronto, ON",24.329,7.9,0.0,21.4,0,22.039,29.125,0.0,2.29,-21.225,0.0,0,0,0,0,0,0,0,0,0,0,0,0,0,1,1,1,MILD,MILD: warmer_than_seasonal_reference with no adverse weather dimensions,RULE_BASED_UNWEIGHTED_WEATHER_DIMENSIONS,DERIVED_FROM_PUBLIC_WEATHER,PROJECT_ASSUMPTION
2025-07-14,CA_ON,"Toronto, ON",23.014,13.0,0.0,30.5,0,22.407,36.1,0.0,0.607,-23.1,0.0,0,0,0,0,0,0,0,0,0,0,0,0,0,0,1,1,NORMAL,NORMAL: no material adverse or mild scenario trigger,RULE_BASED_UNWEIGHTED_WEATHER_DIMENSIONS,DERIVED_FROM_PUBLIC_WEATHER,PROJECT_ASSUMPTION
2025-07-21,CA_ON,"Toronto, ON",23.0,13.6,0.0,24.0,0,21.21,22.875,0.0,1.79,-9.275,0.0,0,0,0,0,0,0,0,0,0,0,0,0,0,0,1,1,NORMAL,NORMAL: no material adverse or mild scenario trigger,RULE_BASED_UNWEIGHTED_WEATHER_DIMENSIONS,DERIVED_FROM_PUBLIC_WEATHER,PROJECT_ASSUMPTION
2025-07-28,CA_ON,"Toronto, ON",22.4,6.7,0.0,22.6,0,22.532,9.525,0.0,-0.133,-2.825,0.0,0,0,0,0,0,0,0,0,0,0,0,0,0,0,1,1,NORMAL,NORMAL: no material adverse or mild scenario trigger,RULE_BASED_UNWEIGHTED_WEATHER_DIMENSIONS,DERIVED_FROM_PUBLIC_WEATHER,PROJECT_ASSUMPTION
2025-08-04,CA_ON,"Toronto, ON",23.686,0.5,0.0,17.3,0,21.586,20.3,0.0,2.1,-19.8,0.0,0,0,0,0,0,0,0,0,0,0,0,0,0,1,1,1,MILD,MILD: warmer_than_seasonal_reference with no adverse weather dimensions,RULE_BASED_UNWEIGHTED_WEATHER_DIMENSIONS,DERIVED_FROM_PUBLIC_WEATHER,PROJECT_ASSUMPTION
2025-08-11,CA_ON,"Toronto, ON",24.2,18.4,0.0,22.2,0,21.736,16.675,0.0,2.464,1.725,0.0,0,0,0,0,0,0,0,0,0,0,0,0,0,1,1,1,MILD,MILD: warmer_than_seasonal_reference with no adverse weather dimensions,RULE_BASED_UNWEIGHTED_WEATHER_DIMENSIONS,DERIVED_FROM_PUBLIC_WEATHER,PROJECT_ASSUMPTION
2025-08-18,CA_ON,"Toronto, ON",19.771,29.2,0.0,21.7,0,20.864,6.45,0.0,-1.093,22.75,0.0,0,0,0,0,0,0,0,1,0,0,0,1,0,0,1,1,NORMAL,NORMAL: isolated adverse dimension without severe compound conditions | wetter_than_normal,RULE_BASED_UNWEIGHTED_WEATHER_DIMENSIONS,DERIVED_FROM_PUBLIC_WEATHER,PROJECT_ASSUMPTION
2025-08-25,CA_ON,"Toronto, ON",15.857,13.1,0.0,23.6,0,20.257,7.275,0.0,-4.4,5.825,0.0,0,0,0,0,0,0,1,0,0,0,0,1,0,0,1,1,NORMAL,NORMAL: isolated adverse dimension without severe compound conditions | colder_than_normal,RULE_BASED_UNWEIGHTED_WEATHER_DIMENSIONS,DERIVED_FROM_PUBLIC_WEATHER,PROJECT_ASSUMPTION
2025-09-01,CA_ON,"Toronto, ON",16.943,14.6,0.0,36.7,0,19.289,6.4,0.0,-2.346,8.2,0.0,0,0,0,0,0,0,1,0,0,0,0,1,0,0,1,1,NORMAL,NORMAL: isolated adverse dimension without severe compound conditions | colder_than_normal,RULE_BASED_UNWEIGHTED_WEATHER_DIMENSIONS,DERIVED_FROM_PUBLIC_WEATHER,PROJECT_ASSUMPTION
2025-09-08,CA_ON,"Toronto, ON",16.886,1.2,0.0,13.7,0,17.854,7.05,0.0,-0.968,-5.85,0.0,0,0,0,0,0,0,0,0,0,0,0,0,0,0,1,1,NORMAL,NORMAL: no material adverse or mild scenario trigger,RULE_BASED_UNWEIGHTED_WEATHER_DIMENSIONS,DERIVED_FROM_PUBLIC_WEATHER,PROJECT_ASSUMPTION
2025-09-15,CA_ON,"Toronto, ON",17.071,1.1,0.0,18.6,0,16.993,21.925,0.0,0.078,-20.825,0.0,0,0,0,0,0,0,0,0,0,0,0,0,0,0,1,1,NORMAL,NORMAL: no material adverse or mild scenario trigger,RULE_BASED_UNWEIGHTED_WEATHER_DIMENSIONS,DERIVED_FROM_PUBLIC_WEATHER,PROJECT_ASSUMPTION
2025-09-22,CA_ON,"Toronto, ON",19.486,21.4,0.0,16.2,0,15.975,19.45,0.0,3.511,1.95,0.0,0,0,0,0,0,0,0,0,0,0,0,0,0,1,1,1,MILD,MILD: warmer_than_seasonal_reference with no adverse weather dimensions,RULE_BASED_UNWEIGHTED_WEATHER_DIMENSIONS,DERIVED_FROM_PUBLIC_WEATHER,PROJECT_ASSUMPTION
2025-09-29,CA_ON,"Toronto, ON",16.2,0.0,0.0,16.5,0,15.4,17.15,0.0,0.8,-17.15,0.0,0,0,0,0,0,0,0,0,0,0,0,0,0,0,1,1,NORMAL,NORMAL: no material adverse or mild scenario trigger,RULE_BASED_UNWEIGHTED_WEATHER_DIMENSIONS,DERIVED_FROM_PUBLIC_WEATHER,PROJECT_ASSUMPTION
2025-10-06,CA_ON,"Toronto, ON",13.671,10.9,0.0,23.5,0,12.364,11.15,0.0,1.307,-0.25,0.0,0,0,0,0,0,0,0,0,0,0,0,0,0,0,1,1,NORMAL,NORMAL: no material adverse or mild scenario trigger,RULE_BASED_UNWEIGHTED_WEATHER_DIMENSIONS,DERIVED_FROM_PUBLIC_WEATHER,PROJECT_ASSUMPTION
2025-10-13,CA_ON,"Toronto, ON",13.043,17.1,0.0,28.4,0,9.782,5.3,0.0,3.261,11.8,0.0,0,0,0,0,0,0,0,0,0,0,0,0,0,1,1,1,MILD,MILD: warmer_than_seasonal_reference with no adverse weather dimensions,RULE_BASED_UNWEIGHTED_WEATHER_DIMENSIONS,DERIVED_FROM_PUBLIC_WEATHER,PROJECT_ASSUMPTION
2025-10-20,CA_ON,"Toronto, ON",8.186,12.1,0.0,26.4,0,10.775,14.975,0.0,-2.589,-2.875,0.0,0,0,0,0,0,0,1,0,0,0,0,1,0,0,1,1,NORMAL,NORMAL: isolated adverse dimension without severe compound conditions | colder_than_normal,RULE_BASED_UNWEIGHTED_WEATHER_DIMENSIONS,DERIVED_FROM_PUBLIC_WEATHER,PROJECT_ASSUMPTION
2025-10-27,CA_ON,"Toronto, ON",6.543,20.6,0.0,34.5,0,8.421,5.825,0.0,-1.878,14.775,0.0,0,0,0,0,0,0,0,0,0,0,0,0,0,0,1,1,NORMAL,NORMAL: no material adverse or mild scenario trigger,RULE_BASED_UNWEIGHTED_WEATHER_DIMENSIONS,DERIVED_FROM_PUBLIC_WEATHER,PROJECT_ASSUMPTION
2025-11-03,CA_ON,"Toronto, ON",5.843,9.8,4.97,30.0,0,8.182,15.65,0.192,-2.339,-5.85,4.778,0,0,0,0,0,0,1,0,0,0,0,1,0,0,1,1,NORMAL,NORMAL: isolated adverse dimension without severe compound conditions | colder_than_normal,RULE_BASED_UNWEIGHTED_WEATHER_DIMENSIONS,DERIVED_FROM_PUBLIC_WEATHER,PROJECT_ASSUMPTION
2025-11-10,CA_ON,"Toronto, ON",2.586,7.4,2.03,34.4,0,3.957,6.3,1.085,-1.371,1.1,0.945,0,0,0,0,0,0,0,0,0,0,0,0,0,0,1,1,NORMAL,NORMAL: no material adverse or mild scenario trigger,RULE_BASED_UNWEIGHTED_WEATHER_DIMENSIONS,DERIVED_FROM_PUBLIC_WEATHER,PROJECT_ASSUMPTION
2025-11-17,CA_ON,"Toronto, ON",2.9,1.4,0.07,26.2,0,3.139,15.425,1.155,-0.239,-14.025,-1.085,0,0,0,0,0,0,0,0,0,0,0,0,0,0,1,1,NORMAL,NORMAL: no material adverse or mild scenario trigger,RULE_BASED_UNWEIGHTED_WEATHER_DIMENSIONS,DERIVED_FROM_PUBLIC_WEATHER,PROJECT_ASSUMPTION
2025-11-24,CA_ON,"Toronto, ON",2.686,7.8,5.32,37.1,1,1.661,10.975,2.258,1.025,-3.175,3.062,0,0,0,0,0,0,0,0,0,0,0,0,0,0,1,1,NORMAL,NORMAL: no material adverse or mild scenario trigger,RULE_BASED_UNWEIGHTED_WEATHER_DIMENSIONS,DERIVED_FROM_PUBLIC_WEATHER,PROJECT_ASSUMPTION
2025-12-01,CA_ON,"Toronto, ON",-3.043,0.0,3.57,28.0,0,1.596,11.325,3.43,-4.639,-11.325,0.14,0,0,1,0,0,0,1,0,0,0,0,1,0,0,1,1,NORMAL,NORMAL: isolated adverse dimension without severe compound conditions | colder_than_normal,RULE_BASED_UNWEIGHTED_WEATHER_DIMENSIONS,DERIVED_FROM_PUBLIC_WEATHER,PROJECT_ASSUMPTION
2025-12-08,CA_ON,"Toronto, ON",-5.714,1.5,8.26,30.6,1,1.182,9.1,4.778,-6.896,-7.6,3.482,0,0,1,0,0,0,1,0,0,0,0,1,0,0,1,1,NORMAL,NORMAL: isolated adverse dimension without severe compound conditions | colder_than_normal,RULE_BASED_UNWEIGHTED_WEATHER_DIMENSIONS,DERIVED_FROM_PUBLIC_WEATHER,PROJECT_ASSUMPTION
2025-12-15,CA_ON,"Toronto, ON",-0.729,10.9,1.33,33.5,1,-1.018,10.85,3.412,0.289,0.05,-2.082,0,0,1,0,0,0,0,0,0,0,0,0,0,0,1,1,NORMAL,NORMAL: no material adverse or mild scenario trigger,RULE_BASED_UNWEIGHTED_WEATHER_DIMENSIONS,DERIVED_FROM_PUBLIC_WEATHER,PROJECT_ASSUMPTION
2025-12-22,CA_ON,"Toronto, ON",-2.086,19.9,13.93,33.3,1,2.014,18.4,4.078,-4.1,1.5,9.852,0,0,1,0,0,0,1,0,1,0,0,2,0,0,1,1,SEVERE,"SEVERE: colder_than_normal, snowier_than_normal",RULE_BASED_UNWEIGHTED_WEATHER_DIMENSIONS,DERIVED_FROM_PUBLIC_WEATHER,PROJECT_ASSUMPTION
2025-12-29,CA_ON,"Toronto, ON",-5.429,3.8,3.85,39.3,1,-0.904,9.55,1.418,-4.526,-5.75,2.432,0,0,1,0,0,0,1,0,0,0,0,1,0,0,1,1,NORMAL,NORMAL: isolated adverse dimension without severe compound conditions | colder_than_normal,RULE_BASED_UNWEIGHTED_WEATHER_DIMENSIONS,DERIVED_FROM_PUBLIC_WEATHER,PROJECT_ASSUMPTION
2026-01-05,CA_ON,"Toronto, ON",1.171,20.1,6.09,38.8,3,-4.207,8.625,5.88,5.378,11.475,0.21,0,0,0,0,1,0,0,0,0,1,0,1,0,0,1,1,NORMAL,NORMAL: isolated adverse dimension without severe compound conditions | wet_cold_compound,RULE_BASED_UNWEIGHTED_WEATHER_DIMENSIONS,DERIVED_FROM_PUBLIC_WEATHER,PROJECT_ASSUMPTION
2026-01-12,CA_ON,"Toronto, ON",-3.671,0.9,16.1,31.3,0,-5.246,2.05,8.26,1.576,-1.15,7.84,0,1,1,0,0,0,0,0,1,0,0,1,1,0,1,1,SEVERE,SEVERE: snowier_than_normal | extreme_event_trigger,RULE_BASED_UNWEIGHTED_WEATHER_DIMENSIONS,DERIVED_FROM_PUBLIC_WEATHER,PROJECT_ASSUMPTION
2026-01-19,CA_ON,"Toronto, ON",-10.371,0.0,10.99,33.8,0,-5.118,8.775,7.56,-5.253,-8.775,3.43,0,0,1,1,0,0,1,0,0,0,0,1,1,0,1,1,SEVERE,SEVERE: colder_than_normal | extreme_event_trigger,RULE_BASED_UNWEIGHTED_WEATHER_DIMENSIONS,DERIVED_FROM_PUBLIC_WEATHER,PROJECT_ASSUMPTION
2026-01-26,CA_ON,"Toronto, ON",-13.671,0.0,1.05,25.8,0,-4.55,1.275,4.445,-9.121,-1.275,-3.395,0,0,1,1,0,0,1,0,0,0,0,1,1,0,1,1,SEVERE,SEVERE: colder_than_normal | extreme_event_trigger,RULE_BASED_UNWEIGHTED_WEATHER_DIMENSIONS,DERIVED_FROM_PUBLIC_WEATHER,PROJECT_ASSUMPTION
2026-02-02,CA_ON,"Toronto, ON",-11.414,0.0,2.38,36.7,0,-0.825,6.275,2.782,-10.589,-6.275,-0.402,0,0,1,1,0,0,1,0,0,0,0,1,1,0,1,1,SEVERE,SEVERE: colder_than_normal | extreme_event_trigger,RULE_BASED_UNWEIGHTED_WEATHER_DIMENSIONS,DERIVED_FROM_PUBLIC_WEATHER,PROJECT_ASSUMPTION
2026-02-09,CA_ON,"Toronto, ON",-5.286,0.1,2.38,26.4,0,-2.846,6.875,13.702,-2.44,-6.775,-11.323,0,0,1,0,0,0,1,0,0,0,0,1,0,0,1,1,NORMAL,NORMAL: isolated adverse dimension without severe compound conditions | colder_than_normal,RULE_BASED_UNWEIGHTED_WEATHER_DIMENSIONS,DERIVED_FROM_PUBLIC_WEATHER,PROJECT_ASSUMPTION
2026-02-16,CA_ON,"Toronto, ON",0.329,11.8,13.23,29.0,3,-3.786,3.75,6.23,4.115,8.05,7.0,0,0,0,0,1,0,0,0,1,1,0,2,0,0,1,1,SEVERE,"SEVERE: snowier_than_normal, wet_cold_compound",RULE_BASED_UNWEIGHTED_WEATHER_DIMENSIONS,DERIVED_FROM_PUBLIC_WEATHER,PROJECT_ASSUMPTION
2026-02-23,CA_ON,"Toronto, ON",-4.543,0.4,3.22,28.8,0,0.007,4.0,8.382,-4.55,-3.6,-5.162,0,0,1,0,0,0,1,0,0,0,0,1,0,0,1,1,NORMAL,NORMAL: isolated adverse dimension without severe compound conditions | colder_than_normal,RULE_BASED_UNWEIGHTED_WEATHER_DIMENSIONS,DERIVED_FROM_PUBLIC_WEATHER,PROJECT_ASSUMPTION
2026-03-02,CA_ON,"Toronto, ON",0.214,13.4,0.0,29.5,1,0.932,10.275,3.745,-0.718,3.125,-3.745,0,0,0,0,0,0,0,0,0,0,0,0,0,0,1,1,NORMAL,NORMAL: no material adverse or mild scenario trigger,RULE_BASED_UNWEIGHTED_WEATHER_DIMENSIONS,DERIVED_FROM_PUBLIC_WEATHER,PROJECT_ASSUMPTION
2026-03-09,CA_ON,"Toronto, ON",3.557,15.6,6.37,36.2,1,3.929,15.15,1.942,-0.372,0.45,4.428,0,0,0,0,0,0,0,0,0,0,0,0,0,0,1,1,NORMAL,NORMAL: no material adverse or mild scenario trigger,RULE_BASED_UNWEIGHTED_WEATHER_DIMENSIONS,DERIVED_FROM_PUBLIC_WEATHER,PROJECT_ASSUMPTION
2026-03-16,CA_ON,"Toronto, ON",0.614,22.4,3.22,38.7,2,2.286,9.85,2.625,-1.672,12.55,0.595,0,0,0,0,1,0,0,0,0,1,0,1,0,0,1,1,NORMAL,NORMAL: isolated adverse dimension without severe compound conditions | wet_cold_compound,RULE_BASED_UNWEIGHTED_WEATHER_DIMENSIONS,DERIVED_FROM_PUBLIC_WEATHER,PROJECT_ASSUMPTION
2026-03-23,CA_ON,"Toronto, ON",1.029,8.0,0.42,31.1,0,2.35,15.5,2.292,-1.321,-7.5,-1.872,0,0,0,0,0,0,0,0,0,0,0,0,0,0,1,1,NORMAL,NORMAL: no material adverse or mild scenario trigger,RULE_BASED_UNWEIGHTED_WEATHER_DIMENSIONS,DERIVED_FROM_PUBLIC_WEATHER,PROJECT_ASSUMPTION
2026-03-30,CA_ON,"Toronto, ON",7.7,34.6,0.0,32.1,2,5.603,20.625,2.538,2.097,13.975,-2.538,0,0,0,0,1,0,0,0,0,1,0,1,0,0,1,1,NORMAL,NORMAL: isolated adverse dimension without severe compound conditions | wet_cold_compound,RULE_BASED_UNWEIGHTED_WEATHER_DIMENSIONS,DERIVED_FROM_PUBLIC_WEATHER,PROJECT_ASSUMPTION
2026-04-06,CA_ON,"Toronto, ON",3.314,11.9,0.0,32.0,3,9.078,15.75,0.612,-5.764,-3.85,-0.612,0,0,0,0,1,0,1,0,0,1,0,2,0,0,1,1,SEVERE,"SEVERE: colder_than_normal, wet_cold_compound",RULE_BASED_UNWEIGHTED_WEATHER_DIMENSIONS,DERIVED_FROM_PUBLIC_WEATHER,PROJECT_ASSUMPTION
2026-04-13,CA_ON,"Toronto, ON",12.443,29.7,0.07,30.1,1,7.582,15.225,1.488,4.86,14.475,-1.418,0,0,0,0,0,0,0,0,0,0,0,0,0,1,1,1,MILD,MILD: warmer_than_seasonal_reference with no adverse weather dimensions,RULE_BASED_UNWEIGHTED_WEATHER_DIMENSIONS,DERIVED_FROM_PUBLIC_WEATHER,PROJECT_ASSUMPTION
2026-04-20,CA_ON,"Toronto, ON",7.114,10.8,0.0,22.0,0,8.332,17.125,0.0,-1.218,-6.325,0.0,0,0,0,0,0,0,0,0,0,0,0,0,0,0,1,1,NORMAL,NORMAL: no material adverse or mild scenario trigger,RULE_BASED_UNWEIGHTED_WEATHER_DIMENSIONS,DERIVED_FROM_PUBLIC_WEATHER,PROJECT_ASSUMPTION
2026-04-27,CA_ON,"Toronto, ON",8.1,23.1,0.0,24.2,1,10.693,20.675,0.0,-2.593,2.425,0.0,0,0,0,0,0,0,1,0,0,0,0,1,0,0,1,1,NORMAL,NORMAL: isolated adverse dimension without severe compound conditions | colder_than_normal,RULE_BASED_UNWEIGHTED_WEATHER_DIMENSIONS,DERIVED_FROM_PUBLIC_WEATHER,PROJECT_ASSUMPTION
2026-05-04,CA_ON,"Toronto, ON",9.957,7.3,0.0,26.9,0,14.122,5.775,0.0,-4.164,1.525,0.0,0,0,0,0,0,0,1,0,0,0,0,1,0,0,1,1,NORMAL,NORMAL: isolated adverse dimension without severe compound conditions | colder_than_normal,RULE_BASED_UNWEIGHTED_WEATHER_DIMENSIONS,DERIVED_FROM_PUBLIC_WEATHER,PROJECT_ASSUMPTION
2026-05-11,CA_ON,"Toronto, ON",11.543,21.0,0.0,26.9,0,14.722,15.125,0.0,-3.179,5.875,0.0,0,0,0,0,0,0,1,0,0,0,0,1,0,0,1,1,NORMAL,NORMAL: isolated adverse dimension without severe compound conditions | colder_than_normal,RULE_BASED_UNWEIGHTED_WEATHER_DIMENSIONS,DERIVED_FROM_PUBLIC_WEATHER,PROJECT_ASSUMPTION
2026-05-18,CA_ON,"Toronto, ON",14.429,43.2,0.0,34.2,0,14.732,15.825,0.0,-0.303,27.375,0.0,0,0,0,0,0,0,0,1,0,0,0,1,0,0,1,1,NORMAL,NORMAL: isolated adverse dimension without severe compound conditions | wetter_than_normal,RULE_BASED_UNWEIGHTED_WEATHER_DIMENSIONS,DERIVED_FROM_PUBLIC_WEATHER,PROJECT_ASSUMPTION
2026-05-25,CA_ON,"Toronto, ON",17.457,0.2,0.0,28.0,0,17.443,12.55,0.0,0.014,-12.35,0.0,0,0,0,0,0,0,0,0,0,0,0,0,0,0,1,1,NORMAL,NORMAL: no material adverse or mild scenario trigger,RULE_BASED_UNWEIGHTED_WEATHER_DIMENSIONS,DERIVED_FROM_PUBLIC_WEATHER,PROJECT_ASSUMPTION
2026-06-01,CA_ON,"Toronto, ON",19.357,22.6,0.0,33.2,0,17.875,31.125,0.0,1.482,-8.525,0.0,0,0,0,0,0,0,0,0,0,0,0,0,0,0,1,1,NORMAL,NORMAL: no material adverse or mild scenario trigger,RULE_BASED_UNWEIGHTED_WEATHER_DIMENSIONS,DERIVED_FROM_PUBLIC_WEATHER,PROJECT_ASSUMPTION
2026-06-08,CA_ON,"Toronto, ON",20.829,41.2,0.0,23.4,0,17.8,15.55,0.0,3.029,25.65,0.0,0,0,0,0,0,0,0,1,0,0,0,1,0,0,1,1,NORMAL,NORMAL: isolated adverse dimension without severe compound conditions | wetter_than_normal,RULE_BASED_UNWEIGHTED_WEATHER_DIMENSIONS,DERIVED_FROM_PUBLIC_WEATHER,PROJECT_ASSUMPTION
2026-06-15,CA_ON,"Toronto, ON",17.443,27.1,0.0,35.1,0,21.982,19.7,0.0,-4.539,7.4,0.0,0,0,0,0,0,0,1,0,0,0,0,1,0,0,1,1,NORMAL,NORMAL: isolated adverse dimension without severe compound conditions | colder_than_normal,RULE_BASED_UNWEIGHTED_WEATHER_DIMENSIONS,DERIVED_FROM_PUBLIC_WEATHER,PROJECT_ASSUMPTION
2026-06-22,CA_ON,"Toronto, ON",18.243,14.0,0.0,17.3,0,20.932,19.725,0.0,-2.689,-5.725,0.0,0,0,0,0,0,0,1,0,0,0,0,1,0,0,1,1,NORMAL,NORMAL: isolated adverse dimension without severe compound conditions | colder_than_normal,RULE_BASED_UNWEIGHTED_WEATHER_DIMENSIONS,DERIVED_FROM_PUBLIC_WEATHER,PROJECT_ASSUMPTION
2021-07-05,CA_PNW,"Vancouver, BC",19.5,0.1,0.0,14.3,0,,,,,,,0,0,0,0,0,0,0,0,0,0,0,0,0,0,0,0,REFERENCE_UNAVAILABLE,No prior-year seasonal weather reference available,RULE_BASED_UNWEIGHTED_WEATHER_DIMENSIONS,DERIVED_FROM_PUBLIC_WEATHER,PROJECT_ASSUMPTION
2021-07-12,CA_PNW,"Vancouver, BC",18.643,0.4,0.0,13.8,0,,,,,,,0,0,0,0,0,0,0,0,0,0,0,0,0,0,0,0,REFERENCE_UNAVAILABLE,No prior-year seasonal weather reference available,RULE_BASED_UNWEIGHTED_WEATHER_DIMENSIONS,DERIVED_FROM_PUBLIC_WEATHER,PROJECT_ASSUMPTION
2021-07-19,CA_PNW,"Vancouver, BC",19.314,0.2,0.0,13.5,0,,,,,,,0,0,0,0,0,0,0,0,0,0,0,0,0,0,0,0,REFERENCE_UNAVAILABLE,No prior-year seasonal weather reference available,RULE_BASED_UNWEIGHTED_WEATHER_DIMENSIONS,DERIVED_FROM_PUBLIC_WEATHER,PROJECT_ASSUMPTION
2021-07-26,CA_PNW,"Vancouver, BC",22.386,0.0,0.0,11.7,0,,,,,,,0,0,0,0,0,0,0,0,0,0,0,0,0,0,0,0,REFERENCE_UNAVAILABLE,No prior-year seasonal weather reference available,RULE_BASED_UNWEIGHTED_WEATHER_DIMENSIONS,DERIVED_FROM_PUBLIC_WEATHER,PROJECT_ASSUMPTION
2021-08-02,CA_PNW,"Vancouver, BC",20.557,23.5,0.0,12.6,0,,,,,,,0,0,0,0,0,0,0,0,0,0,0,0,0,0,0,0,REFERENCE_UNAVAILABLE,No prior-year seasonal weather reference available,RULE_BASED_UNWEIGHTED_WEATHER_DIMENSIONS,DERIVED_FROM_PUBLIC_WEATHER,PROJECT_ASSUMPTION
2021-08-09,CA_PNW,"Vancouver, BC",22.657,0.0,0.0,11.2,0,,,,,,,0,0,0,0,0,0,0,0,0,0,0,0,0,0,0,0,REFERENCE_UNAVAILABLE,No prior-year seasonal weather reference available,RULE_BASED_UNWEIGHTED_WEATHER_DIMENSIONS,DERIVED_FROM_PUBLIC_WEATHER,PROJECT_ASSUMPTION
2021-08-16,CA_PNW,"Vancouver, BC",17.371,21.3,0.0,12.6,0,,,,,,,0,0,0,0,0,0,0,0,0,0,0,0,0,0,0,0,REFERENCE_UNAVAILABLE,No prior-year seasonal weather reference available,RULE_BASED_UNWEIGHTED_WEATHER_DIMENSIONS,DERIVED_FROM_PUBLIC_WEATHER,PROJECT_ASSUMPTION
2021-08-23,CA_PNW,"Vancouver, BC",16.886,11.2,0.0,10.8,0,,,,,,,0,0,0,0,0,0,0,0,0,0,0,0,0,0,0,0,REFERENCE_UNAVAILABLE,No prior-year seasonal weather reference available,RULE_BASED_UNWEIGHTED_WEATHER_DIMENSIONS,DERIVED_FROM_PUBLIC_WEATHER,PROJECT_ASSUMPTION
2021-08-30,CA_PNW,"Vancouver, BC",16.014,11.0,0.0,12.7,0,,,,,,,0,0,0,0,0,0,0,0,0,0,0,0,0,0,0,0,REFERENCE_UNAVAILABLE,No prior-year seasonal weather reference available,RULE_BASED_UNWEIGHTED_WEATHER_DIMENSIONS,DERIVED_FROM_PUBLIC_WEATHER,PROJECT_ASSUMPTION
2021-09-06,CA_PNW,"Vancouver, BC",17.643,9.6,0.0,10.8,0,,,,,,,0,0,0,0,0,0,0,0,0,0,0,0,0,0,0,0,REFERENCE_UNAVAILABLE,No prior-year seasonal weather reference available,RULE_BASED_UNWEIGHTED_WEATHER_DIMENSIONS,DERIVED_FROM_PUBLIC_WEATHER,PROJECT_ASSUMPTION
2021-09-13,CA_PNW,"Vancouver, BC",13.814,135.4,0.0,24.5,0,,,,,,,1,0,0,0,0,0,0,1,0,0,0,1,0,0,0,0,REFERENCE_UNAVAILABLE,No prior-year seasonal weather reference available,RULE_BASED_UNWEIGHTED_WEATHER_DIMENSIONS,DERIVED_FROM_PUBLIC_WEATHER,PROJECT_ASSUMPTION
2021-09-20,CA_PNW,"Vancouver, BC",15.071,32.1,0.0,15.6,0,,,,,,,0,0,0,0,0,0,0,0,0,0,0,0,0,0,0,0,REFERENCE_UNAVAILABLE,No prior-year seasonal weather reference available,RULE_BASED_UNWEIGHTED_WEATHER_DIMENSIONS,DERIVED_FROM_PUBLIC_WEATHER,PROJECT_ASSUMPTION
2021-09-27,CA_PNW,"Vancouver, BC",12.814,128.9,0.0,24.6,0,,,,,,,1,0,0,0,0,0,0,1,0,0,0,1,0,0,0,0,REFERENCE_UNAVAILABLE,No prior-year seasonal weather reference available,RULE_BASED_UNWEIGHTED_WEATHER_DIMENSIONS,DERIVED_FROM_PUBLIC_WEATHER,PROJECT_ASSUMPTION
2021-10-04,CA_PNW,"Vancouver, BC",10.371,56.0,0.0,23.1,0,,,,,,,1,0,0,0,0,0,0,1,0,0,0,1,0,0,0,0,REFERENCE_UNAVAILABLE,No prior-year seasonal weather reference available,RULE_BASED_UNWEIGHTED_WEATHER_DIMENSIONS,DERIVED_FROM_PUBLIC_WEATHER,PROJECT_ASSUMPTION
2021-10-11,CA_PNW,"Vancouver, BC",9.771,161.3,0.0,18.9,0,,,,,,,1,0,0,0,0,0,0,1,0,0,0,1,0,0,0,0,REFERENCE_UNAVAILABLE,No prior-year seasonal weather reference available,RULE_BASED_UNWEIGHTED_WEATHER_DIMENSIONS,DERIVED_FROM_PUBLIC_WEATHER,PROJECT_ASSUMPTION
2021-10-18,CA_PNW,"Vancouver, BC",11.257,79.3,0.0,21.9,0,,,,,,,1,0,0,0,0,0,0,1,0,0,0,1,0,0,0,0,REFERENCE_UNAVAILABLE,No prior-year seasonal weather reference available,RULE_BASED_UNWEIGHTED_WEATHER_DIMENSIONS,DERIVED_FROM_PUBLIC_WEATHER,PROJECT_ASSUMPTION
2021-10-25,CA_PNW,"Vancouver, BC",9.014,107.1,0.0,26.2,0,,,,,,,1,0,0,0,0,0,0,1,0,0,0,1,0,0,0,0,REFERENCE_UNAVAILABLE,No prior-year seasonal weather reference available,RULE_BASED_UNWEIGHTED_WEATHER_DIMENSIONS,DERIVED_FROM_PUBLIC_WEATHER,PROJECT_ASSUMPTION
2021-11-01,CA_PNW,"Vancouver, BC",8.914,159.3,7.56,23.9,0,,,,,,,1,0,0,0,0,0,0,1,0,0,0,1,0,0,0,0,REFERENCE_UNAVAILABLE,No prior-year seasonal weather reference available,RULE_BASED_UNWEIGHTED_WEATHER_DIMENSIONS,DERIVED_FROM_PUBLIC_WEATHER,PROJECT_ASSUMPTION
2021-11-08,CA_PNW,"Vancouver, BC",8.171,184.5,0.0,23.8,0,,,,,,,1,0,0,0,0,0,0,1,0,0,0,1,0,0,0,0,REFERENCE_UNAVAILABLE,No prior-year seasonal weather reference available,RULE_BASED_UNWEIGHTED_WEATHER_DIMENSIONS,DERIVED_FROM_PUBLIC_WEATHER,PROJECT_ASSUMPTION
2021-11-15,CA_PNW,"Vancouver, BC",5.529,89.1,0.28,25.2,1,,,,,,,1,0,0,0,0,0,0,1,0,0,0,1,0,0,0,0,REFERENCE_UNAVAILABLE,No prior-year seasonal weather reference available,RULE_BASED_UNWEIGHTED_WEATHER_DIMENSIONS,DERIVED_FROM_PUBLIC_WEATHER,PROJECT_ASSUMPTION
2021-11-22,CA_PNW,"Vancouver, BC",7.586,155.4,0.28,14.5,0,,,,,,,1,0,0,0,0,0,0,1,0,0,0,1,0,0,0,0,REFERENCE_UNAVAILABLE,No prior-year seasonal weather reference available,RULE_BASED_UNWEIGHTED_WEATHER_DIMENSIONS,DERIVED_FROM_PUBLIC_WEATHER,PROJECT_ASSUMPTION
2021-11-29,CA_PNW,"Vancouver, BC",7.171,93.5,1.96,24.9,1,,,,,,,1,0,0,0,0,0,0,1,0,0,0,1,0,0,0,0,REFERENCE_UNAVAILABLE,No prior-year seasonal weather reference available,RULE_BASED_UNWEIGHTED_WEATHER_DIMENSIONS,DERIVED_FROM_PUBLIC_WEATHER,PROJECT_ASSUMPTION
2021-12-06,CA_PNW,"Vancouver, BC",3.986,63.5,29.26,25.1,4,,,,,,,1,1,0,0,1,0,0,1,1,1,0,3,1,0,0,0,REFERENCE_UNAVAILABLE,No prior-year seasonal weather reference available,RULE_BASED_UNWEIGHTED_WEATHER_DIMENSIONS,DERIVED_FROM_PUBLIC_WEATHER,PROJECT_ASSUMPTION
2021-12-13,CA_PNW,"Vancouver, BC",3.171,27.0,32.76,16.9,4,,,,,,,0,1,0,0,1,0,0,0,1,1,0,2,1,0,0,0,REFERENCE_UNAVAILABLE,No prior-year seasonal weather reference available,RULE_BASED_UNWEIGHTED_WEATHER_DIMENSIONS,DERIVED_FROM_PUBLIC_WEATHER,PROJECT_ASSUMPTION
2021-12-20,CA_PNW,"Vancouver, BC",-0.314,45.1,13.79,20.9,3,,,,,,,0,0,1,0,1,0,0,0,0,1,0,1,0,0,0,0,REFERENCE_UNAVAILABLE,No prior-year seasonal weather reference available,RULE_BASED_UNWEIGHTED_WEATHER_DIMENSIONS,DERIVED_FROM_PUBLIC_WEATHER,PROJECT_ASSUMPTION
2021-12-27,CA_PNW,"Vancouver, BC",-4.3,11.1,28.49,23.8,1,,,,,,,0,1,1,0,0,0,0,0,1,0,0,1,1,0,0,0,REFERENCE_UNAVAILABLE,No prior-year seasonal weather reference available,RULE_BASED_UNWEIGHTED_WEATHER_DIMENSIONS,DERIVED_FROM_PUBLIC_WEATHER,PROJECT_ASSUMPTION
2022-01-03,CA_PNW,"Vancouver, BC",1.857,40.2,43.47,21.5,5,,,,,,,0,1,0,0,1,0,0,0,1,1,0,2,1,0,0,0,REFERENCE_UNAVAILABLE,No prior-year seasonal weather reference available,RULE_BASED_UNWEIGHTED_WEATHER_DIMENSIONS,DERIVED_FROM_PUBLIC_WEATHER,PROJECT_ASSUMPTION
2022-01-10,CA_PNW,"Vancouver, BC",6.2,100.0,0.0,14.0,0,,,,,,,1,0,0,0,0,0,0,1,0,0,0,1,0,0,0,0,REFERENCE_UNAVAILABLE,No prior-year seasonal weather reference available,RULE_BASED_UNWEIGHTED_WEATHER_DIMENSIONS,DERIVED_FROM_PUBLIC_WEATHER,PROJECT_ASSUMPTION
2022-01-17,CA_PNW,"Vancouver, BC",5.171,34.4,0.0,14.5,1,,,,,,,0,0,0,0,0,0,0,0,0,0,0,0,0,0,0,0,REFERENCE_UNAVAILABLE,No prior-year seasonal weather reference available,RULE_BASED_UNWEIGHTED_WEATHER_DIMENSIONS,DERIVED_FROM_PUBLIC_WEATHER,PROJECT_ASSUMPTION
2022-01-24,CA_PNW,"Vancouver, BC",3.886,32.8,0.0,16.4,1,,,,,,,0,0,0,0,0,0,0,0,0,0,0,0,0,0,0,0,REFERENCE_UNAVAILABLE,No prior-year seasonal weather reference available,RULE_BASED_UNWEIGHTED_WEATHER_DIMENSIONS,DERIVED_FROM_PUBLIC_WEATHER,PROJECT_ASSUMPTION
2022-01-31,CA_PNW,"Vancouver, BC",4.257,27.3,3.85,15.4,2,,,,,,,0,0,0,0,1,0,0,0,0,1,0,1,0,0,0,0,REFERENCE_UNAVAILABLE,No prior-year seasonal weather reference available,RULE_BASED_UNWEIGHTED_WEATHER_DIMENSIONS,DERIVED_FROM_PUBLIC_WEATHER,PROJECT_ASSUMPTION
2022-02-07,CA_PNW,"Vancouver, BC",6.543,11.6,0.0,13.9,0,,,,,,,0,0,0,0,0,0,0,0,0,0,0,0,0,0,0,0,REFERENCE_UNAVAILABLE,No prior-year seasonal weather reference available,RULE_BASED_UNWEIGHTED_WEATHER_DIMENSIONS,DERIVED_FROM_PUBLIC_WEATHER,PROJECT_ASSUMPTION
2022-02-14,CA_PNW,"Vancouver, BC",6.186,23.9,0.28,12.4,1,,,,,,,0,0,0,0,0,0,0,0,0,0,0,0,0,0,0,0,REFERENCE_UNAVAILABLE,No prior-year seasonal weather reference available,RULE_BASED_UNWEIGHTED_WEATHER_DIMENSIONS,DERIVED_FROM_PUBLIC_WEATHER,PROJECT_ASSUMPTION
2022-02-21,CA_PNW,"Vancouver, BC",2.071,42.4,7.42,20.8,2,,,,,,,0,0,0,0,1,0,0,0,0,1,0,1,0,0,0,0,REFERENCE_UNAVAILABLE,No prior-year seasonal weather reference available,RULE_BASED_UNWEIGHTED_WEATHER_DIMENSIONS,DERIVED_FROM_PUBLIC_WEATHER,PROJECT_ASSUMPTION
2022-02-28,CA_PNW,"Vancouver, BC",7.314,44.9,0.0,14.1,0,,,,,,,0,0,0,0,0,0,0,0,0,0,0,0,0,0,0,0,REFERENCE_UNAVAILABLE,No prior-year seasonal weather reference available,RULE_BASED_UNWEIGHTED_WEATHER_DIMENSIONS,DERIVED_FROM_PUBLIC_WEATHER,PROJECT_ASSUMPTION
2022-03-07,CA_PNW,"Vancouver, BC",5.857,27.4,2.94,13.9,1,,,,,,,0,0,0,0,0,0,0,0,0,0,0,0,0,0,0,0,REFERENCE_UNAVAILABLE,No prior-year seasonal weather reference available,RULE_BASED_UNWEIGHTED_WEATHER_DIMENSIONS,DERIVED_FROM_PUBLIC_WEATHER,PROJECT_ASSUMPTION
2022-03-14,CA_PNW,"Vancouver, BC",6.9,103.2,1.82,18.4,1,,,,,,,1,0,0,0,0,0,0,1,0,0,0,1,0,0,0,0,REFERENCE_UNAVAILABLE,No prior-year seasonal weather reference available,RULE_BASED_UNWEIGHTED_WEATHER_DIMENSIONS,DERIVED_FROM_PUBLIC_WEATHER,PROJECT_ASSUMPTION
2022-03-21,CA_PNW,"Vancouver, BC",9.086,30.6,0.14,11.2,0,,,,,,,0,0,0,0,0,0,0,0,0,0,0,0,0,0,0,0,REFERENCE_UNAVAILABLE,No prior-year seasonal weather reference available,RULE_BASED_UNWEIGHTED_WEATHER_DIMENSIONS,DERIVED_FROM_PUBLIC_WEATHER,PROJECT_ASSUMPTION
2022-03-28,CA_PNW,"Vancouver, BC",8.629,64.8,0.0,21.0,0,,,,,,,1,0,0,0,0,0,0,1,0,0,0,1,0,0,0,0,REFERENCE_UNAVAILABLE,No prior-year seasonal weather reference available,RULE_BASED_UNWEIGHTED_WEATHER_DIMENSIONS,DERIVED_FROM_PUBLIC_WEATHER,PROJECT_ASSUMPTION
2022-04-04,CA_PNW,"Vancouver, BC",7.929,59.0,0.63,23.9,1,,,,,,,1,0,0,0,0,0,0,1,0,0,0,1,0,0,0,0,REFERENCE_UNAVAILABLE,No prior-year seasonal weather reference available,RULE_BASED_UNWEIGHTED_WEATHER_DIMENSIONS,DERIVED_FROM_PUBLIC_WEATHER,PROJECT_ASSUMPTION
2022-04-11,CA_PNW,"Vancouver, BC",6.314,15.1,1.61,14.4,0,,,,,,,0,0,0,0,0,0,0,0,0,0,0,0,0,0,0,0,REFERENCE_UNAVAILABLE,No prior-year seasonal weather reference available,RULE_BASED_UNWEIGHTED_WEATHER_DIMENSIONS,DERIVED_FROM_PUBLIC_WEATHER,PROJECT_ASSUMPTION
2022-04-18,CA_PNW,"Vancouver, BC",8.743,57.3,0.21,16.9,0,,,,,,,1,0,0,0,0,0,0,1,0,0,0,1,0,0,0,0,REFERENCE_UNAVAILABLE,No prior-year seasonal weather reference available,RULE_BASED_UNWEIGHTED_WEATHER_DIMENSIONS,DERIVED_FROM_PUBLIC_WEATHER,PROJECT_ASSUMPTION
2022-04-25,CA_PNW,"Vancouver, BC",9.229,33.0,0.0,12.0,0,,,,,,,0,0,0,0,0,0,0,0,0,0,0,0,0,0,0,0,REFERENCE_UNAVAILABLE,No prior-year seasonal weather reference available,RULE_BASED_UNWEIGHTED_WEATHER_DIMENSIONS,DERIVED_FROM_PUBLIC_WEATHER,PROJECT_ASSUMPTION
2022-05-02,CA_PNW,"Vancouver, BC",9.786,46.8,0.0,14.8,0,,,,,,,0,0,0,0,0,0,0,0,0,0,0,0,0,0,0,0,REFERENCE_UNAVAILABLE,No prior-year seasonal weather reference available,RULE_BASED_UNWEIGHTED_WEATHER_DIMENSIONS,DERIVED_FROM_PUBLIC_WEATHER,PROJECT_ASSUMPTION
2022-05-09,CA_PNW,"Vancouver, BC",9.714,68.5,0.35,22.0,0,,,,,,,1,0,0,0,0,0,0,1,0,0,0,1,0,0,0,0,REFERENCE_UNAVAILABLE,No prior-year seasonal weather reference available,RULE_BASED_UNWEIGHTED_WEATHER_DIMENSIONS,DERIVED_FROM_PUBLIC_WEATHER,PROJECT_ASSUMPTION
2022-05-16,CA_PNW,"Vancouver, BC",11.6,31.0,0.0,26.5,0,,,,,,,0,0,0,0,0,0,0,0,0,0,0,0,0,0,0,0,REFERENCE_UNAVAILABLE,No prior-year seasonal weather reference available,RULE_BASED_UNWEIGHTED_WEATHER_DIMENSIONS,DERIVED_FROM_PUBLIC_WEATHER,PROJECT_ASSUMPTION
2022-05-23,CA_PNW,"Vancouver, BC",13.229,31.1,0.0,12.9,0,,,,,,,0,0,0,0,0,0,0,0,0,0,0,0,0,0,0,0,REFERENCE_UNAVAILABLE,No prior-year seasonal weather reference available,RULE_BASED_UNWEIGHTED_WEATHER_DIMENSIONS,DERIVED_FROM_PUBLIC_WEATHER,PROJECT_ASSUMPTION
2022-05-30,CA_PNW,"Vancouver, BC",15.143,81.4,0.0,15.1,0,,,,,,,1,0,0,0,0,0,0,1,0,0,0,1,0,0,0,0,REFERENCE_UNAVAILABLE,No prior-year seasonal weather reference available,RULE_BASED_UNWEIGHTED_WEATHER_DIMENSIONS,DERIVED_FROM_PUBLIC_WEATHER,PROJECT_ASSUMPTION
2022-06-06,CA_PNW,"Vancouver, BC",14.771,47.4,0.0,11.4,0,,,,,,,0,0,0,0,0,0,0,0,0,0,0,0,0,0,0,0,REFERENCE_UNAVAILABLE,No prior-year seasonal weather reference available,RULE_BASED_UNWEIGHTED_WEATHER_DIMENSIONS,DERIVED_FROM_PUBLIC_WEATHER,PROJECT_ASSUMPTION
2022-06-13,CA_PNW,"Vancouver, BC",13.943,19.3,0.0,16.3,0,,,,,,,0,0,0,0,0,0,0,0,0,0,0,0,0,0,0,0,REFERENCE_UNAVAILABLE,No prior-year seasonal weather reference available,RULE_BASED_UNWEIGHTED_WEATHER_DIMENSIONS,DERIVED_FROM_PUBLIC_WEATHER,PROJECT_ASSUMPTION
2022-06-20,CA_PNW,"Vancouver, BC",17.143,5.2,0.0,11.1,0,,,,,,,0,0,0,0,0,0,0,0,0,0,0,0,0,0,0,0,REFERENCE_UNAVAILABLE,No prior-year seasonal weather reference available,RULE_BASED_UNWEIGHTED_WEATHER_DIMENSIONS,DERIVED_FROM_PUBLIC_WEATHER,PROJECT_ASSUMPTION
2022-06-27,CA_PNW,"Vancouver, BC",17.529,22.9,0.0,13.2,0,,,,,,,0,0,0,0,0,0,0,0,0,0,0,0,0,0,0,0,REFERENCE_UNAVAILABLE,No prior-year seasonal weather reference available,RULE_BASED_UNWEIGHTED_WEATHER_DIMENSIONS,DERIVED_FROM_PUBLIC_WEATHER,PROJECT_ASSUMPTION
2022-07-04,CA_PNW,"Vancouver, BC",17.343,8.4,0.0,10.5,0,19.5,0.1,0.0,-2.157,8.3,0.0,0,0,0,0,0,0,1,0,0,0,0,1,0,0,1,1,NORMAL,NORMAL: isolated adverse dimension without severe compound conditions | colder_than_normal,RULE_BASED_UNWEIGHTED_WEATHER_DIMENSIONS,DERIVED_FROM_PUBLIC_WEATHER,PROJECT_ASSUMPTION
2022-07-11,CA_PNW,"Vancouver, BC",18.386,4.1,0.0,11.5,0,18.643,0.4,0.0,-0.257,3.7,0.0,0,0,0,0,0,0,0,0,0,0,0,0,0,0,1,1,NORMAL,NORMAL: no material adverse or mild scenario trigger,RULE_BASED_UNWEIGHTED_WEATHER_DIMENSIONS,DERIVED_FROM_PUBLIC_WEATHER,PROJECT_ASSUMPTION
2022-07-18,CA_PNW,"Vancouver, BC",18.571,0.8,0.0,10.1,0,19.314,0.2,0.0,-0.743,0.6,0.0,0,0,0,0,0,0,0,0,0,0,0,0,0,0,1,1,NORMAL,NORMAL: no material adverse or mild scenario trigger,RULE_BASED_UNWEIGHTED_WEATHER_DIMENSIONS,DERIVED_FROM_PUBLIC_WEATHER,PROJECT_ASSUMPTION
2022-07-25,CA_PNW,"Vancouver, BC",24.857,0.0,0.0,10.0,0,22.386,0.0,0.0,2.471,0.0,0.0,0,0,0,0,0,0,0,0,0,0,0,0,0,1,1,1,MILD,MILD: warmer_than_seasonal_reference with no adverse weather dimensions,RULE_BASED_UNWEIGHTED_WEATHER_DIMENSIONS,DERIVED_FROM_PUBLIC_WEATHER,PROJECT_ASSUMPTION
2022-08-01,CA_PNW,"Vancouver, BC",19.386,6.9,0.0,13.1,0,20.557,23.5,0.0,-1.171,-16.6,0.0,0,0,0,0,0,0,0,0,0,0,0,0,0,0,1,1,NORMAL,NORMAL: no material adverse or mild scenario trigger,RULE_BASED_UNWEIGHTED_WEATHER_DIMENSIONS,DERIVED_FROM_PUBLIC_WEATHER,PROJECT_ASSUMPTION
2022-08-08,CA_PNW,"Vancouver, BC",20.343,3.3,0.0,13.9,0,22.657,0.0,0.0,-2.314,3.3,0.0,0,0,0,0,0,0,1,0,0,0,0,1,0,0,1,1,NORMAL,NORMAL: isolated adverse dimension without severe compound conditions | colder_than_normal,RULE_BASED_UNWEIGHTED_WEATHER_DIMENSIONS,DERIVED_FROM_PUBLIC_WEATHER,PROJECT_ASSUMPTION
2022-08-15,CA_PNW,"Vancouver, BC",21.957,0.6,0.0,11.1,0,17.371,21.3,0.0,4.586,-20.7,0.0,0,0,0,0,0,0,0,0,0,0,0,0,0,1,1,1,MILD,MILD: warmer_than_seasonal_reference with no adverse weather dimensions,RULE_BASED_UNWEIGHTED_WEATHER_DIMENSIONS,DERIVED_FROM_PUBLIC_WEATHER,PROJECT_ASSUMPTION
2022-08-22,CA_PNW,"Vancouver, BC",19.943,5.7,0.0,11.7,0,16.886,11.2,0.0,3.057,-5.5,0.0,0,0,0,0,0,0,0,0,0,0,0,0,0,1,1,1,MILD,MILD: warmer_than_seasonal_reference with no adverse weather dimensions,RULE_BASED_UNWEIGHTED_WEATHER_DIMENSIONS,DERIVED_FROM_PUBLIC_WEATHER,PROJECT_ASSUMPTION
2022-08-29,CA_PNW,"Vancouver, BC",20.286,7.4,0.0,13.6,0,16.014,11.0,0.0,4.272,-3.6,0.0,0,0,0,0,0,0,0,0,0,0,0,0,0,1,1,1,MILD,MILD: warmer_than_seasonal_reference with no adverse weather dimensions,RULE_BASED_UNWEIGHTED_WEATHER_DIMENSIONS,DERIVED_FROM_PUBLIC_WEATHER,PROJECT_ASSUMPTION
2022-09-05,CA_PNW,"Vancouver, BC",18.271,0.9,0.0,14.4,0,17.643,9.6,0.0,0.628,-8.7,0.0,0,0,0,0,0,0,0,0,0,0,0,0,0,0,1,1,NORMAL,NORMAL: no material adverse or mild scenario trigger,RULE_BASED_UNWEIGHTED_WEATHER_DIMENSIONS,DERIVED_FROM_PUBLIC_WEATHER,PROJECT_ASSUMPTION
2022-09-12,CA_PNW,"Vancouver, BC",15.943,6.2,0.0,10.9,0,13.814,135.4,0.0,2.129,-129.2,0.0,0,0,0,0,0,0,0,0,0,0,0,0,0,1,1,1,MILD,MILD: warmer_than_seasonal_reference with no adverse weather dimensions,RULE_BASED_UNWEIGHTED_WEATHER_DIMENSIONS,DERIVED_FROM_PUBLIC_WEATHER,PROJECT_ASSUMPTION
2022-09-19,CA_PNW,"Vancouver, BC",16.243,0.8,0.0,12.2,0,15.071,32.1,0.0,1.172,-31.3,0.0,0,0,0,0,0,0,0,0,0,0,0,0,0,0,1,1,NORMAL,NORMAL: no material adverse or mild scenario trigger,RULE_BASED_UNWEIGHTED_WEATHER_DIMENSIONS,DERIVED_FROM_PUBLIC_WEATHER,PROJECT_ASSUMPTION
2022-09-26,CA_PNW,"Vancouver, BC",17.014,0.3,0.0,9.6,0,12.814,128.9,0.0,4.2,-128.6,0.0,0,0,0,0,0,0,0,0,0,0,0,0,0,1,1,1,MILD,MILD: warmer_than_seasonal_reference with no adverse weather dimensions,RULE_BASED_UNWEIGHTED_WEATHER_DIMENSIONS,DERIVED_FROM_PUBLIC_WEATHER,PROJECT_ASSUMPTION
2022-10-03,CA_PNW,"Vancouver, BC",16.671,0.0,0.0,7.9,0,10.371,56.0,0.0,6.3,-56.0,0.0,0,0,0,0,0,0,0,0,0,0,0,0,0,1,1,1,MILD,MILD: warmer_than_seasonal_reference with no adverse weather dimensions,RULE_BASED_UNWEIGHTED_WEATHER_DIMENSIONS,DERIVED_FROM_PUBLIC_WEATHER,PROJECT_ASSUMPTION
2022-10-10,CA_PNW,"Vancouver, BC",14.986,0.0,0.0,12.3,0,9.771,161.3,0.0,5.215,-161.3,0.0,0,0,0,0,0,0,0,0,0,0,0,0,0,1,1,1,MILD,MILD: warmer_than_seasonal_reference with no adverse weather dimensions,RULE_BASED_UNWEIGHTED_WEATHER_DIMENSIONS,DERIVED_FROM_PUBLIC_WEATHER,PROJECT_ASSUMPTION
2022-10-17,CA_PNW,"Vancouver, BC",11.429,12.6,0.0,9.7,0,11.257,79.3,0.0,0.172,-66.7,0.0,0,0,0,0,0,0,0,0,0,0,0,0,0,0,1,1,NORMAL,NORMAL: no material adverse or mild scenario trigger,RULE_BASED_UNWEIGHTED_WEATHER_DIMENSIONS,DERIVED_FROM_PUBLIC_WEATHER,PROJECT_ASSUMPTION
2022-10-24,CA_PNW,"Vancouver, BC",9.657,177.1,0.0,28.5,0,9.014,107.1,0.0,0.643,70.0,0.0,1,0,0,0,0,0,0,1,0,0,0,1,0,0,1,1,NORMAL,NORMAL: isolated adverse dimension without severe compound conditions | wetter_than_normal,RULE_BASED_UNWEIGHTED_WEATHER_DIMENSIONS,DERIVED_FROM_PUBLIC_WEATHER,PROJECT_ASSUMPTION
2022-10-31,CA_PNW,"Vancouver, BC",6.086,58.0,18.06,27.7,2,8.914,159.3,7.56,-2.828,-101.3,10.5,1,1,0,0,1,0,1,1,1,1,0,4,1,0,1,1,SEVERE,"SEVERE: colder_than_normal, wetter_than_normal, snowier_than_normal, wet_cold_compound | extreme_event_trigger",RULE_BASED_UNWEIGHTED_WEATHER_DIMENSIONS,DERIVED_FROM_PUBLIC_WEATHER,PROJECT_ASSUMPTION
2022-11-07,CA_PNW,"Vancouver, BC",3.314,1.5,0.91,17.7,1,8.171,184.5,0.0,-4.857,-183.0,0.91,0,0,0,0,0,0,1,0,0,0,0,1,0,0,1,1,NORMAL,NORMAL: isolated adverse dimension without severe compound conditions | colder_than_normal,RULE_BASED_UNWEIGHTED_WEATHER_DIMENSIONS,DERIVED_FROM_PUBLIC_WEATHER,PROJECT_ASSUMPTION
2022-11-14,CA_PNW,"Vancouver, BC",4.786,0.2,0.0,17.2,0,5.529,89.1,0.28,-0.743,-88.9,-0.28,0,0,0,0,0,0,0,0,0,0,0,0,0,0,1,1,NORMAL,NORMAL: no material adverse or mild scenario trigger,RULE_BASED_UNWEIGHTED_WEATHER_DIMENSIONS,DERIVED_FROM_PUBLIC_WEATHER,PROJECT_ASSUMPTION
2022-11-21,CA_PNW,"Vancouver, BC",6.8,77.4,0.21,26.7,0,7.586,155.4,0.28,-0.786,-78.0,-0.07,1,0,0,0,0,0,0,1,0,0,0,1,0,0,1,1,NORMAL,NORMAL: isolated adverse dimension without severe compound conditions | wetter_than_normal,RULE_BASED_UNWEIGHTED_WEATHER_DIMENSIONS,DERIVED_FROM_PUBLIC_WEATHER,PROJECT_ASSUMPTION
2022-11-28,CA_PNW,"Vancouver, BC",-0.186,2.2,20.3,20.2,0,7.171,93.5,1.96,-7.357,-91.3,18.34,0,1,1,0,0,0,1,0,1,0,0,2,1,0,1,1,SEVERE,"SEVERE: colder_than_normal, snowier_than_normal | extreme_event_trigger",RULE_BASED_UNWEIGHTED_WEATHER_DIMENSIONS,DERIVED_FROM_PUBLIC_WEATHER,PROJECT_ASSUMPTION
2022-12-05,CA_PNW,"Vancouver, BC",3.686,35.0,32.41,20.2,3,3.986,63.5,29.26,-0.3,-28.5,3.15,0,1,0,0,1,0,0,0,1,1,0,2,1,0,1,1,SEVERE,"SEVERE: snowier_than_normal, wet_cold_compound | extreme_event_trigger",RULE_BASED_UNWEIGHTED_WEATHER_DIMENSIONS,DERIVED_FROM_PUBLIC_WEATHER,PROJECT_ASSUMPTION
2022-12-12,CA_PNW,"Vancouver, BC",1.214,0.4,3.15,17.2,0,3.171,27.0,32.76,-1.957,-26.6,-29.61,0,0,0,0,0,0,0,0,0,0,0,0,0,0,1,1,NORMAL,NORMAL: no material adverse or mild scenario trigger,RULE_BASED_UNWEIGHTED_WEATHER_DIMENSIONS,DERIVED_FROM_PUBLIC_WEATHER,PROJECT_ASSUMPTION
2022-12-19,CA_PNW,"Vancouver, BC",-2.971,80.2,21.28,18.4,1,-0.314,45.1,13.79,-2.657,35.1,7.49,1,1,1,0,0,0,1,1,1,0,0,3,1,0,1,1,SEVERE,"SEVERE: colder_than_normal, wetter_than_normal, snowier_than_normal | extreme_event_trigger",RULE_BASED_UNWEIGHTED_WEATHER_DIMENSIONS,DERIVED_FROM_PUBLIC_WEATHER,PROJECT_ASSUMPTION
2022-12-26,CA_PNW,"Vancouver, BC",6.586,134.9,0.07,25.1,0,-4.3,11.1,28.49,10.886,123.8,-28.42,1,0,0,0,0,0,0,1,0,0,0,1,0,0,1,1,NORMAL,NORMAL: isolated adverse dimension without severe compound conditions | wetter_than_normal,RULE_BASED_UNWEIGHTED_WEATHER_DIMENSIONS,DERIVED_FROM_PUBLIC_WEATHER,PROJECT_ASSUMPTION
2023-01-02,CA_PNW,"Vancouver, BC",6.771,55.8,1.4,17.7,0,1.857,40.2,43.47,4.914,15.6,-42.07,1,0,0,0,0,0,0,1,0,0,0,1,0,0,1,1,NORMAL,NORMAL: isolated adverse dimension without severe compound conditions | wetter_than_normal,RULE_BASED_UNWEIGHTED_WEATHER_DIMENSIONS,DERIVED_FROM_PUBLIC_WEATHER,PROJECT_ASSUMPTION
2023-01-09,CA_PNW,"Vancouver, BC",8.329,122.9,0.0,19.0,0,6.2,100.0,0.0,2.129,22.9,0.0,1,0,0,0,0,0,0,1,0,0,0,1,0,0,1,1,NORMAL,NORMAL: isolated adverse dimension without severe compound conditions | wetter_than_normal,RULE_BASED_UNWEIGHTED_WEATHER_DIMENSIONS,DERIVED_FROM_PUBLIC_WEATHER,PROJECT_ASSUMPTION
2023-01-16,CA_PNW,"Vancouver, BC",5.086,60.8,4.13,23.2,3,5.171,34.4,0.0,-0.085,26.4,4.13,1,0,0,0,1,0,0,1,0,1,0,2,0,0,1,1,SEVERE,"SEVERE: wetter_than_normal, wet_cold_compound",RULE_BASED_UNWEIGHTED_WEATHER_DIMENSIONS,DERIVED_FROM_PUBLIC_WEATHER,PROJECT_ASSUMPTION
2023-01-23,CA_PNW,"Vancouver, BC",4.571,10.9,0.14,15.2,1,3.886,32.8,0.0,0.685,-21.9,0.14,0,0,0,0,0,0,0,0,0,0,0,0,0,0,1,1,NORMAL,NORMAL: no material adverse or mild scenario trigger,RULE_BASED_UNWEIGHTED_WEATHER_DIMENSIONS,DERIVED_FROM_PUBLIC_WEATHER,PROJECT_ASSUMPTION
2023-01-30,CA_PNW,"Vancouver, BC",4.429,32.5,2.17,24.7,0,4.257,27.3,3.85,0.172,5.2,-1.68,0,0,0,0,0,0,0,0,0,0,0,0,0,0,1,1,NORMAL,NORMAL: no material adverse or mild scenario trigger,RULE_BASED_UNWEIGHTED_WEATHER_DIMENSIONS,DERIVED_FROM_PUBLIC_WEATHER,PROJECT_ASSUMPTION
2023-02-06,CA_PNW,"Vancouver, BC",6.243,80.6,0.77,19.1,1,6.543,11.6,0.0,-0.3,69.0,0.77,1,0,0,0,0,0,0,1,0,0,0,1,0,0,1,1,NORMAL,NORMAL: isolated adverse dimension without severe compound conditions | wetter_than_normal,RULE_BASED_UNWEIGHTED_WEATHER_DIMENSIONS,DERIVED_FROM_PUBLIC_WEATHER,PROJECT_ASSUMPTION
2023-02-13,CA_PNW,"Vancouver, BC",4.471,20.1,7.56,15.9,2,6.186,23.9,0.28,-1.715,-3.8,7.28,0,0,0,0,1,0,0,0,1,1,0,2,0,0,1,1,SEVERE,"SEVERE: snowier_than_normal, wet_cold_compound",RULE_BASED_UNWEIGHTED_WEATHER_DIMENSIONS,DERIVED_FROM_PUBLIC_WEATHER,PROJECT_ASSUMPTION
2023-02-20,CA_PNW,"Vancouver, BC",1.357,20.8,17.08,23.8,1,2.071,42.4,7.42,-0.714,-21.6,9.66,0,1,0,0,0,0,0,0,1,0,0,1,1,0,1,1,SEVERE,SEVERE: snowier_than_normal | extreme_event_trigger,RULE_BASED_UNWEIGHTED_WEATHER_DIMENSIONS,DERIVED_FROM_PUBLIC_WEATHER,PROJECT_ASSUMPTION
2023-02-27,CA_PNW,"Vancouver, BC",2.971,8.8,20.79,17.0,3,7.314,44.9,0.0,-4.343,-36.1,20.79,0,1,0,0,1,0,1,0,1,1,0,3,1,0,1,1,SEVERE,"SEVERE: colder_than_normal, snowier_than_normal, wet_cold_compound | extreme_event_trigger",RULE_BASED_UNWEIGHTED_WEATHER_DIMENSIONS,DERIVED_FROM_PUBLIC_WEATHER,PROJECT_ASSUMPTION
2023-03-06,CA_PNW,"Vancouver, BC",5.829,19.9,2.17,13.6,0,5.857,27.4,2.94,-0.028,-7.5,-0.77,0,0,0,0,0,0,0,0,0,0,0,0,0,0,1,1,NORMAL,NORMAL: no material adverse or mild scenario trigger,RULE_BASED_UNWEIGHTED_WEATHER_DIMENSIONS,DERIVED_FROM_PUBLIC_WEATHER,PROJECT_ASSUMPTION
2023-03-13,CA_PNW,"Vancouver, BC",7.086,20.2,3.71,10.8,1,6.9,103.2,1.82,0.186,-83.0,1.89,0,0,0,0,0,0,0,0,0,0,0,0,0,0,1,1,NORMAL,NORMAL: no material adverse or mild scenario trigger,RULE_BASED_UNWEIGHTED_WEATHER_DIMENSIONS,DERIVED_FROM_PUBLIC_WEATHER,PROJECT_ASSUMPTION
2023-03-20,CA_PNW,"Vancouver, BC",6.786,23.9,4.13,15.3,2,9.086,30.6,0.14,-2.3,-6.7,3.99,0,0,0,0,1,0,1,0,0,1,0,2,0,0,1,1,SEVERE,"SEVERE: colder_than_normal, wet_cold_compound",RULE_BASED_UNWEIGHTED_WEATHER_DIMENSIONS,DERIVED_FROM_PUBLIC_WEATHER,PROJECT_ASSUMPTION
2023-03-27,CA_PNW,"Vancouver, BC",7.314,27.2,7.49,20.8,1,8.629,64.8,0.0,-1.315,-37.6,7.49,0,0,0,0,0,0,0,0,1,0,0,1,0,0,1,1,NORMAL,NORMAL: isolated adverse dimension without severe compound conditions | snowier_than_normal,RULE_BASED_UNWEIGHTED_WEATHER_DIMENSIONS,DERIVED_FROM_PUBLIC_WEATHER,PROJECT_ASSUMPTION
2023-04-03,CA_PNW,"Vancouver, BC",7.6,96.4,0.21,27.8,0,7.929,59.0,0.63,-0.329,37.4,-0.42,1,0,0,0,0,0,0,1,0,0,0,1,0,0,1,1,NORMAL,NORMAL: isolated adverse dimension without severe compound conditions | wetter_than_normal,RULE_BASED_UNWEIGHTED_WEATHER_DIMENSIONS,DERIVED_FROM_PUBLIC_WEATHER,PROJECT_ASSUMPTION
2023-04-10,CA_PNW,"Vancouver, BC",7.214,40.4,1.54,18.0,0,6.314,15.1,1.61,0.9,25.3,-0.07,0,0,0,0,0,0,0,1,0,0,0,1,0,0,1,1,NORMAL,NORMAL: isolated adverse dimension without severe compound conditions | wetter_than_normal,RULE_BASED_UNWEIGHTED_WEATHER_DIMENSIONS,DERIVED_FROM_PUBLIC_WEATHER,PROJECT_ASSUMPTION
2023-04-17,CA_PNW,"Vancouver, BC",7.243,63.6,4.55,21.4,0,8.743,57.3,0.21,-1.5,6.3,4.34,1,0,0,0,0,0,0,1,0,0,0,1,0,0,1,1,NORMAL,NORMAL: isolated adverse dimension without severe compound conditions | wetter_than_normal,RULE_BASED_UNWEIGHTED_WEATHER_DIMENSIONS,DERIVED_FROM_PUBLIC_WEATHER,PROJECT_ASSUMPTION
2023-04-24,CA_PNW,"Vancouver, BC",12.1,7.2,0.0,10.5,0,9.229,33.0,0.0,2.871,-25.8,0.0,0,0,0,0,0,0,0,0,0,0,0,0,0,1,1,1,MILD,MILD: warmer_than_seasonal_reference with no adverse weather dimensions,RULE_BASED_UNWEIGHTED_WEATHER_DIMENSIONS,DERIVED_FROM_PUBLIC_WEATHER,PROJECT_ASSUMPTION
2023-05-01,CA_PNW,"Vancouver, BC",13.1,29.4,0.0,17.6,0,9.786,46.8,0.0,3.314,-17.4,0.0,0,0,0,0,0,0,0,0,0,0,0,0,0,1,1,1,MILD,MILD: warmer_than_seasonal_reference with no adverse weather dimensions,RULE_BASED_UNWEIGHTED_WEATHER_DIMENSIONS,DERIVED_FROM_PUBLIC_WEATHER,PROJECT_ASSUMPTION
2023-05-08,CA_PNW,"Vancouver, BC",16.186,0.7,0.0,12.8,0,9.714,68.5,0.35,6.472,-67.8,-0.35,0,0,0,0,0,0,0,0,0,0,0,0,0,1,1,1,MILD,MILD: warmer_than_seasonal_reference with no adverse weather dimensions,RULE_BASED_UNWEIGHTED_WEATHER_DIMENSIONS,DERIVED_FROM_PUBLIC_WEATHER,PROJECT_ASSUMPTION
2023-05-15,CA_PNW,"Vancouver, BC",18.929,0.0,0.0,12.2,0,11.6,31.0,0.0,7.329,-31.0,0.0,0,0,0,0,0,0,0,0,0,0,0,0,0,1,1,1,MILD,MILD: warmer_than_seasonal_reference with no adverse weather dimensions,RULE_BASED_UNWEIGHTED_WEATHER_DIMENSIONS,DERIVED_FROM_PUBLIC_WEATHER,PROJECT_ASSUMPTION
2023-05-22,CA_PNW,"Vancouver, BC",15.586,7.5,0.0,10.1,0,13.229,31.1,0.0,2.357,-23.6,0.0,0,0,0,0,0,0,0,0,0,0,0,0,0,1,1,1,MILD,MILD: warmer_than_seasonal_reference with no adverse weather dimensions,RULE_BASED_UNWEIGHTED_WEATHER_DIMENSIONS,DERIVED_FROM_PUBLIC_WEATHER,PROJECT_ASSUMPTION
2023-05-29,CA_PNW,"Vancouver, BC",14.786,1.0,0.0,14.0,0,15.143,81.4,0.0,-0.357,-80.4,0.0,0,0,0,0,0,0,0,0,0,0,0,0,0,0,1,1,NORMAL,NORMAL: no material adverse or mild scenario trigger,RULE_BASED_UNWEIGHTED_WEATHER_DIMENSIONS,DERIVED_FROM_PUBLIC_WEATHER,PROJECT_ASSUMPTION
2023-06-05,CA_PNW,"Vancouver, BC",17.343,8.7,0.0,15.6,0,14.771,47.4,0.0,2.572,-38.7,0.0,0,0,0,0,0,0,0,0,0,0,0,0,0,1,1,1,MILD,MILD: warmer_than_seasonal_reference with no adverse weather dimensions,RULE_BASED_UNWEIGHTED_WEATHER_DIMENSIONS,DERIVED_FROM_PUBLIC_WEATHER,PROJECT_ASSUMPTION
2023-06-12,CA_PNW,"Vancouver, BC",15.586,11.7,0.0,13.5,0,13.943,19.3,0.0,1.643,-7.6,0.0,0,0,0,0,0,0,0,0,0,0,0,0,0,0,1,1,NORMAL,NORMAL: no material adverse or mild scenario trigger,RULE_BASED_UNWEIGHTED_WEATHER_DIMENSIONS,DERIVED_FROM_PUBLIC_WEATHER,PROJECT_ASSUMPTION
2023-06-19,CA_PNW,"Vancouver, BC",15.486,20.0,0.0,10.6,0,17.143,5.2,0.0,-1.657,14.8,0.0,0,0,0,0,0,0,0,0,0,0,0,0,0,0,1,1,NORMAL,NORMAL: no material adverse or mild scenario trigger,RULE_BASED_UNWEIGHTED_WEATHER_DIMENSIONS,DERIVED_FROM_PUBLIC_WEATHER,PROJECT_ASSUMPTION
2023-06-26,CA_PNW,"Vancouver, BC",18.543,0.1,0.0,11.9,0,17.529,22.9,0.0,1.014,-22.8,0.0,0,0,0,0,0,0,0,0,0,0,0,0,0,0,1,1,NORMAL,NORMAL: no material adverse or mild scenario trigger,RULE_BASED_UNWEIGHTED_WEATHER_DIMENSIONS,DERIVED_FROM_PUBLIC_WEATHER,PROJECT_ASSUMPTION
2023-07-03,CA_PNW,"Vancouver, BC",20.286,0.0,0.0,14.4,0,18.422,4.25,0.0,1.864,-4.25,0.0,0,0,0,0,0,0,0,0,0,0,0,0,0,0,1,1,NORMAL,NORMAL: no material adverse or mild scenario trigger,RULE_BASED_UNWEIGHTED_WEATHER_DIMENSIONS,DERIVED_FROM_PUBLIC_WEATHER,PROJECT_ASSUMPTION
2023-07-10,CA_PNW,"Vancouver, BC",19.129,0.0,0.0,13.9,0,18.514,2.25,0.0,0.615,-2.25,0.0,0,0,0,0,0,0,0,0,0,0,0,0,0,0,1,1,NORMAL,NORMAL: no material adverse or mild scenario trigger,RULE_BASED_UNWEIGHTED_WEATHER_DIMENSIONS,DERIVED_FROM_PUBLIC_WEATHER,PROJECT_ASSUMPTION
2023-07-17,CA_PNW,"Vancouver, BC",20.771,0.9,0.0,10.5,0,18.943,0.5,0.0,1.828,0.4,0.0,0,0,0,0,0,0,0,0,0,0,0,0,0,0,1,1,NORMAL,NORMAL: no material adverse or mild scenario trigger,RULE_BASED_UNWEIGHTED_WEATHER_DIMENSIONS,DERIVED_FROM_PUBLIC_WEATHER,PROJECT_ASSUMPTION
2023-07-24,CA_PNW,"Vancouver, BC",17.857,39.1,0.0,16.2,0,23.621,0.0,0.0,-5.764,39.1,0.0,0,0,0,0,0,0,1,1,0,0,0,2,0,0,1,1,SEVERE,"SEVERE: colder_than_normal, wetter_than_normal",RULE_BASED_UNWEIGHTED_WEATHER_DIMENSIONS,DERIVED_FROM_PUBLIC_WEATHER,PROJECT_ASSUMPTION
2023-07-31,CA_PNW,"Vancouver, BC",20.071,0.0,0.0,10.3,0,19.972,15.2,0.0,0.1,-15.2,0.0,0,0,0,0,0,0,0,0,0,0,0,0,0,0,1,1,NORMAL,NORMAL: no material adverse or mild scenario trigger,RULE_BASED_UNWEIGHTED_WEATHER_DIMENSIONS,DERIVED_FROM_PUBLIC_WEATHER,PROJECT_ASSUMPTION
2023-08-07,CA_PNW,"Vancouver, BC",19.743,11.2,0.0,12.0,0,21.5,1.65,0.0,-1.757,9.55,0.0,0,0,0,0,0,0,0,0,0,0,0,0,0,0,1,1,NORMAL,NORMAL: no material adverse or mild scenario trigger,RULE_BASED_UNWEIGHTED_WEATHER_DIMENSIONS,DERIVED_FROM_PUBLIC_WEATHER,PROJECT_ASSUMPTION
2023-08-14,CA_PNW,"Vancouver, BC",21.4,0.0,0.0,11.8,0,19.664,10.95,0.0,1.736,-10.95,0.0,0,0,0,0,0,0,0,0,0,0,0,0,0,0,1,1,NORMAL,NORMAL: no material adverse or mild scenario trigger,RULE_BASED_UNWEIGHTED_WEATHER_DIMENSIONS,DERIVED_FROM_PUBLIC_WEATHER,PROJECT_ASSUMPTION
2023-08-21,CA_PNW,"Vancouver, BC",18.929,0.5,0.0,12.6,0,18.414,8.45,0.0,0.514,-7.95,0.0,0,0,0,0,0,0,0,0,0,0,0,0,0,0,1,1,NORMAL,NORMAL: no material adverse or mild scenario trigger,RULE_BASED_UNWEIGHTED_WEATHER_DIMENSIONS,DERIVED_FROM_PUBLIC_WEATHER,PROJECT_ASSUMPTION
2023-08-28,CA_PNW,"Vancouver, BC",17.786,17.7,0.0,13.8,0,18.15,9.2,0.0,-0.364,8.5,0.0,0,0,0,0,0,0,0,0,0,0,0,0,0,0,1,1,NORMAL,NORMAL: no material adverse or mild scenario trigger,RULE_BASED_UNWEIGHTED_WEATHER_DIMENSIONS,DERIVED_FROM_PUBLIC_WEATHER,PROJECT_ASSUMPTION
2023-09-04,CA_PNW,"Vancouver, BC",16.471,3.0,0.0,10.1,0,17.957,5.25,0.0,-1.486,-2.25,0.0,0,0,0,0,0,0,0,0,0,0,0,0,0,0,1,1,NORMAL,NORMAL: no material adverse or mild scenario trigger,RULE_BASED_UNWEIGHTED_WEATHER_DIMENSIONS,DERIVED_FROM_PUBLIC_WEATHER,PROJECT_ASSUMPTION
2023-09-11,CA_PNW,"Vancouver, BC",16.886,3.1,0.0,10.5,0,14.878,70.8,0.0,2.008,-67.7,0.0,0,0,0,0,0,0,0,0,0,0,0,0,0,1,1,1,MILD,MILD: warmer_than_seasonal_reference with no adverse weather dimensions,RULE_BASED_UNWEIGHTED_WEATHER_DIMENSIONS,DERIVED_FROM_PUBLIC_WEATHER,PROJECT_ASSUMPTION
2023-09-18,CA_PNW,"Vancouver, BC",14.286,35.6,0.0,16.9,0,15.657,16.45,0.0,-1.371,19.15,0.0,0,0,0,0,0,0,0,0,0,0,0,0,0,0,1,1,NORMAL,NORMAL: no material adverse or mild scenario trigger,RULE_BASED_UNWEIGHTED_WEATHER_DIMENSIONS,DERIVED_FROM_PUBLIC_WEATHER,PROJECT_ASSUMPTION
2023-09-25,CA_PNW,"Vancouver, BC",12.886,91.6,0.0,20.2,0,14.914,64.6,0.0,-2.028,27.0,0.0,1,0,0,0,0,0,1,1,0,0,0,2,0,0,1,1,SEVERE,"SEVERE: colder_than_normal, wetter_than_normal",RULE_BASED_UNWEIGHTED_WEATHER_DIMENSIONS,DERIVED_FROM_PUBLIC_WEATHER,PROJECT_ASSUMPTION
2023-10-02,CA_PNW,"Vancouver, BC",14.657,8.8,0.0,10.6,0,13.521,28.0,0.0,1.136,-19.2,0.0,0,0,0,0,0,0,0,0,0,0,0,0,0,0,1,1,NORMAL,NORMAL: no material adverse or mild scenario trigger,RULE_BASED_UNWEIGHTED_WEATHER_DIMENSIONS,DERIVED_FROM_PUBLIC_WEATHER,PROJECT_ASSUMPTION
2023-10-09,CA_PNW,"Vancouver, BC",13.786,61.2,0.0,15.5,0,12.378,80.65,0.0,1.407,-19.45,0.0,1,0,0,0,0,0,0,1,0,0,0,1,0,0,1,1,NORMAL,NORMAL: isolated adverse dimension without severe compound conditions | wetter_than_normal,RULE_BASED_UNWEIGHTED_WEATHER_DIMENSIONS,DERIVED_FROM_PUBLIC_WEATHER,PROJECT_ASSUMPTION
2023-10-16,CA_PNW,"Vancouver, BC",12.943,90.7,0.0,18.4,0,11.343,45.95,0.0,1.6,44.75,0.0,1,0,0,0,0,0,0,1,0,0,0,1,0,0,1,1,NORMAL,NORMAL: isolated adverse dimension without severe compound conditions | wetter_than_normal,RULE_BASED_UNWEIGHTED_WEATHER_DIMENSIONS,DERIVED_FROM_PUBLIC_WEATHER,PROJECT_ASSUMPTION
2023-10-23,CA_PNW,"Vancouver, BC",6.586,20.6,0.35,19.3,0,9.336,142.1,0.0,-2.749,-121.5,0.35,0,0,0,0,0,0,1,0,0,0,0,1,0,0,1,1,NORMAL,NORMAL: isolated adverse dimension without severe compound conditions | colder_than_normal,RULE_BASED_UNWEIGHTED_WEATHER_DIMENSIONS,DERIVED_FROM_PUBLIC_WEATHER,PROJECT_ASSUMPTION
2023-10-30,CA_PNW,"Vancouver, BC",9.743,113.6,0.0,21.1,0,7.5,108.65,12.81,2.243,4.95,-12.81,1,0,0,0,0,0,0,1,0,0,0,1,0,0,1,1,NORMAL,NORMAL: isolated adverse dimension without severe compound conditions | wetter_than_normal,RULE_BASED_UNWEIGHTED_WEATHER_DIMENSIONS,DERIVED_FROM_PUBLIC_WEATHER,PROJECT_ASSUMPTION
2023-11-06,CA_PNW,"Vancouver, BC",8.843,113.1,0.0,27.0,0,5.742,93.0,0.455,3.101,20.1,-0.455,1,0,0,0,0,0,0,1,0,0,0,1,0,0,1,1,NORMAL,NORMAL: isolated adverse dimension without severe compound conditions | wetter_than_normal,RULE_BASED_UNWEIGHTED_WEATHER_DIMENSIONS,DERIVED_FROM_PUBLIC_WEATHER,PROJECT_ASSUMPTION
2023-11-13,CA_PNW,"Vancouver, BC",6.071,21.5,0.0,15.1,0,5.158,44.65,0.14,0.914,-23.15,-0.14,0,0,0,0,0,0,0,0,0,0,0,0,0,0,1,1,NORMAL,NORMAL: no material adverse or mild scenario trigger,RULE_BASED_UNWEIGHTED_WEATHER_DIMENSIONS,DERIVED_FROM_PUBLIC_WEATHER,PROJECT_ASSUMPTION
2023-11-20,CA_PNW,"Vancouver, BC",5.657,12.3,0.0,10.4,0,7.193,116.4,0.245,-1.536,-104.1,-0.245,0,0,0,0,0,0,0,0,0,0,0,0,0,0,1,1,NORMAL,NORMAL: no material adverse or mild scenario trigger,RULE_BASED_UNWEIGHTED_WEATHER_DIMENSIONS,DERIVED_FROM_PUBLIC_WEATHER,PROJECT_ASSUMPTION
2023-11-27,CA_PNW,"Vancouver, BC",4.414,41.3,12.46,17.1,2,3.492,47.85,11.13,0.921,-6.55,1.33,0,0,0,0,1,0,0,0,0,1,0,1,0,0,1,1,NORMAL,NORMAL: isolated adverse dimension without severe compound conditions | wet_cold_compound,RULE_BASED_UNWEIGHTED_WEATHER_DIMENSIONS,DERIVED_FROM_PUBLIC_WEATHER,PROJECT_ASSUMPTION
2023-12-04,CA_PNW,"Vancouver, BC",6.314,108.4,11.9,16.3,1,3.836,49.25,30.835,2.478,59.15,-18.935,1,0,0,0,0,0,0,1,0,0,0,1,0,0,1,1,NORMAL,NORMAL: isolated adverse dimension without severe compound conditions | wetter_than_normal,RULE_BASED_UNWEIGHTED_WEATHER_DIMENSIONS,DERIVED_FROM_PUBLIC_WEATHER,PROJECT_ASSUMPTION
2023-12-11,CA_PNW,"Vancouver, BC",6.657,16.5,0.0,12.8,0,2.192,13.7,17.955,4.464,2.8,-17.955,0,0,0,0,0,0,0,0,0,0,0,0,0,1,1,1,MILD,MILD: warmer_than_seasonal_reference with no adverse weather dimensions,RULE_BASED_UNWEIGHTED_WEATHER_DIMENSIONS,DERIVED_FROM_PUBLIC_WEATHER,PROJECT_ASSUMPTION
2023-12-18,CA_PNW,"Vancouver, BC",7.486,45.8,0.0,14.4,0,-1.642,62.65,17.535,9.128,-16.85,-17.535,0,0,0,0,0,0,0,0,0,0,0,0,0,1,1,1,MILD,MILD: warmer_than_seasonal_reference with no adverse weather dimensions,RULE_BASED_UNWEIGHTED_WEATHER_DIMENSIONS,DERIVED_FROM_PUBLIC_WEATHER,PROJECT_ASSUMPTION
2023-12-25,CA_PNW,"Vancouver, BC",9.457,76.6,0.0,22.3,0,1.143,73.0,14.28,8.314,3.6,-14.28,1,0,0,0,0,0,0,1,0,0,0,1,0,0,1,1,NORMAL,NORMAL: isolated adverse dimension without severe compound conditions | wetter_than_normal,RULE_BASED_UNWEIGHTED_WEATHER_DIMENSIONS,DERIVED_FROM_PUBLIC_WEATHER,PROJECT_ASSUMPTION
2024-01-01,CA_PNW,"Vancouver, BC",6.086,76.1,0.49,21.9,0,4.314,48.0,22.435,1.772,28.1,-21.945,1,0,0,0,0,0,0,1,0,0,0,1,0,0,1,1,NORMAL,NORMAL: isolated adverse dimension without severe compound conditions | wetter_than_normal,RULE_BASED_UNWEIGHTED_WEATHER_DIMENSIONS,DERIVED_FROM_PUBLIC_WEATHER,PROJECT_ASSUMPTION
2024-01-08,CA_PNW,"Vancouver, BC",-1.671,28.9,8.19,22.9,2,7.264,111.45,0.0,-8.936,-82.55,8.19,0,0,1,0,1,0,1,0,1,1,0,3,0,0,1,1,SEVERE,"SEVERE: colder_than_normal, snowier_than_normal, wet_cold_compound",RULE_BASED_UNWEIGHTED_WEATHER_DIMENSIONS,DERIVED_FROM_PUBLIC_WEATHER,PROJECT_ASSUMPTION
2024-01-15,CA_PNW,"Vancouver, BC",1.686,36.7,14.21,17.6,2,5.129,47.6,2.065,-3.443,-10.9,12.145,0,0,0,0,1,0,1,0,1,1,0,3,0,0,1,1,SEVERE,"SEVERE: colder_than_normal, snowier_than_normal, wet_cold_compound",RULE_BASED_UNWEIGHTED_WEATHER_DIMENSIONS,DERIVED_FROM_PUBLIC_WEATHER,PROJECT_ASSUMPTION
2024-01-22,CA_PNW,"Vancouver, BC",8.214,166.1,0.0,14.6,0,4.228,21.85,0.07,3.986,144.25,-0.07,1,0,0,0,0,0,0,1,0,0,0,1,0,0,1,1,NORMAL,NORMAL: isolated adverse dimension without severe compound conditions | wetter_than_normal,RULE_BASED_UNWEIGHTED_WEATHER_DIMENSIONS,DERIVED_FROM_PUBLIC_WEATHER,PROJECT_ASSUMPTION
2024-01-29,CA_PNW,"Vancouver, BC",9.814,63.4,0.0,18.4,0,4.343,29.9,3.01,5.471,33.5,-3.01,1,0,0,0,0,0,0,1,0,0,0,1,0,0,1,1,NORMAL,NORMAL: isolated adverse dimension without severe compound conditions | wetter_than_normal,RULE_BASED_UNWEIGHTED_WEATHER_DIMENSIONS,DERIVED_FROM_PUBLIC_WEATHER,PROJECT_ASSUMPTION
2024-02-05,CA_PNW,"Vancouver, BC",5.586,26.2,0.14,11.5,0,6.393,46.1,0.385,-0.807,-19.9,-0.245,0,0,0,0,0,0,0,0,0,0,0,0,0,0,1,1,NORMAL,NORMAL: no material adverse or mild scenario trigger,RULE_BASED_UNWEIGHTED_WEATHER_DIMENSIONS,DERIVED_FROM_PUBLIC_WEATHER,PROJECT_ASSUMPTION
2024-02-12,CA_PNW,"Vancouver, BC",5.971,6.1,0.0,21.3,0,5.328,22.0,3.92,0.643,-15.9,-3.92,0,0,0,0,0,0,0,0,0,0,0,0,0,0,1,1,NORMAL,NORMAL: no material adverse or mild scenario trigger,RULE_BASED_UNWEIGHTED_WEATHER_DIMENSIONS,DERIVED_FROM_PUBLIC_WEATHER,PROJECT_ASSUMPTION
2024-02-19,CA_PNW,"Vancouver, BC",8.014,47.4,0.0,24.9,0,1.714,31.6,12.25,6.3,15.8,-12.25,0,0,0,0,0,0,0,0,0,0,0,0,0,1,1,1,MILD,MILD: warmer_than_seasonal_reference with no adverse weather dimensions,RULE_BASED_UNWEIGHTED_WEATHER_DIMENSIONS,DERIVED_FROM_PUBLIC_WEATHER,PROJECT_ASSUMPTION
2024-02-26,CA_PNW,"Vancouver, BC",3.529,72.6,29.61,22.5,5,5.142,26.85,10.395,-1.614,45.75,19.215,1,1,0,0,1,0,0,1,1,1,0,3,1,0,1,1,SEVERE,"SEVERE: wetter_than_normal, snowier_than_normal, wet_cold_compound | extreme_event_trigger",RULE_BASED_UNWEIGHTED_WEATHER_DIMENSIONS,DERIVED_FROM_PUBLIC_WEATHER,PROJECT_ASSUMPTION
2024-03-04,CA_PNW,"Vancouver, BC",4.086,48.4,5.53,23.7,0,5.843,23.65,2.555,-1.757,24.75,2.975,0,0,0,0,0,0,0,1,0,0,0,1,0,0,1,1,NORMAL,NORMAL: isolated adverse dimension without severe compound conditions | wetter_than_normal,RULE_BASED_UNWEIGHTED_WEATHER_DIMENSIONS,DERIVED_FROM_PUBLIC_WEATHER,PROJECT_ASSUMPTION
2024-03-11,CA_PNW,"Vancouver, BC",8.6,34.6,0.14,18.0,0,6.993,61.7,2.765,1.607,-27.1,-2.625,0,0,0,0,0,0,0,0,0,0,0,0,0,0,1,1,NORMAL,NORMAL: no material adverse or mild scenario trigger,RULE_BASED_UNWEIGHTED_WEATHER_DIMENSIONS,DERIVED_FROM_PUBLIC_WEATHER,PROJECT_ASSUMPTION
2024-03-18,CA_PNW,"Vancouver, BC",9.486,12.5,0.0,10.3,0,7.936,27.25,2.135,1.55,-14.75,-2.135,0,0,0,0,0,0,0,0,0,0,0,0,0,0,1,1,NORMAL,NORMAL: no material adverse or mild scenario trigger,RULE_BASED_UNWEIGHTED_WEATHER_DIMENSIONS,DERIVED_FROM_PUBLIC_WEATHER,PROJECT_ASSUMPTION
2024-03-25,CA_PNW,"Vancouver, BC",8.243,35.8,0.0,16.6,0,7.972,46.0,3.745,0.272,-10.2,-3.745,0,0,0,0,0,0,0,0,0,0,0,0,0,0,1,1,NORMAL,NORMAL: no material adverse or mild scenario trigger,RULE_BASED_UNWEIGHTED_WEATHER_DIMENSIONS,DERIVED_FROM_PUBLIC_WEATHER,PROJECT_ASSUMPTION
2024-04-01,CA_PNW,"Vancouver, BC",8.586,20.0,0.0,13.6,0,7.764,77.7,0.42,0.822,-57.7,-0.42,0,0,0,0,0,0,0,0,0,0,0,0,0,0,1,1,NORMAL,NORMAL: no material adverse or mild scenario trigger,RULE_BASED_UNWEIGHTED_WEATHER_DIMENSIONS,DERIVED_FROM_PUBLIC_WEATHER,PROJECT_ASSUMPTION
2024-04-08,CA_PNW,"Vancouver, BC",8.957,48.3,0.0,18.4,0,6.764,27.75,1.575,2.193,20.55,-1.575,0,0,0,0,0,0,0,1,0,0,0,1,0,0,1,1,NORMAL,NORMAL: isolated adverse dimension without severe compound conditions | wetter_than_normal,RULE_BASED_UNWEIGHTED_WEATHER_DIMENSIONS,DERIVED_FROM_PUBLIC_WEATHER,PROJECT_ASSUMPTION
2024-04-15,CA_PNW,"Vancouver, BC",9.471,9.1,0.0,18.3,0,7.993,60.45,2.38,1.478,-51.35,-2.38,0,0,0,0,0,0,0,0,0,0,0,0,0,0,1,1,NORMAL,NORMAL: no material adverse or mild scenario trigger,RULE_BASED_UNWEIGHTED_WEATHER_DIMENSIONS,DERIVED_FROM_PUBLIC_WEATHER,PROJECT_ASSUMPTION
2024-04-22,CA_PNW,"Vancouver, BC",10.257,65.4,0.0,13.7,0,10.664,20.1,0.0,-0.408,45.3,0.0,1,0,0,0,0,0,0,1,0,0,0,1,0,0,1,1,NORMAL,NORMAL: isolated adverse dimension without severe compound conditions | wetter_than_normal,RULE_BASED_UNWEIGHTED_WEATHER_DIMENSIONS,DERIVED_FROM_PUBLIC_WEATHER,PROJECT_ASSUMPTION
2024-04-29,CA_PNW,"Vancouver, BC",11.1,19.3,0.0,16.3,0,11.443,38.1,0.0,-0.343,-18.8,0.0,0,0,0,0,0,0,0,0,0,0,0,0,0,0,1,1,NORMAL,NORMAL: no material adverse or mild scenario trigger,RULE_BASED_UNWEIGHTED_WEATHER_DIMENSIONS,DERIVED_FROM_PUBLIC_WEATHER,PROJECT_ASSUMPTION
2024-05-06,CA_PNW,"Vancouver, BC",14.414,15.9,0.0,14.1,0,12.95,34.6,0.175,1.464,-18.7,-0.175,0,0,0,0,0,0,0,0,0,0,0,0,0,0,1,1,NORMAL,NORMAL: no material adverse or mild scenario trigger,RULE_BASED_UNWEIGHTED_WEATHER_DIMENSIONS,DERIVED_FROM_PUBLIC_WEATHER,PROJECT_ASSUMPTION
2024-05-13,CA_PNW,"Vancouver, BC",13.014,17.7,0.0,20.9,0,15.264,15.5,0.0,-2.25,2.2,0.0,0,0,0,0,0,0,1,0,0,0,0,1,0,0,1,1,NORMAL,NORMAL: isolated adverse dimension without severe compound conditions | colder_than_normal,RULE_BASED_UNWEIGHTED_WEATHER_DIMENSIONS,DERIVED_FROM_PUBLIC_WEATHER,PROJECT_ASSUMPTION
2024-05-20,CA_PNW,"Vancouver, BC",11.643,69.6,0.0,16.0,0,14.407,19.3,0.0,-2.764,50.3,0.0,1,0,0,0,0,0,1,1,0,0,0,2,0,0,1,1,SEVERE,"SEVERE: colder_than_normal, wetter_than_normal",RULE_BASED_UNWEIGHTED_WEATHER_DIMENSIONS,DERIVED_FROM_PUBLIC_WEATHER,PROJECT_ASSUMPTION
2024-05-27,CA_PNW,"Vancouver, BC",12.729,58.1,0.0,17.5,0,14.965,41.2,0.0,-2.236,16.9,0.0,1,0,0,0,0,0,1,1,0,0,0,2,0,0,1,1,SEVERE,"SEVERE: colder_than_normal, wetter_than_normal",RULE_BASED_UNWEIGHTED_WEATHER_DIMENSIONS,DERIVED_FROM_PUBLIC_WEATHER,PROJECT_ASSUMPTION
2024-06-03,CA_PNW,"Vancouver, BC",15.271,52.0,0.0,21.8,0,16.057,28.05,0.0,-0.786,23.95,0.0,1,0,0,0,0,0,0,1,0,0,0,1,0,0,1,1,NORMAL,NORMAL: isolated adverse dimension without severe compound conditions | wetter_than_normal,RULE_BASED_UNWEIGHTED_WEATHER_DIMENSIONS,DERIVED_FROM_PUBLIC_WEATHER,PROJECT_ASSUMPTION
2024-06-10,CA_PNW,"Vancouver, BC",13.643,39.5,0.0,18.4,0,14.764,15.5,0.0,-1.121,24.0,0.0,0,0,0,0,0,0,0,1,0,0,0,1,0,0,1,1,NORMAL,NORMAL: isolated adverse dimension without severe compound conditions | wetter_than_normal,RULE_BASED_UNWEIGHTED_WEATHER_DIMENSIONS,DERIVED_FROM_PUBLIC_WEATHER,PROJECT_ASSUMPTION
2024-06-17,CA_PNW,"Vancouver, BC",16.957,4.2,0.0,12.3,0,16.315,12.6,0.0,0.642,-8.4,0.0,0,0,0,0,0,0,0,0,0,0,0,0,0,0,1,1,NORMAL,NORMAL: no material adverse or mild scenario trigger,RULE_BASED_UNWEIGHTED_WEATHER_DIMENSIONS,DERIVED_FROM_PUBLIC_WEATHER,PROJECT_ASSUMPTION
2024-06-24,CA_PNW,"Vancouver, BC",16.7,18.6,0.0,11.2,0,18.036,11.5,0.0,-1.336,7.1,0.0,0,0,0,0,0,0,0,0,0,0,0,0,0,0,1,1,NORMAL,NORMAL: no material adverse or mild scenario trigger,RULE_BASED_UNWEIGHTED_WEATHER_DIMENSIONS,DERIVED_FROM_PUBLIC_WEATHER,PROJECT_ASSUMPTION
2024-07-01,CA_PNW,"Vancouver, BC",19.829,1.2,0.0,10.6,0,19.043,2.833,0.0,0.786,-1.633,0.0,0,0,0,0,0,0,0,0,0,0,0,0,0,0,1,1,NORMAL,NORMAL: no material adverse or mild scenario trigger,RULE_BASED_UNWEIGHTED_WEATHER_DIMENSIONS,DERIVED_FROM_PUBLIC_WEATHER,PROJECT_ASSUMPTION
2024-07-08,CA_PNW,"Vancouver, BC",22.443,0.0,0.0,10.1,0,18.719,1.5,0.0,3.724,-1.5,0.0,0,0,0,0,0,0,0,0,0,0,0,0,0,1,1,1,MILD,MILD: warmer_than_seasonal_reference with no adverse weather dimensions,RULE_BASED_UNWEIGHTED_WEATHER_DIMENSIONS,DERIVED_FROM_PUBLIC_WEATHER,PROJECT_ASSUMPTION
2024-07-15,CA_PNW,"Vancouver, BC",21.357,0.0,0.0,13.1,0,19.552,0.633,0.0,1.805,-0.633,0.0,0,0,0,0,0,0,0,0,0,0,0,0,0,0,1,1,NORMAL,NORMAL: no material adverse or mild scenario trigger,RULE_BASED_UNWEIGHTED_WEATHER_DIMENSIONS,DERIVED_FROM_PUBLIC_WEATHER,PROJECT_ASSUMPTION
2024-07-22,CA_PNW,"Vancouver, BC",17.757,5.1,0.0,12.4,0,21.7,13.033,0.0,-3.943,-7.933,0.0,0,0,0,0,0,0,1,0,0,0,0,1,0,0,1,1,NORMAL,NORMAL: isolated adverse dimension without severe compound conditions | colder_than_normal,RULE_BASED_UNWEIGHTED_WEATHER_DIMENSIONS,DERIVED_FROM_PUBLIC_WEATHER,PROJECT_ASSUMPTION
2024-07-29,CA_PNW,"Vancouver, BC",20.1,20.7,0.0,11.9,0,20.005,10.133,0.0,0.095,10.567,0.0,0,0,0,0,0,0,0,0,0,0,0,0,0,0,1,1,NORMAL,NORMAL: no material adverse or mild scenario trigger,RULE_BASED_UNWEIGHTED_WEATHER_DIMENSIONS,DERIVED_FROM_PUBLIC_WEATHER,PROJECT_ASSUMPTION
2024-08-05,CA_PNW,"Vancouver, BC",20.257,0.4,0.0,10.7,0,20.914,4.833,0.0,-0.657,-4.433,0.0,0,0,0,0,0,0,0,0,0,0,0,0,0,0,1,1,NORMAL,NORMAL: no material adverse or mild scenario trigger,RULE_BASED_UNWEIGHTED_WEATHER_DIMENSIONS,DERIVED_FROM_PUBLIC_WEATHER,PROJECT_ASSUMPTION
2024-08-12,CA_PNW,"Vancouver, BC",18.671,15.3,0.0,16.6,0,20.243,7.3,0.0,-1.572,8.0,0.0,0,0,0,0,0,0,0,0,0,0,0,0,0,0,1,1,NORMAL,NORMAL: no material adverse or mild scenario trigger,RULE_BASED_UNWEIGHTED_WEATHER_DIMENSIONS,DERIVED_FROM_PUBLIC_WEATHER,PROJECT_ASSUMPTION
2024-08-19,CA_PNW,"Vancouver, BC",16.786,68.9,0.0,12.7,0,18.586,5.8,0.0,-1.8,63.1,0.0,1,0,0,0,0,0,0,1,0,0,0,1,0,0,1,1,NORMAL,NORMAL: isolated adverse dimension without severe compound conditions | wetter_than_normal,RULE_BASED_UNWEIGHTED_WEATHER_DIMENSIONS,DERIVED_FROM_PUBLIC_WEATHER,PROJECT_ASSUMPTION
2024-08-26,CA_PNW,"Vancouver, BC",17.914,21.7,0.0,15.1,0,18.029,12.033,0.0,-0.115,9.667,0.0,0,0,0,0,0,0,0,0,0,0,0,0,0,0,1,1,NORMAL,NORMAL: no material adverse or mild scenario trigger,RULE_BASED_UNWEIGHTED_WEATHER_DIMENSIONS,DERIVED_FROM_PUBLIC_WEATHER,PROJECT_ASSUMPTION
2024-09-02,CA_PNW,"Vancouver, BC",20.129,0.2,0.0,9.9,0,17.462,4.5,0.0,2.667,-4.3,0.0,0,0,0,0,0,0,0,0,0,0,0,0,0,1,1,1,MILD,MILD: warmer_than_seasonal_reference with no adverse weather dimensions,RULE_BASED_UNWEIGHTED_WEATHER_DIMENSIONS,DERIVED_FROM_PUBLIC_WEATHER,PROJECT_ASSUMPTION
2024-09-09,CA_PNW,"Vancouver, BC",15.443,30.4,0.0,13.0,0,15.548,48.233,0.0,-0.105,-17.833,0.0,0,0,0,0,0,0,0,0,0,0,0,0,0,0,1,1,NORMAL,NORMAL: no material adverse or mild scenario trigger,RULE_BASED_UNWEIGHTED_WEATHER_DIMENSIONS,DERIVED_FROM_PUBLIC_WEATHER,PROJECT_ASSUMPTION
2024-09-16,CA_PNW,"Vancouver, BC",14.486,5.2,0.0,10.5,0,15.2,22.833,0.0,-0.714,-17.633,0.0,0,0,0,0,0,0,0,0,0,0,0,0,0,0,1,1,NORMAL,NORMAL: no material adverse or mild scenario trigger,RULE_BASED_UNWEIGHTED_WEATHER_DIMENSIONS,DERIVED_FROM_PUBLIC_WEATHER,PROJECT_ASSUMPTION
2024-09-23,CA_PNW,"Vancouver, BC",14.5,60.1,0.0,19.8,0,14.238,73.6,0.0,0.262,-13.5,0.0,1,0,0,0,0,0,0,1,0,0,0,1,0,0,1,1,NORMAL,NORMAL: isolated adverse dimension without severe compound conditions | wetter_than_normal,RULE_BASED_UNWEIGHTED_WEATHER_DIMENSIONS,DERIVED_FROM_PUBLIC_WEATHER,PROJECT_ASSUMPTION
2024-09-30,CA_PNW,"Vancouver, BC",12.271,27.8,0.0,15.3,0,13.9,21.6,0.0,-1.629,6.2,0.0,0,0,0,0,0,0,0,0,0,0,0,0,0,0,1,1,NORMAL,NORMAL: no material adverse or mild scenario trigger,RULE_BASED_UNWEIGHTED_WEATHER_DIMENSIONS,DERIVED_FROM_PUBLIC_WEATHER,PROJECT_ASSUMPTION
2024-10-07,CA_PNW,"Vancouver, BC",13.143,14.7,0.0,10.9,0,12.848,74.167,0.0,0.295,-59.467,0.0,0,0,0,0,0,0,0,0,0,0,0,0,0,0,1,1,NORMAL,NORMAL: no material adverse or mild scenario trigger,RULE_BASED_UNWEIGHTED_WEATHER_DIMENSIONS,DERIVED_FROM_PUBLIC_WEATHER,PROJECT_ASSUMPTION
2024-10-14,CA_PNW,"Vancouver, BC",11.257,217.5,0.0,19.3,0,11.876,60.867,0.0,-0.619,156.633,0.0,1,0,0,0,0,0,0,1,0,0,0,1,0,0,1,1,NORMAL,NORMAL: isolated adverse dimension without severe compound conditions | wetter_than_normal,RULE_BASED_UNWEIGHTED_WEATHER_DIMENSIONS,DERIVED_FROM_PUBLIC_WEATHER,PROJECT_ASSUMPTION
2024-10-21,CA_PNW,"Vancouver, BC",9.6,70.0,0.0,19.8,0,8.419,101.6,0.117,1.181,-31.6,-0.117,1,0,0,0,0,0,0,1,0,0,0,1,0,0,1,1,NORMAL,NORMAL: isolated adverse dimension without severe compound conditions | wetter_than_normal,RULE_BASED_UNWEIGHTED_WEATHER_DIMENSIONS,DERIVED_FROM_PUBLIC_WEATHER,PROJECT_ASSUMPTION
2024-10-28,CA_PNW,"Vancouver, BC",8.8,76.8,0.0,16.0,0,8.248,110.3,8.54,0.552,-33.5,-8.54,1,0,0,0,0,0,0,1,0,0,0,1,0,0,1,1,NORMAL,NORMAL: isolated adverse dimension without severe compound conditions | wetter_than_normal,RULE_BASED_UNWEIGHTED_WEATHER_DIMENSIONS,DERIVED_FROM_PUBLIC_WEATHER,PROJECT_ASSUMPTION
2024-11-04,CA_PNW,"Vancouver, BC",9.6,55.6,0.0,26.3,0,6.776,99.7,0.303,2.824,-44.1,-0.303,1,0,0,0,0,0,0,1,0,0,0,1,0,0,1,1,NORMAL,NORMAL: isolated adverse dimension without severe compound conditions | wetter_than_normal,RULE_BASED_UNWEIGHTED_WEATHER_DIMENSIONS,DERIVED_FROM_PUBLIC_WEATHER,PROJECT_ASSUMPTION
2024-11-11,CA_PNW,"Vancouver, BC",7.871,168.6,4.97,23.9,1,5.462,36.933,0.093,2.409,131.667,4.877,1,0,0,0,0,0,0,1,0,0,0,1,0,0,1,1,NORMAL,NORMAL: isolated adverse dimension without severe compound conditions | wetter_than_normal,RULE_BASED_UNWEIGHTED_WEATHER_DIMENSIONS,DERIVED_FROM_PUBLIC_WEATHER,PROJECT_ASSUMPTION
2024-11-18,CA_PNW,"Vancouver, BC",6.743,47.3,7.28,25.5,2,6.681,81.7,0.163,0.062,-34.4,7.117,0,0,0,0,1,0,0,0,1,1,0,2,0,0,1,1,SEVERE,"SEVERE: snowier_than_normal, wet_cold_compound",RULE_BASED_UNWEIGHTED_WEATHER_DIMENSIONS,DERIVED_FROM_PUBLIC_WEATHER,PROJECT_ASSUMPTION
2024-11-25,CA_PNW,"Vancouver, BC",4.643,11.8,0.07,10.3,2,3.8,45.667,11.573,0.843,-33.867,-11.503,0,0,0,0,1,0,0,0,0,1,0,1,0,0,1,1,NORMAL,NORMAL: isolated adverse dimension without severe compound conditions | wet_cold_compound,RULE_BASED_UNWEIGHTED_WEATHER_DIMENSIONS,DERIVED_FROM_PUBLIC_WEATHER,PROJECT_ASSUMPTION
2024-12-02,CA_PNW,"Vancouver, BC",6.271,49.9,0.0,14.9,0,4.662,68.967,24.523,1.609,-19.067,-24.523,0,0,0,0,0,0,0,0,0,0,0,0,0,0,1,1,NORMAL,NORMAL: no material adverse or mild scenario trigger,RULE_BASED_UNWEIGHTED_WEATHER_DIMENSIONS,DERIVED_FROM_PUBLIC_WEATHER,PROJECT_ASSUMPTION
2024-12-09,CA_PNW,"Vancouver, BC",5.843,59.4,0.07,31.0,0,3.681,14.633,11.97,2.162,44.767,-11.9,1,0,0,0,0,0,0,1,0,0,0,1,0,0,1,1,NORMAL,NORMAL: isolated adverse dimension without severe compound conditions | wetter_than_normal,RULE_BASED_UNWEIGHTED_WEATHER_DIMENSIONS,DERIVED_FROM_PUBLIC_WEATHER,PROJECT_ASSUMPTION
2024-12-16,CA_PNW,"Vancouver, BC",7.743,112.9,2.17,17.7,1,1.4,57.033,11.69,6.343,55.867,-9.52,1,0,0,0,0,0,0,1,0,0,0,1,0,0,1,1,NORMAL,NORMAL: isolated adverse dimension without severe compound conditions | wetter_than_normal,RULE_BASED_UNWEIGHTED_WEATHER_DIMENSIONS,DERIVED_FROM_PUBLIC_WEATHER,PROJECT_ASSUMPTION
2024-12-23,CA_PNW,"Vancouver, BC",7.314,118.1,2.8,21.7,0,3.914,74.2,9.52,3.4,43.9,-6.72,1,0,0,0,0,0,0,1,0,0,0,1,0,0,1,1,NORMAL,NORMAL: isolated adverse dimension without severe compound conditions | wetter_than_normal,RULE_BASED_UNWEIGHTED_WEATHER_DIMENSIONS,DERIVED_FROM_PUBLIC_WEATHER,PROJECT_ASSUMPTION
2024-12-30,CA_PNW,"Vancouver, BC",5.386,34.0,0.91,13.0,2,4.905,57.367,15.12,0.481,-23.367,-14.21,0,0,0,0,1,0,0,0,0,1,0,1,0,0,1,1,NORMAL,NORMAL: isolated adverse dimension without severe compound conditions | wet_cold_compound,RULE_BASED_UNWEIGHTED_WEATHER_DIMENSIONS,DERIVED_FROM_PUBLIC_WEATHER,PROJECT_ASSUMPTION
2025-01-06,CA_PNW,"Vancouver, BC",5.9,17.8,0.0,13.3,0,4.286,83.933,2.73,1.614,-66.133,-2.73,0,0,0,0,0,0,0,0,0,0,0,0,0,0,1,1,NORMAL,NORMAL: no material adverse or mild scenario trigger,RULE_BASED_UNWEIGHTED_WEATHER_DIMENSIONS,DERIVED_FROM_PUBLIC_WEATHER,PROJECT_ASSUMPTION
2025-01-13,CA_PNW,"Vancouver, BC",3.757,0.7,0.0,15.0,0,3.981,43.967,6.113,-0.224,-43.267,-6.113,0,0,0,0,0,0,0,0,0,0,0,0,0,0,1,1,NORMAL,NORMAL: no material adverse or mild scenario trigger,RULE_BASED_UNWEIGHTED_WEATHER_DIMENSIONS,DERIVED_FROM_PUBLIC_WEATHER,PROJECT_ASSUMPTION
2025-01-20,CA_PNW,"Vancouver, BC",2.214,0.0,0.07,9.3,0,5.557,69.933,0.047,-3.343,-69.933,0.023,0,0,0,0,0,0,1,0,0,0,0,1,0,0,1,1,NORMAL,NORMAL: isolated adverse dimension without severe compound conditions | colder_than_normal,RULE_BASED_UNWEIGHTED_WEATHER_DIMENSIONS,DERIVED_FROM_PUBLIC_WEATHER,PROJECT_ASSUMPTION
2025-01-27,CA_PNW,"Vancouver, BC",2.471,31.1,15.68,19.7,2,6.167,41.067,2.007,-3.696,-9.967,13.673,0,1,0,0,1,0,1,0,1,1,0,3,1,0,1,1,SEVERE,"SEVERE: colder_than_normal, snowier_than_normal, wet_cold_compound | extreme_event_trigger",RULE_BASED_UNWEIGHTED_WEATHER_DIMENSIONS,DERIVED_FROM_PUBLIC_WEATHER,PROJECT_ASSUMPTION
2025-02-03,CA_PNW,"Vancouver, BC",-1.843,0.1,6.72,18.3,0,6.124,39.467,0.303,-7.967,-39.367,6.417,0,0,1,0,0,0,1,0,1,0,0,2,0,0,1,1,SEVERE,"SEVERE: colder_than_normal, snowier_than_normal",RULE_BASED_UNWEIGHTED_WEATHER_DIMENSIONS,DERIVED_FROM_PUBLIC_WEATHER,PROJECT_ASSUMPTION
2025-02-10,CA_PNW,"Vancouver, BC",-0.343,18.1,3.15,14.2,2,5.543,16.7,2.613,-5.886,1.4,0.537,0,0,1,0,1,0,1,0,0,1,0,2,0,0,1,1,SEVERE,"SEVERE: colder_than_normal, wet_cold_compound",RULE_BASED_UNWEIGHTED_WEATHER_DIMENSIONS,DERIVED_FROM_PUBLIC_WEATHER,PROJECT_ASSUMPTION
2025-02-17,CA_PNW,"Vancouver, BC",7.757,105.6,0.0,21.6,0,3.814,36.867,8.167,3.943,68.733,-8.167,1,0,0,0,0,0,0,1,0,0,0,1,0,0,1,1,NORMAL,NORMAL: isolated adverse dimension without severe compound conditions | wetter_than_normal,RULE_BASED_UNWEIGHTED_WEATHER_DIMENSIONS,DERIVED_FROM_PUBLIC_WEATHER,PROJECT_ASSUMPTION
2025-02-24,CA_PNW,"Vancouver, BC",9.2,29.4,0.0,22.5,0,4.605,42.1,16.8,4.595,-12.7,-16.8,0,0,0,0,0,0,0,0,0,0,0,0,0,1,1,1,MILD,MILD: warmer_than_seasonal_reference with no adverse weather dimensions,RULE_BASED_UNWEIGHTED_WEATHER_DIMENSIONS,DERIVED_FROM_PUBLIC_WEATHER,PROJECT_ASSUMPTION
2025-03-03,CA_PNW,"Vancouver, BC",7.214,85.0,0.21,19.4,0,5.257,31.9,3.547,1.957,53.1,-3.337,1,0,0,0,0,0,0,1,0,0,0,1,0,0,1,1,NORMAL,NORMAL: isolated adverse dimension without severe compound conditions | wetter_than_normal,RULE_BASED_UNWEIGHTED_WEATHER_DIMENSIONS,DERIVED_FROM_PUBLIC_WEATHER,PROJECT_ASSUMPTION
2025-03-10,CA_PNW,"Vancouver, BC",5.557,58.0,14.0,13.3,2,7.529,52.667,1.89,-1.972,5.333,12.11,1,0,0,0,1,0,0,1,1,1,0,3,0,0,1,1,SEVERE,"SEVERE: wetter_than_normal, snowier_than_normal, wet_cold_compound",RULE_BASED_UNWEIGHTED_WEATHER_DIMENSIONS,DERIVED_FROM_PUBLIC_WEATHER,PROJECT_ASSUMPTION
2025-03-17,CA_PNW,"Vancouver, BC",6.329,97.4,3.92,19.2,0,8.453,22.333,1.423,-2.124,75.067,2.497,1,0,0,0,0,0,1,1,0,0,0,2,0,0,1,1,SEVERE,"SEVERE: colder_than_normal, wetter_than_normal",RULE_BASED_UNWEIGHTED_WEATHER_DIMENSIONS,DERIVED_FROM_PUBLIC_WEATHER,PROJECT_ASSUMPTION
2025-03-24,CA_PNW,"Vancouver, BC",10.329,81.3,0.0,14.5,0,8.062,42.6,2.497,2.267,38.7,-2.497,1,0,0,0,0,0,0,1,0,0,0,1,0,0,1,1,NORMAL,NORMAL: isolated adverse dimension without severe compound conditions | wetter_than_normal,RULE_BASED_UNWEIGHTED_WEATHER_DIMENSIONS,DERIVED_FROM_PUBLIC_WEATHER,PROJECT_ASSUMPTION
2025-03-31,CA_PNW,"Vancouver, BC",9.7,50.4,0.0,12.4,0,8.038,58.467,0.28,1.662,-8.067,-0.28,1,0,0,0,0,0,0,1,0,0,0,1,0,0,1,1,NORMAL,NORMAL: isolated adverse dimension without severe compound conditions | wetter_than_normal,RULE_BASED_UNWEIGHTED_WEATHER_DIMENSIONS,DERIVED_FROM_PUBLIC_WEATHER,PROJECT_ASSUMPTION
2025-04-07,CA_PNW,"Vancouver, BC",9.286,70.2,0.0,18.3,0,7.495,34.6,1.05,1.791,35.6,-1.05,1,0,0,0,0,0,0,1,0,0,0,1,0,0,1,1,NORMAL,NORMAL: isolated adverse dimension without severe compound conditions | wetter_than_normal,RULE_BASED_UNWEIGHTED_WEATHER_DIMENSIONS,DERIVED_FROM_PUBLIC_WEATHER,PROJECT_ASSUMPTION
2025-04-14,CA_PNW,"Vancouver, BC",10.843,1.9,0.0,11.6,0,8.486,43.333,1.587,2.357,-41.433,-1.587,0,0,0,0,0,0,0,0,0,0,0,0,0,1,1,1,MILD,MILD: warmer_than_seasonal_reference with no adverse weather dimensions,RULE_BASED_UNWEIGHTED_WEATHER_DIMENSIONS,DERIVED_FROM_PUBLIC_WEATHER,PROJECT_ASSUMPTION
2025-04-21,CA_PNW,"Vancouver, BC",11.4,0.6,0.0,13.3,0,10.529,35.2,0.0,0.871,-34.6,0.0,0,0,0,0,0,0,0,0,0,0,0,0,0,0,1,1,NORMAL,NORMAL: no material adverse or mild scenario trigger,RULE_BASED_UNWEIGHTED_WEATHER_DIMENSIONS,DERIVED_FROM_PUBLIC_WEATHER,PROJECT_ASSUMPTION
2025-04-28,CA_PNW,"Vancouver, BC",12.129,25.6,0.0,15.6,0,11.329,31.833,0.0,0.8,-6.233,0.0,0,0,0,0,0,0,0,0,0,0,0,0,0,0,1,1,NORMAL,NORMAL: no material adverse or mild scenario trigger,RULE_BASED_UNWEIGHTED_WEATHER_DIMENSIONS,DERIVED_FROM_PUBLIC_WEATHER,PROJECT_ASSUMPTION
2025-05-05,CA_PNW,"Vancouver, BC",13.257,11.4,0.0,13.0,0,13.438,28.367,0.117,-0.181,-16.967,-0.117,0,0,0,0,0,0,0,0,0,0,0,0,0,0,1,1,NORMAL,NORMAL: no material adverse or mild scenario trigger,RULE_BASED_UNWEIGHTED_WEATHER_DIMENSIONS,DERIVED_FROM_PUBLIC_WEATHER,PROJECT_ASSUMPTION
2025-05-12,CA_PNW,"Vancouver, BC",11.986,36.4,0.0,13.4,0,14.514,16.233,0.0,-2.528,20.167,0.0,0,0,0,0,0,0,1,1,0,0,0,2,0,0,1,1,SEVERE,"SEVERE: colder_than_normal, wetter_than_normal",RULE_BASED_UNWEIGHTED_WEATHER_DIMENSIONS,DERIVED_FROM_PUBLIC_WEATHER,PROJECT_ASSUMPTION
2025-05-19,CA_PNW,"Vancouver, BC",12.9,38.6,0.0,16.1,0,13.486,36.067,0.0,-0.586,2.533,0.0,0,0,0,0,0,0,0,0,0,0,0,0,0,0,1,1,NORMAL,NORMAL: no material adverse or mild scenario trigger,RULE_BASED_UNWEIGHTED_WEATHER_DIMENSIONS,DERIVED_FROM_PUBLIC_WEATHER,PROJECT_ASSUMPTION
2025-05-26,CA_PNW,"Vancouver, BC",15.643,28.7,0.0,12.3,0,14.219,46.833,0.0,1.424,-18.133,0.0,0,0,0,0,0,0,0,0,0,0,0,0,0,0,1,1,NORMAL,NORMAL: no material adverse or mild scenario trigger,RULE_BASED_UNWEIGHTED_WEATHER_DIMENSIONS,DERIVED_FROM_PUBLIC_WEATHER,PROJECT_ASSUMPTION
2025-06-02,CA_PNW,"Vancouver, BC",17.4,0.2,0.0,11.7,0,15.795,36.033,0.0,1.605,-35.833,0.0,0,0,0,0,0,0,0,0,0,0,0,0,0,0,1,1,NORMAL,NORMAL: no material adverse or mild scenario trigger,RULE_BASED_UNWEIGHTED_WEATHER_DIMENSIONS,DERIVED_FROM_PUBLIC_WEATHER,PROJECT_ASSUMPTION
2025-06-09,CA_PNW,"Vancouver, BC",16.214,1.9,0.0,10.7,0,14.391,23.5,0.0,1.823,-21.6,0.0,0,0,0,0,0,0,0,0,0,0,0,0,0,0,1,1,NORMAL,NORMAL: no material adverse or mild scenario trigger,RULE_BASED_UNWEIGHTED_WEATHER_DIMENSIONS,DERIVED_FROM_PUBLIC_WEATHER,PROJECT_ASSUMPTION
2025-06-16,CA_PNW,"Vancouver, BC",14.971,33.1,0.0,12.9,0,16.529,9.8,0.0,-1.558,23.3,0.0,0,0,0,0,0,0,0,1,0,0,0,1,0,0,1,1,NORMAL,NORMAL: isolated adverse dimension without severe compound conditions | wetter_than_normal,RULE_BASED_UNWEIGHTED_WEATHER_DIMENSIONS,DERIVED_FROM_PUBLIC_WEATHER,PROJECT_ASSUMPTION
2025-06-23,CA_PNW,"Vancouver, BC",16.443,5.6,0.0,10.2,0,17.591,13.867,0.0,-1.148,-8.267,0.0,0,0,0,0,0,0,0,0,0,0,0,0,0,0,1,1,NORMAL,NORMAL: no material adverse or mild scenario trigger,RULE_BASED_UNWEIGHTED_WEATHER_DIMENSIONS,DERIVED_FROM_PUBLIC_WEATHER,PROJECT_ASSUMPTION
2025-06-30,CA_PNW,"Vancouver, BC",18.943,0.1,0.0,10.4,0,19.24,2.425,0.0,-0.296,-2.325,0.0,0,0,0,0,0,0,0,0,0,0,0,0,0,0,1,1,NORMAL,NORMAL: no material adverse or mild scenario trigger,RULE_BASED_UNWEIGHTED_WEATHER_DIMENSIONS,DERIVED_FROM_PUBLIC_WEATHER,PROJECT_ASSUMPTION
2025-07-07,CA_PNW,"Vancouver, BC",19.957,12.7,0.0,12.7,0,19.65,1.125,0.0,0.307,11.575,0.0,0,0,0,0,0,0,0,0,0,0,0,0,0,0,1,1,NORMAL,NORMAL: no material adverse or mild scenario trigger,RULE_BASED_UNWEIGHTED_WEATHER_DIMENSIONS,DERIVED_FROM_PUBLIC_WEATHER,PROJECT_ASSUMPTION
2025-07-14,CA_PNW,"Vancouver, BC",20.086,0.3,0.0,14.4,0,20.003,0.475,0.0,0.083,-0.175,0.0,0,0,0,0,0,0,0,0,0,0,0,0,0,0,1,1,NORMAL,NORMAL: no material adverse or mild scenario trigger,RULE_BASED_UNWEIGHTED_WEATHER_DIMENSIONS,DERIVED_FROM_PUBLIC_WEATHER,PROJECT_ASSUMPTION
2025-07-21,CA_PNW,"Vancouver, BC",18.429,0.5,0.0,10.7,0,20.714,11.05,0.0,-2.285,-10.55,0.0,0,0,0,0,0,0,1,0,0,0,0,1,0,0,1,1,NORMAL,NORMAL: isolated adverse dimension without severe compound conditions | colder_than_normal,RULE_BASED_UNWEIGHTED_WEATHER_DIMENSIONS,DERIVED_FROM_PUBLIC_WEATHER,PROJECT_ASSUMPTION
2025-07-28,CA_PNW,"Vancouver, BC",19.943,0.0,0.0,10.8,0,20.028,12.775,0.0,-0.085,-12.775,0.0,0,0,0,0,0,0,0,0,0,0,0,0,0,0,1,1,NORMAL,NORMAL: no material adverse or mild scenario trigger,RULE_BASED_UNWEIGHTED_WEATHER_DIMENSIONS,DERIVED_FROM_PUBLIC_WEATHER,PROJECT_ASSUMPTION
2025-08-04,CA_PNW,"Vancouver, BC",18.671,25.1,0.0,13.3,0,20.75,3.725,0.0,-2.079,21.375,0.0,0,0,0,0,0,0,1,1,0,0,0,2,0,0,1,1,SEVERE,"SEVERE: colder_than_normal, wetter_than_normal",RULE_BASED_UNWEIGHTED_WEATHER_DIMENSIONS,DERIVED_FROM_PUBLIC_WEATHER,PROJECT_ASSUMPTION
2025-08-11,CA_PNW,"Vancouver, BC",19.757,66.3,0.0,20.5,0,19.85,9.3,0.0,-0.093,57.0,0.0,1,0,0,0,0,0,0,1,0,0,0,1,0,0,1,1,NORMAL,NORMAL: isolated adverse dimension without severe compound conditions | wetter_than_normal,RULE_BASED_UNWEIGHTED_WEATHER_DIMENSIONS,DERIVED_FROM_PUBLIC_WEATHER,PROJECT_ASSUMPTION
2025-08-18,CA_PNW,"Vancouver, BC",20.1,1.2,0.0,9.0,0,18.136,21.575,0.0,1.964,-20.375,0.0,0,0,0,0,0,0,0,0,0,0,0,0,0,0,1,1,NORMAL,NORMAL: no material adverse or mild scenario trigger,RULE_BASED_UNWEIGHTED_WEATHER_DIMENSIONS,DERIVED_FROM_PUBLIC_WEATHER,PROJECT_ASSUMPTION
2025-08-25,CA_PNW,"Vancouver, BC",20.629,0.2,0.0,10.2,0,18.0,14.45,0.0,2.629,-14.25,0.0,0,0,0,0,0,0,0,0,0,0,0,0,0,1,1,1,MILD,MILD: warmer_than_seasonal_reference with no adverse weather dimensions,RULE_BASED_UNWEIGHTED_WEATHER_DIMENSIONS,DERIVED_FROM_PUBLIC_WEATHER,PROJECT_ASSUMPTION
2025-09-01,CA_PNW,"Vancouver, BC",19.314,1.0,0.0,9.8,0,18.129,3.425,0.0,1.185,-2.425,0.0,0,0,0,0,0,0,0,0,0,0,0,0,0,0,1,1,NORMAL,NORMAL: no material adverse or mild scenario trigger,RULE_BASED_UNWEIGHTED_WEATHER_DIMENSIONS,DERIVED_FROM_PUBLIC_WEATHER,PROJECT_ASSUMPTION
2025-09-08,CA_PNW,"Vancouver, BC",17.343,5.6,0.0,10.5,0,15.522,43.775,0.0,1.822,-38.175,0.0,0,0,0,0,0,0,0,0,0,0,0,0,0,0,1,1,NORMAL,NORMAL: no material adverse or mild scenario trigger,RULE_BASED_UNWEIGHTED_WEATHER_DIMENSIONS,DERIVED_FROM_PUBLIC_WEATHER,PROJECT_ASSUMPTION
2025-09-15,CA_PNW,"Vancouver, BC",17.3,23.8,0.0,12.5,0,15.022,18.425,0.0,2.279,5.375,0.0,0,0,0,0,0,0,0,0,0,0,0,0,0,1,1,1,MILD,MILD: warmer_than_seasonal_reference with no adverse weather dimensions,RULE_BASED_UNWEIGHTED_WEATHER_DIMENSIONS,DERIVED_FROM_PUBLIC_WEATHER,PROJECT_ASSUMPTION
2025-09-22,CA_PNW,"Vancouver, BC",15.1,13.5,0.0,11.7,0,14.304,70.225,0.0,0.796,-56.725,0.0,0,0,0,0,0,0,0,0,0,0,0,0,0,0,1,1,NORMAL,NORMAL: no material adverse or mild scenario trigger,RULE_BASED_UNWEIGHTED_WEATHER_DIMENSIONS,DERIVED_FROM_PUBLIC_WEATHER,PROJECT_ASSUMPTION
2025-09-29,CA_PNW,"Vancouver, BC",13.957,83.2,0.0,18.1,0,13.492,23.15,0.0,0.465,60.05,0.0,1,0,0,0,0,0,0,1,0,0,0,1,0,0,1,1,NORMAL,NORMAL: isolated adverse dimension without severe compound conditions | wetter_than_normal,RULE_BASED_UNWEIGHTED_WEATHER_DIMENSIONS,DERIVED_FROM_PUBLIC_WEATHER,PROJECT_ASSUMPTION
2025-10-06,CA_PNW,"Vancouver, BC",12.1,25.3,0.0,11.6,0,12.922,59.3,0.0,-0.822,-34.0,0.0,0,0,0,0,0,0,0,0,0,0,0,0,0,0,1,1,NORMAL,NORMAL: no material adverse or mild scenario trigger,RULE_BASED_UNWEIGHTED_WEATHER_DIMENSIONS,DERIVED_FROM_PUBLIC_WEATHER,PROJECT_ASSUMPTION
2025-10-13,CA_PNW,"Vancouver, BC",9.5,49.9,0.0,17.5,0,11.721,100.025,0.0,-2.221,-50.125,0.0,0,0,0,0,0,0,1,0,0,0,0,1,0,0,1,1,NORMAL,NORMAL: isolated adverse dimension without severe compound conditions | colder_than_normal,RULE_BASED_UNWEIGHTED_WEATHER_DIMENSIONS,DERIVED_FROM_PUBLIC_WEATHER,PROJECT_ASSUMPTION
2025-10-20,CA_PNW,"Vancouver, BC",10.571,87.7,0.0,23.0,0,8.714,93.7,0.088,1.857,-6.0,-0.088,1,0,0,0,0,0,0,1,0,0,0,1,0,0,1,1,NORMAL,NORMAL: isolated adverse dimension without severe compound conditions | wetter_than_normal,RULE_BASED_UNWEIGHTED_WEATHER_DIMENSIONS,DERIVED_FROM_PUBLIC_WEATHER,PROJECT_ASSUMPTION
2025-10-27,CA_PNW,"Vancouver, BC",8.986,102.2,0.0,17.9,0,8.386,101.925,6.405,0.6,0.275,-6.405,1,0,0,0,0,0,0,1,0,0,0,1,0,0,1,1,NORMAL,NORMAL: isolated adverse dimension without severe compound conditions | wetter_than_normal,RULE_BASED_UNWEIGHTED_WEATHER_DIMENSIONS,DERIVED_FROM_PUBLIC_WEATHER,PROJECT_ASSUMPTION
2025-11-03,CA_PNW,"Vancouver, BC",9.743,84.1,0.0,24.7,0,7.482,88.675,0.228,2.261,-4.575,-0.228,1,0,0,0,0,0,0,1,0,0,0,1,0,0,1,1,NORMAL,NORMAL: isolated adverse dimension without severe compound conditions | wetter_than_normal,RULE_BASED_UNWEIGHTED_WEATHER_DIMENSIONS,DERIVED_FROM_PUBLIC_WEATHER,PROJECT_ASSUMPTION
2025-11-10,CA_PNW,"Vancouver, BC",9.6,56.3,0.0,12.6,0,6.064,69.85,1.312,3.536,-13.55,-1.312,1,0,0,0,0,0,0,1,0,0,0,1,0,0,1,1,NORMAL,NORMAL: isolated adverse dimension without severe compound conditions | wetter_than_normal,RULE_BASED_UNWEIGHTED_WEATHER_DIMENSIONS,DERIVED_FROM_PUBLIC_WEATHER,PROJECT_ASSUMPTION
2025-11-17,CA_PNW,"Vancouver, BC",8.229,83.6,0.0,15.4,0,6.696,73.1,1.943,1.532,10.5,-1.943,1,0,0,0,0,0,0,1,0,0,0,1,0,0,1,1,NORMAL,NORMAL: isolated adverse dimension without severe compound conditions | wetter_than_normal,RULE_BASED_UNWEIGHTED_WEATHER_DIMENSIONS,DERIVED_FROM_PUBLIC_WEATHER,PROJECT_ASSUMPTION
2025-11-24,CA_PNW,"Vancouver, BC",5.914,35.4,0.0,13.0,1,4.011,37.2,8.698,1.903,-1.8,-8.698,0,0,0,0,0,0,0,0,0,0,0,0,0,0,1,1,NORMAL,NORMAL: no material adverse or mild scenario trigger,RULE_BASED_UNWEIGHTED_WEATHER_DIMENSIONS,DERIVED_FROM_PUBLIC_WEATHER,PROJECT_ASSUMPTION
2025-12-01,CA_PNW,"Vancouver, BC",7.043,56.1,0.0,12.7,1,5.064,64.2,18.393,1.979,-8.1,-18.393,1,0,0,0,0,0,0,1,0,0,0,1,0,0,1,1,NORMAL,NORMAL: isolated adverse dimension without severe compound conditions | wetter_than_normal,RULE_BASED_UNWEIGHTED_WEATHER_DIMENSIONS,DERIVED_FROM_PUBLIC_WEATHER,PROJECT_ASSUMPTION
2025-12-08,CA_PNW,"Vancouver, BC",9.114,127.3,0.0,19.2,0,4.221,25.825,8.995,4.893,101.475,-8.995,1,0,0,0,0,0,0,1,0,0,0,1,0,0,1,1,NORMAL,NORMAL: isolated adverse dimension without severe compound conditions | wetter_than_normal,RULE_BASED_UNWEIGHTED_WEATHER_DIMENSIONS,DERIVED_FROM_PUBLIC_WEATHER,PROJECT_ASSUMPTION
2025-12-15,CA_PNW,"Vancouver, BC",7.3,188.0,2.94,30.1,1,2.986,71.0,9.31,4.314,117.0,-6.37,1,0,0,0,0,0,0,1,0,0,0,1,0,0,1,1,NORMAL,NORMAL: isolated adverse dimension without severe compound conditions | wetter_than_normal,RULE_BASED_UNWEIGHTED_WEATHER_DIMENSIONS,DERIVED_FROM_PUBLIC_WEATHER,PROJECT_ASSUMPTION
2025-12-22,CA_PNW,"Vancouver, BC",3.829,42.2,3.71,24.5,4,4.764,85.175,7.84,-0.935,-42.975,-4.13,0,0,0,0,1,0,0,0,0,1,0,1,0,0,1,1,NORMAL,NORMAL: isolated adverse dimension without severe compound conditions | wet_cold_compound,RULE_BASED_UNWEIGHTED_WEATHER_DIMENSIONS,DERIVED_FROM_PUBLIC_WEATHER,PROJECT_ASSUMPTION
2025-12-29,CA_PNW,"Vancouver, BC",5.443,51.8,0.07,14.0,0,5.025,51.525,11.567,0.418,0.275,-11.497,1,0,0,0,0,0,0,1,0,0,0,1,0,0,1,1,NORMAL,NORMAL: isolated adverse dimension without severe compound conditions | wetter_than_normal,RULE_BASED_UNWEIGHTED_WEATHER_DIMENSIONS,DERIVED_FROM_PUBLIC_WEATHER,PROJECT_ASSUMPTION
2026-01-05,CA_PNW,"Vancouver, BC",5.386,82.3,19.95,21.5,2,4.69,67.4,2.047,0.697,14.9,17.902,1,1,0,0,1,0,0,1,1,1,0,3,1,0,1,1,SEVERE,"SEVERE: wetter_than_normal, snowier_than_normal, wet_cold_compound | extreme_event_trigger",RULE_BASED_UNWEIGHTED_WEATHER_DIMENSIONS,DERIVED_FROM_PUBLIC_WEATHER,PROJECT_ASSUMPTION
2026-01-12,CA_PNW,"Vancouver, BC",7.3,72.6,0.0,15.0,0,3.925,33.15,4.585,3.375,39.45,-4.585,1,0,0,0,0,0,0,1,0,0,0,1,0,0,1,1,NORMAL,NORMAL: isolated adverse dimension without severe compound conditions | wetter_than_normal,RULE_BASED_UNWEIGHTED_WEATHER_DIMENSIONS,DERIVED_FROM_PUBLIC_WEATHER,PROJECT_ASSUMPTION
2026-01-19,CA_PNW,"Vancouver, BC",3.029,0.0,0.0,11.1,0,4.721,52.45,0.053,-1.692,-52.45,-0.053,0,0,0,0,0,0,0,0,0,0,0,0,0,0,1,1,NORMAL,NORMAL: no material adverse or mild scenario trigger,RULE_BASED_UNWEIGHTED_WEATHER_DIMENSIONS,DERIVED_FROM_PUBLIC_WEATHER,PROJECT_ASSUMPTION
2026-01-26,CA_PNW,"Vancouver, BC",7.786,110.9,0.0,17.2,0,5.243,38.575,5.425,2.543,72.325,-5.425,1,0,0,0,0,0,0,1,0,0,0,1,0,0,1,1,NORMAL,NORMAL: isolated adverse dimension without severe compound conditions | wetter_than_normal,RULE_BASED_UNWEIGHTED_WEATHER_DIMENSIONS,DERIVED_FROM_PUBLIC_WEATHER,PROJECT_ASSUMPTION
2026-02-02,CA_PNW,"Vancouver, BC",9.057,51.2,0.0,18.8,0,4.132,29.625,1.908,4.925,21.575,-1.908,1,0,0,0,0,0,0,1,0,0,0,1,0,0,1,1,NORMAL,NORMAL: isolated adverse dimension without severe compound conditions | wetter_than_normal,RULE_BASED_UNWEIGHTED_WEATHER_DIMENSIONS,DERIVED_FROM_PUBLIC_WEATHER,PROJECT_ASSUMPTION
2026-02-09,CA_PNW,"Vancouver, BC",5.714,38.1,1.26,11.9,0,4.071,17.05,2.748,1.643,21.05,-1.488,0,0,0,0,0,0,0,1,0,0,0,1,0,0,1,1,NORMAL,NORMAL: isolated adverse dimension without severe compound conditions | wetter_than_normal,RULE_BASED_UNWEIGHTED_WEATHER_DIMENSIONS,DERIVED_FROM_PUBLIC_WEATHER,PROJECT_ASSUMPTION
2026-02-16,CA_PNW,"Vancouver, BC",3.043,22.0,9.66,18.7,2,4.8,54.05,6.125,-1.757,-32.05,3.535,0,0,0,0,1,0,0,0,0,1,0,1,0,0,1,1,NORMAL,NORMAL: isolated adverse dimension without severe compound conditions | wet_cold_compound,RULE_BASED_UNWEIGHTED_WEATHER_DIMENSIONS,DERIVED_FROM_PUBLIC_WEATHER,PROJECT_ASSUMPTION
2026-02-23,CA_PNW,"Vancouver, BC",6.657,23.4,0.0,17.2,0,5.754,38.925,12.6,0.904,-15.525,-12.6,0,0,0,0,0,0,0,0,0,0,0,0,0,0,1,1,NORMAL,NORMAL: no material adverse or mild scenario trigger,RULE_BASED_UNWEIGHTED_WEATHER_DIMENSIONS,DERIVED_FROM_PUBLIC_WEATHER,PROJECT_ASSUMPTION
2026-03-02,CA_PNW,"Vancouver, BC",8.5,74.5,0.07,18.9,0,5.746,45.175,2.713,2.754,29.325,-2.643,1,0,0,0,0,0,0,1,0,0,0,1,0,0,1,1,NORMAL,NORMAL: isolated adverse dimension without severe compound conditions | wetter_than_normal,RULE_BASED_UNWEIGHTED_WEATHER_DIMENSIONS,DERIVED_FROM_PUBLIC_WEATHER,PROJECT_ASSUMPTION
2026-03-09,CA_PNW,"Vancouver, BC",4.071,23.6,21.56,24.8,5,7.036,54.0,4.918,-2.965,-30.4,16.642,0,1,0,0,1,0,1,0,1,1,0,3,1,0,1,1,SEVERE,"SEVERE: colder_than_normal, snowier_than_normal, wet_cold_compound | extreme_event_trigger",RULE_BASED_UNWEIGHTED_WEATHER_DIMENSIONS,DERIVED_FROM_PUBLIC_WEATHER,PROJECT_ASSUMPTION
2026-03-16,CA_PNW,"Vancouver, BC",9.086,190.2,2.8,16.2,0,7.922,41.1,2.047,1.164,149.1,0.752,1,0,0,0,0,0,0,1,0,0,0,1,0,0,1,1,NORMAL,NORMAL: isolated adverse dimension without severe compound conditions | wetter_than_normal,RULE_BASED_UNWEIGHTED_WEATHER_DIMENSIONS,DERIVED_FROM_PUBLIC_WEATHER,PROJECT_ASSUMPTION
2026-03-23,CA_PNW,"Vancouver, BC",6.214,25.7,1.89,28.3,0,8.629,52.275,1.872,-2.415,-26.575,0.017,0,0,0,0,0,0,1,0,0,0,0,1,0,0,1,1,NORMAL,NORMAL: isolated adverse dimension without severe compound conditions | colder_than_normal,RULE_BASED_UNWEIGHTED_WEATHER_DIMENSIONS,DERIVED_FROM_PUBLIC_WEATHER,PROJECT_ASSUMPTION
2026-03-30,CA_PNW,"Vancouver, BC",8.357,33.4,0.0,15.5,0,8.454,56.45,0.21,-0.097,-23.05,-0.21,0,0,0,0,0,0,0,0,0,0,0,0,0,0,1,1,NORMAL,NORMAL: no material adverse or mild scenario trigger,RULE_BASED_UNWEIGHTED_WEATHER_DIMENSIONS,DERIVED_FROM_PUBLIC_WEATHER,PROJECT_ASSUMPTION
2026-04-06,CA_PNW,"Vancouver, BC",10.786,1.1,0.0,12.6,0,7.943,43.5,0.788,2.843,-42.4,-0.788,0,0,0,0,0,0,0,0,0,0,0,0,0,1,1,1,MILD,MILD: warmer_than_seasonal_reference with no adverse weather dimensions,RULE_BASED_UNWEIGHTED_WEATHER_DIMENSIONS,DERIVED_FROM_PUBLIC_WEATHER,PROJECT_ASSUMPTION
2026-04-13,CA_PNW,"Vancouver, BC",9.557,37.3,0.0,22.4,0,9.075,32.975,1.19,0.482,4.325,-1.19,0,0,0,0,0,0,0,0,0,0,0,0,0,0,1,1,NORMAL,NORMAL: no material adverse or mild scenario trigger,RULE_BASED_UNWEIGHTED_WEATHER_DIMENSIONS,DERIVED_FROM_PUBLIC_WEATHER,PROJECT_ASSUMPTION
2026-04-20,CA_PNW,"Vancouver, BC",12.686,3.7,0.0,14.4,0,10.746,26.55,0.0,1.94,-22.85,0.0,0,0,0,0,0,0,0,0,0,0,0,0,0,0,1,1,NORMAL,NORMAL: no material adverse or mild scenario trigger,RULE_BASED_UNWEIGHTED_WEATHER_DIMENSIONS,DERIVED_FROM_PUBLIC_WEATHER,PROJECT_ASSUMPTION
2026-04-27,CA_PNW,"Vancouver, BC",14.557,6.7,0.0,12.0,0,11.529,30.275,0.0,3.028,-23.575,0.0,0,0,0,0,0,0,0,0,0,0,0,0,0,1,1,1,MILD,MILD: warmer_than_seasonal_reference with no adverse weather dimensions,RULE_BASED_UNWEIGHTED_WEATHER_DIMENSIONS,DERIVED_FROM_PUBLIC_WEATHER,PROJECT_ASSUMPTION
2026-05-04,CA_PNW,"Vancouver, BC",15.1,0.3,0.0,13.5,0,13.393,24.125,0.088,1.707,-23.825,-0.088,0,0,0,0,0,0,0,0,0,0,0,0,0,0,1,1,NORMAL,NORMAL: no material adverse or mild scenario trigger,RULE_BASED_UNWEIGHTED_WEATHER_DIMENSIONS,DERIVED_FROM_PUBLIC_WEATHER,PROJECT_ASSUMPTION
2026-05-11,CA_PNW,"Vancouver, BC",13.3,38.6,0.0,17.1,0,13.882,21.275,0.0,-0.582,17.325,0.0,0,0,0,0,0,0,0,0,0,0,0,0,0,0,1,1,NORMAL,NORMAL: no material adverse or mild scenario trigger,RULE_BASED_UNWEIGHTED_WEATHER_DIMENSIONS,DERIVED_FROM_PUBLIC_WEATHER,PROJECT_ASSUMPTION
2026-05-18,CA_PNW,"Vancouver, BC",14.943,0.7,0.0,11.5,0,13.34,36.7,0.0,1.603,-36.0,0.0,0,0,0,0,0,0,0,0,0,0,0,0,0,0,1,1,NORMAL,NORMAL: no material adverse or mild scenario trigger,RULE_BASED_UNWEIGHTED_WEATHER_DIMENSIONS,DERIVED_FROM_PUBLIC_WEATHER,PROJECT_ASSUMPTION
2026-05-25,CA_PNW,"Vancouver, BC",14.9,22.0,0.0,14.2,0,14.575,42.3,0.0,0.325,-20.3,0.0,0,0,0,0,0,0,0,0,0,0,0,0,0,0,1,1,NORMAL,NORMAL: no material adverse or mild scenario trigger,RULE_BASED_UNWEIGHTED_WEATHER_DIMENSIONS,DERIVED_FROM_PUBLIC_WEATHER,PROJECT_ASSUMPTION
2026-06-01,CA_PNW,"Vancouver, BC",15.529,25.2,0.0,13.1,0,16.196,27.075,0.0,-0.667,-1.875,0.0,0,0,0,0,0,0,0,0,0,0,0,0,0,0,1,1,NORMAL,NORMAL: no material adverse or mild scenario trigger,RULE_BASED_UNWEIGHTED_WEATHER_DIMENSIONS,DERIVED_FROM_PUBLIC_WEATHER,PROJECT_ASSUMPTION
2026-06-08,CA_PNW,"Vancouver, BC",16.614,24.3,0.0,16.7,0,14.846,18.1,0.0,1.768,6.2,0.0,0,0,0,0,0,0,0,0,0,0,0,0,0,0,1,1,NORMAL,NORMAL: no material adverse or mild scenario trigger,RULE_BASED_UNWEIGHTED_WEATHER_DIMENSIONS,DERIVED_FROM_PUBLIC_WEATHER,PROJECT_ASSUMPTION
2026-06-15,CA_PNW,"Vancouver, BC",18.914,0.6,0.0,14.1,0,16.139,15.625,0.0,2.775,-15.025,0.0,0,0,0,0,0,0,0,0,0,0,0,0,0,1,1,1,MILD,MILD: warmer_than_seasonal_reference with no adverse weather dimensions,RULE_BASED_UNWEIGHTED_WEATHER_DIMENSIONS,DERIVED_FROM_PUBLIC_WEATHER,PROJECT_ASSUMPTION
2026-06-22,CA_PNW,"Vancouver, BC",18.529,24.8,0.0,14.0,0,17.304,11.8,0.0,1.225,13.0,0.0,0,0,0,0,0,0,0,0,0,0,0,0,0,0,1,1,NORMAL,NORMAL: no material adverse or mild scenario trigger,RULE_BASED_UNWEIGHTED_WEATHER_DIMENSIONS,DERIVED_FROM_PUBLIC_WEATHER,PROJECT_ASSUMPTION
2021-07-05,CA_PRAIRIE,"Calgary, AB",18.471,32.8,0.0,17.6,0,,,,,,,0,0,0,0,0,0,0,0,0,0,0,0,0,0,0,0,REFERENCE_UNAVAILABLE,No prior-year seasonal weather reference available,RULE_BASED_UNWEIGHTED_WEATHER_DIMENSIONS,DERIVED_FROM_PUBLIC_WEATHER,PROJECT_ASSUMPTION
2021-07-12,CA_PRAIRIE,"Calgary, AB",19.143,0.8,0.0,22.1,0,,,,,,,0,0,0,0,0,0,0,0,0,0,0,0,0,0,0,0,REFERENCE_UNAVAILABLE,No prior-year seasonal weather reference available,RULE_BASED_UNWEIGHTED_WEATHER_DIMENSIONS,DERIVED_FROM_PUBLIC_WEATHER,PROJECT_ASSUMPTION
2021-07-19,CA_PRAIRIE,"Calgary, AB",18.2,2.6,0.0,21.9,0,,,,,,,0,0,0,0,0,0,0,0,0,0,0,0,0,0,0,0,REFERENCE_UNAVAILABLE,No prior-year seasonal weather reference available,RULE_BASED_UNWEIGHTED_WEATHER_DIMENSIONS,DERIVED_FROM_PUBLIC_WEATHER,PROJECT_ASSUMPTION
2021-07-26,CA_PRAIRIE,"Calgary, AB",21.086,0.3,0.0,19.4,0,,,,,,,0,0,0,0,0,0,0,0,0,0,0,0,0,0,0,0,REFERENCE_UNAVAILABLE,No prior-year seasonal weather reference available,RULE_BASED_UNWEIGHTED_WEATHER_DIMENSIONS,DERIVED_FROM_PUBLIC_WEATHER,PROJECT_ASSUMPTION
2021-08-02,CA_PRAIRIE,"Calgary, AB",19.629,14.4,0.0,20.3,0,,,,,,,0,0,0,0,0,0,0,0,0,0,0,0,0,0,0,0,REFERENCE_UNAVAILABLE,No prior-year seasonal weather reference available,RULE_BASED_UNWEIGHTED_WEATHER_DIMENSIONS,DERIVED_FROM_PUBLIC_WEATHER,PROJECT_ASSUMPTION
2021-08-09,CA_PRAIRIE,"Calgary, AB",20.6,0.0,0.0,20.5,0,,,,,,,0,0,0,0,0,0,0,0,0,0,0,0,0,0,0,0,REFERENCE_UNAVAILABLE,No prior-year seasonal weather reference available,RULE_BASED_UNWEIGHTED_WEATHER_DIMENSIONS,DERIVED_FROM_PUBLIC_WEATHER,PROJECT_ASSUMPTION
2021-08-16,CA_PRAIRIE,"Calgary, AB",12.543,66.1,0.0,17.7,0,,,,,,,1,0,0,0,0,0,0,1,0,0,0,1,0,0,0,0,REFERENCE_UNAVAILABLE,No prior-year seasonal weather reference available,RULE_BASED_UNWEIGHTED_WEATHER_DIMENSIONS,DERIVED_FROM_PUBLIC_WEATHER,PROJECT_ASSUMPTION
2021-08-23,CA_PRAIRIE,"Calgary, AB",12.886,9.2,0.0,24.7,0,,,,,,,0,0,0,0,0,0,0,0,0,0,0,0,0,0,0,0,REFERENCE_UNAVAILABLE,No prior-year seasonal weather reference available,RULE_BASED_UNWEIGHTED_WEATHER_DIMENSIONS,DERIVED_FROM_PUBLIC_WEATHER,PROJECT_ASSUMPTION
2021-08-30,CA_PRAIRIE,"Calgary, AB",13.286,4.4,0.0,22.2,0,,,,,,,0,0,0,0,0,0,0,0,0,0,0,0,0,0,0,0,REFERENCE_UNAVAILABLE,No prior-year seasonal weather reference available,RULE_BASED_UNWEIGHTED_WEATHER_DIMENSIONS,DERIVED_FROM_PUBLIC_WEATHER,PROJECT_ASSUMPTION
2021-09-06,CA_PRAIRIE,"Calgary, AB",14.371,15.1,0.0,15.8,0,,,,,,,0,0,0,0,0,0,0,0,0,0,0,0,0,0,0,0,REFERENCE_UNAVAILABLE,No prior-year seasonal weather reference available,RULE_BASED_UNWEIGHTED_WEATHER_DIMENSIONS,DERIVED_FROM_PUBLIC_WEATHER,PROJECT_ASSUMPTION
2021-09-13,CA_PRAIRIE,"Calgary, AB",10.386,4.5,0.21,22.4,0,,,,,,,0,0,0,0,0,0,0,0,0,0,0,0,0,0,0,0,REFERENCE_UNAVAILABLE,No prior-year seasonal weather reference available,RULE_BASED_UNWEIGHTED_WEATHER_DIMENSIONS,DERIVED_FROM_PUBLIC_WEATHER,PROJECT_ASSUMPTION
2021-09-20,CA_PRAIRIE,"Calgary, AB",13.543,0.1,0.0,18.5,0,,,,,,,0,0,0,0,0,0,0,0,0,0,0,0,0,0,0,0,REFERENCE_UNAVAILABLE,No prior-year seasonal weather reference available,RULE_BASED_UNWEIGHTED_WEATHER_DIMENSIONS,DERIVED_FROM_PUBLIC_WEATHER,PROJECT_ASSUMPTION
2021-09-27,CA_PRAIRIE,"Calgary, AB",11.786,0.0,0.0,19.7,0,,,,,,,0,0,0,0,0,0,0,0,0,0,0,0,0,0,0,0,REFERENCE_UNAVAILABLE,No prior-year seasonal weather reference available,RULE_BASED_UNWEIGHTED_WEATHER_DIMENSIONS,DERIVED_FROM_PUBLIC_WEATHER,PROJECT_ASSUMPTION
2021-10-04,CA_PRAIRIE,"Calgary, AB",7.014,0.9,0.21,32.9,0,,,,,,,0,0,0,0,0,0,0,0,0,0,0,0,0,0,0,0,REFERENCE_UNAVAILABLE,No prior-year seasonal weather reference available,RULE_BASED_UNWEIGHTED_WEATHER_DIMENSIONS,DERIVED_FROM_PUBLIC_WEATHER,PROJECT_ASSUMPTION
2021-10-11,CA_PRAIRIE,"Calgary, AB",4.143,0.2,0.14,18.6,0,,,,,,,0,0,0,0,0,0,0,0,0,0,0,0,0,0,0,0,REFERENCE_UNAVAILABLE,No prior-year seasonal weather reference available,RULE_BASED_UNWEIGHTED_WEATHER_DIMENSIONS,DERIVED_FROM_PUBLIC_WEATHER,PROJECT_ASSUMPTION
2021-10-18,CA_PRAIRIE,"Calgary, AB",5.157,23.6,0.14,20.4,0,,,,,,,0,0,0,0,0,0,0,0,0,0,0,0,0,0,0,0,REFERENCE_UNAVAILABLE,No prior-year seasonal weather reference available,RULE_BASED_UNWEIGHTED_WEATHER_DIMENSIONS,DERIVED_FROM_PUBLIC_WEATHER,PROJECT_ASSUMPTION
2021-10-25,CA_PRAIRIE,"Calgary, AB",2.086,2.6,5.04,23.8,1,,,,,,,0,0,0,0,0,0,0,0,0,0,0,0,0,0,0,0,REFERENCE_UNAVAILABLE,No prior-year seasonal weather reference available,RULE_BASED_UNWEIGHTED_WEATHER_DIMENSIONS,DERIVED_FROM_PUBLIC_WEATHER,PROJECT_ASSUMPTION
2021-11-01,CA_PRAIRIE,"Calgary, AB",2.057,0.0,0.0,20.3,0,,,,,,,0,0,0,0,0,0,0,0,0,0,0,0,0,0,0,0,REFERENCE_UNAVAILABLE,No prior-year seasonal weather reference available,RULE_BASED_UNWEIGHTED_WEATHER_DIMENSIONS,DERIVED_FROM_PUBLIC_WEATHER,PROJECT_ASSUMPTION
2021-11-08,CA_PRAIRIE,"Calgary, AB",0.886,0.1,0.7,21.3,0,,,,,,,0,0,0,0,0,0,0,0,0,0,0,0,0,0,0,0,REFERENCE_UNAVAILABLE,No prior-year seasonal weather reference available,RULE_BASED_UNWEIGHTED_WEATHER_DIMENSIONS,DERIVED_FROM_PUBLIC_WEATHER,PROJECT_ASSUMPTION
2021-11-15,CA_PRAIRIE,"Calgary, AB",-1.9,1.5,7.63,32.6,1,,,,,,,0,0,1,0,0,0,0,0,0,0,0,0,0,0,0,0,REFERENCE_UNAVAILABLE,No prior-year seasonal weather reference available,RULE_BASED_UNWEIGHTED_WEATHER_DIMENSIONS,DERIVED_FROM_PUBLIC_WEATHER,PROJECT_ASSUMPTION
2021-11-22,CA_PRAIRIE,"Calgary, AB",1.471,0.0,1.05,21.2,0,,,,,,,0,0,0,0,0,0,0,0,0,0,0,0,0,0,0,0,REFERENCE_UNAVAILABLE,No prior-year seasonal weather reference available,RULE_BASED_UNWEIGHTED_WEATHER_DIMENSIONS,DERIVED_FROM_PUBLIC_WEATHER,PROJECT_ASSUMPTION
2021-11-29,CA_PRAIRIE,"Calgary, AB",-1.614,1.4,6.72,24.1,1,,,,,,,0,0,1,0,0,0,0,0,0,0,0,0,0,0,0,0,REFERENCE_UNAVAILABLE,No prior-year seasonal weather reference available,RULE_BASED_UNWEIGHTED_WEATHER_DIMENSIONS,DERIVED_FROM_PUBLIC_WEATHER,PROJECT_ASSUMPTION
2021-12-06,CA_PRAIRIE,"Calgary, AB",-4.843,0.0,0.77,37.1,0,,,,,,,0,0,1,0,0,0,0,0,0,0,0,0,0,0,0,0,REFERENCE_UNAVAILABLE,No prior-year seasonal weather reference available,RULE_BASED_UNWEIGHTED_WEATHER_DIMENSIONS,DERIVED_FROM_PUBLIC_WEATHER,PROJECT_ASSUMPTION
2021-12-13,CA_PRAIRIE,"Calgary, AB",-15.157,0.0,3.78,21.4,0,,,,,,,0,0,1,1,0,0,1,0,0,0,0,1,1,0,0,0,REFERENCE_UNAVAILABLE,No prior-year seasonal weather reference available,RULE_BASED_UNWEIGHTED_WEATHER_DIMENSIONS,DERIVED_FROM_PUBLIC_WEATHER,PROJECT_ASSUMPTION
2021-12-20,CA_PRAIRIE,"Calgary, AB",-16.557,0.0,2.38,23.0,0,,,,,,,0,0,1,1,0,0,1,0,0,0,0,1,1,0,0,0,REFERENCE_UNAVAILABLE,No prior-year seasonal weather reference available,RULE_BASED_UNWEIGHTED_WEATHER_DIMENSIONS,DERIVED_FROM_PUBLIC_WEATHER,PROJECT_ASSUMPTION
2021-12-27,CA_PRAIRIE,"Calgary, AB",-21.471,0.0,0.49,32.5,0,,,,,,,0,0,1,1,0,0,1,0,0,0,0,1,1,0,0,0,REFERENCE_UNAVAILABLE,No prior-year seasonal weather reference available,RULE_BASED_UNWEIGHTED_WEATHER_DIMENSIONS,DERIVED_FROM_PUBLIC_WEATHER,PROJECT_ASSUMPTION
2022-01-03,CA_PRAIRIE,"Calgary, AB",-23.8,0.0,2.73,18.7,0,,,,,,,0,0,1,1,0,0,1,0,0,0,0,1,1,0,0,0,REFERENCE_UNAVAILABLE,No prior-year seasonal weather reference available,RULE_BASED_UNWEIGHTED_WEATHER_DIMENSIONS,DERIVED_FROM_PUBLIC_WEATHER,PROJECT_ASSUMPTION
2022-01-10,CA_PRAIRIE,"Calgary, AB",1.786,0.5,0.07,31.6,0,,,,,,,0,0,0,0,0,0,0,0,0,0,0,0,0,0,0,0,REFERENCE_UNAVAILABLE,No prior-year seasonal weather reference available,RULE_BASED_UNWEIGHTED_WEATHER_DIMENSIONS,DERIVED_FROM_PUBLIC_WEATHER,PROJECT_ASSUMPTION
2022-01-17,CA_PRAIRIE,"Calgary, AB",-1.957,0.0,1.82,27.9,0,,,,,,,0,0,1,0,0,0,0,0,0,0,0,0,0,0,0,0,REFERENCE_UNAVAILABLE,No prior-year seasonal weather reference available,RULE_BASED_UNWEIGHTED_WEATHER_DIMENSIONS,DERIVED_FROM_PUBLIC_WEATHER,PROJECT_ASSUMPTION
2022-01-24,CA_PRAIRIE,"Calgary, AB",1.229,0.3,0.77,27.9,0,,,,,,,0,0,0,0,0,0,0,0,0,0,0,0,0,0,0,0,REFERENCE_UNAVAILABLE,No prior-year seasonal weather reference available,RULE_BASED_UNWEIGHTED_WEATHER_DIMENSIONS,DERIVED_FROM_PUBLIC_WEATHER,PROJECT_ASSUMPTION
2022-01-31,CA_PRAIRIE,"Calgary, AB",-8.029,0.1,1.54,34.2,0,,,,,,,0,0,1,0,0,0,0,0,0,0,0,0,0,0,0,0,REFERENCE_UNAVAILABLE,No prior-year seasonal weather reference available,RULE_BASED_UNWEIGHTED_WEATHER_DIMENSIONS,DERIVED_FROM_PUBLIC_WEATHER,PROJECT_ASSUMPTION
2022-02-07,CA_PRAIRIE,"Calgary, AB",4.271,0.4,0.0,33.8,0,,,,,,,0,0,0,0,0,0,0,0,0,0,0,0,0,0,0,0,REFERENCE_UNAVAILABLE,No prior-year seasonal weather reference available,RULE_BASED_UNWEIGHTED_WEATHER_DIMENSIONS,DERIVED_FROM_PUBLIC_WEATHER,PROJECT_ASSUMPTION
2022-02-14,CA_PRAIRIE,"Calgary, AB",-4.329,1.4,11.2,25.6,1,,,,,,,0,0,1,0,0,0,0,0,0,0,0,0,0,0,0,0,REFERENCE_UNAVAILABLE,No prior-year seasonal weather reference available,RULE_BASED_UNWEIGHTED_WEATHER_DIMENSIONS,DERIVED_FROM_PUBLIC_WEATHER,PROJECT_ASSUMPTION
2022-02-21,CA_PRAIRIE,"Calgary, AB",-12.814,0.0,1.68,21.8,0,,,,,,,0,0,1,1,0,0,1,0,0,0,0,1,1,0,0,0,REFERENCE_UNAVAILABLE,No prior-year seasonal weather reference available,RULE_BASED_UNWEIGHTED_WEATHER_DIMENSIONS,DERIVED_FROM_PUBLIC_WEATHER,PROJECT_ASSUMPTION
2022-02-28,CA_PRAIRIE,"Calgary, AB",-5.243,0.0,6.3,18.6,0,,,,,,,0,0,1,0,0,0,0,0,0,0,0,0,0,0,0,0,REFERENCE_UNAVAILABLE,No prior-year seasonal weather reference available,RULE_BASED_UNWEIGHTED_WEATHER_DIMENSIONS,DERIVED_FROM_PUBLIC_WEATHER,PROJECT_ASSUMPTION
2022-03-07,CA_PRAIRIE,"Calgary, AB",-4.857,0.9,2.1,29.8,0,,,,,,,0,0,1,0,0,0,0,0,0,0,0,0,0,0,0,0,REFERENCE_UNAVAILABLE,No prior-year seasonal weather reference available,RULE_BASED_UNWEIGHTED_WEATHER_DIMENSIONS,DERIVED_FROM_PUBLIC_WEATHER,PROJECT_ASSUMPTION
2022-03-14,CA_PRAIRIE,"Calgary, AB",3.643,1.5,0.07,25.4,0,,,,,,,0,0,0,0,0,0,0,0,0,0,0,0,0,0,0,0,REFERENCE_UNAVAILABLE,No prior-year seasonal weather reference available,RULE_BASED_UNWEIGHTED_WEATHER_DIMENSIONS,DERIVED_FROM_PUBLIC_WEATHER,PROJECT_ASSUMPTION
2022-03-21,CA_PRAIRIE,"Calgary, AB",3.743,0.3,0.35,25.7,0,,,,,,,0,0,0,0,0,0,0,0,0,0,0,0,0,0,0,0,REFERENCE_UNAVAILABLE,No prior-year seasonal weather reference available,RULE_BASED_UNWEIGHTED_WEATHER_DIMENSIONS,DERIVED_FROM_PUBLIC_WEATHER,PROJECT_ASSUMPTION
2022-03-28,CA_PRAIRIE,"Calgary, AB",2.971,3.6,1.47,21.3,2,,,,,,,0,0,0,0,1,0,0,0,0,1,0,1,0,0,0,0,REFERENCE_UNAVAILABLE,No prior-year seasonal weather reference available,RULE_BASED_UNWEIGHTED_WEATHER_DIMENSIONS,DERIVED_FROM_PUBLIC_WEATHER,PROJECT_ASSUMPTION
2022-04-04,CA_PRAIRIE,"Calgary, AB",5.0,2.3,0.0,29.8,0,,,,,,,0,0,0,0,0,0,0,0,0,0,0,0,0,0,0,0,REFERENCE_UNAVAILABLE,No prior-year seasonal weather reference available,RULE_BASED_UNWEIGHTED_WEATHER_DIMENSIONS,DERIVED_FROM_PUBLIC_WEATHER,PROJECT_ASSUMPTION
2022-04-11,CA_PRAIRIE,"Calgary, AB",-5.314,0.4,3.08,21.0,0,,,,,,,0,0,1,0,0,0,0,0,0,0,0,0,0,0,0,0,REFERENCE_UNAVAILABLE,No prior-year seasonal weather reference available,RULE_BASED_UNWEIGHTED_WEATHER_DIMENSIONS,DERIVED_FROM_PUBLIC_WEATHER,PROJECT_ASSUMPTION
2022-04-18,CA_PRAIRIE,"Calgary, AB",2.229,2.6,8.96,24.0,1,,,,,,,0,0,0,0,0,0,0,0,0,0,0,0,0,0,0,0,REFERENCE_UNAVAILABLE,No prior-year seasonal weather reference available,RULE_BASED_UNWEIGHTED_WEATHER_DIMENSIONS,DERIVED_FROM_PUBLIC_WEATHER,PROJECT_ASSUMPTION
2022-04-25,CA_PRAIRIE,"Calgary, AB",7.3,3.7,0.0,20.4,0,,,,,,,0,0,0,0,0,0,0,0,0,0,0,0,0,0,0,0,REFERENCE_UNAVAILABLE,No prior-year seasonal weather reference available,RULE_BASED_UNWEIGHTED_WEATHER_DIMENSIONS,DERIVED_FROM_PUBLIC_WEATHER,PROJECT_ASSUMPTION
2022-05-02,CA_PRAIRIE,"Calgary, AB",10.086,7.6,0.0,24.8,1,,,,,,,0,0,0,0,0,0,0,0,0,0,0,0,0,0,0,0,REFERENCE_UNAVAILABLE,No prior-year seasonal weather reference available,RULE_BASED_UNWEIGHTED_WEATHER_DIMENSIONS,DERIVED_FROM_PUBLIC_WEATHER,PROJECT_ASSUMPTION
2022-05-09,CA_PRAIRIE,"Calgary, AB",7.757,4.9,4.34,17.6,1,,,,,,,0,0,0,0,0,0,0,0,0,0,0,0,0,0,0,0,REFERENCE_UNAVAILABLE,No prior-year seasonal weather reference available,RULE_BASED_UNWEIGHTED_WEATHER_DIMENSIONS,DERIVED_FROM_PUBLIC_WEATHER,PROJECT_ASSUMPTION
2022-05-16,CA_PRAIRIE,"Calgary, AB",7.814,15.5,0.0,35.6,2,,,,,,,0,0,0,0,1,0,0,0,0,1,0,1,0,0,0,0,REFERENCE_UNAVAILABLE,No prior-year seasonal weather reference available,RULE_BASED_UNWEIGHTED_WEATHER_DIMENSIONS,DERIVED_FROM_PUBLIC_WEATHER,PROJECT_ASSUMPTION
2022-05-23,CA_PRAIRIE,"Calgary, AB",13.286,2.1,0.0,18.7,0,,,,,,,0,0,0,0,0,0,0,0,0,0,0,0,0,0,0,0,REFERENCE_UNAVAILABLE,No prior-year seasonal weather reference available,RULE_BASED_UNWEIGHTED_WEATHER_DIMENSIONS,DERIVED_FROM_PUBLIC_WEATHER,PROJECT_ASSUMPTION
2022-05-30,CA_PRAIRIE,"Calgary, AB",12.6,30.3,0.0,23.9,0,,,,,,,0,0,0,0,0,0,0,0,0,0,0,0,0,0,0,0,REFERENCE_UNAVAILABLE,No prior-year seasonal weather reference available,RULE_BASED_UNWEIGHTED_WEATHER_DIMENSIONS,DERIVED_FROM_PUBLIC_WEATHER,PROJECT_ASSUMPTION
2022-06-06,CA_PRAIRIE,"Calgary, AB",14.257,28.3,0.0,21.2,0,,,,,,,0,0,0,0,0,0,0,0,0,0,0,0,0,0,0,0,REFERENCE_UNAVAILABLE,No prior-year seasonal weather reference available,RULE_BASED_UNWEIGHTED_WEATHER_DIMENSIONS,DERIVED_FROM_PUBLIC_WEATHER,PROJECT_ASSUMPTION
2022-06-13,CA_PRAIRIE,"Calgary, AB",12.729,101.6,0.0,35.3,0,,,,,,,1,0,0,0,0,0,0,1,0,0,0,1,0,0,0,0,REFERENCE_UNAVAILABLE,No prior-year seasonal weather reference available,RULE_BASED_UNWEIGHTED_WEATHER_DIMENSIONS,DERIVED_FROM_PUBLIC_WEATHER,PROJECT_ASSUMPTION
2022-06-20,CA_PRAIRIE,"Calgary, AB",13.371,21.8,0.0,24.4,0,,,,,,,0,0,0,0,0,0,0,0,0,0,0,0,0,0,0,0,REFERENCE_UNAVAILABLE,No prior-year seasonal weather reference available,RULE_BASED_UNWEIGHTED_WEATHER_DIMENSIONS,DERIVED_FROM_PUBLIC_WEATHER,PROJECT_ASSUMPTION
2022-06-27,CA_PRAIRIE,"Calgary, AB",14.471,17.4,0.0,21.0,0,,,,,,,0,0,0,0,0,0,0,0,0,0,0,0,0,0,0,0,REFERENCE_UNAVAILABLE,No prior-year seasonal weather reference available,RULE_BASED_UNWEIGHTED_WEATHER_DIMENSIONS,DERIVED_FROM_PUBLIC_WEATHER,PROJECT_ASSUMPTION
2022-07-04,CA_PRAIRIE,"Calgary, AB",15.957,11.4,0.0,16.9,0,18.471,32.8,0.0,-2.514,-21.4,0.0,0,0,0,0,0,0,1,0,0,0,0,1,0,0,1,1,NORMAL,NORMAL: isolated adverse dimension without severe compound conditions | colder_than_normal,RULE_BASED_UNWEIGHTED_WEATHER_DIMENSIONS,DERIVED_FROM_PUBLIC_WEATHER,PROJECT_ASSUMPTION
2022-07-11,CA_PRAIRIE,"Calgary, AB",19.529,4.0,0.0,17.4,0,19.143,0.8,0.0,0.386,3.2,0.0,0,0,0,0,0,0,0,0,0,0,0,0,0,0,1,1,NORMAL,NORMAL: no material adverse or mild scenario trigger,RULE_BASED_UNWEIGHTED_WEATHER_DIMENSIONS,DERIVED_FROM_PUBLIC_WEATHER,PROJECT_ASSUMPTION
2022-07-18,CA_PRAIRIE,"Calgary, AB",18.029,22.1,0.0,21.9,0,18.2,2.6,0.0,-0.171,19.5,0.0,0,0,0,0,0,0,0,0,0,0,0,0,0,0,1,1,NORMAL,NORMAL: no material adverse or mild scenario trigger,RULE_BASED_UNWEIGHTED_WEATHER_DIMENSIONS,DERIVED_FROM_PUBLIC_WEATHER,PROJECT_ASSUMPTION
2022-07-25,CA_PRAIRIE,"Calgary, AB",19.686,10.9,0.0,18.0,0,21.086,0.3,0.0,-1.4,10.6,0.0,0,0,0,0,0,0,0,0,0,0,0,0,0,0,1,1,NORMAL,NORMAL: no material adverse or mild scenario trigger,RULE_BASED_UNWEIGHTED_WEATHER_DIMENSIONS,DERIVED_FROM_PUBLIC_WEATHER,PROJECT_ASSUMPTION
2022-08-01,CA_PRAIRIE,"Calgary, AB",17.171,13.7,0.0,28.4,0,19.629,14.4,0.0,-2.458,-0.7,0.0,0,0,0,0,0,0,1,0,0,0,0,1,0,0,1,1,NORMAL,NORMAL: isolated adverse dimension without severe compound conditions | colder_than_normal,RULE_BASED_UNWEIGHTED_WEATHER_DIMENSIONS,DERIVED_FROM_PUBLIC_WEATHER,PROJECT_ASSUMPTION
2022-08-08,CA_PRAIRIE,"Calgary, AB",20.643,1.8,0.0,22.7,0,20.6,0.0,0.0,0.043,1.8,0.0,0,0,0,0,0,0,0,0,0,0,0,0,0,0,1,1,NORMAL,NORMAL: no material adverse or mild scenario trigger,RULE_BASED_UNWEIGHTED_WEATHER_DIMENSIONS,DERIVED_FROM_PUBLIC_WEATHER,PROJECT_ASSUMPTION
2022-08-15,CA_PRAIRIE,"Calgary, AB",20.257,3.7,0.0,21.0,0,12.543,66.1,0.0,7.714,-62.4,0.0,0,0,0,0,0,0,0,0,0,0,0,0,0,1,1,1,MILD,MILD: warmer_than_seasonal_reference with no adverse weather dimensions,RULE_BASED_UNWEIGHTED_WEATHER_DIMENSIONS,DERIVED_FROM_PUBLIC_WEATHER,PROJECT_ASSUMPTION
2022-08-22,CA_PRAIRIE,"Calgary, AB",16.757,20.6,0.0,25.2,0,12.886,9.2,0.0,3.871,11.4,0.0,0,0,0,0,0,0,0,0,0,0,0,0,0,1,1,1,MILD,MILD: warmer_than_seasonal_reference with no adverse weather dimensions,RULE_BASED_UNWEIGHTED_WEATHER_DIMENSIONS,DERIVED_FROM_PUBLIC_WEATHER,PROJECT_ASSUMPTION
2022-08-29,CA_PRAIRIE,"Calgary, AB",20.429,0.0,0.0,16.1,0,13.286,4.4,0.0,7.143,-4.4,0.0,0,0,0,0,0,0,0,0,0,0,0,0,0,1,1,1,MILD,MILD: warmer_than_seasonal_reference with no adverse weather dimensions,RULE_BASED_UNWEIGHTED_WEATHER_DIMENSIONS,DERIVED_FROM_PUBLIC_WEATHER,PROJECT_ASSUMPTION
2022-09-05,CA_PRAIRIE,"Calgary, AB",14.586,4.0,0.0,19.3,0,14.371,15.1,0.0,0.215,-11.1,0.0,0,0,0,0,0,0,0,0,0,0,0,0,0,0,1,1,NORMAL,NORMAL: no material adverse or mild scenario trigger,RULE_BASED_UNWEIGHTED_WEATHER_DIMENSIONS,DERIVED_FROM_PUBLIC_WEATHER,PROJECT_ASSUMPTION
2022-09-12,CA_PRAIRIE,"Calgary, AB",13.357,1.3,0.0,18.7,0,10.386,4.5,0.21,2.971,-3.2,-0.21,0,0,0,0,0,0,0,0,0,0,0,0,0,1,1,1,MILD,MILD: warmer_than_seasonal_reference with no adverse weather dimensions,RULE_BASED_UNWEIGHTED_WEATHER_DIMENSIONS,DERIVED_FROM_PUBLIC_WEATHER,PROJECT_ASSUMPTION
2022-09-19,CA_PRAIRIE,"Calgary, AB",10.114,0.3,0.0,25.5,0,13.543,0.1,0.0,-3.429,0.2,0.0,0,0,0,0,0,0,1,0,0,0,0,1,0,0,1,1,NORMAL,NORMAL: isolated adverse dimension without severe compound conditions | colder_than_normal,RULE_BASED_UNWEIGHTED_WEATHER_DIMENSIONS,DERIVED_FROM_PUBLIC_WEATHER,PROJECT_ASSUMPTION
2022-09-26,CA_PRAIRIE,"Calgary, AB",14.443,0.7,0.0,21.1,0,11.786,0.0,0.0,2.657,0.7,0.0,0,0,0,0,0,0,0,0,0,0,0,0,0,1,1,1,MILD,MILD: warmer_than_seasonal_reference with no adverse weather dimensions,RULE_BASED_UNWEIGHTED_WEATHER_DIMENSIONS,DERIVED_FROM_PUBLIC_WEATHER,PROJECT_ASSUMPTION
2022-10-03,CA_PRAIRIE,"Calgary, AB",10.957,0.5,0.0,12.9,0,7.014,0.9,0.21,3.943,-0.4,-0.21,0,0,0,0,0,0,0,0,0,0,0,0,0,1,1,1,MILD,MILD: warmer_than_seasonal_reference with no adverse weather dimensions,RULE_BASED_UNWEIGHTED_WEATHER_DIMENSIONS,DERIVED_FROM_PUBLIC_WEATHER,PROJECT_ASSUMPTION
2022-10-10,CA_PRAIRIE,"Calgary, AB",8.343,2.5,0.0,24.2,0,4.143,0.2,0.14,4.2,2.3,-0.14,0,0,0,0,0,0,0,0,0,0,0,0,0,1,1,1,MILD,MILD: warmer_than_seasonal_reference with no adverse weather dimensions,RULE_BASED_UNWEIGHTED_WEATHER_DIMENSIONS,DERIVED_FROM_PUBLIC_WEATHER,PROJECT_ASSUMPTION
2022-10-17,CA_PRAIRIE,"Calgary, AB",6.614,4.4,6.65,22.5,1,5.157,23.6,0.14,1.457,-19.2,6.51,0,0,0,0,0,0,0,0,1,0,0,1,0,0,1,1,NORMAL,NORMAL: isolated adverse dimension without severe compound conditions | snowier_than_normal,RULE_BASED_UNWEIGHTED_WEATHER_DIMENSIONS,DERIVED_FROM_PUBLIC_WEATHER,PROJECT_ASSUMPTION
2022-10-24,CA_PRAIRIE,"Calgary, AB",2.857,0.2,0.0,28.5,0,2.086,2.6,5.04,0.771,-2.4,-5.04,0,0,0,0,0,0,0,0,0,0,0,0,0,0,1,1,NORMAL,NORMAL: no material adverse or mild scenario trigger,RULE_BASED_UNWEIGHTED_WEATHER_DIMENSIONS,DERIVED_FROM_PUBLIC_WEATHER,PROJECT_ASSUMPTION
2022-10-31,CA_PRAIRIE,"Calgary, AB",-4.171,0.4,16.24,27.9,0,2.057,0.0,0.0,-6.228,0.4,16.24,0,1,1,0,0,0,1,0,1,0,0,2,1,0,1,1,SEVERE,"SEVERE: colder_than_normal, snowier_than_normal | extreme_event_trigger",RULE_BASED_UNWEIGHTED_WEATHER_DIMENSIONS,DERIVED_FROM_PUBLIC_WEATHER,PROJECT_ASSUMPTION
2022-11-07,CA_PRAIRIE,"Calgary, AB",-14.471,0.0,6.23,16.1,0,0.886,0.1,0.7,-15.357,-0.1,5.53,0,0,1,1,0,0,1,0,1,0,0,2,1,0,1,1,SEVERE,"SEVERE: colder_than_normal, snowier_than_normal | extreme_event_trigger",RULE_BASED_UNWEIGHTED_WEATHER_DIMENSIONS,DERIVED_FROM_PUBLIC_WEATHER,PROJECT_ASSUMPTION
2022-11-14,CA_PRAIRIE,"Calgary, AB",-5.1,0.1,0.7,24.7,0,-1.9,1.5,7.63,-3.2,-1.4,-6.93,0,0,1,0,0,0,1,0,0,0,0,1,0,0,1,1,NORMAL,NORMAL: isolated adverse dimension without severe compound conditions | colder_than_normal,RULE_BASED_UNWEIGHTED_WEATHER_DIMENSIONS,DERIVED_FROM_PUBLIC_WEATHER,PROJECT_ASSUMPTION
2022-11-21,CA_PRAIRIE,"Calgary, AB",1.629,0.8,4.55,31.9,0,1.471,0.0,1.05,0.158,0.8,3.5,0,0,0,0,0,0,0,0,0,0,0,0,0,0,1,1,NORMAL,NORMAL: no material adverse or mild scenario trigger,RULE_BASED_UNWEIGHTED_WEATHER_DIMENSIONS,DERIVED_FROM_PUBLIC_WEATHER,PROJECT_ASSUMPTION
2022-11-28,CA_PRAIRIE,"Calgary, AB",-16.029,0.0,2.66,24.2,0,-1.614,1.4,6.72,-14.415,-1.4,-4.06,0,0,1,1,0,0,1,0,0,0,0,1,1,0,1,1,SEVERE,SEVERE: colder_than_normal | extreme_event_trigger,RULE_BASED_UNWEIGHTED_WEATHER_DIMENSIONS,DERIVED_FROM_PUBLIC_WEATHER,PROJECT_ASSUMPTION
2022-12-05,CA_PRAIRIE,"Calgary, AB",-11.029,0.0,4.41,18.5,0,-4.843,0.0,0.77,-6.186,0.0,3.64,0,0,1,1,0,0,1,0,0,0,0,1,1,0,1,1,SEVERE,SEVERE: colder_than_normal | extreme_event_trigger,RULE_BASED_UNWEIGHTED_WEATHER_DIMENSIONS,DERIVED_FROM_PUBLIC_WEATHER,PROJECT_ASSUMPTION
2022-12-12,CA_PRAIRIE,"Calgary, AB",-12.171,0.0,5.39,21.1,0,-15.157,0.0,3.78,2.986,0.0,1.61,0,0,1,1,0,0,1,0,0,0,0,1,1,0,1,1,SEVERE,SEVERE: colder_than_normal | extreme_event_trigger,RULE_BASED_UNWEIGHTED_WEATHER_DIMENSIONS,DERIVED_FROM_PUBLIC_WEATHER,PROJECT_ASSUMPTION
2022-12-19,CA_PRAIRIE,"Calgary, AB",-23.214,0.1,1.33,24.1,0,-16.557,0.0,2.38,-6.657,0.1,-1.05,0,0,1,1,0,0,1,0,0,0,0,1,1,0,1,1,SEVERE,SEVERE: colder_than_normal | extreme_event_trigger,RULE_BASED_UNWEIGHTED_WEATHER_DIMENSIONS,DERIVED_FROM_PUBLIC_WEATHER,PROJECT_ASSUMPTION
2022-12-26,CA_PRAIRIE,"Calgary, AB",-3.857,2.1,4.48,22.5,1,-21.471,0.0,0.49,17.614,2.1,3.99,0,0,1,0,0,0,0,0,0,0,0,0,0,1,1,1,MILD,MILD: warmer_than_seasonal_reference with no adverse weather dimensions,RULE_BASED_UNWEIGHTED_WEATHER_DIMENSIONS,DERIVED_FROM_PUBLIC_WEATHER,PROJECT_ASSUMPTION
2023-01-02,CA_PRAIRIE,"Calgary, AB",-6.571,0.0,0.0,15.2,0,-23.8,0.0,2.73,17.229,0.0,-2.73,0,0,1,0,0,0,0,0,0,0,0,0,0,1,1,1,MILD,MILD: warmer_than_seasonal_reference with no adverse weather dimensions,RULE_BASED_UNWEIGHTED_WEATHER_DIMENSIONS,DERIVED_FROM_PUBLIC_WEATHER,PROJECT_ASSUMPTION
2023-01-09,CA_PRAIRIE,"Calgary, AB",-3.343,0.1,0.0,18.4,0,1.786,0.5,0.07,-5.129,-0.4,-0.07,0,0,1,0,0,0,1,0,0,0,0,1,0,0,1,1,NORMAL,NORMAL: isolated adverse dimension without severe compound conditions | colder_than_normal,RULE_BASED_UNWEIGHTED_WEATHER_DIMENSIONS,DERIVED_FROM_PUBLIC_WEATHER,PROJECT_ASSUMPTION
2023-01-16,CA_PRAIRIE,"Calgary, AB",-3.171,0.0,0.63,18.0,0,-1.957,0.0,1.82,-1.214,0.0,-1.19,0,0,1,0,0,0,0,0,0,0,0,0,0,0,1,1,NORMAL,NORMAL: no material adverse or mild scenario trigger,RULE_BASED_UNWEIGHTED_WEATHER_DIMENSIONS,DERIVED_FROM_PUBLIC_WEATHER,PROJECT_ASSUMPTION
2023-01-23,CA_PRAIRIE,"Calgary, AB",-5.786,1.6,5.67,27.1,0,1.229,0.3,0.77,-7.015,1.3,4.9,0,0,1,0,0,0,1,0,0,0,0,1,0,0,1,1,NORMAL,NORMAL: isolated adverse dimension without severe compound conditions | colder_than_normal,RULE_BASED_UNWEIGHTED_WEATHER_DIMENSIONS,DERIVED_FROM_PUBLIC_WEATHER,PROJECT_ASSUMPTION
2023-01-30,CA_PRAIRIE,"Calgary, AB",-6.257,0.1,0.49,19.8,0,-8.029,0.1,1.54,1.772,0.0,-1.05,0,0,1,0,0,0,0,0,0,0,0,0,0,0,1,1,NORMAL,NORMAL: no material adverse or mild scenario trigger,RULE_BASED_UNWEIGHTED_WEATHER_DIMENSIONS,DERIVED_FROM_PUBLIC_WEATHER,PROJECT_ASSUMPTION
2023-02-06,CA_PRAIRIE,"Calgary, AB",0.429,0.0,0.28,26.8,0,4.271,0.4,0.0,-3.842,-0.4,0.28,0,0,0,0,0,0,1,0,0,0,0,1,0,0,1,1,NORMAL,NORMAL: isolated adverse dimension without severe compound conditions | colder_than_normal,RULE_BASED_UNWEIGHTED_WEATHER_DIMENSIONS,DERIVED_FROM_PUBLIC_WEATHER,PROJECT_ASSUMPTION
2023-02-13,CA_PRAIRIE,"Calgary, AB",-3.214,0.6,2.87,27.1,0,-4.329,1.4,11.2,1.115,-0.8,-8.33,0,0,1,0,0,0,0,0,0,0,0,0,0,0,1,1,NORMAL,NORMAL: no material adverse or mild scenario trigger,RULE_BASED_UNWEIGHTED_WEATHER_DIMENSIONS,DERIVED_FROM_PUBLIC_WEATHER,PROJECT_ASSUMPTION
2023-02-20,CA_PRAIRIE,"Calgary, AB",-17.214,0.1,10.36,17.4,0,-12.814,0.0,1.68,-4.4,0.1,8.68,0,0,1,1,0,0,1,0,1,0,0,2,1,0,1,1,SEVERE,"SEVERE: colder_than_normal, snowier_than_normal | extreme_event_trigger",RULE_BASED_UNWEIGHTED_WEATHER_DIMENSIONS,DERIVED_FROM_PUBLIC_WEATHER,PROJECT_ASSUMPTION
2023-02-27,CA_PRAIRIE,"Calgary, AB",-8.214,0.0,3.29,27.0,0,-5.243,0.0,6.3,-2.971,0.0,-3.01,0,0,1,0,0,0,1,0,0,0,0,1,0,0,1,1,NORMAL,NORMAL: isolated adverse dimension without severe compound conditions | colder_than_normal,RULE_BASED_UNWEIGHTED_WEATHER_DIMENSIONS,DERIVED_FROM_PUBLIC_WEATHER,PROJECT_ASSUMPTION
2023-03-06,CA_PRAIRIE,"Calgary, AB",-15.743,0.0,1.96,18.3,0,-4.857,0.9,2.1,-10.886,-0.9,-0.14,0,0,1,1,0,0,1,0,0,0,0,1,1,0,1,1,SEVERE,SEVERE: colder_than_normal | extreme_event_trigger,RULE_BASED_UNWEIGHTED_WEATHER_DIMENSIONS,DERIVED_FROM_PUBLIC_WEATHER,PROJECT_ASSUMPTION
2023-03-13,CA_PRAIRIE,"Calgary, AB",-5.343,0.3,1.96,21.0,0,3.643,1.5,0.07,-8.986,-1.2,1.89,0,0,1,0,0,0,1,0,0,0,0,1,0,0,1,1,NORMAL,NORMAL: isolated adverse dimension without severe compound conditions | colder_than_normal,RULE_BASED_UNWEIGHTED_WEATHER_DIMENSIONS,DERIVED_FROM_PUBLIC_WEATHER,PROJECT_ASSUMPTION
2023-03-20,CA_PRAIRIE,"Calgary, AB",-3.757,1.4,0.84,16.5,0,3.743,0.3,0.35,-7.5,1.1,0.49,0,0,1,0,0,0,1,0,0,0,0,1,0,0,1,1,NORMAL,NORMAL: isolated adverse dimension without severe compound conditions | colder_than_normal,RULE_BASED_UNWEIGHTED_WEATHER_DIMENSIONS,DERIVED_FROM_PUBLIC_WEATHER,PROJECT_ASSUMPTION
2023-03-27,CA_PRAIRIE,"Calgary, AB",-2.829,1.3,6.79,20.6,1,2.971,3.6,1.47,-5.8,-2.3,5.32,0,0,1,0,0,0,1,0,1,0,0,2,0,0,1,1,SEVERE,"SEVERE: colder_than_normal, snowier_than_normal",RULE_BASED_UNWEIGHTED_WEATHER_DIMENSIONS,DERIVED_FROM_PUBLIC_WEATHER,PROJECT_ASSUMPTION
2023-04-03,CA_PRAIRIE,"Calgary, AB",1.443,0.7,1.68,24.5,0,5.0,2.3,0.0,-3.557,-1.6,1.68,0,0,0,0,0,0,1,0,0,0,0,1,0,0,1,1,NORMAL,NORMAL: isolated adverse dimension without severe compound conditions | colder_than_normal,RULE_BASED_UNWEIGHTED_WEATHER_DIMENSIONS,DERIVED_FROM_PUBLIC_WEATHER,PROJECT_ASSUMPTION
2023-04-10,CA_PRAIRIE,"Calgary, AB",3.771,7.7,0.21,28.3,1,-5.314,0.4,3.08,9.085,7.3,-2.87,0,0,0,0,0,0,0,0,0,0,0,0,0,1,1,1,MILD,MILD: warmer_than_seasonal_reference with no adverse weather dimensions,RULE_BASED_UNWEIGHTED_WEATHER_DIMENSIONS,DERIVED_FROM_PUBLIC_WEATHER,PROJECT_ASSUMPTION
2023-04-17,CA_PRAIRIE,"Calgary, AB",2.714,0.7,1.19,24.3,0,2.229,2.6,8.96,0.485,-1.9,-7.77,0,0,0,0,0,0,0,0,0,0,0,0,0,0,1,1,NORMAL,NORMAL: no material adverse or mild scenario trigger,RULE_BASED_UNWEIGHTED_WEATHER_DIMENSIONS,DERIVED_FROM_PUBLIC_WEATHER,PROJECT_ASSUMPTION
2023-04-24,CA_PRAIRIE,"Calgary, AB",10.529,5.5,0.0,20.8,0,7.3,3.7,0.0,3.229,1.8,0.0,0,0,0,0,0,0,0,0,0,0,0,0,0,1,1,1,MILD,MILD: warmer_than_seasonal_reference with no adverse weather dimensions,RULE_BASED_UNWEIGHTED_WEATHER_DIMENSIONS,DERIVED_FROM_PUBLIC_WEATHER,PROJECT_ASSUMPTION
2023-05-01,CA_PRAIRIE,"Calgary, AB",14.1,5.9,0.0,21.3,0,10.086,7.6,0.0,4.014,-1.7,0.0,0,0,0,0,0,0,0,0,0,0,0,0,0,1,1,1,MILD,MILD: warmer_than_seasonal_reference with no adverse weather dimensions,RULE_BASED_UNWEIGHTED_WEATHER_DIMENSIONS,DERIVED_FROM_PUBLIC_WEATHER,PROJECT_ASSUMPTION
2023-05-08,CA_PRAIRIE,"Calgary, AB",11.529,11.2,0.0,20.9,0,7.757,4.9,4.34,3.772,6.3,-4.34,0,0,0,0,0,0,0,0,0,0,0,0,0,1,1,1,MILD,MILD: warmer_than_seasonal_reference with no adverse weather dimensions,RULE_BASED_UNWEIGHTED_WEATHER_DIMENSIONS,DERIVED_FROM_PUBLIC_WEATHER,PROJECT_ASSUMPTION
2023-05-15,CA_PRAIRIE,"Calgary, AB",16.186,0.7,0.0,27.2,0,7.814,15.5,0.0,8.372,-14.8,0.0,0,0,0,0,0,0,0,0,0,0,0,0,0,1,1,1,MILD,MILD: warmer_than_seasonal_reference with no adverse weather dimensions,RULE_BASED_UNWEIGHTED_WEATHER_DIMENSIONS,DERIVED_FROM_PUBLIC_WEATHER,PROJECT_ASSUMPTION
2023-05-22,CA_PRAIRIE,"Calgary, AB",14.329,11.3,0.0,17.6,0,13.286,2.1,0.0,1.043,9.2,0.0,0,0,0,0,0,0,0,0,0,0,0,0,0,0,1,1,NORMAL,NORMAL: no material adverse or mild scenario trigger,RULE_BASED_UNWEIGHTED_WEATHER_DIMENSIONS,DERIVED_FROM_PUBLIC_WEATHER,PROJECT_ASSUMPTION
2023-05-29,CA_PRAIRIE,"Calgary, AB",16.6,2.6,0.0,18.7,0,12.6,30.3,0.0,4.0,-27.7,0.0,0,0,0,0,0,0,0,0,0,0,0,0,0,1,1,1,MILD,MILD: warmer_than_seasonal_reference with no adverse weather dimensions,RULE_BASED_UNWEIGHTED_WEATHER_DIMENSIONS,DERIVED_FROM_PUBLIC_WEATHER,PROJECT_ASSUMPTION
2023-06-05,CA_PRAIRIE,"Calgary, AB",19.129,4.7,0.0,25.2,0,14.257,28.3,0.0,4.872,-23.6,0.0,0,0,0,0,0,0,0,0,0,0,0,0,0,1,1,1,MILD,MILD: warmer_than_seasonal_reference with no adverse weather dimensions,RULE_BASED_UNWEIGHTED_WEATHER_DIMENSIONS,DERIVED_FROM_PUBLIC_WEATHER,PROJECT_ASSUMPTION
2023-06-12,CA_PRAIRIE,"Calgary, AB",15.257,65.6,0.0,27.0,0,12.729,101.6,0.0,2.528,-36.0,0.0,1,0,0,0,0,0,0,1,0,0,0,1,0,0,1,1,NORMAL,NORMAL: isolated adverse dimension without severe compound conditions | wetter_than_normal,RULE_BASED_UNWEIGHTED_WEATHER_DIMENSIONS,DERIVED_FROM_PUBLIC_WEATHER,PROJECT_ASSUMPTION
2023-06-19,CA_PRAIRIE,"Calgary, AB",12.414,27.0,0.0,22.3,0,13.371,21.8,0.0,-0.957,5.2,0.0,0,0,0,0,0,0,0,0,0,0,0,0,0,0,1,1,NORMAL,NORMAL: no material adverse or mild scenario trigger,RULE_BASED_UNWEIGHTED_WEATHER_DIMENSIONS,DERIVED_FROM_PUBLIC_WEATHER,PROJECT_ASSUMPTION
2023-06-26,CA_PRAIRIE,"Calgary, AB",18.129,8.1,0.0,27.6,0,14.471,17.4,0.0,3.658,-9.3,0.0,0,0,0,0,0,0,0,0,0,0,0,0,0,1,1,1,MILD,MILD: warmer_than_seasonal_reference with no adverse weather dimensions,RULE_BASED_UNWEIGHTED_WEATHER_DIMENSIONS,DERIVED_FROM_PUBLIC_WEATHER,PROJECT_ASSUMPTION
2023-07-03,CA_PRAIRIE,"Calgary, AB",16.3,7.8,0.0,23.0,0,17.214,22.1,0.0,-0.914,-14.3,0.0,0,0,0,0,0,0,0,0,0,0,0,0,0,0,1,1,NORMAL,NORMAL: no material adverse or mild scenario trigger,RULE_BASED_UNWEIGHTED_WEATHER_DIMENSIONS,DERIVED_FROM_PUBLIC_WEATHER,PROJECT_ASSUMPTION
2023-07-10,CA_PRAIRIE,"Calgary, AB",17.343,14.2,0.0,17.3,0,19.336,2.4,0.0,-1.993,11.8,0.0,0,0,0,0,0,0,0,0,0,0,0,0,0,0,1,1,NORMAL,NORMAL: no material adverse or mild scenario trigger,RULE_BASED_UNWEIGHTED_WEATHER_DIMENSIONS,DERIVED_FROM_PUBLIC_WEATHER,PROJECT_ASSUMPTION
2023-07-17,CA_PRAIRIE,"Calgary, AB",18.829,5.9,0.0,20.2,0,18.114,12.35,0.0,0.715,-6.45,0.0,0,0,0,0,0,0,0,0,0,0,0,0,0,0,1,1,NORMAL,NORMAL: no material adverse or mild scenario trigger,RULE_BASED_UNWEIGHTED_WEATHER_DIMENSIONS,DERIVED_FROM_PUBLIC_WEATHER,PROJECT_ASSUMPTION
2023-07-24,CA_PRAIRIE,"Calgary, AB",17.343,11.8,0.0,22.8,0,20.386,5.6,0.0,-3.043,6.2,0.0,0,0,0,0,0,0,1,0,0,0,0,1,0,0,1,1,NORMAL,NORMAL: isolated adverse dimension without severe compound conditions | colder_than_normal,RULE_BASED_UNWEIGHTED_WEATHER_DIMENSIONS,DERIVED_FROM_PUBLIC_WEATHER,PROJECT_ASSUMPTION
2023-07-31,CA_PRAIRIE,"Calgary, AB",18.9,0.5,0.0,20.8,0,18.4,14.05,0.0,0.5,-13.55,0.0,0,0,0,0,0,0,0,0,0,0,0,0,0,0,1,1,NORMAL,NORMAL: no material adverse or mild scenario trigger,RULE_BASED_UNWEIGHTED_WEATHER_DIMENSIONS,DERIVED_FROM_PUBLIC_WEATHER,PROJECT_ASSUMPTION
2023-08-07,CA_PRAIRIE,"Calgary, AB",17.329,7.1,0.0,15.8,0,20.622,0.9,0.0,-3.293,6.2,0.0,0,0,0,0,0,0,1,0,0,0,0,1,0,0,1,1,NORMAL,NORMAL: isolated adverse dimension without severe compound conditions | colder_than_normal,RULE_BASED_UNWEIGHTED_WEATHER_DIMENSIONS,DERIVED_FROM_PUBLIC_WEATHER,PROJECT_ASSUMPTION
2023-08-14,CA_PRAIRIE,"Calgary, AB",18.114,4.7,0.0,25.8,0,16.4,34.9,0.0,1.714,-30.2,0.0,0,0,0,0,0,0,0,0,0,0,0,0,0,0,1,1,NORMAL,NORMAL: no material adverse or mild scenario trigger,RULE_BASED_UNWEIGHTED_WEATHER_DIMENSIONS,DERIVED_FROM_PUBLIC_WEATHER,PROJECT_ASSUMPTION
2023-08-21,CA_PRAIRIE,"Calgary, AB",16.129,15.0,0.0,22.9,0,14.822,14.9,0.0,1.308,0.1,0.0,0,0,0,0,0,0,0,0,0,0,0,0,0,0,1,1,NORMAL,NORMAL: no material adverse or mild scenario trigger,RULE_BASED_UNWEIGHTED_WEATHER_DIMENSIONS,DERIVED_FROM_PUBLIC_WEATHER,PROJECT_ASSUMPTION
2023-08-28,CA_PRAIRIE,"Calgary, AB",18.057,21.2,0.0,22.0,0,16.857,2.2,0.0,1.2,19.0,0.0,0,0,0,0,0,0,0,0,0,0,0,0,0,0,1,1,NORMAL,NORMAL: no material adverse or mild scenario trigger,RULE_BASED_UNWEIGHTED_WEATHER_DIMENSIONS,DERIVED_FROM_PUBLIC_WEATHER,PROJECT_ASSUMPTION
2023-09-04,CA_PRAIRIE,"Calgary, AB",11.943,8.3,0.0,19.5,0,14.478,9.55,0.0,-2.536,-1.25,0.0,0,0,0,0,0,0,1,0,0,0,0,1,0,0,1,1,NORMAL,NORMAL: isolated adverse dimension without severe compound conditions | colder_than_normal,RULE_BASED_UNWEIGHTED_WEATHER_DIMENSIONS,DERIVED_FROM_PUBLIC_WEATHER,PROJECT_ASSUMPTION
2023-09-11,CA_PRAIRIE,"Calgary, AB",15.471,0.7,0.0,19.1,0,11.872,2.9,0.105,3.6,-2.2,-0.105,0,0,0,0,0,0,0,0,0,0,0,0,0,1,1,1,MILD,MILD: warmer_than_seasonal_reference with no adverse weather dimensions,RULE_BASED_UNWEIGHTED_WEATHER_DIMENSIONS,DERIVED_FROM_PUBLIC_WEATHER,PROJECT_ASSUMPTION
2023-09-18,CA_PRAIRIE,"Calgary, AB",10.557,7.0,0.0,22.8,0,11.828,0.2,0.0,-1.271,6.8,0.0,0,0,0,0,0,0,0,0,0,0,0,0,0,0,1,1,NORMAL,NORMAL: no material adverse or mild scenario trigger,RULE_BASED_UNWEIGHTED_WEATHER_DIMENSIONS,DERIVED_FROM_PUBLIC_WEATHER,PROJECT_ASSUMPTION
2023-09-25,CA_PRAIRIE,"Calgary, AB",8.957,13.6,0.0,20.7,1,13.114,0.35,0.0,-4.157,13.25,0.0,0,0,0,0,0,0,1,0,0,0,0,1,0,0,1,1,NORMAL,NORMAL: isolated adverse dimension without severe compound conditions | colder_than_normal,RULE_BASED_UNWEIGHTED_WEATHER_DIMENSIONS,DERIVED_FROM_PUBLIC_WEATHER,PROJECT_ASSUMPTION
2023-10-02,CA_PRAIRIE,"Calgary, AB",9.2,5.7,0.0,15.5,0,8.986,0.7,0.105,0.214,5.0,-0.105,0,0,0,0,0,0,0,0,0,0,0,0,0,0,1,1,NORMAL,NORMAL: no material adverse or mild scenario trigger,RULE_BASED_UNWEIGHTED_WEATHER_DIMENSIONS,DERIVED_FROM_PUBLIC_WEATHER,PROJECT_ASSUMPTION
2023-10-09,CA_PRAIRIE,"Calgary, AB",9.357,13.5,0.0,20.6,0,6.243,1.35,0.07,3.114,12.15,-0.07,0,0,0,0,0,0,0,0,0,0,0,0,0,1,1,1,MILD,MILD: warmer_than_seasonal_reference with no adverse weather dimensions,RULE_BASED_UNWEIGHTED_WEATHER_DIMENSIONS,DERIVED_FROM_PUBLIC_WEATHER,PROJECT_ASSUMPTION
2023-10-16,CA_PRAIRIE,"Calgary, AB",8.371,7.4,0.0,28.0,1,5.886,14.0,3.395,2.486,-6.6,-3.395,0,0,0,0,0,0,0,0,0,0,0,0,0,1,1,1,MILD,MILD: warmer_than_seasonal_reference with no adverse weather dimensions,RULE_BASED_UNWEIGHTED_WEATHER_DIMENSIONS,DERIVED_FROM_PUBLIC_WEATHER,PROJECT_ASSUMPTION
2023-10-23,CA_PRAIRIE,"Calgary, AB",-8.1,0.2,10.01,18.9,0,2.472,1.4,2.52,-10.572,-1.2,7.49,0,0,1,0,0,0,1,0,1,0,0,2,0,0,1,1,SEVERE,"SEVERE: colder_than_normal, snowier_than_normal",RULE_BASED_UNWEIGHTED_WEATHER_DIMENSIONS,DERIVED_FROM_PUBLIC_WEATHER,PROJECT_ASSUMPTION
2023-10-30,CA_PRAIRIE,"Calgary, AB",2.114,0.0,0.49,15.7,0,-1.057,0.2,8.12,3.171,-0.2,-7.63,0,0,0,0,0,0,0,0,0,0,0,0,0,1,1,1,MILD,MILD: warmer_than_seasonal_reference with no adverse weather dimensions,RULE_BASED_UNWEIGHTED_WEATHER_DIMENSIONS,DERIVED_FROM_PUBLIC_WEATHER,PROJECT_ASSUMPTION
2023-11-06,CA_PRAIRIE,"Calgary, AB",2.457,2.2,0.21,30.8,1,-6.792,0.05,3.465,9.25,2.15,-3.255,0,0,0,0,0,0,0,0,0,0,0,0,0,1,1,1,MILD,MILD: warmer_than_seasonal_reference with no adverse weather dimensions,RULE_BASED_UNWEIGHTED_WEATHER_DIMENSIONS,DERIVED_FROM_PUBLIC_WEATHER,PROJECT_ASSUMPTION
2023-11-13,CA_PRAIRIE,"Calgary, AB",2.886,0.0,1.12,22.5,0,-3.5,0.8,4.165,6.386,-0.8,-3.045,0,0,0,0,0,0,0,0,0,0,0,0,0,1,1,1,MILD,MILD: warmer_than_seasonal_reference with no adverse weather dimensions,RULE_BASED_UNWEIGHTED_WEATHER_DIMENSIONS,DERIVED_FROM_PUBLIC_WEATHER,PROJECT_ASSUMPTION
2023-11-20,CA_PRAIRIE,"Calgary, AB",-0.714,0.0,2.45,22.9,0,1.55,0.4,2.8,-2.264,-0.4,-0.35,0,0,1,0,0,0,1,0,0,0,0,1,0,0,1,1,NORMAL,NORMAL: isolated adverse dimension without severe compound conditions | colder_than_normal,RULE_BASED_UNWEIGHTED_WEATHER_DIMENSIONS,DERIVED_FROM_PUBLIC_WEATHER,PROJECT_ASSUMPTION
2023-11-27,CA_PRAIRIE,"Calgary, AB",-2.5,0.1,0.42,19.1,0,-8.822,0.7,4.69,6.322,-0.6,-4.27,0,0,1,0,0,0,0,0,0,0,0,0,0,1,1,1,MILD,MILD: warmer_than_seasonal_reference with no adverse weather dimensions,RULE_BASED_UNWEIGHTED_WEATHER_DIMENSIONS,DERIVED_FROM_PUBLIC_WEATHER,PROJECT_ASSUMPTION
2023-12-04,CA_PRAIRIE,"Calgary, AB",-0.9,0.8,10.5,29.1,0,-7.936,0.0,2.59,7.036,0.8,7.91,0,0,1,0,0,0,0,0,1,0,0,1,0,0,1,1,NORMAL,NORMAL: isolated adverse dimension without severe compound conditions | snowier_than_normal,RULE_BASED_UNWEIGHTED_WEATHER_DIMENSIONS,DERIVED_FROM_PUBLIC_WEATHER,PROJECT_ASSUMPTION
2023-12-11,CA_PRAIRIE,"Calgary, AB",-0.9,0.1,2.8,17.7,0,-13.664,0.0,4.585,12.764,0.1,-1.785,0,0,1,0,0,0,0,0,0,0,0,0,0,1,1,1,MILD,MILD: warmer_than_seasonal_reference with no adverse weather dimensions,RULE_BASED_UNWEIGHTED_WEATHER_DIMENSIONS,DERIVED_FROM_PUBLIC_WEATHER,PROJECT_ASSUMPTION
2023-12-18,CA_PRAIRIE,"Calgary, AB",-0.771,0.4,1.47,23.1,0,-19.886,0.05,1.855,19.114,0.35,-0.385,0,0,1,0,0,0,0,0,0,0,0,0,0,1,1,1,MILD,MILD: warmer_than_seasonal_reference with no adverse weather dimensions,RULE_BASED_UNWEIGHTED_WEATHER_DIMENSIONS,DERIVED_FROM_PUBLIC_WEATHER,PROJECT_ASSUMPTION
2023-12-25,CA_PRAIRIE,"Calgary, AB",-0.243,0.7,0.07,18.4,0,-12.664,1.05,2.485,12.421,-0.35,-2.415,0,0,1,0,0,0,0,0,0,0,0,0,0,1,1,1,MILD,MILD: warmer_than_seasonal_reference with no adverse weather dimensions,RULE_BASED_UNWEIGHTED_WEATHER_DIMENSIONS,DERIVED_FROM_PUBLIC_WEATHER,PROJECT_ASSUMPTION
2024-01-01,CA_PRAIRIE,"Calgary, AB",-4.457,0.9,6.51,19.7,0,-15.186,0.0,1.365,10.728,0.9,5.145,0,0,1,0,0,0,0,0,1,0,0,1,0,0,1,1,NORMAL,NORMAL: isolated adverse dimension without severe compound conditions | snowier_than_normal,RULE_BASED_UNWEIGHTED_WEATHER_DIMENSIONS,DERIVED_FROM_PUBLIC_WEATHER,PROJECT_ASSUMPTION
2024-01-08,CA_PRAIRIE,"Calgary, AB",-26.2,0.0,2.66,18.1,0,-0.778,0.3,0.035,-25.422,-0.3,2.625,0,0,1,1,0,0,1,0,0,0,0,1,1,0,1,1,SEVERE,SEVERE: colder_than_normal | extreme_event_trigger,RULE_BASED_UNWEIGHTED_WEATHER_DIMENSIONS,DERIVED_FROM_PUBLIC_WEATHER,PROJECT_ASSUMPTION
2024-01-15,CA_PRAIRIE,"Calgary, AB",-17.014,0.0,5.88,15.2,0,-2.564,0.0,1.225,-14.45,0.0,4.655,0,0,1,1,0,0,1,0,0,0,0,1,1,0,1,1,SEVERE,SEVERE: colder_than_normal | extreme_event_trigger,RULE_BASED_UNWEIGHTED_WEATHER_DIMENSIONS,DERIVED_FROM_PUBLIC_WEATHER,PROJECT_ASSUMPTION
2024-01-22,CA_PRAIRIE,"Calgary, AB",-1.786,0.2,0.0,22.3,0,-2.278,0.95,3.22,0.492,-0.75,-3.22,0,0,1,0,0,0,0,0,0,0,0,0,0,0,1,1,NORMAL,NORMAL: no material adverse or mild scenario trigger,RULE_BASED_UNWEIGHTED_WEATHER_DIMENSIONS,DERIVED_FROM_PUBLIC_WEATHER,PROJECT_ASSUMPTION
2024-01-29,CA_PRAIRIE,"Calgary, AB",3.071,1.1,4.55,20.9,1,-7.143,0.1,1.015,10.214,1.0,3.535,0,0,0,0,0,0,0,0,0,0,0,0,0,1,1,1,MILD,MILD: warmer_than_seasonal_reference with no adverse weather dimensions,RULE_BASED_UNWEIGHTED_WEATHER_DIMENSIONS,DERIVED_FROM_PUBLIC_WEATHER,PROJECT_ASSUMPTION
2024-02-05,CA_PRAIRIE,"Calgary, AB",-6.586,0.0,1.4,14.6,0,2.35,0.2,0.14,-8.936,-0.2,1.26,0,0,1,0,0,0,1,0,0,0,0,1,0,0,1,1,NORMAL,NORMAL: isolated adverse dimension without severe compound conditions | colder_than_normal,RULE_BASED_UNWEIGHTED_WEATHER_DIMENSIONS,DERIVED_FROM_PUBLIC_WEATHER,PROJECT_ASSUMPTION
2024-02-12,CA_PRAIRIE,"Calgary, AB",-8.257,0.0,2.31,15.7,0,-3.771,1.0,7.035,-4.486,-1.0,-4.725,0,0,1,0,0,0,1,0,0,0,0,1,0,0,1,1,NORMAL,NORMAL: isolated adverse dimension without severe compound conditions | colder_than_normal,RULE_BASED_UNWEIGHTED_WEATHER_DIMENSIONS,DERIVED_FROM_PUBLIC_WEATHER,PROJECT_ASSUMPTION
2024-02-19,CA_PRAIRIE,"Calgary, AB",-1.171,0.1,1.89,26.0,0,-15.014,0.05,6.02,13.843,0.05,-4.13,0,0,1,0,0,0,0,0,0,0,0,0,0,1,1,1,MILD,MILD: warmer_than_seasonal_reference with no adverse weather dimensions,RULE_BASED_UNWEIGHTED_WEATHER_DIMENSIONS,DERIVED_FROM_PUBLIC_WEATHER,PROJECT_ASSUMPTION
2024-02-26,CA_PRAIRIE,"Calgary, AB",-13.4,0.3,9.59,29.6,0,-6.728,0.0,4.795,-6.672,0.3,4.795,0,0,1,1,0,0,1,0,0,0,0,1,1,0,1,1,SEVERE,SEVERE: colder_than_normal | extreme_event_trigger,RULE_BASED_UNWEIGHTED_WEATHER_DIMENSIONS,DERIVED_FROM_PUBLIC_WEATHER,PROJECT_ASSUMPTION
2024-03-04,CA_PRAIRIE,"Calgary, AB",-9.643,0.0,0.42,22.2,0,-10.3,0.45,2.03,0.657,-0.45,-1.61,0,0,1,0,0,0,0,0,0,0,0,0,0,0,1,1,NORMAL,NORMAL: no material adverse or mild scenario trigger,RULE_BASED_UNWEIGHTED_WEATHER_DIMENSIONS,DERIVED_FROM_PUBLIC_WEATHER,PROJECT_ASSUMPTION
2024-03-11,CA_PRAIRIE,"Calgary, AB",3.4,0.4,0.07,17.9,0,-0.85,0.9,1.015,4.25,-0.5,-0.945,0,0,0,0,0,0,0,0,0,0,0,0,0,1,1,1,MILD,MILD: warmer_than_seasonal_reference with no adverse weather dimensions,RULE_BASED_UNWEIGHTED_WEATHER_DIMENSIONS,DERIVED_FROM_PUBLIC_WEATHER,PROJECT_ASSUMPTION
2024-03-18,CA_PRAIRIE,"Calgary, AB",-4.229,0.1,14.91,18.0,0,-0.007,0.85,0.595,-4.222,-0.75,14.315,0,0,1,0,0,0,1,0,1,0,0,2,0,0,1,1,SEVERE,"SEVERE: colder_than_normal, snowier_than_normal",RULE_BASED_UNWEIGHTED_WEATHER_DIMENSIONS,DERIVED_FROM_PUBLIC_WEATHER,PROJECT_ASSUMPTION
2024-03-25,CA_PRAIRIE,"Calgary, AB",-5.371,0.1,2.66,17.9,0,0.071,2.45,4.13,-5.442,-2.35,-1.47,0,0,1,0,0,0,1,0,0,0,0,1,0,0,1,1,NORMAL,NORMAL: isolated adverse dimension without severe compound conditions | colder_than_normal,RULE_BASED_UNWEIGHTED_WEATHER_DIMENSIONS,DERIVED_FROM_PUBLIC_WEATHER,PROJECT_ASSUMPTION
2024-04-01,CA_PRAIRIE,"Calgary, AB",3.314,2.6,10.15,23.4,0,3.222,1.5,0.84,0.093,1.1,9.31,0,0,0,0,0,0,0,0,1,0,0,1,0,0,1,1,NORMAL,NORMAL: isolated adverse dimension without severe compound conditions | snowier_than_normal,RULE_BASED_UNWEIGHTED_WEATHER_DIMENSIONS,DERIVED_FROM_PUBLIC_WEATHER,PROJECT_ASSUMPTION
2024-04-08,CA_PRAIRIE,"Calgary, AB",5.914,2.1,0.0,22.5,1,-0.772,4.05,1.645,6.685,-1.95,-1.645,0,0,0,0,0,0,0,0,0,0,0,0,0,1,1,1,MILD,MILD: warmer_than_seasonal_reference with no adverse weather dimensions,RULE_BASED_UNWEIGHTED_WEATHER_DIMENSIONS,DERIVED_FROM_PUBLIC_WEATHER,PROJECT_ASSUMPTION
2024-04-15,CA_PRAIRIE,"Calgary, AB",2.114,3.4,4.06,32.3,1,2.472,1.65,5.075,-0.357,1.75,-1.015,0,0,0,0,0,0,0,0,0,0,0,0,0,0,1,1,NORMAL,NORMAL: no material adverse or mild scenario trigger,RULE_BASED_UNWEIGHTED_WEATHER_DIMENSIONS,DERIVED_FROM_PUBLIC_WEATHER,PROJECT_ASSUMPTION
2024-04-22,CA_PRAIRIE,"Calgary, AB",8.343,2.3,0.0,23.1,0,8.914,4.6,0.0,-0.572,-2.3,0.0,0,0,0,0,0,0,0,0,0,0,0,0,0,0,1,1,NORMAL,NORMAL: no material adverse or mild scenario trigger,RULE_BASED_UNWEIGHTED_WEATHER_DIMENSIONS,DERIVED_FROM_PUBLIC_WEATHER,PROJECT_ASSUMPTION
2024-04-29,CA_PRAIRIE,"Calgary, AB",4.7,10.1,11.06,24.6,3,12.093,6.75,0.0,-7.393,3.35,11.06,0,0,0,0,1,0,1,0,1,1,0,3,0,0,1,1,SEVERE,"SEVERE: colder_than_normal, snowier_than_normal, wet_cold_compound",RULE_BASED_UNWEIGHTED_WEATHER_DIMENSIONS,DERIVED_FROM_PUBLIC_WEATHER,PROJECT_ASSUMPTION
2024-05-06,CA_PRAIRIE,"Calgary, AB",11.786,24.6,0.0,35.0,0,9.643,8.05,2.17,2.143,16.55,-2.17,0,0,0,0,0,0,0,0,0,0,0,0,0,1,1,1,MILD,MILD: warmer_than_seasonal_reference with no adverse weather dimensions,RULE_BASED_UNWEIGHTED_WEATHER_DIMENSIONS,DERIVED_FROM_PUBLIC_WEATHER,PROJECT_ASSUMPTION
2024-05-13,CA_PRAIRIE,"Calgary, AB",9.957,23.7,0.77,19.6,0,12.0,8.1,0.0,-2.043,15.6,0.77,0,0,0,0,0,0,1,0,0,0,0,1,0,0,1,1,NORMAL,NORMAL: isolated adverse dimension without severe compound conditions | colder_than_normal,RULE_BASED_UNWEIGHTED_WEATHER_DIMENSIONS,DERIVED_FROM_PUBLIC_WEATHER,PROJECT_ASSUMPTION
2024-05-20,CA_PRAIRIE,"Calgary, AB",8.543,26.9,0.07,18.4,0,13.808,6.7,0.0,-5.265,20.2,0.07,0,0,0,0,0,0,1,1,0,0,0,2,0,0,1,1,SEVERE,"SEVERE: colder_than_normal, wetter_than_normal",RULE_BASED_UNWEIGHTED_WEATHER_DIMENSIONS,DERIVED_FROM_PUBLIC_WEATHER,PROJECT_ASSUMPTION
2024-05-27,CA_PRAIRIE,"Calgary, AB",12.529,5.8,0.0,21.7,0,14.6,16.45,0.0,-2.071,-10.65,0.0,0,0,0,0,0,0,1,0,0,0,0,1,0,0,1,1,NORMAL,NORMAL: isolated adverse dimension without severe compound conditions | colder_than_normal,RULE_BASED_UNWEIGHTED_WEATHER_DIMENSIONS,DERIVED_FROM_PUBLIC_WEATHER,PROJECT_ASSUMPTION
2024-06-03,CA_PRAIRIE,"Calgary, AB",12.871,3.2,0.0,27.4,0,16.693,16.5,0.0,-3.822,-13.3,0.0,0,0,0,0,0,0,1,0,0,0,0,1,0,0,1,1,NORMAL,NORMAL: isolated adverse dimension without severe compound conditions | colder_than_normal,RULE_BASED_UNWEIGHTED_WEATHER_DIMENSIONS,DERIVED_FROM_PUBLIC_WEATHER,PROJECT_ASSUMPTION
2024-06-10,CA_PRAIRIE,"Calgary, AB",13.986,23.0,0.0,25.8,0,13.993,83.6,0.0,-0.007,-60.6,0.0,0,0,0,0,0,0,0,0,0,0,0,0,0,0,1,1,NORMAL,NORMAL: no material adverse or mild scenario trigger,RULE_BASED_UNWEIGHTED_WEATHER_DIMENSIONS,DERIVED_FROM_PUBLIC_WEATHER,PROJECT_ASSUMPTION
2024-06-17,CA_PRAIRIE,"Calgary, AB",12.214,12.4,0.0,18.5,0,12.892,24.4,0.0,-0.678,-12.0,0.0,0,0,0,0,0,0,0,0,0,0,0,0,0,0,1,1,NORMAL,NORMAL: no material adverse or mild scenario trigger,RULE_BASED_UNWEIGHTED_WEATHER_DIMENSIONS,DERIVED_FROM_PUBLIC_WEATHER,PROJECT_ASSUMPTION
2024-06-24,CA_PRAIRIE,"Calgary, AB",14.529,41.3,0.0,28.2,0,16.3,12.75,0.0,-1.771,28.55,0.0,0,0,0,0,0,0,0,1,0,0,0,1,0,0,1,1,NORMAL,NORMAL: isolated adverse dimension without severe compound conditions | wetter_than_normal,RULE_BASED_UNWEIGHTED_WEATHER_DIMENSIONS,DERIVED_FROM_PUBLIC_WEATHER,PROJECT_ASSUMPTION
2024-07-01,CA_PRAIRIE,"Calgary, AB",16.286,10.9,0.0,22.7,0,16.909,17.333,0.0,-0.623,-6.433,0.0,0,0,0,0,0,0,0,0,0,0,0,0,0,0,1,1,NORMAL,NORMAL: no material adverse or mild scenario trigger,RULE_BASED_UNWEIGHTED_WEATHER_DIMENSIONS,DERIVED_FROM_PUBLIC_WEATHER,PROJECT_ASSUMPTION
2024-07-08,CA_PRAIRIE,"Calgary, AB",21.2,8.5,0.0,21.7,0,18.672,6.333,0.0,2.528,2.167,0.0,0,0,0,0,0,0,0,0,0,0,0,0,0,1,1,1,MILD,MILD: warmer_than_seasonal_reference with no adverse weather dimensions,RULE_BASED_UNWEIGHTED_WEATHER_DIMENSIONS,DERIVED_FROM_PUBLIC_WEATHER,PROJECT_ASSUMPTION
2024-07-15,CA_PRAIRIE,"Calgary, AB",22.529,3.2,0.0,15.4,0,18.353,10.2,0.0,4.176,-7.0,0.0,0,0,0,0,0,0,0,0,0,0,0,0,0,1,1,1,MILD,MILD: warmer_than_seasonal_reference with no adverse weather dimensions,RULE_BASED_UNWEIGHTED_WEATHER_DIMENSIONS,DERIVED_FROM_PUBLIC_WEATHER,PROJECT_ASSUMPTION
2024-07-22,CA_PRAIRIE,"Calgary, AB",20.686,3.4,0.0,23.6,0,19.372,7.667,0.0,1.314,-4.267,0.0,0,0,0,0,0,0,0,0,0,0,0,0,0,0,1,1,NORMAL,NORMAL: no material adverse or mild scenario trigger,RULE_BASED_UNWEIGHTED_WEATHER_DIMENSIONS,DERIVED_FROM_PUBLIC_WEATHER,PROJECT_ASSUMPTION
2024-07-29,CA_PRAIRIE,"Calgary, AB",20.486,3.2,0.0,22.4,0,18.567,9.533,0.0,1.919,-6.333,0.0,0,0,0,0,0,0,0,0,0,0,0,0,0,0,1,1,NORMAL,NORMAL: no material adverse or mild scenario trigger,RULE_BASED_UNWEIGHTED_WEATHER_DIMENSIONS,DERIVED_FROM_PUBLIC_WEATHER,PROJECT_ASSUMPTION
2024-08-05,CA_PRAIRIE,"Calgary, AB",15.614,24.6,0.0,16.2,0,19.524,2.967,0.0,-3.91,21.633,0.0,0,0,0,0,0,0,1,1,0,0,0,2,0,0,1,1,SEVERE,"SEVERE: colder_than_normal, wetter_than_normal",RULE_BASED_UNWEIGHTED_WEATHER_DIMENSIONS,DERIVED_FROM_PUBLIC_WEATHER,PROJECT_ASSUMPTION
2024-08-12,CA_PRAIRIE,"Calgary, AB",17.357,14.4,0.0,16.7,0,16.971,24.833,0.0,0.386,-10.433,0.0,0,0,0,0,0,0,0,0,0,0,0,0,0,0,1,1,NORMAL,NORMAL: no material adverse or mild scenario trigger,RULE_BASED_UNWEIGHTED_WEATHER_DIMENSIONS,DERIVED_FROM_PUBLIC_WEATHER,PROJECT_ASSUMPTION
2024-08-19,CA_PRAIRIE,"Calgary, AB",16.729,10.3,0.0,28.7,0,15.257,14.933,0.0,1.472,-4.633,0.0,0,0,0,0,0,0,0,0,0,0,0,0,0,0,1,1,NORMAL,NORMAL: no material adverse or mild scenario trigger,RULE_BASED_UNWEIGHTED_WEATHER_DIMENSIONS,DERIVED_FROM_PUBLIC_WEATHER,PROJECT_ASSUMPTION
2024-08-26,CA_PRAIRIE,"Calgary, AB",15.686,28.0,0.0,33.8,0,17.257,8.533,0.0,-1.571,19.467,0.0,0,0,0,0,0,0,0,0,0,0,0,0,0,0,1,1,NORMAL,NORMAL: no material adverse or mild scenario trigger,RULE_BASED_UNWEIGHTED_WEATHER_DIMENSIONS,DERIVED_FROM_PUBLIC_WEATHER,PROJECT_ASSUMPTION
2024-09-02,CA_PRAIRIE,"Calgary, AB",18.886,0.3,0.0,18.2,0,13.633,9.133,0.0,5.253,-8.833,0.0,0,0,0,0,0,0,0,0,0,0,0,0,0,1,1,1,MILD,MILD: warmer_than_seasonal_reference with no adverse weather dimensions,RULE_BASED_UNWEIGHTED_WEATHER_DIMENSIONS,DERIVED_FROM_PUBLIC_WEATHER,PROJECT_ASSUMPTION
2024-09-09,CA_PRAIRIE,"Calgary, AB",12.029,27.5,0.0,25.1,0,13.071,2.167,0.07,-1.042,25.333,-0.07,0,0,0,0,0,0,0,1,0,0,0,1,0,0,1,1,NORMAL,NORMAL: isolated adverse dimension without severe compound conditions | wetter_than_normal,RULE_BASED_UNWEIGHTED_WEATHER_DIMENSIONS,DERIVED_FROM_PUBLIC_WEATHER,PROJECT_ASSUMPTION
2024-09-16,CA_PRAIRIE,"Calgary, AB",11.271,8.1,0.0,21.9,0,11.405,2.467,0.0,-0.134,5.633,0.0,0,0,0,0,0,0,0,0,0,0,0,0,0,0,1,1,NORMAL,NORMAL: no material adverse or mild scenario trigger,RULE_BASED_UNWEIGHTED_WEATHER_DIMENSIONS,DERIVED_FROM_PUBLIC_WEATHER,PROJECT_ASSUMPTION
2024-09-23,CA_PRAIRIE,"Calgary, AB",14.229,2.3,0.0,24.9,0,11.729,4.767,0.0,2.5,-2.467,0.0,0,0,0,0,0,0,0,0,0,0,0,0,0,1,1,1,MILD,MILD: warmer_than_seasonal_reference with no adverse weather dimensions,RULE_BASED_UNWEIGHTED_WEATHER_DIMENSIONS,DERIVED_FROM_PUBLIC_WEATHER,PROJECT_ASSUMPTION
2024-09-30,CA_PRAIRIE,"Calgary, AB",8.486,0.8,0.0,21.5,0,9.057,2.367,0.07,-0.571,-1.567,-0.07,0,0,0,0,0,0,0,0,0,0,0,0,0,0,1,1,NORMAL,NORMAL: no material adverse or mild scenario trigger,RULE_BASED_UNWEIGHTED_WEATHER_DIMENSIONS,DERIVED_FROM_PUBLIC_WEATHER,PROJECT_ASSUMPTION
2024-10-07,CA_PRAIRIE,"Calgary, AB",8.471,0.2,0.0,14.7,0,7.281,5.4,0.047,1.19,-5.2,-0.047,0,0,0,0,0,0,0,0,0,0,0,0,0,0,1,1,NORMAL,NORMAL: no material adverse or mild scenario trigger,RULE_BASED_UNWEIGHTED_WEATHER_DIMENSIONS,DERIVED_FROM_PUBLIC_WEATHER,PROJECT_ASSUMPTION
2024-10-14,CA_PRAIRIE,"Calgary, AB",9.429,0.2,0.0,21.2,0,6.714,11.8,2.263,2.715,-11.6,-2.263,0,0,0,0,0,0,0,0,0,0,0,0,0,1,1,1,MILD,MILD: warmer_than_seasonal_reference with no adverse weather dimensions,RULE_BASED_UNWEIGHTED_WEATHER_DIMENSIONS,DERIVED_FROM_PUBLIC_WEATHER,PROJECT_ASSUMPTION
2024-10-21,CA_PRAIRIE,"Calgary, AB",3.586,0.3,6.3,31.0,0,-1.052,1.0,5.017,4.638,-0.7,1.283,0,0,0,0,0,0,0,0,0,0,0,0,0,1,1,1,MILD,MILD: warmer_than_seasonal_reference with no adverse weather dimensions,RULE_BASED_UNWEIGHTED_WEATHER_DIMENSIONS,DERIVED_FROM_PUBLIC_WEATHER,PROJECT_ASSUMPTION
2024-10-28,CA_PRAIRIE,"Calgary, AB",0.357,0.2,1.75,14.3,0,-0.0,0.133,5.577,0.357,0.067,-3.827,0,0,0,0,0,0,0,0,0,0,0,0,0,0,1,1,NORMAL,NORMAL: no material adverse or mild scenario trigger,RULE_BASED_UNWEIGHTED_WEATHER_DIMENSIONS,DERIVED_FROM_PUBLIC_WEATHER,PROJECT_ASSUMPTION
2024-11-04,CA_PRAIRIE,"Calgary, AB",4.057,1.3,2.45,24.9,0,-3.709,0.767,2.38,7.766,0.533,0.07,0,0,0,0,0,0,0,0,0,0,0,0,0,1,1,1,MILD,MILD: warmer_than_seasonal_reference with no adverse weather dimensions,RULE_BASED_UNWEIGHTED_WEATHER_DIMENSIONS,DERIVED_FROM_PUBLIC_WEATHER,PROJECT_ASSUMPTION
2024-11-11,CA_PRAIRIE,"Calgary, AB",2.1,0.2,0.0,20.8,0,-1.371,0.533,3.15,3.471,-0.333,-3.15,0,0,0,0,0,0,0,0,0,0,0,0,0,1,1,1,MILD,MILD: warmer_than_seasonal_reference with no adverse weather dimensions,RULE_BASED_UNWEIGHTED_WEATHER_DIMENSIONS,DERIVED_FROM_PUBLIC_WEATHER,PROJECT_ASSUMPTION
2024-11-18,CA_PRAIRIE,"Calgary, AB",-10.086,0.0,23.8,16.6,0,0.795,0.267,2.683,-10.881,-0.267,21.117,0,1,1,1,0,0,1,0,1,0,0,2,1,0,1,1,SEVERE,"SEVERE: colder_than_normal, snowier_than_normal | extreme_event_trigger",RULE_BASED_UNWEIGHTED_WEATHER_DIMENSIONS,DERIVED_FROM_PUBLIC_WEATHER,PROJECT_ASSUMPTION
2024-11-25,CA_PRAIRIE,"Calgary, AB",-16.071,0.0,0.49,14.4,0,-6.714,0.5,3.267,-9.357,-0.5,-2.777,0,0,1,1,0,0,1,0,0,0,0,1,1,0,1,1,SEVERE,SEVERE: colder_than_normal | extreme_event_trigger,RULE_BASED_UNWEIGHTED_WEATHER_DIMENSIONS,DERIVED_FROM_PUBLIC_WEATHER,PROJECT_ASSUMPTION
2024-12-02,CA_PRAIRIE,"Calgary, AB",0.057,0.5,0.35,24.1,0,-5.591,0.267,5.227,5.648,0.233,-4.877,0,0,0,0,0,0,0,0,0,0,0,0,0,1,1,1,MILD,MILD: warmer_than_seasonal_reference with no adverse weather dimensions,RULE_BASED_UNWEIGHTED_WEATHER_DIMENSIONS,DERIVED_FROM_PUBLIC_WEATHER,PROJECT_ASSUMPTION
2024-12-09,CA_PRAIRIE,"Calgary, AB",-2.9,0.0,0.07,20.9,0,-9.409,0.033,3.99,6.509,-0.033,-3.92,0,0,1,0,0,0,0,0,0,0,0,0,0,1,1,1,MILD,MILD: warmer_than_seasonal_reference with no adverse weather dimensions,RULE_BASED_UNWEIGHTED_WEATHER_DIMENSIONS,DERIVED_FROM_PUBLIC_WEATHER,PROJECT_ASSUMPTION
2024-12-16,CA_PRAIRIE,"Calgary, AB",-6.543,2.5,2.52,16.8,1,-13.514,0.167,1.727,6.971,2.333,0.793,0,0,1,0,0,0,0,0,0,0,0,0,0,1,1,1,MILD,MILD: warmer_than_seasonal_reference with no adverse weather dimensions,RULE_BASED_UNWEIGHTED_WEATHER_DIMENSIONS,DERIVED_FROM_PUBLIC_WEATHER,PROJECT_ASSUMPTION
2024-12-23,CA_PRAIRIE,"Calgary, AB",0.014,0.0,0.0,20.7,0,-8.524,0.933,1.68,8.538,-0.933,-1.68,0,0,0,0,0,0,0,0,0,0,0,0,0,1,1,1,MILD,MILD: warmer_than_seasonal_reference with no adverse weather dimensions,RULE_BASED_UNWEIGHTED_WEATHER_DIMENSIONS,DERIVED_FROM_PUBLIC_WEATHER,PROJECT_ASSUMPTION
2024-12-30,CA_PRAIRIE,"Calgary, AB",-11.557,0.0,3.15,15.8,0,-11.609,0.3,3.08,0.052,-0.3,0.07,0,0,1,1,0,0,1,0,0,0,0,1,1,0,1,1,SEVERE,SEVERE: colder_than_normal | extreme_event_trigger,RULE_BASED_UNWEIGHTED_WEATHER_DIMENSIONS,DERIVED_FROM_PUBLIC_WEATHER,PROJECT_ASSUMPTION
2025-01-06,CA_PRAIRIE,"Calgary, AB",-1.257,0.7,2.24,29.3,0,-9.252,0.2,0.91,7.995,0.5,1.33,0,0,1,0,0,0,0,0,0,0,0,0,0,1,1,1,MILD,MILD: warmer_than_seasonal_reference with no adverse weather dimensions,RULE_BASED_UNWEIGHTED_WEATHER_DIMENSIONS,DERIVED_FROM_PUBLIC_WEATHER,PROJECT_ASSUMPTION
2025-01-13,CA_PRAIRIE,"Calgary, AB",-4.1,0.6,0.7,34.3,0,-7.381,0.0,2.777,3.281,0.6,-2.077,0,0,1,0,0,0,0,0,0,0,0,0,0,1,1,1,MILD,MILD: warmer_than_seasonal_reference with no adverse weather dimensions,RULE_BASED_UNWEIGHTED_WEATHER_DIMENSIONS,DERIVED_FROM_PUBLIC_WEATHER,PROJECT_ASSUMPTION
2025-01-20,CA_PRAIRIE,"Calgary, AB",-3.529,0.0,0.63,33.8,0,-2.114,0.7,2.147,-1.415,-0.7,-1.517,0,0,1,0,0,0,0,0,0,0,0,0,0,0,1,1,NORMAL,NORMAL: no material adverse or mild scenario trigger,RULE_BASED_UNWEIGHTED_WEATHER_DIMENSIONS,DERIVED_FROM_PUBLIC_WEATHER,PROJECT_ASSUMPTION
2025-01-27,CA_PRAIRIE,"Calgary, AB",-4.471,0.0,1.33,24.1,0,-3.738,0.433,2.193,-0.733,-0.433,-0.863,0,0,1,0,0,0,0,0,0,0,0,0,0,0,1,1,NORMAL,NORMAL: no material adverse or mild scenario trigger,RULE_BASED_UNWEIGHTED_WEATHER_DIMENSIONS,DERIVED_FROM_PUBLIC_WEATHER,PROJECT_ASSUMPTION
2025-02-03,CA_PRAIRIE,"Calgary, AB",-19.471,0.0,3.85,14.9,0,-0.629,0.133,0.56,-18.842,-0.133,3.29,0,0,1,1,0,0,1,0,0,0,0,1,1,0,1,1,SEVERE,SEVERE: colder_than_normal | extreme_event_trigger,RULE_BASED_UNWEIGHTED_WEATHER_DIMENSIONS,DERIVED_FROM_PUBLIC_WEATHER,PROJECT_ASSUMPTION
2025-02-10,CA_PRAIRIE,"Calgary, AB",-17.686,0.0,2.45,17.7,0,-5.267,0.667,5.46,-12.419,-0.667,-3.01,0,0,1,1,0,0,1,0,0,0,0,1,1,0,1,1,SEVERE,SEVERE: colder_than_normal | extreme_event_trigger,RULE_BASED_UNWEIGHTED_WEATHER_DIMENSIONS,DERIVED_FROM_PUBLIC_WEATHER,PROJECT_ASSUMPTION
2025-02-17,CA_PRAIRIE,"Calgary, AB",-8.014,0.0,0.28,32.6,0,-10.4,0.067,4.643,2.386,-0.067,-4.363,0,0,1,0,0,0,0,0,0,0,0,0,0,1,1,1,MILD,MILD: warmer_than_seasonal_reference with no adverse weather dimensions,RULE_BASED_UNWEIGHTED_WEATHER_DIMENSIONS,DERIVED_FROM_PUBLIC_WEATHER,PROJECT_ASSUMPTION
2025-02-24,CA_PRAIRIE,"Calgary, AB",4.986,0.0,0.07,24.6,0,-8.952,0.1,6.393,13.938,-0.1,-6.323,0,0,0,0,0,0,0,0,0,0,0,0,0,1,1,1,MILD,MILD: warmer_than_seasonal_reference with no adverse weather dimensions,RULE_BASED_UNWEIGHTED_WEATHER_DIMENSIONS,DERIVED_FROM_PUBLIC_WEATHER,PROJECT_ASSUMPTION
2025-03-03,CA_PRAIRIE,"Calgary, AB",2.043,0.2,3.01,33.8,0,-10.081,0.3,1.493,12.124,-0.1,1.517,0,0,0,0,0,0,0,0,0,0,0,0,0,1,1,1,MILD,MILD: warmer_than_seasonal_reference with no adverse weather dimensions,RULE_BASED_UNWEIGHTED_WEATHER_DIMENSIONS,DERIVED_FROM_PUBLIC_WEATHER,PROJECT_ASSUMPTION
2025-03-10,CA_PRAIRIE,"Calgary, AB",-3.543,0.3,4.69,22.2,0,0.567,0.733,0.7,-4.11,-0.433,3.99,0,0,1,0,0,0,1,0,0,0,0,1,0,0,1,1,NORMAL,NORMAL: isolated adverse dimension without severe compound conditions | colder_than_normal,RULE_BASED_UNWEIGHTED_WEATHER_DIMENSIONS,DERIVED_FROM_PUBLIC_WEATHER,PROJECT_ASSUMPTION
2025-03-17,CA_PRAIRIE,"Calgary, AB",0.929,0.3,0.35,22.6,0,-1.414,0.6,5.367,2.343,-0.3,-5.017,0,0,0,0,0,0,0,0,0,0,0,0,0,1,1,1,MILD,MILD: warmer_than_seasonal_reference with no adverse weather dimensions,RULE_BASED_UNWEIGHTED_WEATHER_DIMENSIONS,DERIVED_FROM_PUBLIC_WEATHER,PROJECT_ASSUMPTION
2025-03-24,CA_PRAIRIE,"Calgary, AB",0.786,1.9,4.06,17.3,0,-1.743,1.667,3.64,2.529,0.233,0.42,0,0,0,0,0,0,0,0,0,0,0,0,0,1,1,1,MILD,MILD: warmer_than_seasonal_reference with no adverse weather dimensions,RULE_BASED_UNWEIGHTED_WEATHER_DIMENSIONS,DERIVED_FROM_PUBLIC_WEATHER,PROJECT_ASSUMPTION
2025-03-31,CA_PRAIRIE,"Calgary, AB",1.7,3.4,5.88,17.6,1,3.252,1.867,3.943,-1.552,1.533,1.937,0,0,0,0,0,0,0,0,0,0,0,0,0,0,1,1,NORMAL,NORMAL: no material adverse or mild scenario trigger,RULE_BASED_UNWEIGHTED_WEATHER_DIMENSIONS,DERIVED_FROM_PUBLIC_WEATHER,PROJECT_ASSUMPTION
2025-04-07,CA_PRAIRIE,"Calgary, AB",7.329,3.3,0.42,25.1,1,1.457,3.4,1.097,5.872,-0.1,-0.677,0,0,0,0,0,0,0,0,0,0,0,0,0,1,1,1,MILD,MILD: warmer_than_seasonal_reference with no adverse weather dimensions,RULE_BASED_UNWEIGHTED_WEATHER_DIMENSIONS,DERIVED_FROM_PUBLIC_WEATHER,PROJECT_ASSUMPTION
2025-04-14,CA_PRAIRIE,"Calgary, AB",5.886,12.6,0.49,25.3,2,2.352,2.233,4.737,3.534,10.367,-4.247,0,0,0,0,1,0,0,0,0,1,0,1,0,0,1,1,NORMAL,NORMAL: isolated adverse dimension without severe compound conditions | wet_cold_compound,RULE_BASED_UNWEIGHTED_WEATHER_DIMENSIONS,DERIVED_FROM_PUBLIC_WEATHER,PROJECT_ASSUMPTION
2025-04-21,CA_PRAIRIE,"Calgary, AB",6.271,5.8,5.46,20.6,1,8.724,3.833,0.0,-2.453,1.967,5.46,0,0,0,0,0,0,1,0,1,0,0,2,0,0,1,1,SEVERE,"SEVERE: colder_than_normal, snowier_than_normal",RULE_BASED_UNWEIGHTED_WEATHER_DIMENSIONS,DERIVED_FROM_PUBLIC_WEATHER,PROJECT_ASSUMPTION
2025-04-28,CA_PRAIRIE,"Calgary, AB",11.671,3.7,0.0,21.1,0,9.629,7.867,3.687,2.042,-4.167,-3.687,0,0,0,0,0,0,0,0,0,0,0,0,0,1,1,1,MILD,MILD: warmer_than_seasonal_reference with no adverse weather dimensions,RULE_BASED_UNWEIGHTED_WEATHER_DIMENSIONS,DERIVED_FROM_PUBLIC_WEATHER,PROJECT_ASSUMPTION
2025-05-05,CA_PRAIRIE,"Calgary, AB",13.086,0.4,0.0,24.3,0,10.357,13.567,1.447,2.729,-13.167,-1.447,0,0,0,0,0,0,0,0,0,0,0,0,0,1,1,1,MILD,MILD: warmer_than_seasonal_reference with no adverse weather dimensions,RULE_BASED_UNWEIGHTED_WEATHER_DIMENSIONS,DERIVED_FROM_PUBLIC_WEATHER,PROJECT_ASSUMPTION
2025-05-12,CA_PRAIRIE,"Calgary, AB",8.814,50.0,0.0,23.6,0,11.319,13.3,0.257,-2.505,36.7,-0.257,1,0,0,0,0,0,1,1,0,0,0,2,0,0,1,1,SEVERE,"SEVERE: colder_than_normal, wetter_than_normal",RULE_BASED_UNWEIGHTED_WEATHER_DIMENSIONS,DERIVED_FROM_PUBLIC_WEATHER,PROJECT_ASSUMPTION
2025-05-19,CA_PRAIRIE,"Calgary, AB",10.729,10.8,0.0,20.1,0,12.053,13.433,0.023,-1.324,-2.633,-0.023,0,0,0,0,0,0,0,0,0,0,0,0,0,0,1,1,NORMAL,NORMAL: no material adverse or mild scenario trigger,RULE_BASED_UNWEIGHTED_WEATHER_DIMENSIONS,DERIVED_FROM_PUBLIC_WEATHER,PROJECT_ASSUMPTION
2025-05-26,CA_PRAIRIE,"Calgary, AB",18.3,3.4,0.0,31.0,0,13.91,12.9,0.0,4.39,-9.5,0.0,0,0,0,0,0,0,0,0,0,0,0,0,0,1,1,1,MILD,MILD: warmer_than_seasonal_reference with no adverse weather dimensions,RULE_BASED_UNWEIGHTED_WEATHER_DIMENSIONS,DERIVED_FROM_PUBLIC_WEATHER,PROJECT_ASSUMPTION
2025-06-02,CA_PRAIRIE,"Calgary, AB",14.886,3.2,0.0,21.2,0,15.419,12.067,0.0,-0.533,-8.867,0.0,0,0,0,0,0,0,0,0,0,0,0,0,0,0,1,1,NORMAL,NORMAL: no material adverse or mild scenario trigger,RULE_BASED_UNWEIGHTED_WEATHER_DIMENSIONS,DERIVED_FROM_PUBLIC_WEATHER,PROJECT_ASSUMPTION
2025-06-09,CA_PRAIRIE,"Calgary, AB",16.9,5.1,0.0,20.2,0,13.991,63.4,0.0,2.909,-58.3,0.0,0,0,0,0,0,0,0,0,0,0,0,0,0,1,1,1,MILD,MILD: warmer_than_seasonal_reference with no adverse weather dimensions,RULE_BASED_UNWEIGHTED_WEATHER_DIMENSIONS,DERIVED_FROM_PUBLIC_WEATHER,PROJECT_ASSUMPTION
2025-06-16,CA_PRAIRIE,"Calgary, AB",14.057,81.9,0.0,31.7,0,12.666,20.4,0.0,1.391,61.5,0.0,1,0,0,0,0,0,0,1,0,0,0,1,0,0,1,1,NORMAL,NORMAL: isolated adverse dimension without severe compound conditions | wetter_than_normal,RULE_BASED_UNWEIGHTED_WEATHER_DIMENSIONS,DERIVED_FROM_PUBLIC_WEATHER,PROJECT_ASSUMPTION
2025-06-23,CA_PRAIRIE,"Calgary, AB",15.1,6.4,0.0,15.5,0,15.71,22.267,0.0,-0.61,-15.867,0.0,0,0,0,0,0,0,0,0,0,0,0,0,0,0,1,1,NORMAL,NORMAL: no material adverse or mild scenario trigger,RULE_BASED_UNWEIGHTED_WEATHER_DIMENSIONS,DERIVED_FROM_PUBLIC_WEATHER,PROJECT_ASSUMPTION
2025-06-30,CA_PRAIRIE,"Calgary, AB",17.371,7.9,0.0,20.9,0,16.754,15.725,0.0,0.617,-7.825,0.0,0,0,0,0,0,0,0,0,0,0,0,0,0,0,1,1,NORMAL,NORMAL: no material adverse or mild scenario trigger,RULE_BASED_UNWEIGHTED_WEATHER_DIMENSIONS,DERIVED_FROM_PUBLIC_WEATHER,PROJECT_ASSUMPTION
2025-07-07,CA_PRAIRIE,"Calgary, AB",18.857,4.6,0.0,22.9,0,19.304,6.875,0.0,-0.447,-2.275,0.0,0,0,0,0,0,0,0,0,0,0,0,0,0,0,1,1,NORMAL,NORMAL: no material adverse or mild scenario trigger,RULE_BASED_UNWEIGHTED_WEATHER_DIMENSIONS,DERIVED_FROM_PUBLIC_WEATHER,PROJECT_ASSUMPTION
2025-07-14,CA_PRAIRIE,"Calgary, AB",13.543,82.5,0.0,18.8,0,19.397,8.45,0.0,-5.854,74.05,0.0,1,0,0,0,0,0,1,1,0,0,0,2,0,0,1,1,SEVERE,"SEVERE: colder_than_normal, wetter_than_normal",RULE_BASED_UNWEIGHTED_WEATHER_DIMENSIONS,DERIVED_FROM_PUBLIC_WEATHER,PROJECT_ASSUMPTION
2025-07-21,CA_PRAIRIE,"Calgary, AB",13.957,44.2,0.0,20.4,0,19.7,6.6,0.0,-5.743,37.6,0.0,0,0,0,0,0,0,1,1,0,0,0,2,0,0,1,1,SEVERE,"SEVERE: colder_than_normal, wetter_than_normal",RULE_BASED_UNWEIGHTED_WEATHER_DIMENSIONS,DERIVED_FROM_PUBLIC_WEATHER,PROJECT_ASSUMPTION
2025-07-28,CA_PRAIRIE,"Calgary, AB",17.7,15.8,0.0,19.1,0,19.046,7.95,0.0,-1.347,7.85,0.0,0,0,0,0,0,0,0,0,0,0,0,0,0,0,1,1,NORMAL,NORMAL: no material adverse or mild scenario trigger,RULE_BASED_UNWEIGHTED_WEATHER_DIMENSIONS,DERIVED_FROM_PUBLIC_WEATHER,PROJECT_ASSUMPTION
2025-08-04,CA_PRAIRIE,"Calgary, AB",16.657,23.5,0.0,22.6,0,18.546,8.375,0.0,-1.89,15.125,0.0,0,0,0,0,0,0,0,0,0,0,0,0,0,0,1,1,NORMAL,NORMAL: no material adverse or mild scenario trigger,RULE_BASED_UNWEIGHTED_WEATHER_DIMENSIONS,DERIVED_FROM_PUBLIC_WEATHER,PROJECT_ASSUMPTION
2025-08-11,CA_PRAIRIE,"Calgary, AB",16.829,3.1,0.0,21.5,0,17.068,22.225,0.0,-0.239,-19.125,0.0,0,0,0,0,0,0,0,0,0,0,0,0,0,0,1,1,NORMAL,NORMAL: no material adverse or mild scenario trigger,RULE_BASED_UNWEIGHTED_WEATHER_DIMENSIONS,DERIVED_FROM_PUBLIC_WEATHER,PROJECT_ASSUMPTION
2025-08-18,CA_PRAIRIE,"Calgary, AB",15.857,3.4,0.0,17.9,0,15.625,13.775,0.0,0.232,-10.375,0.0,0,0,0,0,0,0,0,0,0,0,0,0,0,0,1,1,NORMAL,NORMAL: no material adverse or mild scenario trigger,RULE_BASED_UNWEIGHTED_WEATHER_DIMENSIONS,DERIVED_FROM_PUBLIC_WEATHER,PROJECT_ASSUMPTION
2025-08-25,CA_PRAIRIE,"Calgary, AB",18.929,1.1,0.0,18.9,0,16.864,13.4,0.0,2.064,-12.3,0.0,0,0,0,0,0,0,0,0,0,0,0,0,0,1,1,1,MILD,MILD: warmer_than_seasonal_reference with no adverse weather dimensions,RULE_BASED_UNWEIGHTED_WEATHER_DIMENSIONS,DERIVED_FROM_PUBLIC_WEATHER,PROJECT_ASSUMPTION
2025-09-01,CA_PRAIRIE,"Calgary, AB",15.771,2.8,0.0,18.2,0,14.946,6.925,0.0,0.825,-4.125,0.0,0,0,0,0,0,0,0,0,0,0,0,0,0,0,1,1,NORMAL,NORMAL: no material adverse or mild scenario trigger,RULE_BASED_UNWEIGHTED_WEATHER_DIMENSIONS,DERIVED_FROM_PUBLIC_WEATHER,PROJECT_ASSUMPTION
2025-09-08,CA_PRAIRIE,"Calgary, AB",16.214,3.2,0.0,13.8,0,12.811,8.5,0.052,3.403,-5.3,-0.052,0,0,0,0,0,0,0,0,0,0,0,0,0,1,1,1,MILD,MILD: warmer_than_seasonal_reference with no adverse weather dimensions,RULE_BASED_UNWEIGHTED_WEATHER_DIMENSIONS,DERIVED_FROM_PUBLIC_WEATHER,PROJECT_ASSUMPTION
2025-09-15,CA_PRAIRIE,"Calgary, AB",15.771,2.9,0.0,22.5,0,11.371,3.875,0.0,4.4,-0.975,0.0,0,0,0,0,0,0,0,0,0,0,0,0,0,1,1,1,MILD,MILD: warmer_than_seasonal_reference with no adverse weather dimensions,RULE_BASED_UNWEIGHTED_WEATHER_DIMENSIONS,DERIVED_FROM_PUBLIC_WEATHER,PROJECT_ASSUMPTION
2025-09-22,CA_PRAIRIE,"Calgary, AB",13.286,1.1,0.0,24.7,0,12.354,4.15,0.0,0.932,-3.05,0.0,0,0,0,0,0,0,0,0,0,0,0,0,0,0,1,1,NORMAL,NORMAL: no material adverse or mild scenario trigger,RULE_BASED_UNWEIGHTED_WEATHER_DIMENSIONS,DERIVED_FROM_PUBLIC_WEATHER,PROJECT_ASSUMPTION
2025-09-29,CA_PRAIRIE,"Calgary, AB",10.871,6.2,0.0,23.6,0,8.914,1.975,0.052,1.957,4.225,-0.052,0,0,0,0,0,0,0,0,0,0,0,0,0,0,1,1,NORMAL,NORMAL: no material adverse or mild scenario trigger,RULE_BASED_UNWEIGHTED_WEATHER_DIMENSIONS,DERIVED_FROM_PUBLIC_WEATHER,PROJECT_ASSUMPTION
2025-10-06,CA_PRAIRIE,"Calgary, AB",7.357,3.8,2.59,27.3,0,7.578,4.1,0.035,-0.221,-0.3,2.555,0,0,0,0,0,0,0,0,0,0,0,0,0,0,1,1,NORMAL,NORMAL: no material adverse or mild scenario trigger,RULE_BASED_UNWEIGHTED_WEATHER_DIMENSIONS,DERIVED_FROM_PUBLIC_WEATHER,PROJECT_ASSUMPTION
2025-10-13,CA_PRAIRIE,"Calgary, AB",3.543,2.1,0.0,23.4,0,7.393,8.9,1.698,-3.85,-6.8,-1.698,0,0,0,0,0,0,1,0,0,0,0,1,0,0,1,1,NORMAL,NORMAL: isolated adverse dimension without severe compound conditions | colder_than_normal,RULE_BASED_UNWEIGHTED_WEATHER_DIMENSIONS,DERIVED_FROM_PUBLIC_WEATHER,PROJECT_ASSUMPTION
2025-10-20,CA_PRAIRIE,"Calgary, AB",7.614,1.4,0.0,28.3,0,0.107,0.825,5.337,7.507,0.575,-5.337,0,0,0,0,0,0,0,0,0,0,0,0,0,1,1,1,MILD,MILD: warmer_than_seasonal_reference with no adverse weather dimensions,RULE_BASED_UNWEIGHTED_WEATHER_DIMENSIONS,DERIVED_FROM_PUBLIC_WEATHER,PROJECT_ASSUMPTION
2025-10-27,CA_PRAIRIE,"Calgary, AB",4.7,1.4,0.0,29.9,0,0.089,0.15,4.62,4.611,1.25,-4.62,0,0,0,0,0,0,0,0,0,0,0,0,0,1,1,1,MILD,MILD: warmer_than_seasonal_reference with no adverse weather dimensions,RULE_BASED_UNWEIGHTED_WEATHER_DIMENSIONS,DERIVED_FROM_PUBLIC_WEATHER,PROJECT_ASSUMPTION
2025-11-03,CA_PRAIRIE,"Calgary, AB",2.4,1.5,3.36,17.6,1,-1.768,0.9,2.398,4.168,0.6,0.962,0,0,0,0,0,0,0,0,0,0,0,0,0,1,1,1,MILD,MILD: warmer_than_seasonal_reference with no adverse weather dimensions,RULE_BASED_UNWEIGHTED_WEATHER_DIMENSIONS,DERIVED_FROM_PUBLIC_WEATHER,PROJECT_ASSUMPTION
2025-11-10,CA_PRAIRIE,"Calgary, AB",4.329,0.1,0.77,34.8,0,-0.503,0.45,2.362,4.832,-0.35,-1.592,0,0,0,0,0,0,0,0,0,0,0,0,0,1,1,1,MILD,MILD: warmer_than_seasonal_reference with no adverse weather dimensions,RULE_BASED_UNWEIGHTED_WEATHER_DIMENSIONS,DERIVED_FROM_PUBLIC_WEATHER,PROJECT_ASSUMPTION
2025-11-17,CA_PRAIRIE,"Calgary, AB",1.371,2.1,2.31,22.2,1,-1.925,0.2,7.962,3.296,1.9,-5.652,0,0,0,0,0,0,0,0,0,0,0,0,0,1,1,1,MILD,MILD: warmer_than_seasonal_reference with no adverse weather dimensions,RULE_BASED_UNWEIGHTED_WEATHER_DIMENSIONS,DERIVED_FROM_PUBLIC_WEATHER,PROJECT_ASSUMPTION
2025-11-24,CA_PRAIRIE,"Calgary, AB",-12.057,0.0,9.66,17.9,0,-9.054,0.375,2.572,-3.004,-0.375,7.088,0,0,1,1,0,0,1,0,1,0,0,2,1,0,1,1,SEVERE,"SEVERE: colder_than_normal, snowier_than_normal | extreme_event_trigger",RULE_BASED_UNWEIGHTED_WEATHER_DIMENSIONS,DERIVED_FROM_PUBLIC_WEATHER,PROJECT_ASSUMPTION
2025-12-01,CA_PRAIRIE,"Calgary, AB",-5.029,0.3,4.34,19.3,0,-4.179,0.325,4.008,-0.85,-0.025,0.332,0,0,1,0,0,0,0,0,0,0,0,0,0,0,1,1,NORMAL,NORMAL: no material adverse or mild scenario trigger,RULE_BASED_UNWEIGHTED_WEATHER_DIMENSIONS,DERIVED_FROM_PUBLIC_WEATHER,PROJECT_ASSUMPTION
2025-12-08,CA_PRAIRIE,"Calgary, AB",-6.986,0.7,6.51,23.2,0,-7.782,0.025,3.01,0.796,0.675,3.5,0,0,1,0,0,0,0,0,0,0,0,0,0,0,1,1,NORMAL,NORMAL: no material adverse or mild scenario trigger,RULE_BASED_UNWEIGHTED_WEATHER_DIMENSIONS,DERIVED_FROM_PUBLIC_WEATHER,PROJECT_ASSUMPTION
2025-12-15,CA_PRAIRIE,"Calgary, AB",-7.057,0.7,4.83,36.2,0,-11.771,0.75,1.925,4.714,-0.05,2.905,0,0,1,0,0,0,0,0,0,0,0,0,0,1,1,1,MILD,MILD: warmer_than_seasonal_reference with no adverse weather dimensions,RULE_BASED_UNWEIGHTED_WEATHER_DIMENSIONS,DERIVED_FROM_PUBLIC_WEATHER,PROJECT_ASSUMPTION
2025-12-22,CA_PRAIRIE,"Calgary, AB",-16.414,0.0,5.88,23.1,0,-6.389,0.7,1.26,-10.025,-0.7,4.62,0,0,1,1,0,0,1,0,0,0,0,1,1,0,1,1,SEVERE,SEVERE: colder_than_normal | extreme_event_trigger,RULE_BASED_UNWEIGHTED_WEATHER_DIMENSIONS,DERIVED_FROM_PUBLIC_WEATHER,PROJECT_ASSUMPTION
2025-12-29,CA_PRAIRIE,"Calgary, AB",-4.229,0.2,0.14,18.6,0,-11.596,0.225,3.098,7.367,-0.025,-2.958,0,0,1,0,0,0,0,0,0,0,0,0,0,1,1,1,MILD,MILD: warmer_than_seasonal_reference with no adverse weather dimensions,RULE_BASED_UNWEIGHTED_WEATHER_DIMENSIONS,DERIVED_FROM_PUBLIC_WEATHER,PROJECT_ASSUMPTION
2026-01-05,CA_PRAIRIE,"Calgary, AB",-3.1,0.0,0.07,24.8,0,-7.254,0.325,1.243,4.153,-0.325,-1.172,0,0,1,0,0,0,0,0,0,0,0,0,0,1,1,1,MILD,MILD: warmer_than_seasonal_reference with no adverse weather dimensions,RULE_BASED_UNWEIGHTED_WEATHER_DIMENSIONS,DERIVED_FROM_PUBLIC_WEATHER,PROJECT_ASSUMPTION
2026-01-12,CA_PRAIRIE,"Calgary, AB",3.157,0.0,0.0,31.4,0,-6.56,0.15,2.258,9.718,-0.15,-2.258,0,0,0,0,0,0,0,0,0,0,0,0,0,1,1,1,MILD,MILD: warmer_than_seasonal_reference with no adverse weather dimensions,RULE_BASED_UNWEIGHTED_WEATHER_DIMENSIONS,DERIVED_FROM_PUBLIC_WEATHER,PROJECT_ASSUMPTION
2026-01-19,CA_PRAIRIE,"Calgary, AB",-7.986,0.0,4.48,26.5,0,-2.468,0.525,1.767,-5.518,-0.525,2.713,0,0,1,0,0,0,1,0,0,0,0,1,0,0,1,1,NORMAL,NORMAL: isolated adverse dimension without severe compound conditions | colder_than_normal,RULE_BASED_UNWEIGHTED_WEATHER_DIMENSIONS,DERIVED_FROM_PUBLIC_WEATHER,PROJECT_ASSUMPTION
2026-01-26,CA_PRAIRIE,"Calgary, AB",0.2,0.0,0.0,20.5,0,-3.922,0.325,1.978,4.122,-0.325,-1.978,0,0,0,0,0,0,0,0,0,0,0,0,0,1,1,1,MILD,MILD: warmer_than_seasonal_reference with no adverse weather dimensions,RULE_BASED_UNWEIGHTED_WEATHER_DIMENSIONS,DERIVED_FROM_PUBLIC_WEATHER,PROJECT_ASSUMPTION
2026-02-02,CA_PRAIRIE,"Calgary, AB",6.443,0.3,0.0,27.7,0,-5.339,0.1,1.382,11.782,0.2,-1.382,0,0,0,0,0,0,0,0,0,0,0,0,0,1,1,1,MILD,MILD: warmer_than_seasonal_reference with no adverse weather dimensions,RULE_BASED_UNWEIGHTED_WEATHER_DIMENSIONS,DERIVED_FROM_PUBLIC_WEATHER,PROJECT_ASSUMPTION
2026-02-09,CA_PRAIRIE,"Calgary, AB",1.329,0.3,0.0,17.5,0,-8.372,0.5,4.708,9.7,-0.2,-4.708,0,0,0,0,0,0,0,0,0,0,0,0,0,1,1,1,MILD,MILD: warmer_than_seasonal_reference with no adverse weather dimensions,RULE_BASED_UNWEIGHTED_WEATHER_DIMENSIONS,DERIVED_FROM_PUBLIC_WEATHER,PROJECT_ASSUMPTION
2026-02-16,CA_PRAIRIE,"Calgary, AB",-15.257,0.0,8.82,28.4,0,-9.803,0.05,3.552,-5.454,-0.05,5.268,0,0,1,1,0,0,1,0,1,0,0,2,1,0,1,1,SEVERE,"SEVERE: colder_than_normal, snowier_than_normal | extreme_event_trigger",RULE_BASED_UNWEIGHTED_WEATHER_DIMENSIONS,DERIVED_FROM_PUBLIC_WEATHER,PROJECT_ASSUMPTION
2026-02-23,CA_PRAIRIE,"Calgary, AB",-4.657,0.4,5.04,22.7,0,-5.468,0.075,4.812,0.811,0.325,0.228,0,0,1,0,0,0,0,0,0,0,0,0,0,0,1,1,NORMAL,NORMAL: no material adverse or mild scenario trigger,RULE_BASED_UNWEIGHTED_WEATHER_DIMENSIONS,DERIVED_FROM_PUBLIC_WEATHER,PROJECT_ASSUMPTION
2026-03-02,CA_PRAIRIE,"Calgary, AB",1.357,2.1,4.41,31.2,1,-7.05,0.275,1.872,8.407,1.825,2.538,0,0,0,0,0,0,0,0,0,0,0,0,0,1,1,1,MILD,MILD: warmer_than_seasonal_reference with no adverse weather dimensions,RULE_BASED_UNWEIGHTED_WEATHER_DIMENSIONS,DERIVED_FROM_PUBLIC_WEATHER,PROJECT_ASSUMPTION
2026-03-09,CA_PRAIRIE,"Calgary, AB",-6.614,0.0,6.16,22.9,0,-0.461,0.625,1.698,-6.153,-0.625,4.462,0,0,1,0,0,0,1,0,0,0,0,1,0,0,1,1,NORMAL,NORMAL: isolated adverse dimension without severe compound conditions | colder_than_normal,RULE_BASED_UNWEIGHTED_WEATHER_DIMENSIONS,DERIVED_FROM_PUBLIC_WEATHER,PROJECT_ASSUMPTION
2026-03-16,CA_PRAIRIE,"Calgary, AB",6.086,1.1,1.12,30.2,0,-0.828,0.525,4.112,6.914,0.575,-2.992,0,0,0,0,0,0,0,0,0,0,0,0,0,1,1,1,MILD,MILD: warmer_than_seasonal_reference with no adverse weather dimensions,RULE_BASED_UNWEIGHTED_WEATHER_DIMENSIONS,DERIVED_FROM_PUBLIC_WEATHER,PROJECT_ASSUMPTION
2026-03-23,CA_PRAIRIE,"Calgary, AB",-4.414,0.8,5.74,23.4,0,-1.111,1.725,3.745,-3.303,-0.925,1.995,0,0,1,0,0,0,1,0,0,0,0,1,0,0,1,1,NORMAL,NORMAL: isolated adverse dimension without severe compound conditions | colder_than_normal,RULE_BASED_UNWEIGHTED_WEATHER_DIMENSIONS,DERIVED_FROM_PUBLIC_WEATHER,PROJECT_ASSUMPTION
2026-03-30,CA_PRAIRIE,"Calgary, AB",-2.229,0.0,14.91,15.2,0,2.864,2.25,4.428,-5.093,-2.25,10.482,0,0,1,0,0,0,1,0,1,0,0,2,0,0,1,1,SEVERE,"SEVERE: colder_than_normal, snowier_than_normal",RULE_BASED_UNWEIGHTED_WEATHER_DIMENSIONS,DERIVED_FROM_PUBLIC_WEATHER,PROJECT_ASSUMPTION
2026-04-06,CA_PRAIRIE,"Calgary, AB",2.386,0.6,4.83,28.1,0,2.925,3.375,0.928,-0.539,-2.775,3.902,0,0,0,0,0,0,0,0,0,0,0,0,0,0,1,1,NORMAL,NORMAL: no material adverse or mild scenario trigger,RULE_BASED_UNWEIGHTED_WEATHER_DIMENSIONS,DERIVED_FROM_PUBLIC_WEATHER,PROJECT_ASSUMPTION
2026-04-13,CA_PRAIRIE,"Calgary, AB",2.471,1.1,12.46,24.0,1,3.236,4.825,3.675,-0.765,-3.725,8.785,0,0,0,0,0,0,0,0,1,0,0,1,0,0,1,1,NORMAL,NORMAL: isolated adverse dimension without severe compound conditions | snowier_than_normal,RULE_BASED_UNWEIGHTED_WEATHER_DIMENSIONS,DERIVED_FROM_PUBLIC_WEATHER,PROJECT_ASSUMPTION
2026-04-20,CA_PRAIRIE,"Calgary, AB",4.757,2.2,5.74,42.3,0,8.111,4.325,1.365,-3.354,-2.125,4.375,0,0,0,0,0,0,1,0,0,0,0,1,0,0,1,1,NORMAL,NORMAL: isolated adverse dimension without severe compound conditions | colder_than_normal,RULE_BASED_UNWEIGHTED_WEATHER_DIMENSIONS,DERIVED_FROM_PUBLIC_WEATHER,PROJECT_ASSUMPTION
2026-04-27,CA_PRAIRIE,"Calgary, AB",9.957,1.3,0.0,23.0,0,10.139,6.825,2.765,-0.182,-5.525,-2.765,0,0,0,0,0,0,0,0,0,0,0,0,0,0,1,1,NORMAL,NORMAL: no material adverse or mild scenario trigger,RULE_BASED_UNWEIGHTED_WEATHER_DIMENSIONS,DERIVED_FROM_PUBLIC_WEATHER,PROJECT_ASSUMPTION
2026-05-04,CA_PRAIRIE,"Calgary, AB",12.586,1.6,0.0,25.1,0,11.04,10.275,1.085,1.546,-8.675,-1.085,0,0,0,0,0,0,0,0,0,0,0,0,0,0,1,1,NORMAL,NORMAL: no material adverse or mild scenario trigger,RULE_BASED_UNWEIGHTED_WEATHER_DIMENSIONS,DERIVED_FROM_PUBLIC_WEATHER,PROJECT_ASSUMPTION
2026-05-11,CA_PRAIRIE,"Calgary, AB",10.857,14.1,4.2,31.1,1,10.693,22.475,0.192,0.164,-8.375,4.008,0,0,0,0,0,0,0,0,0,0,0,0,0,0,1,1,NORMAL,NORMAL: no material adverse or mild scenario trigger,RULE_BASED_UNWEIGHTED_WEATHER_DIMENSIONS,DERIVED_FROM_PUBLIC_WEATHER,PROJECT_ASSUMPTION
2026-05-18,CA_PRAIRIE,"Calgary, AB",11.429,6.1,0.0,20.6,0,11.722,12.775,0.018,-0.293,-6.675,-0.018,0,0,0,0,0,0,0,0,0,0,0,0,0,0,1,1,NORMAL,NORMAL: no material adverse or mild scenario trigger,RULE_BASED_UNWEIGHTED_WEATHER_DIMENSIONS,DERIVED_FROM_PUBLIC_WEATHER,PROJECT_ASSUMPTION
2026-05-25,CA_PRAIRIE,"Calgary, AB",17.3,43.6,0.0,33.6,0,15.007,10.525,0.0,2.293,33.075,0.0,0,0,0,0,0,0,0,1,0,0,0,1,0,0,1,1,NORMAL,NORMAL: isolated adverse dimension without severe compound conditions | wetter_than_normal,RULE_BASED_UNWEIGHTED_WEATHER_DIMENSIONS,DERIVED_FROM_PUBLIC_WEATHER,PROJECT_ASSUMPTION
2026-06-01,CA_PRAIRIE,"Calgary, AB",10.843,56.5,0.0,31.7,0,15.286,9.85,0.0,-4.443,46.65,0.0,1,0,0,0,0,0,1,1,0,0,0,2,0,0,1,1,SEVERE,"SEVERE: colder_than_normal, wetter_than_normal",RULE_BASED_UNWEIGHTED_WEATHER_DIMENSIONS,DERIVED_FROM_PUBLIC_WEATHER,PROJECT_ASSUMPTION
2026-06-08,CA_PRAIRIE,"Calgary, AB",12.886,20.2,0.0,26.3,0,14.718,48.825,0.0,-1.832,-28.625,0.0,0,0,0,0,0,0,0,0,0,0,0,0,0,0,1,1,NORMAL,NORMAL: no material adverse or mild scenario trigger,RULE_BASED_UNWEIGHTED_WEATHER_DIMENSIONS,DERIVED_FROM_PUBLIC_WEATHER,PROJECT_ASSUMPTION
2026-06-15,CA_PRAIRIE,"Calgary, AB",13.843,16.6,0.0,31.5,0,13.014,35.775,0.0,0.829,-19.175,0.0,0,0,0,0,0,0,0,0,0,0,0,0,0,0,1,1,NORMAL,NORMAL: no material adverse or mild scenario trigger,RULE_BASED_UNWEIGHTED_WEATHER_DIMENSIONS,DERIVED_FROM_PUBLIC_WEATHER,PROJECT_ASSUMPTION
2026-06-22,CA_PRAIRIE,"Calgary, AB",14.743,40.6,0.0,32.2,0,15.557,18.3,0.0,-0.814,22.3,0.0,0,0,0,0,0,0,0,1,0,0,0,1,0,0,1,1,NORMAL,NORMAL: isolated adverse dimension without severe compound conditions | wetter_than_normal,RULE_BASED_UNWEIGHTED_WEATHER_DIMENSIONS,DERIVED_FROM_PUBLIC_WEATHER,PROJECT_ASSUMPTION
2021-07-05,CA_QC,"Montreal, QC",19.229,21.0,0.0,24.2,0,,,,,,,0,0,0,0,0,0,0,0,0,0,0,0,0,0,0,0,REFERENCE_UNAVAILABLE,No prior-year seasonal weather reference available,RULE_BASED_UNWEIGHTED_WEATHER_DIMENSIONS,DERIVED_FROM_PUBLIC_WEATHER,PROJECT_ASSUMPTION
2021-07-12,CA_QC,"Montreal, QC",22.329,20.4,0.0,21.4,0,,,,,,,0,0,0,0,0,0,0,0,0,0,0,0,0,0,0,0,REFERENCE_UNAVAILABLE,No prior-year seasonal weather reference available,RULE_BASED_UNWEIGHTED_WEATHER_DIMENSIONS,DERIVED_FROM_PUBLIC_WEATHER,PROJECT_ASSUMPTION
2021-07-19,CA_QC,"Montreal, QC",20.7,34.9,0.0,27.2,0,,,,,,,0,0,0,0,0,0,0,0,0,0,0,0,0,0,0,0,REFERENCE_UNAVAILABLE,No prior-year seasonal weather reference available,RULE_BASED_UNWEIGHTED_WEATHER_DIMENSIONS,DERIVED_FROM_PUBLIC_WEATHER,PROJECT_ASSUMPTION
2021-07-26,CA_QC,"Montreal, QC",17.814,22.0,0.0,26.2,0,,,,,,,0,0,0,0,0,0,0,0,0,0,0,0,0,0,0,0,REFERENCE_UNAVAILABLE,No prior-year seasonal weather reference available,RULE_BASED_UNWEIGHTED_WEATHER_DIMENSIONS,DERIVED_FROM_PUBLIC_WEATHER,PROJECT_ASSUMPTION
2021-08-02,CA_QC,"Montreal, QC",21.271,1.6,0.0,22.5,0,,,,,,,0,0,0,0,0,0,0,0,0,0,0,0,0,0,0,0,REFERENCE_UNAVAILABLE,No prior-year seasonal weather reference available,RULE_BASED_UNWEIGHTED_WEATHER_DIMENSIONS,DERIVED_FROM_PUBLIC_WEATHER,PROJECT_ASSUMPTION
2021-08-09,CA_QC,"Montreal, QC",24.114,10.0,0.0,23.9,0,,,,,,,0,0,0,0,0,0,0,0,0,0,0,0,0,0,0,0,REFERENCE_UNAVAILABLE,No prior-year seasonal weather reference available,RULE_BASED_UNWEIGHTED_WEATHER_DIMENSIONS,DERIVED_FROM_PUBLIC_WEATHER,PROJECT_ASSUMPTION
2021-08-16,CA_QC,"Montreal, QC",23.414,3.1,0.0,16.5,0,,,,,,,0,0,0,0,0,0,0,0,0,0,0,0,0,0,0,0,REFERENCE_UNAVAILABLE,No prior-year seasonal weather reference available,RULE_BASED_UNWEIGHTED_WEATHER_DIMENSIONS,DERIVED_FROM_PUBLIC_WEATHER,PROJECT_ASSUMPTION
2021-08-23,CA_QC,"Montreal, QC",22.929,15.6,0.0,21.0,0,,,,,,,0,0,0,0,0,0,0,0,0,0,0,0,0,0,0,0,REFERENCE_UNAVAILABLE,No prior-year seasonal weather reference available,RULE_BASED_UNWEIGHTED_WEATHER_DIMENSIONS,DERIVED_FROM_PUBLIC_WEATHER,PROJECT_ASSUMPTION
2021-08-30,CA_QC,"Montreal, QC",18.657,15.9,0.0,24.0,0,,,,,,,0,0,0,0,0,0,0,0,0,0,0,0,0,0,0,0,REFERENCE_UNAVAILABLE,No prior-year seasonal weather reference available,RULE_BASED_UNWEIGHTED_WEATHER_DIMENSIONS,DERIVED_FROM_PUBLIC_WEATHER,PROJECT_ASSUMPTION
2021-09-06,CA_QC,"Montreal, QC",17.529,21.6,0.0,25.3,0,,,,,,,0,0,0,0,0,0,0,0,0,0,0,0,0,0,0,0,REFERENCE_UNAVAILABLE,No prior-year seasonal weather reference available,RULE_BASED_UNWEIGHTED_WEATHER_DIMENSIONS,DERIVED_FROM_PUBLIC_WEATHER,PROJECT_ASSUMPTION
2021-09-13,CA_QC,"Montreal, QC",16.729,15.5,0.0,25.2,0,,,,,,,0,0,0,0,0,0,0,0,0,0,0,0,0,0,0,0,REFERENCE_UNAVAILABLE,No prior-year seasonal weather reference available,RULE_BASED_UNWEIGHTED_WEATHER_DIMENSIONS,DERIVED_FROM_PUBLIC_WEATHER,PROJECT_ASSUMPTION
2021-09-20,CA_QC,"Montreal, QC",17.814,35.6,0.0,26.1,0,,,,,,,0,0,0,0,0,0,0,0,0,0,0,0,0,0,0,0,REFERENCE_UNAVAILABLE,No prior-year seasonal weather reference available,RULE_BASED_UNWEIGHTED_WEATHER_DIMENSIONS,DERIVED_FROM_PUBLIC_WEATHER,PROJECT_ASSUMPTION
2021-09-27,CA_QC,"Montreal, QC",11.486,20.8,0.0,18.7,0,,,,,,,0,0,0,0,0,0,0,0,0,0,0,0,0,0,0,0,REFERENCE_UNAVAILABLE,No prior-year seasonal weather reference available,RULE_BASED_UNWEIGHTED_WEATHER_DIMENSIONS,DERIVED_FROM_PUBLIC_WEATHER,PROJECT_ASSUMPTION
2021-10-04,CA_QC,"Montreal, QC",13.043,6.0,0.0,17.6,0,,,,,,,0,0,0,0,0,0,0,0,0,0,0,0,0,0,0,0,REFERENCE_UNAVAILABLE,No prior-year seasonal weather reference available,RULE_BASED_UNWEIGHTED_WEATHER_DIMENSIONS,DERIVED_FROM_PUBLIC_WEATHER,PROJECT_ASSUMPTION
2021-10-11,CA_QC,"Montreal, QC",15.886,24.5,0.0,28.3,0,,,,,,,0,0,0,0,0,0,0,0,0,0,0,0,0,0,0,0,REFERENCE_UNAVAILABLE,No prior-year seasonal weather reference available,RULE_BASED_UNWEIGHTED_WEATHER_DIMENSIONS,DERIVED_FROM_PUBLIC_WEATHER,PROJECT_ASSUMPTION
2021-10-18,CA_QC,"Montreal, QC",8.4,20.6,0.0,25.2,0,,,,,,,0,0,0,0,0,0,0,0,0,0,0,0,0,0,0,0,REFERENCE_UNAVAILABLE,No prior-year seasonal weather reference available,RULE_BASED_UNWEIGHTED_WEATHER_DIMENSIONS,DERIVED_FROM_PUBLIC_WEATHER,PROJECT_ASSUMPTION
2021-10-25,CA_QC,"Montreal, QC",7.343,52.3,0.0,26.3,0,,,,,,,1,0,0,0,0,0,0,1,0,0,0,1,0,0,0,0,REFERENCE_UNAVAILABLE,No prior-year seasonal weather reference available,RULE_BASED_UNWEIGHTED_WEATHER_DIMENSIONS,DERIVED_FROM_PUBLIC_WEATHER,PROJECT_ASSUMPTION
2021-11-01,CA_QC,"Montreal, QC",3.714,1.5,0.0,32.0,1,,,,,,,0,0,0,0,0,0,0,0,0,0,0,0,0,0,0,0,REFERENCE_UNAVAILABLE,No prior-year seasonal weather reference available,RULE_BASED_UNWEIGHTED_WEATHER_DIMENSIONS,DERIVED_FROM_PUBLIC_WEATHER,PROJECT_ASSUMPTION
2021-11-08,CA_QC,"Montreal, QC",6.1,29.6,0.0,26.0,2,,,,,,,0,0,0,0,1,0,0,0,0,1,0,1,0,0,0,0,REFERENCE_UNAVAILABLE,No prior-year seasonal weather reference available,RULE_BASED_UNWEIGHTED_WEATHER_DIMENSIONS,DERIVED_FROM_PUBLIC_WEATHER,PROJECT_ASSUMPTION
2021-11-15,CA_QC,"Montreal, QC",2.014,27.8,1.33,26.9,3,,,,,,,0,0,0,0,1,0,0,0,0,1,0,1,0,0,0,0,REFERENCE_UNAVAILABLE,No prior-year seasonal weather reference available,RULE_BASED_UNWEIGHTED_WEATHER_DIMENSIONS,DERIVED_FROM_PUBLIC_WEATHER,PROJECT_ASSUMPTION
2021-11-22,CA_QC,"Montreal, QC",-1.943,8.6,5.67,29.2,2,,,,,,,0,0,1,0,1,0,0,0,0,1,0,1,0,0,0,0,REFERENCE_UNAVAILABLE,No prior-year seasonal weather reference available,RULE_BASED_UNWEIGHTED_WEATHER_DIMENSIONS,DERIVED_FROM_PUBLIC_WEATHER,PROJECT_ASSUMPTION
2021-11-29,CA_QC,"Montreal, QC",-3.857,6.0,2.59,28.3,1,,,,,,,0,0,1,0,0,0,0,0,0,0,0,0,0,0,0,0,REFERENCE_UNAVAILABLE,No prior-year seasonal weather reference available,RULE_BASED_UNWEIGHTED_WEATHER_DIMENSIONS,DERIVED_FROM_PUBLIC_WEATHER,PROJECT_ASSUMPTION
2021-12-06,CA_QC,"Montreal, QC",-2.586,30.1,9.94,45.3,2,,,,,,,0,0,1,0,1,1,0,0,0,1,1,2,0,0,0,0,REFERENCE_UNAVAILABLE,No prior-year seasonal weather reference available,RULE_BASED_UNWEIGHTED_WEATHER_DIMENSIONS,DERIVED_FROM_PUBLIC_WEATHER,PROJECT_ASSUMPTION
2021-12-13,CA_QC,"Montreal, QC",0.157,4.4,8.05,37.5,0,,,,,,,0,0,0,0,0,0,0,0,0,0,0,0,0,0,0,0,REFERENCE_UNAVAILABLE,No prior-year seasonal weather reference available,RULE_BASED_UNWEIGHTED_WEATHER_DIMENSIONS,DERIVED_FROM_PUBLIC_WEATHER,PROJECT_ASSUMPTION
2021-12-20,CA_QC,"Montreal, QC",-6.886,0.0,2.03,28.2,0,,,,,,,0,0,1,0,0,0,0,0,0,0,0,0,0,0,0,0,REFERENCE_UNAVAILABLE,No prior-year seasonal weather reference available,RULE_BASED_UNWEIGHTED_WEATHER_DIMENSIONS,DERIVED_FROM_PUBLIC_WEATHER,PROJECT_ASSUMPTION
2021-12-27,CA_QC,"Montreal, QC",-4.957,1.8,5.18,18.5,1,,,,,,,0,0,1,0,0,0,0,0,0,0,0,0,0,0,0,0,REFERENCE_UNAVAILABLE,No prior-year seasonal weather reference available,RULE_BASED_UNWEIGHTED_WEATHER_DIMENSIONS,DERIVED_FROM_PUBLIC_WEATHER,PROJECT_ASSUMPTION
2022-01-03,CA_QC,"Montreal, QC",-9.343,2.3,3.15,29.0,2,,,,,,,0,0,1,0,1,0,0,0,0,1,0,1,0,0,0,0,REFERENCE_UNAVAILABLE,No prior-year seasonal weather reference available,RULE_BASED_UNWEIGHTED_WEATHER_DIMENSIONS,DERIVED_FROM_PUBLIC_WEATHER,PROJECT_ASSUMPTION
2022-01-10,CA_QC,"Montreal, QC",-16.329,0.0,2.52,27.8,0,,,,,,,0,0,1,1,0,0,1,0,0,0,0,1,1,0,0,0,REFERENCE_UNAVAILABLE,No prior-year seasonal weather reference available,RULE_BASED_UNWEIGHTED_WEATHER_DIMENSIONS,DERIVED_FROM_PUBLIC_WEATHER,PROJECT_ASSUMPTION
2022-01-17,CA_QC,"Montreal, QC",-15.7,0.6,16.73,28.4,0,,,,,,,0,1,1,1,0,0,1,0,1,0,0,2,1,0,0,0,REFERENCE_UNAVAILABLE,No prior-year seasonal weather reference available,RULE_BASED_UNWEIGHTED_WEATHER_DIMENSIONS,DERIVED_FROM_PUBLIC_WEATHER,PROJECT_ASSUMPTION
2022-01-24,CA_QC,"Montreal, QC",-17.271,0.0,2.03,22.0,0,,,,,,,0,0,1,1,0,0,1,0,0,0,0,1,1,0,0,0,REFERENCE_UNAVAILABLE,No prior-year seasonal weather reference available,RULE_BASED_UNWEIGHTED_WEATHER_DIMENSIONS,DERIVED_FROM_PUBLIC_WEATHER,PROJECT_ASSUMPTION
2022-01-31,CA_QC,"Montreal, QC",-10.571,5.0,11.2,27.9,2,,,,,,,0,0,1,1,1,0,1,0,0,1,0,2,1,0,0,0,REFERENCE_UNAVAILABLE,No prior-year seasonal weather reference available,RULE_BASED_UNWEIGHTED_WEATHER_DIMENSIONS,DERIVED_FROM_PUBLIC_WEATHER,PROJECT_ASSUMPTION
2022-02-07,CA_QC,"Montreal, QC",-4.429,6.1,0.21,26.9,3,,,,,,,0,0,1,0,1,0,0,0,0,1,0,1,0,0,0,0,REFERENCE_UNAVAILABLE,No prior-year seasonal weather reference available,RULE_BASED_UNWEIGHTED_WEATHER_DIMENSIONS,DERIVED_FROM_PUBLIC_WEATHER,PROJECT_ASSUMPTION
2022-02-14,CA_QC,"Montreal, QC",-9.271,23.7,17.92,32.1,2,,,,,,,0,1,1,0,1,0,0,0,1,1,0,2,1,0,0,0,REFERENCE_UNAVAILABLE,No prior-year seasonal weather reference available,RULE_BASED_UNWEIGHTED_WEATHER_DIMENSIONS,DERIVED_FROM_PUBLIC_WEATHER,PROJECT_ASSUMPTION
2022-02-21,CA_QC,"Montreal, QC",-8.243,17.3,7.21,37.2,2,,,,,,,0,0,1,0,1,0,0,0,0,1,0,1,0,0,0,0,REFERENCE_UNAVAILABLE,No prior-year seasonal weather reference available,RULE_BASED_UNWEIGHTED_WEATHER_DIMENSIONS,DERIVED_FROM_PUBLIC_WEATHER,PROJECT_ASSUMPTION
2022-02-28,CA_QC,"Montreal, QC",-9.243,5.8,7.14,37.0,1,,,,,,,0,0,1,0,0,0,0,0,0,0,0,0,0,0,0,0,REFERENCE_UNAVAILABLE,No prior-year seasonal weather reference available,RULE_BASED_UNWEIGHTED_WEATHER_DIMENSIONS,DERIVED_FROM_PUBLIC_WEATHER,PROJECT_ASSUMPTION
2022-03-07,CA_QC,"Montreal, QC",-2.771,2.1,12.81,33.0,1,,,,,,,0,0,1,0,0,0,0,0,0,0,0,0,0,0,0,0,REFERENCE_UNAVAILABLE,No prior-year seasonal weather reference available,RULE_BASED_UNWEIGHTED_WEATHER_DIMENSIONS,DERIVED_FROM_PUBLIC_WEATHER,PROJECT_ASSUMPTION
2022-03-14,CA_QC,"Montreal, QC",2.771,26.1,0.21,23.6,2,,,,,,,0,0,0,0,1,0,0,0,0,1,0,1,0,0,0,0,REFERENCE_UNAVAILABLE,No prior-year seasonal weather reference available,RULE_BASED_UNWEIGHTED_WEATHER_DIMENSIONS,DERIVED_FROM_PUBLIC_WEATHER,PROJECT_ASSUMPTION
2022-03-21,CA_QC,"Montreal, QC",2.029,25.3,0.91,29.5,2,,,,,,,0,0,0,0,1,0,0,0,0,1,0,1,0,0,0,0,REFERENCE_UNAVAILABLE,No prior-year seasonal weather reference available,RULE_BASED_UNWEIGHTED_WEATHER_DIMENSIONS,DERIVED_FROM_PUBLIC_WEATHER,PROJECT_ASSUMPTION
2022-03-28,CA_QC,"Montreal, QC",-0.643,11.1,3.5,24.2,1,,,,,,,0,0,1,0,0,0,0,0,0,0,0,0,0,0,0,0,REFERENCE_UNAVAILABLE,No prior-year seasonal weather reference available,RULE_BASED_UNWEIGHTED_WEATHER_DIMENSIONS,DERIVED_FROM_PUBLIC_WEATHER,PROJECT_ASSUMPTION
2022-04-04,CA_QC,"Montreal, QC",4.814,39.9,7.14,23.4,2,,,,,,,0,0,0,0,1,0,0,0,0,1,0,1,0,0,0,0,REFERENCE_UNAVAILABLE,No prior-year seasonal weather reference available,RULE_BASED_UNWEIGHTED_WEATHER_DIMENSIONS,DERIVED_FROM_PUBLIC_WEATHER,PROJECT_ASSUMPTION
2022-04-11,CA_QC,"Montreal, QC",7.4,38.1,0.0,31.4,0,,,,,,,0,0,0,0,0,0,0,0,0,0,0,0,0,0,0,0,REFERENCE_UNAVAILABLE,No prior-year seasonal weather reference available,RULE_BASED_UNWEIGHTED_WEATHER_DIMENSIONS,DERIVED_FROM_PUBLIC_WEATHER,PROJECT_ASSUMPTION
2022-04-18,CA_QC,"Montreal, QC",5.357,15.8,13.23,31.5,1,,,,,,,0,0,0,0,0,0,0,0,0,0,0,0,0,0,0,0,REFERENCE_UNAVAILABLE,No prior-year seasonal weather reference available,RULE_BASED_UNWEIGHTED_WEATHER_DIMENSIONS,DERIVED_FROM_PUBLIC_WEATHER,PROJECT_ASSUMPTION
2022-04-25,CA_QC,"Montreal, QC",8.857,10.4,0.0,26.2,0,,,,,,,0,0,0,0,0,0,0,0,0,0,0,0,0,0,0,0,REFERENCE_UNAVAILABLE,No prior-year seasonal weather reference available,RULE_BASED_UNWEIGHTED_WEATHER_DIMENSIONS,DERIVED_FROM_PUBLIC_WEATHER,PROJECT_ASSUMPTION
2022-05-02,CA_QC,"Montreal, QC",10.829,13.5,0.0,20.6,0,,,,,,,0,0,0,0,0,0,0,0,0,0,0,0,0,0,0,0,REFERENCE_UNAVAILABLE,No prior-year seasonal weather reference available,RULE_BASED_UNWEIGHTED_WEATHER_DIMENSIONS,DERIVED_FROM_PUBLIC_WEATHER,PROJECT_ASSUMPTION
2022-05-09,CA_QC,"Montreal, QC",19.143,6.0,0.0,17.5,0,,,,,,,0,0,0,0,0,0,0,0,0,0,0,0,0,0,0,0,REFERENCE_UNAVAILABLE,No prior-year seasonal weather reference available,RULE_BASED_UNWEIGHTED_WEATHER_DIMENSIONS,DERIVED_FROM_PUBLIC_WEATHER,PROJECT_ASSUMPTION
2022-05-16,CA_QC,"Montreal, QC",15.814,29.9,0.0,31.0,0,,,,,,,0,0,0,0,0,0,0,0,0,0,0,0,0,0,0,0,REFERENCE_UNAVAILABLE,No prior-year seasonal weather reference available,RULE_BASED_UNWEIGHTED_WEATHER_DIMENSIONS,DERIVED_FROM_PUBLIC_WEATHER,PROJECT_ASSUMPTION
2022-05-23,CA_QC,"Montreal, QC",16.157,47.4,0.0,23.7,0,,,,,,,0,0,0,0,0,0,0,0,0,0,0,0,0,0,0,0,REFERENCE_UNAVAILABLE,No prior-year seasonal weather reference available,RULE_BASED_UNWEIGHTED_WEATHER_DIMENSIONS,DERIVED_FROM_PUBLIC_WEATHER,PROJECT_ASSUMPTION
2022-05-30,CA_QC,"Montreal, QC",16.986,14.0,0.0,31.9,0,,,,,,,0,0,0,0,0,0,0,0,0,0,0,0,0,0,0,0,REFERENCE_UNAVAILABLE,No prior-year seasonal weather reference available,RULE_BASED_UNWEIGHTED_WEATHER_DIMENSIONS,DERIVED_FROM_PUBLIC_WEATHER,PROJECT_ASSUMPTION
2022-06-06,CA_QC,"Montreal, QC",17.471,39.9,0.0,27.2,0,,,,,,,0,0,0,0,0,0,0,0,0,0,0,0,0,0,0,0,REFERENCE_UNAVAILABLE,No prior-year seasonal weather reference available,RULE_BASED_UNWEIGHTED_WEATHER_DIMENSIONS,DERIVED_FROM_PUBLIC_WEATHER,PROJECT_ASSUMPTION
2022-06-13,CA_QC,"Montreal, QC",18.4,37.4,0.0,28.6,0,,,,,,,0,0,0,0,0,0,0,0,0,0,0,0,0,0,0,0,REFERENCE_UNAVAILABLE,No prior-year seasonal weather reference available,RULE_BASED_UNWEIGHTED_WEATHER_DIMENSIONS,DERIVED_FROM_PUBLIC_WEATHER,PROJECT_ASSUMPTION
2022-06-20,CA_QC,"Montreal, QC",19.529,56.9,0.0,25.2,0,,,,,,,1,0,0,0,0,0,0,1,0,0,0,1,0,0,0,0,REFERENCE_UNAVAILABLE,No prior-year seasonal weather reference available,RULE_BASED_UNWEIGHTED_WEATHER_DIMENSIONS,DERIVED_FROM_PUBLIC_WEATHER,PROJECT_ASSUMPTION
2022-06-27,CA_QC,"Montreal, QC",20.271,15.9,0.0,29.1,0,,,,,,,0,0,0,0,0,0,0,0,0,0,0,0,0,0,0,0,REFERENCE_UNAVAILABLE,No prior-year seasonal weather reference available,RULE_BASED_UNWEIGHTED_WEATHER_DIMENSIONS,DERIVED_FROM_PUBLIC_WEATHER,PROJECT_ASSUMPTION
2022-07-04,CA_QC,"Montreal, QC",18.914,6.7,0.0,19.4,0,19.229,21.0,0.0,-0.315,-14.3,0.0,0,0,0,0,0,0,0,0,0,0,0,0,0,0,1,1,NORMAL,NORMAL: no material adverse or mild scenario trigger,RULE_BASED_UNWEIGHTED_WEATHER_DIMENSIONS,DERIVED_FROM_PUBLIC_WEATHER,PROJECT_ASSUMPTION
2022-07-11,CA_QC,"Montreal, QC",21.471,13.7,0.0,30.6,0,22.329,20.4,0.0,-0.858,-6.7,0.0,0,0,0,0,0,0,0,0,0,0,0,0,0,0,1,1,NORMAL,NORMAL: no material adverse or mild scenario trigger,RULE_BASED_UNWEIGHTED_WEATHER_DIMENSIONS,DERIVED_FROM_PUBLIC_WEATHER,PROJECT_ASSUMPTION
2022-07-18,CA_QC,"Montreal, QC",24.243,47.3,0.0,25.5,0,20.7,34.9,0.0,3.543,12.4,0.0,0,0,0,0,0,0,0,0,0,0,0,0,0,1,1,1,MILD,MILD: warmer_than_seasonal_reference with no adverse weather dimensions,RULE_BASED_UNWEIGHTED_WEATHER_DIMENSIONS,DERIVED_FROM_PUBLIC_WEATHER,PROJECT_ASSUMPTION
2022-07-25,CA_QC,"Montreal, QC",21.3,22.5,0.0,30.5,0,17.814,22.0,0.0,3.486,0.5,0.0,0,0,0,0,0,0,0,0,0,0,0,0,0,1,1,1,MILD,MILD: warmer_than_seasonal_reference with no adverse weather dimensions,RULE_BASED_UNWEIGHTED_WEATHER_DIMENSIONS,DERIVED_FROM_PUBLIC_WEATHER,PROJECT_ASSUMPTION
2022-08-01,CA_QC,"Montreal, QC",23.1,19.9,0.0,19.9,0,21.271,1.6,0.0,1.829,18.3,0.0,0,0,0,0,0,0,0,0,0,0,0,0,0,0,1,1,NORMAL,NORMAL: no material adverse or mild scenario trigger,RULE_BASED_UNWEIGHTED_WEATHER_DIMENSIONS,DERIVED_FROM_PUBLIC_WEATHER,PROJECT_ASSUMPTION
2022-08-08,CA_QC,"Montreal, QC",17.857,20.9,0.0,19.4,0,24.114,10.0,0.0,-6.257,10.9,0.0,0,0,0,0,0,0,1,0,0,0,0,1,0,0,1,1,NORMAL,NORMAL: isolated adverse dimension without severe compound conditions | colder_than_normal,RULE_BASED_UNWEIGHTED_WEATHER_DIMENSIONS,DERIVED_FROM_PUBLIC_WEATHER,PROJECT_ASSUMPTION
2022-08-15,CA_QC,"Montreal, QC",20.957,15.7,0.0,18.4,0,23.414,3.1,0.0,-2.457,12.6,0.0,0,0,0,0,0,0,1,0,0,0,0,1,0,0,1,1,NORMAL,NORMAL: isolated adverse dimension without severe compound conditions | colder_than_normal,RULE_BASED_UNWEIGHTED_WEATHER_DIMENSIONS,DERIVED_FROM_PUBLIC_WEATHER,PROJECT_ASSUMPTION
2022-08-22,CA_QC,"Montreal, QC",19.643,33.4,0.0,15.3,0,22.929,15.6,0.0,-3.286,17.8,0.0,0,0,0,0,0,0,1,0,0,0,0,1,0,0,1,1,NORMAL,NORMAL: isolated adverse dimension without severe compound conditions | colder_than_normal,RULE_BASED_UNWEIGHTED_WEATHER_DIMENSIONS,DERIVED_FROM_PUBLIC_WEATHER,PROJECT_ASSUMPTION
2022-08-29,CA_QC,"Montreal, QC",19.014,34.3,0.0,23.5,0,18.657,15.9,0.0,0.357,18.4,0.0,0,0,0,0,0,0,0,0,0,0,0,0,0,0,1,1,NORMAL,NORMAL: no material adverse or mild scenario trigger,RULE_BASED_UNWEIGHTED_WEATHER_DIMENSIONS,DERIVED_FROM_PUBLIC_WEATHER,PROJECT_ASSUMPTION
2022-09-05,CA_QC,"Montreal, QC",18.271,0.0,0.0,19.7,0,17.529,21.6,0.0,0.742,-21.6,0.0,0,0,0,0,0,0,0,0,0,0,0,0,0,0,1,1,NORMAL,NORMAL: no material adverse or mild scenario trigger,RULE_BASED_UNWEIGHTED_WEATHER_DIMENSIONS,DERIVED_FROM_PUBLIC_WEATHER,PROJECT_ASSUMPTION
2022-09-12,CA_QC,"Montreal, QC",15.586,35.2,0.0,23.1,0,16.729,15.5,0.0,-1.143,19.7,0.0,0,0,0,0,0,0,0,0,0,0,0,0,0,0,1,1,NORMAL,NORMAL: no material adverse or mild scenario trigger,RULE_BASED_UNWEIGHTED_WEATHER_DIMENSIONS,DERIVED_FROM_PUBLIC_WEATHER,PROJECT_ASSUMPTION
2022-09-19,CA_QC,"Montreal, QC",12.529,42.0,0.0,23.9,0,17.814,35.6,0.0,-5.285,6.4,0.0,0,0,0,0,0,0,1,0,0,0,0,1,0,0,1,1,NORMAL,NORMAL: isolated adverse dimension without severe compound conditions | colder_than_normal,RULE_BASED_UNWEIGHTED_WEATHER_DIMENSIONS,DERIVED_FROM_PUBLIC_WEATHER,PROJECT_ASSUMPTION
2022-09-26,CA_QC,"Montreal, QC",10.871,22.1,0.0,23.3,0,11.486,20.8,0.0,-0.615,1.3,0.0,0,0,0,0,0,0,0,0,0,0,0,0,0,0,1,1,NORMAL,NORMAL: no material adverse or mild scenario trigger,RULE_BASED_UNWEIGHTED_WEATHER_DIMENSIONS,DERIVED_FROM_PUBLIC_WEATHER,PROJECT_ASSUMPTION
2022-10-03,CA_QC,"Montreal, QC",9.329,5.3,0.0,24.9,0,13.043,6.0,0.0,-3.714,-0.7,0.0,0,0,0,0,0,0,1,0,0,0,0,1,0,0,1,1,NORMAL,NORMAL: isolated adverse dimension without severe compound conditions | colder_than_normal,RULE_BASED_UNWEIGHTED_WEATHER_DIMENSIONS,DERIVED_FROM_PUBLIC_WEATHER,PROJECT_ASSUMPTION
2022-10-10,CA_QC,"Montreal, QC",9.971,40.0,0.0,30.3,0,15.886,24.5,0.0,-5.915,15.5,0.0,0,0,0,0,0,0,1,0,0,0,0,1,0,0,1,1,NORMAL,NORMAL: isolated adverse dimension without severe compound conditions | colder_than_normal,RULE_BASED_UNWEIGHTED_WEATHER_DIMENSIONS,DERIVED_FROM_PUBLIC_WEATHER,PROJECT_ASSUMPTION
2022-10-17,CA_QC,"Montreal, QC",9.057,11.9,0.0,25.1,0,8.4,20.6,0.0,0.657,-8.7,0.0,0,0,0,0,0,0,0,0,0,0,0,0,0,0,1,1,NORMAL,NORMAL: no material adverse or mild scenario trigger,RULE_BASED_UNWEIGHTED_WEATHER_DIMENSIONS,DERIVED_FROM_PUBLIC_WEATHER,PROJECT_ASSUMPTION
2022-10-24,CA_QC,"Montreal, QC",10.214,11.8,0.0,29.0,0,7.343,52.3,0.0,2.871,-40.5,0.0,0,0,0,0,0,0,0,0,0,0,0,0,0,1,1,1,MILD,MILD: warmer_than_seasonal_reference with no adverse weather dimensions,RULE_BASED_UNWEIGHTED_WEATHER_DIMENSIONS,DERIVED_FROM_PUBLIC_WEATHER,PROJECT_ASSUMPTION
2022-10-31,CA_QC,"Montreal, QC",11.929,9.3,0.0,26.5,0,3.714,1.5,0.0,8.215,7.8,0.0,0,0,0,0,0,0,0,0,0,0,0,0,0,1,1,1,MILD,MILD: warmer_than_seasonal_reference with no adverse weather dimensions,RULE_BASED_UNWEIGHTED_WEATHER_DIMENSIONS,DERIVED_FROM_PUBLIC_WEATHER,PROJECT_ASSUMPTION
2022-11-07,CA_QC,"Montreal, QC",8.214,46.6,0.0,32.2,0,6.1,29.6,0.0,2.114,17.0,0.0,0,0,0,0,0,0,0,0,0,0,0,0,0,1,1,1,MILD,MILD: warmer_than_seasonal_reference with no adverse weather dimensions,RULE_BASED_UNWEIGHTED_WEATHER_DIMENSIONS,DERIVED_FROM_PUBLIC_WEATHER,PROJECT_ASSUMPTION
2022-11-14,CA_QC,"Montreal, QC",-2.2,0.0,9.8,35.5,0,2.014,27.8,1.33,-4.214,-27.8,8.47,0,0,1,0,0,0,1,0,1,0,0,2,0,0,1,1,SEVERE,"SEVERE: colder_than_normal, snowier_than_normal",RULE_BASED_UNWEIGHTED_WEATHER_DIMENSIONS,DERIVED_FROM_PUBLIC_WEATHER,PROJECT_ASSUMPTION
2022-11-21,CA_QC,"Montreal, QC",0.243,6.3,0.56,31.2,2,-1.943,8.6,5.67,2.186,-2.3,-5.11,0,0,0,0,1,0,0,0,0,1,0,1,0,0,1,1,NORMAL,NORMAL: isolated adverse dimension without severe compound conditions | wet_cold_compound,RULE_BASED_UNWEIGHTED_WEATHER_DIMENSIONS,DERIVED_FROM_PUBLIC_WEATHER,PROJECT_ASSUMPTION
2022-11-28,CA_QC,"Montreal, QC",1.014,22.7,0.35,39.4,3,-3.857,6.0,2.59,4.871,16.7,-2.24,0,0,0,0,1,0,0,0,0,1,0,1,0,0,1,1,NORMAL,NORMAL: isolated adverse dimension without severe compound conditions | wet_cold_compound,RULE_BASED_UNWEIGHTED_WEATHER_DIMENSIONS,DERIVED_FROM_PUBLIC_WEATHER,PROJECT_ASSUMPTION
2022-12-05,CA_QC,"Montreal, QC",-0.471,28.8,0.77,21.6,1,-2.586,30.1,9.94,2.115,-1.3,-9.17,0,0,1,0,0,0,0,0,0,0,0,0,0,1,1,1,MILD,MILD: warmer_than_seasonal_reference with no adverse weather dimensions,RULE_BASED_UNWEIGHTED_WEATHER_DIMENSIONS,DERIVED_FROM_PUBLIC_WEATHER,PROJECT_ASSUMPTION
2022-12-12,CA_QC,"Montreal, QC",-2.643,0.0,9.31,22.8,0,0.157,4.4,8.05,-2.8,-4.4,1.26,0,0,1,0,0,0,1,0,0,0,0,1,0,0,1,1,NORMAL,NORMAL: isolated adverse dimension without severe compound conditions | colder_than_normal,RULE_BASED_UNWEIGHTED_WEATHER_DIMENSIONS,DERIVED_FROM_PUBLIC_WEATHER,PROJECT_ASSUMPTION
2022-12-19,CA_QC,"Montreal, QC",-5.0,15.6,11.34,37.8,1,-6.886,0.0,2.03,1.886,15.6,9.31,0,0,1,0,0,0,0,0,1,0,0,1,0,0,1,1,NORMAL,NORMAL: isolated adverse dimension without severe compound conditions | snowier_than_normal,RULE_BASED_UNWEIGHTED_WEATHER_DIMENSIONS,DERIVED_FROM_PUBLIC_WEATHER,PROJECT_ASSUMPTION
2022-12-26,CA_QC,"Montreal, QC",-0.557,19.2,5.74,19.1,2,-4.957,1.8,5.18,4.4,17.4,0.56,0,0,1,0,1,0,0,0,0,1,0,1,0,0,1,1,NORMAL,NORMAL: isolated adverse dimension without severe compound conditions | wet_cold_compound,RULE_BASED_UNWEIGHTED_WEATHER_DIMENSIONS,DERIVED_FROM_PUBLIC_WEATHER,PROJECT_ASSUMPTION
2023-01-02,CA_QC,"Montreal, QC",-1.871,7.1,9.24,28.4,2,-9.343,2.3,3.15,7.472,4.8,6.09,0,0,1,0,1,0,0,0,1,1,0,2,0,0,1,1,SEVERE,"SEVERE: snowier_than_normal, wet_cold_compound",RULE_BASED_UNWEIGHTED_WEATHER_DIMENSIONS,DERIVED_FROM_PUBLIC_WEATHER,PROJECT_ASSUMPTION
2023-01-09,CA_QC,"Montreal, QC",-7.114,1.7,22.4,25.3,1,-16.329,0.0,2.52,9.215,1.7,19.88,0,1,1,0,0,0,0,0,1,0,0,1,1,0,1,1,SEVERE,SEVERE: snowier_than_normal | extreme_event_trigger,RULE_BASED_UNWEIGHTED_WEATHER_DIMENSIONS,DERIVED_FROM_PUBLIC_WEATHER,PROJECT_ASSUMPTION
2023-01-16,CA_QC,"Montreal, QC",-4.486,0.0,8.89,22.0,0,-15.7,0.6,16.73,11.214,-0.6,-7.84,0,0,1,0,0,0,0,0,0,0,0,0,0,1,1,1,MILD,MILD: warmer_than_seasonal_reference with no adverse weather dimensions,RULE_BASED_UNWEIGHTED_WEATHER_DIMENSIONS,DERIVED_FROM_PUBLIC_WEATHER,PROJECT_ASSUMPTION
2023-01-23,CA_QC,"Montreal, QC",-5.243,0.2,18.62,29.7,0,-17.271,0.0,2.03,12.028,0.2,16.59,0,1,1,0,0,0,0,0,1,0,0,1,1,0,1,1,SEVERE,SEVERE: snowier_than_normal | extreme_event_trigger,RULE_BASED_UNWEIGHTED_WEATHER_DIMENSIONS,DERIVED_FROM_PUBLIC_WEATHER,PROJECT_ASSUMPTION
2023-01-30,CA_QC,"Montreal, QC",-14.986,0.0,4.69,32.1,0,-10.571,5.0,11.2,-4.415,-5.0,-6.51,0,0,1,1,0,0,1,0,0,0,0,1,1,0,1,1,SEVERE,SEVERE: colder_than_normal | extreme_event_trigger,RULE_BASED_UNWEIGHTED_WEATHER_DIMENSIONS,DERIVED_FROM_PUBLIC_WEATHER,PROJECT_ASSUMPTION
2023-02-06,CA_QC,"Montreal, QC",-2.914,12.0,10.08,33.1,2,-4.429,6.1,0.21,1.515,5.9,9.87,0,0,1,0,1,0,0,0,1,1,0,2,0,0,1,1,SEVERE,"SEVERE: snowier_than_normal, wet_cold_compound",RULE_BASED_UNWEIGHTED_WEATHER_DIMENSIONS,DERIVED_FROM_PUBLIC_WEATHER,PROJECT_ASSUMPTION
2023-02-13,CA_QC,"Montreal, QC",-1.7,4.4,6.58,30.7,2,-9.271,23.7,17.92,7.571,-19.3,-11.34,0,0,1,0,1,0,0,0,0,1,0,1,0,0,1,1,NORMAL,NORMAL: isolated adverse dimension without severe compound conditions | wet_cold_compound,RULE_BASED_UNWEIGHTED_WEATHER_DIMENSIONS,DERIVED_FROM_PUBLIC_WEATHER,PROJECT_ASSUMPTION
2023-02-20,CA_QC,"Montreal, QC",-10.6,0.7,11.13,25.7,0,-8.243,17.3,7.21,-2.357,-16.6,3.92,0,0,1,1,0,0,1,0,0,0,0,1,1,0,1,1,SEVERE,SEVERE: colder_than_normal | extreme_event_trigger,RULE_BASED_UNWEIGHTED_WEATHER_DIMENSIONS,DERIVED_FROM_PUBLIC_WEATHER,PROJECT_ASSUMPTION
2023-02-27,CA_QC,"Montreal, QC",-4.2,0.0,19.81,27.1,0,-9.243,5.8,7.14,5.043,-5.8,12.67,0,1,1,0,0,0,0,0,1,0,0,1,1,0,1,1,SEVERE,SEVERE: snowier_than_normal | extreme_event_trigger,RULE_BASED_UNWEIGHTED_WEATHER_DIMENSIONS,DERIVED_FROM_PUBLIC_WEATHER,PROJECT_ASSUMPTION
2023-03-06,CA_QC,"Montreal, QC",-2.486,0.0,1.19,27.2,0,-2.771,2.1,12.81,0.285,-2.1,-11.62,0,0,1,0,0,0,0,0,0,0,0,0,0,0,1,1,NORMAL,NORMAL: no material adverse or mild scenario trigger,RULE_BASED_UNWEIGHTED_WEATHER_DIMENSIONS,DERIVED_FROM_PUBLIC_WEATHER,PROJECT_ASSUMPTION
2023-03-13,CA_QC,"Montreal, QC",0.457,13.4,3.22,33.7,3,2.771,26.1,0.21,-2.314,-12.7,3.01,0,0,0,0,1,0,1,0,0,1,0,2,0,0,1,1,SEVERE,"SEVERE: colder_than_normal, wet_cold_compound",RULE_BASED_UNWEIGHTED_WEATHER_DIMENSIONS,DERIVED_FROM_PUBLIC_WEATHER,PROJECT_ASSUMPTION
2023-03-20,CA_QC,"Montreal, QC",0.557,15.2,4.62,33.9,3,2.029,25.3,0.91,-1.472,-10.1,3.71,0,0,0,0,1,0,0,0,0,1,0,1,0,0,1,1,NORMAL,NORMAL: isolated adverse dimension without severe compound conditions | wet_cold_compound,RULE_BASED_UNWEIGHTED_WEATHER_DIMENSIONS,DERIVED_FROM_PUBLIC_WEATHER,PROJECT_ASSUMPTION
2023-03-27,CA_QC,"Montreal, QC",0.857,18.7,3.85,31.5,2,-0.643,11.1,3.5,1.5,7.6,0.35,0,0,0,0,1,0,0,0,0,1,0,1,0,0,1,1,NORMAL,NORMAL: isolated adverse dimension without severe compound conditions | wet_cold_compound,RULE_BASED_UNWEIGHTED_WEATHER_DIMENSIONS,DERIVED_FROM_PUBLIC_WEATHER,PROJECT_ASSUMPTION
2023-04-03,CA_QC,"Montreal, QC",2.871,35.3,0.56,35.5,2,4.814,39.9,7.14,-1.943,-4.6,-6.58,0,0,0,0,1,0,0,0,0,1,0,1,0,0,1,1,NORMAL,NORMAL: isolated adverse dimension without severe compound conditions | wet_cold_compound,RULE_BASED_UNWEIGHTED_WEATHER_DIMENSIONS,DERIVED_FROM_PUBLIC_WEATHER,PROJECT_ASSUMPTION
2023-04-10,CA_QC,"Montreal, QC",13.714,0.6,0.0,28.2,0,7.4,38.1,0.0,6.314,-37.5,0.0,0,0,0,0,0,0,0,0,0,0,0,0,0,1,1,1,MILD,MILD: warmer_than_seasonal_reference with no adverse weather dimensions,RULE_BASED_UNWEIGHTED_WEATHER_DIMENSIONS,DERIVED_FROM_PUBLIC_WEATHER,PROJECT_ASSUMPTION
2023-04-17,CA_QC,"Montreal, QC",8.271,51.1,0.0,28.4,0,5.357,15.8,13.23,2.914,35.3,-13.23,1,0,0,0,0,0,0,1,0,0,0,1,0,0,1,1,NORMAL,NORMAL: isolated adverse dimension without severe compound conditions | wetter_than_normal,RULE_BASED_UNWEIGHTED_WEATHER_DIMENSIONS,DERIVED_FROM_PUBLIC_WEATHER,PROJECT_ASSUMPTION
2023-04-24,CA_QC,"Montreal, QC",8.529,29.4,0.0,27.2,0,8.857,10.4,0.0,-0.328,19.0,0.0,0,0,0,0,0,0,0,0,0,0,0,0,0,0,1,1,NORMAL,NORMAL: no material adverse or mild scenario trigger,RULE_BASED_UNWEIGHTED_WEATHER_DIMENSIONS,DERIVED_FROM_PUBLIC_WEATHER,PROJECT_ASSUMPTION
2023-05-01,CA_QC,"Montreal, QC",11.314,52.3,0.0,30.8,0,10.829,13.5,0.0,0.485,38.8,0.0,1,0,0,0,0,0,0,1,0,0,0,1,0,0,1,1,NORMAL,NORMAL: isolated adverse dimension without severe compound conditions | wetter_than_normal,RULE_BASED_UNWEIGHTED_WEATHER_DIMENSIONS,DERIVED_FROM_PUBLIC_WEATHER,PROJECT_ASSUMPTION
2023-05-08,CA_QC,"Montreal, QC",14.157,2.1,0.0,27.0,0,19.143,6.0,0.0,-4.986,-3.9,0.0,0,0,0,0,0,0,1,0,0,0,0,1,0,0,1,1,NORMAL,NORMAL: isolated adverse dimension without severe compound conditions | colder_than_normal,RULE_BASED_UNWEIGHTED_WEATHER_DIMENSIONS,DERIVED_FROM_PUBLIC_WEATHER,PROJECT_ASSUMPTION
2023-05-15,CA_QC,"Montreal, QC",12.143,19.5,0.0,30.2,0,15.814,29.9,0.0,-3.671,-10.4,0.0,0,0,0,0,0,0,1,0,0,0,0,1,0,0,1,1,NORMAL,NORMAL: isolated adverse dimension without severe compound conditions | colder_than_normal,RULE_BASED_UNWEIGHTED_WEATHER_DIMENSIONS,DERIVED_FROM_PUBLIC_WEATHER,PROJECT_ASSUMPTION
2023-05-22,CA_QC,"Montreal, QC",14.471,6.4,0.0,23.1,0,16.157,47.4,0.0,-1.686,-41.0,0.0,0,0,0,0,0,0,0,0,0,0,0,0,0,0,1,1,NORMAL,NORMAL: no material adverse or mild scenario trigger,RULE_BASED_UNWEIGHTED_WEATHER_DIMENSIONS,DERIVED_FROM_PUBLIC_WEATHER,PROJECT_ASSUMPTION
2023-05-29,CA_QC,"Montreal, QC",18.943,1.9,0.0,30.1,0,16.986,14.0,0.0,1.957,-12.1,0.0,0,0,0,0,0,0,0,0,0,0,0,0,0,0,1,1,NORMAL,NORMAL: no material adverse or mild scenario trigger,RULE_BASED_UNWEIGHTED_WEATHER_DIMENSIONS,DERIVED_FROM_PUBLIC_WEATHER,PROJECT_ASSUMPTION
2023-06-05,CA_QC,"Montreal, QC",15.2,15.6,0.0,22.8,0,17.471,39.9,0.0,-2.271,-24.3,0.0,0,0,0,0,0,0,1,0,0,0,0,1,0,0,1,1,NORMAL,NORMAL: isolated adverse dimension without severe compound conditions | colder_than_normal,RULE_BASED_UNWEIGHTED_WEATHER_DIMENSIONS,DERIVED_FROM_PUBLIC_WEATHER,PROJECT_ASSUMPTION
2023-06-12,CA_QC,"Montreal, QC",18.286,48.6,0.0,21.0,0,18.4,37.4,0.0,-0.114,11.2,0.0,0,0,0,0,0,0,0,0,0,0,0,0,0,0,1,1,NORMAL,NORMAL: no material adverse or mild scenario trigger,RULE_BASED_UNWEIGHTED_WEATHER_DIMENSIONS,DERIVED_FROM_PUBLIC_WEATHER,PROJECT_ASSUMPTION
2023-06-19,CA_QC,"Montreal, QC",20.386,14.7,0.0,12.9,0,19.529,56.9,0.0,0.857,-42.2,0.0,0,0,0,0,0,0,0,0,0,0,0,0,0,0,1,1,NORMAL,NORMAL: no material adverse or mild scenario trigger,RULE_BASED_UNWEIGHTED_WEATHER_DIMENSIONS,DERIVED_FROM_PUBLIC_WEATHER,PROJECT_ASSUMPTION
2023-06-26,CA_QC,"Montreal, QC",21.271,62.7,0.0,20.8,0,20.271,15.9,0.0,1.0,46.8,0.0,1,0,0,0,0,0,0,1,0,0,0,1,0,0,1,1,NORMAL,NORMAL: isolated adverse dimension without severe compound conditions | wetter_than_normal,RULE_BASED_UNWEIGHTED_WEATHER_DIMENSIONS,DERIVED_FROM_PUBLIC_WEATHER,PROJECT_ASSUMPTION
2023-07-03,CA_QC,"Montreal, QC",24.057,23.9,0.0,13.5,0,19.072,13.85,0.0,4.985,10.05,0.0,0,0,0,0,0,0,0,0,0,0,0,0,0,1,1,1,MILD,MILD: warmer_than_seasonal_reference with no adverse weather dimensions,RULE_BASED_UNWEIGHTED_WEATHER_DIMENSIONS,DERIVED_FROM_PUBLIC_WEATHER,PROJECT_ASSUMPTION
2023-07-10,CA_QC,"Montreal, QC",21.9,75.0,0.0,28.0,0,21.9,17.05,0.0,0.0,57.95,0.0,1,0,0,0,0,0,0,1,0,0,0,1,0,0,1,1,NORMAL,NORMAL: isolated adverse dimension without severe compound conditions | wetter_than_normal,RULE_BASED_UNWEIGHTED_WEATHER_DIMENSIONS,DERIVED_FROM_PUBLIC_WEATHER,PROJECT_ASSUMPTION
2023-07-17,CA_QC,"Montreal, QC",21.414,47.7,0.0,23.8,0,22.472,41.1,0.0,-1.057,6.6,0.0,0,0,0,0,0,0,0,0,0,0,0,0,0,0,1,1,NORMAL,NORMAL: no material adverse or mild scenario trigger,RULE_BASED_UNWEIGHTED_WEATHER_DIMENSIONS,DERIVED_FROM_PUBLIC_WEATHER,PROJECT_ASSUMPTION
2023-07-24,CA_QC,"Montreal, QC",21.114,47.2,0.0,21.3,0,19.557,22.25,0.0,1.557,24.95,0.0,0,0,0,0,0,0,0,1,0,0,0,1,0,0,1,1,NORMAL,NORMAL: isolated adverse dimension without severe compound conditions | wetter_than_normal,RULE_BASED_UNWEIGHTED_WEATHER_DIMENSIONS,DERIVED_FROM_PUBLIC_WEATHER,PROJECT_ASSUMPTION
2023-07-31,CA_QC,"Montreal, QC",18.557,32.5,0.0,19.8,0,22.186,10.75,0.0,-3.629,21.75,0.0,0,0,0,0,0,0,1,1,0,0,0,2,0,0,1,1,SEVERE,"SEVERE: colder_than_normal, wetter_than_normal",RULE_BASED_UNWEIGHTED_WEATHER_DIMENSIONS,DERIVED_FROM_PUBLIC_WEATHER,PROJECT_ASSUMPTION
2023-08-07,CA_QC,"Montreal, QC",19.943,97.4,0.0,24.2,0,20.986,15.45,0.0,-1.043,81.95,0.0,1,0,0,0,0,0,0,1,0,0,0,1,0,0,1,1,NORMAL,NORMAL: isolated adverse dimension without severe compound conditions | wetter_than_normal,RULE_BASED_UNWEIGHTED_WEATHER_DIMENSIONS,DERIVED_FROM_PUBLIC_WEATHER,PROJECT_ASSUMPTION
2023-08-14,CA_QC,"Montreal, QC",19.857,37.1,0.0,22.9,0,22.186,9.4,0.0,-2.329,27.7,0.0,0,0,0,0,0,0,1,1,0,0,0,2,0,0,1,1,SEVERE,"SEVERE: colder_than_normal, wetter_than_normal",RULE_BASED_UNWEIGHTED_WEATHER_DIMENSIONS,DERIVED_FROM_PUBLIC_WEATHER,PROJECT_ASSUMPTION
2023-08-21,CA_QC,"Montreal, QC",18.314,20.5,0.0,19.1,0,21.286,24.5,0.0,-2.972,-4.0,0.0,0,0,0,0,0,0,1,0,0,0,0,1,0,0,1,1,NORMAL,NORMAL: isolated adverse dimension without severe compound conditions | colder_than_normal,RULE_BASED_UNWEIGHTED_WEATHER_DIMENSIONS,DERIVED_FROM_PUBLIC_WEATHER,PROJECT_ASSUMPTION
2023-08-28,CA_QC,"Montreal, QC",18.214,24.9,0.0,22.2,0,18.836,25.1,0.0,-0.622,-0.2,0.0,0,0,0,0,0,0,0,0,0,0,0,0,0,0,1,1,NORMAL,NORMAL: no material adverse or mild scenario trigger,RULE_BASED_UNWEIGHTED_WEATHER_DIMENSIONS,DERIVED_FROM_PUBLIC_WEATHER,PROJECT_ASSUMPTION
2023-09-04,CA_QC,"Montreal, QC",21.957,26.4,0.0,18.6,0,17.9,10.8,0.0,4.057,15.6,0.0,0,0,0,0,0,0,0,0,0,0,0,0,0,1,1,1,MILD,MILD: warmer_than_seasonal_reference with no adverse weather dimensions,RULE_BASED_UNWEIGHTED_WEATHER_DIMENSIONS,DERIVED_FROM_PUBLIC_WEATHER,PROJECT_ASSUMPTION
2023-09-11,CA_QC,"Montreal, QC",16.429,17.2,0.0,23.5,0,16.157,25.35,0.0,0.271,-8.15,0.0,0,0,0,0,0,0,0,0,0,0,0,0,0,0,1,1,NORMAL,NORMAL: no material adverse or mild scenario trigger,RULE_BASED_UNWEIGHTED_WEATHER_DIMENSIONS,DERIVED_FROM_PUBLIC_WEATHER,PROJECT_ASSUMPTION
2023-09-18,CA_QC,"Montreal, QC",14.914,10.9,0.0,17.7,0,15.172,38.8,0.0,-0.258,-27.9,0.0,0,0,0,0,0,0,0,0,0,0,0,0,0,0,1,1,NORMAL,NORMAL: no material adverse or mild scenario trigger,RULE_BASED_UNWEIGHTED_WEATHER_DIMENSIONS,DERIVED_FROM_PUBLIC_WEATHER,PROJECT_ASSUMPTION
2023-09-25,CA_QC,"Montreal, QC",13.457,0.0,0.0,23.2,0,11.178,21.45,0.0,2.279,-21.45,0.0,0,0,0,0,0,0,0,0,0,0,0,0,0,1,1,1,MILD,MILD: warmer_than_seasonal_reference with no adverse weather dimensions,RULE_BASED_UNWEIGHTED_WEATHER_DIMENSIONS,DERIVED_FROM_PUBLIC_WEATHER,PROJECT_ASSUMPTION
2023-10-02,CA_QC,"Montreal, QC",17.271,66.2,0.0,29.3,0,11.186,5.65,0.0,6.085,60.55,0.0,1,0,0,0,0,0,0,1,0,0,0,1,0,0,1,1,NORMAL,NORMAL: isolated adverse dimension without severe compound conditions | wetter_than_normal,RULE_BASED_UNWEIGHTED_WEATHER_DIMENSIONS,DERIVED_FROM_PUBLIC_WEATHER,PROJECT_ASSUMPTION
2023-10-09,CA_QC,"Montreal, QC",10.014,13.5,0.0,26.4,0,12.928,32.25,0.0,-2.915,-18.75,0.0,0,0,0,0,0,0,1,0,0,0,0,1,0,0,1,1,NORMAL,NORMAL: isolated adverse dimension without severe compound conditions | colder_than_normal,RULE_BASED_UNWEIGHTED_WEATHER_DIMENSIONS,DERIVED_FROM_PUBLIC_WEATHER,PROJECT_ASSUMPTION
2023-10-16,CA_QC,"Montreal, QC",11.457,42.0,0.0,28.6,0,8.728,16.25,0.0,2.729,25.75,0.0,0,0,0,0,0,0,0,1,0,0,0,1,0,0,1,1,NORMAL,NORMAL: isolated adverse dimension without severe compound conditions | wetter_than_normal,RULE_BASED_UNWEIGHTED_WEATHER_DIMENSIONS,DERIVED_FROM_PUBLIC_WEATHER,PROJECT_ASSUMPTION
2023-10-23,CA_QC,"Montreal, QC",11.6,23.0,0.0,26.6,0,8.779,32.05,0.0,2.821,-9.05,0.0,0,0,0,0,0,0,0,0,0,0,0,0,0,1,1,1,MILD,MILD: warmer_than_seasonal_reference with no adverse weather dimensions,RULE_BASED_UNWEIGHTED_WEATHER_DIMENSIONS,DERIVED_FROM_PUBLIC_WEATHER,PROJECT_ASSUMPTION
2023-10-30,CA_QC,"Montreal, QC",3.343,7.5,5.18,22.9,1,7.822,5.4,0.0,-4.478,2.1,5.18,0,0,0,0,0,0,1,0,1,0,0,2,0,0,1,1,SEVERE,"SEVERE: colder_than_normal, snowier_than_normal",RULE_BASED_UNWEIGHTED_WEATHER_DIMENSIONS,DERIVED_FROM_PUBLIC_WEATHER,PROJECT_ASSUMPTION
2023-11-06,CA_QC,"Montreal, QC",1.771,13.5,4.41,27.3,1,7.157,38.1,0.0,-5.386,-24.6,4.41,0,0,0,0,0,0,1,0,0,0,0,1,0,0,1,1,NORMAL,NORMAL: isolated adverse dimension without severe compound conditions | colder_than_normal,RULE_BASED_UNWEIGHTED_WEATHER_DIMENSIONS,DERIVED_FROM_PUBLIC_WEATHER,PROJECT_ASSUMPTION
2023-11-13,CA_QC,"Montreal, QC",2.843,11.2,1.05,27.7,1,-0.093,13.9,5.565,2.936,-2.7,-4.515,0,0,0,0,0,0,0,0,0,0,0,0,0,1,1,1,MILD,MILD: warmer_than_seasonal_reference with no adverse weather dimensions,RULE_BASED_UNWEIGHTED_WEATHER_DIMENSIONS,DERIVED_FROM_PUBLIC_WEATHER,PROJECT_ASSUMPTION
2023-11-20,CA_QC,"Montreal, QC",-1.243,6.9,9.17,22.9,1,-0.85,7.45,3.115,-0.393,-0.55,6.055,0,0,1,0,0,0,0,0,1,0,0,1,0,0,1,1,NORMAL,NORMAL: isolated adverse dimension without severe compound conditions | snowier_than_normal,RULE_BASED_UNWEIGHTED_WEATHER_DIMENSIONS,DERIVED_FROM_PUBLIC_WEATHER,PROJECT_ASSUMPTION
2023-11-27,CA_QC,"Montreal, QC",0.529,22.9,9.59,26.7,3,-1.422,14.35,1.47,1.95,8.55,8.12,0,0,0,0,1,0,0,0,1,1,0,2,0,0,1,1,SEVERE,"SEVERE: snowier_than_normal, wet_cold_compound",RULE_BASED_UNWEIGHTED_WEATHER_DIMENSIONS,DERIVED_FROM_PUBLIC_WEATHER,PROJECT_ASSUMPTION
2023-12-04,CA_QC,"Montreal, QC",-5.3,13.0,13.37,22.2,1,-1.528,29.45,5.355,-3.771,-16.45,8.015,0,0,1,0,0,0,1,0,1,0,0,2,0,0,1,1,SEVERE,"SEVERE: colder_than_normal, snowier_than_normal",RULE_BASED_UNWEIGHTED_WEATHER_DIMENSIONS,DERIVED_FROM_PUBLIC_WEATHER,PROJECT_ASSUMPTION
2023-12-11,CA_QC,"Montreal, QC",0.386,10.8,3.99,29.4,2,-1.243,2.2,8.68,1.629,8.6,-4.69,0,0,0,0,1,0,0,0,0,1,0,1,0,0,1,1,NORMAL,NORMAL: isolated adverse dimension without severe compound conditions | wet_cold_compound,RULE_BASED_UNWEIGHTED_WEATHER_DIMENSIONS,DERIVED_FROM_PUBLIC_WEATHER,PROJECT_ASSUMPTION
2023-12-18,CA_QC,"Montreal, QC",-2.7,50.4,0.42,26.9,0,-5.943,7.8,6.685,3.243,42.6,-6.265,1,0,1,0,0,0,0,1,0,0,0,1,0,0,1,1,NORMAL,NORMAL: isolated adverse dimension without severe compound conditions | wetter_than_normal,RULE_BASED_UNWEIGHTED_WEATHER_DIMENSIONS,DERIVED_FROM_PUBLIC_WEATHER,PROJECT_ASSUMPTION
2023-12-25,CA_QC,"Montreal, QC",0.814,11.0,1.89,15.4,3,-2.757,10.5,5.46,3.571,0.5,-3.57,0,0,0,0,1,0,0,0,0,1,0,1,0,0,1,1,NORMAL,NORMAL: isolated adverse dimension without severe compound conditions | wet_cold_compound,RULE_BASED_UNWEIGHTED_WEATHER_DIMENSIONS,DERIVED_FROM_PUBLIC_WEATHER,PROJECT_ASSUMPTION
2024-01-01,CA_QC,"Montreal, QC",-5.329,0.0,7.28,22.8,0,-5.607,4.7,6.195,0.278,-4.7,1.085,0,0,1,0,0,0,0,0,0,0,0,0,0,0,1,1,NORMAL,NORMAL: no material adverse or mild scenario trigger,RULE_BASED_UNWEIGHTED_WEATHER_DIMENSIONS,DERIVED_FROM_PUBLIC_WEATHER,PROJECT_ASSUMPTION
2024-01-08,CA_QC,"Montreal, QC",-4.143,21.0,19.46,31.4,2,-11.722,0.85,12.46,7.579,20.15,7.0,0,1,1,0,1,0,0,1,1,1,0,3,1,0,1,1,SEVERE,"SEVERE: wetter_than_normal, snowier_than_normal, wet_cold_compound | extreme_event_trigger",RULE_BASED_UNWEIGHTED_WEATHER_DIMENSIONS,DERIVED_FROM_PUBLIC_WEATHER,PROJECT_ASSUMPTION
2024-01-15,CA_QC,"Montreal, QC",-11.1,0.0,2.45,22.6,0,-10.093,0.3,12.81,-1.007,-0.3,-10.36,0,0,1,1,0,0,1,0,0,0,0,1,1,0,1,1,SEVERE,SEVERE: colder_than_normal | extreme_event_trigger,RULE_BASED_UNWEIGHTED_WEATHER_DIMENSIONS,DERIVED_FROM_PUBLIC_WEATHER,PROJECT_ASSUMPTION
2024-01-22,CA_QC,"Montreal, QC",-2.843,9.5,9.66,26.4,3,-11.257,0.1,10.325,8.414,9.4,-0.665,0,0,1,0,1,0,0,0,0,1,0,1,0,0,1,1,NORMAL,NORMAL: isolated adverse dimension without severe compound conditions | wet_cold_compound,RULE_BASED_UNWEIGHTED_WEATHER_DIMENSIONS,DERIVED_FROM_PUBLIC_WEATHER,PROJECT_ASSUMPTION
2024-01-29,CA_QC,"Montreal, QC",-3.8,3.3,0.56,18.6,1,-12.779,2.5,7.945,8.978,0.8,-7.385,0,0,1,0,0,0,0,0,0,0,0,0,0,1,1,1,MILD,MILD: warmer_than_seasonal_reference with no adverse weather dimensions,RULE_BASED_UNWEIGHTED_WEATHER_DIMENSIONS,DERIVED_FROM_PUBLIC_WEATHER,PROJECT_ASSUMPTION
2024-02-05,CA_QC,"Montreal, QC",-0.7,3.4,0.21,22.3,1,-3.672,9.05,5.145,2.972,-5.65,-4.935,0,0,1,0,0,0,0,0,0,0,0,0,0,1,1,1,MILD,MILD: warmer_than_seasonal_reference with no adverse weather dimensions,RULE_BASED_UNWEIGHTED_WEATHER_DIMENSIONS,DERIVED_FROM_PUBLIC_WEATHER,PROJECT_ASSUMPTION
2024-02-12,CA_QC,"Montreal, QC",-6.143,0.1,6.65,29.1,0,-5.486,14.05,12.25,-0.657,-13.95,-5.6,0,0,1,0,0,0,0,0,0,0,0,0,0,0,1,1,NORMAL,NORMAL: no material adverse or mild scenario trigger,RULE_BASED_UNWEIGHTED_WEATHER_DIMENSIONS,DERIVED_FROM_PUBLIC_WEATHER,PROJECT_ASSUMPTION
2024-02-19,CA_QC,"Montreal, QC",-6.586,1.6,0.7,22.4,1,-9.422,9.0,9.17,2.835,-7.4,-8.47,0,0,1,0,0,0,0,0,0,0,0,0,0,1,1,1,MILD,MILD: warmer_than_seasonal_reference with no adverse weather dimensions,RULE_BASED_UNWEIGHTED_WEATHER_DIMENSIONS,DERIVED_FROM_PUBLIC_WEATHER,PROJECT_ASSUMPTION
2024-02-26,CA_QC,"Montreal, QC",-0.157,11.4,1.05,45.2,1,-6.722,2.9,13.475,6.565,8.5,-12.425,0,0,1,0,0,0,0,0,0,0,0,0,0,1,1,1,MILD,MILD: warmer_than_seasonal_reference with no adverse weather dimensions,RULE_BASED_UNWEIGHTED_WEATHER_DIMENSIONS,DERIVED_FROM_PUBLIC_WEATHER,PROJECT_ASSUMPTION
2024-03-04,CA_QC,"Montreal, QC",3.643,19.8,16.94,28.9,3,-2.628,1.05,7.0,6.272,18.75,9.94,0,1,0,0,1,0,0,0,1,1,0,2,1,0,1,1,SEVERE,"SEVERE: snowier_than_normal, wet_cold_compound | extreme_event_trigger",RULE_BASED_UNWEIGHTED_WEATHER_DIMENSIONS,DERIVED_FROM_PUBLIC_WEATHER,PROJECT_ASSUMPTION
2024-03-11,CA_QC,"Montreal, QC",3.171,16.8,0.77,33.3,2,1.614,19.75,1.715,1.557,-2.95,-0.945,0,0,0,0,1,0,0,0,0,1,0,1,0,0,1,1,NORMAL,NORMAL: isolated adverse dimension without severe compound conditions | wet_cold_compound,RULE_BASED_UNWEIGHTED_WEATHER_DIMENSIONS,DERIVED_FROM_PUBLIC_WEATHER,PROJECT_ASSUMPTION
2024-03-18,CA_QC,"Montreal, QC",-3.143,2.9,6.65,33.6,2,1.293,20.25,2.765,-4.436,-17.35,3.885,0,0,1,0,1,0,1,0,0,1,0,2,0,0,1,1,SEVERE,"SEVERE: colder_than_normal, wet_cold_compound",RULE_BASED_UNWEIGHTED_WEATHER_DIMENSIONS,DERIVED_FROM_PUBLIC_WEATHER,PROJECT_ASSUMPTION
2024-03-25,CA_QC,"Montreal, QC",4.514,3.2,0.0,28.9,0,0.107,14.9,3.675,4.407,-11.7,-3.675,0,0,0,0,0,0,0,0,0,0,0,0,0,1,1,1,MILD,MILD: warmer_than_seasonal_reference with no adverse weather dimensions,RULE_BASED_UNWEIGHTED_WEATHER_DIMENSIONS,DERIVED_FROM_PUBLIC_WEATHER,PROJECT_ASSUMPTION
2024-04-01,CA_QC,"Montreal, QC",3.443,6.2,19.32,32.8,2,3.843,37.6,3.85,-0.4,-31.4,15.47,0,1,0,0,1,0,0,0,1,1,0,2,1,0,1,1,SEVERE,"SEVERE: snowier_than_normal, wet_cold_compound | extreme_event_trigger",RULE_BASED_UNWEIGHTED_WEATHER_DIMENSIONS,DERIVED_FROM_PUBLIC_WEATHER,PROJECT_ASSUMPTION
2024-04-08,CA_QC,"Montreal, QC",9.571,67.8,0.0,35.8,0,10.557,19.35,0.0,-0.986,48.45,0.0,1,0,0,0,0,0,0,1,0,0,0,1,0,0,1,1,NORMAL,NORMAL: isolated adverse dimension without severe compound conditions | wetter_than_normal,RULE_BASED_UNWEIGHTED_WEATHER_DIMENSIONS,DERIVED_FROM_PUBLIC_WEATHER,PROJECT_ASSUMPTION
2024-04-15,CA_QC,"Montreal, QC",7.514,11.9,0.0,26.2,0,6.814,33.45,6.615,0.7,-21.55,-6.615,0,0,0,0,0,0,0,0,0,0,0,0,0,0,1,1,NORMAL,NORMAL: no material adverse or mild scenario trigger,RULE_BASED_UNWEIGHTED_WEATHER_DIMENSIONS,DERIVED_FROM_PUBLIC_WEATHER,PROJECT_ASSUMPTION
2024-04-22,CA_QC,"Montreal, QC",7.629,15.1,0.0,25.5,0,8.693,19.9,0.0,-1.064,-4.8,0.0,0,0,0,0,0,0,0,0,0,0,0,0,0,0,1,1,NORMAL,NORMAL: no material adverse or mild scenario trigger,RULE_BASED_UNWEIGHTED_WEATHER_DIMENSIONS,DERIVED_FROM_PUBLIC_WEATHER,PROJECT_ASSUMPTION
2024-04-29,CA_QC,"Montreal, QC",11.129,35.7,0.0,22.1,0,11.072,32.9,0.0,0.057,2.8,0.0,0,0,0,0,0,0,0,0,0,0,0,0,0,0,1,1,NORMAL,NORMAL: no material adverse or mild scenario trigger,RULE_BASED_UNWEIGHTED_WEATHER_DIMENSIONS,DERIVED_FROM_PUBLIC_WEATHER,PROJECT_ASSUMPTION
2024-05-06,CA_QC,"Montreal, QC",12.7,13.3,0.0,22.1,0,16.65,4.05,0.0,-3.95,9.25,0.0,0,0,0,0,0,0,1,0,0,0,0,1,0,0,1,1,NORMAL,NORMAL: isolated adverse dimension without severe compound conditions | colder_than_normal,RULE_BASED_UNWEIGHTED_WEATHER_DIMENSIONS,DERIVED_FROM_PUBLIC_WEATHER,PROJECT_ASSUMPTION
2024-05-13,CA_QC,"Montreal, QC",17.471,17.0,0.0,18.4,0,13.978,24.7,0.0,3.492,-7.7,0.0,0,0,0,0,0,0,0,0,0,0,0,0,0,1,1,1,MILD,MILD: warmer_than_seasonal_reference with no adverse weather dimensions,RULE_BASED_UNWEIGHTED_WEATHER_DIMENSIONS,DERIVED_FROM_PUBLIC_WEATHER,PROJECT_ASSUMPTION
2024-05-20,CA_QC,"Montreal, QC",19.757,13.0,0.0,29.0,0,15.314,26.9,0.0,4.443,-13.9,0.0,0,0,0,0,0,0,0,0,0,0,0,0,0,1,1,1,MILD,MILD: warmer_than_seasonal_reference with no adverse weather dimensions,RULE_BASED_UNWEIGHTED_WEATHER_DIMENSIONS,DERIVED_FROM_PUBLIC_WEATHER,PROJECT_ASSUMPTION
2024-05-27,CA_QC,"Montreal, QC",17.486,28.4,0.0,39.5,0,17.964,7.95,0.0,-0.479,20.45,0.0,0,0,0,0,0,0,0,1,0,0,0,1,0,0,1,1,NORMAL,NORMAL: isolated adverse dimension without severe compound conditions | wetter_than_normal,RULE_BASED_UNWEIGHTED_WEATHER_DIMENSIONS,DERIVED_FROM_PUBLIC_WEATHER,PROJECT_ASSUMPTION
2024-06-03,CA_QC,"Montreal, QC",20.129,40.3,0.0,26.4,0,16.336,27.75,0.0,3.794,12.55,0.0,0,0,0,0,0,0,0,0,0,0,0,0,0,1,1,1,MILD,MILD: warmer_than_seasonal_reference with no adverse weather dimensions,RULE_BASED_UNWEIGHTED_WEATHER_DIMENSIONS,DERIVED_FROM_PUBLIC_WEATHER,PROJECT_ASSUMPTION
2024-06-10,CA_QC,"Montreal, QC",16.743,6.3,0.0,22.0,0,18.343,43.0,0.0,-1.6,-36.7,0.0,0,0,0,0,0,0,0,0,0,0,0,0,0,0,1,1,NORMAL,NORMAL: no material adverse or mild scenario trigger,RULE_BASED_UNWEIGHTED_WEATHER_DIMENSIONS,DERIVED_FROM_PUBLIC_WEATHER,PROJECT_ASSUMPTION
2024-06-17,CA_QC,"Montreal, QC",23.686,67.7,0.0,27.2,0,19.958,35.8,0.0,3.729,31.9,0.0,1,0,0,0,0,0,0,1,0,0,0,1,0,0,1,1,NORMAL,NORMAL: isolated adverse dimension without severe compound conditions | wetter_than_normal,RULE_BASED_UNWEIGHTED_WEATHER_DIMENSIONS,DERIVED_FROM_PUBLIC_WEATHER,PROJECT_ASSUMPTION
2024-06-24,CA_QC,"Montreal, QC",19.714,48.1,0.0,30.0,0,20.771,39.3,0.0,-1.057,8.8,0.0,0,0,0,0,0,0,0,0,0,0,0,0,0,0,1,1,NORMAL,NORMAL: no material adverse or mild scenario trigger,RULE_BASED_UNWEIGHTED_WEATHER_DIMENSIONS,DERIVED_FROM_PUBLIC_WEATHER,PROJECT_ASSUMPTION
2024-07-01,CA_QC,"Montreal, QC",22.7,26.4,0.0,25.9,0,20.733,17.2,0.0,1.967,9.2,0.0,0,0,0,0,0,0,0,0,0,0,0,0,0,0,1,1,NORMAL,NORMAL: no material adverse or mild scenario trigger,RULE_BASED_UNWEIGHTED_WEATHER_DIMENSIONS,DERIVED_FROM_PUBLIC_WEATHER,PROJECT_ASSUMPTION
2024-07-08,CA_QC,"Montreal, QC",22.971,52.6,0.0,22.6,0,21.9,36.367,0.0,1.071,16.233,0.0,1,0,0,0,0,0,0,1,0,0,0,1,0,0,1,1,NORMAL,NORMAL: isolated adverse dimension without severe compound conditions | wetter_than_normal,RULE_BASED_UNWEIGHTED_WEATHER_DIMENSIONS,DERIVED_FROM_PUBLIC_WEATHER,PROJECT_ASSUMPTION
2024-07-15,CA_QC,"Montreal, QC",21.857,16.4,0.0,24.6,0,22.119,43.3,0.0,-0.262,-26.9,0.0,0,0,0,0,0,0,0,0,0,0,0,0,0,0,1,1,NORMAL,NORMAL: no material adverse or mild scenario trigger,RULE_BASED_UNWEIGHTED_WEATHER_DIMENSIONS,DERIVED_FROM_PUBLIC_WEATHER,PROJECT_ASSUMPTION
2024-07-22,CA_QC,"Montreal, QC",21.186,20.1,0.0,27.5,0,20.076,30.567,0.0,1.11,-10.467,0.0,0,0,0,0,0,0,0,0,0,0,0,0,0,0,1,1,NORMAL,NORMAL: no material adverse or mild scenario trigger,RULE_BASED_UNWEIGHTED_WEATHER_DIMENSIONS,DERIVED_FROM_PUBLIC_WEATHER,PROJECT_ASSUMPTION
2024-07-29,CA_QC,"Montreal, QC",24.671,44.5,0.0,16.7,0,20.976,18.0,0.0,3.695,26.5,0.0,0,0,0,0,0,0,0,1,0,0,0,1,0,0,1,1,NORMAL,NORMAL: isolated adverse dimension without severe compound conditions | wetter_than_normal,RULE_BASED_UNWEIGHTED_WEATHER_DIMENSIONS,DERIVED_FROM_PUBLIC_WEATHER,PROJECT_ASSUMPTION
2024-08-05,CA_QC,"Montreal, QC",19.057,125.7,0.0,24.1,0,20.638,42.767,0.0,-1.581,82.933,0.0,1,0,0,0,0,0,0,1,0,0,0,1,0,0,1,1,NORMAL,NORMAL: isolated adverse dimension without severe compound conditions | wetter_than_normal,RULE_BASED_UNWEIGHTED_WEATHER_DIMENSIONS,DERIVED_FROM_PUBLIC_WEATHER,PROJECT_ASSUMPTION
2024-08-12,CA_QC,"Montreal, QC",21.429,8.0,0.0,23.2,0,21.409,18.633,0.0,0.02,-10.633,0.0,0,0,0,0,0,0,0,0,0,0,0,0,0,0,1,1,NORMAL,NORMAL: no material adverse or mild scenario trigger,RULE_BASED_UNWEIGHTED_WEATHER_DIMENSIONS,DERIVED_FROM_PUBLIC_WEATHER,PROJECT_ASSUMPTION
2024-08-19,CA_QC,"Montreal, QC",17.3,59.1,0.0,24.3,0,20.295,23.167,0.0,-2.995,35.933,0.0,1,0,0,0,0,0,1,1,0,0,0,2,0,0,1,1,SEVERE,"SEVERE: colder_than_normal, wetter_than_normal",RULE_BASED_UNWEIGHTED_WEATHER_DIMENSIONS,DERIVED_FROM_PUBLIC_WEATHER,PROJECT_ASSUMPTION
2024-08-26,CA_QC,"Montreal, QC",19.171,26.7,0.0,26.6,0,18.628,25.033,0.0,0.543,1.667,0.0,0,0,0,0,0,0,0,0,0,0,0,0,0,0,1,1,NORMAL,NORMAL: no material adverse or mild scenario trigger,RULE_BASED_UNWEIGHTED_WEATHER_DIMENSIONS,DERIVED_FROM_PUBLIC_WEATHER,PROJECT_ASSUMPTION
2024-09-02,CA_QC,"Montreal, QC",15.943,18.0,0.0,30.9,0,19.252,16.0,0.0,-3.309,2.0,0.0,0,0,0,0,0,0,1,0,0,0,0,1,0,0,1,1,NORMAL,NORMAL: isolated adverse dimension without severe compound conditions | colder_than_normal,RULE_BASED_UNWEIGHTED_WEATHER_DIMENSIONS,DERIVED_FROM_PUBLIC_WEATHER,PROJECT_ASSUMPTION
2024-09-09,CA_QC,"Montreal, QC",17.0,1.1,0.0,26.7,0,16.248,22.633,0.0,0.752,-21.533,0.0,0,0,0,0,0,0,0,0,0,0,0,0,0,0,1,1,NORMAL,NORMAL: no material adverse or mild scenario trigger,RULE_BASED_UNWEIGHTED_WEATHER_DIMENSIONS,DERIVED_FROM_PUBLIC_WEATHER,PROJECT_ASSUMPTION
2024-09-16,CA_QC,"Montreal, QC",18.929,0.5,0.0,15.9,0,15.086,29.5,0.0,3.843,-29.0,0.0,0,0,0,0,0,0,0,0,0,0,0,0,0,1,1,1,MILD,MILD: warmer_than_seasonal_reference with no adverse weather dimensions,RULE_BASED_UNWEIGHTED_WEATHER_DIMENSIONS,DERIVED_FROM_PUBLIC_WEATHER,PROJECT_ASSUMPTION
2024-09-23,CA_QC,"Montreal, QC",15.4,25.7,0.0,23.2,0,11.938,14.3,0.0,3.462,11.4,0.0,0,0,0,0,0,0,0,0,0,0,0,0,0,1,1,1,MILD,MILD: warmer_than_seasonal_reference with no adverse weather dimensions,RULE_BASED_UNWEIGHTED_WEATHER_DIMENSIONS,DERIVED_FROM_PUBLIC_WEATHER,PROJECT_ASSUMPTION
2024-09-30,CA_QC,"Montreal, QC",14.357,8.5,0.0,18.2,0,13.214,25.833,0.0,1.143,-17.333,0.0,0,0,0,0,0,0,0,0,0,0,0,0,0,0,1,1,NORMAL,NORMAL: no material adverse or mild scenario trigger,RULE_BASED_UNWEIGHTED_WEATHER_DIMENSIONS,DERIVED_FROM_PUBLIC_WEATHER,PROJECT_ASSUMPTION
2024-10-07,CA_QC,"Montreal, QC",9.529,6.9,0.0,33.7,0,11.957,26.0,0.0,-2.428,-19.1,0.0,0,0,0,0,0,0,1,0,0,0,0,1,0,0,1,1,NORMAL,NORMAL: isolated adverse dimension without severe compound conditions | colder_than_normal,RULE_BASED_UNWEIGHTED_WEATHER_DIMENSIONS,DERIVED_FROM_PUBLIC_WEATHER,PROJECT_ASSUMPTION
2024-10-14,CA_QC,"Montreal, QC",7.814,16.9,0.0,27.0,0,9.638,24.833,0.0,-1.824,-7.933,0.0,0,0,0,0,0,0,0,0,0,0,0,0,0,0,1,1,NORMAL,NORMAL: no material adverse or mild scenario trigger,RULE_BASED_UNWEIGHTED_WEATHER_DIMENSIONS,DERIVED_FROM_PUBLIC_WEATHER,PROJECT_ASSUMPTION
2024-10-21,CA_QC,"Montreal, QC",10.629,1.3,0.0,27.2,0,9.719,29.033,0.0,0.91,-27.733,0.0,0,0,0,0,0,0,0,0,0,0,0,0,0,0,1,1,NORMAL,NORMAL: no material adverse or mild scenario trigger,RULE_BASED_UNWEIGHTED_WEATHER_DIMENSIONS,DERIVED_FROM_PUBLIC_WEATHER,PROJECT_ASSUMPTION
2024-10-28,CA_QC,"Montreal, QC",8.3,24.6,0.0,34.5,0,6.329,6.1,1.727,1.971,18.5,-1.727,0,0,0,0,0,0,0,0,0,0,0,0,0,0,1,1,NORMAL,NORMAL: no material adverse or mild scenario trigger,RULE_BASED_UNWEIGHTED_WEATHER_DIMENSIONS,DERIVED_FROM_PUBLIC_WEATHER,PROJECT_ASSUMPTION
2024-11-04,CA_QC,"Montreal, QC",8.329,11.4,0.0,29.9,1,5.362,29.9,1.47,2.967,-18.5,-1.47,0,0,0,0,0,0,0,0,0,0,0,0,0,1,1,1,MILD,MILD: warmer_than_seasonal_reference with no adverse weather dimensions,RULE_BASED_UNWEIGHTED_WEATHER_DIMENSIONS,DERIVED_FROM_PUBLIC_WEATHER,PROJECT_ASSUMPTION
2024-11-11,CA_QC,"Montreal, QC",3.3,16.4,0.0,26.9,1,0.886,13.0,4.06,2.414,3.4,-4.06,0,0,0,0,0,0,0,0,0,0,0,0,0,1,1,1,MILD,MILD: warmer_than_seasonal_reference with no adverse weather dimensions,RULE_BASED_UNWEIGHTED_WEATHER_DIMENSIONS,DERIVED_FROM_PUBLIC_WEATHER,PROJECT_ASSUMPTION
2024-11-18,CA_QC,"Montreal, QC",5.214,19.7,0.0,31.8,1,-0.981,7.267,5.133,6.195,12.433,-5.133,0,0,0,0,0,0,0,0,0,0,0,0,0,1,1,1,MILD,MILD: warmer_than_seasonal_reference with no adverse weather dimensions,RULE_BASED_UNWEIGHTED_WEATHER_DIMENSIONS,DERIVED_FROM_PUBLIC_WEATHER,PROJECT_ASSUMPTION
2024-11-25,CA_QC,"Montreal, QC",0.971,15.4,3.43,28.6,2,-0.771,17.2,4.177,1.742,-1.8,-0.747,0,0,0,0,1,0,0,0,0,1,0,1,0,0,1,1,NORMAL,NORMAL: isolated adverse dimension without severe compound conditions | wet_cold_compound,RULE_BASED_UNWEIGHTED_WEATHER_DIMENSIONS,DERIVED_FROM_PUBLIC_WEATHER,PROJECT_ASSUMPTION
2024-12-02,CA_QC,"Montreal, QC",-3.786,0.6,12.32,27.0,0,-2.786,23.967,8.027,-1.0,-23.367,4.293,0,0,1,0,0,0,0,0,0,0,0,0,0,0,1,1,NORMAL,NORMAL: no material adverse or mild scenario trigger,RULE_BASED_UNWEIGHTED_WEATHER_DIMENSIONS,DERIVED_FROM_PUBLIC_WEATHER,PROJECT_ASSUMPTION
2024-12-09,CA_QC,"Montreal, QC",-4.571,30.1,7.42,32.8,3,-0.7,5.067,7.117,-3.871,25.033,0.303,0,0,1,0,1,0,1,1,0,1,0,3,0,0,1,1,SEVERE,"SEVERE: colder_than_normal, wetter_than_normal, wet_cold_compound",RULE_BASED_UNWEIGHTED_WEATHER_DIMENSIONS,DERIVED_FROM_PUBLIC_WEATHER,PROJECT_ASSUMPTION
2024-12-16,CA_QC,"Montreal, QC",-4.543,10.2,2.45,30.5,1,-4.862,22.0,4.597,0.319,-11.8,-2.147,0,0,1,0,0,0,0,0,0,0,0,0,0,0,1,1,NORMAL,NORMAL: no material adverse or mild scenario trigger,RULE_BASED_UNWEIGHTED_WEATHER_DIMENSIONS,DERIVED_FROM_PUBLIC_WEATHER,PROJECT_ASSUMPTION
2024-12-23,CA_QC,"Montreal, QC",-10.114,6.3,6.86,13.7,1,-1.567,10.667,4.27,-8.547,-4.367,2.59,0,0,1,1,0,0,1,0,0,0,0,1,1,0,1,1,SEVERE,SEVERE: colder_than_normal | extreme_event_trigger,RULE_BASED_UNWEIGHTED_WEATHER_DIMENSIONS,DERIVED_FROM_PUBLIC_WEATHER,PROJECT_ASSUMPTION
2024-12-30,CA_QC,"Montreal, QC",-2.686,8.6,6.86,37.6,1,-5.514,3.133,6.557,2.828,5.467,0.303,0,0,1,0,0,0,0,0,0,0,0,0,0,1,1,1,MILD,MILD: warmer_than_seasonal_reference with no adverse weather dimensions,RULE_BASED_UNWEIGHTED_WEATHER_DIMENSIONS,DERIVED_FROM_PUBLIC_WEATHER,PROJECT_ASSUMPTION
2025-01-06,CA_QC,"Montreal, QC",-10.014,0.0,9.03,27.2,0,-9.195,7.567,14.793,-0.819,-7.567,-5.763,0,0,1,1,0,0,1,0,0,0,0,1,1,0,1,1,SEVERE,SEVERE: colder_than_normal | extreme_event_trigger,RULE_BASED_UNWEIGHTED_WEATHER_DIMENSIONS,DERIVED_FROM_PUBLIC_WEATHER,PROJECT_ASSUMPTION
2025-01-13,CA_QC,"Montreal, QC",-5.886,1.6,4.41,27.6,1,-10.429,0.2,9.357,4.543,1.4,-4.947,0,0,1,0,0,0,0,0,0,0,0,0,0,1,1,1,MILD,MILD: warmer_than_seasonal_reference with no adverse weather dimensions,RULE_BASED_UNWEIGHTED_WEATHER_DIMENSIONS,DERIVED_FROM_PUBLIC_WEATHER,PROJECT_ASSUMPTION
2025-01-20,CA_QC,"Montreal, QC",-12.886,0.0,2.66,31.4,0,-8.452,3.233,10.103,-4.434,-3.233,-7.443,0,0,1,1,0,0,1,0,0,0,0,1,1,0,1,1,SEVERE,SEVERE: colder_than_normal | extreme_event_trigger,RULE_BASED_UNWEIGHTED_WEATHER_DIMENSIONS,DERIVED_FROM_PUBLIC_WEATHER,PROJECT_ASSUMPTION
2025-01-27,CA_QC,"Montreal, QC",-12.043,0.1,6.44,37.2,0,-9.786,2.767,5.483,-2.257,-2.667,0.957,0,0,1,1,0,0,1,0,0,0,0,1,1,0,1,1,SEVERE,SEVERE: colder_than_normal | extreme_event_trigger,RULE_BASED_UNWEIGHTED_WEATHER_DIMENSIONS,DERIVED_FROM_PUBLIC_WEATHER,PROJECT_ASSUMPTION
2025-02-03,CA_QC,"Montreal, QC",-9.014,0.3,10.5,36.5,0,-2.681,7.167,3.5,-6.333,-6.867,7.0,0,0,1,0,0,0,1,0,1,0,0,2,0,0,1,1,SEVERE,"SEVERE: colder_than_normal, snowier_than_normal",RULE_BASED_UNWEIGHTED_WEATHER_DIMENSIONS,DERIVED_FROM_PUBLIC_WEATHER,PROJECT_ASSUMPTION
2025-02-10,CA_QC,"Montreal, QC",-10.671,0.5,33.95,35.9,0,-5.705,9.4,10.383,-4.966,-8.9,23.567,0,1,1,1,0,0,1,0,1,0,0,2,1,0,1,1,SEVERE,"SEVERE: colder_than_normal, snowier_than_normal | extreme_event_trigger",RULE_BASED_UNWEIGHTED_WEATHER_DIMENSIONS,DERIVED_FROM_PUBLIC_WEATHER,PROJECT_ASSUMPTION
2025-02-17,CA_QC,"Montreal, QC",-10.514,0.0,2.66,38.5,0,-8.476,6.533,6.347,-2.038,-6.533,-3.687,0,0,1,1,0,0,1,0,0,0,0,1,1,0,1,1,SEVERE,SEVERE: colder_than_normal | extreme_event_trigger,RULE_BASED_UNWEIGHTED_WEATHER_DIMENSIONS,DERIVED_FROM_PUBLIC_WEATHER,PROJECT_ASSUMPTION
2025-02-24,CA_QC,"Montreal, QC",-3.957,8.8,5.6,31.2,3,-4.533,5.733,9.333,0.576,3.067,-3.733,0,0,1,0,1,0,0,0,0,1,0,1,0,0,1,1,NORMAL,NORMAL: isolated adverse dimension without severe compound conditions | wet_cold_compound,RULE_BASED_UNWEIGHTED_WEATHER_DIMENSIONS,DERIVED_FROM_PUBLIC_WEATHER,PROJECT_ASSUMPTION
2025-03-03,CA_QC,"Montreal, QC",-3.357,16.5,5.95,35.1,2,-0.538,7.3,10.313,-2.819,9.2,-4.363,0,0,1,0,1,0,1,0,0,1,0,2,0,0,1,1,SEVERE,"SEVERE: colder_than_normal, wet_cold_compound",RULE_BASED_UNWEIGHTED_WEATHER_DIMENSIONS,DERIVED_FROM_PUBLIC_WEATHER,PROJECT_ASSUMPTION
2025-03-10,CA_QC,"Montreal, QC",1.457,10.8,2.59,29.9,0,2.133,18.767,1.4,-0.676,-7.967,1.19,0,0,0,0,0,0,0,0,0,0,0,0,0,0,1,1,NORMAL,NORMAL: no material adverse or mild scenario trigger,RULE_BASED_UNWEIGHTED_WEATHER_DIMENSIONS,DERIVED_FROM_PUBLIC_WEATHER,PROJECT_ASSUMPTION
2025-03-17,CA_QC,"Montreal, QC",2.529,6.3,0.77,31.3,3,-0.186,14.467,4.06,2.715,-8.167,-3.29,0,0,0,0,1,0,0,0,0,1,0,1,0,0,1,1,NORMAL,NORMAL: isolated adverse dimension without severe compound conditions | wet_cold_compound,RULE_BASED_UNWEIGHTED_WEATHER_DIMENSIONS,DERIVED_FROM_PUBLIC_WEATHER,PROJECT_ASSUMPTION
2025-03-24,CA_QC,"Montreal, QC",-0.143,15.4,9.24,22.8,2,1.576,11.0,2.45,-1.719,4.4,6.79,0,0,1,0,1,0,0,0,1,1,0,2,0,0,1,1,SEVERE,"SEVERE: snowier_than_normal, wet_cold_compound",RULE_BASED_UNWEIGHTED_WEATHER_DIMENSIONS,DERIVED_FROM_PUBLIC_WEATHER,PROJECT_ASSUMPTION
2025-03-31,CA_QC,"Montreal, QC",3.8,36.2,1.89,30.8,1,3.709,27.133,9.007,0.091,9.067,-7.117,0,0,0,0,0,0,0,0,0,0,0,0,0,0,1,1,NORMAL,NORMAL: no material adverse or mild scenario trigger,RULE_BASED_UNWEIGHTED_WEATHER_DIMENSIONS,DERIVED_FROM_PUBLIC_WEATHER,PROJECT_ASSUMPTION
2025-04-07,CA_QC,"Montreal, QC",2.643,3.1,7.42,22.7,1,10.228,35.5,0.0,-7.585,-32.4,7.42,0,0,0,0,0,0,1,0,1,0,0,2,0,0,1,1,SEVERE,"SEVERE: colder_than_normal, snowier_than_normal",RULE_BASED_UNWEIGHTED_WEATHER_DIMENSIONS,DERIVED_FROM_PUBLIC_WEATHER,PROJECT_ASSUMPTION
2025-04-14,CA_QC,"Montreal, QC",7.5,12.2,0.42,31.7,0,7.047,26.267,4.41,0.453,-14.067,-3.99,0,0,0,0,0,0,0,0,0,0,0,0,0,0,1,1,NORMAL,NORMAL: no material adverse or mild scenario trigger,RULE_BASED_UNWEIGHTED_WEATHER_DIMENSIONS,DERIVED_FROM_PUBLIC_WEATHER,PROJECT_ASSUMPTION
2025-04-21,CA_QC,"Montreal, QC",9.143,35.5,0.0,26.5,0,8.338,18.3,0.0,0.805,17.2,0.0,0,0,0,0,0,0,0,0,0,0,0,0,0,0,1,1,NORMAL,NORMAL: no material adverse or mild scenario trigger,RULE_BASED_UNWEIGHTED_WEATHER_DIMENSIONS,DERIVED_FROM_PUBLIC_WEATHER,PROJECT_ASSUMPTION
2025-04-28,CA_QC,"Montreal, QC",12.114,24.0,0.0,34.6,0,11.091,33.833,0.0,1.023,-9.833,0.0,0,0,0,0,0,0,0,0,0,0,0,0,0,0,1,1,NORMAL,NORMAL: no material adverse or mild scenario trigger,RULE_BASED_UNWEIGHTED_WEATHER_DIMENSIONS,DERIVED_FROM_PUBLIC_WEATHER,PROJECT_ASSUMPTION
2025-05-05,CA_QC,"Montreal, QC",12.3,26.1,0.0,25.1,0,15.333,7.133,0.0,-3.033,18.967,0.0,0,0,0,0,0,0,1,0,0,0,0,1,0,0,1,1,NORMAL,NORMAL: isolated adverse dimension without severe compound conditions | colder_than_normal,RULE_BASED_UNWEIGHTED_WEATHER_DIMENSIONS,DERIVED_FROM_PUBLIC_WEATHER,PROJECT_ASSUMPTION
2025-05-12,CA_QC,"Montreal, QC",17.843,26.2,0.0,22.2,0,15.143,22.133,0.0,2.7,4.067,0.0,0,0,0,0,0,0,0,0,0,0,0,0,0,1,1,1,MILD,MILD: warmer_than_seasonal_reference with no adverse weather dimensions,RULE_BASED_UNWEIGHTED_WEATHER_DIMENSIONS,DERIVED_FROM_PUBLIC_WEATHER,PROJECT_ASSUMPTION
2025-05-19,CA_QC,"Montreal, QC",9.857,28.2,0.0,25.1,0,16.795,22.267,0.0,-6.938,5.933,0.0,0,0,0,0,0,0,1,0,0,0,0,1,0,0,1,1,NORMAL,NORMAL: isolated adverse dimension without severe compound conditions | colder_than_normal,RULE_BASED_UNWEIGHTED_WEATHER_DIMENSIONS,DERIVED_FROM_PUBLIC_WEATHER,PROJECT_ASSUMPTION
2025-05-26,CA_QC,"Montreal, QC",15.571,23.2,0.0,29.6,0,17.805,14.767,0.0,-2.234,8.433,0.0,0,0,0,0,0,0,1,0,0,0,0,1,0,0,1,1,NORMAL,NORMAL: isolated adverse dimension without severe compound conditions | colder_than_normal,RULE_BASED_UNWEIGHTED_WEATHER_DIMENSIONS,DERIVED_FROM_PUBLIC_WEATHER,PROJECT_ASSUMPTION
2025-06-02,CA_QC,"Montreal, QC",19.114,0.9,0.0,21.7,0,17.6,31.933,0.0,1.514,-31.033,0.0,0,0,0,0,0,0,0,0,0,0,0,0,0,0,1,1,NORMAL,NORMAL: no material adverse or mild scenario trigger,RULE_BASED_UNWEIGHTED_WEATHER_DIMENSIONS,DERIVED_FROM_PUBLIC_WEATHER,PROJECT_ASSUMPTION
2025-06-09,CA_QC,"Montreal, QC",17.129,20.6,0.0,26.2,0,17.81,30.767,0.0,-0.681,-10.167,0.0,0,0,0,0,0,0,0,0,0,0,0,0,0,0,1,1,NORMAL,NORMAL: no material adverse or mild scenario trigger,RULE_BASED_UNWEIGHTED_WEATHER_DIMENSIONS,DERIVED_FROM_PUBLIC_WEATHER,PROJECT_ASSUMPTION
2025-06-16,CA_QC,"Montreal, QC",21.543,33.3,0.0,30.8,0,21.2,46.433,0.0,0.343,-13.133,0.0,0,0,0,0,0,0,0,0,0,0,0,0,0,0,1,1,NORMAL,NORMAL: no material adverse or mild scenario trigger,RULE_BASED_UNWEIGHTED_WEATHER_DIMENSIONS,DERIVED_FROM_PUBLIC_WEATHER,PROJECT_ASSUMPTION
2025-06-23,CA_QC,"Montreal, QC",22.129,32.2,0.0,22.2,0,20.419,42.233,0.0,1.71,-10.033,0.0,0,0,0,0,0,0,0,0,0,0,0,0,0,0,1,1,NORMAL,NORMAL: no material adverse or mild scenario trigger,RULE_BASED_UNWEIGHTED_WEATHER_DIMENSIONS,DERIVED_FROM_PUBLIC_WEATHER,PROJECT_ASSUMPTION
2025-06-30,CA_QC,"Montreal, QC",21.957,31.1,0.0,22.6,0,21.225,19.5,0.0,0.732,11.6,0.0,0,0,0,0,0,0,0,0,0,0,0,0,0,0,1,1,NORMAL,NORMAL: no material adverse or mild scenario trigger,RULE_BASED_UNWEIGHTED_WEATHER_DIMENSIONS,DERIVED_FROM_PUBLIC_WEATHER,PROJECT_ASSUMPTION
2025-07-07,CA_QC,"Montreal, QC",22.571,24.3,0.0,19.2,0,22.168,40.425,0.0,0.403,-16.125,0.0,0,0,0,0,0,0,0,0,0,0,0,0,0,0,1,1,NORMAL,NORMAL: no material adverse or mild scenario trigger,RULE_BASED_UNWEIGHTED_WEATHER_DIMENSIONS,DERIVED_FROM_PUBLIC_WEATHER,PROJECT_ASSUMPTION
2025-07-14,CA_QC,"Montreal, QC",22.714,24.0,0.0,29.2,0,22.054,36.575,0.0,0.66,-12.575,0.0,0,0,0,0,0,0,0,0,0,0,0,0,0,0,1,1,NORMAL,NORMAL: no material adverse or mild scenario trigger,RULE_BASED_UNWEIGHTED_WEATHER_DIMENSIONS,DERIVED_FROM_PUBLIC_WEATHER,PROJECT_ASSUMPTION
2025-07-21,CA_QC,"Montreal, QC",21.329,2.6,0.0,24.7,0,20.354,27.95,0.0,0.976,-25.35,0.0,0,0,0,0,0,0,0,0,0,0,0,0,0,0,1,1,NORMAL,NORMAL: no material adverse or mild scenario trigger,RULE_BASED_UNWEIGHTED_WEATHER_DIMENSIONS,DERIVED_FROM_PUBLIC_WEATHER,PROJECT_ASSUMPTION
2025-07-28,CA_QC,"Montreal, QC",21.443,3.9,0.0,21.5,0,21.9,24.625,0.0,-0.457,-20.725,0.0,0,0,0,0,0,0,0,0,0,0,0,0,0,0,1,1,NORMAL,NORMAL: no material adverse or mild scenario trigger,RULE_BASED_UNWEIGHTED_WEATHER_DIMENSIONS,DERIVED_FROM_PUBLIC_WEATHER,PROJECT_ASSUMPTION
2025-08-04,CA_QC,"Montreal, QC",21.871,2.1,0.0,14.9,0,20.243,63.5,0.0,1.628,-61.4,0.0,0,0,0,0,0,0,0,0,0,0,0,0,0,0,1,1,NORMAL,NORMAL: no material adverse or mild scenario trigger,RULE_BASED_UNWEIGHTED_WEATHER_DIMENSIONS,DERIVED_FROM_PUBLIC_WEATHER,PROJECT_ASSUMPTION
2025-08-11,CA_QC,"Montreal, QC",22.557,15.6,0.0,21.7,0,21.414,15.975,0.0,1.143,-0.375,0.0,0,0,0,0,0,0,0,0,0,0,0,0,0,0,1,1,NORMAL,NORMAL: no material adverse or mild scenario trigger,RULE_BASED_UNWEIGHTED_WEATHER_DIMENSIONS,DERIVED_FROM_PUBLIC_WEATHER,PROJECT_ASSUMPTION
2025-08-18,CA_QC,"Montreal, QC",18.971,20.9,0.0,19.5,0,19.546,32.15,0.0,-0.576,-11.25,0.0,0,0,0,0,0,0,0,0,0,0,0,0,0,0,1,1,NORMAL,NORMAL: no material adverse or mild scenario trigger,RULE_BASED_UNWEIGHTED_WEATHER_DIMENSIONS,DERIVED_FROM_PUBLIC_WEATHER,PROJECT_ASSUMPTION
2025-08-25,CA_QC,"Montreal, QC",16.386,23.5,0.0,23.2,0,18.764,25.45,0.0,-2.378,-1.95,0.0,0,0,0,0,0,0,1,0,0,0,0,1,0,0,1,1,NORMAL,NORMAL: isolated adverse dimension without severe compound conditions | colder_than_normal,RULE_BASED_UNWEIGHTED_WEATHER_DIMENSIONS,DERIVED_FROM_PUBLIC_WEATHER,PROJECT_ASSUMPTION
2025-09-01,CA_QC,"Montreal, QC",17.6,24.8,0.0,27.8,0,18.425,16.5,0.0,-0.825,8.3,0.0,0,0,0,0,0,0,0,0,0,0,0,0,0,0,1,1,NORMAL,NORMAL: no material adverse or mild scenario trigger,RULE_BASED_UNWEIGHTED_WEATHER_DIMENSIONS,DERIVED_FROM_PUBLIC_WEATHER,PROJECT_ASSUMPTION
2025-09-08,CA_QC,"Montreal, QC",14.743,0.9,0.0,16.0,0,16.436,17.25,0.0,-1.693,-16.35,0.0,0,0,0,0,0,0,0,0,0,0,0,0,0,0,1,1,NORMAL,NORMAL: no material adverse or mild scenario trigger,RULE_BASED_UNWEIGHTED_WEATHER_DIMENSIONS,DERIVED_FROM_PUBLIC_WEATHER,PROJECT_ASSUMPTION
2025-09-15,CA_QC,"Montreal, QC",14.5,0.0,0.0,18.6,0,16.047,22.25,0.0,-1.547,-22.25,0.0,0,0,0,0,0,0,0,0,0,0,0,0,0,0,1,1,NORMAL,NORMAL: no material adverse or mild scenario trigger,RULE_BASED_UNWEIGHTED_WEATHER_DIMENSIONS,DERIVED_FROM_PUBLIC_WEATHER,PROJECT_ASSUMPTION
2025-09-22,CA_QC,"Montreal, QC",16.7,28.5,0.0,21.3,0,12.804,17.15,0.0,3.896,11.35,0.0,0,0,0,0,0,0,0,0,0,0,0,0,0,1,1,1,MILD,MILD: warmer_than_seasonal_reference with no adverse weather dimensions,RULE_BASED_UNWEIGHTED_WEATHER_DIMENSIONS,DERIVED_FROM_PUBLIC_WEATHER,PROJECT_ASSUMPTION
2025-09-29,CA_QC,"Montreal, QC",14.229,0.0,0.0,20.4,0,13.5,21.5,0.0,0.729,-21.5,0.0,0,0,0,0,0,0,0,0,0,0,0,0,0,0,1,1,NORMAL,NORMAL: no material adverse or mild scenario trigger,RULE_BASED_UNWEIGHTED_WEATHER_DIMENSIONS,DERIVED_FROM_PUBLIC_WEATHER,PROJECT_ASSUMPTION
2025-10-06,CA_QC,"Montreal, QC",12.1,25.6,0.0,19.2,0,11.35,21.225,0.0,0.75,4.375,0.0,0,0,0,0,0,0,0,0,0,0,0,0,0,0,1,1,NORMAL,NORMAL: no material adverse or mild scenario trigger,RULE_BASED_UNWEIGHTED_WEATHER_DIMENSIONS,DERIVED_FROM_PUBLIC_WEATHER,PROJECT_ASSUMPTION
2025-10-13,CA_QC,"Montreal, QC",9.843,0.2,0.0,26.5,0,9.182,22.85,0.0,0.661,-22.65,0.0,0,0,0,0,0,0,0,0,0,0,0,0,0,0,1,1,NORMAL,NORMAL: no material adverse or mild scenario trigger,RULE_BASED_UNWEIGHTED_WEATHER_DIMENSIONS,DERIVED_FROM_PUBLIC_WEATHER,PROJECT_ASSUMPTION
2025-10-20,CA_QC,"Montreal, QC",9.386,50.9,0.0,26.1,0,9.946,22.1,0.0,-0.561,28.8,0.0,1,0,0,0,0,0,0,1,0,0,0,1,0,0,1,1,NORMAL,NORMAL: isolated adverse dimension without severe compound conditions | wetter_than_normal,RULE_BASED_UNWEIGHTED_WEATHER_DIMENSIONS,DERIVED_FROM_PUBLIC_WEATHER,PROJECT_ASSUMPTION
2025-10-27,CA_QC,"Montreal, QC",5.743,69.3,0.0,31.0,1,6.822,10.725,1.295,-1.078,58.575,-1.295,1,0,0,0,0,0,0,1,0,0,0,1,0,0,1,1,NORMAL,NORMAL: isolated adverse dimension without severe compound conditions | wetter_than_normal,RULE_BASED_UNWEIGHTED_WEATHER_DIMENSIONS,DERIVED_FROM_PUBLIC_WEATHER,PROJECT_ASSUMPTION
2025-11-03,CA_QC,"Montreal, QC",3.871,30.2,4.69,29.0,4,6.104,25.275,1.102,-2.233,4.925,3.588,0,0,0,0,1,0,1,0,0,1,0,2,0,0,1,1,SEVERE,"SEVERE: colder_than_normal, wet_cold_compound",RULE_BASED_UNWEIGHTED_WEATHER_DIMENSIONS,DERIVED_FROM_PUBLIC_WEATHER,PROJECT_ASSUMPTION
2025-11-10,CA_QC,"Montreal, QC",-0.071,17.6,22.05,27.0,3,1.489,13.85,3.045,-1.56,3.75,19.005,0,1,1,0,1,0,0,0,1,1,0,2,1,0,1,1,SEVERE,"SEVERE: snowier_than_normal, wet_cold_compound | extreme_event_trigger",RULE_BASED_UNWEIGHTED_WEATHER_DIMENSIONS,DERIVED_FROM_PUBLIC_WEATHER,PROJECT_ASSUMPTION
2025-11-17,CA_QC,"Montreal, QC",-1.6,3.1,2.38,28.5,1,0.568,10.375,3.85,-2.168,-7.275,-1.47,0,0,1,0,0,0,1,0,0,0,0,1,0,0,1,1,NORMAL,NORMAL: isolated adverse dimension without severe compound conditions | colder_than_normal,RULE_BASED_UNWEIGHTED_WEATHER_DIMENSIONS,DERIVED_FROM_PUBLIC_WEATHER,PROJECT_ASSUMPTION
2025-11-24,CA_QC,"Montreal, QC",0.757,13.8,3.01,29.3,2,-0.336,16.75,3.99,1.093,-2.95,-0.98,0,0,0,0,1,0,0,0,0,1,0,1,0,0,1,1,NORMAL,NORMAL: isolated adverse dimension without severe compound conditions | wet_cold_compound,RULE_BASED_UNWEIGHTED_WEATHER_DIMENSIONS,DERIVED_FROM_PUBLIC_WEATHER,PROJECT_ASSUMPTION
2025-12-01,CA_QC,"Montreal, QC",-7.829,0.4,6.02,31.9,0,-3.036,18.125,9.1,-4.793,-17.725,-3.08,0,0,1,0,0,0,1,0,0,0,0,1,0,0,1,1,NORMAL,NORMAL: isolated adverse dimension without severe compound conditions | colder_than_normal,RULE_BASED_UNWEIGHTED_WEATHER_DIMENSIONS,DERIVED_FROM_PUBLIC_WEATHER,PROJECT_ASSUMPTION
2025-12-08,CA_QC,"Montreal, QC",-9.771,0.0,12.04,29.8,0,-1.668,11.325,7.193,-8.103,-11.325,4.847,0,0,1,0,0,0,1,0,0,0,0,1,0,0,1,1,NORMAL,NORMAL: isolated adverse dimension without severe compound conditions | colder_than_normal,RULE_BASED_UNWEIGHTED_WEATHER_DIMENSIONS,DERIVED_FROM_PUBLIC_WEATHER,PROJECT_ASSUMPTION
2025-12-15,CA_QC,"Montreal, QC",-3.243,17.6,0.98,43.1,2,-4.782,19.05,4.06,1.539,-1.45,-3.08,0,0,1,0,1,0,0,0,0,1,0,1,0,0,1,1,NORMAL,NORMAL: isolated adverse dimension without severe compound conditions | wet_cold_compound,RULE_BASED_UNWEIGHTED_WEATHER_DIMENSIONS,DERIVED_FROM_PUBLIC_WEATHER,PROJECT_ASSUMPTION
2025-12-22,CA_QC,"Montreal, QC",-11.271,0.0,9.66,20.9,0,-3.704,9.575,4.918,-7.568,-9.575,4.742,0,0,1,1,0,0,1,0,0,0,0,1,1,0,1,1,SEVERE,SEVERE: colder_than_normal | extreme_event_trigger,RULE_BASED_UNWEIGHTED_WEATHER_DIMENSIONS,DERIVED_FROM_PUBLIC_WEATHER,PROJECT_ASSUMPTION
2025-12-29,CA_QC,"Montreal, QC",-12.643,16.9,3.43,33.1,1,-4.807,4.5,6.632,-7.836,12.4,-3.202,0,0,1,1,0,0,1,0,0,0,0,1,1,0,1,1,SEVERE,SEVERE: colder_than_normal | extreme_event_trigger,RULE_BASED_UNWEIGHTED_WEATHER_DIMENSIONS,DERIVED_FROM_PUBLIC_WEATHER,PROJECT_ASSUMPTION
2026-01-05,CA_QC,"Montreal, QC",-3.914,9.9,13.44,41.2,2,-9.4,5.675,13.352,5.486,4.225,0.088,0,0,1,0,1,1,0,0,0,1,1,2,0,0,1,1,SEVERE,"SEVERE: wet_cold_compound, high_wind",RULE_BASED_UNWEIGHTED_WEATHER_DIMENSIONS,DERIVED_FROM_PUBLIC_WEATHER,PROJECT_ASSUMPTION
2026-01-12,CA_QC,"Montreal, QC",-5.257,5.2,8.68,28.6,3,-9.293,0.55,8.12,4.036,4.65,0.56,0,0,1,0,1,0,0,0,0,1,0,1,0,0,1,1,NORMAL,NORMAL: isolated adverse dimension without severe compound conditions | wet_cold_compound,RULE_BASED_UNWEIGHTED_WEATHER_DIMENSIONS,DERIVED_FROM_PUBLIC_WEATHER,PROJECT_ASSUMPTION
2026-01-19,CA_QC,"Montreal, QC",-12.914,0.0,5.39,28.1,0,-9.561,2.425,8.242,-3.353,-2.425,-2.852,0,0,1,1,0,0,1,0,0,0,0,1,1,0,1,1,SEVERE,SEVERE: colder_than_normal | extreme_event_trigger,RULE_BASED_UNWEIGHTED_WEATHER_DIMENSIONS,DERIVED_FROM_PUBLIC_WEATHER,PROJECT_ASSUMPTION
2026-01-26,CA_QC,"Montreal, QC",-15.786,0.0,5.95,21.8,0,-10.35,2.1,5.722,-5.436,-2.1,0.228,0,0,1,1,0,0,1,0,0,0,0,1,1,0,1,1,SEVERE,SEVERE: colder_than_normal | extreme_event_trigger,RULE_BASED_UNWEIGHTED_WEATHER_DIMENSIONS,DERIVED_FROM_PUBLIC_WEATHER,PROJECT_ASSUMPTION
2026-02-02,CA_QC,"Montreal, QC",-12.971,0.0,3.08,22.6,0,-4.264,5.45,5.25,-8.707,-5.45,-2.17,0,0,1,1,0,0,1,0,0,0,0,1,1,0,1,1,SEVERE,SEVERE: colder_than_normal | extreme_event_trigger,RULE_BASED_UNWEIGHTED_WEATHER_DIMENSIONS,DERIVED_FROM_PUBLIC_WEATHER,PROJECT_ASSUMPTION
2026-02-09,CA_QC,"Montreal, QC",-9.743,0.0,4.9,17.5,0,-6.946,7.175,16.275,-2.797,-7.175,-11.375,0,0,1,0,0,0,1,0,0,0,0,1,0,0,1,1,NORMAL,NORMAL: isolated adverse dimension without severe compound conditions | colder_than_normal,RULE_BASED_UNWEIGHTED_WEATHER_DIMENSIONS,DERIVED_FROM_PUBLIC_WEATHER,PROJECT_ASSUMPTION
2026-02-16,CA_QC,"Montreal, QC",-5.629,0.3,4.48,26.1,0,-8.986,4.9,5.425,3.357,-4.6,-0.945,0,0,1,0,0,0,0,0,0,0,0,0,0,1,1,1,MILD,MILD: warmer_than_seasonal_reference with no adverse weather dimensions,RULE_BASED_UNWEIGHTED_WEATHER_DIMENSIONS,DERIVED_FROM_PUBLIC_WEATHER,PROJECT_ASSUMPTION
2026-02-23,CA_QC,"Montreal, QC",-6.914,2.4,3.78,29.5,1,-4.389,6.5,8.4,-2.525,-4.1,-4.62,0,0,1,0,0,0,1,0,0,0,0,1,0,0,1,1,NORMAL,NORMAL: isolated adverse dimension without severe compound conditions | colder_than_normal,RULE_BASED_UNWEIGHTED_WEATHER_DIMENSIONS,DERIVED_FROM_PUBLIC_WEATHER,PROJECT_ASSUMPTION
2026-03-02,CA_QC,"Montreal, QC",-3.157,18.5,0.28,27.8,1,-1.243,9.6,9.222,-1.914,8.9,-8.942,0,0,1,0,0,0,0,0,0,0,0,0,0,0,1,1,NORMAL,NORMAL: no material adverse or mild scenario trigger,RULE_BASED_UNWEIGHTED_WEATHER_DIMENSIONS,DERIVED_FROM_PUBLIC_WEATHER,PROJECT_ASSUMPTION
2026-03-09,CA_QC,"Montreal, QC",0.486,22.2,6.37,31.4,1,1.964,16.775,1.698,-1.478,5.425,4.672,0,0,0,0,0,0,0,0,0,0,0,0,0,0,1,1,NORMAL,NORMAL: no material adverse or mild scenario trigger,RULE_BASED_UNWEIGHTED_WEATHER_DIMENSIONS,DERIVED_FROM_PUBLIC_WEATHER,PROJECT_ASSUMPTION
2026-03-16,CA_QC,"Montreal, QC",-1.871,22.3,12.88,41.4,1,0.493,12.425,3.238,-2.364,9.875,9.642,0,0,1,0,0,0,1,0,1,0,0,2,0,0,1,1,SEVERE,"SEVERE: colder_than_normal, snowier_than_normal",RULE_BASED_UNWEIGHTED_WEATHER_DIMENSIONS,DERIVED_FROM_PUBLIC_WEATHER,PROJECT_ASSUMPTION
2026-03-23,CA_QC,"Montreal, QC",-1.957,4.7,1.68,22.1,1,1.146,12.1,4.148,-3.103,-7.4,-2.468,0,0,1,0,0,0,1,0,0,0,0,1,0,0,1,1,NORMAL,NORMAL: isolated adverse dimension without severe compound conditions | colder_than_normal,RULE_BASED_UNWEIGHTED_WEATHER_DIMENSIONS,DERIVED_FROM_PUBLIC_WEATHER,PROJECT_ASSUMPTION
2026-03-30,CA_QC,"Montreal, QC",4.486,46.8,0.84,37.0,4,3.732,29.4,7.228,0.754,17.4,-6.388,0,0,0,0,1,0,0,0,0,1,0,1,0,0,1,1,NORMAL,NORMAL: isolated adverse dimension without severe compound conditions | wet_cold_compound,RULE_BASED_UNWEIGHTED_WEATHER_DIMENSIONS,DERIVED_FROM_PUBLIC_WEATHER,PROJECT_ASSUMPTION
2026-04-06,CA_QC,"Montreal, QC",3.257,16.3,0.98,31.0,1,8.332,27.4,1.855,-5.075,-11.1,-0.875,0,0,0,0,0,0,1,0,0,0,0,1,0,0,1,1,NORMAL,NORMAL: isolated adverse dimension without severe compound conditions | colder_than_normal,RULE_BASED_UNWEIGHTED_WEATHER_DIMENSIONS,DERIVED_FROM_PUBLIC_WEATHER,PROJECT_ASSUMPTION
2026-04-13,CA_QC,"Montreal, QC",9.214,74.8,0.0,33.9,0,7.16,22.75,3.412,2.054,52.05,-3.412,1,0,0,0,0,0,0,1,0,0,0,1,0,0,1,1,NORMAL,NORMAL: isolated adverse dimension without severe compound conditions | wetter_than_normal,RULE_BASED_UNWEIGHTED_WEATHER_DIMENSIONS,DERIVED_FROM_PUBLIC_WEATHER,PROJECT_ASSUMPTION
2026-04-20,CA_QC,"Montreal, QC",6.471,0.8,0.28,19.8,0,8.54,22.6,0.0,-2.068,-21.8,0.28,0,0,0,0,0,0,1,0,0,0,0,1,0,0,1,1,NORMAL,NORMAL: isolated adverse dimension without severe compound conditions | colder_than_normal,RULE_BASED_UNWEIGHTED_WEATHER_DIMENSIONS,DERIVED_FROM_PUBLIC_WEATHER,PROJECT_ASSUMPTION
2026-04-27,CA_QC,"Montreal, QC",10.529,21.8,0.0,24.0,0,11.346,31.375,0.0,-0.818,-9.575,0.0,0,0,0,0,0,0,0,0,0,0,0,0,0,0,1,1,NORMAL,NORMAL: no material adverse or mild scenario trigger,RULE_BASED_UNWEIGHTED_WEATHER_DIMENSIONS,DERIVED_FROM_PUBLIC_WEATHER,PROJECT_ASSUMPTION
2026-05-04,CA_QC,"Montreal, QC",10.4,22.3,0.0,33.7,0,14.575,11.875,0.0,-4.175,10.425,0.0,0,0,0,0,0,0,1,0,0,0,0,1,0,0,1,1,NORMAL,NORMAL: isolated adverse dimension without severe compound conditions | colder_than_normal,RULE_BASED_UNWEIGHTED_WEATHER_DIMENSIONS,DERIVED_FROM_PUBLIC_WEATHER,PROJECT_ASSUMPTION
2026-05-11,CA_QC,"Montreal, QC",11.986,34.7,0.0,22.8,0,15.818,23.15,0.0,-3.832,11.55,0.0,0,0,0,0,0,0,1,0,0,0,0,1,0,0,1,1,NORMAL,NORMAL: isolated adverse dimension without severe compound conditions | colder_than_normal,RULE_BASED_UNWEIGHTED_WEATHER_DIMENSIONS,DERIVED_FROM_PUBLIC_WEATHER,PROJECT_ASSUMPTION
2026-05-18,CA_QC,"Montreal, QC",15.114,20.2,0.0,29.5,0,15.061,23.75,0.0,0.053,-3.55,0.0,0,0,0,0,0,0,0,0,0,0,0,0,0,0,1,1,NORMAL,NORMAL: no material adverse or mild scenario trigger,RULE_BASED_UNWEIGHTED_WEATHER_DIMENSIONS,DERIVED_FROM_PUBLIC_WEATHER,PROJECT_ASSUMPTION
2026-05-25,CA_QC,"Montreal, QC",15.514,35.4,0.0,36.2,0,17.246,16.875,0.0,-1.733,18.525,0.0,0,0,0,0,0,0,0,0,0,0,0,0,0,0,1,1,NORMAL,NORMAL: no material adverse or mild scenario trigger,RULE_BASED_UNWEIGHTED_WEATHER_DIMENSIONS,DERIVED_FROM_PUBLIC_WEATHER,PROJECT_ASSUMPTION
2026-06-01,CA_QC,"Montreal, QC",18.557,30.7,0.0,22.7,0,17.978,24.175,0.0,0.578,6.525,0.0,0,0,0,0,0,0,0,0,0,0,0,0,0,0,1,1,NORMAL,NORMAL: no material adverse or mild scenario trigger,RULE_BASED_UNWEIGHTED_WEATHER_DIMENSIONS,DERIVED_FROM_PUBLIC_WEATHER,PROJECT_ASSUMPTION
2026-06-08,CA_QC,"Montreal, QC",21.457,58.5,0.0,22.9,0,17.64,28.225,0.0,3.818,30.275,0.0,1,0,0,0,0,0,0,1,0,0,0,1,0,0,1,1,NORMAL,NORMAL: isolated adverse dimension without severe compound conditions | wetter_than_normal,RULE_BASED_UNWEIGHTED_WEATHER_DIMENSIONS,DERIVED_FROM_PUBLIC_WEATHER,PROJECT_ASSUMPTION
2026-06-15,CA_QC,"Montreal, QC",17.843,78.6,0.0,29.8,0,21.286,43.15,0.0,-3.443,35.45,0.0,1,0,0,0,0,0,1,1,0,0,0,2,0,0,1,1,SEVERE,"SEVERE: colder_than_normal, wetter_than_normal",RULE_BASED_UNWEIGHTED_WEATHER_DIMENSIONS,DERIVED_FROM_PUBLIC_WEATHER,PROJECT_ASSUMPTION
2026-06-22,CA_QC,"Montreal, QC",19.971,8.9,0.0,23.4,0,20.846,39.725,0.0,-0.875,-30.825,0.0,0,0,0,0,0,0,0,0,0,0,0,0,0,0,1,1,NORMAL,NORMAL: no material adverse or mild scenario trigger,RULE_BASED_UNWEIGHTED_WEATHER_DIMENSIONS,DERIVED_FROM_PUBLIC_WEATHER,PROJECT_ASSUMPTION
2021-07-05,US_MIDWEST,"Chicago, IL",21.571,24.7,0.0,25.2,0,,,,,,,0,0,0,0,0,0,0,0,0,0,0,0,0,0,0,0,REFERENCE_UNAVAILABLE,No prior-year seasonal weather reference available,RULE_BASED_UNWEIGHTED_WEATHER_DIMENSIONS,DERIVED_FROM_PUBLIC_WEATHER,PROJECT_ASSUMPTION
2021-07-12,US_MIDWEST,"Chicago, IL",21.343,15.0,0.0,29.1,0,,,,,,,0,0,0,0,0,0,0,0,0,0,0,0,0,0,0,0,REFERENCE_UNAVAILABLE,No prior-year seasonal weather reference available,RULE_BASED_UNWEIGHTED_WEATHER_DIMENSIONS,DERIVED_FROM_PUBLIC_WEATHER,PROJECT_ASSUMPTION
2021-07-19,US_MIDWEST,"Chicago, IL",23.414,4.5,0.0,25.5,0,,,,,,,0,0,0,0,0,0,0,0,0,0,0,0,0,0,0,0,REFERENCE_UNAVAILABLE,No prior-year seasonal weather reference available,RULE_BASED_UNWEIGHTED_WEATHER_DIMENSIONS,DERIVED_FROM_PUBLIC_WEATHER,PROJECT_ASSUMPTION
2021-07-26,US_MIDWEST,"Chicago, IL",23.129,0.9,0.0,32.1,0,,,,,,,0,0,0,0,0,0,0,0,0,0,0,0,0,0,0,0,REFERENCE_UNAVAILABLE,No prior-year seasonal weather reference available,RULE_BASED_UNWEIGHTED_WEATHER_DIMENSIONS,DERIVED_FROM_PUBLIC_WEATHER,PROJECT_ASSUMPTION
2021-08-02,US_MIDWEST,"Chicago, IL",22.986,10.7,0.0,24.9,0,,,,,,,0,0,0,0,0,0,0,0,0,0,0,0,0,0,0,0,REFERENCE_UNAVAILABLE,No prior-year seasonal weather reference available,RULE_BASED_UNWEIGHTED_WEATHER_DIMENSIONS,DERIVED_FROM_PUBLIC_WEATHER,PROJECT_ASSUMPTION
2021-08-09,US_MIDWEST,"Chicago, IL",23.9,24.9,0.0,30.3,0,,,,,,,0,0,0,0,0,0,0,0,0,0,0,0,0,0,0,0,REFERENCE_UNAVAILABLE,No prior-year seasonal weather reference available,RULE_BASED_UNWEIGHTED_WEATHER_DIMENSIONS,DERIVED_FROM_PUBLIC_WEATHER,PROJECT_ASSUMPTION
2021-08-16,US_MIDWEST,"Chicago, IL",23.686,6.0,0.0,21.7,0,,,,,,,0,0,0,0,0,0,0,0,0,0,0,0,0,0,0,0,REFERENCE_UNAVAILABLE,No prior-year seasonal weather reference available,RULE_BASED_UNWEIGHTED_WEATHER_DIMENSIONS,DERIVED_FROM_PUBLIC_WEATHER,PROJECT_ASSUMPTION
2021-08-23,US_MIDWEST,"Chicago, IL",25.686,21.0,0.0,25.1,0,,,,,,,0,0,0,0,0,0,0,0,0,0,0,0,0,0,0,0,REFERENCE_UNAVAILABLE,No prior-year seasonal weather reference available,RULE_BASED_UNWEIGHTED_WEATHER_DIMENSIONS,DERIVED_FROM_PUBLIC_WEATHER,PROJECT_ASSUMPTION
2021-08-30,US_MIDWEST,"Chicago, IL",21.586,2.9,0.0,23.0,0,,,,,,,0,0,0,0,0,0,0,0,0,0,0,0,0,0,0,0,REFERENCE_UNAVAILABLE,No prior-year seasonal weather reference available,RULE_BASED_UNWEIGHTED_WEATHER_DIMENSIONS,DERIVED_FROM_PUBLIC_WEATHER,PROJECT_ASSUMPTION
2021-09-06,US_MIDWEST,"Chicago, IL",21.129,13.9,0.0,33.5,0,,,,,,,0,0,0,0,0,0,0,0,0,0,0,0,0,0,0,0,REFERENCE_UNAVAILABLE,No prior-year seasonal weather reference available,RULE_BASED_UNWEIGHTED_WEATHER_DIMENSIONS,DERIVED_FROM_PUBLIC_WEATHER,PROJECT_ASSUMPTION
2021-09-13,US_MIDWEST,"Chicago, IL",21.971,3.3,0.0,27.5,0,,,,,,,0,0,0,0,0,0,0,0,0,0,0,0,0,0,0,0,REFERENCE_UNAVAILABLE,No prior-year seasonal weather reference available,RULE_BASED_UNWEIGHTED_WEATHER_DIMENSIONS,DERIVED_FROM_PUBLIC_WEATHER,PROJECT_ASSUMPTION
2021-09-20,US_MIDWEST,"Chicago, IL",17.814,24.1,0.0,37.1,0,,,,,,,0,0,0,0,0,0,0,0,0,0,0,0,0,0,0,0,REFERENCE_UNAVAILABLE,No prior-year seasonal weather reference available,RULE_BASED_UNWEIGHTED_WEATHER_DIMENSIONS,DERIVED_FROM_PUBLIC_WEATHER,PROJECT_ASSUMPTION
2021-09-27,US_MIDWEST,"Chicago, IL",20.171,21.7,0.0,28.9,0,,,,,,,0,0,0,0,0,0,0,0,0,0,0,0,0,0,0,0,REFERENCE_UNAVAILABLE,No prior-year seasonal weather reference available,RULE_BASED_UNWEIGHTED_WEATHER_DIMENSIONS,DERIVED_FROM_PUBLIC_WEATHER,PROJECT_ASSUMPTION
2021-10-04,US_MIDWEST,"Chicago, IL",19.057,22.1,0.0,26.5,0,,,,,,,0,0,0,0,0,0,0,0,0,0,0,0,0,0,0,0,REFERENCE_UNAVAILABLE,No prior-year seasonal weather reference available,RULE_BASED_UNWEIGHTED_WEATHER_DIMENSIONS,DERIVED_FROM_PUBLIC_WEATHER,PROJECT_ASSUMPTION
2021-10-11,US_MIDWEST,"Chicago, IL",15.686,37.0,0.0,28.4,0,,,,,,,0,0,0,0,0,0,0,0,0,0,0,0,0,0,0,0,REFERENCE_UNAVAILABLE,No prior-year seasonal weather reference available,RULE_BASED_UNWEIGHTED_WEATHER_DIMENSIONS,DERIVED_FROM_PUBLIC_WEATHER,PROJECT_ASSUMPTION
2021-10-18,US_MIDWEST,"Chicago, IL",11.871,36.2,0.0,36.0,0,,,,,,,0,0,0,0,0,0,0,0,0,0,0,0,0,0,0,0,REFERENCE_UNAVAILABLE,No prior-year seasonal weather reference available,RULE_BASED_UNWEIGHTED_WEATHER_DIMENSIONS,DERIVED_FROM_PUBLIC_WEATHER,PROJECT_ASSUMPTION
2021-10-25,US_MIDWEST,"Chicago, IL",10.414,43.8,0.0,41.8,0,,,,,,,0,0,0,0,0,0,0,0,0,0,0,0,0,0,0,0,REFERENCE_UNAVAILABLE,No prior-year seasonal weather reference available,RULE_BASED_UNWEIGHTED_WEATHER_DIMENSIONS,DERIVED_FROM_PUBLIC_WEATHER,PROJECT_ASSUMPTION
2021-11-01,US_MIDWEST,"Chicago, IL",6.071,0.0,0.0,25.1,0,,,,,,,0,0,0,0,0,0,0,0,0,0,0,0,0,0,0,0,REFERENCE_UNAVAILABLE,No prior-year seasonal weather reference available,RULE_BASED_UNWEIGHTED_WEATHER_DIMENSIONS,DERIVED_FROM_PUBLIC_WEATHER,PROJECT_ASSUMPTION
2021-11-08,US_MIDWEST,"Chicago, IL",7.557,9.6,0.35,36.2,1,,,,,,,0,0,0,0,0,0,0,0,0,0,0,0,0,0,0,0,REFERENCE_UNAVAILABLE,No prior-year seasonal weather reference available,RULE_BASED_UNWEIGHTED_WEATHER_DIMENSIONS,DERIVED_FROM_PUBLIC_WEATHER,PROJECT_ASSUMPTION
2021-11-15,US_MIDWEST,"Chicago, IL",4.329,12.0,0.42,34.2,0,,,,,,,0,0,0,0,0,0,0,0,0,0,0,0,0,0,0,0,REFERENCE_UNAVAILABLE,No prior-year seasonal weather reference available,RULE_BASED_UNWEIGHTED_WEATHER_DIMENSIONS,DERIVED_FROM_PUBLIC_WEATHER,PROJECT_ASSUMPTION
2021-11-22,US_MIDWEST,"Chicago, IL",1.343,5.0,0.0,31.3,2,,,,,,,0,0,0,0,1,0,0,0,0,1,0,1,0,0,0,0,REFERENCE_UNAVAILABLE,No prior-year seasonal weather reference available,RULE_BASED_UNWEIGHTED_WEATHER_DIMENSIONS,DERIVED_FROM_PUBLIC_WEATHER,PROJECT_ASSUMPTION
2021-11-29,US_MIDWEST,"Chicago, IL",4.786,13.4,0.14,31.2,1,,,,,,,0,0,0,0,0,0,0,0,0,0,0,0,0,0,0,0,REFERENCE_UNAVAILABLE,No prior-year seasonal weather reference available,RULE_BASED_UNWEIGHTED_WEATHER_DIMENSIONS,DERIVED_FROM_PUBLIC_WEATHER,PROJECT_ASSUMPTION
2021-12-06,US_MIDWEST,"Chicago, IL",1.1,19.8,0.28,43.8,0,,,,,,,0,0,0,0,0,1,0,0,0,0,1,1,0,0,0,0,REFERENCE_UNAVAILABLE,No prior-year seasonal weather reference available,RULE_BASED_UNWEIGHTED_WEATHER_DIMENSIONS,DERIVED_FROM_PUBLIC_WEATHER,PROJECT_ASSUMPTION
2021-12-13,US_MIDWEST,"Chicago, IL",4.857,7.7,0.84,47.6,1,,,,,,,0,0,0,0,0,1,0,0,0,0,1,1,0,0,0,0,REFERENCE_UNAVAILABLE,No prior-year seasonal weather reference available,RULE_BASED_UNWEIGHTED_WEATHER_DIMENSIONS,DERIVED_FROM_PUBLIC_WEATHER,PROJECT_ASSUMPTION
2021-12-20,US_MIDWEST,"Chicago, IL",2.171,3.0,0.0,31.5,1,,,,,,,0,0,0,0,0,0,0,0,0,0,0,0,0,0,0,0,REFERENCE_UNAVAILABLE,No prior-year seasonal weather reference available,RULE_BASED_UNWEIGHTED_WEATHER_DIMENSIONS,DERIVED_FROM_PUBLIC_WEATHER,PROJECT_ASSUMPTION
2021-12-27,US_MIDWEST,"Chicago, IL",0.986,13.5,15.82,34.9,2,,,,,,,0,1,0,0,1,0,0,0,1,1,0,2,1,0,0,0,REFERENCE_UNAVAILABLE,No prior-year seasonal weather reference available,RULE_BASED_UNWEIGHTED_WEATHER_DIMENSIONS,DERIVED_FROM_PUBLIC_WEATHER,PROJECT_ASSUMPTION
2022-01-03,US_MIDWEST,"Chicago, IL",-7.671,3.6,0.7,41.7,2,,,,,,,0,0,1,0,1,0,0,0,0,1,0,1,0,0,0,0,REFERENCE_UNAVAILABLE,No prior-year seasonal weather reference available,RULE_BASED_UNWEIGHTED_WEATHER_DIMENSIONS,DERIVED_FROM_PUBLIC_WEATHER,PROJECT_ASSUMPTION
2022-01-10,US_MIDWEST,"Chicago, IL",-3.843,0.2,2.24,34.7,0,,,,,,,0,0,1,0,0,0,0,0,0,0,0,0,0,0,0,0,REFERENCE_UNAVAILABLE,No prior-year seasonal weather reference available,RULE_BASED_UNWEIGHTED_WEATHER_DIMENSIONS,DERIVED_FROM_PUBLIC_WEATHER,PROJECT_ASSUMPTION
2022-01-17,US_MIDWEST,"Chicago, IL",-5.271,0.0,4.76,34.4,0,,,,,,,0,0,1,0,0,0,0,0,0,0,0,0,0,0,0,0,REFERENCE_UNAVAILABLE,No prior-year seasonal weather reference available,RULE_BASED_UNWEIGHTED_WEATHER_DIMENSIONS,DERIVED_FROM_PUBLIC_WEATHER,PROJECT_ASSUMPTION
2022-01-24,US_MIDWEST,"Chicago, IL",-9.014,0.0,6.16,27.3,0,,,,,,,0,0,1,0,0,0,0,0,0,0,0,0,0,0,0,0,REFERENCE_UNAVAILABLE,No prior-year seasonal weather reference available,RULE_BASED_UNWEIGHTED_WEATHER_DIMENSIONS,DERIVED_FROM_PUBLIC_WEATHER,PROJECT_ASSUMPTION
2022-01-31,US_MIDWEST,"Chicago, IL",-4.443,3.7,9.87,32.4,1,,,,,,,0,0,1,0,0,0,0,0,0,0,0,0,0,0,0,0,REFERENCE_UNAVAILABLE,No prior-year seasonal weather reference available,RULE_BASED_UNWEIGHTED_WEATHER_DIMENSIONS,DERIVED_FROM_PUBLIC_WEATHER,PROJECT_ASSUMPTION
2022-02-07,US_MIDWEST,"Chicago, IL",-2.971,0.7,2.66,35.8,0,,,,,,,0,0,1,0,0,0,0,0,0,0,0,0,0,0,0,0,REFERENCE_UNAVAILABLE,No prior-year seasonal weather reference available,RULE_BASED_UNWEIGHTED_WEATHER_DIMENSIONS,DERIVED_FROM_PUBLIC_WEATHER,PROJECT_ASSUMPTION
2022-02-14,US_MIDWEST,"Chicago, IL",-2.529,16.4,4.27,39.3,1,,,,,,,0,0,1,0,0,0,0,0,0,0,0,0,0,0,0,0,REFERENCE_UNAVAILABLE,No prior-year seasonal weather reference available,RULE_BASED_UNWEIGHTED_WEATHER_DIMENSIONS,DERIVED_FROM_PUBLIC_WEATHER,PROJECT_ASSUMPTION
2022-02-21,US_MIDWEST,"Chicago, IL",-2.086,15.7,4.34,28.1,1,,,,,,,0,0,1,0,0,0,0,0,0,0,0,0,0,0,0,0,REFERENCE_UNAVAILABLE,No prior-year seasonal weather reference available,RULE_BASED_UNWEIGHTED_WEATHER_DIMENSIONS,DERIVED_FROM_PUBLIC_WEATHER,PROJECT_ASSUMPTION
2022-02-28,US_MIDWEST,"Chicago, IL",3.643,2.8,0.0,43.9,0,,,,,,,0,0,0,0,0,0,0,0,0,0,0,0,0,0,0,0,REFERENCE_UNAVAILABLE,No prior-year seasonal weather reference available,RULE_BASED_UNWEIGHTED_WEATHER_DIMENSIONS,DERIVED_FROM_PUBLIC_WEATHER,PROJECT_ASSUMPTION
2022-03-07,US_MIDWEST,"Chicago, IL",-1.843,1.0,6.93,30.0,1,,,,,,,0,0,1,0,0,0,0,0,0,0,0,0,0,0,0,0,REFERENCE_UNAVAILABLE,No prior-year seasonal weather reference available,RULE_BASED_UNWEIGHTED_WEATHER_DIMENSIONS,DERIVED_FROM_PUBLIC_WEATHER,PROJECT_ASSUMPTION
2022-03-14,US_MIDWEST,"Chicago, IL",6.229,14.4,0.0,28.1,2,,,,,,,0,0,0,0,1,0,0,0,0,1,0,1,0,0,0,0,REFERENCE_UNAVAILABLE,No prior-year seasonal weather reference available,RULE_BASED_UNWEIGHTED_WEATHER_DIMENSIONS,DERIVED_FROM_PUBLIC_WEATHER,PROJECT_ASSUMPTION
2022-03-21,US_MIDWEST,"Chicago, IL",5.243,35.2,0.14,30.6,1,,,,,,,0,0,0,0,0,0,0,0,0,0,0,0,0,0,0,0,REFERENCE_UNAVAILABLE,No prior-year seasonal weather reference available,RULE_BASED_UNWEIGHTED_WEATHER_DIMENSIONS,DERIVED_FROM_PUBLIC_WEATHER,PROJECT_ASSUMPTION
2022-03-28,US_MIDWEST,"Chicago, IL",2.643,60.9,0.98,31.7,2,,,,,,,1,0,0,0,1,0,0,1,0,1,0,2,0,0,0,0,REFERENCE_UNAVAILABLE,No prior-year seasonal weather reference available,RULE_BASED_UNWEIGHTED_WEATHER_DIMENSIONS,DERIVED_FROM_PUBLIC_WEATHER,PROJECT_ASSUMPTION
2022-04-04,US_MIDWEST,"Chicago, IL",5.929,26.3,0.0,35.3,1,,,,,,,0,0,0,0,0,0,0,0,0,0,0,0,0,0,0,0,REFERENCE_UNAVAILABLE,No prior-year seasonal weather reference available,RULE_BASED_UNWEIGHTED_WEATHER_DIMENSIONS,DERIVED_FROM_PUBLIC_WEATHER,PROJECT_ASSUMPTION
2022-04-11,US_MIDWEST,"Chicago, IL",8.029,11.7,0.0,46.6,0,,,,,,,0,0,0,0,0,0,0,0,0,0,0,0,0,0,0,0,REFERENCE_UNAVAILABLE,No prior-year seasonal weather reference available,RULE_BASED_UNWEIGHTED_WEATHER_DIMENSIONS,DERIVED_FROM_PUBLIC_WEATHER,PROJECT_ASSUMPTION
2022-04-18,US_MIDWEST,"Chicago, IL",10.157,32.7,1.54,34.2,1,,,,,,,0,0,0,0,0,0,0,0,0,0,0,0,0,0,0,0,REFERENCE_UNAVAILABLE,No prior-year seasonal weather reference available,RULE_BASED_UNWEIGHTED_WEATHER_DIMENSIONS,DERIVED_FROM_PUBLIC_WEATHER,PROJECT_ASSUMPTION
2022-04-25,US_MIDWEST,"Chicago, IL",8.143,16.7,0.0,31.4,0,,,,,,,0,0,0,0,0,0,0,0,0,0,0,0,0,0,0,0,REFERENCE_UNAVAILABLE,No prior-year seasonal weather reference available,RULE_BASED_UNWEIGHTED_WEATHER_DIMENSIONS,DERIVED_FROM_PUBLIC_WEATHER,PROJECT_ASSUMPTION
2022-05-02,US_MIDWEST,"Chicago, IL",8.457,48.1,0.0,34.8,0,,,,,,,0,0,0,0,0,0,0,0,0,0,0,0,0,0,0,0,REFERENCE_UNAVAILABLE,No prior-year seasonal weather reference available,RULE_BASED_UNWEIGHTED_WEATHER_DIMENSIONS,DERIVED_FROM_PUBLIC_WEATHER,PROJECT_ASSUMPTION
2022-05-09,US_MIDWEST,"Chicago, IL",20.529,3.2,0.0,32.0,0,,,,,,,0,0,0,0,0,0,0,0,0,0,0,0,0,0,0,0,REFERENCE_UNAVAILABLE,No prior-year seasonal weather reference available,RULE_BASED_UNWEIGHTED_WEATHER_DIMENSIONS,DERIVED_FROM_PUBLIC_WEATHER,PROJECT_ASSUMPTION
2022-05-16,US_MIDWEST,"Chicago, IL",15.557,40.9,0.0,36.7,0,,,,,,,0,0,0,0,0,0,0,0,0,0,0,0,0,0,0,0,REFERENCE_UNAVAILABLE,No prior-year seasonal weather reference available,RULE_BASED_UNWEIGHTED_WEATHER_DIMENSIONS,DERIVED_FROM_PUBLIC_WEATHER,PROJECT_ASSUMPTION
2022-05-23,US_MIDWEST,"Chicago, IL",15.129,25.9,0.0,29.4,0,,,,,,,0,0,0,0,0,0,0,0,0,0,0,0,0,0,0,0,REFERENCE_UNAVAILABLE,No prior-year seasonal weather reference available,RULE_BASED_UNWEIGHTED_WEATHER_DIMENSIONS,DERIVED_FROM_PUBLIC_WEATHER,PROJECT_ASSUMPTION
2022-05-30,US_MIDWEST,"Chicago, IL",19.329,6.6,0.0,30.3,0,,,,,,,0,0,0,0,0,0,0,0,0,0,0,0,0,0,0,0,REFERENCE_UNAVAILABLE,No prior-year seasonal weather reference available,RULE_BASED_UNWEIGHTED_WEATHER_DIMENSIONS,DERIVED_FROM_PUBLIC_WEATHER,PROJECT_ASSUMPTION
2022-06-06,US_MIDWEST,"Chicago, IL",16.686,35.1,0.0,21.0,0,,,,,,,0,0,0,0,0,0,0,0,0,0,0,0,0,0,0,0,REFERENCE_UNAVAILABLE,No prior-year seasonal weather reference available,RULE_BASED_UNWEIGHTED_WEATHER_DIMENSIONS,DERIVED_FROM_PUBLIC_WEATHER,PROJECT_ASSUMPTION
2022-06-13,US_MIDWEST,"Chicago, IL",23.057,20.1,0.0,31.1,0,,,,,,,0,0,0,0,0,0,0,0,0,0,0,0,0,0,0,0,REFERENCE_UNAVAILABLE,No prior-year seasonal weather reference available,RULE_BASED_UNWEIGHTED_WEATHER_DIMENSIONS,DERIVED_FROM_PUBLIC_WEATHER,PROJECT_ASSUMPTION
2022-06-20,US_MIDWEST,"Chicago, IL",23.929,18.3,0.0,26.8,0,,,,,,,0,0,0,0,0,0,0,0,0,0,0,0,0,0,0,0,REFERENCE_UNAVAILABLE,No prior-year seasonal weather reference available,RULE_BASED_UNWEIGHTED_WEATHER_DIMENSIONS,DERIVED_FROM_PUBLIC_WEATHER,PROJECT_ASSUMPTION
2022-06-27,US_MIDWEST,"Chicago, IL",22.329,0.5,0.0,26.5,0,,,,,,,0,0,0,0,0,0,0,0,0,0,0,0,0,0,0,0,REFERENCE_UNAVAILABLE,No prior-year seasonal weather reference available,RULE_BASED_UNWEIGHTED_WEATHER_DIMENSIONS,DERIVED_FROM_PUBLIC_WEATHER,PROJECT_ASSUMPTION
2022-07-04,US_MIDWEST,"Chicago, IL",22.614,28.1,0.0,30.0,0,21.571,24.7,0.0,1.043,3.4,0.0,0,0,0,0,0,0,0,0,0,0,0,0,0,0,1,1,NORMAL,NORMAL: no material adverse or mild scenario trigger,RULE_BASED_UNWEIGHTED_WEATHER_DIMENSIONS,DERIVED_FROM_PUBLIC_WEATHER,PROJECT_ASSUMPTION
2022-07-11,US_MIDWEST,"Chicago, IL",22.0,23.4,0.0,24.6,0,21.343,15.0,0.0,0.657,8.4,0.0,0,0,0,0,0,0,0,0,0,0,0,0,0,0,1,1,NORMAL,NORMAL: no material adverse or mild scenario trigger,RULE_BASED_UNWEIGHTED_WEATHER_DIMENSIONS,DERIVED_FROM_PUBLIC_WEATHER,PROJECT_ASSUMPTION
2022-07-18,US_MIDWEST,"Chicago, IL",25.857,13.5,0.0,28.9,0,23.414,4.5,0.0,2.443,9.0,0.0,0,0,0,0,0,0,0,0,0,0,0,0,0,1,1,1,MILD,MILD: warmer_than_seasonal_reference with no adverse weather dimensions,RULE_BASED_UNWEIGHTED_WEATHER_DIMENSIONS,DERIVED_FROM_PUBLIC_WEATHER,PROJECT_ASSUMPTION
2022-07-25,US_MIDWEST,"Chicago, IL",22.457,1.7,0.0,17.2,0,23.129,0.9,0.0,-0.672,0.8,0.0,0,0,0,0,0,0,0,0,0,0,0,0,0,0,1,1,NORMAL,NORMAL: no material adverse or mild scenario trigger,RULE_BASED_UNWEIGHTED_WEATHER_DIMENSIONS,DERIVED_FROM_PUBLIC_WEATHER,PROJECT_ASSUMPTION
2022-08-01,US_MIDWEST,"Chicago, IL",25.014,19.0,0.0,26.4,0,22.986,10.7,0.0,2.028,8.3,0.0,0,0,0,0,0,0,0,0,0,0,0,0,0,1,1,1,MILD,MILD: warmer_than_seasonal_reference with no adverse weather dimensions,RULE_BASED_UNWEIGHTED_WEATHER_DIMENSIONS,DERIVED_FROM_PUBLIC_WEATHER,PROJECT_ASSUMPTION
2022-08-08,US_MIDWEST,"Chicago, IL",21.114,16.0,0.0,29.1,0,23.9,24.9,0.0,-2.786,-8.9,0.0,0,0,0,0,0,0,1,0,0,0,0,1,0,0,1,1,NORMAL,NORMAL: isolated adverse dimension without severe compound conditions | colder_than_normal,RULE_BASED_UNWEIGHTED_WEATHER_DIMENSIONS,DERIVED_FROM_PUBLIC_WEATHER,PROJECT_ASSUMPTION
2022-08-15,US_MIDWEST,"Chicago, IL",21.586,16.4,0.0,21.9,0,23.686,6.0,0.0,-2.1,10.4,0.0,0,0,0,0,0,0,1,0,0,0,0,1,0,0,1,1,NORMAL,NORMAL: isolated adverse dimension without severe compound conditions | colder_than_normal,RULE_BASED_UNWEIGHTED_WEATHER_DIMENSIONS,DERIVED_FROM_PUBLIC_WEATHER,PROJECT_ASSUMPTION
2022-08-22,US_MIDWEST,"Chicago, IL",22.071,17.3,0.0,22.8,0,25.686,21.0,0.0,-3.615,-3.7,0.0,0,0,0,0,0,0,1,0,0,0,0,1,0,0,1,1,NORMAL,NORMAL: isolated adverse dimension without severe compound conditions | colder_than_normal,RULE_BASED_UNWEIGHTED_WEATHER_DIMENSIONS,DERIVED_FROM_PUBLIC_WEATHER,PROJECT_ASSUMPTION
2022-08-29,US_MIDWEST,"Chicago, IL",22.929,5.8,0.0,24.5,0,21.586,2.9,0.0,1.343,2.9,0.0,0,0,0,0,0,0,0,0,0,0,0,0,0,0,1,1,NORMAL,NORMAL: no material adverse or mild scenario trigger,RULE_BASED_UNWEIGHTED_WEATHER_DIMENSIONS,DERIVED_FROM_PUBLIC_WEATHER,PROJECT_ASSUMPTION
2022-09-05,US_MIDWEST,"Chicago, IL",20.686,46.2,0.0,31.2,0,21.129,13.9,0.0,-0.443,32.3,0.0,0,0,0,0,0,0,0,1,0,0,0,1,0,0,1,1,NORMAL,NORMAL: isolated adverse dimension without severe compound conditions | wetter_than_normal,RULE_BASED_UNWEIGHTED_WEATHER_DIMENSIONS,DERIVED_FROM_PUBLIC_WEATHER,PROJECT_ASSUMPTION
2022-09-12,US_MIDWEST,"Chicago, IL",19.971,4.4,0.0,26.2,0,21.971,3.3,0.0,-2.0,1.1,0.0,0,0,0,0,0,0,1,0,0,0,0,1,0,0,1,1,NORMAL,NORMAL: isolated adverse dimension without severe compound conditions | colder_than_normal,RULE_BASED_UNWEIGHTED_WEATHER_DIMENSIONS,DERIVED_FROM_PUBLIC_WEATHER,PROJECT_ASSUMPTION
2022-09-19,US_MIDWEST,"Chicago, IL",18.114,11.6,0.0,27.9,0,17.814,24.1,0.0,0.3,-12.5,0.0,0,0,0,0,0,0,0,0,0,0,0,0,0,0,1,1,NORMAL,NORMAL: no material adverse or mild scenario trigger,RULE_BASED_UNWEIGHTED_WEATHER_DIMENSIONS,DERIVED_FROM_PUBLIC_WEATHER,PROJECT_ASSUMPTION
2022-09-26,US_MIDWEST,"Chicago, IL",12.857,0.8,0.0,30.2,0,20.171,21.7,0.0,-7.314,-20.9,0.0,0,0,0,0,0,0,1,0,0,0,0,1,0,0,1,1,NORMAL,NORMAL: isolated adverse dimension without severe compound conditions | colder_than_normal,RULE_BASED_UNWEIGHTED_WEATHER_DIMENSIONS,DERIVED_FROM_PUBLIC_WEATHER,PROJECT_ASSUMPTION
2022-10-03,US_MIDWEST,"Chicago, IL",12.6,3.2,0.0,34.3,0,19.057,22.1,0.0,-6.457,-18.9,0.0,0,0,0,0,0,0,1,0,0,0,0,1,0,0,1,1,NORMAL,NORMAL: isolated adverse dimension without severe compound conditions | colder_than_normal,RULE_BASED_UNWEIGHTED_WEATHER_DIMENSIONS,DERIVED_FROM_PUBLIC_WEATHER,PROJECT_ASSUMPTION
2022-10-10,US_MIDWEST,"Chicago, IL",10.729,16.9,0.0,35.5,0,15.686,37.0,0.0,-4.957,-20.1,0.0,0,0,0,0,0,0,1,0,0,0,0,1,0,0,1,1,NORMAL,NORMAL: isolated adverse dimension without severe compound conditions | colder_than_normal,RULE_BASED_UNWEIGHTED_WEATHER_DIMENSIONS,DERIVED_FROM_PUBLIC_WEATHER,PROJECT_ASSUMPTION
2022-10-17,US_MIDWEST,"Chicago, IL",10.314,1.2,0.0,38.7,1,11.871,36.2,0.0,-1.557,-35.0,0.0,0,0,0,0,0,0,0,0,0,0,0,0,0,0,1,1,NORMAL,NORMAL: no material adverse or mild scenario trigger,RULE_BASED_UNWEIGHTED_WEATHER_DIMENSIONS,DERIVED_FROM_PUBLIC_WEATHER,PROJECT_ASSUMPTION
2022-10-24,US_MIDWEST,"Chicago, IL",11.314,35.7,0.0,34.3,0,10.414,43.8,0.0,0.9,-8.1,0.0,0,0,0,0,0,0,0,0,0,0,0,0,0,0,1,1,NORMAL,NORMAL: no material adverse or mild scenario trigger,RULE_BASED_UNWEIGHTED_WEATHER_DIMENSIONS,DERIVED_FROM_PUBLIC_WEATHER,PROJECT_ASSUMPTION
2022-10-31,US_MIDWEST,"Chicago, IL",13.629,11.2,0.0,51.9,0,6.071,0.0,0.0,7.558,11.2,0.0,0,0,0,0,0,0,0,0,0,0,0,0,0,1,1,1,MILD,MILD: warmer_than_seasonal_reference with no adverse weather dimensions,RULE_BASED_UNWEIGHTED_WEATHER_DIMENSIONS,DERIVED_FROM_PUBLIC_WEATHER,PROJECT_ASSUMPTION
2022-11-07,US_MIDWEST,"Chicago, IL",8.171,2.0,0.0,27.0,0,7.557,9.6,0.35,0.614,-7.6,-0.35,0,0,0,0,0,0,0,0,0,0,0,0,0,0,1,1,NORMAL,NORMAL: no material adverse or mild scenario trigger,RULE_BASED_UNWEIGHTED_WEATHER_DIMENSIONS,DERIVED_FROM_PUBLIC_WEATHER,PROJECT_ASSUMPTION
2022-11-14,US_MIDWEST,"Chicago, IL",-1.1,6.4,4.06,35.0,2,4.329,12.0,0.42,-5.429,-5.6,3.64,0,0,1,0,1,0,1,0,0,1,0,2,0,0,1,1,SEVERE,"SEVERE: colder_than_normal, wet_cold_compound",RULE_BASED_UNWEIGHTED_WEATHER_DIMENSIONS,DERIVED_FROM_PUBLIC_WEATHER,PROJECT_ASSUMPTION
2022-11-21,US_MIDWEST,"Chicago, IL",5.043,9.5,0.0,31.3,0,1.343,5.0,0.0,3.7,4.5,0.0,0,0,0,0,0,0,0,0,0,0,0,0,0,1,1,1,MILD,MILD: warmer_than_seasonal_reference with no adverse weather dimensions,RULE_BASED_UNWEIGHTED_WEATHER_DIMENSIONS,DERIVED_FROM_PUBLIC_WEATHER,PROJECT_ASSUMPTION
2022-11-28,US_MIDWEST,"Chicago, IL",1.843,5.5,0.0,38.5,1,4.786,13.4,0.14,-2.943,-7.9,-0.14,0,0,0,0,0,0,1,0,0,0,0,1,0,0,1,1,NORMAL,NORMAL: isolated adverse dimension without severe compound conditions | colder_than_normal,RULE_BASED_UNWEIGHTED_WEATHER_DIMENSIONS,DERIVED_FROM_PUBLIC_WEATHER,PROJECT_ASSUMPTION
2022-12-05,US_MIDWEST,"Chicago, IL",3.214,8.8,3.5,24.2,1,1.1,19.8,0.28,2.114,-11.0,3.22,0,0,0,0,0,0,0,0,0,0,0,0,0,1,1,1,MILD,MILD: warmer_than_seasonal_reference with no adverse weather dimensions,RULE_BASED_UNWEIGHTED_WEATHER_DIMENSIONS,DERIVED_FROM_PUBLIC_WEATHER,PROJECT_ASSUMPTION
2022-12-12,US_MIDWEST,"Chicago, IL",0.157,38.4,0.35,31.9,2,4.857,7.7,0.84,-4.7,30.7,-0.49,0,0,0,0,1,0,1,1,0,1,0,3,0,0,1,1,SEVERE,"SEVERE: colder_than_normal, wetter_than_normal, wet_cold_compound",RULE_BASED_UNWEIGHTED_WEATHER_DIMENSIONS,DERIVED_FROM_PUBLIC_WEATHER,PROJECT_ASSUMPTION
2022-12-19,US_MIDWEST,"Chicago, IL",-9.1,0.1,4.55,41.8,0,2.171,3.0,0.0,-11.271,-2.9,4.55,0,0,1,0,0,0,1,0,0,0,0,1,0,0,1,1,NORMAL,NORMAL: isolated adverse dimension without severe compound conditions | colder_than_normal,RULE_BASED_UNWEIGHTED_WEATHER_DIMENSIONS,DERIVED_FROM_PUBLIC_WEATHER,PROJECT_ASSUMPTION
2022-12-26,US_MIDWEST,"Chicago, IL",0.886,6.7,0.49,34.4,1,0.986,13.5,15.82,-0.1,-6.8,-15.33,0,0,0,0,0,0,0,0,0,0,0,0,0,0,1,1,NORMAL,NORMAL: no material adverse or mild scenario trigger,RULE_BASED_UNWEIGHTED_WEATHER_DIMENSIONS,DERIVED_FROM_PUBLIC_WEATHER,PROJECT_ASSUMPTION
2023-01-02,US_MIDWEST,"Chicago, IL",1.071,16.1,0.84,20.2,0,-7.671,3.6,0.7,8.742,12.5,0.14,0,0,0,0,0,0,0,0,0,0,0,0,0,1,1,1,MILD,MILD: warmer_than_seasonal_reference with no adverse weather dimensions,RULE_BASED_UNWEIGHTED_WEATHER_DIMENSIONS,DERIVED_FROM_PUBLIC_WEATHER,PROJECT_ASSUMPTION
2023-01-09,US_MIDWEST,"Chicago, IL",1.457,0.3,0.0,31.7,0,-3.843,0.2,2.24,5.3,0.1,-2.24,0,0,0,0,0,0,0,0,0,0,0,0,0,1,1,1,MILD,MILD: warmer_than_seasonal_reference with no adverse weather dimensions,RULE_BASED_UNWEIGHTED_WEATHER_DIMENSIONS,DERIVED_FROM_PUBLIC_WEATHER,PROJECT_ASSUMPTION
2023-01-16,US_MIDWEST,"Chicago, IL",1.971,19.3,2.03,32.8,3,-5.271,0.0,4.76,7.242,19.3,-2.73,0,0,0,0,1,0,0,0,0,1,0,1,0,0,1,1,NORMAL,NORMAL: isolated adverse dimension without severe compound conditions | wet_cold_compound,RULE_BASED_UNWEIGHTED_WEATHER_DIMENSIONS,DERIVED_FROM_PUBLIC_WEATHER,PROJECT_ASSUMPTION
2023-01-23,US_MIDWEST,"Chicago, IL",-2.486,0.0,13.37,32.3,0,-9.014,0.0,6.16,6.528,0.0,7.21,0,0,1,0,0,0,0,0,1,0,0,1,0,0,1,1,NORMAL,NORMAL: isolated adverse dimension without severe compound conditions | snowier_than_normal,RULE_BASED_UNWEIGHTED_WEATHER_DIMENSIONS,DERIVED_FROM_PUBLIC_WEATHER,PROJECT_ASSUMPTION
2023-01-30,US_MIDWEST,"Chicago, IL",-7.5,0.0,0.63,31.1,0,-4.443,3.7,9.87,-3.057,-3.7,-9.24,0,0,1,0,0,0,1,0,0,0,0,1,0,0,1,1,NORMAL,NORMAL: isolated adverse dimension without severe compound conditions | colder_than_normal,RULE_BASED_UNWEIGHTED_WEATHER_DIMENSIONS,DERIVED_FROM_PUBLIC_WEATHER,PROJECT_ASSUMPTION
2023-02-06,US_MIDWEST,"Chicago, IL",2.014,19.8,0.0,37.3,1,-2.971,0.7,2.66,4.985,19.1,-2.66,0,0,0,0,0,0,0,0,0,0,0,0,0,1,1,1,MILD,MILD: warmer_than_seasonal_reference with no adverse weather dimensions,RULE_BASED_UNWEIGHTED_WEATHER_DIMENSIONS,DERIVED_FROM_PUBLIC_WEATHER,PROJECT_ASSUMPTION
2023-02-13,US_MIDWEST,"Chicago, IL",2.557,7.8,7.0,40.2,1,-2.529,16.4,4.27,5.086,-8.6,2.73,0,0,0,0,0,0,0,0,0,0,0,0,0,1,1,1,MILD,MILD: warmer_than_seasonal_reference with no adverse weather dimensions,RULE_BASED_UNWEIGHTED_WEATHER_DIMENSIONS,DERIVED_FROM_PUBLIC_WEATHER,PROJECT_ASSUMPTION
2023-02-20,US_MIDWEST,"Chicago, IL",-0.043,28.5,0.49,34.0,2,-2.086,15.7,4.34,2.043,12.8,-3.85,0,0,1,0,1,0,0,0,0,1,0,1,0,0,1,1,NORMAL,NORMAL: isolated adverse dimension without severe compound conditions | wet_cold_compound,RULE_BASED_UNWEIGHTED_WEATHER_DIMENSIONS,DERIVED_FROM_PUBLIC_WEATHER,PROJECT_ASSUMPTION
2023-02-27,US_MIDWEST,"Chicago, IL",3.429,30.5,3.43,33.5,2,3.643,2.8,0.0,-0.214,27.7,3.43,0,0,0,0,1,0,0,1,0,1,0,2,0,0,1,1,SEVERE,"SEVERE: wetter_than_normal, wet_cold_compound",RULE_BASED_UNWEIGHTED_WEATHER_DIMENSIONS,DERIVED_FROM_PUBLIC_WEATHER,PROJECT_ASSUMPTION
2023-03-06,US_MIDWEST,"Chicago, IL",2.486,10.7,9.03,26.5,1,-1.843,1.0,6.93,4.329,9.7,2.1,0,0,0,0,0,0,0,0,0,0,0,0,0,1,1,1,MILD,MILD: warmer_than_seasonal_reference with no adverse weather dimensions,RULE_BASED_UNWEIGHTED_WEATHER_DIMENSIONS,DERIVED_FROM_PUBLIC_WEATHER,PROJECT_ASSUMPTION
2023-03-13,US_MIDWEST,"Chicago, IL",-0.257,9.3,0.42,33.9,1,6.229,14.4,0.0,-6.486,-5.1,0.42,0,0,1,0,0,0,1,0,0,0,0,1,0,0,1,1,NORMAL,NORMAL: isolated adverse dimension without severe compound conditions | colder_than_normal,RULE_BASED_UNWEIGHTED_WEATHER_DIMENSIONS,DERIVED_FROM_PUBLIC_WEATHER,PROJECT_ASSUMPTION
2023-03-20,US_MIDWEST,"Chicago, IL",3.986,33.6,4.34,33.5,4,5.243,35.2,0.14,-1.257,-1.6,4.2,0,0,0,0,1,0,0,0,0,1,0,1,0,0,1,1,NORMAL,NORMAL: isolated adverse dimension without severe compound conditions | wet_cold_compound,RULE_BASED_UNWEIGHTED_WEATHER_DIMENSIONS,DERIVED_FROM_PUBLIC_WEATHER,PROJECT_ASSUMPTION
2023-03-27,US_MIDWEST,"Chicago, IL",4.614,29.8,0.21,37.4,0,2.643,60.9,0.98,1.971,-31.1,-0.77,0,0,0,0,0,0,0,0,0,0,0,0,0,0,1,1,NORMAL,NORMAL: no material adverse or mild scenario trigger,RULE_BASED_UNWEIGHTED_WEATHER_DIMENSIONS,DERIVED_FROM_PUBLIC_WEATHER,PROJECT_ASSUMPTION
2023-04-03,US_MIDWEST,"Chicago, IL",8.371,35.4,0.0,38.5,0,5.929,26.3,0.0,2.442,9.1,0.0,0,0,0,0,0,0,0,0,0,0,0,0,0,1,1,1,MILD,MILD: warmer_than_seasonal_reference with no adverse weather dimensions,RULE_BASED_UNWEIGHTED_WEATHER_DIMENSIONS,DERIVED_FROM_PUBLIC_WEATHER,PROJECT_ASSUMPTION
2023-04-10,US_MIDWEST,"Chicago, IL",15.586,12.1,0.14,34.6,0,8.029,11.7,0.0,7.557,0.4,0.14,0,0,0,0,0,0,0,0,0,0,0,0,0,1,1,1,MILD,MILD: warmer_than_seasonal_reference with no adverse weather dimensions,RULE_BASED_UNWEIGHTED_WEATHER_DIMENSIONS,DERIVED_FROM_PUBLIC_WEATHER,PROJECT_ASSUMPTION
2023-04-17,US_MIDWEST,"Chicago, IL",7.429,9.7,0.98,34.0,1,10.157,32.7,1.54,-2.728,-23.0,-0.56,0,0,0,0,0,0,1,0,0,0,0,1,0,0,1,1,NORMAL,NORMAL: isolated adverse dimension without severe compound conditions | colder_than_normal,RULE_BASED_UNWEIGHTED_WEATHER_DIMENSIONS,DERIVED_FROM_PUBLIC_WEATHER,PROJECT_ASSUMPTION
2023-04-24,US_MIDWEST,"Chicago, IL",6.657,9.5,0.0,28.6,1,8.143,16.7,0.0,-1.486,-7.2,0.0,0,0,0,0,0,0,0,0,0,0,0,0,0,0,1,1,NORMAL,NORMAL: no material adverse or mild scenario trigger,RULE_BASED_UNWEIGHTED_WEATHER_DIMENSIONS,DERIVED_FROM_PUBLIC_WEATHER,PROJECT_ASSUMPTION
2023-05-01,US_MIDWEST,"Chicago, IL",11.371,30.3,0.0,35.6,0,8.457,48.1,0.0,2.914,-17.8,0.0,0,0,0,0,0,0,0,0,0,0,0,0,0,1,1,1,MILD,MILD: warmer_than_seasonal_reference with no adverse weather dimensions,RULE_BASED_UNWEIGHTED_WEATHER_DIMENSIONS,DERIVED_FROM_PUBLIC_WEATHER,PROJECT_ASSUMPTION
2023-05-08,US_MIDWEST,"Chicago, IL",13.457,22.2,0.0,21.9,0,20.529,3.2,0.0,-7.072,19.0,0.0,0,0,0,0,0,0,1,0,0,0,0,1,0,0,1,1,NORMAL,NORMAL: isolated adverse dimension without severe compound conditions | colder_than_normal,RULE_BASED_UNWEIGHTED_WEATHER_DIMENSIONS,DERIVED_FROM_PUBLIC_WEATHER,PROJECT_ASSUMPTION
2023-05-15,US_MIDWEST,"Chicago, IL",13.7,1.8,0.0,24.5,0,15.557,40.9,0.0,-1.857,-39.1,0.0,0,0,0,0,0,0,0,0,0,0,0,0,0,0,1,1,NORMAL,NORMAL: no material adverse or mild scenario trigger,RULE_BASED_UNWEIGHTED_WEATHER_DIMENSIONS,DERIVED_FROM_PUBLIC_WEATHER,PROJECT_ASSUMPTION
2023-05-22,US_MIDWEST,"Chicago, IL",14.329,0.0,0.0,28.3,0,15.129,25.9,0.0,-0.8,-25.9,0.0,0,0,0,0,0,0,0,0,0,0,0,0,0,0,1,1,NORMAL,NORMAL: no material adverse or mild scenario trigger,RULE_BASED_UNWEIGHTED_WEATHER_DIMENSIONS,DERIVED_FROM_PUBLIC_WEATHER,PROJECT_ASSUMPTION
2023-05-29,US_MIDWEST,"Chicago, IL",20.014,1.6,0.0,19.0,0,19.329,6.6,0.0,0.685,-5.0,0.0,0,0,0,0,0,0,0,0,0,0,0,0,0,0,1,1,NORMAL,NORMAL: no material adverse or mild scenario trigger,RULE_BASED_UNWEIGHTED_WEATHER_DIMENSIONS,DERIVED_FROM_PUBLIC_WEATHER,PROJECT_ASSUMPTION
2023-06-05,US_MIDWEST,"Chicago, IL",17.186,6.7,0.0,33.3,0,16.686,35.1,0.0,0.5,-28.4,0.0,0,0,0,0,0,0,0,0,0,0,0,0,0,0,1,1,NORMAL,NORMAL: no material adverse or mild scenario trigger,RULE_BASED_UNWEIGHTED_WEATHER_DIMENSIONS,DERIVED_FROM_PUBLIC_WEATHER,PROJECT_ASSUMPTION
2023-06-12,US_MIDWEST,"Chicago, IL",15.786,15.6,0.0,25.6,0,23.057,20.1,0.0,-7.271,-4.5,0.0,0,0,0,0,0,0,1,0,0,0,0,1,0,0,1,1,NORMAL,NORMAL: isolated adverse dimension without severe compound conditions | colder_than_normal,RULE_BASED_UNWEIGHTED_WEATHER_DIMENSIONS,DERIVED_FROM_PUBLIC_WEATHER,PROJECT_ASSUMPTION
2023-06-19,US_MIDWEST,"Chicago, IL",21.171,6.8,0.0,36.3,0,23.929,18.3,0.0,-2.758,-11.5,0.0,0,0,0,0,0,0,1,0,0,0,0,1,0,0,1,1,NORMAL,NORMAL: isolated adverse dimension without severe compound conditions | colder_than_normal,RULE_BASED_UNWEIGHTED_WEATHER_DIMENSIONS,DERIVED_FROM_PUBLIC_WEATHER,PROJECT_ASSUMPTION
2023-06-26,US_MIDWEST,"Chicago, IL",21.143,38.4,0.0,24.4,0,22.329,0.5,0.0,-1.186,37.9,0.0,0,0,0,0,0,0,0,1,0,0,0,1,0,0,1,1,NORMAL,NORMAL: isolated adverse dimension without severe compound conditions | wetter_than_normal,RULE_BASED_UNWEIGHTED_WEATHER_DIMENSIONS,DERIVED_FROM_PUBLIC_WEATHER,PROJECT_ASSUMPTION
2023-07-03,US_MIDWEST,"Chicago, IL",21.657,13.5,0.0,16.2,0,22.092,26.4,0.0,-0.436,-12.9,0.0,0,0,0,0,0,0,0,0,0,0,0,0,0,0,1,1,NORMAL,NORMAL: no material adverse or mild scenario trigger,RULE_BASED_UNWEIGHTED_WEATHER_DIMENSIONS,DERIVED_FROM_PUBLIC_WEATHER,PROJECT_ASSUMPTION
2023-07-10,US_MIDWEST,"Chicago, IL",22.229,28.1,0.0,28.9,0,21.672,19.2,0.0,0.557,8.9,0.0,0,0,0,0,0,0,0,0,0,0,0,0,0,0,1,1,NORMAL,NORMAL: no material adverse or mild scenario trigger,RULE_BASED_UNWEIGHTED_WEATHER_DIMENSIONS,DERIVED_FROM_PUBLIC_WEATHER,PROJECT_ASSUMPTION
2023-07-17,US_MIDWEST,"Chicago, IL",22.0,6.5,0.0,21.3,0,24.636,9.0,0.0,-2.636,-2.5,0.0,0,0,0,0,0,0,1,0,0,0,0,1,0,0,1,1,NORMAL,NORMAL: isolated adverse dimension without severe compound conditions | colder_than_normal,RULE_BASED_UNWEIGHTED_WEATHER_DIMENSIONS,DERIVED_FROM_PUBLIC_WEATHER,PROJECT_ASSUMPTION
2023-07-24,US_MIDWEST,"Chicago, IL",23.957,24.6,0.0,26.7,0,22.793,1.3,0.0,1.164,23.3,0.0,0,0,0,0,0,0,0,1,0,0,0,1,0,0,1,1,NORMAL,NORMAL: isolated adverse dimension without severe compound conditions | wetter_than_normal,RULE_BASED_UNWEIGHTED_WEATHER_DIMENSIONS,DERIVED_FROM_PUBLIC_WEATHER,PROJECT_ASSUMPTION
2023-07-31,US_MIDWEST,"Chicago, IL",22.414,13.2,0.0,27.4,0,24.0,14.85,0.0,-1.586,-1.65,0.0,0,0,0,0,0,0,0,0,0,0,0,0,0,0,1,1,NORMAL,NORMAL: no material adverse or mild scenario trigger,RULE_BASED_UNWEIGHTED_WEATHER_DIMENSIONS,DERIVED_FROM_PUBLIC_WEATHER,PROJECT_ASSUMPTION
2023-08-07,US_MIDWEST,"Chicago, IL",22.7,6.3,0.0,22.0,0,22.507,20.45,0.0,0.193,-14.15,0.0,0,0,0,0,0,0,0,0,0,0,0,0,0,0,1,1,NORMAL,NORMAL: no material adverse or mild scenario trigger,RULE_BASED_UNWEIGHTED_WEATHER_DIMENSIONS,DERIVED_FROM_PUBLIC_WEATHER,PROJECT_ASSUMPTION
2023-08-14,US_MIDWEST,"Chicago, IL",21.2,31.6,0.0,31.1,0,22.636,11.2,0.0,-1.436,20.4,0.0,0,0,0,0,0,0,0,1,0,0,0,1,0,0,1,1,NORMAL,NORMAL: isolated adverse dimension without severe compound conditions | wetter_than_normal,RULE_BASED_UNWEIGHTED_WEATHER_DIMENSIONS,DERIVED_FROM_PUBLIC_WEATHER,PROJECT_ASSUMPTION
2023-08-21,US_MIDWEST,"Chicago, IL",23.829,0.5,0.0,29.9,0,23.879,19.15,0.0,-0.05,-18.65,0.0,0,0,0,0,0,0,0,0,0,0,0,0,0,0,1,1,NORMAL,NORMAL: no material adverse or mild scenario trigger,RULE_BASED_UNWEIGHTED_WEATHER_DIMENSIONS,DERIVED_FROM_PUBLIC_WEATHER,PROJECT_ASSUMPTION
2023-08-28,US_MIDWEST,"Chicago, IL",21.157,0.6,0.0,24.7,0,22.258,4.35,0.0,-1.101,-3.75,0.0,0,0,0,0,0,0,0,0,0,0,0,0,0,0,1,1,NORMAL,NORMAL: no material adverse or mild scenario trigger,RULE_BASED_UNWEIGHTED_WEATHER_DIMENSIONS,DERIVED_FROM_PUBLIC_WEATHER,PROJECT_ASSUMPTION
2023-09-04,US_MIDWEST,"Chicago, IL",21.829,5.1,0.0,24.9,0,20.908,30.05,0.0,0.922,-24.95,0.0,0,0,0,0,0,0,0,0,0,0,0,0,0,0,1,1,NORMAL,NORMAL: no material adverse or mild scenario trigger,RULE_BASED_UNWEIGHTED_WEATHER_DIMENSIONS,DERIVED_FROM_PUBLIC_WEATHER,PROJECT_ASSUMPTION
2023-09-11,US_MIDWEST,"Chicago, IL",16.871,33.8,0.0,25.0,0,20.971,3.85,0.0,-4.1,29.95,0.0,0,0,0,0,0,0,1,1,0,0,0,2,0,0,1,1,SEVERE,"SEVERE: colder_than_normal, wetter_than_normal",RULE_BASED_UNWEIGHTED_WEATHER_DIMENSIONS,DERIVED_FROM_PUBLIC_WEATHER,PROJECT_ASSUMPTION
2023-09-18,US_MIDWEST,"Chicago, IL",18.986,11.1,0.0,24.5,0,17.964,17.85,0.0,1.022,-6.75,0.0,0,0,0,0,0,0,0,0,0,0,0,0,0,0,1,1,NORMAL,NORMAL: no material adverse or mild scenario trigger,RULE_BASED_UNWEIGHTED_WEATHER_DIMENSIONS,DERIVED_FROM_PUBLIC_WEATHER,PROJECT_ASSUMPTION
2023-09-25,US_MIDWEST,"Chicago, IL",19.029,29.3,0.0,19.6,0,16.514,11.25,0.0,2.515,18.05,0.0,0,0,0,0,0,0,0,0,0,0,0,0,0,1,1,1,MILD,MILD: warmer_than_seasonal_reference with no adverse weather dimensions,RULE_BASED_UNWEIGHTED_WEATHER_DIMENSIONS,DERIVED_FROM_PUBLIC_WEATHER,PROJECT_ASSUMPTION
2023-10-02,US_MIDWEST,"Chicago, IL",16.671,9.6,0.0,31.3,0,15.828,12.65,0.0,0.843,-3.05,0.0,0,0,0,0,0,0,0,0,0,0,0,0,0,0,1,1,NORMAL,NORMAL: no material adverse or mild scenario trigger,RULE_BASED_UNWEIGHTED_WEATHER_DIMENSIONS,DERIVED_FROM_PUBLIC_WEATHER,PROJECT_ASSUMPTION
2023-10-09,US_MIDWEST,"Chicago, IL",11.586,49.1,0.0,36.9,0,13.208,26.95,0.0,-1.621,22.15,0.0,0,0,0,0,0,0,0,1,0,0,0,1,0,0,1,1,NORMAL,NORMAL: isolated adverse dimension without severe compound conditions | wetter_than_normal,RULE_BASED_UNWEIGHTED_WEATHER_DIMENSIONS,DERIVED_FROM_PUBLIC_WEATHER,PROJECT_ASSUMPTION
2023-10-16,US_MIDWEST,"Chicago, IL",11.129,11.9,0.0,28.0,0,11.093,18.7,0.0,0.036,-6.8,0.0,0,0,0,0,0,0,0,0,0,0,0,0,0,0,1,1,NORMAL,NORMAL: no material adverse or mild scenario trigger,RULE_BASED_UNWEIGHTED_WEATHER_DIMENSIONS,DERIVED_FROM_PUBLIC_WEATHER,PROJECT_ASSUMPTION
2023-10-23,US_MIDWEST,"Chicago, IL",14.0,27.3,0.0,27.8,0,10.864,39.75,0.0,3.136,-12.45,0.0,0,0,0,0,0,0,0,0,0,0,0,0,0,1,1,1,MILD,MILD: warmer_than_seasonal_reference with no adverse weather dimensions,RULE_BASED_UNWEIGHTED_WEATHER_DIMENSIONS,DERIVED_FROM_PUBLIC_WEATHER,PROJECT_ASSUMPTION
2023-10-30,US_MIDWEST,"Chicago, IL",5.629,3.2,0.14,29.9,1,9.85,5.6,0.0,-4.221,-2.4,0.14,0,0,0,0,0,0,1,0,0,0,0,1,0,0,1,1,NORMAL,NORMAL: isolated adverse dimension without severe compound conditions | colder_than_normal,RULE_BASED_UNWEIGHTED_WEATHER_DIMENSIONS,DERIVED_FROM_PUBLIC_WEATHER,PROJECT_ASSUMPTION
2023-11-06,US_MIDWEST,"Chicago, IL",8.871,20.3,0.0,34.1,0,7.864,5.8,0.175,1.007,14.5,-0.175,0,0,0,0,0,0,0,0,0,0,0,0,0,0,1,1,NORMAL,NORMAL: no material adverse or mild scenario trigger,RULE_BASED_UNWEIGHTED_WEATHER_DIMENSIONS,DERIVED_FROM_PUBLIC_WEATHER,PROJECT_ASSUMPTION
2023-11-13,US_MIDWEST,"Chicago, IL",8.571,1.4,0.0,30.8,0,1.614,9.2,2.24,6.956,-7.8,-2.24,0,0,0,0,0,0,0,0,0,0,0,0,0,1,1,1,MILD,MILD: warmer_than_seasonal_reference with no adverse weather dimensions,RULE_BASED_UNWEIGHTED_WEATHER_DIMENSIONS,DERIVED_FROM_PUBLIC_WEATHER,PROJECT_ASSUMPTION
2023-11-20,US_MIDWEST,"Chicago, IL",3.014,19.7,2.24,28.6,0,3.193,7.25,0.0,-0.179,12.45,2.24,0,0,0,0,0,0,0,0,0,0,0,0,0,0,1,1,NORMAL,NORMAL: no material adverse or mild scenario trigger,RULE_BASED_UNWEIGHTED_WEATHER_DIMENSIONS,DERIVED_FROM_PUBLIC_WEATHER,PROJECT_ASSUMPTION
2023-11-27,US_MIDWEST,"Chicago, IL",1.171,28.4,0.0,26.7,1,3.314,9.45,0.07,-2.143,18.95,-0.07,0,0,0,0,0,0,1,0,0,0,0,1,0,0,1,1,NORMAL,NORMAL: isolated adverse dimension without severe compound conditions | colder_than_normal,RULE_BASED_UNWEIGHTED_WEATHER_DIMENSIONS,DERIVED_FROM_PUBLIC_WEATHER,PROJECT_ASSUMPTION
2023-12-04,US_MIDWEST,"Chicago, IL",4.671,6.7,1.26,33.6,1,2.157,14.3,1.89,2.514,-7.6,-0.63,0,0,0,0,0,0,0,0,0,0,0,0,0,1,1,1,MILD,MILD: warmer_than_seasonal_reference with no adverse weather dimensions,RULE_BASED_UNWEIGHTED_WEATHER_DIMENSIONS,DERIVED_FROM_PUBLIC_WEATHER,PROJECT_ASSUMPTION
2023-12-11,US_MIDWEST,"Chicago, IL",3.043,10.4,0.0,24.4,0,2.507,23.05,0.595,0.536,-12.65,-0.595,0,0,0,0,0,0,0,0,0,0,0,0,0,0,1,1,NORMAL,NORMAL: no material adverse or mild scenario trigger,RULE_BASED_UNWEIGHTED_WEATHER_DIMENSIONS,DERIVED_FROM_PUBLIC_WEATHER,PROJECT_ASSUMPTION
2023-12-18,US_MIDWEST,"Chicago, IL",3.4,14.8,0.0,38.4,0,-3.464,1.55,2.275,6.864,13.25,-2.275,0,0,0,0,0,0,0,0,0,0,0,0,0,1,1,1,MILD,MILD: warmer_than_seasonal_reference with no adverse weather dimensions,RULE_BASED_UNWEIGHTED_WEATHER_DIMENSIONS,DERIVED_FROM_PUBLIC_WEATHER,PROJECT_ASSUMPTION
2023-12-25,US_MIDWEST,"Chicago, IL",3.814,17.4,1.26,30.1,2,0.936,10.1,8.155,2.878,7.3,-6.895,0,0,0,0,1,0,0,0,0,1,0,1,0,0,1,1,NORMAL,NORMAL: isolated adverse dimension without severe compound conditions | wet_cold_compound,RULE_BASED_UNWEIGHTED_WEATHER_DIMENSIONS,DERIVED_FROM_PUBLIC_WEATHER,PROJECT_ASSUMPTION
2024-01-01,US_MIDWEST,"Chicago, IL",0.086,0.4,4.69,27.3,0,-3.3,9.85,0.77,3.386,-9.45,3.92,0,0,0,0,0,0,0,0,0,0,0,0,0,1,1,1,MILD,MILD: warmer_than_seasonal_reference with no adverse weather dimensions,RULE_BASED_UNWEIGHTED_WEATHER_DIMENSIONS,DERIVED_FROM_PUBLIC_WEATHER,PROJECT_ASSUMPTION
2024-01-08,US_MIDWEST,"Chicago, IL",-3.4,15.2,30.87,40.4,2,-1.193,0.25,1.12,-2.207,14.95,29.75,0,1,1,0,1,0,1,0,1,1,0,3,1,0,1,1,SEVERE,"SEVERE: colder_than_normal, snowier_than_normal, wet_cold_compound | extreme_event_trigger",RULE_BASED_UNWEIGHTED_WEATHER_DIMENSIONS,DERIVED_FROM_PUBLIC_WEATHER,PROJECT_ASSUMPTION
2024-01-15,US_MIDWEST,"Chicago, IL",-13.457,0.0,3.85,31.3,0,-1.65,9.65,3.395,-11.807,-9.65,0.455,0,0,1,1,0,0,1,0,0,0,0,1,1,0,1,1,SEVERE,SEVERE: colder_than_normal | extreme_event_trigger,RULE_BASED_UNWEIGHTED_WEATHER_DIMENSIONS,DERIVED_FROM_PUBLIC_WEATHER,PROJECT_ASSUMPTION
2024-01-22,US_MIDWEST,"Chicago, IL",1.214,43.6,1.82,27.0,7,-5.75,0.0,9.765,6.964,43.6,-7.945,0,0,0,0,1,0,0,1,0,1,0,2,0,0,1,1,SEVERE,"SEVERE: wetter_than_normal, wet_cold_compound",RULE_BASED_UNWEIGHTED_WEATHER_DIMENSIONS,DERIVED_FROM_PUBLIC_WEATHER,PROJECT_ASSUMPTION
2024-01-29,US_MIDWEST,"Chicago, IL",1.743,0.8,0.0,24.1,0,-5.972,1.85,5.25,7.714,-1.05,-5.25,0,0,0,0,0,0,0,0,0,0,0,0,0,1,1,1,MILD,MILD: warmer_than_seasonal_reference with no adverse weather dimensions,RULE_BASED_UNWEIGHTED_WEATHER_DIMENSIONS,DERIVED_FROM_PUBLIC_WEATHER,PROJECT_ASSUMPTION
2024-02-05,US_MIDWEST,"Chicago, IL",3.143,2.1,0.0,34.2,0,-0.479,10.25,1.33,3.622,-8.15,-1.33,0,0,0,0,0,0,0,0,0,0,0,0,0,1,1,1,MILD,MILD: warmer_than_seasonal_reference with no adverse weather dimensions,RULE_BASED_UNWEIGHTED_WEATHER_DIMENSIONS,DERIVED_FROM_PUBLIC_WEATHER,PROJECT_ASSUMPTION
2024-02-12,US_MIDWEST,"Chicago, IL",-0.4,4.8,0.21,36.5,1,0.014,12.1,5.635,-0.414,-7.3,-5.425,0,0,1,0,0,0,0,0,0,0,0,0,0,0,1,1,NORMAL,NORMAL: no material adverse or mild scenario trigger,RULE_BASED_UNWEIGHTED_WEATHER_DIMENSIONS,DERIVED_FROM_PUBLIC_WEATHER,PROJECT_ASSUMPTION
2024-02-19,US_MIDWEST,"Chicago, IL",3.957,0.1,1.61,36.0,0,-1.064,22.1,2.415,5.022,-22.0,-0.805,0,0,0,0,0,0,0,0,0,0,0,0,0,1,1,1,MILD,MILD: warmer_than_seasonal_reference with no adverse weather dimensions,RULE_BASED_UNWEIGHTED_WEATHER_DIMENSIONS,DERIVED_FROM_PUBLIC_WEATHER,PROJECT_ASSUMPTION
2024-02-26,US_MIDWEST,"Chicago, IL",6.257,4.2,0.21,37.0,0,3.536,16.65,1.715,2.721,-12.45,-1.505,0,0,0,0,0,0,0,0,0,0,0,0,0,1,1,1,MILD,MILD: warmer_than_seasonal_reference with no adverse weather dimensions,RULE_BASED_UNWEIGHTED_WEATHER_DIMENSIONS,DERIVED_FROM_PUBLIC_WEATHER,PROJECT_ASSUMPTION
2024-03-04,US_MIDWEST,"Chicago, IL",5.357,40.4,0.0,29.1,2,0.322,5.85,7.98,5.036,34.55,-7.98,0,0,0,0,1,0,0,1,0,1,0,2,0,0,1,1,SEVERE,"SEVERE: wetter_than_normal, wet_cold_compound",RULE_BASED_UNWEIGHTED_WEATHER_DIMENSIONS,DERIVED_FROM_PUBLIC_WEATHER,PROJECT_ASSUMPTION
2024-03-11,US_MIDWEST,"Chicago, IL",7.386,14.3,0.0,34.6,0,2.986,11.85,0.21,4.4,2.45,-0.21,0,0,0,0,0,0,0,0,0,0,0,0,0,1,1,1,MILD,MILD: warmer_than_seasonal_reference with no adverse weather dimensions,RULE_BASED_UNWEIGHTED_WEATHER_DIMENSIONS,DERIVED_FROM_PUBLIC_WEATHER,PROJECT_ASSUMPTION
2024-03-18,US_MIDWEST,"Chicago, IL",1.343,0.2,4.62,33.4,0,4.615,34.4,2.24,-3.272,-34.2,2.38,0,0,0,0,0,0,1,0,0,0,0,1,0,0,1,1,NORMAL,NORMAL: isolated adverse dimension without severe compound conditions | colder_than_normal,RULE_BASED_UNWEIGHTED_WEATHER_DIMENSIONS,DERIVED_FROM_PUBLIC_WEATHER,PROJECT_ASSUMPTION
2024-03-25,US_MIDWEST,"Chicago, IL",5.257,34.8,0.0,36.2,2,3.628,45.35,0.595,1.628,-10.55,-0.595,0,0,0,0,1,0,0,0,0,1,0,1,0,0,1,1,NORMAL,NORMAL: isolated adverse dimension without severe compound conditions | wet_cold_compound,RULE_BASED_UNWEIGHTED_WEATHER_DIMENSIONS,DERIVED_FROM_PUBLIC_WEATHER,PROJECT_ASSUMPTION
2024-04-01,US_MIDWEST,"Chicago, IL",4.214,42.1,3.64,30.4,4,7.15,30.85,0.0,-2.936,11.25,3.64,0,0,0,0,1,0,1,0,0,1,0,2,0,0,1,1,SEVERE,"SEVERE: colder_than_normal, wet_cold_compound",RULE_BASED_UNWEIGHTED_WEATHER_DIMENSIONS,DERIVED_FROM_PUBLIC_WEATHER,PROJECT_ASSUMPTION
2024-04-08,US_MIDWEST,"Chicago, IL",11.957,6.4,0.0,34.0,0,11.808,11.9,0.07,0.149,-5.5,-0.07,0,0,0,0,0,0,0,0,0,0,0,0,0,0,1,1,NORMAL,NORMAL: no material adverse or mild scenario trigger,RULE_BASED_UNWEIGHTED_WEATHER_DIMENSIONS,DERIVED_FROM_PUBLIC_WEATHER,PROJECT_ASSUMPTION
2024-04-15,US_MIDWEST,"Chicago, IL",10.214,22.2,0.0,36.3,0,8.793,21.2,1.26,1.421,1.0,-1.26,0,0,0,0,0,0,0,0,0,0,0,0,0,0,1,1,NORMAL,NORMAL: no material adverse or mild scenario trigger,RULE_BASED_UNWEIGHTED_WEATHER_DIMENSIONS,DERIVED_FROM_PUBLIC_WEATHER,PROJECT_ASSUMPTION
2024-04-22,US_MIDWEST,"Chicago, IL",11.171,33.3,0.0,36.8,0,7.4,13.1,0.0,3.771,20.2,0.0,0,0,0,0,0,0,0,1,0,0,0,1,0,0,1,1,NORMAL,NORMAL: isolated adverse dimension without severe compound conditions | wetter_than_normal,RULE_BASED_UNWEIGHTED_WEATHER_DIMENSIONS,DERIVED_FROM_PUBLIC_WEATHER,PROJECT_ASSUMPTION
2024-04-29,US_MIDWEST,"Chicago, IL",14.729,32.7,0.0,28.2,0,9.914,39.2,0.0,4.815,-6.5,0.0,0,0,0,0,0,0,0,0,0,0,0,0,0,1,1,1,MILD,MILD: warmer_than_seasonal_reference with no adverse weather dimensions,RULE_BASED_UNWEIGHTED_WEATHER_DIMENSIONS,DERIVED_FROM_PUBLIC_WEATHER,PROJECT_ASSUMPTION
2024-05-06,US_MIDWEST,"Chicago, IL",14.143,47.2,0.0,25.0,0,16.993,12.7,0.0,-2.85,34.5,0.0,0,0,0,0,0,0,1,1,0,0,0,2,0,0,1,1,SEVERE,"SEVERE: colder_than_normal, wetter_than_normal",RULE_BASED_UNWEIGHTED_WEATHER_DIMENSIONS,DERIVED_FROM_PUBLIC_WEATHER,PROJECT_ASSUMPTION
2024-05-13,US_MIDWEST,"Chicago, IL",16.029,21.8,0.0,27.2,0,14.628,21.35,0.0,1.401,0.45,0.0,0,0,0,0,0,0,0,0,0,0,0,0,0,0,1,1,NORMAL,NORMAL: no material adverse or mild scenario trigger,RULE_BASED_UNWEIGHTED_WEATHER_DIMENSIONS,DERIVED_FROM_PUBLIC_WEATHER,PROJECT_ASSUMPTION
2024-05-20,US_MIDWEST,"Chicago, IL",18.629,29.2,0.0,38.8,0,14.729,12.95,0.0,3.9,16.25,0.0,0,0,0,0,0,0,0,0,0,0,0,0,0,1,1,1,MILD,MILD: warmer_than_seasonal_reference with no adverse weather dimensions,RULE_BASED_UNWEIGHTED_WEATHER_DIMENSIONS,DERIVED_FROM_PUBLIC_WEATHER,PROJECT_ASSUMPTION
2024-05-27,US_MIDWEST,"Chicago, IL",15.6,37.3,0.0,24.5,0,19.672,4.1,0.0,-4.072,33.2,0.0,0,0,0,0,0,0,1,1,0,0,0,2,0,0,1,1,SEVERE,"SEVERE: colder_than_normal, wetter_than_normal",RULE_BASED_UNWEIGHTED_WEATHER_DIMENSIONS,DERIVED_FROM_PUBLIC_WEATHER,PROJECT_ASSUMPTION
2024-06-03,US_MIDWEST,"Chicago, IL",19.886,22.4,0.0,30.1,0,16.936,20.9,0.0,2.95,1.5,0.0,0,0,0,0,0,0,0,0,0,0,0,0,0,1,1,1,MILD,MILD: warmer_than_seasonal_reference with no adverse weather dimensions,RULE_BASED_UNWEIGHTED_WEATHER_DIMENSIONS,DERIVED_FROM_PUBLIC_WEATHER,PROJECT_ASSUMPTION
2024-06-10,US_MIDWEST,"Chicago, IL",20.4,6.0,0.0,27.7,0,19.422,17.85,0.0,0.979,-11.85,0.0,0,0,0,0,0,0,0,0,0,0,0,0,0,0,1,1,NORMAL,NORMAL: no material adverse or mild scenario trigger,RULE_BASED_UNWEIGHTED_WEATHER_DIMENSIONS,DERIVED_FROM_PUBLIC_WEATHER,PROJECT_ASSUMPTION
2024-06-17,US_MIDWEST,"Chicago, IL",25.214,7.4,0.0,29.4,0,22.55,12.55,0.0,2.664,-5.15,0.0,0,0,0,0,0,0,0,0,0,0,0,0,0,1,1,1,MILD,MILD: warmer_than_seasonal_reference with no adverse weather dimensions,RULE_BASED_UNWEIGHTED_WEATHER_DIMENSIONS,DERIVED_FROM_PUBLIC_WEATHER,PROJECT_ASSUMPTION
2024-06-24,US_MIDWEST,"Chicago, IL",21.757,21.5,0.0,40.5,0,21.736,19.45,0.0,0.021,2.05,0.0,0,0,0,0,0,0,0,0,0,0,0,0,0,0,1,1,NORMAL,NORMAL: no material adverse or mild scenario trigger,RULE_BASED_UNWEIGHTED_WEATHER_DIMENSIONS,DERIVED_FROM_PUBLIC_WEATHER,PROJECT_ASSUMPTION
2024-07-01,US_MIDWEST,"Chicago, IL",21.943,10.9,0.0,26.1,0,21.947,22.1,0.0,-0.004,-11.2,0.0,0,0,0,0,0,0,0,0,0,0,0,0,0,0,1,1,NORMAL,NORMAL: no material adverse or mild scenario trigger,RULE_BASED_UNWEIGHTED_WEATHER_DIMENSIONS,DERIVED_FROM_PUBLIC_WEATHER,PROJECT_ASSUMPTION
2024-07-08,US_MIDWEST,"Chicago, IL",22.729,25.6,0.0,26.9,0,21.857,22.167,0.0,0.872,3.433,0.0,0,0,0,0,0,0,0,0,0,0,0,0,0,0,1,1,NORMAL,NORMAL: no material adverse or mild scenario trigger,RULE_BASED_UNWEIGHTED_WEATHER_DIMENSIONS,DERIVED_FROM_PUBLIC_WEATHER,PROJECT_ASSUMPTION
2024-07-15,US_MIDWEST,"Chicago, IL",21.914,44.8,0.0,19.6,0,23.757,8.167,0.0,-1.843,36.633,0.0,0,0,0,0,0,0,0,1,0,0,0,1,0,0,1,1,NORMAL,NORMAL: isolated adverse dimension without severe compound conditions | wetter_than_normal,RULE_BASED_UNWEIGHTED_WEATHER_DIMENSIONS,DERIVED_FROM_PUBLIC_WEATHER,PROJECT_ASSUMPTION
2024-07-22,US_MIDWEST,"Chicago, IL",21.557,12.8,0.0,18.3,0,23.181,9.067,0.0,-1.624,3.733,0.0,0,0,0,0,0,0,0,0,0,0,0,0,0,0,1,1,NORMAL,NORMAL: no material adverse or mild scenario trigger,RULE_BASED_UNWEIGHTED_WEATHER_DIMENSIONS,DERIVED_FROM_PUBLIC_WEATHER,PROJECT_ASSUMPTION
2024-07-29,US_MIDWEST,"Chicago, IL",24.586,23.2,0.0,21.7,0,23.471,14.3,0.0,1.115,8.9,0.0,0,0,0,0,0,0,0,0,0,0,0,0,0,0,1,1,NORMAL,NORMAL: no material adverse or mild scenario trigger,RULE_BASED_UNWEIGHTED_WEATHER_DIMENSIONS,DERIVED_FROM_PUBLIC_WEATHER,PROJECT_ASSUMPTION
2024-08-05,US_MIDWEST,"Chicago, IL",20.986,3.6,0.0,33.5,0,22.571,15.733,0.0,-1.585,-12.133,0.0,0,0,0,0,0,0,0,0,0,0,0,0,0,0,1,1,NORMAL,NORMAL: no material adverse or mild scenario trigger,RULE_BASED_UNWEIGHTED_WEATHER_DIMENSIONS,DERIVED_FROM_PUBLIC_WEATHER,PROJECT_ASSUMPTION
2024-08-12,US_MIDWEST,"Chicago, IL",22.1,38.7,0.0,26.0,0,22.157,18.0,0.0,-0.057,20.7,0.0,0,0,0,0,0,0,0,1,0,0,0,1,0,0,1,1,NORMAL,NORMAL: isolated adverse dimension without severe compound conditions | wetter_than_normal,RULE_BASED_UNWEIGHTED_WEATHER_DIMENSIONS,DERIVED_FROM_PUBLIC_WEATHER,PROJECT_ASSUMPTION
2024-08-19,US_MIDWEST,"Chicago, IL",20.671,0.1,0.0,22.7,0,23.862,12.933,0.0,-3.191,-12.833,0.0,0,0,0,0,0,0,1,0,0,0,0,1,0,0,1,1,NORMAL,NORMAL: isolated adverse dimension without severe compound conditions | colder_than_normal,RULE_BASED_UNWEIGHTED_WEATHER_DIMENSIONS,DERIVED_FROM_PUBLIC_WEATHER,PROJECT_ASSUMPTION
2024-08-26,US_MIDWEST,"Chicago, IL",24.1,11.0,0.0,25.1,0,21.891,3.1,0.0,2.209,7.9,0.0,0,0,0,0,0,0,0,0,0,0,0,0,0,1,1,1,MILD,MILD: warmer_than_seasonal_reference with no adverse weather dimensions,RULE_BASED_UNWEIGHTED_WEATHER_DIMENSIONS,DERIVED_FROM_PUBLIC_WEATHER,PROJECT_ASSUMPTION
2024-09-02,US_MIDWEST,"Chicago, IL",17.886,7.2,0.0,24.9,0,21.215,21.733,0.0,-3.329,-14.533,0.0,0,0,0,0,0,0,1,0,0,0,0,1,0,0,1,1,NORMAL,NORMAL: isolated adverse dimension without severe compound conditions | colder_than_normal,RULE_BASED_UNWEIGHTED_WEATHER_DIMENSIONS,DERIVED_FROM_PUBLIC_WEATHER,PROJECT_ASSUMPTION
2024-09-09,US_MIDWEST,"Chicago, IL",21.557,0.0,0.0,20.9,0,19.604,13.833,0.0,1.953,-13.833,0.0,0,0,0,0,0,0,0,0,0,0,0,0,0,0,1,1,NORMAL,NORMAL: no material adverse or mild scenario trigger,RULE_BASED_UNWEIGHTED_WEATHER_DIMENSIONS,DERIVED_FROM_PUBLIC_WEATHER,PROJECT_ASSUMPTION
2024-09-16,US_MIDWEST,"Chicago, IL",21.871,20.6,0.0,27.6,0,18.305,15.6,0.0,3.566,5.0,0.0,0,0,0,0,0,0,0,0,0,0,0,0,0,1,1,1,MILD,MILD: warmer_than_seasonal_reference with no adverse weather dimensions,RULE_BASED_UNWEIGHTED_WEATHER_DIMENSIONS,DERIVED_FROM_PUBLIC_WEATHER,PROJECT_ASSUMPTION
2024-09-23,US_MIDWEST,"Chicago, IL",18.129,22.2,0.0,35.8,0,17.352,17.267,0.0,0.777,4.933,0.0,0,0,0,0,0,0,0,0,0,0,0,0,0,0,1,1,NORMAL,NORMAL: no material adverse or mild scenario trigger,RULE_BASED_UNWEIGHTED_WEATHER_DIMENSIONS,DERIVED_FROM_PUBLIC_WEATHER,PROJECT_ASSUMPTION
2024-09-30,US_MIDWEST,"Chicago, IL",17.843,1.2,0.0,33.4,0,16.109,11.633,0.0,1.734,-10.433,0.0,0,0,0,0,0,0,0,0,0,0,0,0,0,0,1,1,NORMAL,NORMAL: no material adverse or mild scenario trigger,RULE_BASED_UNWEIGHTED_WEATHER_DIMENSIONS,DERIVED_FROM_PUBLIC_WEATHER,PROJECT_ASSUMPTION
2024-10-07,US_MIDWEST,"Chicago, IL",15.2,34.9,0.0,36.9,0,12.667,34.333,0.0,2.533,0.567,0.0,0,0,0,0,0,0,0,0,0,0,0,0,0,1,1,1,MILD,MILD: warmer_than_seasonal_reference with no adverse weather dimensions,RULE_BASED_UNWEIGHTED_WEATHER_DIMENSIONS,DERIVED_FROM_PUBLIC_WEATHER,PROJECT_ASSUMPTION
2024-10-14,US_MIDWEST,"Chicago, IL",10.843,13.1,0.0,36.1,0,11.105,16.433,0.0,-0.262,-3.333,0.0,0,0,0,0,0,0,0,0,0,0,0,0,0,0,1,1,NORMAL,NORMAL: no material adverse or mild scenario trigger,RULE_BASED_UNWEIGHTED_WEATHER_DIMENSIONS,DERIVED_FROM_PUBLIC_WEATHER,PROJECT_ASSUMPTION
2024-10-21,US_MIDWEST,"Chicago, IL",12.814,13.3,0.0,25.4,0,11.909,35.6,0.0,0.905,-22.3,0.0,0,0,0,0,0,0,0,0,0,0,0,0,0,0,1,1,NORMAL,NORMAL: no material adverse or mild scenario trigger,RULE_BASED_UNWEIGHTED_WEATHER_DIMENSIONS,DERIVED_FROM_PUBLIC_WEATHER,PROJECT_ASSUMPTION
2024-10-28,US_MIDWEST,"Chicago, IL",13.8,8.4,0.0,38.3,0,8.443,4.8,0.047,5.357,3.6,-0.047,0,0,0,0,0,0,0,0,0,0,0,0,0,1,1,1,MILD,MILD: warmer_than_seasonal_reference with no adverse weather dimensions,RULE_BASED_UNWEIGHTED_WEATHER_DIMENSIONS,DERIVED_FROM_PUBLIC_WEATHER,PROJECT_ASSUMPTION
2024-11-04,US_MIDWEST,"Chicago, IL",12.671,54.5,0.0,35.3,0,8.2,10.633,0.117,4.471,43.867,-0.117,1,0,0,0,0,0,0,1,0,0,0,1,0,0,1,1,NORMAL,NORMAL: isolated adverse dimension without severe compound conditions | wetter_than_normal,RULE_BASED_UNWEIGHTED_WEATHER_DIMENSIONS,DERIVED_FROM_PUBLIC_WEATHER,PROJECT_ASSUMPTION
2024-11-11,US_MIDWEST,"Chicago, IL",9.057,13.6,0.0,25.6,0,3.933,6.6,1.493,5.124,7.0,-1.493,0,0,0,0,0,0,0,0,0,0,0,0,0,1,1,1,MILD,MILD: warmer_than_seasonal_reference with no adverse weather dimensions,RULE_BASED_UNWEIGHTED_WEATHER_DIMENSIONS,DERIVED_FROM_PUBLIC_WEATHER,PROJECT_ASSUMPTION
2024-11-18,US_MIDWEST,"Chicago, IL",6.914,24.6,4.83,40.1,1,3.133,11.4,0.747,3.781,13.2,4.083,0,0,0,0,0,0,0,0,0,0,0,0,0,1,1,1,MILD,MILD: warmer_than_seasonal_reference with no adverse weather dimensions,RULE_BASED_UNWEIGHTED_WEATHER_DIMENSIONS,DERIVED_FROM_PUBLIC_WEATHER,PROJECT_ASSUMPTION
2024-11-25,US_MIDWEST,"Chicago, IL",-0.786,1.3,0.0,27.5,0,2.6,15.767,0.047,-3.386,-14.467,-0.047,0,0,1,0,0,0,1,0,0,0,0,1,0,0,1,1,NORMAL,NORMAL: isolated adverse dimension without severe compound conditions | colder_than_normal,RULE_BASED_UNWEIGHTED_WEATHER_DIMENSIONS,DERIVED_FROM_PUBLIC_WEATHER,PROJECT_ASSUMPTION
2024-12-02,US_MIDWEST,"Chicago, IL",-1.614,0.8,0.14,42.7,0,2.995,11.767,1.68,-4.609,-10.967,-1.54,0,0,1,0,0,0,1,0,0,0,0,1,0,0,1,1,NORMAL,NORMAL: isolated adverse dimension without severe compound conditions | colder_than_normal,RULE_BASED_UNWEIGHTED_WEATHER_DIMENSIONS,DERIVED_FROM_PUBLIC_WEATHER,PROJECT_ASSUMPTION
2024-12-09,US_MIDWEST,"Chicago, IL",-1.114,11.8,0.14,33.5,2,2.686,18.833,0.397,-3.8,-7.033,-0.257,0,0,1,0,1,0,1,0,0,1,0,2,0,0,1,1,SEVERE,"SEVERE: colder_than_normal, wet_cold_compound",RULE_BASED_UNWEIGHTED_WEATHER_DIMENSIONS,DERIVED_FROM_PUBLIC_WEATHER,PROJECT_ASSUMPTION
2024-12-16,US_MIDWEST,"Chicago, IL",-0.386,2.3,3.43,32.4,0,-1.176,5.967,1.517,0.79,-3.667,1.913,0,0,1,0,0,0,0,0,0,0,0,0,0,0,1,1,NORMAL,NORMAL: no material adverse or mild scenario trigger,RULE_BASED_UNWEIGHTED_WEATHER_DIMENSIONS,DERIVED_FROM_PUBLIC_WEATHER,PROJECT_ASSUMPTION
2024-12-23,US_MIDWEST,"Chicago, IL",4.414,20.4,0.0,31.5,1,1.895,12.533,5.857,2.519,7.867,-5.857,0,0,0,0,0,0,0,0,0,0,0,0,0,1,1,1,MILD,MILD: warmer_than_seasonal_reference with no adverse weather dimensions,RULE_BASED_UNWEIGHTED_WEATHER_DIMENSIONS,DERIVED_FROM_PUBLIC_WEATHER,PROJECT_ASSUMPTION
2024-12-30,US_MIDWEST,"Chicago, IL",-2.614,6.1,0.84,30.8,1,-2.171,6.7,2.077,-0.443,-0.6,-1.237,0,0,1,0,0,0,0,0,0,0,0,0,0,0,1,1,NORMAL,NORMAL: no material adverse or mild scenario trigger,RULE_BASED_UNWEIGHTED_WEATHER_DIMENSIONS,DERIVED_FROM_PUBLIC_WEATHER,PROJECT_ASSUMPTION
2025-01-06,US_MIDWEST,"Chicago, IL",-3.829,0.2,5.18,31.8,0,-1.929,5.233,11.037,-1.9,-5.033,-5.857,0,0,1,0,0,0,0,0,0,0,0,0,0,0,1,1,NORMAL,NORMAL: no material adverse or mild scenario trigger,RULE_BASED_UNWEIGHTED_WEATHER_DIMENSIONS,DERIVED_FROM_PUBLIC_WEATHER,PROJECT_ASSUMPTION
2025-01-13,US_MIDWEST,"Chicago, IL",-6.114,0.0,1.12,34.2,0,-5.586,6.433,3.547,-0.528,-6.433,-2.427,0,0,1,0,0,0,0,0,0,0,0,0,0,0,1,1,NORMAL,NORMAL: no material adverse or mild scenario trigger,RULE_BASED_UNWEIGHTED_WEATHER_DIMENSIONS,DERIVED_FROM_PUBLIC_WEATHER,PROJECT_ASSUMPTION
2025-01-20,US_MIDWEST,"Chicago, IL",-9.829,0.1,1.4,30.6,0,-3.429,14.533,7.117,-6.4,-14.433,-5.717,0,0,1,0,0,0,1,0,0,0,0,1,0,0,1,1,NORMAL,NORMAL: isolated adverse dimension without severe compound conditions | colder_than_normal,RULE_BASED_UNWEIGHTED_WEATHER_DIMENSIONS,DERIVED_FROM_PUBLIC_WEATHER,PROJECT_ASSUMPTION
2025-01-27,US_MIDWEST,"Chicago, IL",1.557,33.9,0.84,36.5,2,-3.4,1.5,3.5,4.957,32.4,-2.66,0,0,0,0,1,0,0,1,0,1,0,2,0,0,1,1,SEVERE,"SEVERE: wetter_than_normal, wet_cold_compound",RULE_BASED_UNWEIGHTED_WEATHER_DIMENSIONS,DERIVED_FROM_PUBLIC_WEATHER,PROJECT_ASSUMPTION
2025-02-03,US_MIDWEST,"Chicago, IL",-1.786,0.4,3.43,33.8,0,0.729,7.533,0.887,-2.515,-7.133,2.543,0,0,1,0,0,0,1,0,0,0,0,1,0,0,1,1,NORMAL,NORMAL: isolated adverse dimension without severe compound conditions | colder_than_normal,RULE_BASED_UNWEIGHTED_WEATHER_DIMENSIONS,DERIVED_FROM_PUBLIC_WEATHER,PROJECT_ASSUMPTION
2025-02-10,US_MIDWEST,"Chicago, IL",-5.229,0.1,12.53,31.5,0,-0.124,9.667,3.827,-5.105,-9.567,8.703,0,0,1,0,0,0,1,0,1,0,0,2,0,0,1,1,SEVERE,"SEVERE: colder_than_normal, snowier_than_normal",RULE_BASED_UNWEIGHTED_WEATHER_DIMENSIONS,DERIVED_FROM_PUBLIC_WEATHER,PROJECT_ASSUMPTION
2025-02-17,US_MIDWEST,"Chicago, IL",-9.014,0.0,0.07,25.7,0,0.609,14.767,2.147,-9.623,-14.767,-2.077,0,0,1,0,0,0,1,0,0,0,0,1,0,0,1,1,NORMAL,NORMAL: isolated adverse dimension without severe compound conditions | colder_than_normal,RULE_BASED_UNWEIGHTED_WEATHER_DIMENSIONS,DERIVED_FROM_PUBLIC_WEATHER,PROJECT_ASSUMPTION
2025-02-24,US_MIDWEST,"Chicago, IL",2.6,2.7,0.0,36.4,1,4.443,12.5,1.213,-1.843,-9.8,-1.213,0,0,0,0,0,0,0,0,0,0,0,0,0,0,1,1,NORMAL,NORMAL: no material adverse or mild scenario trigger,RULE_BASED_UNWEIGHTED_WEATHER_DIMENSIONS,DERIVED_FROM_PUBLIC_WEATHER,PROJECT_ASSUMPTION
2025-03-03,US_MIDWEST,"Chicago, IL",3.6,26.8,1.82,34.9,2,2.0,17.367,5.32,1.6,9.433,-3.5,0,0,0,0,1,0,0,0,0,1,0,1,0,0,1,1,NORMAL,NORMAL: isolated adverse dimension without severe compound conditions | wet_cold_compound,RULE_BASED_UNWEIGHTED_WEATHER_DIMENSIONS,DERIVED_FROM_PUBLIC_WEATHER,PROJECT_ASSUMPTION
2025-03-10,US_MIDWEST,"Chicago, IL",7.886,10.0,3.01,39.4,1,4.453,12.667,0.14,3.433,-2.667,2.87,0,0,0,0,0,0,0,0,0,0,0,0,0,1,1,1,MILD,MILD: warmer_than_seasonal_reference with no adverse weather dimensions,RULE_BASED_UNWEIGHTED_WEATHER_DIMENSIONS,DERIVED_FROM_PUBLIC_WEATHER,PROJECT_ASSUMPTION
2025-03-17,US_MIDWEST,"Chicago, IL",5.143,18.7,3.64,38.5,1,3.524,23.0,3.033,1.619,-4.3,0.607,0,0,0,0,0,0,0,0,0,0,0,0,0,0,1,1,NORMAL,NORMAL: no material adverse or mild scenario trigger,RULE_BASED_UNWEIGHTED_WEATHER_DIMENSIONS,DERIVED_FROM_PUBLIC_WEATHER,PROJECT_ASSUMPTION
2025-03-24,US_MIDWEST,"Chicago, IL",8.543,23.0,0.0,38.0,0,4.171,41.833,0.397,4.372,-18.833,-0.397,0,0,0,0,0,0,0,0,0,0,0,0,0,1,1,1,MILD,MILD: warmer_than_seasonal_reference with no adverse weather dimensions,RULE_BASED_UNWEIGHTED_WEATHER_DIMENSIONS,DERIVED_FROM_PUBLIC_WEATHER,PROJECT_ASSUMPTION
2025-03-31,US_MIDWEST,"Chicago, IL",5.529,45.8,0.0,36.0,1,6.171,34.6,1.213,-0.642,11.2,-1.213,0,0,0,0,0,0,0,0,0,0,0,0,0,0,1,1,NORMAL,NORMAL: no material adverse or mild scenario trigger,RULE_BASED_UNWEIGHTED_WEATHER_DIMENSIONS,DERIVED_FROM_PUBLIC_WEATHER,PROJECT_ASSUMPTION
2025-04-07,US_MIDWEST,"Chicago, IL",4.729,4.7,0.0,33.3,1,11.857,10.067,0.047,-7.128,-5.367,-0.047,0,0,0,0,0,0,1,0,0,0,0,1,0,0,1,1,NORMAL,NORMAL: isolated adverse dimension without severe compound conditions | colder_than_normal,RULE_BASED_UNWEIGHTED_WEATHER_DIMENSIONS,DERIVED_FROM_PUBLIC_WEATHER,PROJECT_ASSUMPTION
2025-04-14,US_MIDWEST,"Chicago, IL",10.129,10.9,0.0,35.5,0,9.267,21.533,0.84,0.862,-10.633,-0.84,0,0,0,0,0,0,0,0,0,0,0,0,0,0,1,1,NORMAL,NORMAL: no material adverse or mild scenario trigger,RULE_BASED_UNWEIGHTED_WEATHER_DIMENSIONS,DERIVED_FROM_PUBLIC_WEATHER,PROJECT_ASSUMPTION
2025-04-21,US_MIDWEST,"Chicago, IL",10.757,5.3,0.0,35.4,0,8.657,19.833,0.0,2.1,-14.533,0.0,0,0,0,0,0,0,0,0,0,0,0,0,0,1,1,1,MILD,MILD: warmer_than_seasonal_reference with no adverse weather dimensions,RULE_BASED_UNWEIGHTED_WEATHER_DIMENSIONS,DERIVED_FROM_PUBLIC_WEATHER,PROJECT_ASSUMPTION
2025-04-28,US_MIDWEST,"Chicago, IL",11.757,27.2,0.0,34.9,0,11.519,37.033,0.0,0.238,-9.833,0.0,0,0,0,0,0,0,0,0,0,0,0,0,0,0,1,1,NORMAL,NORMAL: no material adverse or mild scenario trigger,RULE_BASED_UNWEIGHTED_WEATHER_DIMENSIONS,DERIVED_FROM_PUBLIC_WEATHER,PROJECT_ASSUMPTION
2025-05-05,US_MIDWEST,"Chicago, IL",10.814,1.6,0.0,28.2,0,16.043,24.2,0.0,-5.229,-22.6,0.0,0,0,0,0,0,0,1,0,0,0,0,1,0,0,1,1,NORMAL,NORMAL: isolated adverse dimension without severe compound conditions | colder_than_normal,RULE_BASED_UNWEIGHTED_WEATHER_DIMENSIONS,DERIVED_FROM_PUBLIC_WEATHER,PROJECT_ASSUMPTION
2025-05-12,US_MIDWEST,"Chicago, IL",15.929,19.6,0.0,32.9,0,15.095,21.5,0.0,0.834,-1.9,0.0,0,0,0,0,0,0,0,0,0,0,0,0,0,0,1,1,NORMAL,NORMAL: no material adverse or mild scenario trigger,RULE_BASED_UNWEIGHTED_WEATHER_DIMENSIONS,DERIVED_FROM_PUBLIC_WEATHER,PROJECT_ASSUMPTION
2025-05-19,US_MIDWEST,"Chicago, IL",9.614,37.7,0.0,35.8,0,16.029,18.367,0.0,-6.415,19.333,0.0,0,0,0,0,0,0,1,0,0,0,0,1,0,0,1,1,NORMAL,NORMAL: isolated adverse dimension without severe compound conditions | colder_than_normal,RULE_BASED_UNWEIGHTED_WEATHER_DIMENSIONS,DERIVED_FROM_PUBLIC_WEATHER,PROJECT_ASSUMPTION
2025-05-26,US_MIDWEST,"Chicago, IL",12.814,7.8,0.0,20.1,0,18.314,15.167,0.0,-5.5,-7.367,0.0,0,0,0,0,0,0,1,0,0,0,0,1,0,0,1,1,NORMAL,NORMAL: isolated adverse dimension without severe compound conditions | colder_than_normal,RULE_BASED_UNWEIGHTED_WEATHER_DIMENSIONS,DERIVED_FROM_PUBLIC_WEATHER,PROJECT_ASSUMPTION
2025-06-02,US_MIDWEST,"Chicago, IL",17.143,26.1,0.0,36.3,0,17.919,21.4,0.0,-0.776,4.7,0.0,0,0,0,0,0,0,0,0,0,0,0,0,0,0,1,1,NORMAL,NORMAL: no material adverse or mild scenario trigger,RULE_BASED_UNWEIGHTED_WEATHER_DIMENSIONS,DERIVED_FROM_PUBLIC_WEATHER,PROJECT_ASSUMPTION
2025-06-09,US_MIDWEST,"Chicago, IL",18.243,1.9,0.0,24.9,0,19.748,13.9,0.0,-1.505,-12.0,0.0,0,0,0,0,0,0,0,0,0,0,0,0,0,0,1,1,NORMAL,NORMAL: no material adverse or mild scenario trigger,RULE_BASED_UNWEIGHTED_WEATHER_DIMENSIONS,DERIVED_FROM_PUBLIC_WEATHER,PROJECT_ASSUMPTION
2025-06-16,US_MIDWEST,"Chicago, IL",23.557,64.5,0.0,34.9,0,23.438,10.833,0.0,0.119,53.667,0.0,1,0,0,0,0,0,0,1,0,0,0,1,0,0,1,1,NORMAL,NORMAL: isolated adverse dimension without severe compound conditions | wetter_than_normal,RULE_BASED_UNWEIGHTED_WEATHER_DIMENSIONS,DERIVED_FROM_PUBLIC_WEATHER,PROJECT_ASSUMPTION
2025-06-23,US_MIDWEST,"Chicago, IL",25.2,30.3,0.0,26.1,0,21.743,20.133,0.0,3.457,10.167,0.0,0,0,0,0,0,0,0,0,0,0,0,0,0,1,1,1,MILD,MILD: warmer_than_seasonal_reference with no adverse weather dimensions,RULE_BASED_UNWEIGHTED_WEATHER_DIMENSIONS,DERIVED_FROM_PUBLIC_WEATHER,PROJECT_ASSUMPTION
2025-06-30,US_MIDWEST,"Chicago, IL",25.514,13.9,0.0,22.6,0,21.946,19.3,0.0,3.568,-5.4,0.0,0,0,0,0,0,0,0,0,0,0,0,0,0,1,1,1,MILD,MILD: warmer_than_seasonal_reference with no adverse weather dimensions,RULE_BASED_UNWEIGHTED_WEATHER_DIMENSIONS,DERIVED_FROM_PUBLIC_WEATHER,PROJECT_ASSUMPTION
2025-07-07,US_MIDWEST,"Chicago, IL",22.943,46.7,0.0,19.7,0,22.075,23.025,0.0,0.868,23.675,0.0,0,0,0,0,0,0,0,1,0,0,0,1,0,0,1,1,NORMAL,NORMAL: isolated adverse dimension without severe compound conditions | wetter_than_normal,RULE_BASED_UNWEIGHTED_WEATHER_DIMENSIONS,DERIVED_FROM_PUBLIC_WEATHER,PROJECT_ASSUMPTION
2025-07-14,US_MIDWEST,"Chicago, IL",22.543,8.1,0.0,26.3,0,23.296,17.325,0.0,-0.753,-9.225,0.0,0,0,0,0,0,0,0,0,0,0,0,0,0,0,1,1,NORMAL,NORMAL: no material adverse or mild scenario trigger,RULE_BASED_UNWEIGHTED_WEATHER_DIMENSIONS,DERIVED_FROM_PUBLIC_WEATHER,PROJECT_ASSUMPTION
2025-07-21,US_MIDWEST,"Chicago, IL",24.743,39.7,0.0,20.6,0,22.775,10.0,0.0,1.968,29.7,0.0,0,0,0,0,0,0,0,1,0,0,0,1,0,0,1,1,NORMAL,NORMAL: isolated adverse dimension without severe compound conditions | wetter_than_normal,RULE_BASED_UNWEIGHTED_WEATHER_DIMENSIONS,DERIVED_FROM_PUBLIC_WEATHER,PROJECT_ASSUMPTION
2025-07-28,US_MIDWEST,"Chicago, IL",22.186,16.8,0.0,27.0,0,23.75,16.525,0.0,-1.564,0.275,0.0,0,0,0,0,0,0,0,0,0,0,0,0,0,0,1,1,NORMAL,NORMAL: no material adverse or mild scenario trigger,RULE_BASED_UNWEIGHTED_WEATHER_DIMENSIONS,DERIVED_FROM_PUBLIC_WEATHER,PROJECT_ASSUMPTION
2025-08-04,US_MIDWEST,"Chicago, IL",25.0,1.2,0.0,22.7,0,22.175,12.7,0.0,2.825,-11.5,0.0,0,0,0,0,0,0,0,0,0,0,0,0,0,1,1,1,MILD,MILD: warmer_than_seasonal_reference with no adverse weather dimensions,RULE_BASED_UNWEIGHTED_WEATHER_DIMENSIONS,DERIVED_FROM_PUBLIC_WEATHER,PROJECT_ASSUMPTION
2025-08-11,US_MIDWEST,"Chicago, IL",24.4,35.0,0.0,19.9,0,22.143,23.175,0.0,2.257,11.825,0.0,0,0,0,0,0,0,0,0,0,0,0,0,0,1,1,1,MILD,MILD: warmer_than_seasonal_reference with no adverse weather dimensions,RULE_BASED_UNWEIGHTED_WEATHER_DIMENSIONS,DERIVED_FROM_PUBLIC_WEATHER,PROJECT_ASSUMPTION
2025-08-18,US_MIDWEST,"Chicago, IL",21.543,29.2,0.0,22.6,0,23.064,9.725,0.0,-1.521,19.475,0.0,0,0,0,0,0,0,0,0,0,0,0,0,0,0,1,1,NORMAL,NORMAL: no material adverse or mild scenario trigger,RULE_BASED_UNWEIGHTED_WEATHER_DIMENSIONS,DERIVED_FROM_PUBLIC_WEATHER,PROJECT_ASSUMPTION
2025-08-25,US_MIDWEST,"Chicago, IL",17.786,8.6,0.0,19.7,0,22.443,5.075,0.0,-4.657,3.525,0.0,0,0,0,0,0,0,1,0,0,0,0,1,0,0,1,1,NORMAL,NORMAL: isolated adverse dimension without severe compound conditions | colder_than_normal,RULE_BASED_UNWEIGHTED_WEATHER_DIMENSIONS,DERIVED_FROM_PUBLIC_WEATHER,PROJECT_ASSUMPTION
2025-09-01,US_MIDWEST,"Chicago, IL",16.457,6.5,0.0,31.5,0,20.382,18.1,0.0,-3.925,-11.6,0.0,0,0,0,0,0,0,1,0,0,0,0,1,0,0,1,1,NORMAL,NORMAL: isolated adverse dimension without severe compound conditions | colder_than_normal,RULE_BASED_UNWEIGHTED_WEATHER_DIMENSIONS,DERIVED_FROM_PUBLIC_WEATHER,PROJECT_ASSUMPTION
2025-09-08,US_MIDWEST,"Chicago, IL",19.214,4.0,0.0,23.2,0,20.092,10.375,0.0,-0.879,-6.375,0.0,0,0,0,0,0,0,0,0,0,0,0,0,0,0,1,1,NORMAL,NORMAL: no material adverse or mild scenario trigger,RULE_BASED_UNWEIGHTED_WEATHER_DIMENSIONS,DERIVED_FROM_PUBLIC_WEATHER,PROJECT_ASSUMPTION
2025-09-15,US_MIDWEST,"Chicago, IL",21.129,7.5,0.0,15.1,0,19.196,16.85,0.0,1.933,-9.35,0.0,0,0,0,0,0,0,0,0,0,0,0,0,0,0,1,1,NORMAL,NORMAL: no material adverse or mild scenario trigger,RULE_BASED_UNWEIGHTED_WEATHER_DIMENSIONS,DERIVED_FROM_PUBLIC_WEATHER,PROJECT_ASSUMPTION
2025-09-22,US_MIDWEST,"Chicago, IL",19.829,5.2,0.0,21.9,0,17.546,18.5,0.0,2.282,-13.3,0.0,0,0,0,0,0,0,0,0,0,0,0,0,0,1,1,1,MILD,MILD: warmer_than_seasonal_reference with no adverse weather dimensions,RULE_BASED_UNWEIGHTED_WEATHER_DIMENSIONS,DERIVED_FROM_PUBLIC_WEATHER,PROJECT_ASSUMPTION
2025-09-29,US_MIDWEST,"Chicago, IL",21.371,0.0,0.0,23.9,0,16.543,9.025,0.0,4.828,-9.025,0.0,0,0,0,0,0,0,0,0,0,0,0,0,0,1,1,1,MILD,MILD: warmer_than_seasonal_reference with no adverse weather dimensions,RULE_BASED_UNWEIGHTED_WEATHER_DIMENSIONS,DERIVED_FROM_PUBLIC_WEATHER,PROJECT_ASSUMPTION
2025-10-06,US_MIDWEST,"Chicago, IL",14.957,33.7,0.0,26.6,0,13.3,34.475,0.0,1.657,-0.775,0.0,0,0,0,0,0,0,0,0,0,0,0,0,0,0,1,1,NORMAL,NORMAL: no material adverse or mild scenario trigger,RULE_BASED_UNWEIGHTED_WEATHER_DIMENSIONS,DERIVED_FROM_PUBLIC_WEATHER,PROJECT_ASSUMPTION
2025-10-13,US_MIDWEST,"Chicago, IL",15.586,36.0,0.0,35.8,0,11.039,15.6,0.0,4.547,20.4,0.0,0,0,0,0,0,0,0,1,0,0,0,1,0,0,1,1,NORMAL,NORMAL: isolated adverse dimension without severe compound conditions | wetter_than_normal,RULE_BASED_UNWEIGHTED_WEATHER_DIMENSIONS,DERIVED_FROM_PUBLIC_WEATHER,PROJECT_ASSUMPTION
2025-10-20,US_MIDWEST,"Chicago, IL",8.857,6.0,0.0,34.5,0,12.136,30.025,0.0,-3.279,-24.025,0.0,0,0,0,0,0,0,1,0,0,0,0,1,0,0,1,1,NORMAL,NORMAL: isolated adverse dimension without severe compound conditions | colder_than_normal,RULE_BASED_UNWEIGHTED_WEATHER_DIMENSIONS,DERIVED_FROM_PUBLIC_WEATHER,PROJECT_ASSUMPTION
2025-10-27,US_MIDWEST,"Chicago, IL",8.829,1.8,0.0,30.1,0,9.782,5.7,0.035,-0.953,-3.9,-0.035,0,0,0,0,0,0,0,0,0,0,0,0,0,0,1,1,NORMAL,NORMAL: no material adverse or mild scenario trigger,RULE_BASED_UNWEIGHTED_WEATHER_DIMENSIONS,DERIVED_FROM_PUBLIC_WEATHER,PROJECT_ASSUMPTION
2025-11-03,US_MIDWEST,"Chicago, IL",8.357,16.2,1.89,34.3,1,9.317,21.6,0.088,-0.96,-5.4,1.802,0,0,0,0,0,0,0,0,0,0,0,0,0,0,1,1,NORMAL,NORMAL: no material adverse or mild scenario trigger,RULE_BASED_UNWEIGHTED_WEATHER_DIMENSIONS,DERIVED_FROM_PUBLIC_WEATHER,PROJECT_ASSUMPTION
2025-11-10,US_MIDWEST,"Chicago, IL",6.443,0.1,4.2,38.1,0,5.214,8.35,1.12,1.229,-8.25,3.08,0,0,0,0,0,0,0,0,0,0,0,0,0,0,1,1,NORMAL,NORMAL: no material adverse or mild scenario trigger,RULE_BASED_UNWEIGHTED_WEATHER_DIMENSIONS,DERIVED_FROM_PUBLIC_WEATHER,PROJECT_ASSUMPTION
2025-11-17,US_MIDWEST,"Chicago, IL",5.843,7.4,0.0,24.4,0,4.078,14.7,1.768,1.764,-7.3,-1.768,0,0,0,0,0,0,0,0,0,0,0,0,0,0,1,1,NORMAL,NORMAL: no material adverse or mild scenario trigger,RULE_BASED_UNWEIGHTED_WEATHER_DIMENSIONS,DERIVED_FROM_PUBLIC_WEATHER,PROJECT_ASSUMPTION
2025-11-24,US_MIDWEST,"Chicago, IL",1.371,8.7,15.61,46.7,0,1.753,12.15,0.035,-0.382,-3.45,15.575,0,1,0,0,0,0,0,0,1,0,0,1,1,0,1,1,SEVERE,SEVERE: snowier_than_normal | extreme_event_trigger,RULE_BASED_UNWEIGHTED_WEATHER_DIMENSIONS,DERIVED_FROM_PUBLIC_WEATHER,PROJECT_ASSUMPTION
2025-12-01,US_MIDWEST,"Chicago, IL",-4.529,0.2,7.84,27.4,0,1.843,9.025,1.295,-6.372,-8.825,6.545,0,0,1,0,0,0,1,0,1,0,0,2,0,0,1,1,SEVERE,"SEVERE: colder_than_normal, snowier_than_normal",RULE_BASED_UNWEIGHTED_WEATHER_DIMENSIONS,DERIVED_FROM_PUBLIC_WEATHER,PROJECT_ASSUMPTION
2025-12-08,US_MIDWEST,"Chicago, IL",-4.886,5.4,2.17,34.8,2,1.736,17.075,0.332,-6.622,-11.675,1.838,0,0,1,0,1,0,1,0,0,1,0,2,0,0,1,1,SEVERE,"SEVERE: colder_than_normal, wet_cold_compound",RULE_BASED_UNWEIGHTED_WEATHER_DIMENSIONS,DERIVED_FROM_PUBLIC_WEATHER,PROJECT_ASSUMPTION
2025-12-15,US_MIDWEST,"Chicago, IL",-2.057,6.9,0.0,40.4,1,-0.979,5.05,1.995,-1.078,1.85,-1.995,0,0,1,0,0,0,0,0,0,0,0,0,0,0,1,1,NORMAL,NORMAL: no material adverse or mild scenario trigger,RULE_BASED_UNWEIGHTED_WEATHER_DIMENSIONS,DERIVED_FROM_PUBLIC_WEATHER,PROJECT_ASSUMPTION
2025-12-22,US_MIDWEST,"Chicago, IL",4.429,38.3,0.0,37.5,2,2.525,14.5,4.392,1.904,23.8,-4.392,0,0,0,0,1,0,0,1,0,1,0,2,0,0,1,1,SEVERE,"SEVERE: wetter_than_normal, wet_cold_compound",RULE_BASED_UNWEIGHTED_WEATHER_DIMENSIONS,DERIVED_FROM_PUBLIC_WEATHER,PROJECT_ASSUMPTION
2025-12-29,US_MIDWEST,"Chicago, IL",-5.186,0.9,3.29,43.4,0,-2.282,6.55,1.768,-2.904,-5.65,1.522,0,0,1,0,0,0,1,0,0,0,0,1,0,0,1,1,NORMAL,NORMAL: isolated adverse dimension without severe compound conditions | colder_than_normal,RULE_BASED_UNWEIGHTED_WEATHER_DIMENSIONS,DERIVED_FROM_PUBLIC_WEATHER,PROJECT_ASSUMPTION
2026-01-05,US_MIDWEST,"Chicago, IL",3.2,21.6,1.82,38.8,2,-2.404,3.975,9.573,5.604,17.625,-7.753,0,0,0,0,1,0,0,0,0,1,0,1,0,0,1,1,NORMAL,NORMAL: isolated adverse dimension without severe compound conditions | wet_cold_compound,RULE_BASED_UNWEIGHTED_WEATHER_DIMENSIONS,DERIVED_FROM_PUBLIC_WEATHER,PROJECT_ASSUMPTION
2026-01-12,US_MIDWEST,"Chicago, IL",-3.643,1.2,4.27,39.7,0,-5.718,4.825,2.94,2.075,-3.625,1.33,0,0,1,0,0,0,0,0,0,0,0,0,0,1,1,1,MILD,MILD: warmer_than_seasonal_reference with no adverse weather dimensions,RULE_BASED_UNWEIGHTED_WEATHER_DIMENSIONS,DERIVED_FROM_PUBLIC_WEATHER,PROJECT_ASSUMPTION
2026-01-19,US_MIDWEST,"Chicago, IL",-11.814,0.0,6.02,34.3,0,-5.029,10.925,5.688,-6.785,-10.925,0.332,0,0,1,1,0,0,1,0,0,0,0,1,1,0,1,1,SEVERE,SEVERE: colder_than_normal | extreme_event_trigger,RULE_BASED_UNWEIGHTED_WEATHER_DIMENSIONS,DERIVED_FROM_PUBLIC_WEATHER,PROJECT_ASSUMPTION
2026-01-26,US_MIDWEST,"Chicago, IL",-10.671,0.0,2.1,33.9,0,-2.161,9.6,2.835,-8.51,-9.6,-0.735,0,0,1,1,0,0,1,0,0,0,0,1,1,0,1,1,SEVERE,SEVERE: colder_than_normal | extreme_event_trigger,RULE_BASED_UNWEIGHTED_WEATHER_DIMENSIONS,DERIVED_FROM_PUBLIC_WEATHER,PROJECT_ASSUMPTION
2026-02-02,US_MIDWEST,"Chicago, IL",-4.529,0.6,3.71,27.7,0,0.1,5.75,1.522,-4.629,-5.15,2.188,0,0,1,0,0,0,1,0,0,0,0,1,0,0,1,1,NORMAL,NORMAL: isolated adverse dimension without severe compound conditions | colder_than_normal,RULE_BASED_UNWEIGHTED_WEATHER_DIMENSIONS,DERIVED_FROM_PUBLIC_WEATHER,PROJECT_ASSUMPTION
2026-02-09,US_MIDWEST,"Chicago, IL",1.471,0.0,0.0,25.4,0,-1.4,7.275,6.002,2.871,-7.275,-6.002,0,0,0,0,0,0,0,0,0,0,0,0,0,1,1,1,MILD,MILD: warmer_than_seasonal_reference with no adverse weather dimensions,RULE_BASED_UNWEIGHTED_WEATHER_DIMENSIONS,DERIVED_FROM_PUBLIC_WEATHER,PROJECT_ASSUMPTION
2026-02-16,US_MIDWEST,"Chicago, IL",3.614,12.2,0.21,39.3,1,-1.796,11.075,1.628,5.41,1.125,-1.418,0,0,0,0,0,0,0,0,0,0,0,0,0,1,1,1,MILD,MILD: warmer_than_seasonal_reference with no adverse weather dimensions,RULE_BASED_UNWEIGHTED_WEATHER_DIMENSIONS,DERIVED_FROM_PUBLIC_WEATHER,PROJECT_ASSUMPTION
2026-02-23,US_MIDWEST,"Chicago, IL",-0.9,0.0,0.42,33.7,0,3.982,10.05,0.91,-4.882,-10.05,-0.49,0,0,1,0,0,0,1,0,0,0,0,1,0,0,1,1,NORMAL,NORMAL: isolated adverse dimension without severe compound conditions | colder_than_normal,RULE_BASED_UNWEIGHTED_WEATHER_DIMENSIONS,DERIVED_FROM_PUBLIC_WEATHER,PROJECT_ASSUMPTION
2026-03-02,US_MIDWEST,"Chicago, IL",5.129,24.5,0.0,31.1,2,2.4,19.725,4.445,2.729,4.775,-4.445,0,0,0,0,1,0,0,0,0,1,0,1,0,0,1,1,NORMAL,NORMAL: isolated adverse dimension without severe compound conditions | wet_cold_compound,RULE_BASED_UNWEIGHTED_WEATHER_DIMENSIONS,DERIVED_FROM_PUBLIC_WEATHER,PROJECT_ASSUMPTION
2026-03-09,US_MIDWEST,"Chicago, IL",5.071,63.5,2.38,50.4,1,5.311,12.0,0.857,-0.24,51.5,1.522,1,0,0,0,0,0,0,1,0,0,0,1,0,0,1,1,NORMAL,NORMAL: isolated adverse dimension without severe compound conditions | wetter_than_normal,RULE_BASED_UNWEIGHTED_WEATHER_DIMENSIONS,DERIVED_FROM_PUBLIC_WEATHER,PROJECT_ASSUMPTION
2026-03-16,US_MIDWEST,"Chicago, IL",2.943,0.9,4.76,40.4,0,3.929,21.925,3.185,-0.986,-21.025,1.575,0,0,0,0,0,0,0,0,0,0,0,0,0,0,1,1,NORMAL,NORMAL: no material adverse or mild scenario trigger,RULE_BASED_UNWEIGHTED_WEATHER_DIMENSIONS,DERIVED_FROM_PUBLIC_WEATHER,PROJECT_ASSUMPTION
2026-03-23,US_MIDWEST,"Chicago, IL",5.129,3.5,0.0,36.3,0,5.264,37.125,0.298,-0.135,-33.625,-0.298,0,0,0,0,0,0,0,0,0,0,0,0,0,0,1,1,NORMAL,NORMAL: no material adverse or mild scenario trigger,RULE_BASED_UNWEIGHTED_WEATHER_DIMENSIONS,DERIVED_FROM_PUBLIC_WEATHER,PROJECT_ASSUMPTION
2026-03-30,US_MIDWEST,"Chicago, IL",9.1,48.4,0.07,37.9,1,6.011,37.4,0.91,3.089,11.0,-0.84,0,0,0,0,0,0,0,0,0,0,0,0,0,1,1,1,MILD,MILD: warmer_than_seasonal_reference with no adverse weather dimensions,RULE_BASED_UNWEIGHTED_WEATHER_DIMENSIONS,DERIVED_FROM_PUBLIC_WEATHER,PROJECT_ASSUMPTION
2026-04-06,US_MIDWEST,"Chicago, IL",8.071,18.9,0.0,33.8,0,10.075,8.725,0.035,-2.004,10.175,-0.035,0,0,0,0,0,0,1,0,0,0,0,1,0,0,1,1,NORMAL,NORMAL: isolated adverse dimension without severe compound conditions | colder_than_normal,RULE_BASED_UNWEIGHTED_WEATHER_DIMENSIONS,DERIVED_FROM_PUBLIC_WEATHER,PROJECT_ASSUMPTION
2026-04-13,US_MIDWEST,"Chicago, IL",13.957,75.5,0.0,33.2,0,9.482,18.875,0.63,4.475,56.625,-0.63,1,0,0,0,0,0,0,1,0,0,0,1,0,0,1,1,NORMAL,NORMAL: isolated adverse dimension without severe compound conditions | wetter_than_normal,RULE_BASED_UNWEIGHTED_WEATHER_DIMENSIONS,DERIVED_FROM_PUBLIC_WEATHER,PROJECT_ASSUMPTION
2026-04-20,US_MIDWEST,"Chicago, IL",11.729,2.9,0.0,25.2,0,9.182,16.2,0.0,2.547,-13.3,0.0,0,0,0,0,0,0,0,0,0,0,0,0,0,1,1,1,MILD,MILD: warmer_than_seasonal_reference with no adverse weather dimensions,RULE_BASED_UNWEIGHTED_WEATHER_DIMENSIONS,DERIVED_FROM_PUBLIC_WEATHER,PROJECT_ASSUMPTION
2026-04-27,US_MIDWEST,"Chicago, IL",9.014,30.0,0.0,37.2,1,11.578,34.575,0.0,-2.565,-4.575,0.0,0,0,0,0,0,0,1,0,0,0,0,1,0,0,1,1,NORMAL,NORMAL: isolated adverse dimension without severe compound conditions | colder_than_normal,RULE_BASED_UNWEIGHTED_WEATHER_DIMENSIONS,DERIVED_FROM_PUBLIC_WEATHER,PROJECT_ASSUMPTION
2026-05-04,US_MIDWEST,"Chicago, IL",11.3,5.7,0.0,29.2,0,14.736,18.55,0.0,-3.436,-12.85,0.0,0,0,0,0,0,0,1,0,0,0,0,1,0,0,1,1,NORMAL,NORMAL: isolated adverse dimension without severe compound conditions | colder_than_normal,RULE_BASED_UNWEIGHTED_WEATHER_DIMENSIONS,DERIVED_FROM_PUBLIC_WEATHER,PROJECT_ASSUMPTION
2026-05-11,US_MIDWEST,"Chicago, IL",13.971,4.9,0.0,28.3,0,15.304,21.025,0.0,-1.333,-16.125,0.0,0,0,0,0,0,0,0,0,0,0,0,0,0,0,1,1,NORMAL,NORMAL: no material adverse or mild scenario trigger,RULE_BASED_UNWEIGHTED_WEATHER_DIMENSIONS,DERIVED_FROM_PUBLIC_WEATHER,PROJECT_ASSUMPTION
2026-05-18,US_MIDWEST,"Chicago, IL",14.914,10.9,0.0,35.4,0,14.425,23.2,0.0,0.489,-12.3,0.0,0,0,0,0,0,0,0,0,0,0,0,0,0,0,1,1,NORMAL,NORMAL: no material adverse or mild scenario trigger,RULE_BASED_UNWEIGHTED_WEATHER_DIMENSIONS,DERIVED_FROM_PUBLIC_WEATHER,PROJECT_ASSUMPTION
2026-05-25,US_MIDWEST,"Chicago, IL",17.029,0.0,0.0,22.6,0,16.939,13.325,0.0,0.09,-13.325,0.0,0,0,0,0,0,0,0,0,0,0,0,0,0,0,1,1,NORMAL,NORMAL: no material adverse or mild scenario trigger,RULE_BASED_UNWEIGHTED_WEATHER_DIMENSIONS,DERIVED_FROM_PUBLIC_WEATHER,PROJECT_ASSUMPTION
2026-06-01,US_MIDWEST,"Chicago, IL",18.871,8.6,0.0,21.4,0,17.725,22.575,0.0,1.146,-13.975,0.0,0,0,0,0,0,0,0,0,0,0,0,0,0,0,1,1,NORMAL,NORMAL: no material adverse or mild scenario trigger,RULE_BASED_UNWEIGHTED_WEATHER_DIMENSIONS,DERIVED_FROM_PUBLIC_WEATHER,PROJECT_ASSUMPTION
2026-06-08,US_MIDWEST,"Chicago, IL",21.7,43.1,0.0,29.5,0,19.371,10.9,0.0,2.329,32.2,0.0,0,0,0,0,0,0,0,1,0,0,0,1,0,0,1,1,NORMAL,NORMAL: isolated adverse dimension without severe compound conditions | wetter_than_normal,RULE_BASED_UNWEIGHTED_WEATHER_DIMENSIONS,DERIVED_FROM_PUBLIC_WEATHER,PROJECT_ASSUMPTION
2026-06-15,US_MIDWEST,"Chicago, IL",18.114,41.5,0.0,34.4,0,23.468,24.25,0.0,-5.354,17.25,0.0,0,0,0,0,0,0,1,0,0,0,0,1,0,0,1,1,NORMAL,NORMAL: isolated adverse dimension without severe compound conditions | colder_than_normal,RULE_BASED_UNWEIGHTED_WEATHER_DIMENSIONS,DERIVED_FROM_PUBLIC_WEATHER,PROJECT_ASSUMPTION
2026-06-22,US_MIDWEST,"Chicago, IL",17.714,22.7,0.0,22.9,0,22.607,22.675,0.0,-4.893,0.025,0.0,0,0,0,0,0,0,1,0,0,0,0,1,0,0,1,1,NORMAL,NORMAL: isolated adverse dimension without severe compound conditions | colder_than_normal,RULE_BASED_UNWEIGHTED_WEATHER_DIMENSIONS,DERIVED_FROM_PUBLIC_WEATHER,PROJECT_ASSUMPTION
2021-07-05,US_MTN,"Denver, CO",23.714,1.1,0.0,18.6,0,,,,,,,0,0,0,0,0,0,0,0,0,0,0,0,0,0,0,0,REFERENCE_UNAVAILABLE,No prior-year seasonal weather reference available,RULE_BASED_UNWEIGHTED_WEATHER_DIMENSIONS,DERIVED_FROM_PUBLIC_WEATHER,PROJECT_ASSUMPTION
2021-07-12,US_MTN,"Denver, CO",23.1,1.8,0.0,21.3,0,,,,,,,0,0,0,0,0,0,0,0,0,0,0,0,0,0,0,0,REFERENCE_UNAVAILABLE,No prior-year seasonal weather reference available,RULE_BASED_UNWEIGHTED_WEATHER_DIMENSIONS,DERIVED_FROM_PUBLIC_WEATHER,PROJECT_ASSUMPTION
2021-07-19,US_MTN,"Denver, CO",25.043,3.6,0.0,24.3,0,,,,,,,0,0,0,0,0,0,0,0,0,0,0,0,0,0,0,0,REFERENCE_UNAVAILABLE,No prior-year seasonal weather reference available,RULE_BASED_UNWEIGHTED_WEATHER_DIMENSIONS,DERIVED_FROM_PUBLIC_WEATHER,PROJECT_ASSUMPTION
2021-07-26,US_MTN,"Denver, CO",24.429,23.2,0.0,18.2,0,,,,,,,0,0,0,0,0,0,0,0,0,0,0,0,0,0,0,0,REFERENCE_UNAVAILABLE,No prior-year seasonal weather reference available,RULE_BASED_UNWEIGHTED_WEATHER_DIMENSIONS,DERIVED_FROM_PUBLIC_WEATHER,PROJECT_ASSUMPTION
2021-08-02,US_MTN,"Denver, CO",23.114,2.7,0.0,17.8,0,,,,,,,0,0,0,0,0,0,0,0,0,0,0,0,0,0,0,0,REFERENCE_UNAVAILABLE,No prior-year seasonal weather reference available,RULE_BASED_UNWEIGHTED_WEATHER_DIMENSIONS,DERIVED_FROM_PUBLIC_WEATHER,PROJECT_ASSUMPTION
2021-08-09,US_MTN,"Denver, CO",24.186,2.0,0.0,16.3,0,,,,,,,0,0,0,0,0,0,0,0,0,0,0,0,0,0,0,0,REFERENCE_UNAVAILABLE,No prior-year seasonal weather reference available,RULE_BASED_UNWEIGHTED_WEATHER_DIMENSIONS,DERIVED_FROM_PUBLIC_WEATHER,PROJECT_ASSUMPTION
2021-08-16,US_MTN,"Denver, CO",22.8,7.2,0.0,18.9,0,,,,,,,0,0,0,0,0,0,0,0,0,0,0,0,0,0,0,0,REFERENCE_UNAVAILABLE,No prior-year seasonal weather reference available,RULE_BASED_UNWEIGHTED_WEATHER_DIMENSIONS,DERIVED_FROM_PUBLIC_WEATHER,PROJECT_ASSUMPTION
2021-08-23,US_MTN,"Denver, CO",23.286,2.5,0.0,22.7,0,,,,,,,0,0,0,0,0,0,0,0,0,0,0,0,0,0,0,0,REFERENCE_UNAVAILABLE,No prior-year seasonal weather reference available,RULE_BASED_UNWEIGHTED_WEATHER_DIMENSIONS,DERIVED_FROM_PUBLIC_WEATHER,PROJECT_ASSUMPTION
2021-08-30,US_MTN,"Denver, CO",22.414,10.2,0.0,16.9,0,,,,,,,0,0,0,0,0,0,0,0,0,0,0,0,0,0,0,0,REFERENCE_UNAVAILABLE,No prior-year seasonal weather reference available,RULE_BASED_UNWEIGHTED_WEATHER_DIMENSIONS,DERIVED_FROM_PUBLIC_WEATHER,PROJECT_ASSUMPTION
2021-09-06,US_MTN,"Denver, CO",23.0,0.3,0.0,14.0,0,,,,,,,0,0,0,0,0,0,0,0,0,0,0,0,0,0,0,0,REFERENCE_UNAVAILABLE,No prior-year seasonal weather reference available,RULE_BASED_UNWEIGHTED_WEATHER_DIMENSIONS,DERIVED_FROM_PUBLIC_WEATHER,PROJECT_ASSUMPTION
2021-09-13,US_MTN,"Denver, CO",20.714,1.3,0.0,22.6,0,,,,,,,0,0,0,0,0,0,0,0,0,0,0,0,0,0,0,0,REFERENCE_UNAVAILABLE,No prior-year seasonal weather reference available,RULE_BASED_UNWEIGHTED_WEATHER_DIMENSIONS,DERIVED_FROM_PUBLIC_WEATHER,PROJECT_ASSUMPTION
2021-09-20,US_MTN,"Denver, CO",16.829,1.3,0.0,20.5,0,,,,,,,0,0,0,0,0,0,0,0,0,0,0,0,0,0,0,0,REFERENCE_UNAVAILABLE,No prior-year seasonal weather reference available,RULE_BASED_UNWEIGHTED_WEATHER_DIMENSIONS,DERIVED_FROM_PUBLIC_WEATHER,PROJECT_ASSUMPTION
2021-09-27,US_MTN,"Denver, CO",15.886,7.0,0.0,18.7,0,,,,,,,0,0,0,0,0,0,0,0,0,0,0,0,0,0,0,0,REFERENCE_UNAVAILABLE,No prior-year seasonal weather reference available,RULE_BASED_UNWEIGHTED_WEATHER_DIMENSIONS,DERIVED_FROM_PUBLIC_WEATHER,PROJECT_ASSUMPTION
2021-10-04,US_MTN,"Denver, CO",16.514,0.8,0.0,18.8,0,,,,,,,0,0,0,0,0,0,0,0,0,0,0,0,0,0,0,0,REFERENCE_UNAVAILABLE,No prior-year seasonal weather reference available,RULE_BASED_UNWEIGHTED_WEATHER_DIMENSIONS,DERIVED_FROM_PUBLIC_WEATHER,PROJECT_ASSUMPTION
2021-10-11,US_MTN,"Denver, CO",9.443,7.8,1.54,20.4,0,,,,,,,0,0,0,0,0,0,0,0,0,0,0,0,0,0,0,0,REFERENCE_UNAVAILABLE,No prior-year seasonal weather reference available,RULE_BASED_UNWEIGHTED_WEATHER_DIMENSIONS,DERIVED_FROM_PUBLIC_WEATHER,PROJECT_ASSUMPTION
2021-10-18,US_MTN,"Denver, CO",11.371,3.4,0.0,19.4,0,,,,,,,0,0,0,0,0,0,0,0,0,0,0,0,0,0,0,0,REFERENCE_UNAVAILABLE,No prior-year seasonal weather reference available,RULE_BASED_UNWEIGHTED_WEATHER_DIMENSIONS,DERIVED_FROM_PUBLIC_WEATHER,PROJECT_ASSUMPTION
2021-10-25,US_MTN,"Denver, CO",10.614,2.8,0.0,30.3,0,,,,,,,0,0,0,0,0,0,0,0,0,0,0,0,0,0,0,0,REFERENCE_UNAVAILABLE,No prior-year seasonal weather reference available,RULE_BASED_UNWEIGHTED_WEATHER_DIMENSIONS,DERIVED_FROM_PUBLIC_WEATHER,PROJECT_ASSUMPTION
2021-11-01,US_MTN,"Denver, CO",9.557,0.6,0.0,14.6,0,,,,,,,0,0,0,0,0,0,0,0,0,0,0,0,0,0,0,0,REFERENCE_UNAVAILABLE,No prior-year seasonal weather reference available,RULE_BASED_UNWEIGHTED_WEATHER_DIMENSIONS,DERIVED_FROM_PUBLIC_WEATHER,PROJECT_ASSUMPTION
2021-11-08,US_MTN,"Denver, CO",8.2,0.2,0.14,25.6,0,,,,,,,0,0,0,0,0,0,0,0,0,0,0,0,0,0,0,0,REFERENCE_UNAVAILABLE,No prior-year seasonal weather reference available,RULE_BASED_UNWEIGHTED_WEATHER_DIMENSIONS,DERIVED_FROM_PUBLIC_WEATHER,PROJECT_ASSUMPTION
2021-11-15,US_MTN,"Denver, CO",7.729,0.8,0.0,19.5,0,,,,,,,0,0,0,0,0,0,0,0,0,0,0,0,0,0,0,0,REFERENCE_UNAVAILABLE,No prior-year seasonal weather reference available,RULE_BASED_UNWEIGHTED_WEATHER_DIMENSIONS,DERIVED_FROM_PUBLIC_WEATHER,PROJECT_ASSUMPTION
2021-11-22,US_MTN,"Denver, CO",7.614,0.0,0.28,17.7,0,,,,,,,0,0,0,0,0,0,0,0,0,0,0,0,0,0,0,0,REFERENCE_UNAVAILABLE,No prior-year seasonal weather reference available,RULE_BASED_UNWEIGHTED_WEATHER_DIMENSIONS,DERIVED_FROM_PUBLIC_WEATHER,PROJECT_ASSUMPTION
2021-11-29,US_MTN,"Denver, CO",9.971,0.0,0.0,30.5,0,,,,,,,0,0,0,0,0,0,0,0,0,0,0,0,0,0,0,0,REFERENCE_UNAVAILABLE,No prior-year seasonal weather reference available,RULE_BASED_UNWEIGHTED_WEATHER_DIMENSIONS,DERIVED_FROM_PUBLIC_WEATHER,PROJECT_ASSUMPTION
2021-12-06,US_MTN,"Denver, CO",2.986,0.0,1.68,27.6,0,,,,,,,0,0,0,0,0,0,0,0,0,0,0,0,0,0,0,0,REFERENCE_UNAVAILABLE,No prior-year seasonal weather reference available,RULE_BASED_UNWEIGHTED_WEATHER_DIMENSIONS,DERIVED_FROM_PUBLIC_WEATHER,PROJECT_ASSUMPTION
2021-12-13,US_MTN,"Denver, CO",3.371,0.3,0.0,46.3,0,,,,,,,0,0,0,0,0,0,0,0,0,0,0,0,0,0,0,0,REFERENCE_UNAVAILABLE,No prior-year seasonal weather reference available,RULE_BASED_UNWEIGHTED_WEATHER_DIMENSIONS,DERIVED_FROM_PUBLIC_WEATHER,PROJECT_ASSUMPTION
2021-12-20,US_MTN,"Denver, CO",6.343,4.3,0.0,19.5,0,,,,,,,0,0,0,0,0,0,0,0,0,0,0,0,0,0,0,0,REFERENCE_UNAVAILABLE,No prior-year seasonal weather reference available,RULE_BASED_UNWEIGHTED_WEATHER_DIMENSIONS,DERIVED_FROM_PUBLIC_WEATHER,PROJECT_ASSUMPTION
2021-12-27,US_MTN,"Denver, CO",-3.3,0.7,8.05,28.4,0,,,,,,,0,0,1,0,0,0,0,0,0,0,0,0,0,0,0,0,REFERENCE_UNAVAILABLE,No prior-year seasonal weather reference available,RULE_BASED_UNWEIGHTED_WEATHER_DIMENSIONS,DERIVED_FROM_PUBLIC_WEATHER,PROJECT_ASSUMPTION
2022-01-03,US_MTN,"Denver, CO",-2.629,0.4,7.07,19.5,0,,,,,,,0,0,1,0,0,0,0,0,0,0,0,0,0,0,0,0,REFERENCE_UNAVAILABLE,No prior-year seasonal weather reference available,RULE_BASED_UNWEIGHTED_WEATHER_DIMENSIONS,DERIVED_FROM_PUBLIC_WEATHER,PROJECT_ASSUMPTION
2022-01-10,US_MTN,"Denver, CO",1.757,0.0,2.45,18.8,0,,,,,,,0,0,0,0,0,0,0,0,0,0,0,0,0,0,0,0,REFERENCE_UNAVAILABLE,No prior-year seasonal weather reference available,RULE_BASED_UNWEIGHTED_WEATHER_DIMENSIONS,DERIVED_FROM_PUBLIC_WEATHER,PROJECT_ASSUMPTION
2022-01-17,US_MTN,"Denver, CO",-0.529,0.0,2.24,14.8,0,,,,,,,0,0,1,0,0,0,0,0,0,0,0,0,0,0,0,0,REFERENCE_UNAVAILABLE,No prior-year seasonal weather reference available,RULE_BASED_UNWEIGHTED_WEATHER_DIMENSIONS,DERIVED_FROM_PUBLIC_WEATHER,PROJECT_ASSUMPTION
2022-01-24,US_MTN,"Denver, CO",-2.171,0.0,8.19,18.5,0,,,,,,,0,0,1,0,0,0,0,0,0,0,0,0,0,0,0,0,REFERENCE_UNAVAILABLE,No prior-year seasonal weather reference available,RULE_BASED_UNWEIGHTED_WEATHER_DIMENSIONS,DERIVED_FROM_PUBLIC_WEATHER,PROJECT_ASSUMPTION
2022-01-31,US_MTN,"Denver, CO",-5.314,0.0,11.97,15.3,0,,,,,,,0,0,1,0,0,0,0,0,0,0,0,0,0,0,0,0,REFERENCE_UNAVAILABLE,No prior-year seasonal weather reference available,RULE_BASED_UNWEIGHTED_WEATHER_DIMENSIONS,DERIVED_FROM_PUBLIC_WEATHER,PROJECT_ASSUMPTION
2022-02-07,US_MTN,"Denver, CO",1.186,0.2,2.8,18.1,0,,,,,,,0,0,0,0,0,0,0,0,0,0,0,0,0,0,0,0,REFERENCE_UNAVAILABLE,No prior-year seasonal weather reference available,RULE_BASED_UNWEIGHTED_WEATHER_DIMENSIONS,DERIVED_FROM_PUBLIC_WEATHER,PROJECT_ASSUMPTION
2022-02-14,US_MTN,"Denver, CO",0.557,0.0,6.02,16.5,0,,,,,,,0,0,0,0,0,0,0,0,0,0,0,0,0,0,0,0,REFERENCE_UNAVAILABLE,No prior-year seasonal weather reference available,RULE_BASED_UNWEIGHTED_WEATHER_DIMENSIONS,DERIVED_FROM_PUBLIC_WEATHER,PROJECT_ASSUMPTION
2022-02-21,US_MTN,"Denver, CO",-8.386,0.0,4.76,24.2,0,,,,,,,0,0,1,0,0,0,0,0,0,0,0,0,0,0,0,0,REFERENCE_UNAVAILABLE,No prior-year seasonal weather reference available,RULE_BASED_UNWEIGHTED_WEATHER_DIMENSIONS,DERIVED_FROM_PUBLIC_WEATHER,PROJECT_ASSUMPTION
2022-02-28,US_MTN,"Denver, CO",4.329,1.0,3.85,16.1,0,,,,,,,0,0,0,0,0,0,0,0,0,0,0,0,0,0,0,0,REFERENCE_UNAVAILABLE,No prior-year seasonal weather reference available,RULE_BASED_UNWEIGHTED_WEATHER_DIMENSIONS,DERIVED_FROM_PUBLIC_WEATHER,PROJECT_ASSUMPTION
2022-03-07,US_MTN,"Denver, CO",-4.171,0.0,2.38,19.5,0,,,,,,,0,0,1,0,0,0,0,0,0,0,0,0,0,0,0,0,REFERENCE_UNAVAILABLE,No prior-year seasonal weather reference available,RULE_BASED_UNWEIGHTED_WEATHER_DIMENSIONS,DERIVED_FROM_PUBLIC_WEATHER,PROJECT_ASSUMPTION
2022-03-14,US_MTN,"Denver, CO",4.443,2.8,14.98,23.7,0,,,,,,,0,0,0,0,0,0,0,0,0,0,0,0,0,0,0,0,REFERENCE_UNAVAILABLE,No prior-year seasonal weather reference available,RULE_BASED_UNWEIGHTED_WEATHER_DIMENSIONS,DERIVED_FROM_PUBLIC_WEATHER,PROJECT_ASSUMPTION
2022-03-21,US_MTN,"Denver, CO",6.8,0.7,1.19,34.4,0,,,,,,,0,0,0,0,0,0,0,0,0,0,0,0,0,0,0,0,REFERENCE_UNAVAILABLE,No prior-year seasonal weather reference available,RULE_BASED_UNWEIGHTED_WEATHER_DIMENSIONS,DERIVED_FROM_PUBLIC_WEATHER,PROJECT_ASSUMPTION
2022-03-28,US_MTN,"Denver, CO",8.4,9.8,0.0,29.2,0,,,,,,,0,0,0,0,0,0,0,0,0,0,0,0,0,0,0,0,REFERENCE_UNAVAILABLE,No prior-year seasonal weather reference available,RULE_BASED_UNWEIGHTED_WEATHER_DIMENSIONS,DERIVED_FROM_PUBLIC_WEATHER,PROJECT_ASSUMPTION
2022-04-04,US_MTN,"Denver, CO",8.8,16.7,0.0,29.9,0,,,,,,,0,0,0,0,0,0,0,0,0,0,0,0,0,0,0,0,REFERENCE_UNAVAILABLE,No prior-year seasonal weather reference available,RULE_BASED_UNWEIGHTED_WEATHER_DIMENSIONS,DERIVED_FROM_PUBLIC_WEATHER,PROJECT_ASSUMPTION
2022-04-11,US_MTN,"Denver, CO",7.414,1.5,0.07,25.6,0,,,,,,,0,0,0,0,0,0,0,0,0,0,0,0,0,0,0,0,REFERENCE_UNAVAILABLE,No prior-year seasonal weather reference available,RULE_BASED_UNWEIGHTED_WEATHER_DIMENSIONS,DERIVED_FROM_PUBLIC_WEATHER,PROJECT_ASSUMPTION
2022-04-18,US_MTN,"Denver, CO",13.229,0.2,0.0,34.6,0,,,,,,,0,0,0,0,0,0,0,0,0,0,0,0,0,0,0,0,REFERENCE_UNAVAILABLE,No prior-year seasonal weather reference available,RULE_BASED_UNWEIGHTED_WEATHER_DIMENSIONS,DERIVED_FROM_PUBLIC_WEATHER,PROJECT_ASSUMPTION
2022-04-25,US_MTN,"Denver, CO",12.414,3.1,0.14,32.5,0,,,,,,,0,0,0,0,0,0,0,0,0,0,0,0,0,0,0,0,REFERENCE_UNAVAILABLE,No prior-year seasonal weather reference available,RULE_BASED_UNWEIGHTED_WEATHER_DIMENSIONS,DERIVED_FROM_PUBLIC_WEATHER,PROJECT_ASSUMPTION
2022-05-02,US_MTN,"Denver, CO",12.786,14.1,0.98,20.9,0,,,,,,,0,0,0,0,0,0,0,0,0,0,0,0,0,0,0,0,REFERENCE_UNAVAILABLE,No prior-year seasonal weather reference available,RULE_BASED_UNWEIGHTED_WEATHER_DIMENSIONS,DERIVED_FROM_PUBLIC_WEATHER,PROJECT_ASSUMPTION
2022-05-09,US_MTN,"Denver, CO",17.4,0.5,0.0,28.3,0,,,,,,,0,0,0,0,0,0,0,0,0,0,0,0,0,0,0,0,REFERENCE_UNAVAILABLE,No prior-year seasonal weather reference available,RULE_BASED_UNWEIGHTED_WEATHER_DIMENSIONS,DERIVED_FROM_PUBLIC_WEATHER,PROJECT_ASSUMPTION
2022-05-16,US_MTN,"Denver, CO",13.2,8.1,15.54,32.5,1,,,,,,,0,1,0,0,0,0,0,0,1,0,0,1,1,0,0,0,REFERENCE_UNAVAILABLE,No prior-year seasonal weather reference available,RULE_BASED_UNWEIGHTED_WEATHER_DIMENSIONS,DERIVED_FROM_PUBLIC_WEATHER,PROJECT_ASSUMPTION
2022-05-23,US_MTN,"Denver, CO",15.129,5.5,0.0,22.4,0,,,,,,,0,0,0,0,0,0,0,0,0,0,0,0,0,0,0,0,REFERENCE_UNAVAILABLE,No prior-year seasonal weather reference available,RULE_BASED_UNWEIGHTED_WEATHER_DIMENSIONS,DERIVED_FROM_PUBLIC_WEATHER,PROJECT_ASSUMPTION
2022-05-30,US_MTN,"Denver, CO",15.157,15.8,0.14,19.8,0,,,,,,,0,0,0,0,0,0,0,0,0,0,0,0,0,0,0,0,REFERENCE_UNAVAILABLE,No prior-year seasonal weather reference available,RULE_BASED_UNWEIGHTED_WEATHER_DIMENSIONS,DERIVED_FROM_PUBLIC_WEATHER,PROJECT_ASSUMPTION
2022-06-06,US_MTN,"Denver, CO",21.871,8.0,0.0,18.1,0,,,,,,,0,0,0,0,0,0,0,0,0,0,0,0,0,0,0,0,REFERENCE_UNAVAILABLE,No prior-year seasonal weather reference available,RULE_BASED_UNWEIGHTED_WEATHER_DIMENSIONS,DERIVED_FROM_PUBLIC_WEATHER,PROJECT_ASSUMPTION
2022-06-13,US_MTN,"Denver, CO",24.257,1.3,0.0,22.4,0,,,,,,,0,0,0,0,0,0,0,0,0,0,0,0,0,0,0,0,REFERENCE_UNAVAILABLE,No prior-year seasonal weather reference available,RULE_BASED_UNWEIGHTED_WEATHER_DIMENSIONS,DERIVED_FROM_PUBLIC_WEATHER,PROJECT_ASSUMPTION
2022-06-20,US_MTN,"Denver, CO",20.886,7.7,0.0,21.4,0,,,,,,,0,0,0,0,0,0,0,0,0,0,0,0,0,0,0,0,REFERENCE_UNAVAILABLE,No prior-year seasonal weather reference available,RULE_BASED_UNWEIGHTED_WEATHER_DIMENSIONS,DERIVED_FROM_PUBLIC_WEATHER,PROJECT_ASSUMPTION
2022-06-27,US_MTN,"Denver, CO",22.6,2.7,0.0,25.2,0,,,,,,,0,0,0,0,0,0,0,0,0,0,0,0,0,0,0,0,REFERENCE_UNAVAILABLE,No prior-year seasonal weather reference available,RULE_BASED_UNWEIGHTED_WEATHER_DIMENSIONS,DERIVED_FROM_PUBLIC_WEATHER,PROJECT_ASSUMPTION
2022-07-04,US_MTN,"Denver, CO",25.071,6.0,0.0,23.5,0,23.714,1.1,0.0,1.357,4.9,0.0,0,0,0,0,0,0,0,0,0,0,0,0,0,0,1,1,NORMAL,NORMAL: no material adverse or mild scenario trigger,RULE_BASED_UNWEIGHTED_WEATHER_DIMENSIONS,DERIVED_FROM_PUBLIC_WEATHER,PROJECT_ASSUMPTION
2022-07-11,US_MTN,"Denver, CO",25.386,3.7,0.0,21.5,0,23.1,1.8,0.0,2.286,1.9,0.0,0,0,0,0,0,0,0,0,0,0,0,0,0,1,1,1,MILD,MILD: warmer_than_seasonal_reference with no adverse weather dimensions,RULE_BASED_UNWEIGHTED_WEATHER_DIMENSIONS,DERIVED_FROM_PUBLIC_WEATHER,PROJECT_ASSUMPTION
2022-07-18,US_MTN,"Denver, CO",25.986,17.0,0.0,17.6,0,25.043,3.6,0.0,0.943,13.4,0.0,0,0,0,0,0,0,0,0,0,0,0,0,0,0,1,1,NORMAL,NORMAL: no material adverse or mild scenario trigger,RULE_BASED_UNWEIGHTED_WEATHER_DIMENSIONS,DERIVED_FROM_PUBLIC_WEATHER,PROJECT_ASSUMPTION
2022-07-25,US_MTN,"Denver, CO",23.043,7.0,0.0,17.9,0,24.429,23.2,0.0,-1.386,-16.2,0.0,0,0,0,0,0,0,0,0,0,0,0,0,0,0,1,1,NORMAL,NORMAL: no material adverse or mild scenario trigger,RULE_BASED_UNWEIGHTED_WEATHER_DIMENSIONS,DERIVED_FROM_PUBLIC_WEATHER,PROJECT_ASSUMPTION
2022-08-01,US_MTN,"Denver, CO",26.014,5.1,0.0,17.7,0,23.114,2.7,0.0,2.9,2.4,0.0,0,0,0,0,0,0,0,0,0,0,0,0,0,1,1,1,MILD,MILD: warmer_than_seasonal_reference with no adverse weather dimensions,RULE_BASED_UNWEIGHTED_WEATHER_DIMENSIONS,DERIVED_FROM_PUBLIC_WEATHER,PROJECT_ASSUMPTION
2022-08-08,US_MTN,"Denver, CO",26.014,2.2,0.0,20.0,0,24.186,2.0,0.0,1.828,0.2,0.0,0,0,0,0,0,0,0,0,0,0,0,0,0,0,1,1,NORMAL,NORMAL: no material adverse or mild scenario trigger,RULE_BASED_UNWEIGHTED_WEATHER_DIMENSIONS,DERIVED_FROM_PUBLIC_WEATHER,PROJECT_ASSUMPTION
2022-08-15,US_MTN,"Denver, CO",20.586,40.3,0.0,16.3,0,22.8,7.2,0.0,-2.214,33.1,0.0,0,0,0,0,0,0,1,1,0,0,0,2,0,0,1,1,SEVERE,"SEVERE: colder_than_normal, wetter_than_normal",RULE_BASED_UNWEIGHTED_WEATHER_DIMENSIONS,DERIVED_FROM_PUBLIC_WEATHER,PROJECT_ASSUMPTION
2022-08-22,US_MTN,"Denver, CO",22.014,4.7,0.0,24.2,0,23.286,2.5,0.0,-1.272,2.2,0.0,0,0,0,0,0,0,0,0,0,0,0,0,0,0,1,1,NORMAL,NORMAL: no material adverse or mild scenario trigger,RULE_BASED_UNWEIGHTED_WEATHER_DIMENSIONS,DERIVED_FROM_PUBLIC_WEATHER,PROJECT_ASSUMPTION
2022-08-29,US_MTN,"Denver, CO",23.886,0.2,0.0,15.7,0,22.414,10.2,0.0,1.472,-10.0,0.0,0,0,0,0,0,0,0,0,0,0,0,0,0,0,1,1,NORMAL,NORMAL: no material adverse or mild scenario trigger,RULE_BASED_UNWEIGHTED_WEATHER_DIMENSIONS,DERIVED_FROM_PUBLIC_WEATHER,PROJECT_ASSUMPTION
2022-09-05,US_MTN,"Denver, CO",20.686,9.5,0.0,20.5,0,23.0,0.3,0.0,-2.314,9.2,0.0,0,0,0,0,0,0,1,0,0,0,0,1,0,0,1,1,NORMAL,NORMAL: isolated adverse dimension without severe compound conditions | colder_than_normal,RULE_BASED_UNWEIGHTED_WEATHER_DIMENSIONS,DERIVED_FROM_PUBLIC_WEATHER,PROJECT_ASSUMPTION
2022-09-12,US_MTN,"Denver, CO",19.257,8.2,0.0,21.1,0,20.714,1.3,0.0,-1.457,6.9,0.0,0,0,0,0,0,0,0,0,0,0,0,0,0,0,1,1,NORMAL,NORMAL: no material adverse or mild scenario trigger,RULE_BASED_UNWEIGHTED_WEATHER_DIMENSIONS,DERIVED_FROM_PUBLIC_WEATHER,PROJECT_ASSUMPTION
2022-09-19,US_MTN,"Denver, CO",17.929,12.1,0.0,14.7,0,16.829,1.3,0.0,1.1,10.8,0.0,0,0,0,0,0,0,0,0,0,0,0,0,0,0,1,1,NORMAL,NORMAL: no material adverse or mild scenario trigger,RULE_BASED_UNWEIGHTED_WEATHER_DIMENSIONS,DERIVED_FROM_PUBLIC_WEATHER,PROJECT_ASSUMPTION
2022-09-26,US_MTN,"Denver, CO",17.271,10.8,0.0,14.9,0,15.886,7.0,0.0,1.385,3.8,0.0,0,0,0,0,0,0,0,0,0,0,0,0,0,0,1,1,NORMAL,NORMAL: no material adverse or mild scenario trigger,RULE_BASED_UNWEIGHTED_WEATHER_DIMENSIONS,DERIVED_FROM_PUBLIC_WEATHER,PROJECT_ASSUMPTION
2022-10-03,US_MTN,"Denver, CO",12.771,3.4,0.0,11.8,0,16.514,0.8,0.0,-3.743,2.6,0.0,0,0,0,0,0,0,1,0,0,0,0,1,0,0,1,1,NORMAL,NORMAL: isolated adverse dimension without severe compound conditions | colder_than_normal,RULE_BASED_UNWEIGHTED_WEATHER_DIMENSIONS,DERIVED_FROM_PUBLIC_WEATHER,PROJECT_ASSUMPTION
2022-10-10,US_MTN,"Denver, CO",12.586,0.0,0.0,20.3,0,9.443,7.8,1.54,3.143,-7.8,-1.54,0,0,0,0,0,0,0,0,0,0,0,0,0,1,1,1,MILD,MILD: warmer_than_seasonal_reference with no adverse weather dimensions,RULE_BASED_UNWEIGHTED_WEATHER_DIMENSIONS,DERIVED_FROM_PUBLIC_WEATHER,PROJECT_ASSUMPTION
2022-10-17,US_MTN,"Denver, CO",13.3,1.1,0.0,22.8,0,11.371,3.4,0.0,1.929,-2.3,0.0,0,0,0,0,0,0,0,0,0,0,0,0,0,0,1,1,NORMAL,NORMAL: no material adverse or mild scenario trigger,RULE_BASED_UNWEIGHTED_WEATHER_DIMENSIONS,DERIVED_FROM_PUBLIC_WEATHER,PROJECT_ASSUMPTION
2022-10-24,US_MTN,"Denver, CO",7.0,7.4,1.26,16.8,1,10.614,2.8,0.0,-3.614,4.6,1.26,0,0,0,0,0,0,1,0,0,0,0,1,0,0,1,1,NORMAL,NORMAL: isolated adverse dimension without severe compound conditions | colder_than_normal,RULE_BASED_UNWEIGHTED_WEATHER_DIMENSIONS,DERIVED_FROM_PUBLIC_WEATHER,PROJECT_ASSUMPTION
2022-10-31,US_MTN,"Denver, CO",7.671,0.0,3.08,20.3,0,9.557,0.6,0.0,-1.886,-0.6,3.08,0,0,0,0,0,0,0,0,0,0,0,0,0,0,1,1,NORMAL,NORMAL: no material adverse or mild scenario trigger,RULE_BASED_UNWEIGHTED_WEATHER_DIMENSIONS,DERIVED_FROM_PUBLIC_WEATHER,PROJECT_ASSUMPTION
2022-11-07,US_MTN,"Denver, CO",4.529,0.1,0.07,21.6,0,8.2,0.2,0.14,-3.671,-0.1,-0.07,0,0,0,0,0,0,1,0,0,0,0,1,0,0,1,1,NORMAL,NORMAL: isolated adverse dimension without severe compound conditions | colder_than_normal,RULE_BASED_UNWEIGHTED_WEATHER_DIMENSIONS,DERIVED_FROM_PUBLIC_WEATHER,PROJECT_ASSUMPTION
2022-11-14,US_MTN,"Denver, CO",-4.586,0.1,8.54,18.5,0,7.729,0.8,0.0,-12.315,-0.7,8.54,0,0,1,0,0,0,1,0,1,0,0,2,0,0,1,1,SEVERE,"SEVERE: colder_than_normal, snowier_than_normal",RULE_BASED_UNWEIGHTED_WEATHER_DIMENSIONS,DERIVED_FROM_PUBLIC_WEATHER,PROJECT_ASSUMPTION
2022-11-21,US_MTN,"Denver, CO",1.5,0.0,0.84,12.6,0,7.614,0.0,0.28,-6.114,0.0,0.56,0,0,0,0,0,0,1,0,0,0,0,1,0,0,1,1,NORMAL,NORMAL: isolated adverse dimension without severe compound conditions | colder_than_normal,RULE_BASED_UNWEIGHTED_WEATHER_DIMENSIONS,DERIVED_FROM_PUBLIC_WEATHER,PROJECT_ASSUMPTION
2022-11-28,US_MTN,"Denver, CO",0.357,1.5,3.43,30.1,0,9.971,0.0,0.0,-9.614,1.5,3.43,0,0,0,0,0,0,1,0,0,0,0,1,0,0,1,1,NORMAL,NORMAL: isolated adverse dimension without severe compound conditions | colder_than_normal,RULE_BASED_UNWEIGHTED_WEATHER_DIMENSIONS,DERIVED_FROM_PUBLIC_WEATHER,PROJECT_ASSUMPTION
2022-12-05,US_MTN,"Denver, CO",3.271,0.0,0.0,22.3,0,2.986,0.0,1.68,0.285,0.0,-1.68,0,0,0,0,0,0,0,0,0,0,0,0,0,0,1,1,NORMAL,NORMAL: no material adverse or mild scenario trigger,RULE_BASED_UNWEIGHTED_WEATHER_DIMENSIONS,DERIVED_FROM_PUBLIC_WEATHER,PROJECT_ASSUMPTION
2022-12-12,US_MTN,"Denver, CO",-4.043,0.3,5.95,22.7,0,3.371,0.3,0.0,-7.414,0.0,5.95,0,0,1,0,0,0,1,0,1,0,0,2,0,0,1,1,SEVERE,"SEVERE: colder_than_normal, snowier_than_normal",RULE_BASED_UNWEIGHTED_WEATHER_DIMENSIONS,DERIVED_FROM_PUBLIC_WEATHER,PROJECT_ASSUMPTION
2022-12-19,US_MTN,"Denver, CO",-6.6,0.1,2.73,29.2,0,6.343,4.3,0.0,-12.943,-4.2,2.73,0,0,1,0,0,0,1,0,0,0,0,1,0,0,1,1,NORMAL,NORMAL: isolated adverse dimension without severe compound conditions | colder_than_normal,RULE_BASED_UNWEIGHTED_WEATHER_DIMENSIONS,DERIVED_FROM_PUBLIC_WEATHER,PROJECT_ASSUMPTION
2022-12-26,US_MTN,"Denver, CO",1.529,3.7,12.04,14.8,0,-3.3,0.7,8.05,4.829,3.0,3.99,0,0,0,0,0,0,0,0,0,0,0,0,0,1,1,1,MILD,MILD: warmer_than_seasonal_reference with no adverse weather dimensions,RULE_BASED_UNWEIGHTED_WEATHER_DIMENSIONS,DERIVED_FROM_PUBLIC_WEATHER,PROJECT_ASSUMPTION
2023-01-02,US_MTN,"Denver, CO",-2.886,0.1,3.15,12.5,0,-2.629,0.4,7.07,-0.257,-0.3,-3.92,0,0,1,0,0,0,0,0,0,0,0,0,0,0,1,1,NORMAL,NORMAL: no material adverse or mild scenario trigger,RULE_BASED_UNWEIGHTED_WEATHER_DIMENSIONS,DERIVED_FROM_PUBLIC_WEATHER,PROJECT_ASSUMPTION
2023-01-09,US_MTN,"Denver, CO",1.914,0.0,1.96,14.6,0,1.757,0.0,2.45,0.157,0.0,-0.49,0,0,0,0,0,0,0,0,0,0,0,0,0,0,1,1,NORMAL,NORMAL: no material adverse or mild scenario trigger,RULE_BASED_UNWEIGHTED_WEATHER_DIMENSIONS,DERIVED_FROM_PUBLIC_WEATHER,PROJECT_ASSUMPTION
2023-01-16,US_MTN,"Denver, CO",-3.171,0.0,10.92,19.5,0,-0.529,0.0,2.24,-2.642,0.0,8.68,0,0,1,0,0,0,1,0,1,0,0,2,0,0,1,1,SEVERE,"SEVERE: colder_than_normal, snowier_than_normal",RULE_BASED_UNWEIGHTED_WEATHER_DIMENSIONS,DERIVED_FROM_PUBLIC_WEATHER,PROJECT_ASSUMPTION
2023-01-23,US_MTN,"Denver, CO",-5.186,0.1,2.24,15.5,0,-2.171,0.0,8.19,-3.015,0.1,-5.95,0,0,1,0,0,0,1,0,0,0,0,1,0,0,1,1,NORMAL,NORMAL: isolated adverse dimension without severe compound conditions | colder_than_normal,RULE_BASED_UNWEIGHTED_WEATHER_DIMENSIONS,DERIVED_FROM_PUBLIC_WEATHER,PROJECT_ASSUMPTION
2023-01-30,US_MTN,"Denver, CO",-4.986,0.0,0.63,15.7,0,-5.314,0.0,11.97,0.328,0.0,-11.34,0,0,1,0,0,0,0,0,0,0,0,0,0,0,1,1,NORMAL,NORMAL: no material adverse or mild scenario trigger,RULE_BASED_UNWEIGHTED_WEATHER_DIMENSIONS,DERIVED_FROM_PUBLIC_WEATHER,PROJECT_ASSUMPTION
2023-02-06,US_MTN,"Denver, CO",-0.743,3.0,3.15,20.5,2,1.186,0.2,2.8,-1.929,2.8,0.35,0,0,1,0,1,0,0,0,0,1,0,1,0,0,1,1,NORMAL,NORMAL: isolated adverse dimension without severe compound conditions | wet_cold_compound,RULE_BASED_UNWEIGHTED_WEATHER_DIMENSIONS,DERIVED_FROM_PUBLIC_WEATHER,PROJECT_ASSUMPTION
2023-02-13,US_MTN,"Denver, CO",-0.971,0.0,5.74,16.2,0,0.557,0.0,6.02,-1.528,0.0,-0.28,0,0,1,0,0,0,0,0,0,0,0,0,0,0,1,1,NORMAL,NORMAL: no material adverse or mild scenario trigger,RULE_BASED_UNWEIGHTED_WEATHER_DIMENSIONS,DERIVED_FROM_PUBLIC_WEATHER,PROJECT_ASSUMPTION
2023-02-20,US_MTN,"Denver, CO",-0.871,0.3,4.13,26.1,0,-8.386,0.0,4.76,7.515,0.3,-0.63,0,0,1,0,0,0,0,0,0,0,0,0,0,1,1,1,MILD,MILD: warmer_than_seasonal_reference with no adverse weather dimensions,RULE_BASED_UNWEIGHTED_WEATHER_DIMENSIONS,DERIVED_FROM_PUBLIC_WEATHER,PROJECT_ASSUMPTION
2023-02-27,US_MTN,"Denver, CO",2.671,3.8,1.4,21.4,2,4.329,1.0,3.85,-1.658,2.8,-2.45,0,0,0,0,1,0,0,0,0,1,0,1,0,0,1,1,NORMAL,NORMAL: isolated adverse dimension without severe compound conditions | wet_cold_compound,RULE_BASED_UNWEIGHTED_WEATHER_DIMENSIONS,DERIVED_FROM_PUBLIC_WEATHER,PROJECT_ASSUMPTION
2023-03-06,US_MTN,"Denver, CO",3.186,4.2,2.8,19.6,0,-4.171,0.0,2.38,7.357,4.2,0.42,0,0,0,0,0,0,0,0,0,0,0,0,0,1,1,1,MILD,MILD: warmer_than_seasonal_reference with no adverse weather dimensions,RULE_BASED_UNWEIGHTED_WEATHER_DIMENSIONS,DERIVED_FROM_PUBLIC_WEATHER,PROJECT_ASSUMPTION
2023-03-13,US_MTN,"Denver, CO",3.729,4.6,3.36,21.6,1,4.443,2.8,14.98,-0.714,1.8,-11.62,0,0,0,0,0,0,0,0,0,0,0,0,0,0,1,1,NORMAL,NORMAL: no material adverse or mild scenario trigger,RULE_BASED_UNWEIGHTED_WEATHER_DIMENSIONS,DERIVED_FROM_PUBLIC_WEATHER,PROJECT_ASSUMPTION
2023-03-20,US_MTN,"Denver, CO",3.471,5.3,1.82,19.7,1,6.8,0.7,1.19,-3.329,4.6,0.63,0,0,0,0,0,0,1,0,0,0,0,1,0,0,1,1,NORMAL,NORMAL: isolated adverse dimension without severe compound conditions | colder_than_normal,RULE_BASED_UNWEIGHTED_WEATHER_DIMENSIONS,DERIVED_FROM_PUBLIC_WEATHER,PROJECT_ASSUMPTION
2023-03-27,US_MTN,"Denver, CO",5.257,0.0,2.87,40.1,0,8.4,9.8,0.0,-3.143,-9.8,2.87,0,0,0,0,0,0,1,0,0,0,0,1,0,0,1,1,NORMAL,NORMAL: isolated adverse dimension without severe compound conditions | colder_than_normal,RULE_BASED_UNWEIGHTED_WEATHER_DIMENSIONS,DERIVED_FROM_PUBLIC_WEATHER,PROJECT_ASSUMPTION
2023-04-03,US_MTN,"Denver, CO",5.686,0.7,3.85,22.6,0,8.8,16.7,0.0,-3.114,-16.0,3.85,0,0,0,0,0,0,1,0,0,0,0,1,0,0,1,1,NORMAL,NORMAL: isolated adverse dimension without severe compound conditions | colder_than_normal,RULE_BASED_UNWEIGHTED_WEATHER_DIMENSIONS,DERIVED_FROM_PUBLIC_WEATHER,PROJECT_ASSUMPTION
2023-04-10,US_MTN,"Denver, CO",11.657,7.3,3.15,20.6,1,7.414,1.5,0.07,4.243,5.8,3.08,0,0,0,0,0,0,0,0,0,0,0,0,0,1,1,1,MILD,MILD: warmer_than_seasonal_reference with no adverse weather dimensions,RULE_BASED_UNWEIGHTED_WEATHER_DIMENSIONS,DERIVED_FROM_PUBLIC_WEATHER,PROJECT_ASSUMPTION
2023-04-17,US_MTN,"Denver, CO",7.129,4.5,3.22,22.5,0,13.229,0.2,0.0,-6.1,4.3,3.22,0,0,0,0,0,0,1,0,0,0,0,1,0,0,1,1,NORMAL,NORMAL: isolated adverse dimension without severe compound conditions | colder_than_normal,RULE_BASED_UNWEIGHTED_WEATHER_DIMENSIONS,DERIVED_FROM_PUBLIC_WEATHER,PROJECT_ASSUMPTION
2023-04-24,US_MTN,"Denver, CO",10.614,23.1,0.14,27.9,0,12.414,3.1,0.14,-1.8,20.0,0.0,0,0,0,0,0,0,0,1,0,0,0,1,0,0,1,1,NORMAL,NORMAL: isolated adverse dimension without severe compound conditions | wetter_than_normal,RULE_BASED_UNWEIGHTED_WEATHER_DIMENSIONS,DERIVED_FROM_PUBLIC_WEATHER,PROJECT_ASSUMPTION
2023-05-01,US_MTN,"Denver, CO",15.057,3.1,0.0,22.5,0,12.786,14.1,0.98,2.271,-11.0,-0.98,0,0,0,0,0,0,0,0,0,0,0,0,0,1,1,1,MILD,MILD: warmer_than_seasonal_reference with no adverse weather dimensions,RULE_BASED_UNWEIGHTED_WEATHER_DIMENSIONS,DERIVED_FROM_PUBLIC_WEATHER,PROJECT_ASSUMPTION
2023-05-08,US_MTN,"Denver, CO",13.086,75.4,0.0,23.6,0,17.4,0.5,0.0,-4.314,74.9,0.0,1,0,0,0,0,0,1,1,0,0,0,2,0,0,1,1,SEVERE,"SEVERE: colder_than_normal, wetter_than_normal",RULE_BASED_UNWEIGHTED_WEATHER_DIMENSIONS,DERIVED_FROM_PUBLIC_WEATHER,PROJECT_ASSUMPTION
2023-05-15,US_MTN,"Denver, CO",15.271,21.6,0.0,21.1,0,13.2,8.1,15.54,2.071,13.5,-15.54,0,0,0,0,0,0,0,0,0,0,0,0,0,1,1,1,MILD,MILD: warmer_than_seasonal_reference with no adverse weather dimensions,RULE_BASED_UNWEIGHTED_WEATHER_DIMENSIONS,DERIVED_FROM_PUBLIC_WEATHER,PROJECT_ASSUMPTION
2023-05-22,US_MTN,"Denver, CO",17.1,7.0,0.0,19.0,0,15.129,5.5,0.0,1.971,1.5,0.0,0,0,0,0,0,0,0,0,0,0,0,0,0,0,1,1,NORMAL,NORMAL: no material adverse or mild scenario trigger,RULE_BASED_UNWEIGHTED_WEATHER_DIMENSIONS,DERIVED_FROM_PUBLIC_WEATHER,PROJECT_ASSUMPTION
2023-05-29,US_MTN,"Denver, CO",16.414,34.6,0.0,20.8,0,15.157,15.8,0.14,1.257,18.8,-0.14,0,0,0,0,0,0,0,0,0,0,0,0,0,0,1,1,NORMAL,NORMAL: no material adverse or mild scenario trigger,RULE_BASED_UNWEIGHTED_WEATHER_DIMENSIONS,DERIVED_FROM_PUBLIC_WEATHER,PROJECT_ASSUMPTION
2023-06-05,US_MTN,"Denver, CO",17.329,16.0,0.0,19.3,0,21.871,8.0,0.0,-4.542,8.0,0.0,0,0,0,0,0,0,1,0,0,0,0,1,0,0,1,1,NORMAL,NORMAL: isolated adverse dimension without severe compound conditions | colder_than_normal,RULE_BASED_UNWEIGHTED_WEATHER_DIMENSIONS,DERIVED_FROM_PUBLIC_WEATHER,PROJECT_ASSUMPTION
2023-06-12,US_MTN,"Denver, CO",15.929,51.7,0.0,16.9,0,24.257,1.3,0.0,-8.328,50.4,0.0,1,0,0,0,0,0,1,1,0,0,0,2,0,0,1,1,SEVERE,"SEVERE: colder_than_normal, wetter_than_normal",RULE_BASED_UNWEIGHTED_WEATHER_DIMENSIONS,DERIVED_FROM_PUBLIC_WEATHER,PROJECT_ASSUMPTION
2023-06-19,US_MTN,"Denver, CO",20.914,2.9,0.0,20.9,0,20.886,7.7,0.0,0.028,-4.8,0.0,0,0,0,0,0,0,0,0,0,0,0,0,0,0,1,1,NORMAL,NORMAL: no material adverse or mild scenario trigger,RULE_BASED_UNWEIGHTED_WEATHER_DIMENSIONS,DERIVED_FROM_PUBLIC_WEATHER,PROJECT_ASSUMPTION
2023-06-26,US_MTN,"Denver, CO",20.943,13.9,0.0,20.2,0,22.6,2.7,0.0,-1.657,11.2,0.0,0,0,0,0,0,0,0,0,0,0,0,0,0,0,1,1,NORMAL,NORMAL: no material adverse or mild scenario trigger,RULE_BASED_UNWEIGHTED_WEATHER_DIMENSIONS,DERIVED_FROM_PUBLIC_WEATHER,PROJECT_ASSUMPTION
2023-07-03,US_MTN,"Denver, CO",19.486,45.5,0.0,17.9,0,24.392,3.55,0.0,-4.906,41.95,0.0,0,0,0,0,0,0,1,1,0,0,0,2,0,0,1,1,SEVERE,"SEVERE: colder_than_normal, wetter_than_normal",RULE_BASED_UNWEIGHTED_WEATHER_DIMENSIONS,DERIVED_FROM_PUBLIC_WEATHER,PROJECT_ASSUMPTION
2023-07-10,US_MTN,"Denver, CO",24.114,2.5,0.0,21.8,0,24.243,2.75,0.0,-0.129,-0.25,0.0,0,0,0,0,0,0,0,0,0,0,0,0,0,0,1,1,NORMAL,NORMAL: no material adverse or mild scenario trigger,RULE_BASED_UNWEIGHTED_WEATHER_DIMENSIONS,DERIVED_FROM_PUBLIC_WEATHER,PROJECT_ASSUMPTION
2023-07-17,US_MTN,"Denver, CO",24.257,22.0,0.0,24.8,0,25.514,10.3,0.0,-1.257,11.7,0.0,0,0,0,0,0,0,0,0,0,0,0,0,0,0,1,1,NORMAL,NORMAL: no material adverse or mild scenario trigger,RULE_BASED_UNWEIGHTED_WEATHER_DIMENSIONS,DERIVED_FROM_PUBLIC_WEATHER,PROJECT_ASSUMPTION
2023-07-24,US_MTN,"Denver, CO",25.629,4.3,0.0,18.7,0,23.736,15.1,0.0,1.893,-10.8,0.0,0,0,0,0,0,0,0,0,0,0,0,0,0,0,1,1,NORMAL,NORMAL: no material adverse or mild scenario trigger,RULE_BASED_UNWEIGHTED_WEATHER_DIMENSIONS,DERIVED_FROM_PUBLIC_WEATHER,PROJECT_ASSUMPTION
2023-07-31,US_MTN,"Denver, CO",22.1,31.8,0.0,20.3,0,24.564,3.9,0.0,-2.464,27.9,0.0,0,0,0,0,0,0,1,1,0,0,0,2,0,0,1,1,SEVERE,"SEVERE: colder_than_normal, wetter_than_normal",RULE_BASED_UNWEIGHTED_WEATHER_DIMENSIONS,DERIVED_FROM_PUBLIC_WEATHER,PROJECT_ASSUMPTION
2023-08-07,US_MTN,"Denver, CO",21.543,1.3,0.0,18.5,0,25.1,2.1,0.0,-3.557,-0.8,0.0,0,0,0,0,0,0,1,0,0,0,0,1,0,0,1,1,NORMAL,NORMAL: isolated adverse dimension without severe compound conditions | colder_than_normal,RULE_BASED_UNWEIGHTED_WEATHER_DIMENSIONS,DERIVED_FROM_PUBLIC_WEATHER,PROJECT_ASSUMPTION
2023-08-14,US_MTN,"Denver, CO",24.8,0.7,0.0,23.5,0,21.693,23.75,0.0,3.107,-23.05,0.0,0,0,0,0,0,0,0,0,0,0,0,0,0,1,1,1,MILD,MILD: warmer_than_seasonal_reference with no adverse weather dimensions,RULE_BASED_UNWEIGHTED_WEATHER_DIMENSIONS,DERIVED_FROM_PUBLIC_WEATHER,PROJECT_ASSUMPTION
2023-08-21,US_MTN,"Denver, CO",23.886,12.4,0.0,26.0,0,22.65,3.6,0.0,1.236,8.8,0.0,0,0,0,0,0,0,0,0,0,0,0,0,0,0,1,1,NORMAL,NORMAL: no material adverse or mild scenario trigger,RULE_BASED_UNWEIGHTED_WEATHER_DIMENSIONS,DERIVED_FROM_PUBLIC_WEATHER,PROJECT_ASSUMPTION
2023-08-28,US_MTN,"Denver, CO",23.786,4.0,0.0,14.3,0,23.15,5.2,0.0,0.636,-1.2,0.0,0,0,0,0,0,0,0,0,0,0,0,0,0,0,1,1,NORMAL,NORMAL: no material adverse or mild scenario trigger,RULE_BASED_UNWEIGHTED_WEATHER_DIMENSIONS,DERIVED_FROM_PUBLIC_WEATHER,PROJECT_ASSUMPTION
2023-09-04,US_MTN,"Denver, CO",21.286,11.4,0.0,18.0,0,21.843,4.9,0.0,-0.557,6.5,0.0,0,0,0,0,0,0,0,0,0,0,0,0,0,0,1,1,NORMAL,NORMAL: no material adverse or mild scenario trigger,RULE_BASED_UNWEIGHTED_WEATHER_DIMENSIONS,DERIVED_FROM_PUBLIC_WEATHER,PROJECT_ASSUMPTION
2023-09-11,US_MTN,"Denver, CO",16.186,26.1,0.0,21.3,0,19.986,4.75,0.0,-3.8,21.35,0.0,0,0,0,0,0,0,1,1,0,0,0,2,0,0,1,1,SEVERE,"SEVERE: colder_than_normal, wetter_than_normal",RULE_BASED_UNWEIGHTED_WEATHER_DIMENSIONS,DERIVED_FROM_PUBLIC_WEATHER,PROJECT_ASSUMPTION
2023-09-18,US_MTN,"Denver, CO",18.2,0.6,0.0,16.8,0,17.379,6.7,0.0,0.821,-6.1,0.0,0,0,0,0,0,0,0,0,0,0,0,0,0,0,1,1,NORMAL,NORMAL: no material adverse or mild scenario trigger,RULE_BASED_UNWEIGHTED_WEATHER_DIMENSIONS,DERIVED_FROM_PUBLIC_WEATHER,PROJECT_ASSUMPTION
2023-09-25,US_MTN,"Denver, CO",19.686,0.0,0.0,26.8,0,16.578,8.9,0.0,3.108,-8.9,0.0,0,0,0,0,0,0,0,0,0,0,0,0,0,1,1,1,MILD,MILD: warmer_than_seasonal_reference with no adverse weather dimensions,RULE_BASED_UNWEIGHTED_WEATHER_DIMENSIONS,DERIVED_FROM_PUBLIC_WEATHER,PROJECT_ASSUMPTION
2023-10-02,US_MTN,"Denver, CO",13.871,0.9,0.0,22.9,0,14.642,2.1,0.0,-0.771,-1.2,0.0,0,0,0,0,0,0,0,0,0,0,0,0,0,0,1,1,NORMAL,NORMAL: no material adverse or mild scenario trigger,RULE_BASED_UNWEIGHTED_WEATHER_DIMENSIONS,DERIVED_FROM_PUBLIC_WEATHER,PROJECT_ASSUMPTION
2023-10-09,US_MTN,"Denver, CO",11.443,6.7,0.0,22.2,0,11.014,3.9,0.77,0.428,2.8,-0.77,0,0,0,0,0,0,0,0,0,0,0,0,0,0,1,1,NORMAL,NORMAL: no material adverse or mild scenario trigger,RULE_BASED_UNWEIGHTED_WEATHER_DIMENSIONS,DERIVED_FROM_PUBLIC_WEATHER,PROJECT_ASSUMPTION
2023-10-16,US_MTN,"Denver, CO",15.7,0.0,0.0,15.2,0,12.336,2.25,0.0,3.364,-2.25,0.0,0,0,0,0,0,0,0,0,0,0,0,0,0,1,1,1,MILD,MILD: warmer_than_seasonal_reference with no adverse weather dimensions,RULE_BASED_UNWEIGHTED_WEATHER_DIMENSIONS,DERIVED_FROM_PUBLIC_WEATHER,PROJECT_ASSUMPTION
2023-10-23,US_MTN,"Denver, CO",6.229,0.6,7.7,23.3,0,8.807,5.1,0.63,-2.578,-4.5,7.07,0,0,0,0,0,0,1,0,1,0,0,2,0,0,1,1,SEVERE,"SEVERE: colder_than_normal, snowier_than_normal",RULE_BASED_UNWEIGHTED_WEATHER_DIMENSIONS,DERIVED_FROM_PUBLIC_WEATHER,PROJECT_ASSUMPTION
2023-10-30,US_MTN,"Denver, CO",6.029,0.0,0.0,13.4,0,8.614,0.3,1.54,-2.585,-0.3,-1.54,0,0,0,0,0,0,1,0,0,0,0,1,0,0,1,1,NORMAL,NORMAL: isolated adverse dimension without severe compound conditions | colder_than_normal,RULE_BASED_UNWEIGHTED_WEATHER_DIMENSIONS,DERIVED_FROM_PUBLIC_WEATHER,PROJECT_ASSUMPTION
2023-11-06,US_MTN,"Denver, CO",6.057,9.3,2.24,15.6,1,6.364,0.15,0.105,-0.307,9.15,2.135,0,0,0,0,0,0,0,0,0,0,0,0,0,0,1,1,NORMAL,NORMAL: no material adverse or mild scenario trigger,RULE_BASED_UNWEIGHTED_WEATHER_DIMENSIONS,DERIVED_FROM_PUBLIC_WEATHER,PROJECT_ASSUMPTION
2023-11-13,US_MTN,"Denver, CO",8.271,1.6,0.0,16.1,0,1.572,0.45,4.27,6.7,1.15,-4.27,0,0,0,0,0,0,0,0,0,0,0,0,0,1,1,1,MILD,MILD: warmer_than_seasonal_reference with no adverse weather dimensions,RULE_BASED_UNWEIGHTED_WEATHER_DIMENSIONS,DERIVED_FROM_PUBLIC_WEATHER,PROJECT_ASSUMPTION
2023-11-20,US_MTN,"Denver, CO",0.314,1.4,5.11,22.0,1,4.557,0.0,0.56,-4.243,1.4,4.55,0,0,0,0,0,0,1,0,0,0,0,1,0,0,1,1,NORMAL,NORMAL: isolated adverse dimension without severe compound conditions | colder_than_normal,RULE_BASED_UNWEIGHTED_WEATHER_DIMENSIONS,DERIVED_FROM_PUBLIC_WEATHER,PROJECT_ASSUMPTION
2023-11-27,US_MTN,"Denver, CO",-0.4,0.6,2.1,21.6,0,5.164,0.75,1.715,-5.564,-0.15,0.385,0,0,1,0,0,0,1,0,0,0,0,1,0,0,1,1,NORMAL,NORMAL: isolated adverse dimension without severe compound conditions | colder_than_normal,RULE_BASED_UNWEIGHTED_WEATHER_DIMENSIONS,DERIVED_FROM_PUBLIC_WEATHER,PROJECT_ASSUMPTION
2023-12-04,US_MTN,"Denver, CO",3.357,1.0,5.74,15.6,1,3.128,0.0,0.84,0.229,1.0,4.9,0,0,0,0,0,0,0,0,0,0,0,0,0,0,1,1,NORMAL,NORMAL: no material adverse or mild scenario trigger,RULE_BASED_UNWEIGHTED_WEATHER_DIMENSIONS,DERIVED_FROM_PUBLIC_WEATHER,PROJECT_ASSUMPTION
2023-12-11,US_MTN,"Denver, CO",1.214,0.3,2.03,16.0,0,-0.336,0.3,2.975,1.55,0.0,-0.945,0,0,0,0,0,0,0,0,0,0,0,0,0,0,1,1,NORMAL,NORMAL: no material adverse or mild scenario trigger,RULE_BASED_UNWEIGHTED_WEATHER_DIMENSIONS,DERIVED_FROM_PUBLIC_WEATHER,PROJECT_ASSUMPTION
2023-12-18,US_MTN,"Denver, CO",4.286,2.5,3.22,16.9,0,-0.128,2.2,1.365,4.414,0.3,1.855,0,0,0,0,0,0,0,0,0,0,0,0,0,1,1,1,MILD,MILD: warmer_than_seasonal_reference with no adverse weather dimensions,RULE_BASED_UNWEIGHTED_WEATHER_DIMENSIONS,DERIVED_FROM_PUBLIC_WEATHER,PROJECT_ASSUMPTION
2023-12-25,US_MTN,"Denver, CO",-0.414,0.0,1.61,14.8,0,-0.886,2.2,10.045,0.472,-2.2,-8.435,0,0,1,0,0,0,0,0,0,0,0,0,0,0,1,1,NORMAL,NORMAL: no material adverse or mild scenario trigger,RULE_BASED_UNWEIGHTED_WEATHER_DIMENSIONS,DERIVED_FROM_PUBLIC_WEATHER,PROJECT_ASSUMPTION
2024-01-01,US_MTN,"Denver, CO",-0.229,0.1,0.84,13.0,0,-2.758,0.25,5.11,2.528,-0.15,-4.27,0,0,1,0,0,0,0,0,0,0,0,0,0,1,1,1,MILD,MILD: warmer_than_seasonal_reference with no adverse weather dimensions,RULE_BASED_UNWEIGHTED_WEATHER_DIMENSIONS,DERIVED_FROM_PUBLIC_WEATHER,PROJECT_ASSUMPTION
2024-01-08,US_MTN,"Denver, CO",-7.714,0.0,4.55,32.1,0,1.836,0.0,2.205,-9.55,0.0,2.345,0,0,1,0,0,0,1,0,0,0,0,1,0,0,1,1,NORMAL,NORMAL: isolated adverse dimension without severe compound conditions | colder_than_normal,RULE_BASED_UNWEIGHTED_WEATHER_DIMENSIONS,DERIVED_FROM_PUBLIC_WEATHER,PROJECT_ASSUMPTION
2024-01-15,US_MTN,"Denver, CO",-5.786,0.0,2.59,26.2,0,-1.85,0.0,6.58,-3.936,0.0,-3.99,0,0,1,0,0,0,1,0,0,0,0,1,0,0,1,1,NORMAL,NORMAL: isolated adverse dimension without severe compound conditions | colder_than_normal,RULE_BASED_UNWEIGHTED_WEATHER_DIMENSIONS,DERIVED_FROM_PUBLIC_WEATHER,PROJECT_ASSUMPTION
2024-01-22,US_MTN,"Denver, CO",3.871,0.2,0.63,13.2,0,-3.678,0.05,5.215,7.55,0.15,-4.585,0,0,0,0,0,0,0,0,0,0,0,0,0,1,1,1,MILD,MILD: warmer_than_seasonal_reference with no adverse weather dimensions,RULE_BASED_UNWEIGHTED_WEATHER_DIMENSIONS,DERIVED_FROM_PUBLIC_WEATHER,PROJECT_ASSUMPTION
2024-01-29,US_MTN,"Denver, CO",4.814,8.5,12.81,13.3,1,-5.15,0.0,6.3,9.964,8.5,6.51,0,0,0,0,0,0,0,0,1,0,0,1,0,0,1,1,NORMAL,NORMAL: isolated adverse dimension without severe compound conditions | snowier_than_normal,RULE_BASED_UNWEIGHTED_WEATHER_DIMENSIONS,DERIVED_FROM_PUBLIC_WEATHER,PROJECT_ASSUMPTION
2024-02-05,US_MTN,"Denver, CO",0.186,3.3,2.73,18.7,1,0.221,1.6,2.975,-0.035,1.7,-0.245,0,0,0,0,0,0,0,0,0,0,0,0,0,0,1,1,NORMAL,NORMAL: no material adverse or mild scenario trigger,RULE_BASED_UNWEIGHTED_WEATHER_DIMENSIONS,DERIVED_FROM_PUBLIC_WEATHER,PROJECT_ASSUMPTION
2024-02-12,US_MTN,"Denver, CO",-0.171,0.4,5.04,18.4,0,-0.207,0.0,5.88,0.036,0.4,-0.84,0,0,1,0,0,0,0,0,0,0,0,0,0,0,1,1,NORMAL,NORMAL: no material adverse or mild scenario trigger,RULE_BASED_UNWEIGHTED_WEATHER_DIMENSIONS,DERIVED_FROM_PUBLIC_WEATHER,PROJECT_ASSUMPTION
2024-02-19,US_MTN,"Denver, CO",6.629,2.8,0.21,18.9,1,-4.628,0.15,4.445,11.258,2.65,-4.235,0,0,0,0,0,0,0,0,0,0,0,0,0,1,1,1,MILD,MILD: warmer_than_seasonal_reference with no adverse weather dimensions,RULE_BASED_UNWEIGHTED_WEATHER_DIMENSIONS,DERIVED_FROM_PUBLIC_WEATHER,PROJECT_ASSUMPTION
2024-02-26,US_MTN,"Denver, CO",5.414,2.3,5.81,21.3,0,3.5,2.4,2.625,1.914,-0.1,3.185,0,0,0,0,0,0,0,0,0,0,0,0,0,0,1,1,NORMAL,NORMAL: no material adverse or mild scenario trigger,RULE_BASED_UNWEIGHTED_WEATHER_DIMENSIONS,DERIVED_FROM_PUBLIC_WEATHER,PROJECT_ASSUMPTION
2024-03-04,US_MTN,"Denver, CO",3.4,1.6,3.15,20.6,0,-0.493,2.1,2.59,3.892,-0.5,0.56,0,0,0,0,0,0,0,0,0,0,0,0,0,1,1,1,MILD,MILD: warmer_than_seasonal_reference with no adverse weather dimensions,RULE_BASED_UNWEIGHTED_WEATHER_DIMENSIONS,DERIVED_FROM_PUBLIC_WEATHER,PROJECT_ASSUMPTION
2024-03-11,US_MTN,"Denver, CO",4.214,11.0,29.82,20.5,1,4.086,3.7,9.17,0.128,7.3,20.65,0,1,0,0,0,0,0,0,1,0,0,1,1,0,1,1,SEVERE,SEVERE: snowier_than_normal | extreme_event_trigger,RULE_BASED_UNWEIGHTED_WEATHER_DIMENSIONS,DERIVED_FROM_PUBLIC_WEATHER,PROJECT_ASSUMPTION
2024-03-18,US_MTN,"Denver, CO",6.171,6.9,3.08,27.4,1,5.136,3.0,1.505,1.035,3.9,1.575,0,0,0,0,0,0,0,0,0,0,0,0,0,0,1,1,NORMAL,NORMAL: no material adverse or mild scenario trigger,RULE_BASED_UNWEIGHTED_WEATHER_DIMENSIONS,DERIVED_FROM_PUBLIC_WEATHER,PROJECT_ASSUMPTION
2024-03-25,US_MTN,"Denver, CO",4.571,3.9,1.75,20.3,0,6.828,4.9,1.435,-2.258,-1.0,0.315,0,0,0,0,0,0,1,0,0,0,0,1,0,0,1,1,NORMAL,NORMAL: isolated adverse dimension without severe compound conditions | colder_than_normal,RULE_BASED_UNWEIGHTED_WEATHER_DIMENSIONS,DERIVED_FROM_PUBLIC_WEATHER,PROJECT_ASSUMPTION
2024-04-01,US_MTN,"Denver, CO",9.743,9.9,0.77,39.4,0,7.243,8.7,1.925,2.5,1.2,-1.155,0,0,0,0,0,0,0,0,0,0,0,0,0,1,1,1,MILD,MILD: warmer_than_seasonal_reference with no adverse weather dimensions,RULE_BASED_UNWEIGHTED_WEATHER_DIMENSIONS,DERIVED_FROM_PUBLIC_WEATHER,PROJECT_ASSUMPTION
2024-04-08,US_MTN,"Denver, CO",11.257,3.7,0.0,20.9,0,9.535,4.4,1.61,1.722,-0.7,-1.61,0,0,0,0,0,0,0,0,0,0,0,0,0,0,1,1,NORMAL,NORMAL: no material adverse or mild scenario trigger,RULE_BASED_UNWEIGHTED_WEATHER_DIMENSIONS,DERIVED_FROM_PUBLIC_WEATHER,PROJECT_ASSUMPTION
2024-04-15,US_MTN,"Denver, CO",7.543,9.2,8.68,28.7,1,10.179,2.35,1.61,-2.636,6.85,7.07,0,0,0,0,0,0,1,0,1,0,0,2,0,0,1,1,SEVERE,"SEVERE: colder_than_normal, snowier_than_normal",RULE_BASED_UNWEIGHTED_WEATHER_DIMENSIONS,DERIVED_FROM_PUBLIC_WEATHER,PROJECT_ASSUMPTION
2024-04-22,US_MTN,"Denver, CO",11.486,32.4,7.35,24.0,1,11.514,13.1,0.14,-0.028,19.3,7.21,0,0,0,0,0,0,0,0,1,0,0,1,0,0,1,1,NORMAL,NORMAL: isolated adverse dimension without severe compound conditions | snowier_than_normal,RULE_BASED_UNWEIGHTED_WEATHER_DIMENSIONS,DERIVED_FROM_PUBLIC_WEATHER,PROJECT_ASSUMPTION
2024-04-29,US_MTN,"Denver, CO",12.114,15.8,0.0,31.5,0,13.922,8.6,0.49,-1.807,7.2,-0.49,0,0,0,0,0,0,0,0,0,0,0,0,0,0,1,1,NORMAL,NORMAL: no material adverse or mild scenario trigger,RULE_BASED_UNWEIGHTED_WEATHER_DIMENSIONS,DERIVED_FROM_PUBLIC_WEATHER,PROJECT_ASSUMPTION
2024-05-06,US_MTN,"Denver, CO",10.243,19.4,0.0,36.3,0,15.243,37.95,0.0,-5.0,-18.55,0.0,0,0,0,0,0,0,1,0,0,0,0,1,0,0,1,1,NORMAL,NORMAL: isolated adverse dimension without severe compound conditions | colder_than_normal,RULE_BASED_UNWEIGHTED_WEATHER_DIMENSIONS,DERIVED_FROM_PUBLIC_WEATHER,PROJECT_ASSUMPTION
2024-05-13,US_MTN,"Denver, CO",16.286,11.7,0.0,28.5,0,14.236,14.85,7.77,2.051,-3.15,-7.77,0,0,0,0,0,0,0,0,0,0,0,0,0,1,1,1,MILD,MILD: warmer_than_seasonal_reference with no adverse weather dimensions,RULE_BASED_UNWEIGHTED_WEATHER_DIMENSIONS,DERIVED_FROM_PUBLIC_WEATHER,PROJECT_ASSUMPTION
2024-05-20,US_MTN,"Denver, CO",14.043,25.1,0.0,25.3,0,16.114,6.25,0.0,-2.072,18.85,0.0,0,0,0,0,0,0,1,0,0,0,0,1,0,0,1,1,NORMAL,NORMAL: isolated adverse dimension without severe compound conditions | colder_than_normal,RULE_BASED_UNWEIGHTED_WEATHER_DIMENSIONS,DERIVED_FROM_PUBLIC_WEATHER,PROJECT_ASSUMPTION
2024-05-27,US_MTN,"Denver, CO",18.214,2.9,0.0,18.1,0,15.786,25.2,0.07,2.428,-22.3,-0.07,0,0,0,0,0,0,0,0,0,0,0,0,0,1,1,1,MILD,MILD: warmer_than_seasonal_reference with no adverse weather dimensions,RULE_BASED_UNWEIGHTED_WEATHER_DIMENSIONS,DERIVED_FROM_PUBLIC_WEATHER,PROJECT_ASSUMPTION
2024-06-03,US_MTN,"Denver, CO",22.329,4.7,0.0,29.5,0,19.6,12.0,0.0,2.729,-7.3,0.0,0,0,0,0,0,0,0,0,0,0,0,0,0,1,1,1,MILD,MILD: warmer_than_seasonal_reference with no adverse weather dimensions,RULE_BASED_UNWEIGHTED_WEATHER_DIMENSIONS,DERIVED_FROM_PUBLIC_WEATHER,PROJECT_ASSUMPTION
2024-06-10,US_MTN,"Denver, CO",23.829,4.2,0.0,26.2,0,20.093,26.5,0.0,3.736,-22.3,0.0,0,0,0,0,0,0,0,0,0,0,0,0,0,1,1,1,MILD,MILD: warmer_than_seasonal_reference with no adverse weather dimensions,RULE_BASED_UNWEIGHTED_WEATHER_DIMENSIONS,DERIVED_FROM_PUBLIC_WEATHER,PROJECT_ASSUMPTION
2024-06-17,US_MTN,"Denver, CO",22.2,4.0,0.0,22.8,0,20.9,5.3,0.0,1.3,-1.3,0.0,0,0,0,0,0,0,0,0,0,0,0,0,0,0,1,1,NORMAL,NORMAL: no material adverse or mild scenario trigger,RULE_BASED_UNWEIGHTED_WEATHER_DIMENSIONS,DERIVED_FROM_PUBLIC_WEATHER,PROJECT_ASSUMPTION
2024-06-24,US_MTN,"Denver, CO",25.343,3.6,0.0,20.4,0,21.772,8.3,0.0,3.571,-4.7,0.0,0,0,0,0,0,0,0,0,0,0,0,0,0,1,1,1,MILD,MILD: warmer_than_seasonal_reference with no adverse weather dimensions,RULE_BASED_UNWEIGHTED_WEATHER_DIMENSIONS,DERIVED_FROM_PUBLIC_WEATHER,PROJECT_ASSUMPTION
2024-07-01,US_MTN,"Denver, CO",22.671,5.4,0.0,25.6,0,22.757,17.533,0.0,-0.086,-12.133,0.0,0,0,0,0,0,0,0,0,0,0,0,0,0,0,1,1,NORMAL,NORMAL: no material adverse or mild scenario trigger,RULE_BASED_UNWEIGHTED_WEATHER_DIMENSIONS,DERIVED_FROM_PUBLIC_WEATHER,PROJECT_ASSUMPTION
2024-07-08,US_MTN,"Denver, CO",26.0,0.5,0.0,18.0,0,24.2,2.667,0.0,1.8,-2.167,0.0,0,0,0,0,0,0,0,0,0,0,0,0,0,0,1,1,NORMAL,NORMAL: no material adverse or mild scenario trigger,RULE_BASED_UNWEIGHTED_WEATHER_DIMENSIONS,DERIVED_FROM_PUBLIC_WEATHER,PROJECT_ASSUMPTION
2024-07-15,US_MTN,"Denver, CO",23.129,12.4,0.0,24.8,0,25.095,14.2,0.0,-1.966,-1.8,0.0,0,0,0,0,0,0,0,0,0,0,0,0,0,0,1,1,NORMAL,NORMAL: no material adverse or mild scenario trigger,RULE_BASED_UNWEIGHTED_WEATHER_DIMENSIONS,DERIVED_FROM_PUBLIC_WEATHER,PROJECT_ASSUMPTION
2024-07-22,US_MTN,"Denver, CO",24.9,2.3,0.0,17.4,0,24.367,11.5,0.0,0.533,-9.2,0.0,0,0,0,0,0,0,0,0,0,0,0,0,0,0,1,1,NORMAL,NORMAL: no material adverse or mild scenario trigger,RULE_BASED_UNWEIGHTED_WEATHER_DIMENSIONS,DERIVED_FROM_PUBLIC_WEATHER,PROJECT_ASSUMPTION
2024-07-29,US_MTN,"Denver, CO",27.7,0.7,0.0,30.1,0,23.743,13.2,0.0,3.957,-12.5,0.0,0,0,0,0,0,0,0,0,0,0,0,0,0,1,1,1,MILD,MILD: warmer_than_seasonal_reference with no adverse weather dimensions,RULE_BASED_UNWEIGHTED_WEATHER_DIMENSIONS,DERIVED_FROM_PUBLIC_WEATHER,PROJECT_ASSUMPTION
2024-08-05,US_MTN,"Denver, CO",22.1,11.9,0.0,20.9,0,23.914,1.833,0.0,-1.814,10.067,0.0,0,0,0,0,0,0,0,0,0,0,0,0,0,0,1,1,NORMAL,NORMAL: no material adverse or mild scenario trigger,RULE_BASED_UNWEIGHTED_WEATHER_DIMENSIONS,DERIVED_FROM_PUBLIC_WEATHER,PROJECT_ASSUMPTION
2024-08-12,US_MTN,"Denver, CO",24.143,4.7,0.0,19.4,0,22.729,16.067,0.0,1.414,-11.367,0.0,0,0,0,0,0,0,0,0,0,0,0,0,0,0,1,1,NORMAL,NORMAL: no material adverse or mild scenario trigger,RULE_BASED_UNWEIGHTED_WEATHER_DIMENSIONS,DERIVED_FROM_PUBLIC_WEATHER,PROJECT_ASSUMPTION
2024-08-19,US_MTN,"Denver, CO",24.843,3.6,0.0,23.7,0,23.062,6.533,0.0,1.781,-2.933,0.0,0,0,0,0,0,0,0,0,0,0,0,0,0,0,1,1,NORMAL,NORMAL: no material adverse or mild scenario trigger,RULE_BASED_UNWEIGHTED_WEATHER_DIMENSIONS,DERIVED_FROM_PUBLIC_WEATHER,PROJECT_ASSUMPTION
2024-08-26,US_MTN,"Denver, CO",23.171,0.7,0.0,15.7,0,23.362,4.8,0.0,-0.191,-4.1,0.0,0,0,0,0,0,0,0,0,0,0,0,0,0,0,1,1,NORMAL,NORMAL: no material adverse or mild scenario trigger,RULE_BASED_UNWEIGHTED_WEATHER_DIMENSIONS,DERIVED_FROM_PUBLIC_WEATHER,PROJECT_ASSUMPTION
2024-09-02,US_MTN,"Denver, CO",21.171,8.0,0.0,15.5,0,21.657,7.067,0.0,-0.486,0.933,0.0,0,0,0,0,0,0,0,0,0,0,0,0,0,0,1,1,NORMAL,NORMAL: no material adverse or mild scenario trigger,RULE_BASED_UNWEIGHTED_WEATHER_DIMENSIONS,DERIVED_FROM_PUBLIC_WEATHER,PROJECT_ASSUMPTION
2024-09-09,US_MTN,"Denver, CO",22.0,0.9,0.0,20.6,0,18.719,11.867,0.0,3.281,-10.967,0.0,0,0,0,0,0,0,0,0,0,0,0,0,0,1,1,1,MILD,MILD: warmer_than_seasonal_reference with no adverse weather dimensions,RULE_BASED_UNWEIGHTED_WEATHER_DIMENSIONS,DERIVED_FROM_PUBLIC_WEATHER,PROJECT_ASSUMPTION
2024-09-16,US_MTN,"Denver, CO",18.629,12.1,0.0,25.9,0,17.653,4.667,0.0,0.976,7.433,0.0,0,0,0,0,0,0,0,0,0,0,0,0,0,0,1,1,NORMAL,NORMAL: no material adverse or mild scenario trigger,RULE_BASED_UNWEIGHTED_WEATHER_DIMENSIONS,DERIVED_FROM_PUBLIC_WEATHER,PROJECT_ASSUMPTION
2024-09-23,US_MTN,"Denver, CO",20.629,0.0,0.0,15.3,0,17.614,5.933,0.0,3.015,-5.933,0.0,0,0,0,0,0,0,0,0,0,0,0,0,0,1,1,1,MILD,MILD: warmer_than_seasonal_reference with no adverse weather dimensions,RULE_BASED_UNWEIGHTED_WEATHER_DIMENSIONS,DERIVED_FROM_PUBLIC_WEATHER,PROJECT_ASSUMPTION
2024-09-30,US_MTN,"Denver, CO",18.086,0.0,0.0,25.2,0,14.385,1.7,0.0,3.701,-1.7,0.0,0,0,0,0,0,0,0,0,0,0,0,0,0,1,1,1,MILD,MILD: warmer_than_seasonal_reference with no adverse weather dimensions,RULE_BASED_UNWEIGHTED_WEATHER_DIMENSIONS,DERIVED_FROM_PUBLIC_WEATHER,PROJECT_ASSUMPTION
2024-10-07,US_MTN,"Denver, CO",17.543,0.0,0.0,15.0,0,11.157,4.833,0.513,6.386,-4.833,-0.513,0,0,0,0,0,0,0,0,0,0,0,0,0,1,1,1,MILD,MILD: warmer_than_seasonal_reference with no adverse weather dimensions,RULE_BASED_UNWEIGHTED_WEATHER_DIMENSIONS,DERIVED_FROM_PUBLIC_WEATHER,PROJECT_ASSUMPTION
2024-10-14,US_MTN,"Denver, CO",14.314,9.5,0.0,20.3,0,13.457,1.5,0.0,0.857,8.0,0.0,0,0,0,0,0,0,0,0,0,0,0,0,0,0,1,1,NORMAL,NORMAL: no material adverse or mild scenario trigger,RULE_BASED_UNWEIGHTED_WEATHER_DIMENSIONS,DERIVED_FROM_PUBLIC_WEATHER,PROJECT_ASSUMPTION
2024-10-21,US_MTN,"Denver, CO",13.529,5.9,0.0,25.0,0,7.948,3.6,2.987,5.581,2.3,-2.987,0,0,0,0,0,0,0,0,0,0,0,0,0,1,1,1,MILD,MILD: warmer_than_seasonal_reference with no adverse weather dimensions,RULE_BASED_UNWEIGHTED_WEATHER_DIMENSIONS,DERIVED_FROM_PUBLIC_WEATHER,PROJECT_ASSUMPTION
2024-10-28,US_MTN,"Denver, CO",8.671,5.2,0.49,19.1,1,7.752,0.2,1.027,0.919,5.0,-0.537,0,0,0,0,0,0,0,0,0,0,0,0,0,0,1,1,NORMAL,NORMAL: no material adverse or mild scenario trigger,RULE_BASED_UNWEIGHTED_WEATHER_DIMENSIONS,DERIVED_FROM_PUBLIC_WEATHER,PROJECT_ASSUMPTION
2024-11-04,US_MTN,"Denver, CO",1.743,2.1,31.64,23.0,1,6.262,3.2,0.817,-4.519,-1.1,30.823,0,1,0,0,0,0,1,0,1,0,0,2,1,0,1,1,SEVERE,"SEVERE: colder_than_normal, snowier_than_normal | extreme_event_trigger",RULE_BASED_UNWEIGHTED_WEATHER_DIMENSIONS,DERIVED_FROM_PUBLIC_WEATHER,PROJECT_ASSUMPTION
2024-11-11,US_MTN,"Denver, CO",2.929,1.5,0.14,15.4,0,3.805,0.833,2.847,-0.876,0.667,-2.707,0,0,0,0,0,0,0,0,0,0,0,0,0,0,1,1,NORMAL,NORMAL: no material adverse or mild scenario trigger,RULE_BASED_UNWEIGHTED_WEATHER_DIMENSIONS,DERIVED_FROM_PUBLIC_WEATHER,PROJECT_ASSUMPTION
2024-11-18,US_MTN,"Denver, CO",4.843,1.2,1.26,21.2,0,3.143,0.467,2.077,1.7,0.733,-0.817,0,0,0,0,0,0,0,0,0,0,0,0,0,0,1,1,NORMAL,NORMAL: no material adverse or mild scenario trigger,RULE_BASED_UNWEIGHTED_WEATHER_DIMENSIONS,DERIVED_FROM_PUBLIC_WEATHER,PROJECT_ASSUMPTION
2024-11-25,US_MTN,"Denver, CO",-1.414,6.8,15.19,14.8,1,3.309,0.7,1.843,-4.723,6.1,13.347,0,1,1,0,0,0,1,0,1,0,0,2,1,0,1,1,SEVERE,"SEVERE: colder_than_normal, snowier_than_normal | extreme_event_trigger",RULE_BASED_UNWEIGHTED_WEATHER_DIMENSIONS,DERIVED_FROM_PUBLIC_WEATHER,PROJECT_ASSUMPTION
2024-12-02,US_MTN,"Denver, CO",1.171,0.0,0.0,13.9,0,3.205,0.333,2.473,-2.034,-0.333,-2.473,0,0,0,0,0,0,1,0,0,0,0,1,0,0,1,1,NORMAL,NORMAL: isolated adverse dimension without severe compound conditions | colder_than_normal,RULE_BASED_UNWEIGHTED_WEATHER_DIMENSIONS,DERIVED_FROM_PUBLIC_WEATHER,PROJECT_ASSUMPTION
2024-12-09,US_MTN,"Denver, CO",0.414,0.0,2.17,14.5,0,0.181,0.3,2.66,0.233,-0.3,-0.49,0,0,0,0,0,0,0,0,0,0,0,0,0,0,1,1,NORMAL,NORMAL: no material adverse or mild scenario trigger,RULE_BASED_UNWEIGHTED_WEATHER_DIMENSIONS,DERIVED_FROM_PUBLIC_WEATHER,PROJECT_ASSUMPTION
2024-12-16,US_MTN,"Denver, CO",3.957,0.1,0.0,17.2,0,1.343,2.3,1.983,2.614,-2.2,-1.983,0,0,0,0,0,0,0,0,0,0,0,0,0,1,1,1,MILD,MILD: warmer_than_seasonal_reference with no adverse weather dimensions,RULE_BASED_UNWEIGHTED_WEATHER_DIMENSIONS,DERIVED_FROM_PUBLIC_WEATHER,PROJECT_ASSUMPTION
2024-12-23,US_MTN,"Denver, CO",4.4,3.7,0.0,13.9,1,-0.728,1.467,7.233,5.128,2.233,-7.233,0,0,0,0,0,0,0,0,0,0,0,0,0,1,1,1,MILD,MILD: warmer_than_seasonal_reference with no adverse weather dimensions,RULE_BASED_UNWEIGHTED_WEATHER_DIMENSIONS,DERIVED_FROM_PUBLIC_WEATHER,PROJECT_ASSUMPTION
2024-12-30,US_MTN,"Denver, CO",-0.757,0.0,2.94,26.9,0,-1.915,0.2,3.687,1.158,-0.2,-0.747,0,0,1,0,0,0,0,0,0,0,0,0,0,0,1,1,NORMAL,NORMAL: no material adverse or mild scenario trigger,RULE_BASED_UNWEIGHTED_WEATHER_DIMENSIONS,DERIVED_FROM_PUBLIC_WEATHER,PROJECT_ASSUMPTION
2025-01-06,US_MTN,"Denver, CO",-4.371,0.1,8.33,23.8,0,-1.348,0.0,2.987,-3.023,0.1,5.343,0,0,1,0,0,0,1,0,1,0,0,2,0,0,1,1,SEVERE,"SEVERE: colder_than_normal, snowier_than_normal",RULE_BASED_UNWEIGHTED_WEATHER_DIMENSIONS,DERIVED_FROM_PUBLIC_WEATHER,PROJECT_ASSUMPTION
2025-01-13,US_MTN,"Denver, CO",-6.029,0.0,6.09,20.1,0,-3.162,0.0,5.25,-2.867,0.0,0.84,0,0,1,0,0,0,1,0,0,0,0,1,0,0,1,1,NORMAL,NORMAL: isolated adverse dimension without severe compound conditions | colder_than_normal,RULE_BASED_UNWEIGHTED_WEATHER_DIMENSIONS,DERIVED_FROM_PUBLIC_WEATHER,PROJECT_ASSUMPTION
2025-01-20,US_MTN,"Denver, CO",-7.5,0.0,5.95,17.7,0,-1.162,0.1,3.687,-6.338,-0.1,2.263,0,0,1,0,0,0,1,0,0,0,0,1,0,0,1,1,NORMAL,NORMAL: isolated adverse dimension without severe compound conditions | colder_than_normal,RULE_BASED_UNWEIGHTED_WEATHER_DIMENSIONS,DERIVED_FROM_PUBLIC_WEATHER,PROJECT_ASSUMPTION
2025-01-27,US_MTN,"Denver, CO",0.729,0.4,0.07,15.0,0,-1.829,2.833,8.47,2.558,-2.433,-8.4,0,0,0,0,0,0,0,0,0,0,0,0,0,1,1,1,MILD,MILD: warmer_than_seasonal_reference with no adverse weather dimensions,RULE_BASED_UNWEIGHTED_WEATHER_DIMENSIONS,DERIVED_FROM_PUBLIC_WEATHER,PROJECT_ASSUMPTION
2025-02-03,US_MTN,"Denver, CO",3.314,0.9,6.23,19.2,0,0.21,2.167,2.893,3.104,-1.267,3.337,0,0,0,0,0,0,0,0,0,0,0,0,0,1,1,1,MILD,MILD: warmer_than_seasonal_reference with no adverse weather dimensions,RULE_BASED_UNWEIGHTED_WEATHER_DIMENSIONS,DERIVED_FROM_PUBLIC_WEATHER,PROJECT_ASSUMPTION
2025-02-10,US_MTN,"Denver, CO",-7.357,2.5,6.79,21.1,1,-0.195,0.133,5.6,-7.162,2.367,1.19,0,0,1,0,0,0,1,0,0,0,0,1,0,0,1,1,NORMAL,NORMAL: isolated adverse dimension without severe compound conditions | colder_than_normal,RULE_BASED_UNWEIGHTED_WEATHER_DIMENSIONS,DERIVED_FROM_PUBLIC_WEATHER,PROJECT_ASSUMPTION
2025-02-17,US_MTN,"Denver, CO",-5.057,0.2,6.37,15.8,0,-0.876,1.033,3.033,-4.181,-0.833,3.337,0,0,1,0,0,0,1,0,0,0,0,1,0,0,1,1,NORMAL,NORMAL: isolated adverse dimension without severe compound conditions | colder_than_normal,RULE_BASED_UNWEIGHTED_WEATHER_DIMENSIONS,DERIVED_FROM_PUBLIC_WEATHER,PROJECT_ASSUMPTION
2025-02-24,US_MTN,"Denver, CO",6.5,0.4,0.07,15.7,0,4.138,2.367,3.687,2.362,-1.967,-3.617,0,0,0,0,0,0,0,0,0,0,0,0,0,1,1,1,MILD,MILD: warmer_than_seasonal_reference with no adverse weather dimensions,RULE_BASED_UNWEIGHTED_WEATHER_DIMENSIONS,DERIVED_FROM_PUBLIC_WEATHER,PROJECT_ASSUMPTION
2025-03-03,US_MTN,"Denver, CO",4.829,4.1,2.87,31.8,1,0.805,1.933,2.777,4.024,2.167,0.093,0,0,0,0,0,0,0,0,0,0,0,0,0,1,1,1,MILD,MILD: warmer_than_seasonal_reference with no adverse weather dimensions,RULE_BASED_UNWEIGHTED_WEATHER_DIMENSIONS,DERIVED_FROM_PUBLIC_WEATHER,PROJECT_ASSUMPTION
2025-03-10,US_MTN,"Denver, CO",7.714,1.5,0.77,29.6,0,4.129,6.133,16.053,3.585,-4.633,-15.283,0,0,0,0,0,0,0,0,0,0,0,0,0,1,1,1,MILD,MILD: warmer_than_seasonal_reference with no adverse weather dimensions,RULE_BASED_UNWEIGHTED_WEATHER_DIMENSIONS,DERIVED_FROM_PUBLIC_WEATHER,PROJECT_ASSUMPTION
2025-03-17,US_MTN,"Denver, CO",7.5,1.0,2.17,30.2,0,5.481,4.3,2.03,2.019,-3.3,0.14,0,0,0,0,0,0,0,0,0,0,0,0,0,1,1,1,MILD,MILD: warmer_than_seasonal_reference with no adverse weather dimensions,RULE_BASED_UNWEIGHTED_WEATHER_DIMENSIONS,DERIVED_FROM_PUBLIC_WEATHER,PROJECT_ASSUMPTION
2025-03-24,US_MTN,"Denver, CO",11.971,24.5,0.77,19.8,0,6.076,4.567,1.54,5.895,19.933,-0.77,0,0,0,0,0,0,0,0,0,0,0,0,0,1,1,1,MILD,MILD: warmer_than_seasonal_reference with no adverse weather dimensions,RULE_BASED_UNWEIGHTED_WEATHER_DIMENSIONS,DERIVED_FROM_PUBLIC_WEATHER,PROJECT_ASSUMPTION
2025-03-31,US_MTN,"Denver, CO",3.657,2.8,5.95,24.5,1,8.076,9.1,1.54,-4.419,-6.3,4.41,0,0,0,0,0,0,1,0,0,0,0,1,0,0,1,1,NORMAL,NORMAL: isolated adverse dimension without severe compound conditions | colder_than_normal,RULE_BASED_UNWEIGHTED_WEATHER_DIMENSIONS,DERIVED_FROM_PUBLIC_WEATHER,PROJECT_ASSUMPTION
2025-04-07,US_MTN,"Denver, CO",13.243,2.6,0.0,22.8,0,10.109,4.167,1.073,3.134,-1.567,-1.073,0,0,0,0,0,0,0,0,0,0,0,0,0,1,1,1,MILD,MILD: warmer_than_seasonal_reference with no adverse weather dimensions,RULE_BASED_UNWEIGHTED_WEATHER_DIMENSIONS,DERIVED_FROM_PUBLIC_WEATHER,PROJECT_ASSUMPTION
2025-04-14,US_MTN,"Denver, CO",8.014,3.2,6.79,31.7,0,9.3,4.633,3.967,-1.286,-1.433,2.823,0,0,0,0,0,0,0,0,0,0,0,0,0,0,1,1,NORMAL,NORMAL: no material adverse or mild scenario trigger,RULE_BASED_UNWEIGHTED_WEATHER_DIMENSIONS,DERIVED_FROM_PUBLIC_WEATHER,PROJECT_ASSUMPTION
2025-04-21,US_MTN,"Denver, CO",12.743,6.9,0.0,24.0,0,11.505,19.533,2.543,1.238,-12.633,-2.543,0,0,0,0,0,0,0,0,0,0,0,0,0,0,1,1,NORMAL,NORMAL: no material adverse or mild scenario trigger,RULE_BASED_UNWEIGHTED_WEATHER_DIMENSIONS,DERIVED_FROM_PUBLIC_WEATHER,PROJECT_ASSUMPTION
2025-04-28,US_MTN,"Denver, CO",12.114,11.2,0.0,24.2,0,13.319,11.0,0.327,-1.205,0.2,-0.327,0,0,0,0,0,0,0,0,0,0,0,0,0,0,1,1,NORMAL,NORMAL: no material adverse or mild scenario trigger,RULE_BASED_UNWEIGHTED_WEATHER_DIMENSIONS,DERIVED_FROM_PUBLIC_WEATHER,PROJECT_ASSUMPTION
2025-05-05,US_MTN,"Denver, CO",13.3,30.4,0.0,29.8,0,13.576,31.767,0.0,-0.276,-1.367,0.0,0,0,0,0,0,0,0,0,0,0,0,0,0,0,1,1,NORMAL,NORMAL: no material adverse or mild scenario trigger,RULE_BASED_UNWEIGHTED_WEATHER_DIMENSIONS,DERIVED_FROM_PUBLIC_WEATHER,PROJECT_ASSUMPTION
2025-05-12,US_MTN,"Denver, CO",16.129,3.9,0.0,23.0,0,14.919,13.8,5.18,1.21,-9.9,-5.18,0,0,0,0,0,0,0,0,0,0,0,0,0,0,1,1,NORMAL,NORMAL: no material adverse or mild scenario trigger,RULE_BASED_UNWEIGHTED_WEATHER_DIMENSIONS,DERIVED_FROM_PUBLIC_WEATHER,PROJECT_ASSUMPTION
2025-05-19,US_MTN,"Denver, CO",15.043,21.7,0.0,21.3,0,15.424,12.533,0.0,-0.381,9.167,0.0,0,0,0,0,0,0,0,0,0,0,0,0,0,0,1,1,NORMAL,NORMAL: no material adverse or mild scenario trigger,RULE_BASED_UNWEIGHTED_WEATHER_DIMENSIONS,DERIVED_FROM_PUBLIC_WEATHER,PROJECT_ASSUMPTION
2025-05-26,US_MTN,"Denver, CO",15.943,20.3,0.0,20.2,0,16.595,17.767,0.047,-0.652,2.533,-0.047,0,0,0,0,0,0,0,0,0,0,0,0,0,0,1,1,NORMAL,NORMAL: no material adverse or mild scenario trigger,RULE_BASED_UNWEIGHTED_WEATHER_DIMENSIONS,DERIVED_FROM_PUBLIC_WEATHER,PROJECT_ASSUMPTION
2025-06-02,US_MTN,"Denver, CO",16.057,53.3,0.0,26.7,0,20.51,9.567,0.0,-4.453,43.733,0.0,1,0,0,0,0,0,1,1,0,0,0,2,0,0,1,1,SEVERE,"SEVERE: colder_than_normal, wetter_than_normal",RULE_BASED_UNWEIGHTED_WEATHER_DIMENSIONS,DERIVED_FROM_PUBLIC_WEATHER,PROJECT_ASSUMPTION
2025-06-09,US_MTN,"Denver, CO",21.786,1.7,0.0,24.6,0,21.338,19.067,0.0,0.448,-17.367,0.0,0,0,0,0,0,0,0,0,0,0,0,0,0,0,1,1,NORMAL,NORMAL: no material adverse or mild scenario trigger,RULE_BASED_UNWEIGHTED_WEATHER_DIMENSIONS,DERIVED_FROM_PUBLIC_WEATHER,PROJECT_ASSUMPTION
2025-06-16,US_MTN,"Denver, CO",23.614,6.1,0.0,28.9,0,21.333,4.867,0.0,2.281,1.233,0.0,0,0,0,0,0,0,0,0,0,0,0,0,0,1,1,1,MILD,MILD: warmer_than_seasonal_reference with no adverse weather dimensions,RULE_BASED_UNWEIGHTED_WEATHER_DIMENSIONS,DERIVED_FROM_PUBLIC_WEATHER,PROJECT_ASSUMPTION
2025-06-23,US_MTN,"Denver, CO",21.429,21.2,0.0,16.5,0,22.962,6.733,0.0,-1.533,14.467,0.0,0,0,0,0,0,0,0,0,0,0,0,0,0,0,1,1,NORMAL,NORMAL: no material adverse or mild scenario trigger,RULE_BASED_UNWEIGHTED_WEATHER_DIMENSIONS,DERIVED_FROM_PUBLIC_WEATHER,PROJECT_ASSUMPTION
2025-06-30,US_MTN,"Denver, CO",23.414,5.1,0.0,20.3,0,22.736,14.5,0.0,0.678,-9.4,0.0,0,0,0,0,0,0,0,0,0,0,0,0,0,0,1,1,NORMAL,NORMAL: no material adverse or mild scenario trigger,RULE_BASED_UNWEIGHTED_WEATHER_DIMENSIONS,DERIVED_FROM_PUBLIC_WEATHER,PROJECT_ASSUMPTION
2025-07-07,US_MTN,"Denver, CO",24.386,6.1,0.0,26.4,0,24.65,2.125,0.0,-0.264,3.975,0.0,0,0,0,0,0,0,0,0,0,0,0,0,0,0,1,1,NORMAL,NORMAL: no material adverse or mild scenario trigger,RULE_BASED_UNWEIGHTED_WEATHER_DIMENSIONS,DERIVED_FROM_PUBLIC_WEATHER,PROJECT_ASSUMPTION
2025-07-14,US_MTN,"Denver, CO",23.943,6.8,0.0,21.1,0,24.604,13.75,0.0,-0.661,-6.95,0.0,0,0,0,0,0,0,0,0,0,0,0,0,0,0,1,1,NORMAL,NORMAL: no material adverse or mild scenario trigger,RULE_BASED_UNWEIGHTED_WEATHER_DIMENSIONS,DERIVED_FROM_PUBLIC_WEATHER,PROJECT_ASSUMPTION
2025-07-21,US_MTN,"Denver, CO",24.871,4.0,0.0,20.2,0,24.5,9.2,0.0,0.371,-5.2,0.0,0,0,0,0,0,0,0,0,0,0,0,0,0,0,1,1,NORMAL,NORMAL: no material adverse or mild scenario trigger,RULE_BASED_UNWEIGHTED_WEATHER_DIMENSIONS,DERIVED_FROM_PUBLIC_WEATHER,PROJECT_ASSUMPTION
2025-07-28,US_MTN,"Denver, CO",22.7,9.1,0.0,15.2,0,24.732,10.075,0.0,-2.032,-0.975,0.0,0,0,0,0,0,0,1,0,0,0,0,1,0,0,1,1,NORMAL,NORMAL: isolated adverse dimension without severe compound conditions | colder_than_normal,RULE_BASED_UNWEIGHTED_WEATHER_DIMENSIONS,DERIVED_FROM_PUBLIC_WEATHER,PROJECT_ASSUMPTION
2025-08-04,US_MTN,"Denver, CO",25.043,16.5,0.0,28.5,0,23.461,4.35,0.0,1.582,12.15,0.0,0,0,0,0,0,0,0,0,0,0,0,0,0,0,1,1,NORMAL,NORMAL: no material adverse or mild scenario trigger,RULE_BASED_UNWEIGHTED_WEATHER_DIMENSIONS,DERIVED_FROM_PUBLIC_WEATHER,PROJECT_ASSUMPTION
2025-08-11,US_MTN,"Denver, CO",24.114,2.9,0.0,15.8,0,23.082,13.225,0.0,1.032,-10.325,0.0,0,0,0,0,0,0,0,0,0,0,0,0,0,0,1,1,NORMAL,NORMAL: no material adverse or mild scenario trigger,RULE_BASED_UNWEIGHTED_WEATHER_DIMENSIONS,DERIVED_FROM_PUBLIC_WEATHER,PROJECT_ASSUMPTION
2025-08-18,US_MTN,"Denver, CO",23.114,7.6,0.0,20.0,0,23.507,5.8,0.0,-0.393,1.8,0.0,0,0,0,0,0,0,0,0,0,0,0,0,0,0,1,1,NORMAL,NORMAL: no material adverse or mild scenario trigger,RULE_BASED_UNWEIGHTED_WEATHER_DIMENSIONS,DERIVED_FROM_PUBLIC_WEATHER,PROJECT_ASSUMPTION
2025-08-25,US_MTN,"Denver, CO",19.086,32.5,0.0,12.9,0,23.314,3.775,0.0,-4.228,28.725,0.0,0,0,0,0,0,0,1,1,0,0,0,2,0,0,1,1,SEVERE,"SEVERE: colder_than_normal, wetter_than_normal",RULE_BASED_UNWEIGHTED_WEATHER_DIMENSIONS,DERIVED_FROM_PUBLIC_WEATHER,PROJECT_ASSUMPTION
2025-09-01,US_MTN,"Denver, CO",19.757,0.6,0.0,19.2,0,21.536,7.3,0.0,-1.779,-6.7,0.0,0,0,0,0,0,0,0,0,0,0,0,0,0,0,1,1,NORMAL,NORMAL: no material adverse or mild scenario trigger,RULE_BASED_UNWEIGHTED_WEATHER_DIMENSIONS,DERIVED_FROM_PUBLIC_WEATHER,PROJECT_ASSUMPTION
2025-09-08,US_MTN,"Denver, CO",20.357,10.4,0.0,16.2,0,19.539,9.125,0.0,0.818,1.275,0.0,0,0,0,0,0,0,0,0,0,0,0,0,0,0,1,1,NORMAL,NORMAL: no material adverse or mild scenario trigger,RULE_BASED_UNWEIGHTED_WEATHER_DIMENSIONS,DERIVED_FROM_PUBLIC_WEATHER,PROJECT_ASSUMPTION
2025-09-15,US_MTN,"Denver, CO",17.386,5.1,0.0,14.6,0,17.897,6.525,0.0,-0.511,-1.425,0.0,0,0,0,0,0,0,0,0,0,0,0,0,0,0,1,1,NORMAL,NORMAL: no material adverse or mild scenario trigger,RULE_BASED_UNWEIGHTED_WEATHER_DIMENSIONS,DERIVED_FROM_PUBLIC_WEATHER,PROJECT_ASSUMPTION
2025-09-22,US_MTN,"Denver, CO",16.171,33.0,0.0,17.7,0,18.368,4.45,0.0,-2.197,28.55,0.0,0,0,0,0,0,0,1,1,0,0,0,2,0,0,1,1,SEVERE,"SEVERE: colder_than_normal, wetter_than_normal",RULE_BASED_UNWEIGHTED_WEATHER_DIMENSIONS,DERIVED_FROM_PUBLIC_WEATHER,PROJECT_ASSUMPTION
2025-09-29,US_MTN,"Denver, CO",17.157,3.9,0.0,24.9,0,15.31,1.275,0.0,1.847,2.625,0.0,0,0,0,0,0,0,0,0,0,0,0,0,0,0,1,1,NORMAL,NORMAL: no material adverse or mild scenario trigger,RULE_BASED_UNWEIGHTED_WEATHER_DIMENSIONS,DERIVED_FROM_PUBLIC_WEATHER,PROJECT_ASSUMPTION
2025-10-06,US_MTN,"Denver, CO",13.957,18.3,0.0,16.9,0,12.754,3.625,0.385,1.203,14.675,-0.385,0,0,0,0,0,0,0,0,0,0,0,0,0,0,1,1,NORMAL,NORMAL: no material adverse or mild scenario trigger,RULE_BASED_UNWEIGHTED_WEATHER_DIMENSIONS,DERIVED_FROM_PUBLIC_WEATHER,PROJECT_ASSUMPTION
2025-10-13,US_MTN,"Denver, CO",13.014,0.4,0.0,26.3,0,13.671,3.5,0.0,-0.657,-3.1,0.0,0,0,0,0,0,0,0,0,0,0,0,0,0,0,1,1,NORMAL,NORMAL: no material adverse or mild scenario trigger,RULE_BASED_UNWEIGHTED_WEATHER_DIMENSIONS,DERIVED_FROM_PUBLIC_WEATHER,PROJECT_ASSUMPTION
2025-10-20,US_MTN,"Denver, CO",11.657,0.0,0.0,25.6,0,9.343,4.175,2.24,2.314,-4.175,-2.24,0,0,0,0,0,0,0,0,0,0,0,0,0,1,1,1,MILD,MILD: warmer_than_seasonal_reference with no adverse weather dimensions,RULE_BASED_UNWEIGHTED_WEATHER_DIMENSIONS,DERIVED_FROM_PUBLIC_WEATHER,PROJECT_ASSUMPTION
2025-10-27,US_MTN,"Denver, CO",7.386,6.3,0.0,22.4,0,7.982,1.45,0.893,-0.596,4.85,-0.893,0,0,0,0,0,0,0,0,0,0,0,0,0,0,1,1,NORMAL,NORMAL: no material adverse or mild scenario trigger,RULE_BASED_UNWEIGHTED_WEATHER_DIMENSIONS,DERIVED_FROM_PUBLIC_WEATHER,PROJECT_ASSUMPTION
2025-11-03,US_MTN,"Denver, CO",8.386,0.0,0.0,23.2,0,5.132,2.925,8.522,3.254,-2.925,-8.522,0,0,0,0,0,0,0,0,0,0,0,0,0,1,1,1,MILD,MILD: warmer_than_seasonal_reference with no adverse weather dimensions,RULE_BASED_UNWEIGHTED_WEATHER_DIMENSIONS,DERIVED_FROM_PUBLIC_WEATHER,PROJECT_ASSUMPTION
2025-11-10,US_MTN,"Denver, CO",12.171,0.0,0.0,16.4,0,3.586,1.0,2.17,8.585,-1.0,-2.17,0,0,0,0,0,0,0,0,0,0,0,0,0,1,1,1,MILD,MILD: warmer_than_seasonal_reference with no adverse weather dimensions,RULE_BASED_UNWEIGHTED_WEATHER_DIMENSIONS,DERIVED_FROM_PUBLIC_WEATHER,PROJECT_ASSUMPTION
2025-11-17,US_MTN,"Denver, CO",8.014,2.7,0.0,17.5,0,3.568,0.65,1.872,4.446,2.05,-1.872,0,0,0,0,0,0,0,0,0,0,0,0,0,1,1,1,MILD,MILD: warmer_than_seasonal_reference with no adverse weather dimensions,RULE_BASED_UNWEIGHTED_WEATHER_DIMENSIONS,DERIVED_FROM_PUBLIC_WEATHER,PROJECT_ASSUMPTION
2025-11-24,US_MTN,"Denver, CO",1.686,0.1,2.03,19.7,0,2.128,2.225,5.18,-0.442,-2.125,-3.15,0,0,0,0,0,0,0,0,0,0,0,0,0,0,1,1,NORMAL,NORMAL: no material adverse or mild scenario trigger,RULE_BASED_UNWEIGHTED_WEATHER_DIMENSIONS,DERIVED_FROM_PUBLIC_WEATHER,PROJECT_ASSUMPTION
2025-12-01,US_MTN,"Denver, CO",-0.971,0.9,9.38,14.3,0,2.696,0.25,1.855,-3.667,0.65,7.525,0,0,1,0,0,0,1,0,1,0,0,2,0,0,1,1,SEVERE,"SEVERE: colder_than_normal, snowier_than_normal",RULE_BASED_UNWEIGHTED_WEATHER_DIMENSIONS,DERIVED_FROM_PUBLIC_WEATHER,PROJECT_ASSUMPTION
2025-12-08,US_MTN,"Denver, CO",6.771,0.0,0.0,19.5,0,0.239,0.225,2.538,6.532,-0.225,-2.538,0,0,0,0,0,0,0,0,0,0,0,0,0,1,1,1,MILD,MILD: warmer_than_seasonal_reference with no adverse weather dimensions,RULE_BASED_UNWEIGHTED_WEATHER_DIMENSIONS,DERIVED_FROM_PUBLIC_WEATHER,PROJECT_ASSUMPTION
2025-12-15,US_MTN,"Denver, CO",8.257,2.4,0.0,21.2,0,1.996,1.75,1.488,6.26,0.65,-1.488,0,0,0,0,0,0,0,0,0,0,0,0,0,1,1,1,MILD,MILD: warmer_than_seasonal_reference with no adverse weather dimensions,RULE_BASED_UNWEIGHTED_WEATHER_DIMENSIONS,DERIVED_FROM_PUBLIC_WEATHER,PROJECT_ASSUMPTION
2025-12-22,US_MTN,"Denver, CO",8.7,0.0,1.26,20.7,0,0.554,2.025,5.425,8.146,-2.025,-4.165,0,0,0,0,0,0,0,0,0,0,0,0,0,1,1,1,MILD,MILD: warmer_than_seasonal_reference with no adverse weather dimensions,RULE_BASED_UNWEIGHTED_WEATHER_DIMENSIONS,DERIVED_FROM_PUBLIC_WEATHER,PROJECT_ASSUMPTION
2025-12-29,US_MTN,"Denver, CO",5.914,0.0,0.0,15.0,0,-1.625,0.15,3.5,7.539,-0.15,-3.5,0,0,0,0,0,0,0,0,0,0,0,0,0,1,1,1,MILD,MILD: warmer_than_seasonal_reference with no adverse weather dimensions,RULE_BASED_UNWEIGHTED_WEATHER_DIMENSIONS,DERIVED_FROM_PUBLIC_WEATHER,PROJECT_ASSUMPTION
2026-01-05,US_MTN,"Denver, CO",2.429,0.1,8.68,19.3,0,-2.104,0.025,4.322,4.533,0.075,4.358,0,0,0,0,0,0,0,0,0,0,0,0,0,1,1,1,MILD,MILD: warmer_than_seasonal_reference with no adverse weather dimensions,RULE_BASED_UNWEIGHTED_WEATHER_DIMENSIONS,DERIVED_FROM_PUBLIC_WEATHER,PROJECT_ASSUMPTION
2026-01-12,US_MTN,"Denver, CO",3.4,0.0,0.14,29.1,0,-3.879,0.0,5.46,7.279,0.0,-5.32,0,0,0,0,0,0,0,0,0,0,0,0,0,1,1,1,MILD,MILD: warmer_than_seasonal_reference with no adverse weather dimensions,RULE_BASED_UNWEIGHTED_WEATHER_DIMENSIONS,DERIVED_FROM_PUBLIC_WEATHER,PROJECT_ASSUMPTION
2026-01-19,US_MTN,"Denver, CO",-4.886,0.0,4.06,27.5,0,-2.746,0.075,4.252,-2.14,-0.075,-0.192,0,0,1,0,0,0,1,0,0,0,0,1,0,0,1,1,NORMAL,NORMAL: isolated adverse dimension without severe compound conditions | colder_than_normal,RULE_BASED_UNWEIGHTED_WEATHER_DIMENSIONS,DERIVED_FROM_PUBLIC_WEATHER,PROJECT_ASSUMPTION
2026-01-26,US_MTN,"Denver, CO",1.486,0.0,0.0,19.1,0,-1.189,2.225,6.37,2.675,-2.225,-6.37,0,0,0,0,0,0,0,0,0,0,0,0,0,1,1,1,MILD,MILD: warmer_than_seasonal_reference with no adverse weather dimensions,RULE_BASED_UNWEIGHTED_WEATHER_DIMENSIONS,DERIVED_FROM_PUBLIC_WEATHER,PROJECT_ASSUMPTION
2026-02-02,US_MTN,"Denver, CO",6.457,0.6,0.0,16.0,0,0.986,1.85,3.728,5.471,-1.25,-3.728,0,0,0,0,0,0,0,0,0,0,0,0,0,1,1,1,MILD,MILD: warmer_than_seasonal_reference with no adverse weather dimensions,RULE_BASED_UNWEIGHTED_WEATHER_DIMENSIONS,DERIVED_FROM_PUBLIC_WEATHER,PROJECT_ASSUMPTION
2026-02-09,US_MTN,"Denver, CO",7.1,5.3,0.0,19.6,0,-1.986,0.725,5.898,9.086,4.575,-5.898,0,0,0,0,0,0,0,0,0,0,0,0,0,1,1,1,MILD,MILD: warmer_than_seasonal_reference with no adverse weather dimensions,RULE_BASED_UNWEIGHTED_WEATHER_DIMENSIONS,DERIVED_FROM_PUBLIC_WEATHER,PROJECT_ASSUMPTION
2026-02-16,US_MTN,"Denver, CO",2.329,0.9,1.82,27.5,0,-1.921,0.825,3.867,4.25,0.075,-2.047,0,0,0,0,0,0,0,0,0,0,0,0,0,1,1,1,MILD,MILD: warmer_than_seasonal_reference with no adverse weather dimensions,RULE_BASED_UNWEIGHTED_WEATHER_DIMENSIONS,DERIVED_FROM_PUBLIC_WEATHER,PROJECT_ASSUMPTION
2026-02-23,US_MTN,"Denver, CO",10.943,0.0,0.0,28.2,0,4.728,1.875,2.782,6.214,-1.875,-2.782,0,0,0,0,0,0,0,0,0,0,0,0,0,1,1,1,MILD,MILD: warmer_than_seasonal_reference with no adverse weather dimensions,RULE_BASED_UNWEIGHTED_WEATHER_DIMENSIONS,DERIVED_FROM_PUBLIC_WEATHER,PROJECT_ASSUMPTION
2026-03-02,US_MTN,"Denver, CO",6.629,5.3,7.28,20.9,0,1.811,2.475,2.8,4.818,2.825,4.48,0,0,0,0,0,0,0,0,0,0,0,0,0,1,1,1,MILD,MILD: warmer_than_seasonal_reference with no adverse weather dimensions,RULE_BASED_UNWEIGHTED_WEATHER_DIMENSIONS,DERIVED_FROM_PUBLIC_WEATHER,PROJECT_ASSUMPTION
2026-03-09,US_MTN,"Denver, CO",8.971,3.2,3.43,30.6,2,5.025,4.975,12.232,3.946,-1.775,-8.802,0,0,0,0,1,0,0,0,0,1,0,1,0,0,1,1,NORMAL,NORMAL: isolated adverse dimension without severe compound conditions | wet_cold_compound,RULE_BASED_UNWEIGHTED_WEATHER_DIMENSIONS,DERIVED_FROM_PUBLIC_WEATHER,PROJECT_ASSUMPTION
2026-03-16,US_MTN,"Denver, CO",13.814,0.0,0.0,17.4,0,5.986,3.475,2.065,7.828,-3.475,-2.065,0,0,0,0,0,0,0,0,0,0,0,0,0,1,1,1,MILD,MILD: warmer_than_seasonal_reference with no adverse weather dimensions,RULE_BASED_UNWEIGHTED_WEATHER_DIMENSIONS,DERIVED_FROM_PUBLIC_WEATHER,PROJECT_ASSUMPTION
2026-03-23,US_MTN,"Denver, CO",15.714,0.3,0.0,27.1,0,7.55,9.55,1.348,8.164,-9.25,-1.348,0,0,0,0,0,0,0,0,0,0,0,0,0,1,1,1,MILD,MILD: warmer_than_seasonal_reference with no adverse weather dimensions,RULE_BASED_UNWEIGHTED_WEATHER_DIMENSIONS,DERIVED_FROM_PUBLIC_WEATHER,PROJECT_ASSUMPTION
2026-03-30,US_MTN,"Denver, CO",10.771,12.1,0.0,24.8,0,6.972,7.525,2.642,3.8,4.575,-2.642,0,0,0,0,0,0,0,0,0,0,0,0,0,1,1,1,MILD,MILD: warmer_than_seasonal_reference with no adverse weather dimensions,RULE_BASED_UNWEIGHTED_WEATHER_DIMENSIONS,DERIVED_FROM_PUBLIC_WEATHER,PROJECT_ASSUMPTION
2026-04-06,US_MTN,"Denver, CO",13.4,1.5,0.0,23.1,0,10.893,3.775,0.805,2.507,-2.275,-0.805,0,0,0,0,0,0,0,0,0,0,0,0,0,1,1,1,MILD,MILD: warmer_than_seasonal_reference with no adverse weather dimensions,RULE_BASED_UNWEIGHTED_WEATHER_DIMENSIONS,DERIVED_FROM_PUBLIC_WEATHER,PROJECT_ASSUMPTION
2026-04-13,US_MTN,"Denver, CO",10.657,2.6,2.38,25.6,0,8.979,4.275,4.672,1.678,-1.675,-2.293,0,0,0,0,0,0,0,0,0,0,0,0,0,0,1,1,NORMAL,NORMAL: no material adverse or mild scenario trigger,RULE_BASED_UNWEIGHTED_WEATHER_DIMENSIONS,DERIVED_FROM_PUBLIC_WEATHER,PROJECT_ASSUMPTION
2026-04-20,US_MTN,"Denver, CO",13.486,8.5,0.0,31.1,0,11.814,16.375,1.908,1.672,-7.875,-1.908,0,0,0,0,0,0,0,0,0,0,0,0,0,0,1,1,NORMAL,NORMAL: no material adverse or mild scenario trigger,RULE_BASED_UNWEIGHTED_WEATHER_DIMENSIONS,DERIVED_FROM_PUBLIC_WEATHER,PROJECT_ASSUMPTION
2026-04-27,US_MTN,"Denver, CO",9.329,33.1,0.28,15.7,0,13.018,11.05,0.245,-3.689,22.05,0.035,0,0,0,0,0,0,1,1,0,0,0,2,0,0,1,1,SEVERE,"SEVERE: colder_than_normal, wetter_than_normal",RULE_BASED_UNWEIGHTED_WEATHER_DIMENSIONS,DERIVED_FROM_PUBLIC_WEATHER,PROJECT_ASSUMPTION
2026-05-04,US_MTN,"Denver, CO",10.1,19.1,12.53,30.9,1,13.507,31.425,0.0,-3.407,-12.325,12.53,0,0,0,0,0,0,1,0,1,0,0,2,0,0,1,1,SEVERE,"SEVERE: colder_than_normal, snowier_than_normal",RULE_BASED_UNWEIGHTED_WEATHER_DIMENSIONS,DERIVED_FROM_PUBLIC_WEATHER,PROJECT_ASSUMPTION
2026-05-11,US_MTN,"Denver, CO",18.786,5.1,0.0,21.3,0,15.222,11.325,3.885,3.565,-6.225,-3.885,0,0,0,0,0,0,0,0,0,0,0,0,0,1,1,1,MILD,MILD: warmer_than_seasonal_reference with no adverse weather dimensions,RULE_BASED_UNWEIGHTED_WEATHER_DIMENSIONS,DERIVED_FROM_PUBLIC_WEATHER,PROJECT_ASSUMPTION
2026-05-18,US_MTN,"Denver, CO",11.486,29.1,0.42,18.9,0,15.329,14.825,0.0,-3.843,14.275,0.42,0,0,0,0,0,0,1,0,0,0,0,1,0,0,1,1,NORMAL,NORMAL: isolated adverse dimension without severe compound conditions | colder_than_normal,RULE_BASED_UNWEIGHTED_WEATHER_DIMENSIONS,DERIVED_FROM_PUBLIC_WEATHER,PROJECT_ASSUMPTION
2026-05-25,US_MTN,"Denver, CO",18.329,10.5,0.0,24.5,0,16.432,18.4,0.035,1.897,-7.9,-0.035,0,0,0,0,0,0,0,0,0,0,0,0,0,0,1,1,NORMAL,NORMAL: no material adverse or mild scenario trigger,RULE_BASED_UNWEIGHTED_WEATHER_DIMENSIONS,DERIVED_FROM_PUBLIC_WEATHER,PROJECT_ASSUMPTION
2026-06-01,US_MTN,"Denver, CO",21.157,9.2,0.0,22.4,0,19.396,20.5,0.0,1.761,-11.3,0.0,0,0,0,0,0,0,0,0,0,0,0,0,0,0,1,1,NORMAL,NORMAL: no material adverse or mild scenario trigger,RULE_BASED_UNWEIGHTED_WEATHER_DIMENSIONS,DERIVED_FROM_PUBLIC_WEATHER,PROJECT_ASSUMPTION
2026-06-08,US_MTN,"Denver, CO",20.529,5.0,0.0,21.3,0,21.45,14.725,0.0,-0.921,-9.725,0.0,0,0,0,0,0,0,0,0,0,0,0,0,0,0,1,1,NORMAL,NORMAL: no material adverse or mild scenario trigger,RULE_BASED_UNWEIGHTED_WEATHER_DIMENSIONS,DERIVED_FROM_PUBLIC_WEATHER,PROJECT_ASSUMPTION
2026-06-15,US_MTN,"Denver, CO",22.614,3.3,0.0,28.4,0,21.904,5.175,0.0,0.71,-1.875,0.0,0,0,0,0,0,0,0,0,0,0,0,0,0,0,1,1,NORMAL,NORMAL: no material adverse or mild scenario trigger,RULE_BASED_UNWEIGHTED_WEATHER_DIMENSIONS,DERIVED_FROM_PUBLIC_WEATHER,PROJECT_ASSUMPTION
2026-06-22,US_MTN,"Denver, CO",22.371,24.0,0.0,23.1,0,22.579,10.35,0.0,-0.208,13.65,0.0,0,0,0,0,0,0,0,0,0,0,0,0,0,0,1,1,NORMAL,NORMAL: no material adverse or mild scenario trigger,RULE_BASED_UNWEIGHTED_WEATHER_DIMENSIONS,DERIVED_FROM_PUBLIC_WEATHER,PROJECT_ASSUMPTION
2021-07-05,US_NE,"New York, NY",25.214,33.2,0.0,25.6,0,,,,,,,0,0,0,0,0,0,0,0,0,0,0,0,0,0,0,0,REFERENCE_UNAVAILABLE,No prior-year seasonal weather reference available,RULE_BASED_UNWEIGHTED_WEATHER_DIMENSIONS,DERIVED_FROM_PUBLIC_WEATHER,PROJECT_ASSUMPTION
2021-07-12,US_NE,"New York, NY",25.9,39.0,0.0,17.1,0,,,,,,,0,0,0,0,0,0,0,0,0,0,0,0,0,0,0,0,REFERENCE_UNAVAILABLE,No prior-year seasonal weather reference available,RULE_BASED_UNWEIGHTED_WEATHER_DIMENSIONS,DERIVED_FROM_PUBLIC_WEATHER,PROJECT_ASSUMPTION
2021-07-19,US_NE,"New York, NY",24.586,5.4,0.0,19.6,0,,,,,,,0,0,0,0,0,0,0,0,0,0,0,0,0,0,0,0,REFERENCE_UNAVAILABLE,No prior-year seasonal weather reference available,RULE_BASED_UNWEIGHTED_WEATHER_DIMENSIONS,DERIVED_FROM_PUBLIC_WEATHER,PROJECT_ASSUMPTION
2021-07-26,US_NE,"New York, NY",23.971,12.6,0.0,21.4,0,,,,,,,0,0,0,0,0,0,0,0,0,0,0,0,0,0,0,0,REFERENCE_UNAVAILABLE,No prior-year seasonal weather reference available,RULE_BASED_UNWEIGHTED_WEATHER_DIMENSIONS,DERIVED_FROM_PUBLIC_WEATHER,PROJECT_ASSUMPTION
2021-08-02,US_NE,"New York, NY",23.0,1.5,0.0,17.4,0,,,,,,,0,0,0,0,0,0,0,0,0,0,0,0,0,0,0,0,REFERENCE_UNAVAILABLE,No prior-year seasonal weather reference available,RULE_BASED_UNWEIGHTED_WEATHER_DIMENSIONS,DERIVED_FROM_PUBLIC_WEATHER,PROJECT_ASSUMPTION
2021-08-09,US_NE,"New York, NY",26.2,9.2,0.0,18.4,0,,,,,,,0,0,0,0,0,0,0,0,0,0,0,0,0,0,0,0,REFERENCE_UNAVAILABLE,No prior-year seasonal weather reference available,RULE_BASED_UNWEIGHTED_WEATHER_DIMENSIONS,DERIVED_FROM_PUBLIC_WEATHER,PROJECT_ASSUMPTION
2021-08-16,US_NE,"New York, NY",24.957,99.5,0.0,21.8,0,,,,,,,1,0,0,0,0,0,0,1,0,0,0,1,0,0,0,0,REFERENCE_UNAVAILABLE,No prior-year seasonal weather reference available,RULE_BASED_UNWEIGHTED_WEATHER_DIMENSIONS,DERIVED_FROM_PUBLIC_WEATHER,PROJECT_ASSUMPTION
2021-08-23,US_NE,"New York, NY",25.614,65.1,0.0,20.8,0,,,,,,,1,0,0,0,0,0,0,1,0,0,0,1,0,0,0,0,REFERENCE_UNAVAILABLE,No prior-year seasonal weather reference available,RULE_BASED_UNWEIGHTED_WEATHER_DIMENSIONS,DERIVED_FROM_PUBLIC_WEATHER,PROJECT_ASSUMPTION
2021-08-30,US_NE,"New York, NY",22.257,72.8,0.0,30.8,0,,,,,,,1,0,0,0,0,0,0,1,0,0,0,1,0,0,0,0,REFERENCE_UNAVAILABLE,No prior-year seasonal weather reference available,RULE_BASED_UNWEIGHTED_WEATHER_DIMENSIONS,DERIVED_FROM_PUBLIC_WEATHER,PROJECT_ASSUMPTION
2021-09-06,US_NE,"New York, NY",22.214,18.5,0.0,22.7,0,,,,,,,0,0,0,0,0,0,0,0,0,0,0,0,0,0,0,0,REFERENCE_UNAVAILABLE,No prior-year seasonal weather reference available,RULE_BASED_UNWEIGHTED_WEATHER_DIMENSIONS,DERIVED_FROM_PUBLIC_WEATHER,PROJECT_ASSUMPTION
2021-09-13,US_NE,"New York, NY",23.243,3.6,0.0,18.6,0,,,,,,,0,0,0,0,0,0,0,0,0,0,0,0,0,0,0,0,REFERENCE_UNAVAILABLE,No prior-year seasonal weather reference available,RULE_BASED_UNWEIGHTED_WEATHER_DIMENSIONS,DERIVED_FROM_PUBLIC_WEATHER,PROJECT_ASSUMPTION
2021-09-20,US_NE,"New York, NY",20.8,35.5,0.0,27.2,0,,,,,,,0,0,0,0,0,0,0,0,0,0,0,0,0,0,0,0,REFERENCE_UNAVAILABLE,No prior-year seasonal weather reference available,RULE_BASED_UNWEIGHTED_WEATHER_DIMENSIONS,DERIVED_FROM_PUBLIC_WEATHER,PROJECT_ASSUMPTION
2021-09-27,US_NE,"New York, NY",17.9,4.1,0.0,20.9,0,,,,,,,0,0,0,0,0,0,0,0,0,0,0,0,0,0,0,0,REFERENCE_UNAVAILABLE,No prior-year seasonal weather reference available,RULE_BASED_UNWEIGHTED_WEATHER_DIMENSIONS,DERIVED_FROM_PUBLIC_WEATHER,PROJECT_ASSUMPTION
2021-10-04,US_NE,"New York, NY",18.4,13.4,0.0,20.6,0,,,,,,,0,0,0,0,0,0,0,0,0,0,0,0,0,0,0,0,REFERENCE_UNAVAILABLE,No prior-year seasonal weather reference available,RULE_BASED_UNWEIGHTED_WEATHER_DIMENSIONS,DERIVED_FROM_PUBLIC_WEATHER,PROJECT_ASSUMPTION
2021-10-11,US_NE,"New York, NY",18.514,10.9,0.0,23.8,0,,,,,,,0,0,0,0,0,0,0,0,0,0,0,0,0,0,0,0,REFERENCE_UNAVAILABLE,No prior-year seasonal weather reference available,RULE_BASED_UNWEIGHTED_WEATHER_DIMENSIONS,DERIVED_FROM_PUBLIC_WEATHER,PROJECT_ASSUMPTION
2021-10-18,US_NE,"New York, NY",14.957,0.6,0.0,25.7,0,,,,,,,0,0,0,0,0,0,0,0,0,0,0,0,0,0,0,0,REFERENCE_UNAVAILABLE,No prior-year seasonal weather reference available,RULE_BASED_UNWEIGHTED_WEATHER_DIMENSIONS,DERIVED_FROM_PUBLIC_WEATHER,PROJECT_ASSUMPTION
2021-10-25,US_NE,"New York, NY",14.571,130.0,0.0,32.7,0,,,,,,,1,0,0,0,0,0,0,1,0,0,0,1,0,0,0,0,REFERENCE_UNAVAILABLE,No prior-year seasonal weather reference available,RULE_BASED_UNWEIGHTED_WEATHER_DIMENSIONS,DERIVED_FROM_PUBLIC_WEATHER,PROJECT_ASSUMPTION
2021-11-01,US_NE,"New York, NY",8.571,0.0,0.0,17.1,0,,,,,,,0,0,0,0,0,0,0,0,0,0,0,0,0,0,0,0,REFERENCE_UNAVAILABLE,No prior-year seasonal weather reference available,RULE_BASED_UNWEIGHTED_WEATHER_DIMENSIONS,DERIVED_FROM_PUBLIC_WEATHER,PROJECT_ASSUMPTION
2021-11-08,US_NE,"New York, NY",11.186,24.1,0.0,32.1,0,,,,,,,0,0,0,0,0,0,0,0,0,0,0,0,0,0,0,0,REFERENCE_UNAVAILABLE,No prior-year seasonal weather reference available,RULE_BASED_UNWEIGHTED_WEATHER_DIMENSIONS,DERIVED_FROM_PUBLIC_WEATHER,PROJECT_ASSUMPTION
2021-11-15,US_NE,"New York, NY",7.714,6.5,0.0,25.4,0,,,,,,,0,0,0,0,0,0,0,0,0,0,0,0,0,0,0,0,REFERENCE_UNAVAILABLE,No prior-year seasonal weather reference available,RULE_BASED_UNWEIGHTED_WEATHER_DIMENSIONS,DERIVED_FROM_PUBLIC_WEATHER,PROJECT_ASSUMPTION
2021-11-22,US_NE,"New York, NY",4.786,6.3,0.63,26.2,0,,,,,,,0,0,0,0,0,0,0,0,0,0,0,0,0,0,0,0,REFERENCE_UNAVAILABLE,No prior-year seasonal weather reference available,RULE_BASED_UNWEIGHTED_WEATHER_DIMENSIONS,DERIVED_FROM_PUBLIC_WEATHER,PROJECT_ASSUMPTION
2021-11-29,US_NE,"New York, NY",5.3,1.0,0.0,22.9,0,,,,,,,0,0,0,0,0,0,0,0,0,0,0,0,0,0,0,0,REFERENCE_UNAVAILABLE,No prior-year seasonal weather reference available,RULE_BASED_UNWEIGHTED_WEATHER_DIMENSIONS,DERIVED_FROM_PUBLIC_WEATHER,PROJECT_ASSUMPTION
2021-12-06,US_NE,"New York, NY",6.414,12.5,0.21,28.6,0,,,,,,,0,0,0,0,0,0,0,0,0,0,0,0,0,0,0,0,REFERENCE_UNAVAILABLE,No prior-year seasonal weather reference available,RULE_BASED_UNWEIGHTED_WEATHER_DIMENSIONS,DERIVED_FROM_PUBLIC_WEATHER,PROJECT_ASSUMPTION
2021-12-13,US_NE,"New York, NY",7.771,5.1,0.0,22.1,1,,,,,,,0,0,0,0,0,0,0,0,0,0,0,0,0,0,0,0,REFERENCE_UNAVAILABLE,No prior-year seasonal weather reference available,RULE_BASED_UNWEIGHTED_WEATHER_DIMENSIONS,DERIVED_FROM_PUBLIC_WEATHER,PROJECT_ASSUMPTION
2021-12-20,US_NE,"New York, NY",2.986,13.9,0.84,23.3,1,,,,,,,0,0,0,0,0,0,0,0,0,0,0,0,0,0,0,0,REFERENCE_UNAVAILABLE,No prior-year seasonal weather reference available,RULE_BASED_UNWEIGHTED_WEATHER_DIMENSIONS,DERIVED_FROM_PUBLIC_WEATHER,PROJECT_ASSUMPTION
2021-12-27,US_NE,"New York, NY",6.971,36.2,0.0,19.4,1,,,,,,,0,0,0,0,0,0,0,0,0,0,0,0,0,0,0,0,REFERENCE_UNAVAILABLE,No prior-year seasonal weather reference available,RULE_BASED_UNWEIGHTED_WEATHER_DIMENSIONS,DERIVED_FROM_PUBLIC_WEATHER,PROJECT_ASSUMPTION
2022-01-03,US_NE,"New York, NY",-0.643,6.3,8.33,25.8,2,,,,,,,0,0,1,0,1,0,0,0,0,1,0,1,0,0,0,0,REFERENCE_UNAVAILABLE,No prior-year seasonal weather reference available,RULE_BASED_UNWEIGHTED_WEATHER_DIMENSIONS,DERIVED_FROM_PUBLIC_WEATHER,PROJECT_ASSUMPTION
2022-01-10,US_NE,"New York, NY",-3.071,2.2,0.56,25.5,1,,,,,,,0,0,1,0,0,0,0,0,0,0,0,0,0,0,0,0,REFERENCE_UNAVAILABLE,No prior-year seasonal weather reference available,RULE_BASED_UNWEIGHTED_WEATHER_DIMENSIONS,DERIVED_FROM_PUBLIC_WEATHER,PROJECT_ASSUMPTION
2022-01-17,US_NE,"New York, NY",-1.214,33.7,2.24,38.0,2,,,,,,,0,0,1,0,1,0,0,0,0,1,0,1,0,0,0,0,REFERENCE_UNAVAILABLE,No prior-year seasonal weather reference available,RULE_BASED_UNWEIGHTED_WEATHER_DIMENSIONS,DERIVED_FROM_PUBLIC_WEATHER,PROJECT_ASSUMPTION
2022-01-24,US_NE,"New York, NY",-3.7,0.0,14.77,31.2,0,,,,,,,0,0,1,0,0,0,0,0,0,0,0,0,0,0,0,0,REFERENCE_UNAVAILABLE,No prior-year seasonal weather reference available,RULE_BASED_UNWEIGHTED_WEATHER_DIMENSIONS,DERIVED_FROM_PUBLIC_WEATHER,PROJECT_ASSUMPTION
2022-01-31,US_NE,"New York, NY",-1.657,32.7,0.0,24.5,2,,,,,,,0,0,1,0,1,0,0,0,0,1,0,1,0,0,0,0,REFERENCE_UNAVAILABLE,No prior-year seasonal weather reference available,RULE_BASED_UNWEIGHTED_WEATHER_DIMENSIONS,DERIVED_FROM_PUBLIC_WEATHER,PROJECT_ASSUMPTION
2022-02-07,US_NE,"New York, NY",3.086,5.3,2.8,21.6,2,,,,,,,0,0,0,0,1,0,0,0,0,1,0,1,0,0,0,0,REFERENCE_UNAVAILABLE,No prior-year seasonal weather reference available,RULE_BASED_UNWEIGHTED_WEATHER_DIMENSIONS,DERIVED_FROM_PUBLIC_WEATHER,PROJECT_ASSUMPTION
2022-02-14,US_NE,"New York, NY",0.543,12.3,0.0,37.6,0,,,,,,,0,0,0,0,0,0,0,0,0,0,0,0,0,0,0,0,REFERENCE_UNAVAILABLE,No prior-year seasonal weather reference available,RULE_BASED_UNWEIGHTED_WEATHER_DIMENSIONS,DERIVED_FROM_PUBLIC_WEATHER,PROJECT_ASSUMPTION
2022-02-21,US_NE,"New York, NY",3.786,31.8,0.7,31.8,1,,,,,,,0,0,0,0,0,0,0,0,0,0,0,0,0,0,0,0,REFERENCE_UNAVAILABLE,No prior-year seasonal weather reference available,RULE_BASED_UNWEIGHTED_WEATHER_DIMENSIONS,DERIVED_FROM_PUBLIC_WEATHER,PROJECT_ASSUMPTION
2022-02-28,US_NE,"New York, NY",3.657,7.7,0.0,23.7,1,,,,,,,0,0,0,0,0,0,0,0,0,0,0,0,0,0,0,0,REFERENCE_UNAVAILABLE,No prior-year seasonal weather reference available,RULE_BASED_UNWEIGHTED_WEATHER_DIMENSIONS,DERIVED_FROM_PUBLIC_WEATHER,PROJECT_ASSUMPTION
2022-03-07,US_NE,"New York, NY",5.186,17.2,11.9,35.1,2,,,,,,,0,0,0,0,1,0,0,0,0,1,0,1,0,0,0,0,REFERENCE_UNAVAILABLE,No prior-year seasonal weather reference available,RULE_BASED_UNWEIGHTED_WEATHER_DIMENSIONS,DERIVED_FROM_PUBLIC_WEATHER,PROJECT_ASSUMPTION
2022-03-14,US_NE,"New York, NY",10.629,6.8,0.0,23.2,0,,,,,,,0,0,0,0,0,0,0,0,0,0,0,0,0,0,0,0,REFERENCE_UNAVAILABLE,No prior-year seasonal weather reference available,RULE_BASED_UNWEIGHTED_WEATHER_DIMENSIONS,DERIVED_FROM_PUBLIC_WEATHER,PROJECT_ASSUMPTION
2022-03-21,US_NE,"New York, NY",8.1,30.1,0.21,27.2,0,,,,,,,0,0,0,0,0,0,0,0,0,0,0,0,0,0,0,0,REFERENCE_UNAVAILABLE,No prior-year seasonal weather reference available,RULE_BASED_UNWEIGHTED_WEATHER_DIMENSIONS,DERIVED_FROM_PUBLIC_WEATHER,PROJECT_ASSUMPTION
2022-03-28,US_NE,"New York, NY",5.529,24.3,0.0,30.7,0,,,,,,,0,0,0,0,0,0,0,0,0,0,0,0,0,0,0,0,REFERENCE_UNAVAILABLE,No prior-year seasonal weather reference available,RULE_BASED_UNWEIGHTED_WEATHER_DIMENSIONS,DERIVED_FROM_PUBLIC_WEATHER,PROJECT_ASSUMPTION
2022-04-04,US_NE,"New York, NY",9.386,56.4,0.0,27.5,0,,,,,,,1,0,0,0,0,0,0,1,0,0,0,1,0,0,0,0,REFERENCE_UNAVAILABLE,No prior-year seasonal weather reference available,RULE_BASED_UNWEIGHTED_WEATHER_DIMENSIONS,DERIVED_FROM_PUBLIC_WEATHER,PROJECT_ASSUMPTION
2022-04-11,US_NE,"New York, NY",13.429,7.3,0.0,27.0,0,,,,,,,0,0,0,0,0,0,0,0,0,0,0,0,0,0,0,0,REFERENCE_UNAVAILABLE,No prior-year seasonal weather reference available,RULE_BASED_UNWEIGHTED_WEATHER_DIMENSIONS,DERIVED_FROM_PUBLIC_WEATHER,PROJECT_ASSUMPTION
2022-04-18,US_NE,"New York, NY",10.771,35.1,0.0,32.8,0,,,,,,,0,0,0,0,0,0,0,0,0,0,0,0,0,0,0,0,REFERENCE_UNAVAILABLE,No prior-year seasonal weather reference available,RULE_BASED_UNWEIGHTED_WEATHER_DIMENSIONS,DERIVED_FROM_PUBLIC_WEATHER,PROJECT_ASSUMPTION
2022-04-25,US_NE,"New York, NY",11.471,2.8,0.0,29.3,0,,,,,,,0,0,0,0,0,0,0,0,0,0,0,0,0,0,0,0,REFERENCE_UNAVAILABLE,No prior-year seasonal weather reference available,RULE_BASED_UNWEIGHTED_WEATHER_DIMENSIONS,DERIVED_FROM_PUBLIC_WEATHER,PROJECT_ASSUMPTION
2022-05-02,US_NE,"New York, NY",12.743,58.9,0.0,26.7,0,,,,,,,1,0,0,0,0,0,0,1,0,0,0,1,0,0,0,0,REFERENCE_UNAVAILABLE,No prior-year seasonal weather reference available,RULE_BASED_UNWEIGHTED_WEATHER_DIMENSIONS,DERIVED_FROM_PUBLIC_WEATHER,PROJECT_ASSUMPTION
2022-05-09,US_NE,"New York, NY",16.729,10.3,0.0,22.6,0,,,,,,,0,0,0,0,0,0,0,0,0,0,0,0,0,0,0,0,REFERENCE_UNAVAILABLE,No prior-year seasonal weather reference available,RULE_BASED_UNWEIGHTED_WEATHER_DIMENSIONS,DERIVED_FROM_PUBLIC_WEATHER,PROJECT_ASSUMPTION
2022-05-16,US_NE,"New York, NY",19.386,26.2,0.0,27.2,0,,,,,,,0,0,0,0,0,0,0,0,0,0,0,0,0,0,0,0,REFERENCE_UNAVAILABLE,No prior-year seasonal weather reference available,RULE_BASED_UNWEIGHTED_WEATHER_DIMENSIONS,DERIVED_FROM_PUBLIC_WEATHER,PROJECT_ASSUMPTION
2022-05-23,US_NE,"New York, NY",18.943,18.9,0.0,21.1,0,,,,,,,0,0,0,0,0,0,0,0,0,0,0,0,0,0,0,0,REFERENCE_UNAVAILABLE,No prior-year seasonal weather reference available,RULE_BASED_UNWEIGHTED_WEATHER_DIMENSIONS,DERIVED_FROM_PUBLIC_WEATHER,PROJECT_ASSUMPTION
2022-05-30,US_NE,"New York, NY",21.957,11.2,0.0,15.7,0,,,,,,,0,0,0,0,0,0,0,0,0,0,0,0,0,0,0,0,REFERENCE_UNAVAILABLE,No prior-year seasonal weather reference available,RULE_BASED_UNWEIGHTED_WEATHER_DIMENSIONS,DERIVED_FROM_PUBLIC_WEATHER,PROJECT_ASSUMPTION
2022-06-06,US_NE,"New York, NY",21.986,27.2,0.0,25.4,0,,,,,,,0,0,0,0,0,0,0,0,0,0,0,0,0,0,0,0,REFERENCE_UNAVAILABLE,No prior-year seasonal weather reference available,RULE_BASED_UNWEIGHTED_WEATHER_DIMENSIONS,DERIVED_FROM_PUBLIC_WEATHER,PROJECT_ASSUMPTION
2022-06-13,US_NE,"New York, NY",22.071,2.8,0.0,27.3,0,,,,,,,0,0,0,0,0,0,0,0,0,0,0,0,0,0,0,0,REFERENCE_UNAVAILABLE,No prior-year seasonal weather reference available,RULE_BASED_UNWEIGHTED_WEATHER_DIMENSIONS,DERIVED_FROM_PUBLIC_WEATHER,PROJECT_ASSUMPTION
2022-06-20,US_NE,"New York, NY",22.0,3.1,0.0,18.9,0,,,,,,,0,0,0,0,0,0,0,0,0,0,0,0,0,0,0,0,REFERENCE_UNAVAILABLE,No prior-year seasonal weather reference available,RULE_BASED_UNWEIGHTED_WEATHER_DIMENSIONS,DERIVED_FROM_PUBLIC_WEATHER,PROJECT_ASSUMPTION
2022-06-27,US_NE,"New York, NY",25.057,14.1,0.0,19.8,0,,,,,,,0,0,0,0,0,0,0,0,0,0,0,0,0,0,0,0,REFERENCE_UNAVAILABLE,No prior-year seasonal weather reference available,RULE_BASED_UNWEIGHTED_WEATHER_DIMENSIONS,DERIVED_FROM_PUBLIC_WEATHER,PROJECT_ASSUMPTION
2022-07-04,US_NE,"New York, NY",24.643,5.0,0.0,21.0,0,25.214,33.2,0.0,-0.571,-28.2,0.0,0,0,0,0,0,0,0,0,0,0,0,0,0,0,1,1,NORMAL,NORMAL: no material adverse or mild scenario trigger,RULE_BASED_UNWEIGHTED_WEATHER_DIMENSIONS,DERIVED_FROM_PUBLIC_WEATHER,PROJECT_ASSUMPTION
2022-07-11,US_NE,"New York, NY",25.6,11.5,0.0,21.9,0,25.9,39.0,0.0,-0.3,-27.5,0.0,0,0,0,0,0,0,0,0,0,0,0,0,0,0,1,1,NORMAL,NORMAL: no material adverse or mild scenario trigger,RULE_BASED_UNWEIGHTED_WEATHER_DIMENSIONS,DERIVED_FROM_PUBLIC_WEATHER,PROJECT_ASSUMPTION
2022-07-18,US_NE,"New York, NY",28.9,16.4,0.0,18.9,0,24.586,5.4,0.0,4.314,11.0,0.0,0,0,0,0,0,0,0,0,0,0,0,0,0,1,1,1,MILD,MILD: warmer_than_seasonal_reference with no adverse weather dimensions,RULE_BASED_UNWEIGHTED_WEATHER_DIMENSIONS,DERIVED_FROM_PUBLIC_WEATHER,PROJECT_ASSUMPTION
2022-07-25,US_NE,"New York, NY",26.343,7.8,0.0,20.4,0,23.971,12.6,0.0,2.372,-4.8,0.0,0,0,0,0,0,0,0,0,0,0,0,0,0,1,1,1,MILD,MILD: warmer_than_seasonal_reference with no adverse weather dimensions,RULE_BASED_UNWEIGHTED_WEATHER_DIMENSIONS,DERIVED_FROM_PUBLIC_WEATHER,PROJECT_ASSUMPTION
2022-08-01,US_NE,"New York, NY",27.086,13.7,0.0,21.3,0,23.0,1.5,0.0,4.086,12.2,0.0,0,0,0,0,0,0,0,0,0,0,0,0,0,1,1,1,MILD,MILD: warmer_than_seasonal_reference with no adverse weather dimensions,RULE_BASED_UNWEIGHTED_WEATHER_DIMENSIONS,DERIVED_FROM_PUBLIC_WEATHER,PROJECT_ASSUMPTION
2022-08-08,US_NE,"New York, NY",26.257,1.2,0.0,18.9,0,26.2,9.2,0.0,0.057,-8.0,0.0,0,0,0,0,0,0,0,0,0,0,0,0,0,0,1,1,NORMAL,NORMAL: no material adverse or mild scenario trigger,RULE_BASED_UNWEIGHTED_WEATHER_DIMENSIONS,DERIVED_FROM_PUBLIC_WEATHER,PROJECT_ASSUMPTION
2022-08-15,US_NE,"New York, NY",24.043,1.6,0.0,17.2,0,24.957,99.5,0.0,-0.914,-97.9,0.0,0,0,0,0,0,0,0,0,0,0,0,0,0,0,1,1,NORMAL,NORMAL: no material adverse or mild scenario trigger,RULE_BASED_UNWEIGHTED_WEATHER_DIMENSIONS,DERIVED_FROM_PUBLIC_WEATHER,PROJECT_ASSUMPTION
2022-08-22,US_NE,"New York, NY",25.586,28.9,0.0,16.0,0,25.614,65.1,0.0,-0.028,-36.2,0.0,0,0,0,0,0,0,0,0,0,0,0,0,0,0,1,1,NORMAL,NORMAL: no material adverse or mild scenario trigger,RULE_BASED_UNWEIGHTED_WEATHER_DIMENSIONS,DERIVED_FROM_PUBLIC_WEATHER,PROJECT_ASSUMPTION
2022-08-29,US_NE,"New York, NY",24.143,5.9,0.0,20.6,0,22.257,72.8,0.0,1.886,-66.9,0.0,0,0,0,0,0,0,0,0,0,0,0,0,0,0,1,1,NORMAL,NORMAL: no material adverse or mild scenario trigger,RULE_BASED_UNWEIGHTED_WEATHER_DIMENSIONS,DERIVED_FROM_PUBLIC_WEATHER,PROJECT_ASSUMPTION
2022-09-05,US_NE,"New York, NY",22.071,43.1,0.0,17.5,0,22.214,18.5,0.0,-0.143,24.6,0.0,0,0,0,0,0,0,0,1,0,0,0,1,0,0,1,1,NORMAL,NORMAL: isolated adverse dimension without severe compound conditions | wetter_than_normal,RULE_BASED_UNWEIGHTED_WEATHER_DIMENSIONS,DERIVED_FROM_PUBLIC_WEATHER,PROJECT_ASSUMPTION
2022-09-12,US_NE,"New York, NY",21.557,29.3,0.0,17.7,0,23.243,3.6,0.0,-1.686,25.7,0.0,0,0,0,0,0,0,0,1,0,0,0,1,0,0,1,1,NORMAL,NORMAL: isolated adverse dimension without severe compound conditions | wetter_than_normal,RULE_BASED_UNWEIGHTED_WEATHER_DIMENSIONS,DERIVED_FROM_PUBLIC_WEATHER,PROJECT_ASSUMPTION
2022-09-19,US_NE,"New York, NY",19.043,15.4,0.0,26.5,0,20.8,35.5,0.0,-1.757,-20.1,0.0,0,0,0,0,0,0,0,0,0,0,0,0,0,0,1,1,NORMAL,NORMAL: no material adverse or mild scenario trigger,RULE_BASED_UNWEIGHTED_WEATHER_DIMENSIONS,DERIVED_FROM_PUBLIC_WEATHER,PROJECT_ASSUMPTION
2022-09-26,US_NE,"New York, NY",15.614,36.3,0.0,28.0,0,17.9,4.1,0.0,-2.286,32.2,0.0,0,0,0,0,0,0,1,1,0,0,0,2,0,0,1,1,SEVERE,"SEVERE: colder_than_normal, wetter_than_normal",RULE_BASED_UNWEIGHTED_WEATHER_DIMENSIONS,DERIVED_FROM_PUBLIC_WEATHER,PROJECT_ASSUMPTION
2022-10-03,US_NE,"New York, NY",13.2,58.3,0.0,24.7,0,18.4,13.4,0.0,-5.2,44.9,0.0,1,0,0,0,0,0,1,1,0,0,0,2,0,0,1,1,SEVERE,"SEVERE: colder_than_normal, wetter_than_normal",RULE_BASED_UNWEIGHTED_WEATHER_DIMENSIONS,DERIVED_FROM_PUBLIC_WEATHER,PROJECT_ASSUMPTION
2022-10-10,US_NE,"New York, NY",14.843,17.3,0.0,21.3,0,18.514,10.9,0.0,-3.671,6.4,0.0,0,0,0,0,0,0,1,0,0,0,0,1,0,0,1,1,NORMAL,NORMAL: isolated adverse dimension without severe compound conditions | colder_than_normal,RULE_BASED_UNWEIGHTED_WEATHER_DIMENSIONS,DERIVED_FROM_PUBLIC_WEATHER,PROJECT_ASSUMPTION
2022-10-17,US_NE,"New York, NY",11.657,4.3,0.0,21.5,0,14.957,0.6,0.0,-3.3,3.7,0.0,0,0,0,0,0,0,1,0,0,0,0,1,0,0,1,1,NORMAL,NORMAL: isolated adverse dimension without severe compound conditions | colder_than_normal,RULE_BASED_UNWEIGHTED_WEATHER_DIMENSIONS,DERIVED_FROM_PUBLIC_WEATHER,PROJECT_ASSUMPTION
2022-10-24,US_NE,"New York, NY",13.829,12.8,0.0,19.8,0,14.571,130.0,0.0,-0.742,-117.2,0.0,0,0,0,0,0,0,0,0,0,0,0,0,0,0,1,1,NORMAL,NORMAL: no material adverse or mild scenario trigger,RULE_BASED_UNWEIGHTED_WEATHER_DIMENSIONS,DERIVED_FROM_PUBLIC_WEATHER,PROJECT_ASSUMPTION
2022-10-31,US_NE,"New York, NY",15.843,17.9,0.0,17.4,0,8.571,0.0,0.0,7.272,17.9,0.0,0,0,0,0,0,0,0,0,0,0,0,0,0,1,1,1,MILD,MILD: warmer_than_seasonal_reference with no adverse weather dimensions,RULE_BASED_UNWEIGHTED_WEATHER_DIMENSIONS,DERIVED_FROM_PUBLIC_WEATHER,PROJECT_ASSUMPTION
2022-11-07,US_NE,"New York, NY",14.171,20.7,0.0,26.5,0,11.186,24.1,0.0,2.985,-3.4,0.0,0,0,0,0,0,0,0,0,0,0,0,0,0,1,1,1,MILD,MILD: warmer_than_seasonal_reference with no adverse weather dimensions,RULE_BASED_UNWEIGHTED_WEATHER_DIMENSIONS,DERIVED_FROM_PUBLIC_WEATHER,PROJECT_ASSUMPTION
2022-11-14,US_NE,"New York, NY",4.414,16.0,0.0,28.4,1,7.714,6.5,0.0,-3.3,9.5,0.0,0,0,0,0,0,0,1,0,0,0,0,1,0,0,1,1,NORMAL,NORMAL: isolated adverse dimension without severe compound conditions | colder_than_normal,RULE_BASED_UNWEIGHTED_WEATHER_DIMENSIONS,DERIVED_FROM_PUBLIC_WEATHER,PROJECT_ASSUMPTION
2022-11-21,US_NE,"New York, NY",6.2,14.1,0.0,24.3,0,4.786,6.3,0.63,1.414,7.8,-0.63,0,0,0,0,0,0,0,0,0,0,0,0,0,0,1,1,NORMAL,NORMAL: no material adverse or mild scenario trigger,RULE_BASED_UNWEIGHTED_WEATHER_DIMENSIONS,DERIVED_FROM_PUBLIC_WEATHER,PROJECT_ASSUMPTION
2022-11-28,US_NE,"New York, NY",6.429,26.4,0.0,31.9,0,5.3,1.0,0.0,1.129,25.4,0.0,0,0,0,0,0,0,0,1,0,0,0,1,0,0,1,1,NORMAL,NORMAL: isolated adverse dimension without severe compound conditions | wetter_than_normal,RULE_BASED_UNWEIGHTED_WEATHER_DIMENSIONS,DERIVED_FROM_PUBLIC_WEATHER,PROJECT_ASSUMPTION
2022-12-05,US_NE,"New York, NY",6.329,27.1,0.0,16.0,1,6.414,12.5,0.21,-0.085,14.6,-0.21,0,0,0,0,0,0,0,0,0,0,0,0,0,0,1,1,NORMAL,NORMAL: no material adverse or mild scenario trigger,RULE_BASED_UNWEIGHTED_WEATHER_DIMENSIONS,DERIVED_FROM_PUBLIC_WEATHER,PROJECT_ASSUMPTION
2022-12-12,US_NE,"New York, NY",2.729,28.3,0.49,32.2,1,7.771,5.1,0.0,-5.042,23.2,0.49,0,0,0,0,0,0,1,1,0,0,0,2,0,0,1,1,SEVERE,"SEVERE: colder_than_normal, wetter_than_normal",RULE_BASED_UNWEIGHTED_WEATHER_DIMENSIONS,DERIVED_FROM_PUBLIC_WEATHER,PROJECT_ASSUMPTION
2022-12-19,US_NE,"New York, NY",-0.957,29.3,0.21,35.2,2,2.986,13.9,0.84,-3.943,15.4,-0.63,0,0,1,0,1,0,1,0,0,1,0,2,0,0,1,1,SEVERE,"SEVERE: colder_than_normal, wet_cold_compound",RULE_BASED_UNWEIGHTED_WEATHER_DIMENSIONS,DERIVED_FROM_PUBLIC_WEATHER,PROJECT_ASSUMPTION
2022-12-26,US_NE,"New York, NY",2.943,7.1,0.0,15.6,0,6.971,36.2,0.0,-4.028,-29.1,0.0,0,0,0,0,0,0,1,0,0,0,0,1,0,0,1,1,NORMAL,NORMAL: isolated adverse dimension without severe compound conditions | colder_than_normal,RULE_BASED_UNWEIGHTED_WEATHER_DIMENSIONS,DERIVED_FROM_PUBLIC_WEATHER,PROJECT_ASSUMPTION
2023-01-02,US_NE,"New York, NY",7.214,22.6,0.0,13.5,0,-0.643,6.3,8.33,7.857,16.3,-8.33,0,0,0,0,0,0,0,0,0,0,0,0,0,1,1,1,MILD,MILD: warmer_than_seasonal_reference with no adverse weather dimensions,RULE_BASED_UNWEIGHTED_WEATHER_DIMENSIONS,DERIVED_FROM_PUBLIC_WEATHER,PROJECT_ASSUMPTION
2023-01-09,US_NE,"New York, NY",3.729,16.9,0.0,24.5,1,-3.071,2.2,0.56,6.8,14.7,-0.56,0,0,0,0,0,0,0,0,0,0,0,0,0,1,1,1,MILD,MILD: warmer_than_seasonal_reference with no adverse weather dimensions,RULE_BASED_UNWEIGHTED_WEATHER_DIMENSIONS,DERIVED_FROM_PUBLIC_WEATHER,PROJECT_ASSUMPTION
2023-01-16,US_NE,"New York, NY",4.286,24.4,0.0,24.4,2,-1.214,33.7,2.24,5.5,-9.3,-2.24,0,0,0,0,1,0,0,0,0,1,0,1,0,0,1,1,NORMAL,NORMAL: isolated adverse dimension without severe compound conditions | wet_cold_compound,RULE_BASED_UNWEIGHTED_WEATHER_DIMENSIONS,DERIVED_FROM_PUBLIC_WEATHER,PROJECT_ASSUMPTION
2023-01-23,US_NE,"New York, NY",4.5,29.5,0.84,28.8,2,-3.7,0.0,14.77,8.2,29.5,-13.93,0,0,0,0,1,0,0,1,0,1,0,2,0,0,1,1,SEVERE,"SEVERE: wetter_than_normal, wet_cold_compound",RULE_BASED_UNWEIGHTED_WEATHER_DIMENSIONS,DERIVED_FROM_PUBLIC_WEATHER,PROJECT_ASSUMPTION
2023-01-30,US_NE,"New York, NY",-0.271,1.5,0.21,32.9,1,-1.657,32.7,0.0,1.386,-31.2,0.21,0,0,1,0,0,0,0,0,0,0,0,0,0,0,1,1,NORMAL,NORMAL: no material adverse or mild scenario trigger,RULE_BASED_UNWEIGHTED_WEATHER_DIMENSIONS,DERIVED_FROM_PUBLIC_WEATHER,PROJECT_ASSUMPTION
2023-02-06,US_NE,"New York, NY",4.671,0.9,0.0,22.4,0,3.086,5.3,2.8,1.585,-4.4,-2.8,0,0,0,0,0,0,0,0,0,0,0,0,0,0,1,1,NORMAL,NORMAL: no material adverse or mild scenario trigger,RULE_BASED_UNWEIGHTED_WEATHER_DIMENSIONS,DERIVED_FROM_PUBLIC_WEATHER,PROJECT_ASSUMPTION
2023-02-13,US_NE,"New York, NY",7.4,12.9,0.0,24.8,0,0.543,12.3,0.0,6.857,0.6,0.0,0,0,0,0,0,0,0,0,0,0,0,0,0,1,1,1,MILD,MILD: warmer_than_seasonal_reference with no adverse weather dimensions,RULE_BASED_UNWEIGHTED_WEATHER_DIMENSIONS,DERIVED_FROM_PUBLIC_WEATHER,PROJECT_ASSUMPTION
2023-02-20,US_NE,"New York, NY",3.371,11.4,0.56,27.5,2,3.786,31.8,0.7,-0.415,-20.4,-0.14,0,0,0,0,1,0,0,0,0,1,0,1,0,0,1,1,NORMAL,NORMAL: isolated adverse dimension without severe compound conditions | wet_cold_compound,RULE_BASED_UNWEIGHTED_WEATHER_DIMENSIONS,DERIVED_FROM_PUBLIC_WEATHER,PROJECT_ASSUMPTION
2023-02-27,US_NE,"New York, NY",4.357,32.7,9.17,32.8,2,3.657,7.7,0.0,0.7,25.0,9.17,0,0,0,0,1,0,0,1,1,1,0,3,0,0,1,1,SEVERE,"SEVERE: wetter_than_normal, snowier_than_normal, wet_cold_compound",RULE_BASED_UNWEIGHTED_WEATHER_DIMENSIONS,DERIVED_FROM_PUBLIC_WEATHER,PROJECT_ASSUMPTION
2023-03-06,US_NE,"New York, NY",4.629,15.8,1.68,31.2,2,5.186,17.2,11.9,-0.557,-1.4,-10.22,0,0,0,0,1,0,0,0,0,1,0,1,0,0,1,1,NORMAL,NORMAL: isolated adverse dimension without severe compound conditions | wet_cold_compound,RULE_BASED_UNWEIGHTED_WEATHER_DIMENSIONS,DERIVED_FROM_PUBLIC_WEATHER,PROJECT_ASSUMPTION
2023-03-13,US_NE,"New York, NY",5.343,17.6,3.29,37.7,1,10.629,6.8,0.0,-5.286,10.8,3.29,0,0,0,0,0,0,1,0,0,0,0,1,0,0,1,1,NORMAL,NORMAL: isolated adverse dimension without severe compound conditions | colder_than_normal,RULE_BASED_UNWEIGHTED_WEATHER_DIMENSIONS,DERIVED_FROM_PUBLIC_WEATHER,PROJECT_ASSUMPTION
2023-03-20,US_NE,"New York, NY",8.171,14.0,0.0,26.0,0,8.1,30.1,0.21,0.071,-16.1,-0.21,0,0,0,0,0,0,0,0,0,0,0,0,0,0,1,1,NORMAL,NORMAL: no material adverse or mild scenario trigger,RULE_BASED_UNWEIGHTED_WEATHER_DIMENSIONS,DERIVED_FROM_PUBLIC_WEATHER,PROJECT_ASSUMPTION
2023-03-27,US_NE,"New York, NY",8.014,12.1,0.0,29.9,0,5.529,24.3,0.0,2.485,-12.2,0.0,0,0,0,0,0,0,0,0,0,0,0,0,0,1,1,1,MILD,MILD: warmer_than_seasonal_reference with no adverse weather dimensions,RULE_BASED_UNWEIGHTED_WEATHER_DIMENSIONS,DERIVED_FROM_PUBLIC_WEATHER,PROJECT_ASSUMPTION
2023-04-03,US_NE,"New York, NY",10.543,2.7,0.0,21.6,0,9.386,56.4,0.0,1.157,-53.7,0.0,0,0,0,0,0,0,0,0,0,0,0,0,0,0,1,1,NORMAL,NORMAL: no material adverse or mild scenario trigger,RULE_BASED_UNWEIGHTED_WEATHER_DIMENSIONS,DERIVED_FROM_PUBLIC_WEATHER,PROJECT_ASSUMPTION
2023-04-10,US_NE,"New York, NY",17.714,1.2,0.0,21.0,0,13.429,7.3,0.0,4.285,-6.1,0.0,0,0,0,0,0,0,0,0,0,0,0,0,0,1,1,1,MILD,MILD: warmer_than_seasonal_reference with no adverse weather dimensions,RULE_BASED_UNWEIGHTED_WEATHER_DIMENSIONS,DERIVED_FROM_PUBLIC_WEATHER,PROJECT_ASSUMPTION
2023-04-17,US_NE,"New York, NY",13.257,28.9,0.0,29.6,0,10.771,35.1,0.0,2.486,-6.2,0.0,0,0,0,0,0,0,0,0,0,0,0,0,0,1,1,1,MILD,MILD: warmer_than_seasonal_reference with no adverse weather dimensions,RULE_BASED_UNWEIGHTED_WEATHER_DIMENSIONS,DERIVED_FROM_PUBLIC_WEATHER,PROJECT_ASSUMPTION
2023-04-24,US_NE,"New York, NY",11.429,74.8,0.0,27.3,0,11.471,2.8,0.0,-0.042,72.0,0.0,1,0,0,0,0,0,0,1,0,0,0,1,0,0,1,1,NORMAL,NORMAL: isolated adverse dimension without severe compound conditions | wetter_than_normal,RULE_BASED_UNWEIGHTED_WEATHER_DIMENSIONS,DERIVED_FROM_PUBLIC_WEATHER,PROJECT_ASSUMPTION
2023-05-01,US_NE,"New York, NY",12.929,14.3,0.0,28.0,0,12.743,58.9,0.0,0.186,-44.6,0.0,0,0,0,0,0,0,0,0,0,0,0,0,0,0,1,1,NORMAL,NORMAL: no material adverse or mild scenario trigger,RULE_BASED_UNWEIGHTED_WEATHER_DIMENSIONS,DERIVED_FROM_PUBLIC_WEATHER,PROJECT_ASSUMPTION
2023-05-08,US_NE,"New York, NY",18.529,5.1,0.0,17.3,0,16.729,10.3,0.0,1.8,-5.2,0.0,0,0,0,0,0,0,0,0,0,0,0,0,0,0,1,1,NORMAL,NORMAL: no material adverse or mild scenario trigger,RULE_BASED_UNWEIGHTED_WEATHER_DIMENSIONS,DERIVED_FROM_PUBLIC_WEATHER,PROJECT_ASSUMPTION
2023-05-15,US_NE,"New York, NY",16.314,17.2,0.0,22.3,0,19.386,26.2,0.0,-3.072,-9.0,0.0,0,0,0,0,0,0,1,0,0,0,0,1,0,0,1,1,NORMAL,NORMAL: isolated adverse dimension without severe compound conditions | colder_than_normal,RULE_BASED_UNWEIGHTED_WEATHER_DIMENSIONS,DERIVED_FROM_PUBLIC_WEATHER,PROJECT_ASSUMPTION
2023-05-22,US_NE,"New York, NY",16.943,0.5,0.0,19.5,0,18.943,18.9,0.0,-2.0,-18.4,0.0,0,0,0,0,0,0,1,0,0,0,0,1,0,0,1,1,NORMAL,NORMAL: isolated adverse dimension without severe compound conditions | colder_than_normal,RULE_BASED_UNWEIGHTED_WEATHER_DIMENSIONS,DERIVED_FROM_PUBLIC_WEATHER,PROJECT_ASSUMPTION
2023-05-29,US_NE,"New York, NY",18.371,0.0,0.0,20.6,0,21.957,11.2,0.0,-3.586,-11.2,0.0,0,0,0,0,0,0,1,0,0,0,0,1,0,0,1,1,NORMAL,NORMAL: isolated adverse dimension without severe compound conditions | colder_than_normal,RULE_BASED_UNWEIGHTED_WEATHER_DIMENSIONS,DERIVED_FROM_PUBLIC_WEATHER,PROJECT_ASSUMPTION
2023-06-05,US_NE,"New York, NY",18.757,3.5,0.0,19.1,0,21.986,27.2,0.0,-3.229,-23.7,0.0,0,0,0,0,0,0,1,0,0,0,0,1,0,0,1,1,NORMAL,NORMAL: isolated adverse dimension without severe compound conditions | colder_than_normal,RULE_BASED_UNWEIGHTED_WEATHER_DIMENSIONS,DERIVED_FROM_PUBLIC_WEATHER,PROJECT_ASSUMPTION
2023-06-12,US_NE,"New York, NY",20.686,25.6,0.0,23.4,0,22.071,2.8,0.0,-1.385,22.8,0.0,0,0,0,0,0,0,0,1,0,0,0,1,0,0,1,1,NORMAL,NORMAL: isolated adverse dimension without severe compound conditions | wetter_than_normal,RULE_BASED_UNWEIGHTED_WEATHER_DIMENSIONS,DERIVED_FROM_PUBLIC_WEATHER,PROJECT_ASSUMPTION
2023-06-19,US_NE,"New York, NY",20.486,34.4,0.0,20.4,0,22.0,3.1,0.0,-1.514,31.3,0.0,0,0,0,0,0,0,0,1,0,0,0,1,0,0,1,1,NORMAL,NORMAL: isolated adverse dimension without severe compound conditions | wetter_than_normal,RULE_BASED_UNWEIGHTED_WEATHER_DIMENSIONS,DERIVED_FROM_PUBLIC_WEATHER,PROJECT_ASSUMPTION
2023-06-26,US_NE,"New York, NY",23.314,42.9,0.0,17.6,0,25.057,14.1,0.0,-1.743,28.8,0.0,0,0,0,0,0,0,0,1,0,0,0,1,0,0,1,1,NORMAL,NORMAL: isolated adverse dimension without severe compound conditions | wetter_than_normal,RULE_BASED_UNWEIGHTED_WEATHER_DIMENSIONS,DERIVED_FROM_PUBLIC_WEATHER,PROJECT_ASSUMPTION
2023-07-03,US_NE,"New York, NY",26.286,33.1,0.0,14.5,0,24.928,19.1,0.0,1.358,14.0,0.0,0,0,0,0,0,0,0,0,0,0,0,0,0,0,1,1,NORMAL,NORMAL: no material adverse or mild scenario trigger,RULE_BASED_UNWEIGHTED_WEATHER_DIMENSIONS,DERIVED_FROM_PUBLIC_WEATHER,PROJECT_ASSUMPTION
2023-07-10,US_NE,"New York, NY",26.471,48.7,0.0,19.8,0,25.75,25.25,0.0,0.721,23.45,0.0,0,0,0,0,0,0,0,1,0,0,0,1,0,0,1,1,NORMAL,NORMAL: isolated adverse dimension without severe compound conditions | wetter_than_normal,RULE_BASED_UNWEIGHTED_WEATHER_DIMENSIONS,DERIVED_FROM_PUBLIC_WEATHER,PROJECT_ASSUMPTION
2023-07-17,US_NE,"New York, NY",25.386,37.5,0.0,13.0,0,26.743,10.9,0.0,-1.357,26.6,0.0,0,0,0,0,0,0,0,1,0,0,0,1,0,0,1,1,NORMAL,NORMAL: isolated adverse dimension without severe compound conditions | wetter_than_normal,RULE_BASED_UNWEIGHTED_WEATHER_DIMENSIONS,DERIVED_FROM_PUBLIC_WEATHER,PROJECT_ASSUMPTION
2023-07-24,US_NE,"New York, NY",25.871,39.8,0.0,20.1,0,25.157,10.2,0.0,0.714,29.6,0.0,0,0,0,0,0,0,0,1,0,0,0,1,0,0,1,1,NORMAL,NORMAL: isolated adverse dimension without severe compound conditions | wetter_than_normal,RULE_BASED_UNWEIGHTED_WEATHER_DIMENSIONS,DERIVED_FROM_PUBLIC_WEATHER,PROJECT_ASSUMPTION
2023-07-31,US_NE,"New York, NY",23.114,0.9,0.0,18.8,0,25.043,7.6,0.0,-1.929,-6.7,0.0,0,0,0,0,0,0,0,0,0,0,0,0,0,0,1,1,NORMAL,NORMAL: no material adverse or mild scenario trigger,RULE_BASED_UNWEIGHTED_WEATHER_DIMENSIONS,DERIVED_FROM_PUBLIC_WEATHER,PROJECT_ASSUMPTION
2023-08-07,US_NE,"New York, NY",24.214,57.3,0.0,25.9,0,26.228,5.2,0.0,-2.015,52.1,0.0,1,0,0,0,0,0,1,1,0,0,0,2,0,0,1,1,SEVERE,"SEVERE: colder_than_normal, wetter_than_normal",RULE_BASED_UNWEIGHTED_WEATHER_DIMENSIONS,DERIVED_FROM_PUBLIC_WEATHER,PROJECT_ASSUMPTION
2023-08-14,US_NE,"New York, NY",23.686,41.3,0.0,20.5,0,24.5,50.55,0.0,-0.814,-9.25,0.0,0,0,0,0,0,0,0,0,0,0,0,0,0,0,1,1,NORMAL,NORMAL: no material adverse or mild scenario trigger,RULE_BASED_UNWEIGHTED_WEATHER_DIMENSIONS,DERIVED_FROM_PUBLIC_WEATHER,PROJECT_ASSUMPTION
2023-08-21,US_NE,"New York, NY",23.214,7.1,0.0,18.4,0,25.6,47.0,0.0,-2.386,-39.9,0.0,0,0,0,0,0,0,1,0,0,0,0,1,0,0,1,1,NORMAL,NORMAL: isolated adverse dimension without severe compound conditions | colder_than_normal,RULE_BASED_UNWEIGHTED_WEATHER_DIMENSIONS,DERIVED_FROM_PUBLIC_WEATHER,PROJECT_ASSUMPTION
2023-08-28,US_NE,"New York, NY",22.157,5.3,0.0,18.5,0,23.2,39.35,0.0,-1.043,-34.05,0.0,0,0,0,0,0,0,0,0,0,0,0,0,0,0,1,1,NORMAL,NORMAL: no material adverse or mild scenario trigger,RULE_BASED_UNWEIGHTED_WEATHER_DIMENSIONS,DERIVED_FROM_PUBLIC_WEATHER,PROJECT_ASSUMPTION
2023-09-04,US_NE,"New York, NY",25.814,30.9,0.0,13.0,0,22.142,30.8,0.0,3.672,0.1,0.0,0,0,0,0,0,0,0,0,0,0,0,0,0,1,1,1,MILD,MILD: warmer_than_seasonal_reference with no adverse weather dimensions,RULE_BASED_UNWEIGHTED_WEATHER_DIMENSIONS,DERIVED_FROM_PUBLIC_WEATHER,PROJECT_ASSUMPTION
2023-09-11,US_NE,"New York, NY",21.271,31.9,0.0,19.7,0,22.4,16.45,0.0,-1.129,15.45,0.0,0,0,0,0,0,0,0,0,0,0,0,0,0,0,1,1,NORMAL,NORMAL: no material adverse or mild scenario trigger,RULE_BASED_UNWEIGHTED_WEATHER_DIMENSIONS,DERIVED_FROM_PUBLIC_WEATHER,PROJECT_ASSUMPTION
2023-09-18,US_NE,"New York, NY",18.0,65.3,0.0,28.6,0,19.922,25.45,0.0,-1.922,39.85,0.0,1,0,0,0,0,0,0,1,0,0,0,1,0,0,1,1,NORMAL,NORMAL: isolated adverse dimension without severe compound conditions | wetter_than_normal,RULE_BASED_UNWEIGHTED_WEATHER_DIMENSIONS,DERIVED_FROM_PUBLIC_WEATHER,PROJECT_ASSUMPTION
2023-09-25,US_NE,"New York, NY",16.057,68.6,0.0,22.2,0,16.757,20.2,0.0,-0.7,48.4,0.0,1,0,0,0,0,0,0,1,0,0,0,1,0,0,1,1,NORMAL,NORMAL: isolated adverse dimension without severe compound conditions | wetter_than_normal,RULE_BASED_UNWEIGHTED_WEATHER_DIMENSIONS,DERIVED_FROM_PUBLIC_WEATHER,PROJECT_ASSUMPTION
2023-10-02,US_NE,"New York, NY",18.757,26.6,0.0,23.9,0,15.8,35.85,0.0,2.957,-9.25,0.0,0,0,0,0,0,0,0,0,0,0,0,0,0,1,1,1,MILD,MILD: warmer_than_seasonal_reference with no adverse weather dimensions,RULE_BASED_UNWEIGHTED_WEATHER_DIMENSIONS,DERIVED_FROM_PUBLIC_WEATHER,PROJECT_ASSUMPTION
2023-10-09,US_NE,"New York, NY",13.629,19.4,0.0,20.2,0,16.678,14.1,0.0,-3.05,5.3,0.0,0,0,0,0,0,0,1,0,0,0,0,1,0,0,1,1,NORMAL,NORMAL: isolated adverse dimension without severe compound conditions | colder_than_normal,RULE_BASED_UNWEIGHTED_WEATHER_DIMENSIONS,DERIVED_FROM_PUBLIC_WEATHER,PROJECT_ASSUMPTION
2023-10-16,US_NE,"New York, NY",13.957,28.3,0.0,24.2,0,13.307,2.45,0.0,0.65,25.85,0.0,0,0,0,0,0,0,0,1,0,0,0,1,0,0,1,1,NORMAL,NORMAL: isolated adverse dimension without severe compound conditions | wetter_than_normal,RULE_BASED_UNWEIGHTED_WEATHER_DIMENSIONS,DERIVED_FROM_PUBLIC_WEATHER,PROJECT_ASSUMPTION
2023-10-23,US_NE,"New York, NY",15.086,9.9,0.0,17.5,0,14.2,71.4,0.0,0.886,-61.5,0.0,0,0,0,0,0,0,0,0,0,0,0,0,0,0,1,1,NORMAL,NORMAL: no material adverse or mild scenario trigger,RULE_BASED_UNWEIGHTED_WEATHER_DIMENSIONS,DERIVED_FROM_PUBLIC_WEATHER,PROJECT_ASSUMPTION
2023-10-30,US_NE,"New York, NY",9.343,9.8,0.0,18.9,0,12.207,8.95,0.0,-2.864,0.85,0.0,0,0,0,0,0,0,1,0,0,0,0,1,0,0,1,1,NORMAL,NORMAL: isolated adverse dimension without severe compound conditions | colder_than_normal,RULE_BASED_UNWEIGHTED_WEATHER_DIMENSIONS,DERIVED_FROM_PUBLIC_WEATHER,PROJECT_ASSUMPTION
2023-11-06,US_NE,"New York, NY",8.914,2.1,0.0,18.5,0,12.678,22.4,0.0,-3.764,-20.3,0.0,0,0,0,0,0,0,1,0,0,0,0,1,0,0,1,1,NORMAL,NORMAL: isolated adverse dimension without severe compound conditions | colder_than_normal,RULE_BASED_UNWEIGHTED_WEATHER_DIMENSIONS,DERIVED_FROM_PUBLIC_WEATHER,PROJECT_ASSUMPTION
2023-11-13,US_NE,"New York, NY",8.257,1.5,0.0,22.6,0,6.064,11.25,0.0,2.193,-9.75,0.0,0,0,0,0,0,0,0,0,0,0,0,0,0,1,1,1,MILD,MILD: warmer_than_seasonal_reference with no adverse weather dimensions,RULE_BASED_UNWEIGHTED_WEATHER_DIMENSIONS,DERIVED_FROM_PUBLIC_WEATHER,PROJECT_ASSUMPTION
2023-11-20,US_NE,"New York, NY",6.014,36.6,0.0,27.9,1,5.493,10.2,0.315,0.521,26.4,-0.315,0,0,0,0,0,0,0,1,0,0,0,1,0,0,1,1,NORMAL,NORMAL: isolated adverse dimension without severe compound conditions | wetter_than_normal,RULE_BASED_UNWEIGHTED_WEATHER_DIMENSIONS,DERIVED_FROM_PUBLIC_WEATHER,PROJECT_ASSUMPTION
2023-11-27,US_NE,"New York, NY",5.3,20.3,0.0,27.5,0,5.864,13.7,0.0,-0.564,6.6,0.0,0,0,0,0,0,0,0,0,0,0,0,0,0,0,1,1,NORMAL,NORMAL: no material adverse or mild scenario trigger,RULE_BASED_UNWEIGHTED_WEATHER_DIMENSIONS,DERIVED_FROM_PUBLIC_WEATHER,PROJECT_ASSUMPTION
2023-12-04,US_NE,"New York, NY",5.729,18.9,0.0,33.8,0,6.371,19.8,0.105,-0.642,-0.9,-0.105,0,0,0,0,0,0,0,0,0,0,0,0,0,0,1,1,NORMAL,NORMAL: no material adverse or mild scenario trigger,RULE_BASED_UNWEIGHTED_WEATHER_DIMENSIONS,DERIVED_FROM_PUBLIC_WEATHER,PROJECT_ASSUMPTION
2023-12-11,US_NE,"New York, NY",5.414,40.0,0.0,26.1,0,5.25,16.7,0.245,0.164,23.3,-0.245,0,0,0,0,0,0,0,1,0,0,0,1,0,0,1,1,NORMAL,NORMAL: isolated adverse dimension without severe compound conditions | wetter_than_normal,RULE_BASED_UNWEIGHTED_WEATHER_DIMENSIONS,DERIVED_FROM_PUBLIC_WEATHER,PROJECT_ASSUMPTION
2023-12-18,US_NE,"New York, NY",4.014,69.3,0.0,45.7,0,1.015,21.6,0.525,3.0,47.7,-0.525,1,0,0,0,0,0,0,1,0,0,0,1,0,0,1,1,NORMAL,NORMAL: isolated adverse dimension without severe compound conditions | wetter_than_normal,RULE_BASED_UNWEIGHTED_WEATHER_DIMENSIONS,DERIVED_FROM_PUBLIC_WEATHER,PROJECT_ASSUMPTION
2023-12-25,US_NE,"New York, NY",7.071,30.4,0.0,20.1,0,4.957,21.65,0.0,2.114,8.75,0.0,0,0,0,0,0,0,0,0,0,0,0,0,0,1,1,1,MILD,MILD: warmer_than_seasonal_reference with no adverse weather dimensions,RULE_BASED_UNWEIGHTED_WEATHER_DIMENSIONS,DERIVED_FROM_PUBLIC_WEATHER,PROJECT_ASSUMPTION
2024-01-01,US_NE,"New York, NY",2.1,13.3,4.48,27.1,2,3.286,14.45,4.165,-1.186,-1.15,0.315,0,0,0,0,1,0,0,0,0,1,0,1,0,0,1,1,NORMAL,NORMAL: isolated adverse dimension without severe compound conditions | wet_cold_compound,RULE_BASED_UNWEIGHTED_WEATHER_DIMENSIONS,DERIVED_FROM_PUBLIC_WEATHER,PROJECT_ASSUMPTION
2024-01-08,US_NE,"New York, NY",5.771,63.2,0.0,40.2,1,0.329,9.55,0.28,5.442,53.65,-0.28,1,0,0,0,0,0,0,1,0,0,0,1,0,0,1,1,NORMAL,NORMAL: isolated adverse dimension without severe compound conditions | wetter_than_normal,RULE_BASED_UNWEIGHTED_WEATHER_DIMENSIONS,DERIVED_FROM_PUBLIC_WEATHER,PROJECT_ASSUMPTION
2024-01-15,US_NE,"New York, NY",-3.371,1.5,9.73,23.8,1,1.536,29.05,1.12,-4.907,-27.55,8.61,0,0,1,0,0,0,1,0,1,0,0,2,0,0,1,1,SEVERE,"SEVERE: colder_than_normal, snowier_than_normal",RULE_BASED_UNWEIGHTED_WEATHER_DIMENSIONS,DERIVED_FROM_PUBLIC_WEATHER,PROJECT_ASSUMPTION
2024-01-22,US_NE,"New York, NY",4.129,38.4,0.0,20.4,2,0.4,14.75,7.805,3.729,23.65,-7.805,0,0,0,0,1,0,0,1,0,1,0,2,0,0,1,1,SEVERE,"SEVERE: wetter_than_normal, wet_cold_compound",RULE_BASED_UNWEIGHTED_WEATHER_DIMENSIONS,DERIVED_FROM_PUBLIC_WEATHER,PROJECT_ASSUMPTION
2024-01-29,US_NE,"New York, NY",2.814,8.3,0.0,21.4,2,-0.964,17.1,0.105,3.778,-8.8,-0.105,0,0,0,0,1,0,0,0,0,1,0,1,0,0,1,1,NORMAL,NORMAL: isolated adverse dimension without severe compound conditions | wet_cold_compound,RULE_BASED_UNWEIGHTED_WEATHER_DIMENSIONS,DERIVED_FROM_PUBLIC_WEATHER,PROJECT_ASSUMPTION
2024-02-05,US_NE,"New York, NY",4.043,0.0,0.0,15.1,0,3.878,3.1,1.4,0.165,-3.1,-1.4,0,0,0,0,0,0,0,0,0,0,0,0,0,0,1,1,NORMAL,NORMAL: no material adverse or mild scenario trigger,RULE_BASED_UNWEIGHTED_WEATHER_DIMENSIONS,DERIVED_FROM_PUBLIC_WEATHER,PROJECT_ASSUMPTION
2024-02-12,US_NE,"New York, NY",1.186,2.5,20.37,27.5,1,3.972,12.6,0.0,-2.786,-10.1,20.37,0,1,0,0,0,0,1,0,1,0,0,2,1,0,1,1,SEVERE,"SEVERE: colder_than_normal, snowier_than_normal | extreme_event_trigger",RULE_BASED_UNWEIGHTED_WEATHER_DIMENSIONS,DERIVED_FROM_PUBLIC_WEATHER,PROJECT_ASSUMPTION
2024-02-19,US_NE,"New York, NY",1.529,6.6,0.0,15.9,1,3.578,21.6,0.63,-2.05,-15.0,-0.63,0,0,0,0,0,0,1,0,0,0,0,1,0,0,1,1,NORMAL,NORMAL: isolated adverse dimension without severe compound conditions | colder_than_normal,RULE_BASED_UNWEIGHTED_WEATHER_DIMENSIONS,DERIVED_FROM_PUBLIC_WEATHER,PROJECT_ASSUMPTION
2024-02-26,US_NE,"New York, NY",6.757,49.6,0.0,32.4,1,4.007,20.2,4.585,2.75,29.4,-4.585,0,0,0,0,0,0,0,1,0,0,0,1,0,0,1,1,NORMAL,NORMAL: isolated adverse dimension without severe compound conditions | wetter_than_normal,RULE_BASED_UNWEIGHTED_WEATHER_DIMENSIONS,DERIVED_FROM_PUBLIC_WEATHER,PROJECT_ASSUMPTION
2024-03-04,US_NE,"New York, NY",7.6,89.3,0.0,26.4,0,4.908,16.5,6.79,2.692,72.8,-6.79,1,0,0,0,0,0,0,1,0,0,0,1,0,0,1,1,NORMAL,NORMAL: isolated adverse dimension without severe compound conditions | wetter_than_normal,RULE_BASED_UNWEIGHTED_WEATHER_DIMENSIONS,DERIVED_FROM_PUBLIC_WEATHER,PROJECT_ASSUMPTION
2024-03-11,US_NE,"New York, NY",10.614,1.3,0.0,41.1,0,7.986,12.2,1.645,2.628,-10.9,-1.645,0,0,0,0,0,0,0,0,0,0,0,0,0,1,1,1,MILD,MILD: warmer_than_seasonal_reference with no adverse weather dimensions,RULE_BASED_UNWEIGHTED_WEATHER_DIMENSIONS,DERIVED_FROM_PUBLIC_WEATHER,PROJECT_ASSUMPTION
2024-03-18,US_NE,"New York, NY",4.586,59.3,0.0,32.0,0,8.136,22.05,0.105,-3.55,37.25,-0.105,1,0,0,0,0,0,1,1,0,0,0,2,0,0,1,1,SEVERE,"SEVERE: colder_than_normal, wetter_than_normal",RULE_BASED_UNWEIGHTED_WEATHER_DIMENSIONS,DERIVED_FROM_PUBLIC_WEATHER,PROJECT_ASSUMPTION
2024-03-25,US_NE,"New York, NY",7.843,27.8,0.0,30.2,0,6.772,18.2,0.0,1.072,9.6,0.0,0,0,0,0,0,0,0,0,0,0,0,0,0,0,1,1,NORMAL,NORMAL: no material adverse or mild scenario trigger,RULE_BASED_UNWEIGHTED_WEATHER_DIMENSIONS,DERIVED_FROM_PUBLIC_WEATHER,PROJECT_ASSUMPTION
2024-04-01,US_NE,"New York, NY",7.314,58.7,0.0,34.6,0,9.964,29.55,0.0,-2.65,29.15,0.0,1,0,0,0,0,0,1,1,0,0,0,2,0,0,1,1,SEVERE,"SEVERE: colder_than_normal, wetter_than_normal",RULE_BASED_UNWEIGHTED_WEATHER_DIMENSIONS,DERIVED_FROM_PUBLIC_WEATHER,PROJECT_ASSUMPTION
2024-04-08,US_NE,"New York, NY",13.014,25.6,0.0,34.2,0,15.572,4.25,0.0,-2.558,21.35,0.0,0,0,0,0,0,0,1,1,0,0,0,2,0,0,1,1,SEVERE,"SEVERE: colder_than_normal, wetter_than_normal",RULE_BASED_UNWEIGHTED_WEATHER_DIMENSIONS,DERIVED_FROM_PUBLIC_WEATHER,PROJECT_ASSUMPTION
2024-04-15,US_NE,"New York, NY",12.071,10.0,0.0,21.4,0,12.014,32.0,0.0,0.057,-22.0,0.0,0,0,0,0,0,0,0,0,0,0,0,0,0,0,1,1,NORMAL,NORMAL: no material adverse or mild scenario trigger,RULE_BASED_UNWEIGHTED_WEATHER_DIMENSIONS,DERIVED_FROM_PUBLIC_WEATHER,PROJECT_ASSUMPTION
2024-04-22,US_NE,"New York, NY",11.214,3.7,0.0,21.5,0,11.45,38.8,0.0,-0.236,-35.1,0.0,0,0,0,0,0,0,0,0,0,0,0,0,0,0,1,1,NORMAL,NORMAL: no material adverse or mild scenario trigger,RULE_BASED_UNWEIGHTED_WEATHER_DIMENSIONS,DERIVED_FROM_PUBLIC_WEATHER,PROJECT_ASSUMPTION
2024-04-29,US_NE,"New York, NY",14.7,5.3,0.0,17.2,0,12.836,36.6,0.0,1.864,-31.3,0.0,0,0,0,0,0,0,0,0,0,0,0,0,0,0,1,1,NORMAL,NORMAL: no material adverse or mild scenario trigger,RULE_BASED_UNWEIGHTED_WEATHER_DIMENSIONS,DERIVED_FROM_PUBLIC_WEATHER,PROJECT_ASSUMPTION
2024-05-06,US_NE,"New York, NY",15.543,17.7,0.0,18.9,0,17.629,7.7,0.0,-2.086,10.0,0.0,0,0,0,0,0,0,1,0,0,0,0,1,0,0,1,1,NORMAL,NORMAL: isolated adverse dimension without severe compound conditions | colder_than_normal,RULE_BASED_UNWEIGHTED_WEATHER_DIMENSIONS,DERIVED_FROM_PUBLIC_WEATHER,PROJECT_ASSUMPTION
2024-05-13,US_NE,"New York, NY",16.771,13.4,0.0,27.1,0,17.85,21.7,0.0,-1.079,-8.3,0.0,0,0,0,0,0,0,0,0,0,0,0,0,0,0,1,1,NORMAL,NORMAL: no material adverse or mild scenario trigger,RULE_BASED_UNWEIGHTED_WEATHER_DIMENSIONS,DERIVED_FROM_PUBLIC_WEATHER,PROJECT_ASSUMPTION
2024-05-20,US_NE,"New York, NY",21.429,2.1,0.0,16.2,0,17.943,9.7,0.0,3.486,-7.6,0.0,0,0,0,0,0,0,0,0,0,0,0,0,0,1,1,1,MILD,MILD: warmer_than_seasonal_reference with no adverse weather dimensions,RULE_BASED_UNWEIGHTED_WEATHER_DIMENSIONS,DERIVED_FROM_PUBLIC_WEATHER,PROJECT_ASSUMPTION
2024-05-27,US_NE,"New York, NY",20.871,28.2,0.0,23.2,0,20.164,5.6,0.0,0.707,22.6,0.0,0,0,0,0,0,0,0,1,0,0,0,1,0,0,1,1,NORMAL,NORMAL: isolated adverse dimension without severe compound conditions | wetter_than_normal,RULE_BASED_UNWEIGHTED_WEATHER_DIMENSIONS,DERIVED_FROM_PUBLIC_WEATHER,PROJECT_ASSUMPTION
2024-06-03,US_NE,"New York, NY",22.714,29.9,0.0,23.0,0,20.372,15.35,0.0,2.342,14.55,0.0,0,0,0,0,0,0,0,0,0,0,0,0,0,1,1,1,MILD,MILD: warmer_than_seasonal_reference with no adverse weather dimensions,RULE_BASED_UNWEIGHTED_WEATHER_DIMENSIONS,DERIVED_FROM_PUBLIC_WEATHER,PROJECT_ASSUMPTION
2024-06-10,US_NE,"New York, NY",21.157,20.7,0.0,18.4,0,21.379,14.2,0.0,-0.222,6.5,0.0,0,0,0,0,0,0,0,0,0,0,0,0,0,0,1,1,NORMAL,NORMAL: no material adverse or mild scenario trigger,RULE_BASED_UNWEIGHTED_WEATHER_DIMENSIONS,DERIVED_FROM_PUBLIC_WEATHER,PROJECT_ASSUMPTION
2024-06-17,US_NE,"New York, NY",26.043,8.8,0.0,19.5,0,21.243,18.75,0.0,4.8,-9.95,0.0,0,0,0,0,0,0,0,0,0,0,0,0,0,1,1,1,MILD,MILD: warmer_than_seasonal_reference with no adverse weather dimensions,RULE_BASED_UNWEIGHTED_WEATHER_DIMENSIONS,DERIVED_FROM_PUBLIC_WEATHER,PROJECT_ASSUMPTION
2024-06-24,US_NE,"New York, NY",24.371,46.4,0.0,33.7,0,24.185,28.5,0.0,0.186,17.9,0.0,0,0,0,0,0,0,0,0,0,0,0,0,0,0,1,1,NORMAL,NORMAL: no material adverse or mild scenario trigger,RULE_BASED_UNWEIGHTED_WEATHER_DIMENSIONS,DERIVED_FROM_PUBLIC_WEATHER,PROJECT_ASSUMPTION
2024-07-01,US_NE,"New York, NY",25.0,3.8,0.0,22.1,0,25.381,23.767,0.0,-0.381,-19.967,0.0,0,0,0,0,0,0,0,0,0,0,0,0,0,0,1,1,NORMAL,NORMAL: no material adverse or mild scenario trigger,RULE_BASED_UNWEIGHTED_WEATHER_DIMENSIONS,DERIVED_FROM_PUBLIC_WEATHER,PROJECT_ASSUMPTION
2024-07-08,US_NE,"New York, NY",27.071,37.8,0.0,25.5,0,25.99,33.067,0.0,1.081,4.733,0.0,0,0,0,0,0,0,0,0,0,0,0,0,0,0,1,1,NORMAL,NORMAL: no material adverse or mild scenario trigger,RULE_BASED_UNWEIGHTED_WEATHER_DIMENSIONS,DERIVED_FROM_PUBLIC_WEATHER,PROJECT_ASSUMPTION
2024-07-15,US_NE,"New York, NY",26.429,10.6,0.0,18.1,0,26.291,19.767,0.0,0.138,-9.167,0.0,0,0,0,0,0,0,0,0,0,0,0,0,0,0,1,1,NORMAL,NORMAL: no material adverse or mild scenario trigger,RULE_BASED_UNWEIGHTED_WEATHER_DIMENSIONS,DERIVED_FROM_PUBLIC_WEATHER,PROJECT_ASSUMPTION
2024-07-22,US_NE,"New York, NY",24.614,8.1,0.0,16.8,0,25.395,20.067,0.0,-0.781,-11.967,0.0,0,0,0,0,0,0,0,0,0,0,0,0,0,0,1,1,NORMAL,NORMAL: no material adverse or mild scenario trigger,RULE_BASED_UNWEIGHTED_WEATHER_DIMENSIONS,DERIVED_FROM_PUBLIC_WEATHER,PROJECT_ASSUMPTION
2024-07-29,US_NE,"New York, NY",26.457,34.3,0.0,21.4,0,24.4,5.367,0.0,2.057,28.933,0.0,0,0,0,0,0,0,0,1,0,0,0,1,0,0,1,1,NORMAL,NORMAL: isolated adverse dimension without severe compound conditions | wetter_than_normal,RULE_BASED_UNWEIGHTED_WEATHER_DIMENSIONS,DERIVED_FROM_PUBLIC_WEATHER,PROJECT_ASSUMPTION
2024-08-05,US_NE,"New York, NY",24.429,73.8,0.0,33.6,0,25.557,22.567,0.0,-1.128,51.233,0.0,1,0,0,0,0,0,0,1,0,0,0,1,0,0,1,1,NORMAL,NORMAL: isolated adverse dimension without severe compound conditions | wetter_than_normal,RULE_BASED_UNWEIGHTED_WEATHER_DIMENSIONS,DERIVED_FROM_PUBLIC_WEATHER,PROJECT_ASSUMPTION
2024-08-12,US_NE,"New York, NY",23.629,7.5,0.0,16.8,0,24.229,47.467,0.0,-0.6,-39.967,0.0,0,0,0,0,0,0,0,0,0,0,0,0,0,0,1,1,NORMAL,NORMAL: no material adverse or mild scenario trigger,RULE_BASED_UNWEIGHTED_WEATHER_DIMENSIONS,DERIVED_FROM_PUBLIC_WEATHER,PROJECT_ASSUMPTION
2024-08-19,US_NE,"New York, NY",21.243,5.1,0.0,18.4,0,24.805,33.7,0.0,-3.562,-28.6,0.0,0,0,0,0,0,0,1,0,0,0,0,1,0,0,1,1,NORMAL,NORMAL: isolated adverse dimension without severe compound conditions | colder_than_normal,RULE_BASED_UNWEIGHTED_WEATHER_DIMENSIONS,DERIVED_FROM_PUBLIC_WEATHER,PROJECT_ASSUMPTION
2024-08-26,US_NE,"New York, NY",23.371,19.4,0.0,15.5,0,22.852,28.0,0.0,0.519,-8.6,0.0,0,0,0,0,0,0,0,0,0,0,0,0,0,0,1,1,NORMAL,NORMAL: no material adverse or mild scenario trigger,RULE_BASED_UNWEIGHTED_WEATHER_DIMENSIONS,DERIVED_FROM_PUBLIC_WEATHER,PROJECT_ASSUMPTION
2024-09-02,US_NE,"New York, NY",19.3,7.9,0.0,21.7,0,23.366,30.833,0.0,-4.066,-22.933,0.0,0,0,0,0,0,0,1,0,0,0,0,1,0,0,1,1,NORMAL,NORMAL: isolated adverse dimension without severe compound conditions | colder_than_normal,RULE_BASED_UNWEIGHTED_WEATHER_DIMENSIONS,DERIVED_FROM_PUBLIC_WEATHER,PROJECT_ASSUMPTION
2024-09-09,US_NE,"New York, NY",19.771,0.0,0.0,15.3,0,22.024,21.6,0.0,-2.253,-21.6,0.0,0,0,0,0,0,0,1,0,0,0,0,1,0,0,1,1,NORMAL,NORMAL: isolated adverse dimension without severe compound conditions | colder_than_normal,RULE_BASED_UNWEIGHTED_WEATHER_DIMENSIONS,DERIVED_FROM_PUBLIC_WEATHER,PROJECT_ASSUMPTION
2024-09-16,US_NE,"New York, NY",20.471,0.4,0.0,15.3,0,19.281,38.733,0.0,1.19,-38.333,0.0,0,0,0,0,0,0,0,0,0,0,0,0,0,0,1,1,NORMAL,NORMAL: no material adverse or mild scenario trigger,RULE_BASED_UNWEIGHTED_WEATHER_DIMENSIONS,DERIVED_FROM_PUBLIC_WEATHER,PROJECT_ASSUMPTION
2024-09-23,US_NE,"New York, NY",18.386,21.3,0.0,19.5,0,16.524,36.333,0.0,1.862,-15.033,0.0,0,0,0,0,0,0,0,0,0,0,0,0,0,0,1,1,NORMAL,NORMAL: no material adverse or mild scenario trigger,RULE_BASED_UNWEIGHTED_WEATHER_DIMENSIONS,DERIVED_FROM_PUBLIC_WEATHER,PROJECT_ASSUMPTION
2024-09-30,US_NE,"New York, NY",17.714,0.6,0.0,15.7,0,16.786,32.767,0.0,0.928,-32.167,0.0,0,0,0,0,0,0,0,0,0,0,0,0,0,0,1,1,NORMAL,NORMAL: no material adverse or mild scenario trigger,RULE_BASED_UNWEIGHTED_WEATHER_DIMENSIONS,DERIVED_FROM_PUBLIC_WEATHER,PROJECT_ASSUMPTION
2024-10-07,US_NE,"New York, NY",15.5,10.2,0.0,19.0,0,15.662,15.867,0.0,-0.162,-5.667,0.0,0,0,0,0,0,0,0,0,0,0,0,0,0,0,1,1,NORMAL,NORMAL: no material adverse or mild scenario trigger,RULE_BASED_UNWEIGHTED_WEATHER_DIMENSIONS,DERIVED_FROM_PUBLIC_WEATHER,PROJECT_ASSUMPTION
2024-10-14,US_NE,"New York, NY",11.9,0.3,0.0,29.3,0,13.524,11.067,0.0,-1.624,-10.767,0.0,0,0,0,0,0,0,0,0,0,0,0,0,0,0,1,1,NORMAL,NORMAL: no material adverse or mild scenario trigger,RULE_BASED_UNWEIGHTED_WEATHER_DIMENSIONS,DERIVED_FROM_PUBLIC_WEATHER,PROJECT_ASSUMPTION
2024-10-21,US_NE,"New York, NY",14.786,0.2,0.0,21.2,0,14.495,50.9,0.0,0.291,-50.7,0.0,0,0,0,0,0,0,0,0,0,0,0,0,0,0,1,1,NORMAL,NORMAL: no material adverse or mild scenario trigger,RULE_BASED_UNWEIGHTED_WEATHER_DIMENSIONS,DERIVED_FROM_PUBLIC_WEATHER,PROJECT_ASSUMPTION
2024-10-28,US_NE,"New York, NY",14.043,1.7,0.0,23.8,0,11.252,9.233,0.0,2.791,-7.533,0.0,0,0,0,0,0,0,0,0,0,0,0,0,0,1,1,1,MILD,MILD: warmer_than_seasonal_reference with no adverse weather dimensions,RULE_BASED_UNWEIGHTED_WEATHER_DIMENSIONS,DERIVED_FROM_PUBLIC_WEATHER,PROJECT_ASSUMPTION
2024-11-04,US_NE,"New York, NY",13.8,0.6,0.0,24.6,0,11.424,15.633,0.0,2.376,-15.033,0.0,0,0,0,0,0,0,0,0,0,0,0,0,0,1,1,1,MILD,MILD: warmer_than_seasonal_reference with no adverse weather dimensions,RULE_BASED_UNWEIGHTED_WEATHER_DIMENSIONS,DERIVED_FROM_PUBLIC_WEATHER,PROJECT_ASSUMPTION
2024-11-11,US_NE,"New York, NY",9.657,6.5,0.0,29.0,0,6.795,8.0,0.0,2.862,-1.5,0.0,0,0,0,0,0,0,0,0,0,0,0,0,0,1,1,1,MILD,MILD: warmer_than_seasonal_reference with no adverse weather dimensions,RULE_BASED_UNWEIGHTED_WEATHER_DIMENSIONS,DERIVED_FROM_PUBLIC_WEATHER,PROJECT_ASSUMPTION
2024-11-18,US_NE,"New York, NY",8.886,47.6,0.0,32.9,1,5.667,19.0,0.21,3.219,28.6,-0.21,0,0,0,0,0,0,0,1,0,0,0,1,0,0,1,1,NORMAL,NORMAL: isolated adverse dimension without severe compound conditions | wetter_than_normal,RULE_BASED_UNWEIGHTED_WEATHER_DIMENSIONS,DERIVED_FROM_PUBLIC_WEATHER,PROJECT_ASSUMPTION
2024-11-25,US_NE,"New York, NY",5.4,17.6,0.0,24.1,0,5.676,15.9,0.0,-0.276,1.7,0.0,0,0,0,0,0,0,0,0,0,0,0,0,0,0,1,1,NORMAL,NORMAL: no material adverse or mild scenario trigger,RULE_BASED_UNWEIGHTED_WEATHER_DIMENSIONS,DERIVED_FROM_PUBLIC_WEATHER,PROJECT_ASSUMPTION
2024-12-02,US_NE,"New York, NY",1.929,4.3,1.4,33.9,1,6.157,19.5,0.07,-4.228,-15.2,1.33,0,0,0,0,0,0,1,0,0,0,0,1,0,0,1,1,NORMAL,NORMAL: isolated adverse dimension without severe compound conditions | colder_than_normal,RULE_BASED_UNWEIGHTED_WEATHER_DIMENSIONS,DERIVED_FROM_PUBLIC_WEATHER,PROJECT_ASSUMPTION
2024-12-09,US_NE,"New York, NY",3.571,51.0,0.0,29.4,0,5.305,24.467,0.163,-1.734,26.533,-0.163,1,0,0,0,0,0,0,1,0,0,0,1,0,0,1,1,NORMAL,NORMAL: isolated adverse dimension without severe compound conditions | wetter_than_normal,RULE_BASED_UNWEIGHTED_WEATHER_DIMENSIONS,DERIVED_FROM_PUBLIC_WEATHER,PROJECT_ASSUMPTION
2024-12-16,US_NE,"New York, NY",2.943,29.5,2.03,28.2,1,2.014,37.5,0.35,0.929,-8.0,1.68,0,0,0,0,0,0,0,0,0,0,0,0,0,0,1,1,NORMAL,NORMAL: no material adverse or mild scenario trigger,RULE_BASED_UNWEIGHTED_WEATHER_DIMENSIONS,DERIVED_FROM_PUBLIC_WEATHER,PROJECT_ASSUMPTION
2024-12-23,US_NE,"New York, NY",0.386,7.9,0.98,26.1,1,5.662,24.567,0.0,-5.276,-16.667,0.98,0,0,0,0,0,0,1,0,0,0,0,1,0,0,1,1,NORMAL,NORMAL: isolated adverse dimension without severe compound conditions | colder_than_normal,RULE_BASED_UNWEIGHTED_WEATHER_DIMENSIONS,DERIVED_FROM_PUBLIC_WEATHER,PROJECT_ASSUMPTION
2024-12-30,US_NE,"New York, NY",4.143,17.8,0.0,29.2,0,2.89,14.067,4.27,1.253,3.733,-4.27,0,0,0,0,0,0,0,0,0,0,0,0,0,0,1,1,NORMAL,NORMAL: no material adverse or mild scenario trigger,RULE_BASED_UNWEIGHTED_WEATHER_DIMENSIONS,DERIVED_FROM_PUBLIC_WEATHER,PROJECT_ASSUMPTION
2025-01-06,US_NE,"New York, NY",-1.671,0.0,2.66,31.3,0,2.143,27.433,0.187,-3.814,-27.433,2.473,0,0,1,0,0,0,1,0,0,0,0,1,0,0,1,1,NORMAL,NORMAL: isolated adverse dimension without severe compound conditions | colder_than_normal,RULE_BASED_UNWEIGHTED_WEATHER_DIMENSIONS,DERIVED_FROM_PUBLIC_WEATHER,PROJECT_ASSUMPTION
2025-01-13,US_NE,"New York, NY",-0.686,5.5,4.62,23.9,1,-0.1,19.867,3.99,-0.586,-14.367,0.63,0,0,1,0,0,0,0,0,0,0,0,0,0,0,1,1,NORMAL,NORMAL: no material adverse or mild scenario trigger,RULE_BASED_UNWEIGHTED_WEATHER_DIMENSIONS,DERIVED_FROM_PUBLIC_WEATHER,PROJECT_ASSUMPTION
2025-01-20,US_NE,"New York, NY",-5.6,0.0,0.21,20.3,0,1.643,22.633,5.203,-7.243,-22.633,-4.993,0,0,1,0,0,0,1,0,0,0,0,1,0,0,1,1,NORMAL,NORMAL: isolated adverse dimension without severe compound conditions | colder_than_normal,RULE_BASED_UNWEIGHTED_WEATHER_DIMENSIONS,DERIVED_FROM_PUBLIC_WEATHER,PROJECT_ASSUMPTION
2025-01-27,US_NE,"New York, NY",0.814,11.6,2.17,27.4,2,0.295,14.167,0.07,0.519,-2.567,2.1,0,0,0,0,1,0,0,0,0,1,0,1,0,0,1,1,NORMAL,NORMAL: isolated adverse dimension without severe compound conditions | wet_cold_compound,RULE_BASED_UNWEIGHTED_WEATHER_DIMENSIONS,DERIVED_FROM_PUBLIC_WEATHER,PROJECT_ASSUMPTION
2025-02-03,US_NE,"New York, NY",0.843,11.7,10.15,25.9,2,3.933,2.067,0.933,-3.09,9.633,9.217,0,0,0,0,1,0,1,0,1,1,0,3,0,0,1,1,SEVERE,"SEVERE: colder_than_normal, snowier_than_normal, wet_cold_compound",RULE_BASED_UNWEIGHTED_WEATHER_DIMENSIONS,DERIVED_FROM_PUBLIC_WEATHER,PROJECT_ASSUMPTION
2025-02-10,US_NE,"New York, NY",0.714,32.9,7.21,29.5,3,3.043,9.233,6.79,-2.329,23.667,0.42,0,0,0,0,1,0,1,1,0,1,0,3,0,0,1,1,SEVERE,"SEVERE: colder_than_normal, wetter_than_normal, wet_cold_compound",RULE_BASED_UNWEIGHTED_WEATHER_DIMENSIONS,DERIVED_FROM_PUBLIC_WEATHER,PROJECT_ASSUMPTION
2025-02-17,US_NE,"New York, NY",-2.229,0.0,0.84,34.4,0,2.895,16.6,0.42,-5.124,-16.6,0.42,0,0,1,0,0,0,1,0,0,0,0,1,0,0,1,1,NORMAL,NORMAL: isolated adverse dimension without severe compound conditions | colder_than_normal,RULE_BASED_UNWEIGHTED_WEATHER_DIMENSIONS,DERIVED_FROM_PUBLIC_WEATHER,PROJECT_ASSUMPTION
2025-02-24,US_NE,"New York, NY",5.143,2.2,0.0,31.2,0,4.924,30.0,3.057,0.219,-27.8,-3.057,0,0,0,0,0,0,0,0,0,0,0,0,0,0,1,1,NORMAL,NORMAL: no material adverse or mild scenario trigger,RULE_BASED_UNWEIGHTED_WEATHER_DIMENSIONS,DERIVED_FROM_PUBLIC_WEATHER,PROJECT_ASSUMPTION
2025-03-03,US_NE,"New York, NY",5.243,33.9,0.0,32.8,0,5.805,40.767,4.527,-0.562,-6.867,-4.527,0,0,0,0,0,0,0,0,0,0,0,0,0,0,1,1,NORMAL,NORMAL: no material adverse or mild scenario trigger,RULE_BASED_UNWEIGHTED_WEATHER_DIMENSIONS,DERIVED_FROM_PUBLIC_WEATHER,PROJECT_ASSUMPTION
2025-03-10,US_NE,"New York, NY",8.229,4.3,0.0,31.7,0,8.862,8.567,1.097,-0.633,-4.267,-1.097,0,0,0,0,0,0,0,0,0,0,0,0,0,0,1,1,NORMAL,NORMAL: no material adverse or mild scenario trigger,RULE_BASED_UNWEIGHTED_WEATHER_DIMENSIONS,DERIVED_FROM_PUBLIC_WEATHER,PROJECT_ASSUMPTION
2025-03-17,US_NE,"New York, NY",8.3,33.4,0.0,31.0,0,6.952,34.467,0.07,1.348,-1.067,-0.07,0,0,0,0,0,0,0,0,0,0,0,0,0,0,1,1,NORMAL,NORMAL: no material adverse or mild scenario trigger,RULE_BASED_UNWEIGHTED_WEATHER_DIMENSIONS,DERIVED_FROM_PUBLIC_WEATHER,PROJECT_ASSUMPTION
2025-03-24,US_NE,"New York, NY",8.771,18.5,0.0,27.8,0,7.129,21.4,0.0,1.642,-2.9,0.0,0,0,0,0,0,0,0,0,0,0,0,0,0,0,1,1,NORMAL,NORMAL: no material adverse or mild scenario trigger,RULE_BASED_UNWEIGHTED_WEATHER_DIMENSIONS,DERIVED_FROM_PUBLIC_WEATHER,PROJECT_ASSUMPTION
2025-03-31,US_NE,"New York, NY",11.329,48.8,0.0,23.5,0,9.081,39.267,0.0,2.248,9.533,0.0,0,0,0,0,0,0,0,0,0,0,0,0,0,1,1,1,MILD,MILD: warmer_than_seasonal_reference with no adverse weather dimensions,RULE_BASED_UNWEIGHTED_WEATHER_DIMENSIONS,DERIVED_FROM_PUBLIC_WEATHER,PROJECT_ASSUMPTION
2025-04-07,US_NE,"New York, NY",6.086,34.4,0.56,34.5,1,14.719,11.367,0.0,-8.633,23.033,0.56,0,0,0,0,0,0,1,1,0,0,0,2,0,0,1,1,SEVERE,"SEVERE: colder_than_normal, wetter_than_normal",RULE_BASED_UNWEIGHTED_WEATHER_DIMENSIONS,DERIVED_FROM_PUBLIC_WEATHER,PROJECT_ASSUMPTION
2025-04-14,US_NE,"New York, NY",13.314,2.1,0.0,29.9,0,12.033,24.667,0.0,1.281,-22.567,0.0,0,0,0,0,0,0,0,0,0,0,0,0,0,0,1,1,NORMAL,NORMAL: no material adverse or mild scenario trigger,RULE_BASED_UNWEIGHTED_WEATHER_DIMENSIONS,DERIVED_FROM_PUBLIC_WEATHER,PROJECT_ASSUMPTION
2025-04-21,US_NE,"New York, NY",16.014,16.9,0.0,32.0,0,11.371,27.1,0.0,4.643,-10.2,0.0,0,0,0,0,0,0,0,0,0,0,0,0,0,1,1,1,MILD,MILD: warmer_than_seasonal_reference with no adverse weather dimensions,RULE_BASED_UNWEIGHTED_WEATHER_DIMENSIONS,DERIVED_FROM_PUBLIC_WEATHER,PROJECT_ASSUMPTION
2025-04-28,US_NE,"New York, NY",18.443,17.2,0.0,21.3,0,13.457,26.167,0.0,4.986,-8.967,0.0,0,0,0,0,0,0,0,0,0,0,0,0,0,1,1,1,MILD,MILD: warmer_than_seasonal_reference with no adverse weather dimensions,RULE_BASED_UNWEIGHTED_WEATHER_DIMENSIONS,DERIVED_FROM_PUBLIC_WEATHER,PROJECT_ASSUMPTION
2025-05-05,US_NE,"New York, NY",17.229,52.6,0.0,26.2,0,16.934,11.033,0.0,0.295,41.567,0.0,1,0,0,0,0,0,0,1,0,0,0,1,0,0,1,1,NORMAL,NORMAL: isolated adverse dimension without severe compound conditions | wetter_than_normal,RULE_BASED_UNWEIGHTED_WEATHER_DIMENSIONS,DERIVED_FROM_PUBLIC_WEATHER,PROJECT_ASSUMPTION
2025-05-12,US_NE,"New York, NY",18.757,23.0,0.0,26.7,0,17.49,18.933,0.0,1.267,4.067,0.0,0,0,0,0,0,0,0,0,0,0,0,0,0,0,1,1,NORMAL,NORMAL: no material adverse or mild scenario trigger,RULE_BASED_UNWEIGHTED_WEATHER_DIMENSIONS,DERIVED_FROM_PUBLIC_WEATHER,PROJECT_ASSUMPTION
2025-05-19,US_NE,"New York, NY",13.843,23.1,0.0,24.6,0,19.105,7.167,0.0,-5.262,15.933,0.0,0,0,0,0,0,0,1,0,0,0,0,1,0,0,1,1,NORMAL,NORMAL: isolated adverse dimension without severe compound conditions | colder_than_normal,RULE_BASED_UNWEIGHTED_WEATHER_DIMENSIONS,DERIVED_FROM_PUBLIC_WEATHER,PROJECT_ASSUMPTION
2025-05-26,US_NE,"New York, NY",16.614,39.4,0.0,28.8,0,20.4,13.133,0.0,-3.786,26.267,0.0,0,0,0,0,0,0,1,1,0,0,0,2,0,0,1,1,SEVERE,"SEVERE: colder_than_normal, wetter_than_normal",RULE_BASED_UNWEIGHTED_WEATHER_DIMENSIONS,DERIVED_FROM_PUBLIC_WEATHER,PROJECT_ASSUMPTION
2025-06-02,US_NE,"New York, NY",21.186,14.7,0.0,17.2,0,21.152,20.2,0.0,0.034,-5.5,0.0,0,0,0,0,0,0,0,0,0,0,0,0,0,0,1,1,NORMAL,NORMAL: no material adverse or mild scenario trigger,RULE_BASED_UNWEIGHTED_WEATHER_DIMENSIONS,DERIVED_FROM_PUBLIC_WEATHER,PROJECT_ASSUMPTION
2025-06-09,US_NE,"New York, NY",20.4,25.4,0.0,18.8,0,21.305,16.367,0.0,-0.905,9.033,0.0,0,0,0,0,0,0,0,0,0,0,0,0,0,0,1,1,NORMAL,NORMAL: no material adverse or mild scenario trigger,RULE_BASED_UNWEIGHTED_WEATHER_DIMENSIONS,DERIVED_FROM_PUBLIC_WEATHER,PROJECT_ASSUMPTION
2025-06-16,US_NE,"New York, NY",23.071,16.8,0.0,22.5,0,22.843,15.433,0.0,0.228,1.367,0.0,0,0,0,0,0,0,0,0,0,0,0,0,0,0,1,1,NORMAL,NORMAL: no material adverse or mild scenario trigger,RULE_BASED_UNWEIGHTED_WEATHER_DIMENSIONS,DERIVED_FROM_PUBLIC_WEATHER,PROJECT_ASSUMPTION
2025-06-23,US_NE,"New York, NY",26.743,3.6,0.0,18.8,0,24.247,34.467,0.0,2.496,-30.867,0.0,0,0,0,0,0,0,0,0,0,0,0,0,0,1,1,1,MILD,MILD: warmer_than_seasonal_reference with no adverse weather dimensions,RULE_BASED_UNWEIGHTED_WEATHER_DIMENSIONS,DERIVED_FROM_PUBLIC_WEATHER,PROJECT_ASSUMPTION
2025-06-30,US_NE,"New York, NY",25.586,38.6,0.0,16.0,0,25.286,18.775,0.0,0.3,19.825,0.0,0,0,0,0,0,0,0,0,0,0,0,0,0,0,1,1,NORMAL,NORMAL: no material adverse or mild scenario trigger,RULE_BASED_UNWEIGHTED_WEATHER_DIMENSIONS,DERIVED_FROM_PUBLIC_WEATHER,PROJECT_ASSUMPTION
2025-07-07,US_NE,"New York, NY",26.357,31.9,0.0,15.8,0,26.26,34.25,0.0,0.096,-2.35,0.0,0,0,0,0,0,0,0,0,0,0,0,0,0,0,1,1,NORMAL,NORMAL: no material adverse or mild scenario trigger,RULE_BASED_UNWEIGHTED_WEATHER_DIMENSIONS,DERIVED_FROM_PUBLIC_WEATHER,PROJECT_ASSUMPTION
2025-07-14,US_NE,"New York, NY",26.843,20.4,0.0,23.9,0,26.325,17.475,0.0,0.518,2.925,0.0,0,0,0,0,0,0,0,0,0,0,0,0,0,0,1,1,NORMAL,NORMAL: no material adverse or mild scenario trigger,RULE_BASED_UNWEIGHTED_WEATHER_DIMENSIONS,DERIVED_FROM_PUBLIC_WEATHER,PROJECT_ASSUMPTION
2025-07-21,US_NE,"New York, NY",25.286,12.7,0.0,15.3,0,25.2,17.075,0.0,0.086,-4.375,0.0,0,0,0,0,0,0,0,0,0,0,0,0,0,0,1,1,NORMAL,NORMAL: no material adverse or mild scenario trigger,RULE_BASED_UNWEIGHTED_WEATHER_DIMENSIONS,DERIVED_FROM_PUBLIC_WEATHER,PROJECT_ASSUMPTION
2025-07-28,US_NE,"New York, NY",25.471,43.7,0.0,25.1,0,24.914,12.6,0.0,0.557,31.1,0.0,0,0,0,0,0,0,0,1,0,0,0,1,0,0,1,1,NORMAL,NORMAL: isolated adverse dimension without severe compound conditions | wetter_than_normal,RULE_BASED_UNWEIGHTED_WEATHER_DIMENSIONS,DERIVED_FROM_PUBLIC_WEATHER,PROJECT_ASSUMPTION
2025-08-04,US_NE,"New York, NY",23.029,0.2,0.0,14.4,0,25.275,35.375,0.0,-2.246,-35.175,0.0,0,0,0,0,0,0,1,0,0,0,0,1,0,0,1,1,NORMAL,NORMAL: isolated adverse dimension without severe compound conditions | colder_than_normal,RULE_BASED_UNWEIGHTED_WEATHER_DIMENSIONS,DERIVED_FROM_PUBLIC_WEATHER,PROJECT_ASSUMPTION
2025-08-11,US_NE,"New York, NY",25.757,15.8,0.0,16.2,0,24.079,37.475,0.0,1.678,-21.675,0.0,0,0,0,0,0,0,0,0,0,0,0,0,0,0,1,1,NORMAL,NORMAL: no material adverse or mild scenario trigger,RULE_BASED_UNWEIGHTED_WEATHER_DIMENSIONS,DERIVED_FROM_PUBLIC_WEATHER,PROJECT_ASSUMPTION
2025-08-18,US_NE,"New York, NY",20.657,10.1,0.0,24.4,0,23.914,26.55,0.0,-3.257,-16.45,0.0,0,0,0,0,0,0,1,0,0,0,0,1,0,0,1,1,NORMAL,NORMAL: isolated adverse dimension without severe compound conditions | colder_than_normal,RULE_BASED_UNWEIGHTED_WEATHER_DIMENSIONS,DERIVED_FROM_PUBLIC_WEATHER,PROJECT_ASSUMPTION
2025-08-25,US_NE,"New York, NY",20.514,0.1,0.0,17.4,0,22.982,25.85,0.0,-2.468,-25.75,0.0,0,0,0,0,0,0,1,0,0,0,0,1,0,0,1,1,NORMAL,NORMAL: isolated adverse dimension without severe compound conditions | colder_than_normal,RULE_BASED_UNWEIGHTED_WEATHER_DIMENSIONS,DERIVED_FROM_PUBLIC_WEATHER,PROJECT_ASSUMPTION
2025-09-01,US_NE,"New York, NY",20.757,33.3,0.0,23.4,0,22.35,25.1,0.0,-1.593,8.2,0.0,0,0,0,0,0,0,0,0,0,0,0,0,0,0,1,1,NORMAL,NORMAL: no material adverse or mild scenario trigger,RULE_BASED_UNWEIGHTED_WEATHER_DIMENSIONS,DERIVED_FROM_PUBLIC_WEATHER,PROJECT_ASSUMPTION
2025-09-08,US_NE,"New York, NY",19.529,4.2,0.0,17.9,0,21.46,16.2,0.0,-1.931,-12.0,0.0,0,0,0,0,0,0,0,0,0,0,0,0,0,0,1,1,NORMAL,NORMAL: no material adverse or mild scenario trigger,RULE_BASED_UNWEIGHTED_WEATHER_DIMENSIONS,DERIVED_FROM_PUBLIC_WEATHER,PROJECT_ASSUMPTION
2025-09-15,US_NE,"New York, NY",19.957,7.5,0.0,18.7,0,19.578,29.15,0.0,0.379,-21.65,0.0,0,0,0,0,0,0,0,0,0,0,0,0,0,0,1,1,NORMAL,NORMAL: no material adverse or mild scenario trigger,RULE_BASED_UNWEIGHTED_WEATHER_DIMENSIONS,DERIVED_FROM_PUBLIC_WEATHER,PROJECT_ASSUMPTION
2025-09-22,US_NE,"New York, NY",21.643,28.4,0.0,19.3,0,16.989,32.575,0.0,4.654,-4.175,0.0,0,0,0,0,0,0,0,0,0,0,0,0,0,1,1,1,MILD,MILD: warmer_than_seasonal_reference with no adverse weather dimensions,RULE_BASED_UNWEIGHTED_WEATHER_DIMENSIONS,DERIVED_FROM_PUBLIC_WEATHER,PROJECT_ASSUMPTION
2025-09-29,US_NE,"New York, NY",18.5,0.0,0.0,19.1,0,17.018,24.725,0.0,1.482,-24.725,0.0,0,0,0,0,0,0,0,0,0,0,0,0,0,0,1,1,NORMAL,NORMAL: no material adverse or mild scenario trigger,RULE_BASED_UNWEIGHTED_WEATHER_DIMENSIONS,DERIVED_FROM_PUBLIC_WEATHER,PROJECT_ASSUMPTION
2025-10-06,US_NE,"New York, NY",16.629,16.2,0.0,28.6,0,15.622,14.45,0.0,1.008,1.75,0.0,0,0,0,0,0,0,0,0,0,0,0,0,0,0,1,1,NORMAL,NORMAL: no material adverse or mild scenario trigger,RULE_BASED_UNWEIGHTED_WEATHER_DIMENSIONS,DERIVED_FROM_PUBLIC_WEATHER,PROJECT_ASSUMPTION
2025-10-13,US_NE,"New York, NY",13.757,23.9,0.0,33.1,0,13.118,8.375,0.0,0.639,15.525,0.0,0,0,0,0,0,0,0,0,0,0,0,0,0,0,1,1,NORMAL,NORMAL: no material adverse or mild scenario trigger,RULE_BASED_UNWEIGHTED_WEATHER_DIMENSIONS,DERIVED_FROM_PUBLIC_WEATHER,PROJECT_ASSUMPTION
2025-10-20,US_NE,"New York, NY",12.9,13.4,0.0,28.6,0,14.568,38.225,0.0,-1.668,-24.825,0.0,0,0,0,0,0,0,0,0,0,0,0,0,0,0,1,1,NORMAL,NORMAL: no material adverse or mild scenario trigger,RULE_BASED_UNWEIGHTED_WEATHER_DIMENSIONS,DERIVED_FROM_PUBLIC_WEATHER,PROJECT_ASSUMPTION
2025-10-27,US_NE,"New York, NY",10.886,40.3,0.0,33.3,0,11.95,7.35,0.0,-1.064,32.95,0.0,0,0,0,0,0,0,0,1,0,0,0,1,0,0,1,1,NORMAL,NORMAL: isolated adverse dimension without severe compound conditions | wetter_than_normal,RULE_BASED_UNWEIGHTED_WEATHER_DIMENSIONS,DERIVED_FROM_PUBLIC_WEATHER,PROJECT_ASSUMPTION
2025-11-03,US_NE,"New York, NY",11.471,16.0,0.0,28.3,0,12.018,11.875,0.0,-0.547,4.125,0.0,0,0,0,0,0,0,0,0,0,0,0,0,0,0,1,1,NORMAL,NORMAL: no material adverse or mild scenario trigger,RULE_BASED_UNWEIGHTED_WEATHER_DIMENSIONS,DERIVED_FROM_PUBLIC_WEATHER,PROJECT_ASSUMPTION
2025-11-10,US_NE,"New York, NY",7.414,13.3,0.0,33.9,1,7.51,7.625,0.0,-0.097,5.675,0.0,0,0,0,0,0,0,0,0,0,0,0,0,0,0,1,1,NORMAL,NORMAL: no material adverse or mild scenario trigger,RULE_BASED_UNWEIGHTED_WEATHER_DIMENSIONS,DERIVED_FROM_PUBLIC_WEATHER,PROJECT_ASSUMPTION
2025-11-17,US_NE,"New York, NY",5.671,9.5,0.0,32.9,1,6.472,26.15,0.158,-0.8,-16.65,-0.158,0,0,0,0,0,0,0,0,0,0,0,0,0,0,1,1,NORMAL,NORMAL: no material adverse or mild scenario trigger,RULE_BASED_UNWEIGHTED_WEATHER_DIMENSIONS,DERIVED_FROM_PUBLIC_WEATHER,PROJECT_ASSUMPTION
2025-11-24,US_NE,"New York, NY",6.329,16.7,0.0,31.1,1,5.607,16.325,0.0,0.722,0.375,0.0,0,0,0,0,0,0,0,0,0,0,0,0,0,0,1,1,NORMAL,NORMAL: no material adverse or mild scenario trigger,RULE_BASED_UNWEIGHTED_WEATHER_DIMENSIONS,DERIVED_FROM_PUBLIC_WEATHER,PROJECT_ASSUMPTION
2025-12-01,US_NE,"New York, NY",1.429,16.4,0.21,23.1,1,5.1,15.7,0.402,-3.671,0.7,-0.192,0,0,0,0,0,0,1,0,0,0,0,1,0,0,1,1,NORMAL,NORMAL: isolated adverse dimension without severe compound conditions | colder_than_normal,RULE_BASED_UNWEIGHTED_WEATHER_DIMENSIONS,DERIVED_FROM_PUBLIC_WEATHER,PROJECT_ASSUMPTION
2025-12-08,US_NE,"New York, NY",-0.657,4.1,7.91,29.3,1,4.871,31.1,0.122,-5.528,-27.0,7.788,0,0,1,0,0,0,1,0,1,0,0,2,0,0,1,1,SEVERE,"SEVERE: colder_than_normal, snowier_than_normal",RULE_BASED_UNWEIGHTED_WEATHER_DIMENSIONS,DERIVED_FROM_PUBLIC_WEATHER,PROJECT_ASSUMPTION
2025-12-15,US_NE,"New York, NY",0.8,14.1,0.0,34.0,0,2.246,35.5,0.77,-1.447,-21.4,-0.77,0,0,0,0,0,0,0,0,0,0,0,0,0,0,1,1,NORMAL,NORMAL: no material adverse or mild scenario trigger,RULE_BASED_UNWEIGHTED_WEATHER_DIMENSIONS,DERIVED_FROM_PUBLIC_WEATHER,PROJECT_ASSUMPTION
2025-12-22,US_NE,"New York, NY",-0.471,2.1,12.53,28.6,0,4.343,20.4,0.245,-4.814,-18.3,12.285,0,0,1,0,0,0,1,0,1,0,0,2,0,0,1,1,SEVERE,"SEVERE: colder_than_normal, snowier_than_normal",RULE_BASED_UNWEIGHTED_WEATHER_DIMENSIONS,DERIVED_FROM_PUBLIC_WEATHER,PROJECT_ASSUMPTION
2025-12-29,US_NE,"New York, NY",-1.586,5.4,1.05,31.4,1,3.204,15.0,3.202,-4.79,-9.6,-2.152,0,0,1,0,0,0,1,0,0,0,0,1,0,0,1,1,NORMAL,NORMAL: isolated adverse dimension without severe compound conditions | colder_than_normal,RULE_BASED_UNWEIGHTED_WEATHER_DIMENSIONS,DERIVED_FROM_PUBLIC_WEATHER,PROJECT_ASSUMPTION
2026-01-05,US_NE,"New York, NY",3.414,13.0,0.14,22.8,1,1.189,20.575,0.805,2.225,-7.575,-0.665,0,0,0,0,0,0,0,0,0,0,0,0,0,1,1,1,MILD,MILD: warmer_than_seasonal_reference with no adverse weather dimensions,RULE_BASED_UNWEIGHTED_WEATHER_DIMENSIONS,DERIVED_FROM_PUBLIC_WEATHER,PROJECT_ASSUMPTION
2026-01-12,US_NE,"New York, NY",1.557,2.7,7.14,23.3,1,-0.246,16.275,4.148,1.803,-13.575,2.992,0,0,0,0,0,0,0,0,0,0,0,0,0,0,1,1,NORMAL,NORMAL: no material adverse or mild scenario trigger,RULE_BASED_UNWEIGHTED_WEATHER_DIMENSIONS,DERIVED_FROM_PUBLIC_WEATHER,PROJECT_ASSUMPTION
2026-01-19,US_NE,"New York, NY",-4.514,4.9,17.57,24.6,1,-0.168,16.975,3.955,-4.346,-12.075,13.615,0,1,1,0,0,0,1,0,1,0,0,2,1,0,1,1,SEVERE,"SEVERE: colder_than_normal, snowier_than_normal | extreme_event_trigger",RULE_BASED_UNWEIGHTED_WEATHER_DIMENSIONS,DERIVED_FROM_PUBLIC_WEATHER,PROJECT_ASSUMPTION
2026-01-26,US_NE,"New York, NY",-9.171,0.0,0.77,22.2,0,0.425,13.525,0.595,-9.596,-13.525,0.175,0,0,1,0,0,0,1,0,0,0,0,1,0,0,1,1,NORMAL,NORMAL: isolated adverse dimension without severe compound conditions | colder_than_normal,RULE_BASED_UNWEIGHTED_WEATHER_DIMENSIONS,DERIVED_FROM_PUBLIC_WEATHER,PROJECT_ASSUMPTION
2026-02-02,US_NE,"New York, NY",-6.743,0.0,0.98,33.6,0,3.161,4.475,3.238,-9.904,-4.475,-2.258,0,0,1,0,0,0,1,0,0,0,0,1,0,0,1,1,NORMAL,NORMAL: isolated adverse dimension without severe compound conditions | colder_than_normal,RULE_BASED_UNWEIGHTED_WEATHER_DIMENSIONS,DERIVED_FROM_PUBLIC_WEATHER,PROJECT_ASSUMPTION
2026-02-09,US_NE,"New York, NY",-1.8,0.6,0.49,19.6,0,2.461,15.15,6.895,-4.261,-14.55,-6.405,0,0,1,0,0,0,1,0,0,0,0,1,0,0,1,1,NORMAL,NORMAL: isolated adverse dimension without severe compound conditions | colder_than_normal,RULE_BASED_UNWEIGHTED_WEATHER_DIMENSIONS,DERIVED_FROM_PUBLIC_WEATHER,PROJECT_ASSUMPTION
2026-02-16,US_NE,"New York, NY",1.971,11.2,9.03,26.5,3,1.614,12.45,0.525,0.357,-1.25,8.505,0,0,0,0,1,0,0,0,1,1,0,2,0,0,1,1,SEVERE,"SEVERE: snowier_than_normal, wet_cold_compound",RULE_BASED_UNWEIGHTED_WEATHER_DIMENSIONS,DERIVED_FROM_PUBLIC_WEATHER,PROJECT_ASSUMPTION
2026-02-23,US_NE,"New York, NY",0.443,0.1,16.17,35.4,0,4.978,23.05,2.292,-4.536,-22.95,13.878,0,1,0,0,0,0,1,0,1,0,0,2,1,0,1,1,SEVERE,"SEVERE: colder_than_normal, snowier_than_normal | extreme_event_trigger",RULE_BASED_UNWEIGHTED_WEATHER_DIMENSIONS,DERIVED_FROM_PUBLIC_WEATHER,PROJECT_ASSUMPTION
2026-03-02,US_NE,"New York, NY",2.9,42.3,0.7,19.4,4,5.664,39.05,3.395,-2.765,3.25,-2.695,0,0,0,0,1,0,1,0,0,1,0,2,0,0,1,1,SEVERE,"SEVERE: colder_than_normal, wet_cold_compound",RULE_BASED_UNWEIGHTED_WEATHER_DIMENSIONS,DERIVED_FROM_PUBLIC_WEATHER,PROJECT_ASSUMPTION
2026-03-09,US_NE,"New York, NY",7.786,12.1,0.0,33.6,0,8.704,7.5,0.822,-0.918,4.6,-0.822,0,0,0,0,0,0,0,0,0,0,0,0,0,0,1,1,NORMAL,NORMAL: no material adverse or mild scenario trigger,RULE_BASED_UNWEIGHTED_WEATHER_DIMENSIONS,DERIVED_FROM_PUBLIC_WEATHER,PROJECT_ASSUMPTION
2026-03-16,US_NE,"New York, NY",6.271,38.0,0.0,37.1,1,7.289,34.2,0.052,-1.018,3.8,-0.052,0,0,0,0,0,0,0,0,0,0,0,0,0,0,1,1,NORMAL,NORMAL: no material adverse or mild scenario trigger,RULE_BASED_UNWEIGHTED_WEATHER_DIMENSIONS,DERIVED_FROM_PUBLIC_WEATHER,PROJECT_ASSUMPTION
2026-03-23,US_NE,"New York, NY",7.257,17.7,0.0,24.8,0,7.539,20.675,0.0,-0.282,-2.975,0.0,0,0,0,0,0,0,0,0,0,0,0,0,0,0,1,1,NORMAL,NORMAL: no material adverse or mild scenario trigger,RULE_BASED_UNWEIGHTED_WEATHER_DIMENSIONS,DERIVED_FROM_PUBLIC_WEATHER,PROJECT_ASSUMPTION
2026-03-30,US_NE,"New York, NY",13.029,20.6,0.0,23.2,0,9.643,41.65,0.0,3.386,-21.05,0.0,0,0,0,0,0,0,0,0,0,0,0,0,0,1,1,1,MILD,MILD: warmer_than_seasonal_reference with no adverse weather dimensions,RULE_BASED_UNWEIGHTED_WEATHER_DIMENSIONS,DERIVED_FROM_PUBLIC_WEATHER,PROJECT_ASSUMPTION
2026-04-06,US_NE,"New York, NY",8.429,0.3,0.0,26.0,0,12.561,17.125,0.14,-4.132,-16.825,-0.14,0,0,0,0,0,0,1,0,0,0,0,1,0,0,1,1,NORMAL,NORMAL: isolated adverse dimension without severe compound conditions | colder_than_normal,RULE_BASED_UNWEIGHTED_WEATHER_DIMENSIONS,DERIVED_FROM_PUBLIC_WEATHER,PROJECT_ASSUMPTION
2026-04-13,US_NE,"New York, NY",17.771,6.3,0.0,25.2,0,12.353,19.025,0.0,5.418,-12.725,0.0,0,0,0,0,0,0,0,0,0,0,0,0,0,1,1,1,MILD,MILD: warmer_than_seasonal_reference with no adverse weather dimensions,RULE_BASED_UNWEIGHTED_WEATHER_DIMENSIONS,DERIVED_FROM_PUBLIC_WEATHER,PROJECT_ASSUMPTION
2026-04-20,US_NE,"New York, NY",9.943,32.3,0.0,19.6,0,12.532,24.55,0.0,-2.589,7.75,0.0,0,0,0,0,0,0,1,0,0,0,0,1,0,0,1,1,NORMAL,NORMAL: isolated adverse dimension without severe compound conditions | colder_than_normal,RULE_BASED_UNWEIGHTED_WEATHER_DIMENSIONS,DERIVED_FROM_PUBLIC_WEATHER,PROJECT_ASSUMPTION
2026-04-27,US_NE,"New York, NY",12.4,14.7,0.0,26.7,0,14.704,23.925,0.0,-2.304,-9.225,0.0,0,0,0,0,0,0,1,0,0,0,0,1,0,0,1,1,NORMAL,NORMAL: isolated adverse dimension without severe compound conditions | colder_than_normal,RULE_BASED_UNWEIGHTED_WEATHER_DIMENSIONS,DERIVED_FROM_PUBLIC_WEATHER,PROJECT_ASSUMPTION
2026-05-04,US_NE,"New York, NY",15.743,15.2,0.0,25.6,0,17.008,21.425,0.0,-1.264,-6.225,0.0,0,0,0,0,0,0,0,0,0,0,0,0,0,0,1,1,NORMAL,NORMAL: no material adverse or mild scenario trigger,RULE_BASED_UNWEIGHTED_WEATHER_DIMENSIONS,DERIVED_FROM_PUBLIC_WEATHER,PROJECT_ASSUMPTION
2026-05-11,US_NE,"New York, NY",16.529,8.1,0.0,26.8,0,17.807,19.95,0.0,-1.278,-11.85,0.0,0,0,0,0,0,0,0,0,0,0,0,0,0,0,1,1,NORMAL,NORMAL: no material adverse or mild scenario trigger,RULE_BASED_UNWEIGHTED_WEATHER_DIMENSIONS,DERIVED_FROM_PUBLIC_WEATHER,PROJECT_ASSUMPTION
2026-05-18,US_NE,"New York, NY",19.2,34.0,0.0,19.7,0,17.79,11.15,0.0,1.41,22.85,0.0,0,0,0,0,0,0,0,1,0,0,0,1,0,0,1,1,NORMAL,NORMAL: isolated adverse dimension without severe compound conditions | wetter_than_normal,RULE_BASED_UNWEIGHTED_WEATHER_DIMENSIONS,DERIVED_FROM_PUBLIC_WEATHER,PROJECT_ASSUMPTION
2026-05-25,US_NE,"New York, NY",19.1,4.2,0.0,31.7,0,19.453,19.7,0.0,-0.353,-15.5,0.0,0,0,0,0,0,0,0,0,0,0,0,0,0,0,1,1,NORMAL,NORMAL: no material adverse or mild scenario trigger,RULE_BASED_UNWEIGHTED_WEATHER_DIMENSIONS,DERIVED_FROM_PUBLIC_WEATHER,PROJECT_ASSUMPTION
2026-06-01,US_NE,"New York, NY",21.6,1.0,0.0,21.9,0,21.161,18.825,0.0,0.439,-17.825,0.0,0,0,0,0,0,0,0,0,0,0,0,0,0,0,1,1,NORMAL,NORMAL: no material adverse or mild scenario trigger,RULE_BASED_UNWEIGHTED_WEATHER_DIMENSIONS,DERIVED_FROM_PUBLIC_WEATHER,PROJECT_ASSUMPTION
2026-06-08,US_NE,"New York, NY",24.357,2.8,0.0,21.8,0,21.078,18.625,0.0,3.279,-15.825,0.0,0,0,0,0,0,0,0,0,0,0,0,0,0,1,1,1,MILD,MILD: warmer_than_seasonal_reference with no adverse weather dimensions,RULE_BASED_UNWEIGHTED_WEATHER_DIMENSIONS,DERIVED_FROM_PUBLIC_WEATHER,PROJECT_ASSUMPTION
2026-06-15,US_NE,"New York, NY",22.829,14.6,0.0,34.3,0,22.9,15.775,0.0,-0.071,-1.175,0.0,0,0,0,0,0,0,0,0,0,0,0,0,0,0,1,1,NORMAL,NORMAL: no material adverse or mild scenario trigger,RULE_BASED_UNWEIGHTED_WEATHER_DIMENSIONS,DERIVED_FROM_PUBLIC_WEATHER,PROJECT_ASSUMPTION
2026-06-22,US_NE,"New York, NY",22.514,31.7,0.0,21.6,0,24.871,26.75,0.0,-2.357,4.95,0.0,0,0,0,0,0,0,1,0,0,0,0,1,0,0,1,1,NORMAL,NORMAL: isolated adverse dimension without severe compound conditions | colder_than_normal,RULE_BASED_UNWEIGHTED_WEATHER_DIMENSIONS,DERIVED_FROM_PUBLIC_WEATHER,PROJECT_ASSUMPTION
2021-07-05,US_PNW,"Seattle, WA",19.343,0.0,0.0,17.8,0,,,,,,,0,0,0,0,0,0,0,0,0,0,0,0,0,0,0,0,REFERENCE_UNAVAILABLE,No prior-year seasonal weather reference available,RULE_BASED_UNWEIGHTED_WEATHER_DIMENSIONS,DERIVED_FROM_PUBLIC_WEATHER,PROJECT_ASSUMPTION
2021-07-12,US_PNW,"Seattle, WA",19.014,0.0,0.0,12.4,0,,,,,,,0,0,0,0,0,0,0,0,0,0,0,0,0,0,0,0,REFERENCE_UNAVAILABLE,No prior-year seasonal weather reference available,RULE_BASED_UNWEIGHTED_WEATHER_DIMENSIONS,DERIVED_FROM_PUBLIC_WEATHER,PROJECT_ASSUMPTION
2021-07-19,US_PNW,"Seattle, WA",19.571,2.2,0.0,13.6,0,,,,,,,0,0,0,0,0,0,0,0,0,0,0,0,0,0,0,0,REFERENCE_UNAVAILABLE,No prior-year seasonal weather reference available,RULE_BASED_UNWEIGHTED_WEATHER_DIMENSIONS,DERIVED_FROM_PUBLIC_WEATHER,PROJECT_ASSUMPTION
2021-07-26,US_PNW,"Seattle, WA",21.714,1.0,0.0,13.8,0,,,,,,,0,0,0,0,0,0,0,0,0,0,0,0,0,0,0,0,REFERENCE_UNAVAILABLE,No prior-year seasonal weather reference available,RULE_BASED_UNWEIGHTED_WEATHER_DIMENSIONS,DERIVED_FROM_PUBLIC_WEATHER,PROJECT_ASSUMPTION
2021-08-02,US_PNW,"Seattle, WA",20.6,12.8,0.0,18.7,0,,,,,,,0,0,0,0,0,0,0,0,0,0,0,0,0,0,0,0,REFERENCE_UNAVAILABLE,No prior-year seasonal weather reference available,RULE_BASED_UNWEIGHTED_WEATHER_DIMENSIONS,DERIVED_FROM_PUBLIC_WEATHER,PROJECT_ASSUMPTION
2021-08-09,US_PNW,"Seattle, WA",22.429,0.0,0.0,16.6,0,,,,,,,0,0,0,0,0,0,0,0,0,0,0,0,0,0,0,0,REFERENCE_UNAVAILABLE,No prior-year seasonal weather reference available,RULE_BASED_UNWEIGHTED_WEATHER_DIMENSIONS,DERIVED_FROM_PUBLIC_WEATHER,PROJECT_ASSUMPTION
2021-08-16,US_PNW,"Seattle, WA",17.614,1.8,0.0,19.1,0,,,,,,,0,0,0,0,0,0,0,0,0,0,0,0,0,0,0,0,REFERENCE_UNAVAILABLE,No prior-year seasonal weather reference available,RULE_BASED_UNWEIGHTED_WEATHER_DIMENSIONS,DERIVED_FROM_PUBLIC_WEATHER,PROJECT_ASSUMPTION
2021-08-23,US_PNW,"Seattle, WA",17.086,2.2,0.0,14.9,0,,,,,,,0,0,0,0,0,0,0,0,0,0,0,0,0,0,0,0,REFERENCE_UNAVAILABLE,No prior-year seasonal weather reference available,RULE_BASED_UNWEIGHTED_WEATHER_DIMENSIONS,DERIVED_FROM_PUBLIC_WEATHER,PROJECT_ASSUMPTION
2021-08-30,US_PNW,"Seattle, WA",16.6,0.6,0.0,18.2,0,,,,,,,0,0,0,0,0,0,0,0,0,0,0,0,0,0,0,0,REFERENCE_UNAVAILABLE,No prior-year seasonal weather reference available,RULE_BASED_UNWEIGHTED_WEATHER_DIMENSIONS,DERIVED_FROM_PUBLIC_WEATHER,PROJECT_ASSUMPTION
2021-09-06,US_PNW,"Seattle, WA",18.014,8.7,0.0,15.9,0,,,,,,,0,0,0,0,0,0,0,0,0,0,0,0,0,0,0,0,REFERENCE_UNAVAILABLE,No prior-year seasonal weather reference available,RULE_BASED_UNWEIGHTED_WEATHER_DIMENSIONS,DERIVED_FROM_PUBLIC_WEATHER,PROJECT_ASSUMPTION
2021-09-13,US_PNW,"Seattle, WA",14.757,59.6,0.0,23.2,0,,,,,,,1,0,0,0,0,0,0,1,0,0,0,1,0,0,0,0,REFERENCE_UNAVAILABLE,No prior-year seasonal weather reference available,RULE_BASED_UNWEIGHTED_WEATHER_DIMENSIONS,DERIVED_FROM_PUBLIC_WEATHER,PROJECT_ASSUMPTION
2021-09-20,US_PNW,"Seattle, WA",15.543,9.7,0.0,22.0,0,,,,,,,0,0,0,0,0,0,0,0,0,0,0,0,0,0,0,0,REFERENCE_UNAVAILABLE,No prior-year seasonal weather reference available,RULE_BASED_UNWEIGHTED_WEATHER_DIMENSIONS,DERIVED_FROM_PUBLIC_WEATHER,PROJECT_ASSUMPTION
2021-09-27,US_PNW,"Seattle, WA",13.271,36.3,0.0,23.8,0,,,,,,,0,0,0,0,0,0,0,0,0,0,0,0,0,0,0,0,REFERENCE_UNAVAILABLE,No prior-year seasonal weather reference available,RULE_BASED_UNWEIGHTED_WEATHER_DIMENSIONS,DERIVED_FROM_PUBLIC_WEATHER,PROJECT_ASSUMPTION
2021-10-04,US_PNW,"Seattle, WA",10.914,31.4,0.0,24.5,0,,,,,,,0,0,0,0,0,0,0,0,0,0,0,0,0,0,0,0,REFERENCE_UNAVAILABLE,No prior-year seasonal weather reference available,RULE_BASED_UNWEIGHTED_WEATHER_DIMENSIONS,DERIVED_FROM_PUBLIC_WEATHER,PROJECT_ASSUMPTION
2021-10-11,US_PNW,"Seattle, WA",10.529,15.1,0.0,17.4,0,,,,,,,0,0,0,0,0,0,0,0,0,0,0,0,0,0,0,0,REFERENCE_UNAVAILABLE,No prior-year seasonal weather reference available,RULE_BASED_UNWEIGHTED_WEATHER_DIMENSIONS,DERIVED_FROM_PUBLIC_WEATHER,PROJECT_ASSUMPTION
2021-10-18,US_PNW,"Seattle, WA",12.071,33.9,0.0,24.1,0,,,,,,,0,0,0,0,0,0,0,0,0,0,0,0,0,0,0,0,REFERENCE_UNAVAILABLE,No prior-year seasonal weather reference available,RULE_BASED_UNWEIGHTED_WEATHER_DIMENSIONS,DERIVED_FROM_PUBLIC_WEATHER,PROJECT_ASSUMPTION
2021-10-25,US_PNW,"Seattle, WA",10.414,82.2,0.0,27.5,0,,,,,,,1,0,0,0,0,0,0,1,0,0,0,1,0,0,0,0,REFERENCE_UNAVAILABLE,No prior-year seasonal weather reference available,RULE_BASED_UNWEIGHTED_WEATHER_DIMENSIONS,DERIVED_FROM_PUBLIC_WEATHER,PROJECT_ASSUMPTION
2021-11-01,US_PNW,"Seattle, WA",9.129,57.0,0.0,28.4,0,,,,,,,1,0,0,0,0,0,0,1,0,0,0,1,0,0,0,0,REFERENCE_UNAVAILABLE,No prior-year seasonal weather reference available,RULE_BASED_UNWEIGHTED_WEATHER_DIMENSIONS,DERIVED_FROM_PUBLIC_WEATHER,PROJECT_ASSUMPTION
2021-11-08,US_PNW,"Seattle, WA",10.229,107.9,0.0,28.9,0,,,,,,,1,0,0,0,0,0,0,1,0,0,0,1,0,0,0,0,REFERENCE_UNAVAILABLE,No prior-year seasonal weather reference available,RULE_BASED_UNWEIGHTED_WEATHER_DIMENSIONS,DERIVED_FROM_PUBLIC_WEATHER,PROJECT_ASSUMPTION
2021-11-15,US_PNW,"Seattle, WA",6.814,33.8,0.0,34.1,0,,,,,,,0,0,0,0,0,0,0,0,0,0,0,0,0,0,0,0,REFERENCE_UNAVAILABLE,No prior-year seasonal weather reference available,RULE_BASED_UNWEIGHTED_WEATHER_DIMENSIONS,DERIVED_FROM_PUBLIC_WEATHER,PROJECT_ASSUMPTION
2021-11-22,US_PNW,"Seattle, WA",8.814,67.2,0.0,26.2,0,,,,,,,1,0,0,0,0,0,0,1,0,0,0,1,0,0,0,0,REFERENCE_UNAVAILABLE,No prior-year seasonal weather reference available,RULE_BASED_UNWEIGHTED_WEATHER_DIMENSIONS,DERIVED_FROM_PUBLIC_WEATHER,PROJECT_ASSUMPTION
2021-11-29,US_PNW,"Seattle, WA",8.386,33.1,0.0,22.4,1,,,,,,,0,0,0,0,0,0,0,0,0,0,0,0,0,0,0,0,REFERENCE_UNAVAILABLE,No prior-year seasonal weather reference available,RULE_BASED_UNWEIGHTED_WEATHER_DIMENSIONS,DERIVED_FROM_PUBLIC_WEATHER,PROJECT_ASSUMPTION
2021-12-06,US_PNW,"Seattle, WA",5.843,61.9,0.49,35.9,3,,,,,,,1,0,0,0,1,0,0,1,0,1,0,2,0,0,0,0,REFERENCE_UNAVAILABLE,No prior-year seasonal weather reference available,RULE_BASED_UNWEIGHTED_WEATHER_DIMENSIONS,DERIVED_FROM_PUBLIC_WEATHER,PROJECT_ASSUMPTION
2021-12-13,US_PNW,"Seattle, WA",4.6,43.0,1.33,32.9,5,,,,,,,0,0,0,0,1,0,0,0,0,1,0,1,0,0,0,0,REFERENCE_UNAVAILABLE,No prior-year seasonal weather reference available,RULE_BASED_UNWEIGHTED_WEATHER_DIMENSIONS,DERIVED_FROM_PUBLIC_WEATHER,PROJECT_ASSUMPTION
2021-12-20,US_PNW,"Seattle, WA",3.471,36.1,8.05,24.7,4,,,,,,,0,0,0,0,1,0,0,0,0,1,0,1,0,0,0,0,REFERENCE_UNAVAILABLE,No prior-year seasonal weather reference available,RULE_BASED_UNWEIGHTED_WEATHER_DIMENSIONS,DERIVED_FROM_PUBLIC_WEATHER,PROJECT_ASSUMPTION
2021-12-27,US_PNW,"Seattle, WA",-1.5,7.4,5.67,21.1,1,,,,,,,0,0,1,0,0,0,0,0,0,0,0,0,0,0,0,0,REFERENCE_UNAVAILABLE,No prior-year seasonal weather reference available,RULE_BASED_UNWEIGHTED_WEATHER_DIMENSIONS,DERIVED_FROM_PUBLIC_WEATHER,PROJECT_ASSUMPTION
2022-01-03,US_PNW,"Seattle, WA",4.529,110.7,6.86,29.1,3,,,,,,,1,0,0,0,1,0,0,1,0,1,0,2,0,0,0,0,REFERENCE_UNAVAILABLE,No prior-year seasonal weather reference available,RULE_BASED_UNWEIGHTED_WEATHER_DIMENSIONS,DERIVED_FROM_PUBLIC_WEATHER,PROJECT_ASSUMPTION
2022-01-10,US_PNW,"Seattle, WA",7.743,58.9,0.0,20.4,0,,,,,,,1,0,0,0,0,0,0,1,0,0,0,1,0,0,0,0,REFERENCE_UNAVAILABLE,No prior-year seasonal weather reference available,RULE_BASED_UNWEIGHTED_WEATHER_DIMENSIONS,DERIVED_FROM_PUBLIC_WEATHER,PROJECT_ASSUMPTION
2022-01-17,US_PNW,"Seattle, WA",6.671,30.6,0.0,22.2,0,,,,,,,0,0,0,0,0,0,0,0,0,0,0,0,0,0,0,0,REFERENCE_UNAVAILABLE,No prior-year seasonal weather reference available,RULE_BASED_UNWEIGHTED_WEATHER_DIMENSIONS,DERIVED_FROM_PUBLIC_WEATHER,PROJECT_ASSUMPTION
2022-01-24,US_PNW,"Seattle, WA",4.086,8.3,0.0,27.4,0,,,,,,,0,0,0,0,0,0,0,0,0,0,0,0,0,0,0,0,REFERENCE_UNAVAILABLE,No prior-year seasonal weather reference available,RULE_BASED_UNWEIGHTED_WEATHER_DIMENSIONS,DERIVED_FROM_PUBLIC_WEATHER,PROJECT_ASSUMPTION
2022-01-31,US_PNW,"Seattle, WA",5.243,12.0,0.28,23.7,2,,,,,,,0,0,0,0,1,0,0,0,0,1,0,1,0,0,0,0,REFERENCE_UNAVAILABLE,No prior-year seasonal weather reference available,RULE_BASED_UNWEIGHTED_WEATHER_DIMENSIONS,DERIVED_FROM_PUBLIC_WEATHER,PROJECT_ASSUMPTION
2022-02-07,US_PNW,"Seattle, WA",7.071,1.7,0.0,21.2,0,,,,,,,0,0,0,0,0,0,0,0,0,0,0,0,0,0,0,0,REFERENCE_UNAVAILABLE,No prior-year seasonal weather reference available,RULE_BASED_UNWEIGHTED_WEATHER_DIMENSIONS,DERIVED_FROM_PUBLIC_WEATHER,PROJECT_ASSUMPTION
2022-02-14,US_PNW,"Seattle, WA",7.057,18.3,0.07,24.9,0,,,,,,,0,0,0,0,0,0,0,0,0,0,0,0,0,0,0,0,REFERENCE_UNAVAILABLE,No prior-year seasonal weather reference available,RULE_BASED_UNWEIGHTED_WEATHER_DIMENSIONS,DERIVED_FROM_PUBLIC_WEATHER,PROJECT_ASSUMPTION
2022-02-21,US_PNW,"Seattle, WA",3.071,27.3,0.84,21.3,2,,,,,,,0,0,0,0,1,0,0,0,0,1,0,1,0,0,0,0,REFERENCE_UNAVAILABLE,No prior-year seasonal weather reference available,RULE_BASED_UNWEIGHTED_WEATHER_DIMENSIONS,DERIVED_FROM_PUBLIC_WEATHER,PROJECT_ASSUMPTION
2022-02-28,US_PNW,"Seattle, WA",8.371,75.6,0.0,24.4,0,,,,,,,1,0,0,0,0,0,0,1,0,0,0,1,0,0,0,0,REFERENCE_UNAVAILABLE,No prior-year seasonal weather reference available,RULE_BASED_UNWEIGHTED_WEATHER_DIMENSIONS,DERIVED_FROM_PUBLIC_WEATHER,PROJECT_ASSUMPTION
2022-03-07,US_PNW,"Seattle, WA",6.657,17.7,0.0,21.1,0,,,,,,,0,0,0,0,0,0,0,0,0,0,0,0,0,0,0,0,REFERENCE_UNAVAILABLE,No prior-year seasonal weather reference available,RULE_BASED_UNWEIGHTED_WEATHER_DIMENSIONS,DERIVED_FROM_PUBLIC_WEATHER,PROJECT_ASSUMPTION
2022-03-14,US_PNW,"Seattle, WA",8.2,56.8,0.07,20.1,0,,,,,,,1,0,0,0,0,0,0,1,0,0,0,1,0,0,0,0,REFERENCE_UNAVAILABLE,No prior-year seasonal weather reference available,RULE_BASED_UNWEIGHTED_WEATHER_DIMENSIONS,DERIVED_FROM_PUBLIC_WEATHER,PROJECT_ASSUMPTION
2022-03-21,US_PNW,"Seattle, WA",9.886,28.5,0.0,17.6,0,,,,,,,0,0,0,0,0,0,0,0,0,0,0,0,0,0,0,0,REFERENCE_UNAVAILABLE,No prior-year seasonal weather reference available,RULE_BASED_UNWEIGHTED_WEATHER_DIMENSIONS,DERIVED_FROM_PUBLIC_WEATHER,PROJECT_ASSUMPTION
2022-03-28,US_PNW,"Seattle, WA",9.286,22.4,0.0,27.3,0,,,,,,,0,0,0,0,0,0,0,0,0,0,0,0,0,0,0,0,REFERENCE_UNAVAILABLE,No prior-year seasonal weather reference available,RULE_BASED_UNWEIGHTED_WEATHER_DIMENSIONS,DERIVED_FROM_PUBLIC_WEATHER,PROJECT_ASSUMPTION
2022-04-04,US_PNW,"Seattle, WA",8.471,43.8,0.49,32.4,1,,,,,,,0,0,0,0,0,0,0,0,0,0,0,0,0,0,0,0,REFERENCE_UNAVAILABLE,No prior-year seasonal weather reference available,RULE_BASED_UNWEIGHTED_WEATHER_DIMENSIONS,DERIVED_FROM_PUBLIC_WEATHER,PROJECT_ASSUMPTION
2022-04-11,US_PNW,"Seattle, WA",5.914,14.1,0.14,20.4,2,,,,,,,0,0,0,0,1,0,0,0,0,1,0,1,0,0,0,0,REFERENCE_UNAVAILABLE,No prior-year seasonal weather reference available,RULE_BASED_UNWEIGHTED_WEATHER_DIMENSIONS,DERIVED_FROM_PUBLIC_WEATHER,PROJECT_ASSUMPTION
2022-04-18,US_PNW,"Seattle, WA",9.529,25.1,0.0,29.3,0,,,,,,,0,0,0,0,0,0,0,0,0,0,0,0,0,0,0,0,REFERENCE_UNAVAILABLE,No prior-year seasonal weather reference available,RULE_BASED_UNWEIGHTED_WEATHER_DIMENSIONS,DERIVED_FROM_PUBLIC_WEATHER,PROJECT_ASSUMPTION
2022-04-25,US_PNW,"Seattle, WA",10.329,24.6,0.0,19.3,0,,,,,,,0,0,0,0,0,0,0,0,0,0,0,0,0,0,0,0,REFERENCE_UNAVAILABLE,No prior-year seasonal weather reference available,RULE_BASED_UNWEIGHTED_WEATHER_DIMENSIONS,DERIVED_FROM_PUBLIC_WEATHER,PROJECT_ASSUMPTION
2022-05-02,US_PNW,"Seattle, WA",10.243,47.8,0.0,22.2,0,,,,,,,0,0,0,0,0,0,0,0,0,0,0,0,0,0,0,0,REFERENCE_UNAVAILABLE,No prior-year seasonal weather reference available,RULE_BASED_UNWEIGHTED_WEATHER_DIMENSIONS,DERIVED_FROM_PUBLIC_WEATHER,PROJECT_ASSUMPTION
2022-05-09,US_PNW,"Seattle, WA",10.671,50.2,0.0,24.0,0,,,,,,,1,0,0,0,0,0,0,1,0,0,0,1,0,0,0,0,REFERENCE_UNAVAILABLE,No prior-year seasonal weather reference available,RULE_BASED_UNWEIGHTED_WEATHER_DIMENSIONS,DERIVED_FROM_PUBLIC_WEATHER,PROJECT_ASSUMPTION
2022-05-16,US_PNW,"Seattle, WA",12.0,14.4,0.0,27.8,0,,,,,,,0,0,0,0,0,0,0,0,0,0,0,0,0,0,0,0,REFERENCE_UNAVAILABLE,No prior-year seasonal weather reference available,RULE_BASED_UNWEIGHTED_WEATHER_DIMENSIONS,DERIVED_FROM_PUBLIC_WEATHER,PROJECT_ASSUMPTION
2022-05-23,US_PNW,"Seattle, WA",13.371,34.0,0.0,18.3,0,,,,,,,0,0,0,0,0,0,0,0,0,0,0,0,0,0,0,0,REFERENCE_UNAVAILABLE,No prior-year seasonal weather reference available,RULE_BASED_UNWEIGHTED_WEATHER_DIMENSIONS,DERIVED_FROM_PUBLIC_WEATHER,PROJECT_ASSUMPTION
2022-05-30,US_PNW,"Seattle, WA",15.114,38.8,0.0,20.4,0,,,,,,,0,0,0,0,0,0,0,0,0,0,0,0,0,0,0,0,REFERENCE_UNAVAILABLE,No prior-year seasonal weather reference available,RULE_BASED_UNWEIGHTED_WEATHER_DIMENSIONS,DERIVED_FROM_PUBLIC_WEATHER,PROJECT_ASSUMPTION
2022-06-06,US_PNW,"Seattle, WA",15.029,48.6,0.0,17.3,0,,,,,,,0,0,0,0,0,0,0,0,0,0,0,0,0,0,0,0,REFERENCE_UNAVAILABLE,No prior-year seasonal weather reference available,RULE_BASED_UNWEIGHTED_WEATHER_DIMENSIONS,DERIVED_FROM_PUBLIC_WEATHER,PROJECT_ASSUMPTION
2022-06-13,US_PNW,"Seattle, WA",13.757,18.3,0.0,20.6,0,,,,,,,0,0,0,0,0,0,0,0,0,0,0,0,0,0,0,0,REFERENCE_UNAVAILABLE,No prior-year seasonal weather reference available,RULE_BASED_UNWEIGHTED_WEATHER_DIMENSIONS,DERIVED_FROM_PUBLIC_WEATHER,PROJECT_ASSUMPTION
2022-06-20,US_PNW,"Seattle, WA",17.857,8.6,0.0,15.0,0,,,,,,,0,0,0,0,0,0,0,0,0,0,0,0,0,0,0,0,REFERENCE_UNAVAILABLE,No prior-year seasonal weather reference available,RULE_BASED_UNWEIGHTED_WEATHER_DIMENSIONS,DERIVED_FROM_PUBLIC_WEATHER,PROJECT_ASSUMPTION
2022-06-27,US_PNW,"Seattle, WA",17.414,7.3,0.0,21.5,0,,,,,,,0,0,0,0,0,0,0,0,0,0,0,0,0,0,0,0,REFERENCE_UNAVAILABLE,No prior-year seasonal weather reference available,RULE_BASED_UNWEIGHTED_WEATHER_DIMENSIONS,DERIVED_FROM_PUBLIC_WEATHER,PROJECT_ASSUMPTION
2022-07-04,US_PNW,"Seattle, WA",17.957,6.0,0.0,10.8,0,19.343,0.0,0.0,-1.386,6.0,0.0,0,0,0,0,0,0,0,0,0,0,0,0,0,0,1,1,NORMAL,NORMAL: no material adverse or mild scenario trigger,RULE_BASED_UNWEIGHTED_WEATHER_DIMENSIONS,DERIVED_FROM_PUBLIC_WEATHER,PROJECT_ASSUMPTION
2022-07-11,US_PNW,"Seattle, WA",18.857,0.7,0.0,13.1,0,19.014,0.0,0.0,-0.157,0.7,0.0,0,0,0,0,0,0,0,0,0,0,0,0,0,0,1,1,NORMAL,NORMAL: no material adverse or mild scenario trigger,RULE_BASED_UNWEIGHTED_WEATHER_DIMENSIONS,DERIVED_FROM_PUBLIC_WEATHER,PROJECT_ASSUMPTION
2022-07-18,US_PNW,"Seattle, WA",18.886,0.4,0.0,14.9,0,19.571,2.2,0.0,-0.685,-1.8,0.0,0,0,0,0,0,0,0,0,0,0,0,0,0,0,1,1,NORMAL,NORMAL: no material adverse or mild scenario trigger,RULE_BASED_UNWEIGHTED_WEATHER_DIMENSIONS,DERIVED_FROM_PUBLIC_WEATHER,PROJECT_ASSUMPTION
2022-07-25,US_PNW,"Seattle, WA",24.043,0.0,0.0,11.5,0,21.714,1.0,0.0,2.329,-1.0,0.0,0,0,0,0,0,0,0,0,0,0,0,0,0,1,1,1,MILD,MILD: warmer_than_seasonal_reference with no adverse weather dimensions,RULE_BASED_UNWEIGHTED_WEATHER_DIMENSIONS,DERIVED_FROM_PUBLIC_WEATHER,PROJECT_ASSUMPTION
2022-08-01,US_PNW,"Seattle, WA",19.214,1.4,0.0,17.8,0,20.6,12.8,0.0,-1.386,-11.4,0.0,0,0,0,0,0,0,0,0,0,0,0,0,0,0,1,1,NORMAL,NORMAL: no material adverse or mild scenario trigger,RULE_BASED_UNWEIGHTED_WEATHER_DIMENSIONS,DERIVED_FROM_PUBLIC_WEATHER,PROJECT_ASSUMPTION
2022-08-08,US_PNW,"Seattle, WA",19.657,0.9,0.0,17.4,0,22.429,0.0,0.0,-2.772,0.9,0.0,0,0,0,0,0,0,1,0,0,0,0,1,0,0,1,1,NORMAL,NORMAL: isolated adverse dimension without severe compound conditions | colder_than_normal,RULE_BASED_UNWEIGHTED_WEATHER_DIMENSIONS,DERIVED_FROM_PUBLIC_WEATHER,PROJECT_ASSUMPTION
2022-08-15,US_PNW,"Seattle, WA",21.486,0.8,0.0,14.4,0,17.614,1.8,0.0,3.872,-1.0,0.0,0,0,0,0,0,0,0,0,0,0,0,0,0,1,1,1,MILD,MILD: warmer_than_seasonal_reference with no adverse weather dimensions,RULE_BASED_UNWEIGHTED_WEATHER_DIMENSIONS,DERIVED_FROM_PUBLIC_WEATHER,PROJECT_ASSUMPTION
2022-08-22,US_PNW,"Seattle, WA",19.8,2.9,0.0,17.4,0,17.086,2.2,0.0,2.714,0.7,0.0,0,0,0,0,0,0,0,0,0,0,0,0,0,1,1,1,MILD,MILD: warmer_than_seasonal_reference with no adverse weather dimensions,RULE_BASED_UNWEIGHTED_WEATHER_DIMENSIONS,DERIVED_FROM_PUBLIC_WEATHER,PROJECT_ASSUMPTION
2022-08-29,US_PNW,"Seattle, WA",19.857,0.2,0.0,16.7,0,16.6,0.6,0.0,3.257,-0.4,0.0,0,0,0,0,0,0,0,0,0,0,0,0,0,1,1,1,MILD,MILD: warmer_than_seasonal_reference with no adverse weather dimensions,RULE_BASED_UNWEIGHTED_WEATHER_DIMENSIONS,DERIVED_FROM_PUBLIC_WEATHER,PROJECT_ASSUMPTION
2022-09-05,US_PNW,"Seattle, WA",18.171,1.2,0.0,18.6,0,18.014,8.7,0.0,0.157,-7.5,0.0,0,0,0,0,0,0,0,0,0,0,0,0,0,0,1,1,NORMAL,NORMAL: no material adverse or mild scenario trigger,RULE_BASED_UNWEIGHTED_WEATHER_DIMENSIONS,DERIVED_FROM_PUBLIC_WEATHER,PROJECT_ASSUMPTION
2022-09-12,US_PNW,"Seattle, WA",16.814,3.7,0.0,16.0,0,14.757,59.6,0.0,2.057,-55.9,0.0,0,0,0,0,0,0,0,0,0,0,0,0,0,1,1,1,MILD,MILD: warmer_than_seasonal_reference with no adverse weather dimensions,RULE_BASED_UNWEIGHTED_WEATHER_DIMENSIONS,DERIVED_FROM_PUBLIC_WEATHER,PROJECT_ASSUMPTION
2022-09-19,US_PNW,"Seattle, WA",16.629,0.0,0.0,18.7,0,15.543,9.7,0.0,1.086,-9.7,0.0,0,0,0,0,0,0,0,0,0,0,0,0,0,0,1,1,NORMAL,NORMAL: no material adverse or mild scenario trigger,RULE_BASED_UNWEIGHTED_WEATHER_DIMENSIONS,DERIVED_FROM_PUBLIC_WEATHER,PROJECT_ASSUMPTION
2022-09-26,US_PNW,"Seattle, WA",16.686,2.2,0.0,13.2,0,13.271,36.3,0.0,3.415,-34.1,0.0,0,0,0,0,0,0,0,0,0,0,0,0,0,1,1,1,MILD,MILD: warmer_than_seasonal_reference with no adverse weather dimensions,RULE_BASED_UNWEIGHTED_WEATHER_DIMENSIONS,DERIVED_FROM_PUBLIC_WEATHER,PROJECT_ASSUMPTION
2022-10-03,US_PNW,"Seattle, WA",15.614,0.0,0.0,10.0,0,10.914,31.4,0.0,4.7,-31.4,0.0,0,0,0,0,0,0,0,0,0,0,0,0,0,1,1,1,MILD,MILD: warmer_than_seasonal_reference with no adverse weather dimensions,RULE_BASED_UNWEIGHTED_WEATHER_DIMENSIONS,DERIVED_FROM_PUBLIC_WEATHER,PROJECT_ASSUMPTION
2022-10-10,US_PNW,"Seattle, WA",14.657,0.8,0.0,14.1,0,10.529,15.1,0.0,4.128,-14.3,0.0,0,0,0,0,0,0,0,0,0,0,0,0,0,1,1,1,MILD,MILD: warmer_than_seasonal_reference with no adverse weather dimensions,RULE_BASED_UNWEIGHTED_WEATHER_DIMENSIONS,DERIVED_FROM_PUBLIC_WEATHER,PROJECT_ASSUMPTION
2022-10-17,US_PNW,"Seattle, WA",11.343,14.7,0.0,18.2,0,12.071,33.9,0.0,-0.728,-19.2,0.0,0,0,0,0,0,0,0,0,0,0,0,0,0,0,1,1,NORMAL,NORMAL: no material adverse or mild scenario trigger,RULE_BASED_UNWEIGHTED_WEATHER_DIMENSIONS,DERIVED_FROM_PUBLIC_WEATHER,PROJECT_ASSUMPTION
2022-10-24,US_PNW,"Seattle, WA",10.771,70.0,0.0,25.2,0,10.414,82.2,0.0,0.357,-12.2,0.0,1,0,0,0,0,0,0,1,0,0,0,1,0,0,1,1,NORMAL,NORMAL: isolated adverse dimension without severe compound conditions | wetter_than_normal,RULE_BASED_UNWEIGHTED_WEATHER_DIMENSIONS,DERIVED_FROM_PUBLIC_WEATHER,PROJECT_ASSUMPTION
2022-10-31,US_PNW,"Seattle, WA",7.9,118.0,0.21,32.8,0,9.129,57.0,0.0,-1.229,61.0,0.21,1,0,0,0,0,0,0,1,0,0,0,1,0,0,1,1,NORMAL,NORMAL: isolated adverse dimension without severe compound conditions | wetter_than_normal,RULE_BASED_UNWEIGHTED_WEATHER_DIMENSIONS,DERIVED_FROM_PUBLIC_WEATHER,PROJECT_ASSUMPTION
2022-11-07,US_PNW,"Seattle, WA",4.7,8.3,0.28,19.8,0,10.229,107.9,0.0,-5.529,-99.6,0.28,0,0,0,0,0,0,1,0,0,0,0,1,0,0,1,1,NORMAL,NORMAL: isolated adverse dimension without severe compound conditions | colder_than_normal,RULE_BASED_UNWEIGHTED_WEATHER_DIMENSIONS,DERIVED_FROM_PUBLIC_WEATHER,PROJECT_ASSUMPTION
2022-11-14,US_PNW,"Seattle, WA",4.271,0.0,0.0,13.2,0,6.814,33.8,0.0,-2.543,-33.8,0.0,0,0,0,0,0,0,1,0,0,0,0,1,0,0,1,1,NORMAL,NORMAL: isolated adverse dimension without severe compound conditions | colder_than_normal,RULE_BASED_UNWEIGHTED_WEATHER_DIMENSIONS,DERIVED_FROM_PUBLIC_WEATHER,PROJECT_ASSUMPTION
2022-11-21,US_PNW,"Seattle, WA",7.071,49.0,0.28,30.4,0,8.814,67.2,0.0,-1.743,-18.2,0.28,0,0,0,0,0,0,0,0,0,0,0,0,0,0,1,1,NORMAL,NORMAL: no material adverse or mild scenario trigger,RULE_BASED_UNWEIGHTED_WEATHER_DIMENSIONS,DERIVED_FROM_PUBLIC_WEATHER,PROJECT_ASSUMPTION
2022-11-28,US_PNW,"Seattle, WA",1.843,28.6,14.0,23.9,5,8.386,33.1,0.0,-6.543,-4.5,14.0,0,0,0,0,1,0,1,0,1,1,0,3,0,0,1,1,SEVERE,"SEVERE: colder_than_normal, snowier_than_normal, wet_cold_compound",RULE_BASED_UNWEIGHTED_WEATHER_DIMENSIONS,DERIVED_FROM_PUBLIC_WEATHER,PROJECT_ASSUMPTION
2022-12-05,US_PNW,"Seattle, WA",5.114,32.5,1.05,19.9,2,5.843,61.9,0.49,-0.729,-29.4,0.56,0,0,0,0,1,0,0,0,0,1,0,1,0,0,1,1,NORMAL,NORMAL: isolated adverse dimension without severe compound conditions | wet_cold_compound,RULE_BASED_UNWEIGHTED_WEATHER_DIMENSIONS,DERIVED_FROM_PUBLIC_WEATHER,PROJECT_ASSUMPTION
2022-12-12,US_PNW,"Seattle, WA",3.757,2.5,1.89,20.8,2,4.6,43.0,1.33,-0.843,-40.5,0.56,0,0,0,0,1,0,0,0,0,1,0,1,0,0,1,1,NORMAL,NORMAL: isolated adverse dimension without severe compound conditions | wet_cold_compound,RULE_BASED_UNWEIGHTED_WEATHER_DIMENSIONS,DERIVED_FROM_PUBLIC_WEATHER,PROJECT_ASSUMPTION
2022-12-19,US_PNW,"Seattle, WA",1.671,53.8,6.44,23.6,3,3.471,36.1,8.05,-1.8,17.7,-1.61,1,0,0,0,1,0,0,1,0,1,0,2,0,0,1,1,SEVERE,"SEVERE: wetter_than_normal, wet_cold_compound",RULE_BASED_UNWEIGHTED_WEATHER_DIMENSIONS,DERIVED_FROM_PUBLIC_WEATHER,PROJECT_ASSUMPTION
2022-12-26,US_PNW,"Seattle, WA",7.857,71.6,0.0,31.1,0,-1.5,7.4,5.67,9.357,64.2,-5.67,1,0,0,0,0,0,0,1,0,0,0,1,0,0,1,1,NORMAL,NORMAL: isolated adverse dimension without severe compound conditions | wetter_than_normal,RULE_BASED_UNWEIGHTED_WEATHER_DIMENSIONS,DERIVED_FROM_PUBLIC_WEATHER,PROJECT_ASSUMPTION
2023-01-02,US_PNW,"Seattle, WA",7.286,24.5,0.42,22.1,0,4.529,110.7,6.86,2.757,-86.2,-6.44,0,0,0,0,0,0,0,0,0,0,0,0,0,1,1,1,MILD,MILD: warmer_than_seasonal_reference with no adverse weather dimensions,RULE_BASED_UNWEIGHTED_WEATHER_DIMENSIONS,DERIVED_FROM_PUBLIC_WEATHER,PROJECT_ASSUMPTION
2023-01-09,US_PNW,"Seattle, WA",8.971,52.9,0.0,23.2,0,7.743,58.9,0.0,1.228,-6.0,0.0,1,0,0,0,0,0,0,1,0,0,0,1,0,0,1,1,NORMAL,NORMAL: isolated adverse dimension without severe compound conditions | wetter_than_normal,RULE_BASED_UNWEIGHTED_WEATHER_DIMENSIONS,DERIVED_FROM_PUBLIC_WEATHER,PROJECT_ASSUMPTION
2023-01-16,US_PNW,"Seattle, WA",5.514,26.8,0.56,20.1,3,6.671,30.6,0.0,-1.157,-3.8,0.56,0,0,0,0,1,0,0,0,0,1,0,1,0,0,1,1,NORMAL,NORMAL: isolated adverse dimension without severe compound conditions | wet_cold_compound,RULE_BASED_UNWEIGHTED_WEATHER_DIMENSIONS,DERIVED_FROM_PUBLIC_WEATHER,PROJECT_ASSUMPTION
2023-01-23,US_PNW,"Seattle, WA",5.943,7.6,0.0,16.9,0,4.086,8.3,0.0,1.857,-0.7,0.0,0,0,0,0,0,0,0,0,0,0,0,0,0,0,1,1,NORMAL,NORMAL: no material adverse or mild scenario trigger,RULE_BASED_UNWEIGHTED_WEATHER_DIMENSIONS,DERIVED_FROM_PUBLIC_WEATHER,PROJECT_ASSUMPTION
2023-01-30,US_PNW,"Seattle, WA",4.729,12.0,0.0,26.3,0,5.243,12.0,0.28,-0.514,0.0,-0.28,0,0,0,0,0,0,0,0,0,0,0,0,0,0,1,1,NORMAL,NORMAL: no material adverse or mild scenario trigger,RULE_BASED_UNWEIGHTED_WEATHER_DIMENSIONS,DERIVED_FROM_PUBLIC_WEATHER,PROJECT_ASSUMPTION
2023-02-06,US_PNW,"Seattle, WA",7.143,22.6,0.0,27.6,0,7.071,1.7,0.0,0.072,20.9,0.0,0,0,0,0,0,0,0,1,0,0,0,1,0,0,1,1,NORMAL,NORMAL: isolated adverse dimension without severe compound conditions | wetter_than_normal,RULE_BASED_UNWEIGHTED_WEATHER_DIMENSIONS,DERIVED_FROM_PUBLIC_WEATHER,PROJECT_ASSUMPTION
2023-02-13,US_PNW,"Seattle, WA",5.243,19.6,2.38,22.6,0,7.057,18.3,0.07,-1.814,1.3,2.31,0,0,0,0,0,0,0,0,0,0,0,0,0,0,1,1,NORMAL,NORMAL: no material adverse or mild scenario trigger,RULE_BASED_UNWEIGHTED_WEATHER_DIMENSIONS,DERIVED_FROM_PUBLIC_WEATHER,PROJECT_ASSUMPTION
2023-02-20,US_PNW,"Seattle, WA",2.686,18.8,4.34,28.2,1,3.071,27.3,0.84,-0.385,-8.5,3.5,0,0,0,0,0,0,0,0,0,0,0,0,0,0,1,1,NORMAL,NORMAL: no material adverse or mild scenario trigger,RULE_BASED_UNWEIGHTED_WEATHER_DIMENSIONS,DERIVED_FROM_PUBLIC_WEATHER,PROJECT_ASSUMPTION
2023-02-27,US_PNW,"Seattle, WA",4.314,29.0,2.31,24.6,4,8.371,75.6,0.0,-4.057,-46.6,2.31,0,0,0,0,1,0,1,0,0,1,0,2,0,0,1,1,SEVERE,"SEVERE: colder_than_normal, wet_cold_compound",RULE_BASED_UNWEIGHTED_WEATHER_DIMENSIONS,DERIVED_FROM_PUBLIC_WEATHER,PROJECT_ASSUMPTION
2023-03-06,US_PNW,"Seattle, WA",6.057,16.3,0.07,17.5,1,6.657,17.7,0.0,-0.6,-1.4,0.07,0,0,0,0,0,0,0,0,0,0,0,0,0,0,1,1,NORMAL,NORMAL: no material adverse or mild scenario trigger,RULE_BASED_UNWEIGHTED_WEATHER_DIMENSIONS,DERIVED_FROM_PUBLIC_WEATHER,PROJECT_ASSUMPTION
2023-03-13,US_PNW,"Seattle, WA",8.129,16.7,0.0,18.6,0,8.2,56.8,0.07,-0.071,-40.1,-0.07,0,0,0,0,0,0,0,0,0,0,0,0,0,0,1,1,NORMAL,NORMAL: no material adverse or mild scenario trigger,RULE_BASED_UNWEIGHTED_WEATHER_DIMENSIONS,DERIVED_FROM_PUBLIC_WEATHER,PROJECT_ASSUMPTION
2023-03-20,US_PNW,"Seattle, WA",7.343,26.4,0.7,25.4,2,9.886,28.5,0.0,-2.543,-2.1,0.7,0,0,0,0,1,0,1,0,0,1,0,2,0,0,1,1,SEVERE,"SEVERE: colder_than_normal, wet_cold_compound",RULE_BASED_UNWEIGHTED_WEATHER_DIMENSIONS,DERIVED_FROM_PUBLIC_WEATHER,PROJECT_ASSUMPTION
2023-03-27,US_PNW,"Seattle, WA",7.9,21.8,0.42,21.9,1,9.286,22.4,0.0,-1.386,-0.6,0.42,0,0,0,0,0,0,0,0,0,0,0,0,0,0,1,1,NORMAL,NORMAL: no material adverse or mild scenario trigger,RULE_BASED_UNWEIGHTED_WEATHER_DIMENSIONS,DERIVED_FROM_PUBLIC_WEATHER,PROJECT_ASSUMPTION
2023-04-03,US_PNW,"Seattle, WA",8.243,44.6,0.0,22.3,1,8.471,43.8,0.49,-0.228,0.8,-0.49,0,0,0,0,0,0,0,0,0,0,0,0,0,0,1,1,NORMAL,NORMAL: no material adverse or mild scenario trigger,RULE_BASED_UNWEIGHTED_WEATHER_DIMENSIONS,DERIVED_FROM_PUBLIC_WEATHER,PROJECT_ASSUMPTION
2023-04-10,US_PNW,"Seattle, WA",7.786,31.1,0.0,21.7,0,5.914,14.1,0.14,1.872,17.0,-0.14,0,0,0,0,0,0,0,0,0,0,0,0,0,0,1,1,NORMAL,NORMAL: no material adverse or mild scenario trigger,RULE_BASED_UNWEIGHTED_WEATHER_DIMENSIONS,DERIVED_FROM_PUBLIC_WEATHER,PROJECT_ASSUMPTION
2023-04-17,US_PNW,"Seattle, WA",8.257,28.5,0.0,24.9,0,9.529,25.1,0.0,-1.272,3.4,0.0,0,0,0,0,0,0,0,0,0,0,0,0,0,0,1,1,NORMAL,NORMAL: no material adverse or mild scenario trigger,RULE_BASED_UNWEIGHTED_WEATHER_DIMENSIONS,DERIVED_FROM_PUBLIC_WEATHER,PROJECT_ASSUMPTION
2023-04-24,US_PNW,"Seattle, WA",12.9,5.0,0.0,15.0,0,10.329,24.6,0.0,2.571,-19.6,0.0,0,0,0,0,0,0,0,0,0,0,0,0,0,1,1,1,MILD,MILD: warmer_than_seasonal_reference with no adverse weather dimensions,RULE_BASED_UNWEIGHTED_WEATHER_DIMENSIONS,DERIVED_FROM_PUBLIC_WEATHER,PROJECT_ASSUMPTION
2023-05-01,US_PNW,"Seattle, WA",12.257,15.7,0.0,17.1,0,10.243,47.8,0.0,2.014,-32.1,0.0,0,0,0,0,0,0,0,0,0,0,0,0,0,1,1,1,MILD,MILD: warmer_than_seasonal_reference with no adverse weather dimensions,RULE_BASED_UNWEIGHTED_WEATHER_DIMENSIONS,DERIVED_FROM_PUBLIC_WEATHER,PROJECT_ASSUMPTION
2023-05-08,US_PNW,"Seattle, WA",16.014,0.5,0.0,15.0,0,10.671,50.2,0.0,5.343,-49.7,0.0,0,0,0,0,0,0,0,0,0,0,0,0,0,1,1,1,MILD,MILD: warmer_than_seasonal_reference with no adverse weather dimensions,RULE_BASED_UNWEIGHTED_WEATHER_DIMENSIONS,DERIVED_FROM_PUBLIC_WEATHER,PROJECT_ASSUMPTION
2023-05-15,US_PNW,"Seattle, WA",18.271,1.6,0.0,17.1,0,12.0,14.4,0.0,6.271,-12.8,0.0,0,0,0,0,0,0,0,0,0,0,0,0,0,1,1,1,MILD,MILD: warmer_than_seasonal_reference with no adverse weather dimensions,RULE_BASED_UNWEIGHTED_WEATHER_DIMENSIONS,DERIVED_FROM_PUBLIC_WEATHER,PROJECT_ASSUMPTION
2023-05-22,US_PNW,"Seattle, WA",15.2,2.4,0.0,14.4,0,13.371,34.0,0.0,1.829,-31.6,0.0,0,0,0,0,0,0,0,0,0,0,0,0,0,0,1,1,NORMAL,NORMAL: no material adverse or mild scenario trigger,RULE_BASED_UNWEIGHTED_WEATHER_DIMENSIONS,DERIVED_FROM_PUBLIC_WEATHER,PROJECT_ASSUMPTION
2023-05-29,US_PNW,"Seattle, WA",14.8,1.2,0.0,16.9,0,15.114,38.8,0.0,-0.314,-37.6,0.0,0,0,0,0,0,0,0,0,0,0,0,0,0,0,1,1,NORMAL,NORMAL: no material adverse or mild scenario trigger,RULE_BASED_UNWEIGHTED_WEATHER_DIMENSIONS,DERIVED_FROM_PUBLIC_WEATHER,PROJECT_ASSUMPTION
2023-06-05,US_PNW,"Seattle, WA",16.057,7.6,0.0,19.2,0,15.029,48.6,0.0,1.028,-41.0,0.0,0,0,0,0,0,0,0,0,0,0,0,0,0,0,1,1,NORMAL,NORMAL: no material adverse or mild scenario trigger,RULE_BASED_UNWEIGHTED_WEATHER_DIMENSIONS,DERIVED_FROM_PUBLIC_WEATHER,PROJECT_ASSUMPTION
2023-06-12,US_PNW,"Seattle, WA",15.6,20.4,0.0,21.1,0,13.757,18.3,0.0,1.843,2.1,0.0,0,0,0,0,0,0,0,0,0,0,0,0,0,0,1,1,NORMAL,NORMAL: no material adverse or mild scenario trigger,RULE_BASED_UNWEIGHTED_WEATHER_DIMENSIONS,DERIVED_FROM_PUBLIC_WEATHER,PROJECT_ASSUMPTION
2023-06-19,US_PNW,"Seattle, WA",15.929,5.2,0.0,13.9,0,17.857,8.6,0.0,-1.928,-3.4,0.0,0,0,0,0,0,0,0,0,0,0,0,0,0,0,1,1,NORMAL,NORMAL: no material adverse or mild scenario trigger,RULE_BASED_UNWEIGHTED_WEATHER_DIMENSIONS,DERIVED_FROM_PUBLIC_WEATHER,PROJECT_ASSUMPTION
2023-06-26,US_PNW,"Seattle, WA",19.129,1.4,0.0,12.3,0,17.414,7.3,0.0,1.715,-5.9,0.0,0,0,0,0,0,0,0,0,0,0,0,0,0,0,1,1,NORMAL,NORMAL: no material adverse or mild scenario trigger,RULE_BASED_UNWEIGHTED_WEATHER_DIMENSIONS,DERIVED_FROM_PUBLIC_WEATHER,PROJECT_ASSUMPTION
2023-07-03,US_PNW,"Seattle, WA",19.943,0.0,0.0,14.2,0,18.65,3.0,0.0,1.293,-3.0,0.0,0,0,0,0,0,0,0,0,0,0,0,0,0,0,1,1,NORMAL,NORMAL: no material adverse or mild scenario trigger,RULE_BASED_UNWEIGHTED_WEATHER_DIMENSIONS,DERIVED_FROM_PUBLIC_WEATHER,PROJECT_ASSUMPTION
2023-07-10,US_PNW,"Seattle, WA",20.314,0.5,0.0,14.8,0,18.935,0.35,0.0,1.379,0.15,0.0,0,0,0,0,0,0,0,0,0,0,0,0,0,0,1,1,NORMAL,NORMAL: no material adverse or mild scenario trigger,RULE_BASED_UNWEIGHTED_WEATHER_DIMENSIONS,DERIVED_FROM_PUBLIC_WEATHER,PROJECT_ASSUMPTION
2023-07-17,US_PNW,"Seattle, WA",20.5,6.1,0.0,17.2,0,19.228,1.3,0.0,1.271,4.8,0.0,0,0,0,0,0,0,0,0,0,0,0,0,0,0,1,1,NORMAL,NORMAL: no material adverse or mild scenario trigger,RULE_BASED_UNWEIGHTED_WEATHER_DIMENSIONS,DERIVED_FROM_PUBLIC_WEATHER,PROJECT_ASSUMPTION
2023-07-24,US_PNW,"Seattle, WA",18.914,4.0,0.0,15.7,0,22.878,0.5,0.0,-3.964,3.5,0.0,0,0,0,0,0,0,1,0,0,0,0,1,0,0,1,1,NORMAL,NORMAL: isolated adverse dimension without severe compound conditions | colder_than_normal,RULE_BASED_UNWEIGHTED_WEATHER_DIMENSIONS,DERIVED_FROM_PUBLIC_WEATHER,PROJECT_ASSUMPTION
2023-07-31,US_PNW,"Seattle, WA",20.486,2.6,0.0,11.2,0,19.907,7.1,0.0,0.579,-4.5,0.0,0,0,0,0,0,0,0,0,0,0,0,0,0,0,1,1,NORMAL,NORMAL: no material adverse or mild scenario trigger,RULE_BASED_UNWEIGHTED_WEATHER_DIMENSIONS,DERIVED_FROM_PUBLIC_WEATHER,PROJECT_ASSUMPTION
2023-08-07,US_PNW,"Seattle, WA",20.257,6.5,0.0,17.0,0,21.043,0.45,0.0,-0.786,6.05,0.0,0,0,0,0,0,0,0,0,0,0,0,0,0,0,1,1,NORMAL,NORMAL: no material adverse or mild scenario trigger,RULE_BASED_UNWEIGHTED_WEATHER_DIMENSIONS,DERIVED_FROM_PUBLIC_WEATHER,PROJECT_ASSUMPTION
2023-08-14,US_PNW,"Seattle, WA",21.614,0.0,0.0,17.1,0,19.55,1.3,0.0,2.064,-1.3,0.0,0,0,0,0,0,0,0,0,0,0,0,0,0,1,1,1,MILD,MILD: warmer_than_seasonal_reference with no adverse weather dimensions,RULE_BASED_UNWEIGHTED_WEATHER_DIMENSIONS,DERIVED_FROM_PUBLIC_WEATHER,PROJECT_ASSUMPTION
2023-08-21,US_PNW,"Seattle, WA",19.057,4.5,0.0,16.3,0,18.443,2.55,0.0,0.614,1.95,0.0,0,0,0,0,0,0,0,0,0,0,0,0,0,0,1,1,NORMAL,NORMAL: no material adverse or mild scenario trigger,RULE_BASED_UNWEIGHTED_WEATHER_DIMENSIONS,DERIVED_FROM_PUBLIC_WEATHER,PROJECT_ASSUMPTION
2023-08-28,US_PNW,"Seattle, WA",18.2,20.4,0.0,20.5,0,18.228,0.4,0.0,-0.029,20.0,0.0,0,0,0,0,0,0,0,1,0,0,0,1,0,0,1,1,NORMAL,NORMAL: isolated adverse dimension without severe compound conditions | wetter_than_normal,RULE_BASED_UNWEIGHTED_WEATHER_DIMENSIONS,DERIVED_FROM_PUBLIC_WEATHER,PROJECT_ASSUMPTION
2023-09-04,US_PNW,"Seattle, WA",17.157,1.4,0.0,15.5,0,18.092,4.95,0.0,-0.936,-3.55,0.0,0,0,0,0,0,0,0,0,0,0,0,0,0,0,1,1,NORMAL,NORMAL: no material adverse or mild scenario trigger,RULE_BASED_UNWEIGHTED_WEATHER_DIMENSIONS,DERIVED_FROM_PUBLIC_WEATHER,PROJECT_ASSUMPTION
2023-09-11,US_PNW,"Seattle, WA",17.429,0.7,0.0,12.4,0,15.785,31.65,0.0,1.643,-30.95,0.0,0,0,0,0,0,0,0,0,0,0,0,0,0,0,1,1,NORMAL,NORMAL: no material adverse or mild scenario trigger,RULE_BASED_UNWEIGHTED_WEATHER_DIMENSIONS,DERIVED_FROM_PUBLIC_WEATHER,PROJECT_ASSUMPTION
2023-09-18,US_PNW,"Seattle, WA",14.8,16.5,0.0,18.5,0,16.086,4.85,0.0,-1.286,11.65,0.0,0,0,0,0,0,0,0,0,0,0,0,0,0,0,1,1,NORMAL,NORMAL: no material adverse or mild scenario trigger,RULE_BASED_UNWEIGHTED_WEATHER_DIMENSIONS,DERIVED_FROM_PUBLIC_WEATHER,PROJECT_ASSUMPTION
2023-09-25,US_PNW,"Seattle, WA",13.029,48.7,0.0,21.0,0,14.978,19.25,0.0,-1.95,29.45,0.0,0,0,0,0,0,0,0,1,0,0,0,1,0,0,1,1,NORMAL,NORMAL: isolated adverse dimension without severe compound conditions | wetter_than_normal,RULE_BASED_UNWEIGHTED_WEATHER_DIMENSIONS,DERIVED_FROM_PUBLIC_WEATHER,PROJECT_ASSUMPTION
2023-10-02,US_PNW,"Seattle, WA",15.186,13.4,0.0,15.1,0,13.264,15.7,0.0,1.922,-2.3,0.0,0,0,0,0,0,0,0,0,0,0,0,0,0,0,1,1,NORMAL,NORMAL: no material adverse or mild scenario trigger,RULE_BASED_UNWEIGHTED_WEATHER_DIMENSIONS,DERIVED_FROM_PUBLIC_WEATHER,PROJECT_ASSUMPTION
2023-10-09,US_PNW,"Seattle, WA",14.214,27.4,0.0,18.1,0,12.593,7.95,0.0,1.621,19.45,0.0,0,0,0,0,0,0,0,0,0,0,0,0,0,0,1,1,NORMAL,NORMAL: no material adverse or mild scenario trigger,RULE_BASED_UNWEIGHTED_WEATHER_DIMENSIONS,DERIVED_FROM_PUBLIC_WEATHER,PROJECT_ASSUMPTION
2023-10-16,US_PNW,"Seattle, WA",13.371,23.2,0.0,19.7,0,11.707,24.3,0.0,1.664,-1.1,0.0,0,0,0,0,0,0,0,0,0,0,0,0,0,0,1,1,NORMAL,NORMAL: no material adverse or mild scenario trigger,RULE_BASED_UNWEIGHTED_WEATHER_DIMENSIONS,DERIVED_FROM_PUBLIC_WEATHER,PROJECT_ASSUMPTION
2023-10-23,US_PNW,"Seattle, WA",7.3,22.2,0.0,20.8,0,10.593,76.1,0.0,-3.293,-53.9,0.0,0,0,0,0,0,0,1,0,0,0,0,1,0,0,1,1,NORMAL,NORMAL: isolated adverse dimension without severe compound conditions | colder_than_normal,RULE_BASED_UNWEIGHTED_WEATHER_DIMENSIONS,DERIVED_FROM_PUBLIC_WEATHER,PROJECT_ASSUMPTION
2023-10-30,US_PNW,"Seattle, WA",10.643,67.9,0.0,24.8,0,8.514,87.5,0.105,2.129,-19.6,-0.105,1,0,0,0,0,0,0,1,0,0,0,1,0,0,1,1,NORMAL,NORMAL: isolated adverse dimension without severe compound conditions | wetter_than_normal,RULE_BASED_UNWEIGHTED_WEATHER_DIMENSIONS,DERIVED_FROM_PUBLIC_WEATHER,PROJECT_ASSUMPTION
2023-11-06,US_PNW,"Seattle, WA",9.614,43.8,0.0,33.8,0,7.464,58.1,0.14,2.15,-14.3,-0.14,0,0,0,0,0,0,0,0,0,0,0,0,0,1,1,1,MILD,MILD: warmer_than_seasonal_reference with no adverse weather dimensions,RULE_BASED_UNWEIGHTED_WEATHER_DIMENSIONS,DERIVED_FROM_PUBLIC_WEATHER,PROJECT_ASSUMPTION
2023-11-13,US_PNW,"Seattle, WA",6.4,12.6,0.0,23.9,0,5.542,16.9,0.0,0.857,-4.3,0.0,0,0,0,0,0,0,0,0,0,0,0,0,0,0,1,1,NORMAL,NORMAL: no material adverse or mild scenario trigger,RULE_BASED_UNWEIGHTED_WEATHER_DIMENSIONS,DERIVED_FROM_PUBLIC_WEATHER,PROJECT_ASSUMPTION
2023-11-20,US_PNW,"Seattle, WA",5.786,11.2,0.0,13.7,0,7.942,58.1,0.14,-2.157,-46.9,-0.14,0,0,0,0,0,0,1,0,0,0,0,1,0,0,1,1,NORMAL,NORMAL: isolated adverse dimension without severe compound conditions | colder_than_normal,RULE_BASED_UNWEIGHTED_WEATHER_DIMENSIONS,DERIVED_FROM_PUBLIC_WEATHER,PROJECT_ASSUMPTION
2023-11-27,US_PNW,"Seattle, WA",5.314,47.3,0.0,29.6,1,5.114,30.85,7.0,0.2,16.45,-7.0,0,0,0,0,0,0,0,0,0,0,0,0,0,0,1,1,NORMAL,NORMAL: no material adverse or mild scenario trigger,RULE_BASED_UNWEIGHTED_WEATHER_DIMENSIONS,DERIVED_FROM_PUBLIC_WEATHER,PROJECT_ASSUMPTION
2023-12-04,US_PNW,"Seattle, WA",8.429,145.1,0.21,22.7,1,5.478,47.2,0.77,2.95,97.9,-0.56,1,0,0,0,0,0,0,1,0,0,0,1,0,0,1,1,NORMAL,NORMAL: isolated adverse dimension without severe compound conditions | wetter_than_normal,RULE_BASED_UNWEIGHTED_WEATHER_DIMENSIONS,DERIVED_FROM_PUBLIC_WEATHER,PROJECT_ASSUMPTION
2023-12-11,US_PNW,"Seattle, WA",7.186,4.4,0.0,11.0,0,4.178,22.75,1.61,3.008,-18.35,-1.61,0,0,0,0,0,0,0,0,0,0,0,0,0,1,1,1,MILD,MILD: warmer_than_seasonal_reference with no adverse weather dimensions,RULE_BASED_UNWEIGHTED_WEATHER_DIMENSIONS,DERIVED_FROM_PUBLIC_WEATHER,PROJECT_ASSUMPTION
2023-12-18,US_PNW,"Seattle, WA",6.714,26.0,0.0,18.5,0,2.571,44.95,7.245,4.143,-18.95,-7.245,0,0,0,0,0,0,0,0,0,0,0,0,0,1,1,1,MILD,MILD: warmer_than_seasonal_reference with no adverse weather dimensions,RULE_BASED_UNWEIGHTED_WEATHER_DIMENSIONS,DERIVED_FROM_PUBLIC_WEATHER,PROJECT_ASSUMPTION
2023-12-25,US_PNW,"Seattle, WA",9.514,24.8,0.0,19.6,0,3.178,39.5,2.835,6.336,-14.7,-2.835,0,0,0,0,0,0,0,0,0,0,0,0,0,1,1,1,MILD,MILD: warmer_than_seasonal_reference with no adverse weather dimensions,RULE_BASED_UNWEIGHTED_WEATHER_DIMENSIONS,DERIVED_FROM_PUBLIC_WEATHER,PROJECT_ASSUMPTION
2024-01-01,US_PNW,"Seattle, WA",6.471,45.1,0.0,24.7,0,5.908,67.6,3.64,0.564,-22.5,-3.64,0,0,0,0,0,0,0,0,0,0,0,0,0,0,1,1,NORMAL,NORMAL: no material adverse or mild scenario trigger,RULE_BASED_UNWEIGHTED_WEATHER_DIMENSIONS,DERIVED_FROM_PUBLIC_WEATHER,PROJECT_ASSUMPTION
2024-01-08,US_PNW,"Seattle, WA",0.229,38.9,1.82,31.2,2,8.357,55.9,0.0,-8.128,-17.0,1.82,0,0,0,0,1,0,1,0,0,1,0,2,0,0,1,1,SEVERE,"SEVERE: colder_than_normal, wet_cold_compound",RULE_BASED_UNWEIGHTED_WEATHER_DIMENSIONS,DERIVED_FROM_PUBLIC_WEATHER,PROJECT_ASSUMPTION
2024-01-15,US_PNW,"Seattle, WA",2.243,50.7,0.21,17.7,4,6.092,28.7,0.28,-3.85,22.0,-0.07,1,0,0,0,1,0,1,1,0,1,0,3,0,0,1,1,SEVERE,"SEVERE: colder_than_normal, wetter_than_normal, wet_cold_compound",RULE_BASED_UNWEIGHTED_WEATHER_DIMENSIONS,DERIVED_FROM_PUBLIC_WEATHER,PROJECT_ASSUMPTION
2024-01-22,US_PNW,"Seattle, WA",9.457,80.8,0.0,17.9,0,5.014,7.95,0.0,4.443,72.85,0.0,1,0,0,0,0,0,0,1,0,0,0,1,0,0,1,1,NORMAL,NORMAL: isolated adverse dimension without severe compound conditions | wetter_than_normal,RULE_BASED_UNWEIGHTED_WEATHER_DIMENSIONS,DERIVED_FROM_PUBLIC_WEATHER,PROJECT_ASSUMPTION
2024-01-29,US_PNW,"Seattle, WA",9.729,17.0,0.0,18.9,0,4.986,12.0,0.14,4.743,5.0,-0.14,0,0,0,0,0,0,0,0,0,0,0,0,0,1,1,1,MILD,MILD: warmer_than_seasonal_reference with no adverse weather dimensions,RULE_BASED_UNWEIGHTED_WEATHER_DIMENSIONS,DERIVED_FROM_PUBLIC_WEATHER,PROJECT_ASSUMPTION
2024-02-05,US_PNW,"Seattle, WA",6.586,23.7,0.0,19.1,0,7.107,12.15,0.0,-0.521,11.55,0.0,0,0,0,0,0,0,0,0,0,0,0,0,0,0,1,1,NORMAL,NORMAL: no material adverse or mild scenario trigger,RULE_BASED_UNWEIGHTED_WEATHER_DIMENSIONS,DERIVED_FROM_PUBLIC_WEATHER,PROJECT_ASSUMPTION
2024-02-12,US_PNW,"Seattle, WA",6.4,12.0,2.59,19.2,1,6.15,18.95,1.225,0.25,-6.95,1.365,0,0,0,0,0,0,0,0,0,0,0,0,0,0,1,1,NORMAL,NORMAL: no material adverse or mild scenario trigger,RULE_BASED_UNWEIGHTED_WEATHER_DIMENSIONS,DERIVED_FROM_PUBLIC_WEATHER,PROJECT_ASSUMPTION
2024-02-19,US_PNW,"Seattle, WA",7.9,35.9,0.98,28.1,0,2.878,23.05,2.59,5.022,12.85,-1.61,0,0,0,0,0,0,0,0,0,0,0,0,0,1,1,1,MILD,MILD: warmer_than_seasonal_reference with no adverse weather dimensions,RULE_BASED_UNWEIGHTED_WEATHER_DIMENSIONS,DERIVED_FROM_PUBLIC_WEATHER,PROJECT_ASSUMPTION
2024-02-26,US_PNW,"Seattle, WA",4.829,72.5,5.46,26.6,5,6.342,52.3,1.155,-1.514,20.2,4.305,1,0,0,0,1,0,0,1,0,1,0,2,0,0,1,1,SEVERE,"SEVERE: wetter_than_normal, wet_cold_compound",RULE_BASED_UNWEIGHTED_WEATHER_DIMENSIONS,DERIVED_FROM_PUBLIC_WEATHER,PROJECT_ASSUMPTION
2024-03-04,US_PNW,"Seattle, WA",5.571,17.4,0.49,26.4,1,6.357,17.0,0.035,-0.786,0.4,0.455,0,0,0,0,0,0,0,0,0,0,0,0,0,0,1,1,NORMAL,NORMAL: no material adverse or mild scenario trigger,RULE_BASED_UNWEIGHTED_WEATHER_DIMENSIONS,DERIVED_FROM_PUBLIC_WEATHER,PROJECT_ASSUMPTION
2024-03-11,US_PNW,"Seattle, WA",9.114,13.9,0.0,21.3,0,8.164,36.75,0.035,0.95,-22.85,-0.035,0,0,0,0,0,0,0,0,0,0,0,0,0,0,1,1,NORMAL,NORMAL: no material adverse or mild scenario trigger,RULE_BASED_UNWEIGHTED_WEATHER_DIMENSIONS,DERIVED_FROM_PUBLIC_WEATHER,PROJECT_ASSUMPTION
2024-03-18,US_PNW,"Seattle, WA",10.286,12.8,0.0,13.9,0,8.614,27.45,0.35,1.672,-14.65,-0.35,0,0,0,0,0,0,0,0,0,0,0,0,0,0,1,1,NORMAL,NORMAL: no material adverse or mild scenario trigger,RULE_BASED_UNWEIGHTED_WEATHER_DIMENSIONS,DERIVED_FROM_PUBLIC_WEATHER,PROJECT_ASSUMPTION
2024-03-25,US_PNW,"Seattle, WA",9.171,23.8,0.0,19.6,0,8.593,22.1,0.21,0.578,1.7,-0.21,0,0,0,0,0,0,0,0,0,0,0,0,0,0,1,1,NORMAL,NORMAL: no material adverse or mild scenario trigger,RULE_BASED_UNWEIGHTED_WEATHER_DIMENSIONS,DERIVED_FROM_PUBLIC_WEATHER,PROJECT_ASSUMPTION
2024-04-01,US_PNW,"Seattle, WA",9.043,11.4,0.0,18.2,0,8.357,44.2,0.245,0.686,-32.8,-0.245,0,0,0,0,0,0,0,0,0,0,0,0,0,0,1,1,NORMAL,NORMAL: no material adverse or mild scenario trigger,RULE_BASED_UNWEIGHTED_WEATHER_DIMENSIONS,DERIVED_FROM_PUBLIC_WEATHER,PROJECT_ASSUMPTION
2024-04-08,US_PNW,"Seattle, WA",10.129,13.6,0.0,22.5,0,6.85,22.6,0.07,3.279,-9.0,-0.07,0,0,0,0,0,0,0,0,0,0,0,0,0,1,1,1,MILD,MILD: warmer_than_seasonal_reference with no adverse weather dimensions,RULE_BASED_UNWEIGHTED_WEATHER_DIMENSIONS,DERIVED_FROM_PUBLIC_WEATHER,PROJECT_ASSUMPTION
2024-04-15,US_PNW,"Seattle, WA",10.186,8.5,0.0,24.8,0,8.893,26.8,0.0,1.293,-18.3,0.0,0,0,0,0,0,0,0,0,0,0,0,0,0,0,1,1,NORMAL,NORMAL: no material adverse or mild scenario trigger,RULE_BASED_UNWEIGHTED_WEATHER_DIMENSIONS,DERIVED_FROM_PUBLIC_WEATHER,PROJECT_ASSUMPTION
2024-04-22,US_PNW,"Seattle, WA",11.029,34.1,0.0,19.9,0,11.614,14.8,0.0,-0.585,19.3,0.0,0,0,0,0,0,0,0,0,0,0,0,0,0,0,1,1,NORMAL,NORMAL: no material adverse or mild scenario trigger,RULE_BASED_UNWEIGHTED_WEATHER_DIMENSIONS,DERIVED_FROM_PUBLIC_WEATHER,PROJECT_ASSUMPTION
2024-04-29,US_PNW,"Seattle, WA",10.357,33.3,0.0,22.7,0,11.25,31.75,0.0,-0.893,1.55,0.0,0,0,0,0,0,0,0,0,0,0,0,0,0,0,1,1,NORMAL,NORMAL: no material adverse or mild scenario trigger,RULE_BASED_UNWEIGHTED_WEATHER_DIMENSIONS,DERIVED_FROM_PUBLIC_WEATHER,PROJECT_ASSUMPTION
2024-05-06,US_PNW,"Seattle, WA",14.329,16.3,0.0,19.3,0,13.342,25.35,0.0,0.987,-9.05,0.0,0,0,0,0,0,0,0,0,0,0,0,0,0,0,1,1,NORMAL,NORMAL: no material adverse or mild scenario trigger,RULE_BASED_UNWEIGHTED_WEATHER_DIMENSIONS,DERIVED_FROM_PUBLIC_WEATHER,PROJECT_ASSUMPTION
2024-05-13,US_PNW,"Seattle, WA",13.514,16.3,0.0,27.1,0,15.136,8.0,0.0,-1.622,8.3,0.0,0,0,0,0,0,0,0,0,0,0,0,0,0,0,1,1,NORMAL,NORMAL: no material adverse or mild scenario trigger,RULE_BASED_UNWEIGHTED_WEATHER_DIMENSIONS,DERIVED_FROM_PUBLIC_WEATHER,PROJECT_ASSUMPTION
2024-05-20,US_PNW,"Seattle, WA",11.757,28.8,0.0,23.3,0,14.285,18.2,0.0,-2.528,10.6,0.0,0,0,0,0,0,0,1,0,0,0,0,1,0,0,1,1,NORMAL,NORMAL: isolated adverse dimension without severe compound conditions | colder_than_normal,RULE_BASED_UNWEIGHTED_WEATHER_DIMENSIONS,DERIVED_FROM_PUBLIC_WEATHER,PROJECT_ASSUMPTION
2024-05-27,US_PNW,"Seattle, WA",13.514,29.7,0.0,25.0,0,14.957,20.0,0.0,-1.443,9.7,0.0,0,0,0,0,0,0,0,0,0,0,0,0,0,0,1,1,NORMAL,NORMAL: no material adverse or mild scenario trigger,RULE_BASED_UNWEIGHTED_WEATHER_DIMENSIONS,DERIVED_FROM_PUBLIC_WEATHER,PROJECT_ASSUMPTION
2024-06-03,US_PNW,"Seattle, WA",15.429,24.0,0.0,27.5,0,15.543,28.1,0.0,-0.114,-4.1,0.0,0,0,0,0,0,0,0,0,0,0,0,0,0,0,1,1,NORMAL,NORMAL: no material adverse or mild scenario trigger,RULE_BASED_UNWEIGHTED_WEATHER_DIMENSIONS,DERIVED_FROM_PUBLIC_WEATHER,PROJECT_ASSUMPTION
2024-06-10,US_PNW,"Seattle, WA",14.214,21.5,0.0,22.8,0,14.678,19.35,0.0,-0.464,2.15,0.0,0,0,0,0,0,0,0,0,0,0,0,0,0,0,1,1,NORMAL,NORMAL: no material adverse or mild scenario trigger,RULE_BASED_UNWEIGHTED_WEATHER_DIMENSIONS,DERIVED_FROM_PUBLIC_WEATHER,PROJECT_ASSUMPTION
2024-06-17,US_PNW,"Seattle, WA",17.271,3.3,0.0,19.1,0,16.893,6.9,0.0,0.378,-3.6,0.0,0,0,0,0,0,0,0,0,0,0,0,0,0,0,1,1,NORMAL,NORMAL: no material adverse or mild scenario trigger,RULE_BASED_UNWEIGHTED_WEATHER_DIMENSIONS,DERIVED_FROM_PUBLIC_WEATHER,PROJECT_ASSUMPTION
2024-06-24,US_PNW,"Seattle, WA",16.943,15.9,0.0,22.7,0,18.272,4.35,0.0,-1.329,11.55,0.0,0,0,0,0,0,0,0,0,0,0,0,0,0,0,1,1,NORMAL,NORMAL: no material adverse or mild scenario trigger,RULE_BASED_UNWEIGHTED_WEATHER_DIMENSIONS,DERIVED_FROM_PUBLIC_WEATHER,PROJECT_ASSUMPTION
2024-07-01,US_PNW,"Seattle, WA",19.914,0.6,0.0,14.0,0,19.081,2.0,0.0,0.833,-1.4,0.0,0,0,0,0,0,0,0,0,0,0,0,0,0,0,1,1,NORMAL,NORMAL: no material adverse or mild scenario trigger,RULE_BASED_UNWEIGHTED_WEATHER_DIMENSIONS,DERIVED_FROM_PUBLIC_WEATHER,PROJECT_ASSUMPTION
2024-07-08,US_PNW,"Seattle, WA",22.557,0.0,0.0,13.3,0,19.395,0.4,0.0,3.162,-0.4,0.0,0,0,0,0,0,0,0,0,0,0,0,0,0,1,1,1,MILD,MILD: warmer_than_seasonal_reference with no adverse weather dimensions,RULE_BASED_UNWEIGHTED_WEATHER_DIMENSIONS,DERIVED_FROM_PUBLIC_WEATHER,PROJECT_ASSUMPTION
2024-07-15,US_PNW,"Seattle, WA",21.271,0.0,0.0,13.6,0,19.652,2.9,0.0,1.619,-2.9,0.0,0,0,0,0,0,0,0,0,0,0,0,0,0,0,1,1,NORMAL,NORMAL: no material adverse or mild scenario trigger,RULE_BASED_UNWEIGHTED_WEATHER_DIMENSIONS,DERIVED_FROM_PUBLIC_WEATHER,PROJECT_ASSUMPTION
2024-07-22,US_PNW,"Seattle, WA",18.314,2.9,0.0,12.8,0,21.557,1.667,0.0,-3.243,1.233,0.0,0,0,0,0,0,0,1,0,0,0,0,1,0,0,1,1,NORMAL,NORMAL: isolated adverse dimension without severe compound conditions | colder_than_normal,RULE_BASED_UNWEIGHTED_WEATHER_DIMENSIONS,DERIVED_FROM_PUBLIC_WEATHER,PROJECT_ASSUMPTION
2024-07-29,US_PNW,"Seattle, WA",20.286,16.2,0.0,15.7,0,20.1,5.6,0.0,0.186,10.6,0.0,0,0,0,0,0,0,0,0,0,0,0,0,0,0,1,1,NORMAL,NORMAL: no material adverse or mild scenario trigger,RULE_BASED_UNWEIGHTED_WEATHER_DIMENSIONS,DERIVED_FROM_PUBLIC_WEATHER,PROJECT_ASSUMPTION
2024-08-05,US_PNW,"Seattle, WA",19.614,0.0,0.0,11.8,0,20.781,2.467,0.0,-1.167,-2.467,0.0,0,0,0,0,0,0,0,0,0,0,0,0,0,0,1,1,NORMAL,NORMAL: no material adverse or mild scenario trigger,RULE_BASED_UNWEIGHTED_WEATHER_DIMENSIONS,DERIVED_FROM_PUBLIC_WEATHER,PROJECT_ASSUMPTION
2024-08-12,US_PNW,"Seattle, WA",18.486,6.5,0.0,15.0,0,20.238,0.867,0.0,-1.752,5.633,0.0,0,0,0,0,0,0,0,0,0,0,0,0,0,0,1,1,NORMAL,NORMAL: no material adverse or mild scenario trigger,RULE_BASED_UNWEIGHTED_WEATHER_DIMENSIONS,DERIVED_FROM_PUBLIC_WEATHER,PROJECT_ASSUMPTION
2024-08-19,US_PNW,"Seattle, WA",16.7,35.1,0.0,17.5,0,18.648,3.2,0.0,-1.948,31.9,0.0,0,0,0,0,0,0,0,1,0,0,0,1,0,0,1,1,NORMAL,NORMAL: isolated adverse dimension without severe compound conditions | wetter_than_normal,RULE_BASED_UNWEIGHTED_WEATHER_DIMENSIONS,DERIVED_FROM_PUBLIC_WEATHER,PROJECT_ASSUMPTION
2024-08-26,US_PNW,"Seattle, WA",17.643,6.1,0.0,16.6,0,18.219,7.067,0.0,-0.576,-0.967,0.0,0,0,0,0,0,0,0,0,0,0,0,0,0,0,1,1,NORMAL,NORMAL: no material adverse or mild scenario trigger,RULE_BASED_UNWEIGHTED_WEATHER_DIMENSIONS,DERIVED_FROM_PUBLIC_WEATHER,PROJECT_ASSUMPTION
2024-09-02,US_PNW,"Seattle, WA",19.043,0.0,0.0,12.2,0,17.781,3.767,0.0,1.262,-3.767,0.0,0,0,0,0,0,0,0,0,0,0,0,0,0,0,1,1,NORMAL,NORMAL: no material adverse or mild scenario trigger,RULE_BASED_UNWEIGHTED_WEATHER_DIMENSIONS,DERIVED_FROM_PUBLIC_WEATHER,PROJECT_ASSUMPTION
2024-09-09,US_PNW,"Seattle, WA",16.0,16.6,0.0,12.8,0,16.333,21.333,0.0,-0.333,-4.733,0.0,0,0,0,0,0,0,0,0,0,0,0,0,0,0,1,1,NORMAL,NORMAL: no material adverse or mild scenario trigger,RULE_BASED_UNWEIGHTED_WEATHER_DIMENSIONS,DERIVED_FROM_PUBLIC_WEATHER,PROJECT_ASSUMPTION
2024-09-16,US_PNW,"Seattle, WA",15.086,2.2,0.0,14.0,0,15.657,8.733,0.0,-0.571,-6.533,0.0,0,0,0,0,0,0,0,0,0,0,0,0,0,0,1,1,NORMAL,NORMAL: no material adverse or mild scenario trigger,RULE_BASED_UNWEIGHTED_WEATHER_DIMENSIONS,DERIVED_FROM_PUBLIC_WEATHER,PROJECT_ASSUMPTION
2024-09-23,US_PNW,"Seattle, WA",15.3,22.9,0.0,18.9,0,14.329,29.067,0.0,0.971,-6.167,0.0,0,0,0,0,0,0,0,0,0,0,0,0,0,0,1,1,NORMAL,NORMAL: no material adverse or mild scenario trigger,RULE_BASED_UNWEIGHTED_WEATHER_DIMENSIONS,DERIVED_FROM_PUBLIC_WEATHER,PROJECT_ASSUMPTION
2024-09-30,US_PNW,"Seattle, WA",12.429,13.6,0.0,21.1,0,13.905,14.933,0.0,-1.476,-1.333,0.0,0,0,0,0,0,0,0,0,0,0,0,0,0,0,1,1,NORMAL,NORMAL: no material adverse or mild scenario trigger,RULE_BASED_UNWEIGHTED_WEATHER_DIMENSIONS,DERIVED_FROM_PUBLIC_WEATHER,PROJECT_ASSUMPTION
2024-10-07,US_PNW,"Seattle, WA",13.514,6.1,0.0,14.8,0,13.133,14.433,0.0,0.381,-8.333,0.0,0,0,0,0,0,0,0,0,0,0,0,0,0,0,1,1,NORMAL,NORMAL: no material adverse or mild scenario trigger,RULE_BASED_UNWEIGHTED_WEATHER_DIMENSIONS,DERIVED_FROM_PUBLIC_WEATHER,PROJECT_ASSUMPTION
2024-10-14,US_PNW,"Seattle, WA",13.129,32.4,0.0,24.4,0,12.262,23.933,0.0,0.867,8.467,0.0,0,0,0,0,0,0,0,0,0,0,0,0,0,0,1,1,NORMAL,NORMAL: no material adverse or mild scenario trigger,RULE_BASED_UNWEIGHTED_WEATHER_DIMENSIONS,DERIVED_FROM_PUBLIC_WEATHER,PROJECT_ASSUMPTION
2024-10-21,US_PNW,"Seattle, WA",10.429,45.5,0.0,27.6,0,9.495,58.133,0.0,0.934,-12.633,0.0,0,0,0,0,0,0,0,0,0,0,0,0,0,0,1,1,NORMAL,NORMAL: no material adverse or mild scenario trigger,RULE_BASED_UNWEIGHTED_WEATHER_DIMENSIONS,DERIVED_FROM_PUBLIC_WEATHER,PROJECT_ASSUMPTION
2024-10-28,US_PNW,"Seattle, WA",9.286,51.5,0.0,18.9,0,9.224,80.967,0.07,0.062,-29.467,-0.07,1,0,0,0,0,0,0,1,0,0,0,1,0,0,1,1,NORMAL,NORMAL: isolated adverse dimension without severe compound conditions | wetter_than_normal,RULE_BASED_UNWEIGHTED_WEATHER_DIMENSIONS,DERIVED_FROM_PUBLIC_WEATHER,PROJECT_ASSUMPTION
2024-11-04,US_PNW,"Seattle, WA",9.643,17.8,0.0,29.8,0,8.181,53.333,0.093,1.462,-35.533,-0.093,0,0,0,0,0,0,0,0,0,0,0,0,0,0,1,1,NORMAL,NORMAL: no material adverse or mild scenario trigger,RULE_BASED_UNWEIGHTED_WEATHER_DIMENSIONS,DERIVED_FROM_PUBLIC_WEATHER,PROJECT_ASSUMPTION
2024-11-11,US_PNW,"Seattle, WA",8.9,83.4,0.0,25.5,0,5.828,15.467,0.0,3.072,67.933,0.0,1,0,0,0,0,0,0,1,0,0,0,1,0,0,1,1,NORMAL,NORMAL: isolated adverse dimension without severe compound conditions | wetter_than_normal,RULE_BASED_UNWEIGHTED_WEATHER_DIMENSIONS,DERIVED_FROM_PUBLIC_WEATHER,PROJECT_ASSUMPTION
2024-11-18,US_PNW,"Seattle, WA",7.429,44.5,0.35,29.5,0,7.224,42.467,0.093,0.205,2.033,0.257,0,0,0,0,0,0,0,0,0,0,0,0,0,0,1,1,NORMAL,NORMAL: no material adverse or mild scenario trigger,RULE_BASED_UNWEIGHTED_WEATHER_DIMENSIONS,DERIVED_FROM_PUBLIC_WEATHER,PROJECT_ASSUMPTION
2024-11-25,US_PNW,"Seattle, WA",5.571,11.5,0.0,8.8,0,5.181,36.333,4.667,0.39,-24.833,-4.667,0,0,0,0,0,0,0,0,0,0,0,0,0,0,1,1,NORMAL,NORMAL: no material adverse or mild scenario trigger,RULE_BASED_UNWEIGHTED_WEATHER_DIMENSIONS,DERIVED_FROM_PUBLIC_WEATHER,PROJECT_ASSUMPTION
2024-12-02,US_PNW,"Seattle, WA",5.429,27.2,0.0,22.6,0,6.462,79.833,0.583,-1.033,-52.633,-0.583,0,0,0,0,0,0,0,0,0,0,0,0,0,0,1,1,NORMAL,NORMAL: no material adverse or mild scenario trigger,RULE_BASED_UNWEIGHTED_WEATHER_DIMENSIONS,DERIVED_FROM_PUBLIC_WEATHER,PROJECT_ASSUMPTION
2024-12-09,US_PNW,"Seattle, WA",5.786,19.4,0.0,31.6,0,5.181,16.633,1.073,0.605,2.767,-1.073,0,0,0,0,0,0,0,0,0,0,0,0,0,0,1,1,NORMAL,NORMAL: no material adverse or mild scenario trigger,RULE_BASED_UNWEIGHTED_WEATHER_DIMENSIONS,DERIVED_FROM_PUBLIC_WEATHER,PROJECT_ASSUMPTION
2024-12-16,US_PNW,"Seattle, WA",8.571,69.4,0.0,32.5,0,3.952,38.633,4.83,4.619,30.767,-4.83,1,0,0,0,0,0,0,1,0,0,0,1,0,0,1,1,NORMAL,NORMAL: isolated adverse dimension without severe compound conditions | wetter_than_normal,RULE_BASED_UNWEIGHTED_WEATHER_DIMENSIONS,DERIVED_FROM_PUBLIC_WEATHER,PROJECT_ASSUMPTION
2024-12-23,US_PNW,"Seattle, WA",8.386,77.5,0.0,29.8,0,5.29,34.6,1.89,3.096,42.9,-1.89,1,0,0,0,0,0,0,1,0,0,0,1,0,0,1,1,NORMAL,NORMAL: isolated adverse dimension without severe compound conditions | wetter_than_normal,RULE_BASED_UNWEIGHTED_WEATHER_DIMENSIONS,DERIVED_FROM_PUBLIC_WEATHER,PROJECT_ASSUMPTION
2024-12-30,US_PNW,"Seattle, WA",6.386,31.6,0.21,16.1,1,6.095,60.1,2.427,0.291,-28.5,-2.217,0,0,0,0,0,0,0,0,0,0,0,0,0,0,1,1,NORMAL,NORMAL: no material adverse or mild scenario trigger,RULE_BASED_UNWEIGHTED_WEATHER_DIMENSIONS,DERIVED_FROM_PUBLIC_WEATHER,PROJECT_ASSUMPTION
2025-01-06,US_PNW,"Seattle, WA",6.671,13.3,0.0,18.2,0,5.648,50.233,0.607,1.023,-36.933,-0.607,0,0,0,0,0,0,0,0,0,0,0,0,0,0,1,1,NORMAL,NORMAL: no material adverse or mild scenario trigger,RULE_BASED_UNWEIGHTED_WEATHER_DIMENSIONS,DERIVED_FROM_PUBLIC_WEATHER,PROJECT_ASSUMPTION
2025-01-13,US_PNW,"Seattle, WA",3.586,0.7,0.0,13.3,0,4.809,36.033,0.257,-1.223,-35.333,-0.257,0,0,0,0,0,0,0,0,0,0,0,0,0,0,1,1,NORMAL,NORMAL: no material adverse or mild scenario trigger,RULE_BASED_UNWEIGHTED_WEATHER_DIMENSIONS,DERIVED_FROM_PUBLIC_WEATHER,PROJECT_ASSUMPTION
2025-01-20,US_PNW,"Seattle, WA",2.386,0.0,0.0,13.7,0,6.495,32.233,0.0,-4.109,-32.233,0.0,0,0,0,0,0,0,1,0,0,0,0,1,0,0,1,1,NORMAL,NORMAL: isolated adverse dimension without severe compound conditions | colder_than_normal,RULE_BASED_UNWEIGHTED_WEATHER_DIMENSIONS,DERIVED_FROM_PUBLIC_WEATHER,PROJECT_ASSUMPTION
2025-01-27,US_PNW,"Seattle, WA",3.157,30.0,0.63,25.8,3,6.567,13.667,0.093,-3.41,16.333,0.537,0,0,0,0,1,0,1,0,0,1,0,2,0,0,1,1,SEVERE,"SEVERE: colder_than_normal, wet_cold_compound",RULE_BASED_UNWEIGHTED_WEATHER_DIMENSIONS,DERIVED_FROM_PUBLIC_WEATHER,PROJECT_ASSUMPTION
2025-02-03,US_PNW,"Seattle, WA",2.186,12.9,4.9,14.3,4,6.933,16.0,0.0,-4.747,-3.1,4.9,0,0,0,0,1,0,1,0,0,1,0,2,0,0,1,1,SEVERE,"SEVERE: colder_than_normal, wet_cold_compound",RULE_BASED_UNWEIGHTED_WEATHER_DIMENSIONS,DERIVED_FROM_PUBLIC_WEATHER,PROJECT_ASSUMPTION
2025-02-10,US_PNW,"Seattle, WA",2.286,11.3,2.03,14.2,1,6.233,16.633,1.68,-3.947,-5.333,0.35,0,0,0,0,0,0,1,0,0,0,0,1,0,0,1,1,NORMAL,NORMAL: isolated adverse dimension without severe compound conditions | colder_than_normal,RULE_BASED_UNWEIGHTED_WEATHER_DIMENSIONS,DERIVED_FROM_PUBLIC_WEATHER,PROJECT_ASSUMPTION
2025-02-17,US_PNW,"Seattle, WA",8.7,65.7,0.0,31.2,0,4.552,27.333,2.053,4.148,38.367,-2.053,1,0,0,0,0,0,0,1,0,0,0,1,0,0,1,1,NORMAL,NORMAL: isolated adverse dimension without severe compound conditions | wetter_than_normal,RULE_BASED_UNWEIGHTED_WEATHER_DIMENSIONS,DERIVED_FROM_PUBLIC_WEATHER,PROJECT_ASSUMPTION
2025-02-24,US_PNW,"Seattle, WA",8.957,31.2,0.0,36.0,0,5.838,59.033,2.59,3.119,-27.833,-2.59,0,0,0,0,0,0,0,0,0,0,0,0,0,1,1,1,MILD,MILD: warmer_than_seasonal_reference with no adverse weather dimensions,RULE_BASED_UNWEIGHTED_WEATHER_DIMENSIONS,DERIVED_FROM_PUBLIC_WEATHER,PROJECT_ASSUMPTION
2025-03-03,US_PNW,"Seattle, WA",8.086,17.5,0.0,21.9,0,6.095,17.133,0.187,1.991,0.367,-0.187,0,0,0,0,0,0,0,0,0,0,0,0,0,0,1,1,NORMAL,NORMAL: no material adverse or mild scenario trigger,RULE_BASED_UNWEIGHTED_WEATHER_DIMENSIONS,DERIVED_FROM_PUBLIC_WEATHER,PROJECT_ASSUMPTION
2025-03-10,US_PNW,"Seattle, WA",6.7,55.5,0.21,31.6,0,8.481,29.133,0.023,-1.781,26.367,0.187,1,0,0,0,0,0,0,1,0,0,0,1,0,0,1,1,NORMAL,NORMAL: isolated adverse dimension without severe compound conditions | wetter_than_normal,RULE_BASED_UNWEIGHTED_WEATHER_DIMENSIONS,DERIVED_FROM_PUBLIC_WEATHER,PROJECT_ASSUMPTION
2025-03-17,US_PNW,"Seattle, WA",7.714,69.3,0.0,27.2,0,9.172,22.567,0.233,-1.458,46.733,-0.233,1,0,0,0,0,0,0,1,0,0,0,1,0,0,1,1,NORMAL,NORMAL: isolated adverse dimension without severe compound conditions | wetter_than_normal,RULE_BASED_UNWEIGHTED_WEATHER_DIMENSIONS,DERIVED_FROM_PUBLIC_WEATHER,PROJECT_ASSUMPTION
2025-03-24,US_PNW,"Seattle, WA",11.4,45.3,0.0,19.8,0,8.786,22.667,0.14,2.614,22.633,-0.14,0,0,0,0,0,0,0,1,0,0,0,1,0,0,1,1,NORMAL,NORMAL: isolated adverse dimension without severe compound conditions | wetter_than_normal,RULE_BASED_UNWEIGHTED_WEATHER_DIMENSIONS,DERIVED_FROM_PUBLIC_WEATHER,PROJECT_ASSUMPTION
2025-03-31,US_PNW,"Seattle, WA",9.714,29.4,0.0,14.5,0,8.586,33.267,0.163,1.128,-3.867,-0.163,0,0,0,0,0,0,0,0,0,0,0,0,0,0,1,1,NORMAL,NORMAL: no material adverse or mild scenario trigger,RULE_BASED_UNWEIGHTED_WEATHER_DIMENSIONS,DERIVED_FROM_PUBLIC_WEATHER,PROJECT_ASSUMPTION
2025-04-07,US_PNW,"Seattle, WA",9.9,41.3,0.0,23.2,0,7.943,19.6,0.047,1.957,21.7,-0.047,0,0,0,0,0,0,0,1,0,0,0,1,0,0,1,1,NORMAL,NORMAL: isolated adverse dimension without severe compound conditions | wetter_than_normal,RULE_BASED_UNWEIGHTED_WEATHER_DIMENSIONS,DERIVED_FROM_PUBLIC_WEATHER,PROJECT_ASSUMPTION
2025-04-14,US_PNW,"Seattle, WA",11.657,12.5,0.0,15.7,0,9.324,20.7,0.0,2.333,-8.2,0.0,0,0,0,0,0,0,0,0,0,0,0,0,0,1,1,1,MILD,MILD: warmer_than_seasonal_reference with no adverse weather dimensions,RULE_BASED_UNWEIGHTED_WEATHER_DIMENSIONS,DERIVED_FROM_PUBLIC_WEATHER,PROJECT_ASSUMPTION
2025-04-21,US_PNW,"Seattle, WA",11.714,1.2,0.0,14.5,0,11.419,21.233,0.0,0.295,-20.033,0.0,0,0,0,0,0,0,0,0,0,0,0,0,0,0,1,1,NORMAL,NORMAL: no material adverse or mild scenario trigger,RULE_BASED_UNWEIGHTED_WEATHER_DIMENSIONS,DERIVED_FROM_PUBLIC_WEATHER,PROJECT_ASSUMPTION
2025-04-28,US_PNW,"Seattle, WA",11.8,18.3,0.0,19.3,0,10.952,32.267,0.0,0.848,-13.967,0.0,0,0,0,0,0,0,0,0,0,0,0,0,0,0,1,1,NORMAL,NORMAL: no material adverse or mild scenario trigger,RULE_BASED_UNWEIGHTED_WEATHER_DIMENSIONS,DERIVED_FROM_PUBLIC_WEATHER,PROJECT_ASSUMPTION
2025-05-05,US_PNW,"Seattle, WA",13.229,7.5,0.0,18.0,0,13.671,22.333,0.0,-0.442,-14.833,0.0,0,0,0,0,0,0,0,0,0,0,0,0,0,0,1,1,NORMAL,NORMAL: no material adverse or mild scenario trigger,RULE_BASED_UNWEIGHTED_WEATHER_DIMENSIONS,DERIVED_FROM_PUBLIC_WEATHER,PROJECT_ASSUMPTION
2025-05-12,US_PNW,"Seattle, WA",11.871,31.9,0.0,16.5,0,14.595,10.767,0.0,-2.724,21.133,0.0,0,0,0,0,0,0,1,1,0,0,0,2,0,0,1,1,SEVERE,"SEVERE: colder_than_normal, wetter_than_normal",RULE_BASED_UNWEIGHTED_WEATHER_DIMENSIONS,DERIVED_FROM_PUBLIC_WEATHER,PROJECT_ASSUMPTION
2025-05-19,US_PNW,"Seattle, WA",13.486,10.3,0.0,22.7,0,13.443,21.733,0.0,0.043,-11.433,0.0,0,0,0,0,0,0,0,0,0,0,0,0,0,0,1,1,NORMAL,NORMAL: no material adverse or mild scenario trigger,RULE_BASED_UNWEIGHTED_WEATHER_DIMENSIONS,DERIVED_FROM_PUBLIC_WEATHER,PROJECT_ASSUMPTION
2025-05-26,US_PNW,"Seattle, WA",15.743,4.3,0.0,19.1,0,14.476,23.233,0.0,1.267,-18.933,0.0,0,0,0,0,0,0,0,0,0,0,0,0,0,0,1,1,NORMAL,NORMAL: no material adverse or mild scenario trigger,RULE_BASED_UNWEIGHTED_WEATHER_DIMENSIONS,DERIVED_FROM_PUBLIC_WEATHER,PROJECT_ASSUMPTION
2025-06-02,US_PNW,"Seattle, WA",17.657,0.2,0.0,13.6,0,15.505,26.733,0.0,2.152,-26.533,0.0,0,0,0,0,0,0,0,0,0,0,0,0,0,1,1,1,MILD,MILD: warmer_than_seasonal_reference with no adverse weather dimensions,RULE_BASED_UNWEIGHTED_WEATHER_DIMENSIONS,DERIVED_FROM_PUBLIC_WEATHER,PROJECT_ASSUMPTION
2025-06-09,US_PNW,"Seattle, WA",16.486,0.2,0.0,14.7,0,14.524,20.067,0.0,1.962,-19.867,0.0,0,0,0,0,0,0,0,0,0,0,0,0,0,0,1,1,NORMAL,NORMAL: no material adverse or mild scenario trigger,RULE_BASED_UNWEIGHTED_WEATHER_DIMENSIONS,DERIVED_FROM_PUBLIC_WEATHER,PROJECT_ASSUMPTION
2025-06-16,US_PNW,"Seattle, WA",15.514,14.4,0.0,19.3,0,17.019,5.7,0.0,-1.505,8.7,0.0,0,0,0,0,0,0,0,0,0,0,0,0,0,0,1,1,NORMAL,NORMAL: no material adverse or mild scenario trigger,RULE_BASED_UNWEIGHTED_WEATHER_DIMENSIONS,DERIVED_FROM_PUBLIC_WEATHER,PROJECT_ASSUMPTION
2025-06-23,US_PNW,"Seattle, WA",17.214,3.3,0.0,17.1,0,17.829,8.2,0.0,-0.615,-4.9,0.0,0,0,0,0,0,0,0,0,0,0,0,0,0,0,1,1,NORMAL,NORMAL: no material adverse or mild scenario trigger,RULE_BASED_UNWEIGHTED_WEATHER_DIMENSIONS,DERIVED_FROM_PUBLIC_WEATHER,PROJECT_ASSUMPTION
2025-06-30,US_PNW,"Seattle, WA",18.871,0.0,0.0,14.2,0,19.289,1.65,0.0,-0.418,-1.65,0.0,0,0,0,0,0,0,0,0,0,0,0,0,0,0,1,1,NORMAL,NORMAL: no material adverse or mild scenario trigger,RULE_BASED_UNWEIGHTED_WEATHER_DIMENSIONS,DERIVED_FROM_PUBLIC_WEATHER,PROJECT_ASSUMPTION
2025-07-07,US_PNW,"Seattle, WA",20.243,3.0,0.0,18.7,0,20.185,0.3,0.0,0.058,2.7,0.0,0,0,0,0,0,0,0,0,0,0,0,0,0,0,1,1,NORMAL,NORMAL: no material adverse or mild scenario trigger,RULE_BASED_UNWEIGHTED_WEATHER_DIMENSIONS,DERIVED_FROM_PUBLIC_WEATHER,PROJECT_ASSUMPTION
2025-07-14,US_PNW,"Seattle, WA",20.0,1.5,0.0,15.9,0,20.057,2.175,0.0,-0.057,-0.675,0.0,0,0,0,0,0,0,0,0,0,0,0,0,0,0,1,1,NORMAL,NORMAL: no material adverse or mild scenario trigger,RULE_BASED_UNWEIGHTED_WEATHER_DIMENSIONS,DERIVED_FROM_PUBLIC_WEATHER,PROJECT_ASSUMPTION
2025-07-21,US_PNW,"Seattle, WA",18.686,0.4,0.0,12.9,0,20.746,1.975,0.0,-2.06,-1.575,0.0,0,0,0,0,0,0,1,0,0,0,0,1,0,0,1,1,NORMAL,NORMAL: isolated adverse dimension without severe compound conditions | colder_than_normal,RULE_BASED_UNWEIGHTED_WEATHER_DIMENSIONS,DERIVED_FROM_PUBLIC_WEATHER,PROJECT_ASSUMPTION
2025-07-28,US_PNW,"Seattle, WA",20.129,1.5,0.0,10.5,0,20.146,8.25,0.0,-0.017,-6.75,0.0,0,0,0,0,0,0,0,0,0,0,0,0,0,0,1,1,NORMAL,NORMAL: no material adverse or mild scenario trigger,RULE_BASED_UNWEIGHTED_WEATHER_DIMENSIONS,DERIVED_FROM_PUBLIC_WEATHER,PROJECT_ASSUMPTION
2025-08-04,US_PNW,"Seattle, WA",18.714,19.5,0.0,18.4,0,20.489,1.85,0.0,-1.775,17.65,0.0,0,0,0,0,0,0,0,0,0,0,0,0,0,0,1,1,NORMAL,NORMAL: no material adverse or mild scenario trigger,RULE_BASED_UNWEIGHTED_WEATHER_DIMENSIONS,DERIVED_FROM_PUBLIC_WEATHER,PROJECT_ASSUMPTION
2025-08-11,US_PNW,"Seattle, WA",20.186,36.7,0.0,20.4,0,19.8,2.275,0.0,0.386,34.425,0.0,0,0,0,0,0,0,0,1,0,0,0,1,0,0,1,1,NORMAL,NORMAL: isolated adverse dimension without severe compound conditions | wetter_than_normal,RULE_BASED_UNWEIGHTED_WEATHER_DIMENSIONS,DERIVED_FROM_PUBLIC_WEATHER,PROJECT_ASSUMPTION
2025-08-18,US_PNW,"Seattle, WA",19.686,1.8,0.0,13.7,0,18.161,11.175,0.0,1.525,-9.375,0.0,0,0,0,0,0,0,0,0,0,0,0,0,0,0,1,1,NORMAL,NORMAL: no material adverse or mild scenario trigger,RULE_BASED_UNWEIGHTED_WEATHER_DIMENSIONS,DERIVED_FROM_PUBLIC_WEATHER,PROJECT_ASSUMPTION
2025-08-25,US_PNW,"Seattle, WA",20.343,0.5,0.0,14.0,0,18.075,6.825,0.0,2.268,-6.325,0.0,0,0,0,0,0,0,0,0,0,0,0,0,0,1,1,1,MILD,MILD: warmer_than_seasonal_reference with no adverse weather dimensions,RULE_BASED_UNWEIGHTED_WEATHER_DIMENSIONS,DERIVED_FROM_PUBLIC_WEATHER,PROJECT_ASSUMPTION
2025-09-01,US_PNW,"Seattle, WA",18.929,0.1,0.0,13.7,0,18.096,2.825,0.0,0.833,-2.725,0.0,0,0,0,0,0,0,0,0,0,0,0,0,0,0,1,1,NORMAL,NORMAL: no material adverse or mild scenario trigger,RULE_BASED_UNWEIGHTED_WEATHER_DIMENSIONS,DERIVED_FROM_PUBLIC_WEATHER,PROJECT_ASSUMPTION
2025-09-08,US_PNW,"Seattle, WA",17.386,3.6,0.0,18.7,0,16.25,20.15,0.0,1.136,-16.55,0.0,0,0,0,0,0,0,0,0,0,0,0,0,0,0,1,1,NORMAL,NORMAL: no material adverse or mild scenario trigger,RULE_BASED_UNWEIGHTED_WEATHER_DIMENSIONS,DERIVED_FROM_PUBLIC_WEATHER,PROJECT_ASSUMPTION
2025-09-15,US_PNW,"Seattle, WA",17.214,15.6,0.0,15.9,0,15.514,7.1,0.0,1.699,8.5,0.0,0,0,0,0,0,0,0,0,0,0,0,0,0,0,1,1,NORMAL,NORMAL: no material adverse or mild scenario trigger,RULE_BASED_UNWEIGHTED_WEATHER_DIMENSIONS,DERIVED_FROM_PUBLIC_WEATHER,PROJECT_ASSUMPTION
2025-09-22,US_PNW,"Seattle, WA",15.586,0.8,0.0,12.7,0,14.572,27.525,0.0,1.014,-26.725,0.0,0,0,0,0,0,0,0,0,0,0,0,0,0,0,1,1,NORMAL,NORMAL: no material adverse or mild scenario trigger,RULE_BASED_UNWEIGHTED_WEATHER_DIMENSIONS,DERIVED_FROM_PUBLIC_WEATHER,PROJECT_ASSUMPTION
2025-09-29,US_PNW,"Seattle, WA",14.543,24.6,0.0,15.9,0,13.536,14.6,0.0,1.007,10.0,0.0,0,0,0,0,0,0,0,0,0,0,0,0,0,0,1,1,NORMAL,NORMAL: no material adverse or mild scenario trigger,RULE_BASED_UNWEIGHTED_WEATHER_DIMENSIONS,DERIVED_FROM_PUBLIC_WEATHER,PROJECT_ASSUMPTION
2025-10-06,US_PNW,"Seattle, WA",12.414,25.2,0.0,18.4,0,13.228,12.35,0.0,-0.815,12.85,0.0,0,0,0,0,0,0,0,0,0,0,0,0,0,0,1,1,NORMAL,NORMAL: no material adverse or mild scenario trigger,RULE_BASED_UNWEIGHTED_WEATHER_DIMENSIONS,DERIVED_FROM_PUBLIC_WEATHER,PROJECT_ASSUMPTION
2025-10-13,US_PNW,"Seattle, WA",10.129,26.2,0.0,29.2,0,12.478,26.05,0.0,-2.35,0.15,0.0,0,0,0,0,0,0,1,0,0,0,0,1,0,0,1,1,NORMAL,NORMAL: isolated adverse dimension without severe compound conditions | colder_than_normal,RULE_BASED_UNWEIGHTED_WEATHER_DIMENSIONS,DERIVED_FROM_PUBLIC_WEATHER,PROJECT_ASSUMPTION
2025-10-20,US_PNW,"Seattle, WA",10.743,52.6,0.0,34.7,0,9.728,54.975,0.0,1.014,-2.375,0.0,1,0,0,0,0,0,0,1,0,0,0,1,0,0,1,1,NORMAL,NORMAL: isolated adverse dimension without severe compound conditions | wetter_than_normal,RULE_BASED_UNWEIGHTED_WEATHER_DIMENSIONS,DERIVED_FROM_PUBLIC_WEATHER,PROJECT_ASSUMPTION
2025-10-27,US_PNW,"Seattle, WA",9.7,65.1,0.0,27.2,0,9.24,73.6,0.052,0.46,-8.5,-0.052,1,0,0,0,0,0,0,1,0,0,0,1,0,0,1,1,NORMAL,NORMAL: isolated adverse dimension without severe compound conditions | wetter_than_normal,RULE_BASED_UNWEIGHTED_WEATHER_DIMENSIONS,DERIVED_FROM_PUBLIC_WEATHER,PROJECT_ASSUMPTION
2025-11-03,US_PNW,"Seattle, WA",10.357,41.6,0.0,25.8,0,8.546,44.45,0.07,1.81,-2.85,-0.07,0,0,0,0,0,0,0,0,0,0,0,0,0,0,1,1,NORMAL,NORMAL: no material adverse or mild scenario trigger,RULE_BASED_UNWEIGHTED_WEATHER_DIMENSIONS,DERIVED_FROM_PUBLIC_WEATHER,PROJECT_ASSUMPTION
2025-11-10,US_PNW,"Seattle, WA",11.243,47.6,0.0,18.7,0,6.596,32.45,0.0,4.647,15.15,0.0,0,0,0,0,0,0,0,0,0,0,0,0,0,1,1,1,MILD,MILD: warmer_than_seasonal_reference with no adverse weather dimensions,RULE_BASED_UNWEIGHTED_WEATHER_DIMENSIONS,DERIVED_FROM_PUBLIC_WEATHER,PROJECT_ASSUMPTION
2025-11-17,US_PNW,"Seattle, WA",8.857,29.1,0.0,17.4,0,7.275,42.975,0.158,1.582,-13.875,-0.158,0,0,0,0,0,0,0,0,0,0,0,0,0,0,1,1,NORMAL,NORMAL: no material adverse or mild scenario trigger,RULE_BASED_UNWEIGHTED_WEATHER_DIMENSIONS,DERIVED_FROM_PUBLIC_WEATHER,PROJECT_ASSUMPTION
2025-11-24,US_PNW,"Seattle, WA",6.8,37.4,0.0,14.6,0,5.278,30.125,3.5,1.522,7.275,-3.5,0,0,0,0,0,0,0,0,0,0,0,0,0,0,1,1,NORMAL,NORMAL: no material adverse or mild scenario trigger,RULE_BASED_UNWEIGHTED_WEATHER_DIMENSIONS,DERIVED_FROM_PUBLIC_WEATHER,PROJECT_ASSUMPTION
2025-12-01,US_PNW,"Seattle, WA",7.986,46.4,0.0,28.6,0,6.204,66.675,0.438,1.782,-20.275,-0.438,0,0,0,0,0,0,0,0,0,0,0,0,0,0,1,1,NORMAL,NORMAL: no material adverse or mild scenario trigger,RULE_BASED_UNWEIGHTED_WEATHER_DIMENSIONS,DERIVED_FROM_PUBLIC_WEATHER,PROJECT_ASSUMPTION
2025-12-08,US_PNW,"Seattle, WA",10.843,144.4,0.0,31.7,0,5.332,17.325,0.805,5.511,127.075,-0.805,1,0,0,0,0,0,0,1,0,0,0,1,0,0,1,1,NORMAL,NORMAL: isolated adverse dimension without severe compound conditions | wetter_than_normal,RULE_BASED_UNWEIGHTED_WEATHER_DIMENSIONS,DERIVED_FROM_PUBLIC_WEATHER,PROJECT_ASSUMPTION
2025-12-15,US_PNW,"Seattle, WA",8.329,86.5,0.0,32.1,0,5.107,46.325,3.623,3.222,40.175,-3.623,1,0,0,0,0,0,0,1,0,0,0,1,0,0,1,1,NORMAL,NORMAL: isolated adverse dimension without severe compound conditions | wetter_than_normal,RULE_BASED_UNWEIGHTED_WEATHER_DIMENSIONS,DERIVED_FROM_PUBLIC_WEATHER,PROJECT_ASSUMPTION
2025-12-22,US_PNW,"Seattle, WA",4.714,22.5,0.07,22.8,3,6.064,45.325,1.418,-1.35,-22.825,-1.348,0,0,0,0,1,0,0,0,0,1,0,1,0,0,1,1,NORMAL,NORMAL: isolated adverse dimension without severe compound conditions | wet_cold_compound,RULE_BASED_UNWEIGHTED_WEATHER_DIMENSIONS,DERIVED_FROM_PUBLIC_WEATHER,PROJECT_ASSUMPTION
2025-12-29,US_PNW,"Seattle, WA",5.243,28.7,0.0,21.2,0,6.168,52.975,1.872,-0.925,-24.275,-1.872,0,0,0,0,0,0,0,0,0,0,0,0,0,0,1,1,NORMAL,NORMAL: no material adverse or mild scenario trigger,RULE_BASED_UNWEIGHTED_WEATHER_DIMENSIONS,DERIVED_FROM_PUBLIC_WEATHER,PROJECT_ASSUMPTION
2026-01-05,US_PNW,"Seattle, WA",6.386,49.5,0.0,27.5,0,5.904,41.0,0.455,0.482,8.5,-0.455,0,0,0,0,0,0,0,0,0,0,0,0,0,0,1,1,NORMAL,NORMAL: no material adverse or mild scenario trigger,RULE_BASED_UNWEIGHTED_WEATHER_DIMENSIONS,DERIVED_FROM_PUBLIC_WEATHER,PROJECT_ASSUMPTION
2026-01-12,US_PNW,"Seattle, WA",7.714,7.8,0.0,18.4,0,4.504,27.2,0.192,3.211,-19.4,-0.192,0,0,0,0,0,0,0,0,0,0,0,0,0,1,1,1,MILD,MILD: warmer_than_seasonal_reference with no adverse weather dimensions,RULE_BASED_UNWEIGHTED_WEATHER_DIMENSIONS,DERIVED_FROM_PUBLIC_WEATHER,PROJECT_ASSUMPTION
2026-01-19,US_PNW,"Seattle, WA",2.986,0.0,0.0,11.2,0,5.468,24.175,0.0,-2.482,-24.175,0.0,0,0,0,0,0,0,1,0,0,0,0,1,0,0,1,1,NORMAL,NORMAL: isolated adverse dimension without severe compound conditions | colder_than_normal,RULE_BASED_UNWEIGHTED_WEATHER_DIMENSIONS,DERIVED_FROM_PUBLIC_WEATHER,PROJECT_ASSUMPTION
2026-01-26,US_PNW,"Seattle, WA",8.143,40.6,0.0,21.3,0,5.714,17.75,0.228,2.429,22.85,-0.228,0,0,0,0,0,0,0,1,0,0,0,1,0,0,1,1,NORMAL,NORMAL: isolated adverse dimension without severe compound conditions | wetter_than_normal,RULE_BASED_UNWEIGHTED_WEATHER_DIMENSIONS,DERIVED_FROM_PUBLIC_WEATHER,PROJECT_ASSUMPTION
2026-02-02,US_PNW,"Seattle, WA",9.157,23.5,0.0,22.2,0,5.746,15.225,1.225,3.41,8.275,-1.225,0,0,0,0,0,0,0,0,0,0,0,0,0,1,1,1,MILD,MILD: warmer_than_seasonal_reference with no adverse weather dimensions,RULE_BASED_UNWEIGHTED_WEATHER_DIMENSIONS,DERIVED_FROM_PUBLIC_WEATHER,PROJECT_ASSUMPTION
2026-02-09,US_PNW,"Seattle, WA",6.543,10.9,0.0,18.8,0,5.246,15.3,1.767,1.296,-4.4,-1.767,0,0,0,0,0,0,0,0,0,0,0,0,0,0,1,1,NORMAL,NORMAL: no material adverse or mild scenario trigger,RULE_BASED_UNWEIGHTED_WEATHER_DIMENSIONS,DERIVED_FROM_PUBLIC_WEATHER,PROJECT_ASSUMPTION
2026-02-16,US_PNW,"Seattle, WA",4.5,21.2,0.21,19.8,3,5.589,36.925,1.54,-1.089,-15.725,-1.33,0,0,0,0,1,0,0,0,0,1,0,1,0,0,1,1,NORMAL,NORMAL: isolated adverse dimension without severe compound conditions | wet_cold_compound,RULE_BASED_UNWEIGHTED_WEATHER_DIMENSIONS,DERIVED_FROM_PUBLIC_WEATHER,PROJECT_ASSUMPTION
2026-02-23,US_PNW,"Seattle, WA",6.986,13.4,0.0,24.5,0,6.618,52.075,1.943,0.368,-38.675,-1.943,0,0,0,0,0,0,0,0,0,0,0,0,0,0,1,1,NORMAL,NORMAL: no material adverse or mild scenario trigger,RULE_BASED_UNWEIGHTED_WEATHER_DIMENSIONS,DERIVED_FROM_PUBLIC_WEATHER,PROJECT_ASSUMPTION
2026-03-02,US_PNW,"Seattle, WA",9.429,63.2,0.07,22.7,0,6.593,17.225,0.14,2.836,45.975,-0.07,1,0,0,0,0,0,0,1,0,0,0,1,0,0,1,1,NORMAL,NORMAL: isolated adverse dimension without severe compound conditions | wetter_than_normal,RULE_BASED_UNWEIGHTED_WEATHER_DIMENSIONS,DERIVED_FROM_PUBLIC_WEATHER,PROJECT_ASSUMPTION
2026-03-09,US_PNW,"Seattle, WA",4.829,64.2,9.45,37.0,5,8.036,35.725,0.07,-3.207,28.475,9.38,1,0,0,0,1,0,1,1,1,1,0,4,0,0,1,1,SEVERE,"SEVERE: colder_than_normal, wetter_than_normal, snowier_than_normal, wet_cold_compound",RULE_BASED_UNWEIGHTED_WEATHER_DIMENSIONS,DERIVED_FROM_PUBLIC_WEATHER,PROJECT_ASSUMPTION
2026-03-16,US_PNW,"Seattle, WA",10.2,81.2,0.0,21.7,0,8.807,34.25,0.175,1.393,46.95,-0.175,1,0,0,0,0,0,0,1,0,0,0,1,0,0,1,1,NORMAL,NORMAL: isolated adverse dimension without severe compound conditions | wetter_than_normal,RULE_BASED_UNWEIGHTED_WEATHER_DIMENSIONS,DERIVED_FROM_PUBLIC_WEATHER,PROJECT_ASSUMPTION
2026-03-23,US_PNW,"Seattle, WA",7.514,30.9,0.0,27.5,0,9.439,28.325,0.105,-1.925,2.575,-0.105,0,0,0,0,0,0,0,0,0,0,0,0,0,0,1,1,NORMAL,NORMAL: no material adverse or mild scenario trigger,RULE_BASED_UNWEIGHTED_WEATHER_DIMENSIONS,DERIVED_FROM_PUBLIC_WEATHER,PROJECT_ASSUMPTION
2026-03-30,US_PNW,"Seattle, WA",8.857,21.3,0.0,17.9,0,8.868,32.3,0.122,-0.011,-11.0,-0.122,0,0,0,0,0,0,0,0,0,0,0,0,0,0,1,1,NORMAL,NORMAL: no material adverse or mild scenario trigger,RULE_BASED_UNWEIGHTED_WEATHER_DIMENSIONS,DERIVED_FROM_PUBLIC_WEATHER,PROJECT_ASSUMPTION
2026-04-06,US_PNW,"Seattle, WA",10.943,14.6,0.0,13.0,0,8.432,25.025,0.035,2.511,-10.425,-0.035,0,0,0,0,0,0,0,0,0,0,0,0,0,1,1,1,MILD,MILD: warmer_than_seasonal_reference with no adverse weather dimensions,RULE_BASED_UNWEIGHTED_WEATHER_DIMENSIONS,DERIVED_FROM_PUBLIC_WEATHER,PROJECT_ASSUMPTION
2026-04-13,US_PNW,"Seattle, WA",9.629,40.1,0.21,26.2,0,9.907,18.65,0.0,-0.278,21.45,0.21,0,0,0,0,0,0,0,1,0,0,0,1,0,0,1,1,NORMAL,NORMAL: isolated adverse dimension without severe compound conditions | wetter_than_normal,RULE_BASED_UNWEIGHTED_WEATHER_DIMENSIONS,DERIVED_FROM_PUBLIC_WEATHER,PROJECT_ASSUMPTION
2026-04-20,US_PNW,"Seattle, WA",11.929,12.5,0.0,17.3,0,11.493,16.225,0.0,0.436,-3.725,0.0,0,0,0,0,0,0,0,0,0,0,0,0,0,0,1,1,NORMAL,NORMAL: no material adverse or mild scenario trigger,RULE_BASED_UNWEIGHTED_WEATHER_DIMENSIONS,DERIVED_FROM_PUBLIC_WEATHER,PROJECT_ASSUMPTION
2026-04-27,US_PNW,"Seattle, WA",13.814,0.7,0.0,18.2,0,11.164,28.775,0.0,2.65,-28.075,0.0,0,0,0,0,0,0,0,0,0,0,0,0,0,1,1,1,MILD,MILD: warmer_than_seasonal_reference with no adverse weather dimensions,RULE_BASED_UNWEIGHTED_WEATHER_DIMENSIONS,DERIVED_FROM_PUBLIC_WEATHER,PROJECT_ASSUMPTION
2026-05-04,US_PNW,"Seattle, WA",14.4,0.0,0.0,17.4,0,13.561,18.625,0.0,0.839,-18.625,0.0,0,0,0,0,0,0,0,0,0,0,0,0,0,0,1,1,NORMAL,NORMAL: no material adverse or mild scenario trigger,RULE_BASED_UNWEIGHTED_WEATHER_DIMENSIONS,DERIVED_FROM_PUBLIC_WEATHER,PROJECT_ASSUMPTION
2026-05-11,US_PNW,"Seattle, WA",12.743,30.7,0.0,23.6,0,13.914,16.05,0.0,-1.171,14.65,0.0,0,0,0,0,0,0,0,0,0,0,0,0,0,0,1,1,NORMAL,NORMAL: no material adverse or mild scenario trigger,RULE_BASED_UNWEIGHTED_WEATHER_DIMENSIONS,DERIVED_FROM_PUBLIC_WEATHER,PROJECT_ASSUMPTION
2026-05-18,US_PNW,"Seattle, WA",15.114,1.2,0.0,11.4,0,13.454,18.875,0.0,1.661,-17.675,0.0,0,0,0,0,0,0,0,0,0,0,0,0,0,0,1,1,NORMAL,NORMAL: no material adverse or mild scenario trigger,RULE_BASED_UNWEIGHTED_WEATHER_DIMENSIONS,DERIVED_FROM_PUBLIC_WEATHER,PROJECT_ASSUMPTION
2026-05-25,US_PNW,"Seattle, WA",14.543,10.3,0.0,16.4,0,14.793,18.5,0.0,-0.25,-8.2,0.0,0,0,0,0,0,0,0,0,0,0,0,0,0,0,1,1,NORMAL,NORMAL: no material adverse or mild scenario trigger,RULE_BASED_UNWEIGHTED_WEATHER_DIMENSIONS,DERIVED_FROM_PUBLIC_WEATHER,PROJECT_ASSUMPTION
2026-06-01,US_PNW,"Seattle, WA",15.5,18.0,0.0,19.6,0,16.043,20.1,0.0,-0.543,-2.1,0.0,0,0,0,0,0,0,0,0,0,0,0,0,0,0,1,1,NORMAL,NORMAL: no material adverse or mild scenario trigger,RULE_BASED_UNWEIGHTED_WEATHER_DIMENSIONS,DERIVED_FROM_PUBLIC_WEATHER,PROJECT_ASSUMPTION
2026-06-08,US_PNW,"Seattle, WA",16.457,32.3,0.0,27.1,0,15.014,15.1,0.0,1.443,17.2,0.0,0,0,0,0,0,0,0,0,0,0,0,0,0,0,1,1,NORMAL,NORMAL: no material adverse or mild scenario trigger,RULE_BASED_UNWEIGHTED_WEATHER_DIMENSIONS,DERIVED_FROM_PUBLIC_WEATHER,PROJECT_ASSUMPTION
2026-06-15,US_PNW,"Seattle, WA",18.657,0.0,0.0,15.8,0,16.643,7.875,0.0,2.014,-7.875,0.0,0,0,0,0,0,0,0,0,0,0,0,0,0,1,1,1,MILD,MILD: warmer_than_seasonal_reference with no adverse weather dimensions,RULE_BASED_UNWEIGHTED_WEATHER_DIMENSIONS,DERIVED_FROM_PUBLIC_WEATHER,PROJECT_ASSUMPTION
2026-06-22,US_PNW,"Seattle, WA",18.4,6.9,0.0,18.5,0,17.675,6.975,0.0,0.725,-0.075,0.0,0,0,0,0,0,0,0,0,0,0,0,0,0,0,1,1,NORMAL,NORMAL: no material adverse or mild scenario trigger,RULE_BASED_UNWEIGHTED_WEATHER_DIMENSIONS,DERIVED_FROM_PUBLIC_WEATHER,PROJECT_ASSUMPTION
2021-07-05,US_WEST,"San Francisco, CA",17.157,0.0,0.0,18.8,0,,,,,,,0,0,0,0,0,0,0,0,0,0,0,0,0,0,0,0,REFERENCE_UNAVAILABLE,No prior-year seasonal weather reference available,RULE_BASED_UNWEIGHTED_WEATHER_DIMENSIONS,DERIVED_FROM_PUBLIC_WEATHER,PROJECT_ASSUMPTION
2021-07-12,US_WEST,"San Francisco, CA",16.143,0.0,0.0,18.9,0,,,,,,,0,0,0,0,0,0,0,0,0,0,0,0,0,0,0,0,REFERENCE_UNAVAILABLE,No prior-year seasonal weather reference available,RULE_BASED_UNWEIGHTED_WEATHER_DIMENSIONS,DERIVED_FROM_PUBLIC_WEATHER,PROJECT_ASSUMPTION
2021-07-19,US_WEST,"San Francisco, CA",17.286,0.0,0.0,18.8,0,,,,,,,0,0,0,0,0,0,0,0,0,0,0,0,0,0,0,0,REFERENCE_UNAVAILABLE,No prior-year seasonal weather reference available,RULE_BASED_UNWEIGHTED_WEATHER_DIMENSIONS,DERIVED_FROM_PUBLIC_WEATHER,PROJECT_ASSUMPTION
2021-07-26,US_WEST,"San Francisco, CA",18.157,0.2,0.0,17.8,0,,,,,,,0,0,0,0,0,0,0,0,0,0,0,0,0,0,0,0,REFERENCE_UNAVAILABLE,No prior-year seasonal weather reference available,RULE_BASED_UNWEIGHTED_WEATHER_DIMENSIONS,DERIVED_FROM_PUBLIC_WEATHER,PROJECT_ASSUMPTION
2021-08-02,US_WEST,"San Francisco, CA",17.286,0.0,0.0,18.4,0,,,,,,,0,0,0,0,0,0,0,0,0,0,0,0,0,0,0,0,REFERENCE_UNAVAILABLE,No prior-year seasonal weather reference available,RULE_BASED_UNWEIGHTED_WEATHER_DIMENSIONS,DERIVED_FROM_PUBLIC_WEATHER,PROJECT_ASSUMPTION
2021-08-09,US_WEST,"San Francisco, CA",18.4,0.0,0.0,19.8,0,,,,,,,0,0,0,0,0,0,0,0,0,0,0,0,0,0,0,0,REFERENCE_UNAVAILABLE,No prior-year seasonal weather reference available,RULE_BASED_UNWEIGHTED_WEATHER_DIMENSIONS,DERIVED_FROM_PUBLIC_WEATHER,PROJECT_ASSUMPTION
2021-08-16,US_WEST,"San Francisco, CA",17.914,0.0,0.0,21.6,0,,,,,,,0,0,0,0,0,0,0,0,0,0,0,0,0,0,0,0,REFERENCE_UNAVAILABLE,No prior-year seasonal weather reference available,RULE_BASED_UNWEIGHTED_WEATHER_DIMENSIONS,DERIVED_FROM_PUBLIC_WEATHER,PROJECT_ASSUMPTION
2021-08-23,US_WEST,"San Francisco, CA",19.171,0.0,0.0,16.4,0,,,,,,,0,0,0,0,0,0,0,0,0,0,0,0,0,0,0,0,REFERENCE_UNAVAILABLE,No prior-year seasonal weather reference available,RULE_BASED_UNWEIGHTED_WEATHER_DIMENSIONS,DERIVED_FROM_PUBLIC_WEATHER,PROJECT_ASSUMPTION
2021-08-30,US_WEST,"San Francisco, CA",17.4,0.0,0.0,19.3,0,,,,,,,0,0,0,0,0,0,0,0,0,0,0,0,0,0,0,0,REFERENCE_UNAVAILABLE,No prior-year seasonal weather reference available,RULE_BASED_UNWEIGHTED_WEATHER_DIMENSIONS,DERIVED_FROM_PUBLIC_WEATHER,PROJECT_ASSUMPTION
2021-09-06,US_WEST,"San Francisco, CA",19.214,0.0,0.0,18.9,0,,,,,,,0,0,0,0,0,0,0,0,0,0,0,0,0,0,0,0,REFERENCE_UNAVAILABLE,No prior-year seasonal weather reference available,RULE_BASED_UNWEIGHTED_WEATHER_DIMENSIONS,DERIVED_FROM_PUBLIC_WEATHER,PROJECT_ASSUMPTION
2021-09-13,US_WEST,"San Francisco, CA",17.329,0.1,0.0,17.4,0,,,,,,,0,0,0,0,0,0,0,0,0,0,0,0,0,0,0,0,REFERENCE_UNAVAILABLE,No prior-year seasonal weather reference available,RULE_BASED_UNWEIGHTED_WEATHER_DIMENSIONS,DERIVED_FROM_PUBLIC_WEATHER,PROJECT_ASSUMPTION
2021-09-20,US_WEST,"San Francisco, CA",19.071,0.0,0.0,17.3,0,,,,,,,0,0,0,0,0,0,0,0,0,0,0,0,0,0,0,0,REFERENCE_UNAVAILABLE,No prior-year seasonal weather reference available,RULE_BASED_UNWEIGHTED_WEATHER_DIMENSIONS,DERIVED_FROM_PUBLIC_WEATHER,PROJECT_ASSUMPTION
2021-09-27,US_WEST,"San Francisco, CA",18.786,0.0,0.0,17.8,0,,,,,,,0,0,0,0,0,0,0,0,0,0,0,0,0,0,0,0,REFERENCE_UNAVAILABLE,No prior-year seasonal weather reference available,RULE_BASED_UNWEIGHTED_WEATHER_DIMENSIONS,DERIVED_FROM_PUBLIC_WEATHER,PROJECT_ASSUMPTION
2021-10-04,US_WEST,"San Francisco, CA",16.043,0.1,0.0,25.9,0,,,,,,,0,0,0,0,0,0,0,0,0,0,0,0,0,0,0,0,REFERENCE_UNAVAILABLE,No prior-year seasonal weather reference available,RULE_BASED_UNWEIGHTED_WEATHER_DIMENSIONS,DERIVED_FROM_PUBLIC_WEATHER,PROJECT_ASSUMPTION
2021-10-11,US_WEST,"San Francisco, CA",15.9,2.4,0.0,28.3,0,,,,,,,0,0,0,0,0,0,0,0,0,0,0,0,0,0,0,0,REFERENCE_UNAVAILABLE,No prior-year seasonal weather reference available,RULE_BASED_UNWEIGHTED_WEATHER_DIMENSIONS,DERIVED_FROM_PUBLIC_WEATHER,PROJECT_ASSUMPTION
2021-10-18,US_WEST,"San Francisco, CA",15.771,89.4,0.0,37.2,0,,,,,,,1,0,0,0,0,0,0,1,0,0,0,1,0,0,0,0,REFERENCE_UNAVAILABLE,No prior-year seasonal weather reference available,RULE_BASED_UNWEIGHTED_WEATHER_DIMENSIONS,DERIVED_FROM_PUBLIC_WEATHER,PROJECT_ASSUMPTION
2021-10-25,US_WEST,"San Francisco, CA",15.9,11.9,0.0,19.5,0,,,,,,,0,0,0,0,0,0,0,0,0,0,0,0,0,0,0,0,REFERENCE_UNAVAILABLE,No prior-year seasonal weather reference available,RULE_BASED_UNWEIGHTED_WEATHER_DIMENSIONS,DERIVED_FROM_PUBLIC_WEATHER,PROJECT_ASSUMPTION
2021-11-01,US_WEST,"San Francisco, CA",15.214,6.3,0.0,18.4,0,,,,,,,0,0,0,0,0,0,0,0,0,0,0,0,0,0,0,0,REFERENCE_UNAVAILABLE,No prior-year seasonal weather reference available,RULE_BASED_UNWEIGHTED_WEATHER_DIMENSIONS,DERIVED_FROM_PUBLIC_WEATHER,PROJECT_ASSUMPTION
2021-11-08,US_WEST,"San Francisco, CA",14.2,11.4,0.0,26.7,0,,,,,,,0,0,0,0,0,0,0,0,0,0,0,0,0,0,0,0,REFERENCE_UNAVAILABLE,No prior-year seasonal weather reference available,RULE_BASED_UNWEIGHTED_WEATHER_DIMENSIONS,DERIVED_FROM_PUBLIC_WEATHER,PROJECT_ASSUMPTION
2021-11-15,US_WEST,"San Francisco, CA",13.214,0.9,0.0,15.9,0,,,,,,,0,0,0,0,0,0,0,0,0,0,0,0,0,0,0,0,REFERENCE_UNAVAILABLE,No prior-year seasonal weather reference available,RULE_BASED_UNWEIGHTED_WEATHER_DIMENSIONS,DERIVED_FROM_PUBLIC_WEATHER,PROJECT_ASSUMPTION
2021-11-22,US_WEST,"San Francisco, CA",12.1,0.0,0.0,13.1,0,,,,,,,0,0,0,0,0,0,0,0,0,0,0,0,0,0,0,0,REFERENCE_UNAVAILABLE,No prior-year seasonal weather reference available,RULE_BASED_UNWEIGHTED_WEATHER_DIMENSIONS,DERIVED_FROM_PUBLIC_WEATHER,PROJECT_ASSUMPTION
2021-11-29,US_WEST,"San Francisco, CA",11.843,0.0,0.0,14.5,0,,,,,,,0,0,0,0,0,0,0,0,0,0,0,0,0,0,0,0,REFERENCE_UNAVAILABLE,No prior-year seasonal weather reference available,RULE_BASED_UNWEIGHTED_WEATHER_DIMENSIONS,DERIVED_FROM_PUBLIC_WEATHER,PROJECT_ASSUMPTION
2021-12-06,US_WEST,"San Francisco, CA",10.571,14.7,0.0,26.3,0,,,,,,,0,0,0,0,0,0,0,0,0,0,0,0,0,0,0,0,REFERENCE_UNAVAILABLE,No prior-year seasonal weather reference available,RULE_BASED_UNWEIGHTED_WEATHER_DIMENSIONS,DERIVED_FROM_PUBLIC_WEATHER,PROJECT_ASSUMPTION
2021-12-13,US_WEST,"San Francisco, CA",8.943,56.5,0.0,34.0,0,,,,,,,1,0,0,0,0,0,0,1,0,0,0,1,0,0,0,0,REFERENCE_UNAVAILABLE,No prior-year seasonal weather reference available,RULE_BASED_UNWEIGHTED_WEATHER_DIMENSIONS,DERIVED_FROM_PUBLIC_WEATHER,PROJECT_ASSUMPTION
2021-12-20,US_WEST,"San Francisco, CA",10.171,56.8,0.0,23.4,0,,,,,,,1,0,0,0,0,0,0,1,0,0,0,1,0,0,0,0,REFERENCE_UNAVAILABLE,No prior-year seasonal weather reference available,RULE_BASED_UNWEIGHTED_WEATHER_DIMENSIONS,DERIVED_FROM_PUBLIC_WEATHER,PROJECT_ASSUMPTION
2021-12-27,US_WEST,"San Francisco, CA",7.786,22.0,0.0,23.8,0,,,,,,,0,0,0,0,0,0,0,0,0,0,0,0,0,0,0,0,REFERENCE_UNAVAILABLE,No prior-year seasonal weather reference available,RULE_BASED_UNWEIGHTED_WEATHER_DIMENSIONS,DERIVED_FROM_PUBLIC_WEATHER,PROJECT_ASSUMPTION
2022-01-03,US_WEST,"San Francisco, CA",11.0,4.9,0.0,21.1,0,,,,,,,0,0,0,0,0,0,0,0,0,0,0,0,0,0,0,0,REFERENCE_UNAVAILABLE,No prior-year seasonal weather reference available,RULE_BASED_UNWEIGHTED_WEATHER_DIMENSIONS,DERIVED_FROM_PUBLIC_WEATHER,PROJECT_ASSUMPTION
2022-01-10,US_WEST,"San Francisco, CA",10.486,0.8,0.0,13.5,0,,,,,,,0,0,0,0,0,0,0,0,0,0,0,0,0,0,0,0,REFERENCE_UNAVAILABLE,No prior-year seasonal weather reference available,RULE_BASED_UNWEIGHTED_WEATHER_DIMENSIONS,DERIVED_FROM_PUBLIC_WEATHER,PROJECT_ASSUMPTION
2022-01-17,US_WEST,"San Francisco, CA",11.057,0.0,0.0,22.3,0,,,,,,,0,0,0,0,0,0,0,0,0,0,0,0,0,0,0,0,REFERENCE_UNAVAILABLE,No prior-year seasonal weather reference available,RULE_BASED_UNWEIGHTED_WEATHER_DIMENSIONS,DERIVED_FROM_PUBLIC_WEATHER,PROJECT_ASSUMPTION
2022-01-24,US_WEST,"San Francisco, CA",9.471,0.0,0.0,13.2,0,,,,,,,0,0,0,0,0,0,0,0,0,0,0,0,0,0,0,0,REFERENCE_UNAVAILABLE,No prior-year seasonal weather reference available,RULE_BASED_UNWEIGHTED_WEATHER_DIMENSIONS,DERIVED_FROM_PUBLIC_WEATHER,PROJECT_ASSUMPTION
2022-01-31,US_WEST,"San Francisco, CA",10.543,0.0,0.0,26.9,0,,,,,,,0,0,0,0,0,0,0,0,0,0,0,0,0,0,0,0,REFERENCE_UNAVAILABLE,No prior-year seasonal weather reference available,RULE_BASED_UNWEIGHTED_WEATHER_DIMENSIONS,DERIVED_FROM_PUBLIC_WEATHER,PROJECT_ASSUMPTION
2022-02-07,US_WEST,"San Francisco, CA",13.971,0.0,0.0,13.4,0,,,,,,,0,0,0,0,0,0,0,0,0,0,0,0,0,0,0,0,REFERENCE_UNAVAILABLE,No prior-year seasonal weather reference available,RULE_BASED_UNWEIGHTED_WEATHER_DIMENSIONS,DERIVED_FROM_PUBLIC_WEATHER,PROJECT_ASSUMPTION
2022-02-14,US_WEST,"San Francisco, CA",12.286,0.0,0.0,22.4,0,,,,,,,0,0,0,0,0,0,0,0,0,0,0,0,0,0,0,0,REFERENCE_UNAVAILABLE,No prior-year seasonal weather reference available,RULE_BASED_UNWEIGHTED_WEATHER_DIMENSIONS,DERIVED_FROM_PUBLIC_WEATHER,PROJECT_ASSUMPTION
2022-02-21,US_WEST,"San Francisco, CA",9.257,0.5,0.0,23.4,0,,,,,,,0,0,0,0,0,0,0,0,0,0,0,0,0,0,0,0,REFERENCE_UNAVAILABLE,No prior-year seasonal weather reference available,RULE_BASED_UNWEIGHTED_WEATHER_DIMENSIONS,DERIVED_FROM_PUBLIC_WEATHER,PROJECT_ASSUMPTION
2022-02-28,US_WEST,"San Francisco, CA",11.757,7.4,0.0,34.4,0,,,,,,,0,0,0,0,0,0,0,0,0,0,0,0,0,0,0,0,REFERENCE_UNAVAILABLE,No prior-year seasonal weather reference available,RULE_BASED_UNWEIGHTED_WEATHER_DIMENSIONS,DERIVED_FROM_PUBLIC_WEATHER,PROJECT_ASSUMPTION
2022-03-07,US_WEST,"San Francisco, CA",12.643,0.3,0.0,19.1,0,,,,,,,0,0,0,0,0,0,0,0,0,0,0,0,0,0,0,0,REFERENCE_UNAVAILABLE,No prior-year seasonal weather reference available,RULE_BASED_UNWEIGHTED_WEATHER_DIMENSIONS,DERIVED_FROM_PUBLIC_WEATHER,PROJECT_ASSUMPTION
2022-03-14,US_WEST,"San Francisco, CA",12.914,5.6,0.0,19.1,0,,,,,,,0,0,0,0,0,0,0,0,0,0,0,0,0,0,0,0,REFERENCE_UNAVAILABLE,No prior-year seasonal weather reference available,RULE_BASED_UNWEIGHTED_WEATHER_DIMENSIONS,DERIVED_FROM_PUBLIC_WEATHER,PROJECT_ASSUMPTION
2022-03-21,US_WEST,"San Francisco, CA",13.857,5.3,0.0,21.7,0,,,,,,,0,0,0,0,0,0,0,0,0,0,0,0,0,0,0,0,REFERENCE_UNAVAILABLE,No prior-year seasonal weather reference available,RULE_BASED_UNWEIGHTED_WEATHER_DIMENSIONS,DERIVED_FROM_PUBLIC_WEATHER,PROJECT_ASSUMPTION
2022-03-28,US_WEST,"San Francisco, CA",13.143,13.9,0.0,23.4,0,,,,,,,0,0,0,0,0,0,0,0,0,0,0,0,0,0,0,0,REFERENCE_UNAVAILABLE,No prior-year seasonal weather reference available,RULE_BASED_UNWEIGHTED_WEATHER_DIMENSIONS,DERIVED_FROM_PUBLIC_WEATHER,PROJECT_ASSUMPTION
2022-04-04,US_WEST,"San Francisco, CA",16.543,0.0,0.0,24.0,0,,,,,,,0,0,0,0,0,0,0,0,0,0,0,0,0,0,0,0,REFERENCE_UNAVAILABLE,No prior-year seasonal weather reference available,RULE_BASED_UNWEIGHTED_WEATHER_DIMENSIONS,DERIVED_FROM_PUBLIC_WEATHER,PROJECT_ASSUMPTION
2022-04-11,US_WEST,"San Francisco, CA",11.943,14.7,0.0,35.5,0,,,,,,,0,0,0,0,0,0,0,0,0,0,0,0,0,0,0,0,REFERENCE_UNAVAILABLE,No prior-year seasonal weather reference available,RULE_BASED_UNWEIGHTED_WEATHER_DIMENSIONS,DERIVED_FROM_PUBLIC_WEATHER,PROJECT_ASSUMPTION
2022-04-18,US_WEST,"San Francisco, CA",14.114,16.7,0.0,23.4,0,,,,,,,0,0,0,0,0,0,0,0,0,0,0,0,0,0,0,0,REFERENCE_UNAVAILABLE,No prior-year seasonal weather reference available,RULE_BASED_UNWEIGHTED_WEATHER_DIMENSIONS,DERIVED_FROM_PUBLIC_WEATHER,PROJECT_ASSUMPTION
2022-04-25,US_WEST,"San Francisco, CA",14.2,0.0,0.0,26.8,0,,,,,,,0,0,0,0,0,0,0,0,0,0,0,0,0,0,0,0,REFERENCE_UNAVAILABLE,No prior-year seasonal weather reference available,RULE_BASED_UNWEIGHTED_WEATHER_DIMENSIONS,DERIVED_FROM_PUBLIC_WEATHER,PROJECT_ASSUMPTION
2022-05-02,US_WEST,"San Francisco, CA",15.043,1.0,0.0,31.6,0,,,,,,,0,0,0,0,0,0,0,0,0,0,0,0,0,0,0,0,REFERENCE_UNAVAILABLE,No prior-year seasonal weather reference available,RULE_BASED_UNWEIGHTED_WEATHER_DIMENSIONS,DERIVED_FROM_PUBLIC_WEATHER,PROJECT_ASSUMPTION
2022-05-09,US_WEST,"San Francisco, CA",14.3,1.3,0.0,25.1,0,,,,,,,0,0,0,0,0,0,0,0,0,0,0,0,0,0,0,0,REFERENCE_UNAVAILABLE,No prior-year seasonal weather reference available,RULE_BASED_UNWEIGHTED_WEATHER_DIMENSIONS,DERIVED_FROM_PUBLIC_WEATHER,PROJECT_ASSUMPTION
2022-05-16,US_WEST,"San Francisco, CA",17.286,0.0,0.0,23.9,0,,,,,,,0,0,0,0,0,0,0,0,0,0,0,0,0,0,0,0,REFERENCE_UNAVAILABLE,No prior-year seasonal weather reference available,RULE_BASED_UNWEIGHTED_WEATHER_DIMENSIONS,DERIVED_FROM_PUBLIC_WEATHER,PROJECT_ASSUMPTION
2022-05-23,US_WEST,"San Francisco, CA",17.571,0.0,0.0,22.6,0,,,,,,,0,0,0,0,0,0,0,0,0,0,0,0,0,0,0,0,REFERENCE_UNAVAILABLE,No prior-year seasonal weather reference available,RULE_BASED_UNWEIGHTED_WEATHER_DIMENSIONS,DERIVED_FROM_PUBLIC_WEATHER,PROJECT_ASSUMPTION
2022-05-30,US_WEST,"San Francisco, CA",17.314,1.6,0.0,20.4,0,,,,,,,0,0,0,0,0,0,0,0,0,0,0,0,0,0,0,0,REFERENCE_UNAVAILABLE,No prior-year seasonal weather reference available,RULE_BASED_UNWEIGHTED_WEATHER_DIMENSIONS,DERIVED_FROM_PUBLIC_WEATHER,PROJECT_ASSUMPTION
2022-06-06,US_WEST,"San Francisco, CA",19.6,0.0,0.0,21.4,0,,,,,,,0,0,0,0,0,0,0,0,0,0,0,0,0,0,0,0,REFERENCE_UNAVAILABLE,No prior-year seasonal weather reference available,RULE_BASED_UNWEIGHTED_WEATHER_DIMENSIONS,DERIVED_FROM_PUBLIC_WEATHER,PROJECT_ASSUMPTION
2022-06-13,US_WEST,"San Francisco, CA",17.257,0.0,0.0,25.9,0,,,,,,,0,0,0,0,0,0,0,0,0,0,0,0,0,0,0,0,REFERENCE_UNAVAILABLE,No prior-year seasonal weather reference available,RULE_BASED_UNWEIGHTED_WEATHER_DIMENSIONS,DERIVED_FROM_PUBLIC_WEATHER,PROJECT_ASSUMPTION
2022-06-20,US_WEST,"San Francisco, CA",20.114,0.0,0.0,19.3,0,,,,,,,0,0,0,0,0,0,0,0,0,0,0,0,0,0,0,0,REFERENCE_UNAVAILABLE,No prior-year seasonal weather reference available,RULE_BASED_UNWEIGHTED_WEATHER_DIMENSIONS,DERIVED_FROM_PUBLIC_WEATHER,PROJECT_ASSUMPTION
2022-06-27,US_WEST,"San Francisco, CA",15.843,0.0,0.0,24.1,0,,,,,,,0,0,0,0,0,0,0,0,0,0,0,0,0,0,0,0,REFERENCE_UNAVAILABLE,No prior-year seasonal weather reference available,RULE_BASED_UNWEIGHTED_WEATHER_DIMENSIONS,DERIVED_FROM_PUBLIC_WEATHER,PROJECT_ASSUMPTION
2022-07-04,US_WEST,"San Francisco, CA",18.9,0.2,0.0,22.0,0,17.157,0.0,0.0,1.743,0.2,0.0,0,0,0,0,0,0,0,0,0,0,0,0,0,0,1,1,NORMAL,NORMAL: no material adverse or mild scenario trigger,RULE_BASED_UNWEIGHTED_WEATHER_DIMENSIONS,DERIVED_FROM_PUBLIC_WEATHER,PROJECT_ASSUMPTION
2022-07-11,US_WEST,"San Francisco, CA",18.243,0.0,0.0,19.6,0,16.143,0.0,0.0,2.1,0.0,0.0,0,0,0,0,0,0,0,0,0,0,0,0,0,1,1,1,MILD,MILD: warmer_than_seasonal_reference with no adverse weather dimensions,RULE_BASED_UNWEIGHTED_WEATHER_DIMENSIONS,DERIVED_FROM_PUBLIC_WEATHER,PROJECT_ASSUMPTION
2022-07-18,US_WEST,"San Francisco, CA",16.671,0.0,0.0,17.7,0,17.286,0.0,0.0,-0.615,0.0,0.0,0,0,0,0,0,0,0,0,0,0,0,0,0,0,1,1,NORMAL,NORMAL: no material adverse or mild scenario trigger,RULE_BASED_UNWEIGHTED_WEATHER_DIMENSIONS,DERIVED_FROM_PUBLIC_WEATHER,PROJECT_ASSUMPTION
2022-07-25,US_WEST,"San Francisco, CA",16.729,0.0,0.0,17.7,0,18.157,0.2,0.0,-1.428,-0.2,0.0,0,0,0,0,0,0,0,0,0,0,0,0,0,0,1,1,NORMAL,NORMAL: no material adverse or mild scenario trigger,RULE_BASED_UNWEIGHTED_WEATHER_DIMENSIONS,DERIVED_FROM_PUBLIC_WEATHER,PROJECT_ASSUMPTION
2022-08-01,US_WEST,"San Francisco, CA",19.286,0.1,0.0,20.6,0,17.286,0.0,0.0,2.0,0.1,0.0,0,0,0,0,0,0,0,0,0,0,0,0,0,1,1,1,MILD,MILD: warmer_than_seasonal_reference with no adverse weather dimensions,RULE_BASED_UNWEIGHTED_WEATHER_DIMENSIONS,DERIVED_FROM_PUBLIC_WEATHER,PROJECT_ASSUMPTION
2022-08-08,US_WEST,"San Francisco, CA",19.614,0.0,0.0,21.1,0,18.4,0.0,0.0,1.214,0.0,0.0,0,0,0,0,0,0,0,0,0,0,0,0,0,0,1,1,NORMAL,NORMAL: no material adverse or mild scenario trigger,RULE_BASED_UNWEIGHTED_WEATHER_DIMENSIONS,DERIVED_FROM_PUBLIC_WEATHER,PROJECT_ASSUMPTION
2022-08-15,US_WEST,"San Francisco, CA",19.314,0.0,0.0,20.2,0,17.914,0.0,0.0,1.4,0.0,0.0,0,0,0,0,0,0,0,0,0,0,0,0,0,0,1,1,NORMAL,NORMAL: no material adverse or mild scenario trigger,RULE_BASED_UNWEIGHTED_WEATHER_DIMENSIONS,DERIVED_FROM_PUBLIC_WEATHER,PROJECT_ASSUMPTION
2022-08-22,US_WEST,"San Francisco, CA",18.371,0.0,0.0,21.0,0,19.171,0.0,0.0,-0.8,0.0,0.0,0,0,0,0,0,0,0,0,0,0,0,0,0,0,1,1,NORMAL,NORMAL: no material adverse or mild scenario trigger,RULE_BASED_UNWEIGHTED_WEATHER_DIMENSIONS,DERIVED_FROM_PUBLIC_WEATHER,PROJECT_ASSUMPTION
2022-08-29,US_WEST,"San Francisco, CA",19.086,0.0,0.0,17.1,0,17.4,0.0,0.0,1.686,0.0,0.0,0,0,0,0,0,0,0,0,0,0,0,0,0,0,1,1,NORMAL,NORMAL: no material adverse or mild scenario trigger,RULE_BASED_UNWEIGHTED_WEATHER_DIMENSIONS,DERIVED_FROM_PUBLIC_WEATHER,PROJECT_ASSUMPTION
2022-09-05,US_WEST,"San Francisco, CA",23.114,0.5,0.0,18.2,0,19.214,0.0,0.0,3.9,0.5,0.0,0,0,0,0,0,0,0,0,0,0,0,0,0,1,1,1,MILD,MILD: warmer_than_seasonal_reference with no adverse weather dimensions,RULE_BASED_UNWEIGHTED_WEATHER_DIMENSIONS,DERIVED_FROM_PUBLIC_WEATHER,PROJECT_ASSUMPTION
2022-09-12,US_WEST,"San Francisco, CA",18.243,12.0,0.0,26.3,0,17.329,0.1,0.0,0.914,11.9,0.0,0,0,0,0,0,0,0,0,0,0,0,0,0,0,1,1,NORMAL,NORMAL: no material adverse or mild scenario trigger,RULE_BASED_UNWEIGHTED_WEATHER_DIMENSIONS,DERIVED_FROM_PUBLIC_WEATHER,PROJECT_ASSUMPTION
2022-09-19,US_WEST,"San Francisco, CA",19.043,2.4,0.0,14.6,0,19.071,0.0,0.0,-0.028,2.4,0.0,0,0,0,0,0,0,0,0,0,0,0,0,0,0,1,1,NORMAL,NORMAL: no material adverse or mild scenario trigger,RULE_BASED_UNWEIGHTED_WEATHER_DIMENSIONS,DERIVED_FROM_PUBLIC_WEATHER,PROJECT_ASSUMPTION
2022-09-26,US_WEST,"San Francisco, CA",17.771,0.0,0.0,17.0,0,18.786,0.0,0.0,-1.015,0.0,0.0,0,0,0,0,0,0,0,0,0,0,0,0,0,0,1,1,NORMAL,NORMAL: no material adverse or mild scenario trigger,RULE_BASED_UNWEIGHTED_WEATHER_DIMENSIONS,DERIVED_FROM_PUBLIC_WEATHER,PROJECT_ASSUMPTION
2022-10-03,US_WEST,"San Francisco, CA",16.429,0.0,0.0,15.7,0,16.043,0.1,0.0,0.386,-0.1,0.0,0,0,0,0,0,0,0,0,0,0,0,0,0,0,1,1,NORMAL,NORMAL: no material adverse or mild scenario trigger,RULE_BASED_UNWEIGHTED_WEATHER_DIMENSIONS,DERIVED_FROM_PUBLIC_WEATHER,PROJECT_ASSUMPTION
2022-10-10,US_WEST,"San Francisco, CA",15.343,0.0,0.0,17.9,0,15.9,2.4,0.0,-0.557,-2.4,0.0,0,0,0,0,0,0,0,0,0,0,0,0,0,0,1,1,NORMAL,NORMAL: no material adverse or mild scenario trigger,RULE_BASED_UNWEIGHTED_WEATHER_DIMENSIONS,DERIVED_FROM_PUBLIC_WEATHER,PROJECT_ASSUMPTION
2022-10-17,US_WEST,"San Francisco, CA",17.043,0.0,0.0,25.8,0,15.771,89.4,0.0,1.272,-89.4,0.0,0,0,0,0,0,0,0,0,0,0,0,0,0,0,1,1,NORMAL,NORMAL: no material adverse or mild scenario trigger,RULE_BASED_UNWEIGHTED_WEATHER_DIMENSIONS,DERIVED_FROM_PUBLIC_WEATHER,PROJECT_ASSUMPTION
2022-10-24,US_WEST,"San Francisco, CA",14.2,0.0,0.0,14.4,0,15.9,11.9,0.0,-1.7,-11.9,0.0,0,0,0,0,0,0,0,0,0,0,0,0,0,0,1,1,NORMAL,NORMAL: no material adverse or mild scenario trigger,RULE_BASED_UNWEIGHTED_WEATHER_DIMENSIONS,DERIVED_FROM_PUBLIC_WEATHER,PROJECT_ASSUMPTION
2022-10-31,US_WEST,"San Francisco, CA",12.843,8.2,0.0,24.2,0,15.214,6.3,0.0,-2.371,1.9,0.0,0,0,0,0,0,0,1,0,0,0,0,1,0,0,1,1,NORMAL,NORMAL: isolated adverse dimension without severe compound conditions | colder_than_normal,RULE_BASED_UNWEIGHTED_WEATHER_DIMENSIONS,DERIVED_FROM_PUBLIC_WEATHER,PROJECT_ASSUMPTION
2022-11-07,US_WEST,"San Francisco, CA",10.886,31.7,0.0,27.9,0,14.2,11.4,0.0,-3.314,20.3,0.0,0,0,0,0,0,0,1,1,0,0,0,2,0,0,1,1,SEVERE,"SEVERE: colder_than_normal, wetter_than_normal",RULE_BASED_UNWEIGHTED_WEATHER_DIMENSIONS,DERIVED_FROM_PUBLIC_WEATHER,PROJECT_ASSUMPTION
2022-11-14,US_WEST,"San Francisco, CA",10.643,0.0,0.0,14.2,0,13.214,0.9,0.0,-2.571,-0.9,0.0,0,0,0,0,0,0,1,0,0,0,0,1,0,0,1,1,NORMAL,NORMAL: isolated adverse dimension without severe compound conditions | colder_than_normal,RULE_BASED_UNWEIGHTED_WEATHER_DIMENSIONS,DERIVED_FROM_PUBLIC_WEATHER,PROJECT_ASSUMPTION
2022-11-21,US_WEST,"San Francisco, CA",11.043,0.0,0.0,15.0,0,12.1,0.0,0.0,-1.057,0.0,0.0,0,0,0,0,0,0,0,0,0,0,0,0,0,0,1,1,NORMAL,NORMAL: no material adverse or mild scenario trigger,RULE_BASED_UNWEIGHTED_WEATHER_DIMENSIONS,DERIVED_FROM_PUBLIC_WEATHER,PROJECT_ASSUMPTION
2022-11-28,US_WEST,"San Francisco, CA",9.3,34.8,0.0,28.5,0,11.843,0.0,0.0,-2.543,34.8,0.0,0,0,0,0,0,0,1,1,0,0,0,2,0,0,1,1,SEVERE,"SEVERE: colder_than_normal, wetter_than_normal",RULE_BASED_UNWEIGHTED_WEATHER_DIMENSIONS,DERIVED_FROM_PUBLIC_WEATHER,PROJECT_ASSUMPTION
2022-12-05,US_WEST,"San Francisco, CA",10.757,54.8,0.0,32.1,0,10.571,14.7,0.0,0.186,40.1,0.0,1,0,0,0,0,0,0,1,0,0,0,1,0,0,1,1,NORMAL,NORMAL: isolated adverse dimension without severe compound conditions | wetter_than_normal,RULE_BASED_UNWEIGHTED_WEATHER_DIMENSIONS,DERIVED_FROM_PUBLIC_WEATHER,PROJECT_ASSUMPTION
2022-12-12,US_WEST,"San Francisco, CA",6.971,1.7,0.0,14.1,0,8.943,56.5,0.0,-1.972,-54.8,0.0,0,0,0,0,0,0,0,0,0,0,0,0,0,0,1,1,NORMAL,NORMAL: no material adverse or mild scenario trigger,RULE_BASED_UNWEIGHTED_WEATHER_DIMENSIONS,DERIVED_FROM_PUBLIC_WEATHER,PROJECT_ASSUMPTION
2022-12-19,US_WEST,"San Francisco, CA",8.6,0.9,0.0,11.4,0,10.171,56.8,0.0,-1.571,-55.9,0.0,0,0,0,0,0,0,0,0,0,0,0,0,0,0,1,1,NORMAL,NORMAL: no material adverse or mild scenario trigger,RULE_BASED_UNWEIGHTED_WEATHER_DIMENSIONS,DERIVED_FROM_PUBLIC_WEATHER,PROJECT_ASSUMPTION
2022-12-26,US_WEST,"San Francisco, CA",11.843,123.4,0.0,31.5,0,7.786,22.0,0.0,4.057,101.4,0.0,1,0,0,0,0,0,0,1,0,0,0,1,0,0,1,1,NORMAL,NORMAL: isolated adverse dimension without severe compound conditions | wetter_than_normal,RULE_BASED_UNWEIGHTED_WEATHER_DIMENSIONS,DERIVED_FROM_PUBLIC_WEATHER,PROJECT_ASSUMPTION
2023-01-02,US_WEST,"San Francisco, CA",12.029,71.1,0.0,36.2,0,11.0,4.9,0.0,1.029,66.2,0.0,1,0,0,0,0,0,0,1,0,0,0,1,0,0,1,1,NORMAL,NORMAL: isolated adverse dimension without severe compound conditions | wetter_than_normal,RULE_BASED_UNWEIGHTED_WEATHER_DIMENSIONS,DERIVED_FROM_PUBLIC_WEATHER,PROJECT_ASSUMPTION
2023-01-09,US_WEST,"San Francisco, CA",13.171,114.6,0.0,36.5,0,10.486,0.8,0.0,2.685,113.8,0.0,1,0,0,0,0,0,0,1,0,0,0,1,0,0,1,1,NORMAL,NORMAL: isolated adverse dimension without severe compound conditions | wetter_than_normal,RULE_BASED_UNWEIGHTED_WEATHER_DIMENSIONS,DERIVED_FROM_PUBLIC_WEATHER,PROJECT_ASSUMPTION
2023-01-16,US_WEST,"San Francisco, CA",9.2,21.8,0.0,25.7,0,11.057,0.0,0.0,-1.857,21.8,0.0,0,0,0,0,0,0,0,1,0,0,0,1,0,0,1,1,NORMAL,NORMAL: isolated adverse dimension without severe compound conditions | wetter_than_normal,RULE_BASED_UNWEIGHTED_WEATHER_DIMENSIONS,DERIVED_FROM_PUBLIC_WEATHER,PROJECT_ASSUMPTION
2023-01-23,US_WEST,"San Francisco, CA",10.629,1.4,0.0,19.2,0,9.471,0.0,0.0,1.158,1.4,0.0,0,0,0,0,0,0,0,0,0,0,0,0,0,0,1,1,NORMAL,NORMAL: no material adverse or mild scenario trigger,RULE_BASED_UNWEIGHTED_WEATHER_DIMENSIONS,DERIVED_FROM_PUBLIC_WEATHER,PROJECT_ASSUMPTION
2023-01-30,US_WEST,"San Francisco, CA",9.471,21.8,0.0,29.0,0,10.543,0.0,0.0,-1.072,21.8,0.0,0,0,0,0,0,0,0,1,0,0,0,1,0,0,1,1,NORMAL,NORMAL: isolated adverse dimension without severe compound conditions | wetter_than_normal,RULE_BASED_UNWEIGHTED_WEATHER_DIMENSIONS,DERIVED_FROM_PUBLIC_WEATHER,PROJECT_ASSUMPTION
2023-02-06,US_WEST,"San Francisco, CA",10.043,1.8,0.0,20.0,0,13.971,0.0,0.0,-3.928,1.8,0.0,0,0,0,0,0,0,1,0,0,0,0,1,0,0,1,1,NORMAL,NORMAL: isolated adverse dimension without severe compound conditions | colder_than_normal,RULE_BASED_UNWEIGHTED_WEATHER_DIMENSIONS,DERIVED_FROM_PUBLIC_WEATHER,PROJECT_ASSUMPTION
2023-02-13,US_WEST,"San Francisco, CA",9.443,1.0,0.0,32.5,0,12.286,0.0,0.0,-2.843,1.0,0.0,0,0,0,0,0,0,1,0,0,0,0,1,0,0,1,1,NORMAL,NORMAL: isolated adverse dimension without severe compound conditions | colder_than_normal,RULE_BASED_UNWEIGHTED_WEATHER_DIMENSIONS,DERIVED_FROM_PUBLIC_WEATHER,PROJECT_ASSUMPTION
2023-02-20,US_WEST,"San Francisco, CA",8.686,34.6,0.0,41.5,0,9.257,0.5,0.0,-0.571,34.1,0.0,0,0,0,0,0,0,0,1,0,0,0,1,0,0,1,1,NORMAL,NORMAL: isolated adverse dimension without severe compound conditions | wetter_than_normal,RULE_BASED_UNWEIGHTED_WEATHER_DIMENSIONS,DERIVED_FROM_PUBLIC_WEATHER,PROJECT_ASSUMPTION
2023-02-27,US_WEST,"San Francisco, CA",8.886,39.8,0.0,29.4,0,11.757,7.4,0.0,-2.871,32.4,0.0,0,0,0,0,0,0,1,1,0,0,0,2,0,0,1,1,SEVERE,"SEVERE: colder_than_normal, wetter_than_normal",RULE_BASED_UNWEIGHTED_WEATHER_DIMENSIONS,DERIVED_FROM_PUBLIC_WEATHER,PROJECT_ASSUMPTION
2023-03-06,US_WEST,"San Francisco, CA",10.7,63.4,0.0,31.4,0,12.643,0.3,0.0,-1.943,63.1,0.0,1,0,0,0,0,0,0,1,0,0,0,1,0,0,1,1,NORMAL,NORMAL: isolated adverse dimension without severe compound conditions | wetter_than_normal,RULE_BASED_UNWEIGHTED_WEATHER_DIMENSIONS,DERIVED_FROM_PUBLIC_WEATHER,PROJECT_ASSUMPTION
2023-03-13,US_WEST,"San Francisco, CA",12.786,37.2,0.0,38.1,0,12.914,5.6,0.0,-0.128,31.6,0.0,0,0,0,0,0,0,0,1,0,0,0,1,0,0,1,1,NORMAL,NORMAL: isolated adverse dimension without severe compound conditions | wetter_than_normal,RULE_BASED_UNWEIGHTED_WEATHER_DIMENSIONS,DERIVED_FROM_PUBLIC_WEATHER,PROJECT_ASSUMPTION
2023-03-20,US_WEST,"San Francisco, CA",10.629,42.6,0.0,33.1,0,13.857,5.3,0.0,-3.228,37.3,0.0,0,0,0,0,0,0,1,1,0,0,0,2,0,0,1,1,SEVERE,"SEVERE: colder_than_normal, wetter_than_normal",RULE_BASED_UNWEIGHTED_WEATHER_DIMENSIONS,DERIVED_FROM_PUBLIC_WEATHER,PROJECT_ASSUMPTION
2023-03-27,US_WEST,"San Francisco, CA",10.586,26.8,0.0,32.5,0,13.143,13.9,0.0,-2.557,12.9,0.0,0,0,0,0,0,0,1,0,0,0,0,1,0,0,1,1,NORMAL,NORMAL: isolated adverse dimension without severe compound conditions | colder_than_normal,RULE_BASED_UNWEIGHTED_WEATHER_DIMENSIONS,DERIVED_FROM_PUBLIC_WEATHER,PROJECT_ASSUMPTION
2023-04-03,US_WEST,"San Francisco, CA",11.771,3.7,0.0,28.7,0,16.543,0.0,0.0,-4.772,3.7,0.0,0,0,0,0,0,0,1,0,0,0,0,1,0,0,1,1,NORMAL,NORMAL: isolated adverse dimension without severe compound conditions | colder_than_normal,RULE_BASED_UNWEIGHTED_WEATHER_DIMENSIONS,DERIVED_FROM_PUBLIC_WEATHER,PROJECT_ASSUMPTION
2023-04-10,US_WEST,"San Francisco, CA",12.686,0.0,0.0,23.6,0,11.943,14.7,0.0,0.743,-14.7,0.0,0,0,0,0,0,0,0,0,0,0,0,0,0,0,1,1,NORMAL,NORMAL: no material adverse or mild scenario trigger,RULE_BASED_UNWEIGHTED_WEATHER_DIMENSIONS,DERIVED_FROM_PUBLIC_WEATHER,PROJECT_ASSUMPTION
2023-04-17,US_WEST,"San Francisco, CA",14.014,0.8,0.0,20.9,0,14.114,16.7,0.0,-0.1,-15.9,0.0,0,0,0,0,0,0,0,0,0,0,0,0,0,0,1,1,NORMAL,NORMAL: no material adverse or mild scenario trigger,RULE_BASED_UNWEIGHTED_WEATHER_DIMENSIONS,DERIVED_FROM_PUBLIC_WEATHER,PROJECT_ASSUMPTION
2023-04-24,US_WEST,"San Francisco, CA",15.2,0.0,0.0,27.8,0,14.2,0.0,0.0,1.0,0.0,0.0,0,0,0,0,0,0,0,0,0,0,0,0,0,0,1,1,NORMAL,NORMAL: no material adverse or mild scenario trigger,RULE_BASED_UNWEIGHTED_WEATHER_DIMENSIONS,DERIVED_FROM_PUBLIC_WEATHER,PROJECT_ASSUMPTION
2023-05-01,US_WEST,"San Francisco, CA",12.929,20.4,0.0,27.0,0,15.043,1.0,0.0,-2.114,19.4,0.0,0,0,0,0,0,0,1,0,0,0,0,1,0,0,1,1,NORMAL,NORMAL: isolated adverse dimension without severe compound conditions | colder_than_normal,RULE_BASED_UNWEIGHTED_WEATHER_DIMENSIONS,DERIVED_FROM_PUBLIC_WEATHER,PROJECT_ASSUMPTION
2023-05-08,US_WEST,"San Francisco, CA",15.357,0.6,0.0,21.8,0,14.3,1.3,0.0,1.057,-0.7,0.0,0,0,0,0,0,0,0,0,0,0,0,0,0,0,1,1,NORMAL,NORMAL: no material adverse or mild scenario trigger,RULE_BASED_UNWEIGHTED_WEATHER_DIMENSIONS,DERIVED_FROM_PUBLIC_WEATHER,PROJECT_ASSUMPTION
2023-05-15,US_WEST,"San Francisco, CA",15.443,0.0,0.0,20.0,0,17.286,0.0,0.0,-1.843,0.0,0.0,0,0,0,0,0,0,0,0,0,0,0,0,0,0,1,1,NORMAL,NORMAL: no material adverse or mild scenario trigger,RULE_BASED_UNWEIGHTED_WEATHER_DIMENSIONS,DERIVED_FROM_PUBLIC_WEATHER,PROJECT_ASSUMPTION
2023-05-22,US_WEST,"San Francisco, CA",14.814,0.3,0.0,19.4,0,17.571,0.0,0.0,-2.757,0.3,0.0,0,0,0,0,0,0,1,0,0,0,0,1,0,0,1,1,NORMAL,NORMAL: isolated adverse dimension without severe compound conditions | colder_than_normal,RULE_BASED_UNWEIGHTED_WEATHER_DIMENSIONS,DERIVED_FROM_PUBLIC_WEATHER,PROJECT_ASSUMPTION
2023-05-29,US_WEST,"San Francisco, CA",15.829,0.0,0.0,19.3,0,17.314,1.6,0.0,-1.485,-1.6,0.0,0,0,0,0,0,0,0,0,0,0,0,0,0,0,1,1,NORMAL,NORMAL: no material adverse or mild scenario trigger,RULE_BASED_UNWEIGHTED_WEATHER_DIMENSIONS,DERIVED_FROM_PUBLIC_WEATHER,PROJECT_ASSUMPTION
2023-06-05,US_WEST,"San Francisco, CA",16.014,0.0,0.0,22.4,0,19.6,0.0,0.0,-3.586,0.0,0.0,0,0,0,0,0,0,1,0,0,0,0,1,0,0,1,1,NORMAL,NORMAL: isolated adverse dimension without severe compound conditions | colder_than_normal,RULE_BASED_UNWEIGHTED_WEATHER_DIMENSIONS,DERIVED_FROM_PUBLIC_WEATHER,PROJECT_ASSUMPTION
2023-06-12,US_WEST,"San Francisco, CA",16.871,1.3,0.0,25.6,0,17.257,0.0,0.0,-0.386,1.3,0.0,0,0,0,0,0,0,0,0,0,0,0,0,0,0,1,1,NORMAL,NORMAL: no material adverse or mild scenario trigger,RULE_BASED_UNWEIGHTED_WEATHER_DIMENSIONS,DERIVED_FROM_PUBLIC_WEATHER,PROJECT_ASSUMPTION
2023-06-19,US_WEST,"San Francisco, CA",15.771,0.0,0.0,24.4,0,20.114,0.0,0.0,-4.343,0.0,0.0,0,0,0,0,0,0,1,0,0,0,0,1,0,0,1,1,NORMAL,NORMAL: isolated adverse dimension without severe compound conditions | colder_than_normal,RULE_BASED_UNWEIGHTED_WEATHER_DIMENSIONS,DERIVED_FROM_PUBLIC_WEATHER,PROJECT_ASSUMPTION
2023-06-26,US_WEST,"San Francisco, CA",17.514,0.0,0.0,19.0,0,15.843,0.0,0.0,1.671,0.0,0.0,0,0,0,0,0,0,0,0,0,0,0,0,0,0,1,1,NORMAL,NORMAL: no material adverse or mild scenario trigger,RULE_BASED_UNWEIGHTED_WEATHER_DIMENSIONS,DERIVED_FROM_PUBLIC_WEATHER,PROJECT_ASSUMPTION
2023-07-03,US_WEST,"San Francisco, CA",16.057,0.0,0.0,22.6,0,18.028,0.1,0.0,-1.972,-0.1,0.0,0,0,0,0,0,0,0,0,0,0,0,0,0,0,1,1,NORMAL,NORMAL: no material adverse or mild scenario trigger,RULE_BASED_UNWEIGHTED_WEATHER_DIMENSIONS,DERIVED_FROM_PUBLIC_WEATHER,PROJECT_ASSUMPTION
2023-07-10,US_WEST,"San Francisco, CA",18.043,0.0,0.0,16.1,0,17.193,0.0,0.0,0.85,0.0,0.0,0,0,0,0,0,0,0,0,0,0,0,0,0,0,1,1,NORMAL,NORMAL: no material adverse or mild scenario trigger,RULE_BASED_UNWEIGHTED_WEATHER_DIMENSIONS,DERIVED_FROM_PUBLIC_WEATHER,PROJECT_ASSUMPTION
2023-07-17,US_WEST,"San Francisco, CA",19.0,0.0,0.0,18.1,0,16.978,0.0,0.0,2.021,0.0,0.0,0,0,0,0,0,0,0,0,0,0,0,0,0,1,1,1,MILD,MILD: warmer_than_seasonal_reference with no adverse weather dimensions,RULE_BASED_UNWEIGHTED_WEATHER_DIMENSIONS,DERIVED_FROM_PUBLIC_WEATHER,PROJECT_ASSUMPTION
2023-07-24,US_WEST,"San Francisco, CA",18.186,0.0,0.0,19.8,0,17.443,0.1,0.0,0.743,-0.1,0.0,0,0,0,0,0,0,0,0,0,0,0,0,0,0,1,1,NORMAL,NORMAL: no material adverse or mild scenario trigger,RULE_BASED_UNWEIGHTED_WEATHER_DIMENSIONS,DERIVED_FROM_PUBLIC_WEATHER,PROJECT_ASSUMPTION
2023-07-31,US_WEST,"San Francisco, CA",18.257,0.0,0.0,20.9,0,18.286,0.05,0.0,-0.029,-0.05,0.0,0,0,0,0,0,0,0,0,0,0,0,0,0,0,1,1,NORMAL,NORMAL: no material adverse or mild scenario trigger,RULE_BASED_UNWEIGHTED_WEATHER_DIMENSIONS,DERIVED_FROM_PUBLIC_WEATHER,PROJECT_ASSUMPTION
2023-08-07,US_WEST,"San Francisco, CA",19.0,0.1,0.0,19.1,0,19.007,0.0,0.0,-0.007,0.1,0.0,0,0,0,0,0,0,0,0,0,0,0,0,0,0,1,1,NORMAL,NORMAL: no material adverse or mild scenario trigger,RULE_BASED_UNWEIGHTED_WEATHER_DIMENSIONS,DERIVED_FROM_PUBLIC_WEATHER,PROJECT_ASSUMPTION
2023-08-14,US_WEST,"San Francisco, CA",19.929,0.0,0.0,18.1,0,18.614,0.0,0.0,1.315,0.0,0.0,0,0,0,0,0,0,0,0,0,0,0,0,0,0,1,1,NORMAL,NORMAL: no material adverse or mild scenario trigger,RULE_BASED_UNWEIGHTED_WEATHER_DIMENSIONS,DERIVED_FROM_PUBLIC_WEATHER,PROJECT_ASSUMPTION
2023-08-21,US_WEST,"San Francisco, CA",20.586,1.4,0.0,22.7,0,18.771,0.0,0.0,1.815,1.4,0.0,0,0,0,0,0,0,0,0,0,0,0,0,0,0,1,1,NORMAL,NORMAL: no material adverse or mild scenario trigger,RULE_BASED_UNWEIGHTED_WEATHER_DIMENSIONS,DERIVED_FROM_PUBLIC_WEATHER,PROJECT_ASSUMPTION
2023-08-28,US_WEST,"San Francisco, CA",19.714,1.0,0.0,19.9,0,18.243,0.0,0.0,1.471,1.0,0.0,0,0,0,0,0,0,0,0,0,0,0,0,0,0,1,1,NORMAL,NORMAL: no material adverse or mild scenario trigger,RULE_BASED_UNWEIGHTED_WEATHER_DIMENSIONS,DERIVED_FROM_PUBLIC_WEATHER,PROJECT_ASSUMPTION
2023-09-04,US_WEST,"San Francisco, CA",18.329,0.0,0.0,16.9,0,21.164,0.25,0.0,-2.835,-0.25,0.0,0,0,0,0,0,0,1,0,0,0,0,1,0,0,1,1,NORMAL,NORMAL: isolated adverse dimension without severe compound conditions | colder_than_normal,RULE_BASED_UNWEIGHTED_WEATHER_DIMENSIONS,DERIVED_FROM_PUBLIC_WEATHER,PROJECT_ASSUMPTION
2023-09-11,US_WEST,"San Francisco, CA",18.314,0.0,0.0,19.3,0,17.786,6.05,0.0,0.528,-6.05,0.0,0,0,0,0,0,0,0,0,0,0,0,0,0,0,1,1,NORMAL,NORMAL: no material adverse or mild scenario trigger,RULE_BASED_UNWEIGHTED_WEATHER_DIMENSIONS,DERIVED_FROM_PUBLIC_WEATHER,PROJECT_ASSUMPTION
2023-09-18,US_WEST,"San Francisco, CA",17.243,0.0,0.0,17.9,0,19.057,1.2,0.0,-1.814,-1.2,0.0,0,0,0,0,0,0,0,0,0,0,0,0,0,0,1,1,NORMAL,NORMAL: no material adverse or mild scenario trigger,RULE_BASED_UNWEIGHTED_WEATHER_DIMENSIONS,DERIVED_FROM_PUBLIC_WEATHER,PROJECT_ASSUMPTION
2023-09-25,US_WEST,"San Francisco, CA",18.386,0.8,0.0,23.5,0,18.278,0.0,0.0,0.107,0.8,0.0,0,0,0,0,0,0,0,0,0,0,0,0,0,0,1,1,NORMAL,NORMAL: no material adverse or mild scenario trigger,RULE_BASED_UNWEIGHTED_WEATHER_DIMENSIONS,DERIVED_FROM_PUBLIC_WEATHER,PROJECT_ASSUMPTION
2023-10-02,US_WEST,"San Francisco, CA",21.214,0.0,0.0,13.7,0,16.236,0.05,0.0,4.978,-0.05,0.0,0,0,0,0,0,0,0,0,0,0,0,0,0,1,1,1,MILD,MILD: warmer_than_seasonal_reference with no adverse weather dimensions,RULE_BASED_UNWEIGHTED_WEATHER_DIMENSIONS,DERIVED_FROM_PUBLIC_WEATHER,PROJECT_ASSUMPTION
2023-10-09,US_WEST,"San Francisco, CA",17.6,1.5,0.0,17.3,0,15.622,1.2,0.0,1.979,0.3,0.0,0,0,0,0,0,0,0,0,0,0,0,0,0,0,1,1,NORMAL,NORMAL: no material adverse or mild scenario trigger,RULE_BASED_UNWEIGHTED_WEATHER_DIMENSIONS,DERIVED_FROM_PUBLIC_WEATHER,PROJECT_ASSUMPTION
2023-10-16,US_WEST,"San Francisco, CA",18.543,2.9,0.0,18.9,0,16.407,44.7,0.0,2.136,-41.8,0.0,0,0,0,0,0,0,0,0,0,0,0,0,0,1,1,1,MILD,MILD: warmer_than_seasonal_reference with no adverse weather dimensions,RULE_BASED_UNWEIGHTED_WEATHER_DIMENSIONS,DERIVED_FROM_PUBLIC_WEATHER,PROJECT_ASSUMPTION
2023-10-23,US_WEST,"San Francisco, CA",14.829,1.6,0.0,20.2,0,15.05,5.95,0.0,-0.221,-4.35,0.0,0,0,0,0,0,0,0,0,0,0,0,0,0,0,1,1,NORMAL,NORMAL: no material adverse or mild scenario trigger,RULE_BASED_UNWEIGHTED_WEATHER_DIMENSIONS,DERIVED_FROM_PUBLIC_WEATHER,PROJECT_ASSUMPTION
2023-10-30,US_WEST,"San Francisco, CA",16.086,1.4,0.0,13.4,0,14.029,7.25,0.0,2.057,-5.85,0.0,0,0,0,0,0,0,0,0,0,0,0,0,0,1,1,1,MILD,MILD: warmer_than_seasonal_reference with no adverse weather dimensions,RULE_BASED_UNWEIGHTED_WEATHER_DIMENSIONS,DERIVED_FROM_PUBLIC_WEATHER,PROJECT_ASSUMPTION
2023-11-06,US_WEST,"San Francisco, CA",14.314,1.9,0.0,15.0,0,12.543,21.55,0.0,1.771,-19.65,0.0,0,0,0,0,0,0,0,0,0,0,0,0,0,0,1,1,NORMAL,NORMAL: no material adverse or mild scenario trigger,RULE_BASED_UNWEIGHTED_WEATHER_DIMENSIONS,DERIVED_FROM_PUBLIC_WEATHER,PROJECT_ASSUMPTION
2023-11-13,US_WEST,"San Francisco, CA",15.429,25.1,0.0,22.2,0,11.928,0.45,0.0,3.501,24.65,0.0,0,0,0,0,0,0,0,1,0,0,0,1,0,0,1,1,NORMAL,NORMAL: isolated adverse dimension without severe compound conditions | wetter_than_normal,RULE_BASED_UNWEIGHTED_WEATHER_DIMENSIONS,DERIVED_FROM_PUBLIC_WEATHER,PROJECT_ASSUMPTION
2023-11-20,US_WEST,"San Francisco, CA",11.514,0.0,0.0,14.6,0,11.572,0.0,0.0,-0.058,0.0,0.0,0,0,0,0,0,0,0,0,0,0,0,0,0,0,1,1,NORMAL,NORMAL: no material adverse or mild scenario trigger,RULE_BASED_UNWEIGHTED_WEATHER_DIMENSIONS,DERIVED_FROM_PUBLIC_WEATHER,PROJECT_ASSUMPTION
2023-11-27,US_WEST,"San Francisco, CA",11.957,9.5,0.0,23.2,0,10.572,17.4,0.0,1.386,-7.9,0.0,0,0,0,0,0,0,0,0,0,0,0,0,0,0,1,1,NORMAL,NORMAL: no material adverse or mild scenario trigger,RULE_BASED_UNWEIGHTED_WEATHER_DIMENSIONS,DERIVED_FROM_PUBLIC_WEATHER,PROJECT_ASSUMPTION
2023-12-04,US_WEST,"San Francisco, CA",11.029,6.0,0.0,23.5,0,10.664,34.75,0.0,0.365,-28.75,0.0,0,0,0,0,0,0,0,0,0,0,0,0,0,0,1,1,NORMAL,NORMAL: no material adverse or mild scenario trigger,RULE_BASED_UNWEIGHTED_WEATHER_DIMENSIONS,DERIVED_FROM_PUBLIC_WEATHER,PROJECT_ASSUMPTION
2023-12-11,US_WEST,"San Francisco, CA",10.186,5.5,0.0,12.9,0,7.957,29.1,0.0,2.229,-23.6,0.0,0,0,0,0,0,0,0,0,0,0,0,0,0,1,1,1,MILD,MILD: warmer_than_seasonal_reference with no adverse weather dimensions,RULE_BASED_UNWEIGHTED_WEATHER_DIMENSIONS,DERIVED_FROM_PUBLIC_WEATHER,PROJECT_ASSUMPTION
2023-12-18,US_WEST,"San Francisco, CA",12.943,46.1,0.0,19.1,0,9.386,28.85,0.0,3.557,17.25,0.0,0,0,0,0,0,0,0,0,0,0,0,0,0,1,1,1,MILD,MILD: warmer_than_seasonal_reference with no adverse weather dimensions,RULE_BASED_UNWEIGHTED_WEATHER_DIMENSIONS,DERIVED_FROM_PUBLIC_WEATHER,PROJECT_ASSUMPTION
2023-12-25,US_WEST,"San Francisco, CA",13.014,35.3,0.0,23.0,0,9.814,72.7,0.0,3.2,-37.4,0.0,0,0,0,0,0,0,0,0,0,0,0,0,0,1,1,1,MILD,MILD: warmer_than_seasonal_reference with no adverse weather dimensions,RULE_BASED_UNWEIGHTED_WEATHER_DIMENSIONS,DERIVED_FROM_PUBLIC_WEATHER,PROJECT_ASSUMPTION
2024-01-01,US_WEST,"San Francisco, CA",10.629,20.0,0.0,29.3,0,11.514,38.0,0.0,-0.886,-18.0,0.0,0,0,0,0,0,0,0,0,0,0,0,0,0,0,1,1,NORMAL,NORMAL: no material adverse or mild scenario trigger,RULE_BASED_UNWEIGHTED_WEATHER_DIMENSIONS,DERIVED_FROM_PUBLIC_WEATHER,PROJECT_ASSUMPTION
2024-01-08,US_WEST,"San Francisco, CA",10.0,12.8,0.0,26.0,0,11.828,57.7,0.0,-1.828,-44.9,0.0,0,0,0,0,0,0,0,0,0,0,0,0,0,0,1,1,NORMAL,NORMAL: no material adverse or mild scenario trigger,RULE_BASED_UNWEIGHTED_WEATHER_DIMENSIONS,DERIVED_FROM_PUBLIC_WEATHER,PROJECT_ASSUMPTION
2024-01-15,US_WEST,"San Francisco, CA",12.229,29.5,0.0,21.4,0,10.128,10.9,0.0,2.101,18.6,0.0,0,0,0,0,0,0,0,0,0,0,0,0,0,1,1,1,MILD,MILD: warmer_than_seasonal_reference with no adverse weather dimensions,RULE_BASED_UNWEIGHTED_WEATHER_DIMENSIONS,DERIVED_FROM_PUBLIC_WEATHER,PROJECT_ASSUMPTION
2024-01-22,US_WEST,"San Francisco, CA",13.586,26.5,0.0,24.1,0,10.05,0.7,0.0,3.536,25.8,0.0,0,0,0,0,0,0,0,1,0,0,0,1,0,0,1,1,NORMAL,NORMAL: isolated adverse dimension without severe compound conditions | wetter_than_normal,RULE_BASED_UNWEIGHTED_WEATHER_DIMENSIONS,DERIVED_FROM_PUBLIC_WEATHER,PROJECT_ASSUMPTION
2024-01-29,US_WEST,"San Francisco, CA",12.814,84.6,0.0,43.0,0,10.007,10.9,0.0,2.807,73.7,0.0,1,0,0,0,0,0,0,1,0,0,0,1,0,0,1,1,NORMAL,NORMAL: isolated adverse dimension without severe compound conditions | wetter_than_normal,RULE_BASED_UNWEIGHTED_WEATHER_DIMENSIONS,DERIVED_FROM_PUBLIC_WEATHER,PROJECT_ASSUMPTION
2024-02-05,US_WEST,"San Francisco, CA",10.371,19.0,0.0,27.3,0,12.007,0.9,0.0,-1.636,18.1,0.0,0,0,0,0,0,0,0,0,0,0,0,0,0,0,1,1,NORMAL,NORMAL: no material adverse or mild scenario trigger,RULE_BASED_UNWEIGHTED_WEATHER_DIMENSIONS,DERIVED_FROM_PUBLIC_WEATHER,PROJECT_ASSUMPTION
2024-02-12,US_WEST,"San Francisco, CA",12.314,34.2,0.0,26.5,0,10.864,0.5,0.0,1.45,33.7,0.0,0,0,0,0,0,0,0,1,0,0,0,1,0,0,1,1,NORMAL,NORMAL: isolated adverse dimension without severe compound conditions | wetter_than_normal,RULE_BASED_UNWEIGHTED_WEATHER_DIMENSIONS,DERIVED_FROM_PUBLIC_WEATHER,PROJECT_ASSUMPTION
2024-02-19,US_WEST,"San Francisco, CA",12.971,27.2,0.0,33.8,0,8.971,17.55,0.0,4.0,9.65,0.0,0,0,0,0,0,0,0,0,0,0,0,0,0,1,1,1,MILD,MILD: warmer_than_seasonal_reference with no adverse weather dimensions,RULE_BASED_UNWEIGHTED_WEATHER_DIMENSIONS,DERIVED_FROM_PUBLIC_WEATHER,PROJECT_ASSUMPTION
2024-02-26,US_WEST,"San Francisco, CA",11.614,34.7,0.0,34.5,0,10.322,23.6,0.0,1.293,11.1,0.0,0,0,0,0,0,0,0,0,0,0,0,0,0,0,1,1,NORMAL,NORMAL: no material adverse or mild scenario trigger,RULE_BASED_UNWEIGHTED_WEATHER_DIMENSIONS,DERIVED_FROM_PUBLIC_WEATHER,PROJECT_ASSUMPTION
2024-03-04,US_WEST,"San Francisco, CA",12.243,7.2,0.0,20.6,0,11.672,31.85,0.0,0.572,-24.65,0.0,0,0,0,0,0,0,0,0,0,0,0,0,0,0,1,1,NORMAL,NORMAL: no material adverse or mild scenario trigger,RULE_BASED_UNWEIGHTED_WEATHER_DIMENSIONS,DERIVED_FROM_PUBLIC_WEATHER,PROJECT_ASSUMPTION
2024-03-11,US_WEST,"San Francisco, CA",14.329,6.0,0.0,28.2,0,12.85,21.4,0.0,1.479,-15.4,0.0,0,0,0,0,0,0,0,0,0,0,0,0,0,0,1,1,NORMAL,NORMAL: no material adverse or mild scenario trigger,RULE_BASED_UNWEIGHTED_WEATHER_DIMENSIONS,DERIVED_FROM_PUBLIC_WEATHER,PROJECT_ASSUMPTION
2024-03-18,US_WEST,"San Francisco, CA",13.343,20.5,0.0,24.1,0,12.243,23.95,0.0,1.1,-3.45,0.0,0,0,0,0,0,0,0,0,0,0,0,0,0,0,1,1,NORMAL,NORMAL: no material adverse or mild scenario trigger,RULE_BASED_UNWEIGHTED_WEATHER_DIMENSIONS,DERIVED_FROM_PUBLIC_WEATHER,PROJECT_ASSUMPTION
2024-03-25,US_WEST,"San Francisco, CA",12.343,29.4,0.0,24.6,0,11.864,20.35,0.0,0.479,9.05,0.0,0,0,0,0,0,0,0,0,0,0,0,0,0,0,1,1,NORMAL,NORMAL: no material adverse or mild scenario trigger,RULE_BASED_UNWEIGHTED_WEATHER_DIMENSIONS,DERIVED_FROM_PUBLIC_WEATHER,PROJECT_ASSUMPTION
2024-04-01,US_WEST,"San Francisco, CA",11.743,13.1,0.0,23.2,0,14.157,1.85,0.0,-2.414,11.25,0.0,0,0,0,0,0,0,1,0,0,0,0,1,0,0,1,1,NORMAL,NORMAL: isolated adverse dimension without severe compound conditions | colder_than_normal,RULE_BASED_UNWEIGHTED_WEATHER_DIMENSIONS,DERIVED_FROM_PUBLIC_WEATHER,PROJECT_ASSUMPTION
2024-04-08,US_WEST,"San Francisco, CA",13.614,18.1,0.0,22.7,0,12.314,7.35,0.0,1.3,10.75,0.0,0,0,0,0,0,0,0,0,0,0,0,0,0,0,1,1,NORMAL,NORMAL: no material adverse or mild scenario trigger,RULE_BASED_UNWEIGHTED_WEATHER_DIMENSIONS,DERIVED_FROM_PUBLIC_WEATHER,PROJECT_ASSUMPTION
2024-04-15,US_WEST,"San Francisco, CA",15.186,0.0,0.0,16.6,0,14.064,8.75,0.0,1.122,-8.75,0.0,0,0,0,0,0,0,0,0,0,0,0,0,0,0,1,1,NORMAL,NORMAL: no material adverse or mild scenario trigger,RULE_BASED_UNWEIGHTED_WEATHER_DIMENSIONS,DERIVED_FROM_PUBLIC_WEATHER,PROJECT_ASSUMPTION
2024-04-22,US_WEST,"San Francisco, CA",15.143,0.8,0.0,29.9,0,14.7,0.0,0.0,0.443,0.8,0.0,0,0,0,0,0,0,0,0,0,0,0,0,0,0,1,1,NORMAL,NORMAL: no material adverse or mild scenario trigger,RULE_BASED_UNWEIGHTED_WEATHER_DIMENSIONS,DERIVED_FROM_PUBLIC_WEATHER,PROJECT_ASSUMPTION
2024-04-29,US_WEST,"San Francisco, CA",14.586,20.3,0.0,25.3,0,13.986,10.7,0.0,0.6,9.6,0.0,0,0,0,0,0,0,0,0,0,0,0,0,0,0,1,1,NORMAL,NORMAL: no material adverse or mild scenario trigger,RULE_BASED_UNWEIGHTED_WEATHER_DIMENSIONS,DERIVED_FROM_PUBLIC_WEATHER,PROJECT_ASSUMPTION
2024-05-06,US_WEST,"San Francisco, CA",17.229,0.0,0.0,20.2,0,14.828,0.95,0.0,2.4,-0.95,0.0,0,0,0,0,0,0,0,0,0,0,0,0,0,1,1,1,MILD,MILD: warmer_than_seasonal_reference with no adverse weather dimensions,RULE_BASED_UNWEIGHTED_WEATHER_DIMENSIONS,DERIVED_FROM_PUBLIC_WEATHER,PROJECT_ASSUMPTION
2024-05-13,US_WEST,"San Francisco, CA",14.929,0.0,0.0,18.9,0,16.364,0.0,0.0,-1.435,0.0,0.0,0,0,0,0,0,0,0,0,0,0,0,0,0,0,1,1,NORMAL,NORMAL: no material adverse or mild scenario trigger,RULE_BASED_UNWEIGHTED_WEATHER_DIMENSIONS,DERIVED_FROM_PUBLIC_WEATHER,PROJECT_ASSUMPTION
2024-05-20,US_WEST,"San Francisco, CA",15.557,0.0,0.0,22.9,0,16.193,0.15,0.0,-0.636,-0.15,0.0,0,0,0,0,0,0,0,0,0,0,0,0,0,0,1,1,NORMAL,NORMAL: no material adverse or mild scenario trigger,RULE_BASED_UNWEIGHTED_WEATHER_DIMENSIONS,DERIVED_FROM_PUBLIC_WEATHER,PROJECT_ASSUMPTION
2024-05-27,US_WEST,"San Francisco, CA",17.057,0.0,0.0,23.0,0,16.572,0.8,0.0,0.485,-0.8,0.0,0,0,0,0,0,0,0,0,0,0,0,0,0,0,1,1,NORMAL,NORMAL: no material adverse or mild scenario trigger,RULE_BASED_UNWEIGHTED_WEATHER_DIMENSIONS,DERIVED_FROM_PUBLIC_WEATHER,PROJECT_ASSUMPTION
2024-06-03,US_WEST,"San Francisco, CA",18.186,0.0,0.0,22.8,0,17.807,0.0,0.0,0.379,0.0,0.0,0,0,0,0,0,0,0,0,0,0,0,0,0,0,1,1,NORMAL,NORMAL: no material adverse or mild scenario trigger,RULE_BASED_UNWEIGHTED_WEATHER_DIMENSIONS,DERIVED_FROM_PUBLIC_WEATHER,PROJECT_ASSUMPTION
2024-06-10,US_WEST,"San Francisco, CA",17.4,0.0,0.0,24.4,0,17.064,0.65,0.0,0.336,-0.65,0.0,0,0,0,0,0,0,0,0,0,0,0,0,0,0,1,1,NORMAL,NORMAL: no material adverse or mild scenario trigger,RULE_BASED_UNWEIGHTED_WEATHER_DIMENSIONS,DERIVED_FROM_PUBLIC_WEATHER,PROJECT_ASSUMPTION
2024-06-17,US_WEST,"San Francisco, CA",17.086,0.0,0.0,20.5,0,17.943,0.0,0.0,-0.857,0.0,0.0,0,0,0,0,0,0,0,0,0,0,0,0,0,0,1,1,NORMAL,NORMAL: no material adverse or mild scenario trigger,RULE_BASED_UNWEIGHTED_WEATHER_DIMENSIONS,DERIVED_FROM_PUBLIC_WEATHER,PROJECT_ASSUMPTION
2024-06-24,US_WEST,"San Francisco, CA",18.571,0.0,0.0,19.4,0,16.678,0.0,0.0,1.893,0.0,0.0,0,0,0,0,0,0,0,0,0,0,0,0,0,0,1,1,NORMAL,NORMAL: no material adverse or mild scenario trigger,RULE_BASED_UNWEIGHTED_WEATHER_DIMENSIONS,DERIVED_FROM_PUBLIC_WEATHER,PROJECT_ASSUMPTION
2024-07-01,US_WEST,"San Francisco, CA",21.543,0.0,0.0,15.4,0,17.371,0.067,0.0,4.172,-0.067,0.0,0,0,0,0,0,0,0,0,0,0,0,0,0,1,1,1,MILD,MILD: warmer_than_seasonal_reference with no adverse weather dimensions,RULE_BASED_UNWEIGHTED_WEATHER_DIMENSIONS,DERIVED_FROM_PUBLIC_WEATHER,PROJECT_ASSUMPTION
2024-07-08,US_WEST,"San Francisco, CA",19.229,0.0,0.0,16.3,0,17.476,0.0,0.0,1.753,0.0,0.0,0,0,0,0,0,0,0,0,0,0,0,0,0,0,1,1,NORMAL,NORMAL: no material adverse or mild scenario trigger,RULE_BASED_UNWEIGHTED_WEATHER_DIMENSIONS,DERIVED_FROM_PUBLIC_WEATHER,PROJECT_ASSUMPTION
2024-07-15,US_WEST,"San Francisco, CA",18.771,0.0,0.0,19.0,0,17.652,0.0,0.0,1.119,0.0,0.0,0,0,0,0,0,0,0,0,0,0,0,0,0,0,1,1,NORMAL,NORMAL: no material adverse or mild scenario trigger,RULE_BASED_UNWEIGHTED_WEATHER_DIMENSIONS,DERIVED_FROM_PUBLIC_WEATHER,PROJECT_ASSUMPTION
2024-07-22,US_WEST,"San Francisco, CA",19.371,0.0,0.0,20.6,0,17.691,0.067,0.0,1.68,-0.067,0.0,0,0,0,0,0,0,0,0,0,0,0,0,0,0,1,1,NORMAL,NORMAL: no material adverse or mild scenario trigger,RULE_BASED_UNWEIGHTED_WEATHER_DIMENSIONS,DERIVED_FROM_PUBLIC_WEATHER,PROJECT_ASSUMPTION
2024-07-29,US_WEST,"San Francisco, CA",17.971,0.0,0.0,20.2,0,18.276,0.033,0.0,-0.305,-0.033,0.0,0,0,0,0,0,0,0,0,0,0,0,0,0,0,1,1,NORMAL,NORMAL: no material adverse or mild scenario trigger,RULE_BASED_UNWEIGHTED_WEATHER_DIMENSIONS,DERIVED_FROM_PUBLIC_WEATHER,PROJECT_ASSUMPTION
2024-08-05,US_WEST,"San Francisco, CA",17.543,0.0,0.0,16.9,0,19.005,0.033,0.0,-1.462,-0.033,0.0,0,0,0,0,0,0,0,0,0,0,0,0,0,0,1,1,NORMAL,NORMAL: no material adverse or mild scenario trigger,RULE_BASED_UNWEIGHTED_WEATHER_DIMENSIONS,DERIVED_FROM_PUBLIC_WEATHER,PROJECT_ASSUMPTION
2024-08-12,US_WEST,"San Francisco, CA",18.771,0.3,0.0,20.9,0,19.052,0.0,0.0,-0.281,0.3,0.0,0,0,0,0,0,0,0,0,0,0,0,0,0,0,1,1,NORMAL,NORMAL: no material adverse or mild scenario trigger,RULE_BASED_UNWEIGHTED_WEATHER_DIMENSIONS,DERIVED_FROM_PUBLIC_WEATHER,PROJECT_ASSUMPTION
2024-08-19,US_WEST,"San Francisco, CA",19.057,0.8,0.0,22.9,0,19.376,0.467,0.0,-0.319,0.333,0.0,0,0,0,0,0,0,0,0,0,0,0,0,0,0,1,1,NORMAL,NORMAL: no material adverse or mild scenario trigger,RULE_BASED_UNWEIGHTED_WEATHER_DIMENSIONS,DERIVED_FROM_PUBLIC_WEATHER,PROJECT_ASSUMPTION
2024-08-26,US_WEST,"San Francisco, CA",19.357,0.0,0.0,18.0,0,18.733,0.333,0.0,0.624,-0.333,0.0,0,0,0,0,0,0,0,0,0,0,0,0,0,0,1,1,NORMAL,NORMAL: no material adverse or mild scenario trigger,RULE_BASED_UNWEIGHTED_WEATHER_DIMENSIONS,DERIVED_FROM_PUBLIC_WEATHER,PROJECT_ASSUMPTION
2024-09-02,US_WEST,"San Francisco, CA",19.271,0.0,0.0,16.0,0,20.219,0.167,0.0,-0.948,-0.167,0.0,0,0,0,0,0,0,0,0,0,0,0,0,0,0,1,1,NORMAL,NORMAL: no material adverse or mild scenario trigger,RULE_BASED_UNWEIGHTED_WEATHER_DIMENSIONS,DERIVED_FROM_PUBLIC_WEATHER,PROJECT_ASSUMPTION
2024-09-09,US_WEST,"San Francisco, CA",17.529,0.0,0.0,26.3,0,17.962,4.033,0.0,-0.433,-4.033,0.0,0,0,0,0,0,0,0,0,0,0,0,0,0,0,1,1,NORMAL,NORMAL: no material adverse or mild scenario trigger,RULE_BASED_UNWEIGHTED_WEATHER_DIMENSIONS,DERIVED_FROM_PUBLIC_WEATHER,PROJECT_ASSUMPTION
2024-09-16,US_WEST,"San Francisco, CA",16.986,0.8,0.0,20.2,0,18.452,0.8,0.0,-1.466,0.0,0.0,0,0,0,0,0,0,0,0,0,0,0,0,0,0,1,1,NORMAL,NORMAL: no material adverse or mild scenario trigger,RULE_BASED_UNWEIGHTED_WEATHER_DIMENSIONS,DERIVED_FROM_PUBLIC_WEATHER,PROJECT_ASSUMPTION
2024-09-23,US_WEST,"San Francisco, CA",18.557,0.0,0.0,17.3,0,18.314,0.267,0.0,0.243,-0.267,0.0,0,0,0,0,0,0,0,0,0,0,0,0,0,0,1,1,NORMAL,NORMAL: no material adverse or mild scenario trigger,RULE_BASED_UNWEIGHTED_WEATHER_DIMENSIONS,DERIVED_FROM_PUBLIC_WEATHER,PROJECT_ASSUMPTION
2024-09-30,US_WEST,"San Francisco, CA",23.943,0.0,0.0,13.1,0,17.895,0.033,0.0,6.048,-0.033,0.0,0,0,0,0,0,0,0,0,0,0,0,0,0,1,1,1,MILD,MILD: warmer_than_seasonal_reference with no adverse weather dimensions,RULE_BASED_UNWEIGHTED_WEATHER_DIMENSIONS,DERIVED_FROM_PUBLIC_WEATHER,PROJECT_ASSUMPTION
2024-10-07,US_WEST,"San Francisco, CA",19.229,0.0,0.0,15.3,0,16.281,1.3,0.0,2.948,-1.3,0.0,0,0,0,0,0,0,0,0,0,0,0,0,0,1,1,1,MILD,MILD: warmer_than_seasonal_reference with no adverse weather dimensions,RULE_BASED_UNWEIGHTED_WEATHER_DIMENSIONS,DERIVED_FROM_PUBLIC_WEATHER,PROJECT_ASSUMPTION
2024-10-14,US_WEST,"San Francisco, CA",18.129,0.1,0.0,20.0,0,17.119,30.767,0.0,1.01,-30.667,0.0,0,0,0,0,0,0,0,0,0,0,0,0,0,0,1,1,NORMAL,NORMAL: no material adverse or mild scenario trigger,RULE_BASED_UNWEIGHTED_WEATHER_DIMENSIONS,DERIVED_FROM_PUBLIC_WEATHER,PROJECT_ASSUMPTION
2024-10-21,US_WEST,"San Francisco, CA",16.343,0.0,0.0,16.4,0,14.976,4.5,0.0,1.367,-4.5,0.0,0,0,0,0,0,0,0,0,0,0,0,0,0,0,1,1,NORMAL,NORMAL: no material adverse or mild scenario trigger,RULE_BASED_UNWEIGHTED_WEATHER_DIMENSIONS,DERIVED_FROM_PUBLIC_WEATHER,PROJECT_ASSUMPTION
2024-10-28,US_WEST,"San Francisco, CA",14.271,7.4,0.0,22.0,0,14.714,5.3,0.0,-0.443,2.1,0.0,0,0,0,0,0,0,0,0,0,0,0,0,0,0,1,1,NORMAL,NORMAL: no material adverse or mild scenario trigger,RULE_BASED_UNWEIGHTED_WEATHER_DIMENSIONS,DERIVED_FROM_PUBLIC_WEATHER,PROJECT_ASSUMPTION
2024-11-04,US_WEST,"San Francisco, CA",14.814,0.0,0.0,25.0,0,13.133,15.0,0.0,1.681,-15.0,0.0,0,0,0,0,0,0,0,0,0,0,0,0,0,0,1,1,NORMAL,NORMAL: no material adverse or mild scenario trigger,RULE_BASED_UNWEIGHTED_WEATHER_DIMENSIONS,DERIVED_FROM_PUBLIC_WEATHER,PROJECT_ASSUMPTION
2024-11-11,US_WEST,"San Francisco, CA",11.943,6.3,0.0,22.6,0,13.095,8.667,0.0,-1.152,-2.367,0.0,0,0,0,0,0,0,0,0,0,0,0,0,0,0,1,1,NORMAL,NORMAL: no material adverse or mild scenario trigger,RULE_BASED_UNWEIGHTED_WEATHER_DIMENSIONS,DERIVED_FROM_PUBLIC_WEATHER,PROJECT_ASSUMPTION
2024-11-18,US_WEST,"San Francisco, CA",13.143,70.6,0.0,28.1,0,11.552,0.0,0.0,1.591,70.6,0.0,1,0,0,0,0,0,0,1,0,0,0,1,0,0,1,1,NORMAL,NORMAL: isolated adverse dimension without severe compound conditions | wetter_than_normal,RULE_BASED_UNWEIGHTED_WEATHER_DIMENSIONS,DERIVED_FROM_PUBLIC_WEATHER,PROJECT_ASSUMPTION
2024-11-25,US_WEST,"San Francisco, CA",10.829,4.2,0.0,13.0,0,11.033,14.767,0.0,-0.204,-10.567,0.0,0,0,0,0,0,0,0,0,0,0,0,0,0,0,1,1,NORMAL,NORMAL: no material adverse or mild scenario trigger,RULE_BASED_UNWEIGHTED_WEATHER_DIMENSIONS,DERIVED_FROM_PUBLIC_WEATHER,PROJECT_ASSUMPTION
2024-12-02,US_WEST,"San Francisco, CA",11.514,0.0,0.0,8.7,0,10.786,25.167,0.0,0.728,-25.167,0.0,0,0,0,0,0,0,0,0,0,0,0,0,0,0,1,1,NORMAL,NORMAL: no material adverse or mild scenario trigger,RULE_BASED_UNWEIGHTED_WEATHER_DIMENSIONS,DERIVED_FROM_PUBLIC_WEATHER,PROJECT_ASSUMPTION
2024-12-09,US_WEST,"San Francisco, CA",10.714,61.3,0.0,37.2,0,8.7,21.233,0.0,2.014,40.067,0.0,1,0,0,0,0,0,0,1,0,0,0,1,0,0,1,1,NORMAL,NORMAL: isolated adverse dimension without severe compound conditions | wetter_than_normal,RULE_BASED_UNWEIGHTED_WEATHER_DIMENSIONS,DERIVED_FROM_PUBLIC_WEATHER,PROJECT_ASSUMPTION
2024-12-16,US_WEST,"San Francisco, CA",10.457,9.8,0.0,16.7,0,10.571,34.6,0.0,-0.114,-24.8,0.0,0,0,0,0,0,0,0,0,0,0,0,0,0,0,1,1,NORMAL,NORMAL: no material adverse or mild scenario trigger,RULE_BASED_UNWEIGHTED_WEATHER_DIMENSIONS,DERIVED_FROM_PUBLIC_WEATHER,PROJECT_ASSUMPTION
2024-12-23,US_WEST,"San Francisco, CA",13.771,27.7,0.0,26.0,0,10.881,60.233,0.0,2.89,-32.533,0.0,0,0,0,0,0,0,0,0,0,0,0,0,0,1,1,1,MILD,MILD: warmer_than_seasonal_reference with no adverse weather dimensions,RULE_BASED_UNWEIGHTED_WEATHER_DIMENSIONS,DERIVED_FROM_PUBLIC_WEATHER,PROJECT_ASSUMPTION
2024-12-30,US_WEST,"San Francisco, CA",10.343,6.3,0.0,19.8,0,11.219,32.0,0.0,-0.876,-25.7,0.0,0,0,0,0,0,0,0,0,0,0,0,0,0,0,1,1,NORMAL,NORMAL: no material adverse or mild scenario trigger,RULE_BASED_UNWEIGHTED_WEATHER_DIMENSIONS,DERIVED_FROM_PUBLIC_WEATHER,PROJECT_ASSUMPTION
2025-01-06,US_WEST,"San Francisco, CA",12.943,0.0,0.0,19.4,0,11.219,42.733,0.0,1.724,-42.733,0.0,0,0,0,0,0,0,0,0,0,0,0,0,0,0,1,1,NORMAL,NORMAL: no material adverse or mild scenario trigger,RULE_BASED_UNWEIGHTED_WEATHER_DIMENSIONS,DERIVED_FROM_PUBLIC_WEATHER,PROJECT_ASSUMPTION
2025-01-13,US_WEST,"San Francisco, CA",8.929,0.0,0.0,18.7,0,10.829,17.1,0.0,-1.9,-17.1,0.0,0,0,0,0,0,0,0,0,0,0,0,0,0,0,1,1,NORMAL,NORMAL: no material adverse or mild scenario trigger,RULE_BASED_UNWEIGHTED_WEATHER_DIMENSIONS,DERIVED_FROM_PUBLIC_WEATHER,PROJECT_ASSUMPTION
2025-01-20,US_WEST,"San Francisco, CA",9.757,0.4,0.0,21.1,0,11.229,9.3,0.0,-1.472,-8.9,0.0,0,0,0,0,0,0,0,0,0,0,0,0,0,0,1,1,NORMAL,NORMAL: no material adverse or mild scenario trigger,RULE_BASED_UNWEIGHTED_WEATHER_DIMENSIONS,DERIVED_FROM_PUBLIC_WEATHER,PROJECT_ASSUMPTION
2025-01-27,US_WEST,"San Francisco, CA",10.786,14.2,0.0,21.1,0,10.943,35.467,0.0,-0.157,-21.267,0.0,0,0,0,0,0,0,0,0,0,0,0,0,0,0,1,1,NORMAL,NORMAL: no material adverse or mild scenario trigger,RULE_BASED_UNWEIGHTED_WEATHER_DIMENSIONS,DERIVED_FROM_PUBLIC_WEATHER,PROJECT_ASSUMPTION
2025-02-03,US_WEST,"San Francisco, CA",10.886,47.4,0.0,35.0,0,11.462,6.933,0.0,-0.576,40.467,0.0,0,0,0,0,0,0,0,1,0,0,0,1,0,0,1,1,NORMAL,NORMAL: isolated adverse dimension without severe compound conditions | wetter_than_normal,RULE_BASED_UNWEIGHTED_WEATHER_DIMENSIONS,DERIVED_FROM_PUBLIC_WEATHER,PROJECT_ASSUMPTION
2025-02-10,US_WEST,"San Francisco, CA",10.357,49.5,0.0,33.8,0,11.348,11.733,0.0,-0.991,37.767,0.0,0,0,0,0,0,0,0,1,0,0,0,1,0,0,1,1,NORMAL,NORMAL: isolated adverse dimension without severe compound conditions | wetter_than_normal,RULE_BASED_UNWEIGHTED_WEATHER_DIMENSIONS,DERIVED_FROM_PUBLIC_WEATHER,PROJECT_ASSUMPTION
2025-02-17,US_WEST,"San Francisco, CA",12.043,0.8,0.0,18.9,0,10.305,20.767,0.0,1.738,-19.967,0.0,0,0,0,0,0,0,0,0,0,0,0,0,0,0,1,1,NORMAL,NORMAL: no material adverse or mild scenario trigger,RULE_BASED_UNWEIGHTED_WEATHER_DIMENSIONS,DERIVED_FROM_PUBLIC_WEATHER,PROJECT_ASSUMPTION
2025-02-24,US_WEST,"San Francisco, CA",13.471,1.4,0.0,30.5,0,10.752,27.3,0.0,2.719,-25.9,0.0,0,0,0,0,0,0,0,0,0,0,0,0,0,1,1,1,MILD,MILD: warmer_than_seasonal_reference with no adverse weather dimensions,RULE_BASED_UNWEIGHTED_WEATHER_DIMENSIONS,DERIVED_FROM_PUBLIC_WEATHER,PROJECT_ASSUMPTION
2025-03-03,US_WEST,"San Francisco, CA",11.4,4.8,0.0,23.4,0,11.862,23.633,0.0,-0.462,-18.833,0.0,0,0,0,0,0,0,0,0,0,0,0,0,0,0,1,1,NORMAL,NORMAL: no material adverse or mild scenario trigger,RULE_BASED_UNWEIGHTED_WEATHER_DIMENSIONS,DERIVED_FROM_PUBLIC_WEATHER,PROJECT_ASSUMPTION
2025-03-10,US_WEST,"San Francisco, CA",11.729,40.4,0.0,38.0,0,13.343,16.267,0.0,-1.614,24.133,0.0,0,0,0,0,0,0,0,1,0,0,0,1,0,0,1,1,NORMAL,NORMAL: isolated adverse dimension without severe compound conditions | wetter_than_normal,RULE_BASED_UNWEIGHTED_WEATHER_DIMENSIONS,DERIVED_FROM_PUBLIC_WEATHER,PROJECT_ASSUMPTION
2025-03-17,US_WEST,"San Francisco, CA",11.871,8.5,0.0,28.1,0,12.61,22.8,0.0,-0.739,-14.3,0.0,0,0,0,0,0,0,0,0,0,0,0,0,0,0,1,1,NORMAL,NORMAL: no material adverse or mild scenario trigger,RULE_BASED_UNWEIGHTED_WEATHER_DIMENSIONS,DERIVED_FROM_PUBLIC_WEATHER,PROJECT_ASSUMPTION
2025-03-24,US_WEST,"San Francisco, CA",15.114,8.5,0.0,33.9,0,12.024,23.367,0.0,3.09,-14.867,0.0,0,0,0,0,0,0,0,0,0,0,0,0,0,1,1,1,MILD,MILD: warmer_than_seasonal_reference with no adverse weather dimensions,RULE_BASED_UNWEIGHTED_WEATHER_DIMENSIONS,DERIVED_FROM_PUBLIC_WEATHER,PROJECT_ASSUMPTION
2025-03-31,US_WEST,"San Francisco, CA",12.757,12.0,0.0,29.2,0,13.352,5.6,0.0,-0.595,6.4,0.0,0,0,0,0,0,0,0,0,0,0,0,0,0,0,1,1,NORMAL,NORMAL: no material adverse or mild scenario trigger,RULE_BASED_UNWEIGHTED_WEATHER_DIMENSIONS,DERIVED_FROM_PUBLIC_WEATHER,PROJECT_ASSUMPTION
2025-04-07,US_WEST,"San Francisco, CA",14.9,0.0,0.0,19.3,0,12.748,10.933,0.0,2.152,-10.933,0.0,0,0,0,0,0,0,0,0,0,0,0,0,0,1,1,1,MILD,MILD: warmer_than_seasonal_reference with no adverse weather dimensions,RULE_BASED_UNWEIGHTED_WEATHER_DIMENSIONS,DERIVED_FROM_PUBLIC_WEATHER,PROJECT_ASSUMPTION
2025-04-14,US_WEST,"San Francisco, CA",13.886,0.2,0.0,19.6,0,14.438,5.833,0.0,-0.552,-5.633,0.0,0,0,0,0,0,0,0,0,0,0,0,0,0,0,1,1,NORMAL,NORMAL: no material adverse or mild scenario trigger,RULE_BASED_UNWEIGHTED_WEATHER_DIMENSIONS,DERIVED_FROM_PUBLIC_WEATHER,PROJECT_ASSUMPTION
2025-04-21,US_WEST,"San Francisco, CA",12.986,0.5,0.0,18.7,0,14.848,0.267,0.0,-1.862,0.233,0.0,0,0,0,0,0,0,0,0,0,0,0,0,0,0,1,1,NORMAL,NORMAL: no material adverse or mild scenario trigger,RULE_BASED_UNWEIGHTED_WEATHER_DIMENSIONS,DERIVED_FROM_PUBLIC_WEATHER,PROJECT_ASSUMPTION
2025-04-28,US_WEST,"San Francisco, CA",14.457,0.3,0.0,23.8,0,14.186,13.9,0.0,0.271,-13.6,0.0,0,0,0,0,0,0,0,0,0,0,0,0,0,0,1,1,NORMAL,NORMAL: no material adverse or mild scenario trigger,RULE_BASED_UNWEIGHTED_WEATHER_DIMENSIONS,DERIVED_FROM_PUBLIC_WEATHER,PROJECT_ASSUMPTION
2025-05-05,US_WEST,"San Francisco, CA",17.129,0.0,0.0,22.0,0,15.629,0.633,0.0,1.5,-0.633,0.0,0,0,0,0,0,0,0,0,0,0,0,0,0,0,1,1,NORMAL,NORMAL: no material adverse or mild scenario trigger,RULE_BASED_UNWEIGHTED_WEATHER_DIMENSIONS,DERIVED_FROM_PUBLIC_WEATHER,PROJECT_ASSUMPTION
2025-05-12,US_WEST,"San Francisco, CA",15.757,1.6,0.0,30.2,0,15.886,0.0,0.0,-0.129,1.6,0.0,0,0,0,0,0,0,0,0,0,0,0,0,0,0,1,1,NORMAL,NORMAL: no material adverse or mild scenario trigger,RULE_BASED_UNWEIGHTED_WEATHER_DIMENSIONS,DERIVED_FROM_PUBLIC_WEATHER,PROJECT_ASSUMPTION
2025-05-19,US_WEST,"San Francisco, CA",15.657,0.0,0.0,25.6,0,15.981,0.1,0.0,-0.324,-0.1,0.0,0,0,0,0,0,0,0,0,0,0,0,0,0,0,1,1,NORMAL,NORMAL: no material adverse or mild scenario trigger,RULE_BASED_UNWEIGHTED_WEATHER_DIMENSIONS,DERIVED_FROM_PUBLIC_WEATHER,PROJECT_ASSUMPTION
2025-05-26,US_WEST,"San Francisco, CA",16.843,0.0,0.0,22.4,0,16.733,0.533,0.0,0.11,-0.533,0.0,0,0,0,0,0,0,0,0,0,0,0,0,0,0,1,1,NORMAL,NORMAL: no material adverse or mild scenario trigger,RULE_BASED_UNWEIGHTED_WEATHER_DIMENSIONS,DERIVED_FROM_PUBLIC_WEATHER,PROJECT_ASSUMPTION
2025-06-02,US_WEST,"San Francisco, CA",16.157,0.0,0.0,19.1,0,17.933,0.0,0.0,-1.776,0.0,0.0,0,0,0,0,0,0,0,0,0,0,0,0,0,0,1,1,NORMAL,NORMAL: no material adverse or mild scenario trigger,RULE_BASED_UNWEIGHTED_WEATHER_DIMENSIONS,DERIVED_FROM_PUBLIC_WEATHER,PROJECT_ASSUMPTION
2025-06-09,US_WEST,"San Francisco, CA",14.771,0.0,0.0,21.0,0,17.176,0.433,0.0,-2.405,-0.433,0.0,0,0,0,0,0,0,1,0,0,0,0,1,0,0,1,1,NORMAL,NORMAL: isolated adverse dimension without severe compound conditions | colder_than_normal,RULE_BASED_UNWEIGHTED_WEATHER_DIMENSIONS,DERIVED_FROM_PUBLIC_WEATHER,PROJECT_ASSUMPTION
2025-06-16,US_WEST,"San Francisco, CA",16.629,0.0,0.0,30.0,0,17.657,0.0,0.0,-1.028,0.0,0.0,0,0,0,0,0,0,0,0,0,0,0,0,0,0,1,1,NORMAL,NORMAL: no material adverse or mild scenario trigger,RULE_BASED_UNWEIGHTED_WEATHER_DIMENSIONS,DERIVED_FROM_PUBLIC_WEATHER,PROJECT_ASSUMPTION
2025-06-23,US_WEST,"San Francisco, CA",16.529,0.0,0.0,19.9,0,17.309,0.0,0.0,-0.78,0.0,0.0,0,0,0,0,0,0,0,0,0,0,0,0,0,0,1,1,NORMAL,NORMAL: no material adverse or mild scenario trigger,RULE_BASED_UNWEIGHTED_WEATHER_DIMENSIONS,DERIVED_FROM_PUBLIC_WEATHER,PROJECT_ASSUMPTION
2025-06-30,US_WEST,"San Francisco, CA",16.157,0.0,0.0,23.1,0,18.414,0.05,0.0,-2.257,-0.05,0.0,0,0,0,0,0,0,1,0,0,0,0,1,0,0,1,1,NORMAL,NORMAL: isolated adverse dimension without severe compound conditions | colder_than_normal,RULE_BASED_UNWEIGHTED_WEATHER_DIMENSIONS,DERIVED_FROM_PUBLIC_WEATHER,PROJECT_ASSUMPTION
2025-07-07,US_WEST,"San Francisco, CA",17.286,0.0,0.0,17.9,0,17.914,0.0,0.0,-0.628,0.0,0.0,0,0,0,0,0,0,0,0,0,0,0,0,0,0,1,1,NORMAL,NORMAL: no material adverse or mild scenario trigger,RULE_BASED_UNWEIGHTED_WEATHER_DIMENSIONS,DERIVED_FROM_PUBLIC_WEATHER,PROJECT_ASSUMPTION
2025-07-14,US_WEST,"San Francisco, CA",15.943,0.0,0.0,20.0,0,17.932,0.0,0.0,-1.989,0.0,0.0,0,0,0,0,0,0,0,0,0,0,0,0,0,0,1,1,NORMAL,NORMAL: no material adverse or mild scenario trigger,RULE_BASED_UNWEIGHTED_WEATHER_DIMENSIONS,DERIVED_FROM_PUBLIC_WEATHER,PROJECT_ASSUMPTION
2025-07-21,US_WEST,"San Francisco, CA",16.429,0.0,0.0,21.2,0,18.111,0.05,0.0,-1.682,-0.05,0.0,0,0,0,0,0,0,0,0,0,0,0,0,0,0,1,1,NORMAL,NORMAL: no material adverse or mild scenario trigger,RULE_BASED_UNWEIGHTED_WEATHER_DIMENSIONS,DERIVED_FROM_PUBLIC_WEATHER,PROJECT_ASSUMPTION
2025-07-28,US_WEST,"San Francisco, CA",17.429,0.0,0.0,20.7,0,18.2,0.025,0.0,-0.771,-0.025,0.0,0,0,0,0,0,0,0,0,0,0,0,0,0,0,1,1,NORMAL,NORMAL: no material adverse or mild scenario trigger,RULE_BASED_UNWEIGHTED_WEATHER_DIMENSIONS,DERIVED_FROM_PUBLIC_WEATHER,PROJECT_ASSUMPTION
2025-08-04,US_WEST,"San Francisco, CA",18.971,0.0,0.0,22.9,0,18.639,0.025,0.0,0.332,-0.025,0.0,0,0,0,0,0,0,0,0,0,0,0,0,0,0,1,1,NORMAL,NORMAL: no material adverse or mild scenario trigger,RULE_BASED_UNWEIGHTED_WEATHER_DIMENSIONS,DERIVED_FROM_PUBLIC_WEATHER,PROJECT_ASSUMPTION
2025-08-11,US_WEST,"San Francisco, CA",17.8,0.5,0.0,21.9,0,18.982,0.075,0.0,-1.182,0.425,0.0,0,0,0,0,0,0,0,0,0,0,0,0,0,0,1,1,NORMAL,NORMAL: no material adverse or mild scenario trigger,RULE_BASED_UNWEIGHTED_WEATHER_DIMENSIONS,DERIVED_FROM_PUBLIC_WEATHER,PROJECT_ASSUMPTION
2025-08-18,US_WEST,"San Francisco, CA",18.871,0.0,0.0,18.9,0,19.296,0.55,0.0,-0.425,-0.55,0.0,0,0,0,0,0,0,0,0,0,0,0,0,0,0,1,1,NORMAL,NORMAL: no material adverse or mild scenario trigger,RULE_BASED_UNWEIGHTED_WEATHER_DIMENSIONS,DERIVED_FROM_PUBLIC_WEATHER,PROJECT_ASSUMPTION
2025-08-25,US_WEST,"San Francisco, CA",19.386,0.0,0.0,16.7,0,18.889,0.25,0.0,0.497,-0.25,0.0,0,0,0,0,0,0,0,0,0,0,0,0,0,0,1,1,NORMAL,NORMAL: no material adverse or mild scenario trigger,RULE_BASED_UNWEIGHTED_WEATHER_DIMENSIONS,DERIVED_FROM_PUBLIC_WEATHER,PROJECT_ASSUMPTION
2025-09-01,US_WEST,"San Francisco, CA",19.0,0.0,0.0,18.4,0,19.982,0.125,0.0,-0.982,-0.125,0.0,0,0,0,0,0,0,0,0,0,0,0,0,0,0,1,1,NORMAL,NORMAL: no material adverse or mild scenario trigger,RULE_BASED_UNWEIGHTED_WEATHER_DIMENSIONS,DERIVED_FROM_PUBLIC_WEATHER,PROJECT_ASSUMPTION
2025-09-08,US_WEST,"San Francisco, CA",19.243,1.0,0.0,18.7,0,17.854,3.025,0.0,1.389,-2.025,0.0,0,0,0,0,0,0,0,0,0,0,0,0,0,0,1,1,NORMAL,NORMAL: no material adverse or mild scenario trigger,RULE_BASED_UNWEIGHTED_WEATHER_DIMENSIONS,DERIVED_FROM_PUBLIC_WEATHER,PROJECT_ASSUMPTION
2025-09-15,US_WEST,"San Francisco, CA",19.786,0.2,0.0,19.2,0,18.086,0.8,0.0,1.7,-0.6,0.0,0,0,0,0,0,0,0,0,0,0,0,0,0,0,1,1,NORMAL,NORMAL: no material adverse or mild scenario trigger,RULE_BASED_UNWEIGHTED_WEATHER_DIMENSIONS,DERIVED_FROM_PUBLIC_WEATHER,PROJECT_ASSUMPTION
2025-09-22,US_WEST,"San Francisco, CA",20.114,0.2,0.0,20.1,0,18.375,0.2,0.0,1.739,0.0,0.0,0,0,0,0,0,0,0,0,0,0,0,0,0,0,1,1,NORMAL,NORMAL: no material adverse or mild scenario trigger,RULE_BASED_UNWEIGHTED_WEATHER_DIMENSIONS,DERIVED_FROM_PUBLIC_WEATHER,PROJECT_ASSUMPTION
2025-09-29,US_WEST,"San Francisco, CA",18.643,3.0,0.0,20.4,0,19.407,0.025,0.0,-0.764,2.975,0.0,0,0,0,0,0,0,0,0,0,0,0,0,0,0,1,1,NORMAL,NORMAL: no material adverse or mild scenario trigger,RULE_BASED_UNWEIGHTED_WEATHER_DIMENSIONS,DERIVED_FROM_PUBLIC_WEATHER,PROJECT_ASSUMPTION
2025-10-06,US_WEST,"San Francisco, CA",18.357,0.2,0.0,19.5,0,17.018,0.975,0.0,1.339,-0.775,0.0,0,0,0,0,0,0,0,0,0,0,0,0,0,0,1,1,NORMAL,NORMAL: no material adverse or mild scenario trigger,RULE_BASED_UNWEIGHTED_WEATHER_DIMENSIONS,DERIVED_FROM_PUBLIC_WEATHER,PROJECT_ASSUMPTION
2025-10-13,US_WEST,"San Francisco, CA",15.257,24.9,0.0,22.0,0,17.372,23.1,0.0,-2.115,1.8,0.0,0,0,0,0,0,0,1,0,0,0,0,1,0,0,1,1,NORMAL,NORMAL: isolated adverse dimension without severe compound conditions | colder_than_normal,RULE_BASED_UNWEIGHTED_WEATHER_DIMENSIONS,DERIVED_FROM_PUBLIC_WEATHER,PROJECT_ASSUMPTION
2025-10-20,US_WEST,"San Francisco, CA",16.2,1.2,0.0,29.4,0,15.318,3.375,0.0,0.882,-2.175,0.0,0,0,0,0,0,0,0,0,0,0,0,0,0,0,1,1,NORMAL,NORMAL: no material adverse or mild scenario trigger,RULE_BASED_UNWEIGHTED_WEATHER_DIMENSIONS,DERIVED_FROM_PUBLIC_WEATHER,PROJECT_ASSUMPTION
2025-10-27,US_WEST,"San Francisco, CA",15.657,0.0,0.0,13.0,0,14.604,5.825,0.0,1.053,-5.825,0.0,0,0,0,0,0,0,0,0,0,0,0,0,0,0,1,1,NORMAL,NORMAL: no material adverse or mild scenario trigger,RULE_BASED_UNWEIGHTED_WEATHER_DIMENSIONS,DERIVED_FROM_PUBLIC_WEATHER,PROJECT_ASSUMPTION
2025-11-03,US_WEST,"San Francisco, CA",16.071,5.8,0.0,27.5,0,13.554,11.25,0.0,2.518,-5.45,0.0,0,0,0,0,0,0,0,0,0,0,0,0,0,1,1,1,MILD,MILD: warmer_than_seasonal_reference with no adverse weather dimensions,RULE_BASED_UNWEIGHTED_WEATHER_DIMENSIONS,DERIVED_FROM_PUBLIC_WEATHER,PROJECT_ASSUMPTION
2025-11-10,US_WEST,"San Francisco, CA",15.857,39.8,0.0,24.6,0,12.807,8.075,0.0,3.05,31.725,0.0,0,0,0,0,0,0,0,1,0,0,0,1,0,0,1,1,NORMAL,NORMAL: isolated adverse dimension without severe compound conditions | wetter_than_normal,RULE_BASED_UNWEIGHTED_WEATHER_DIMENSIONS,DERIVED_FROM_PUBLIC_WEATHER,PROJECT_ASSUMPTION
2025-11-17,US_WEST,"San Francisco, CA",12.271,26.2,0.0,25.5,0,11.95,17.65,0.0,0.321,8.55,0.0,0,0,0,0,0,0,0,0,0,0,0,0,0,0,1,1,NORMAL,NORMAL: no material adverse or mild scenario trigger,RULE_BASED_UNWEIGHTED_WEATHER_DIMENSIONS,DERIVED_FROM_PUBLIC_WEATHER,PROJECT_ASSUMPTION
2025-11-24,US_WEST,"San Francisco, CA",9.786,0.0,0.0,13.8,0,10.982,12.125,0.0,-1.196,-12.125,0.0,0,0,0,0,0,0,0,0,0,0,0,0,0,0,1,1,NORMAL,NORMAL: no material adverse or mild scenario trigger,RULE_BASED_UNWEIGHTED_WEATHER_DIMENSIONS,DERIVED_FROM_PUBLIC_WEATHER,PROJECT_ASSUMPTION
2025-12-01,US_WEST,"San Francisco, CA",8.929,0.0,0.0,13.9,0,10.968,18.875,0.0,-2.039,-18.875,0.0,0,0,0,0,0,0,1,0,0,0,0,1,0,0,1,1,NORMAL,NORMAL: isolated adverse dimension without severe compound conditions | colder_than_normal,RULE_BASED_UNWEIGHTED_WEATHER_DIMENSIONS,DERIVED_FROM_PUBLIC_WEATHER,PROJECT_ASSUMPTION
2025-12-08,US_WEST,"San Francisco, CA",7.214,0.0,0.0,14.8,0,9.204,31.25,0.0,-1.989,-31.25,0.0,0,0,0,0,0,0,0,0,0,0,0,0,0,0,1,1,NORMAL,NORMAL: no material adverse or mild scenario trigger,RULE_BASED_UNWEIGHTED_WEATHER_DIMENSIONS,DERIVED_FROM_PUBLIC_WEATHER,PROJECT_ASSUMPTION
2025-12-15,US_WEST,"San Francisco, CA",12.571,9.4,0.0,22.6,0,10.543,28.4,0.0,2.028,-19.0,0.0,0,0,0,0,0,0,0,0,0,0,0,0,0,1,1,1,MILD,MILD: warmer_than_seasonal_reference with no adverse weather dimensions,RULE_BASED_UNWEIGHTED_WEATHER_DIMENSIONS,DERIVED_FROM_PUBLIC_WEATHER,PROJECT_ASSUMPTION
2025-12-22,US_WEST,"San Francisco, CA",13.271,43.9,0.0,38.4,0,11.604,52.1,0.0,1.668,-8.2,0.0,0,0,0,0,0,0,0,0,0,0,0,0,0,0,1,1,NORMAL,NORMAL: no material adverse or mild scenario trigger,RULE_BASED_UNWEIGHTED_WEATHER_DIMENSIONS,DERIVED_FROM_PUBLIC_WEATHER,PROJECT_ASSUMPTION
2025-12-29,US_WEST,"San Francisco, CA",11.486,48.9,0.0,26.1,0,11.0,25.575,0.0,0.486,23.325,0.0,0,0,0,0,0,0,0,1,0,0,0,1,0,0,1,1,NORMAL,NORMAL: isolated adverse dimension without severe compound conditions | wetter_than_normal,RULE_BASED_UNWEIGHTED_WEATHER_DIMENSIONS,DERIVED_FROM_PUBLIC_WEATHER,PROJECT_ASSUMPTION
2026-01-05,US_WEST,"San Francisco, CA",10.257,28.0,0.0,23.1,0,11.65,32.05,0.0,-1.393,-4.05,0.0,0,0,0,0,0,0,0,0,0,0,0,0,0,0,1,1,NORMAL,NORMAL: no material adverse or mild scenario trigger,RULE_BASED_UNWEIGHTED_WEATHER_DIMENSIONS,DERIVED_FROM_PUBLIC_WEATHER,PROJECT_ASSUMPTION
2026-01-12,US_WEST,"San Francisco, CA",9.214,0.0,0.0,15.2,0,10.354,12.825,0.0,-1.14,-12.825,0.0,0,0,0,0,0,0,0,0,0,0,0,0,0,0,1,1,NORMAL,NORMAL: no material adverse or mild scenario trigger,RULE_BASED_UNWEIGHTED_WEATHER_DIMENSIONS,DERIVED_FROM_PUBLIC_WEATHER,PROJECT_ASSUMPTION
2026-01-19,US_WEST,"San Francisco, CA",9.9,0.0,0.0,14.9,0,10.861,7.075,0.0,-0.961,-7.075,0.0,0,0,0,0,0,0,0,0,0,0,0,0,0,0,1,1,NORMAL,NORMAL: no material adverse or mild scenario trigger,RULE_BASED_UNWEIGHTED_WEATHER_DIMENSIONS,DERIVED_FROM_PUBLIC_WEATHER,PROJECT_ASSUMPTION
2026-01-26,US_WEST,"San Francisco, CA",10.914,1.7,0.0,11.9,0,10.904,30.15,0.0,0.011,-28.45,0.0,0,0,0,0,0,0,0,0,0,0,0,0,0,0,1,1,NORMAL,NORMAL: no material adverse or mild scenario trigger,RULE_BASED_UNWEIGHTED_WEATHER_DIMENSIONS,DERIVED_FROM_PUBLIC_WEATHER,PROJECT_ASSUMPTION
2026-02-02,US_WEST,"San Francisco, CA",12.257,0.0,0.0,17.1,0,11.318,17.05,0.0,0.939,-17.05,0.0,0,0,0,0,0,0,0,0,0,0,0,0,0,0,1,1,NORMAL,NORMAL: no material adverse or mild scenario trigger,RULE_BASED_UNWEIGHTED_WEATHER_DIMENSIONS,DERIVED_FROM_PUBLIC_WEATHER,PROJECT_ASSUMPTION
2026-02-09,US_WEST,"San Francisco, CA",12.443,34.8,0.0,23.7,0,11.1,21.175,0.0,1.343,13.625,0.0,0,0,0,0,0,0,0,0,0,0,0,0,0,0,1,1,NORMAL,NORMAL: no material adverse or mild scenario trigger,RULE_BASED_UNWEIGHTED_WEATHER_DIMENSIONS,DERIVED_FROM_PUBLIC_WEATHER,PROJECT_ASSUMPTION
2026-02-16,US_WEST,"San Francisco, CA",9.786,70.8,0.0,34.5,0,10.739,15.775,0.0,-0.953,55.025,0.0,1,0,0,0,0,0,0,1,0,0,0,1,0,0,1,1,NORMAL,NORMAL: isolated adverse dimension without severe compound conditions | wetter_than_normal,RULE_BASED_UNWEIGHTED_WEATHER_DIMENSIONS,DERIVED_FROM_PUBLIC_WEATHER,PROJECT_ASSUMPTION
2026-02-23,US_WEST,"San Francisco, CA",16.157,2.5,0.0,18.7,0,11.432,20.825,0.0,4.725,-18.325,0.0,0,0,0,0,0,0,0,0,0,0,0,0,0,1,1,1,MILD,MILD: warmer_than_seasonal_reference with no adverse weather dimensions,RULE_BASED_UNWEIGHTED_WEATHER_DIMENSIONS,DERIVED_FROM_PUBLIC_WEATHER,PROJECT_ASSUMPTION
2026-03-02,US_WEST,"San Francisco, CA",14.971,0.7,0.0,21.8,0,11.747,18.925,0.0,3.224,-18.225,0.0,0,0,0,0,0,0,0,0,0,0,0,0,0,1,1,1,MILD,MILD: warmer_than_seasonal_reference with no adverse weather dimensions,RULE_BASED_UNWEIGHTED_WEATHER_DIMENSIONS,DERIVED_FROM_PUBLIC_WEATHER,PROJECT_ASSUMPTION
2026-03-09,US_WEST,"San Francisco, CA",14.629,0.0,0.0,15.9,0,12.939,22.3,0.0,1.69,-22.3,0.0,0,0,0,0,0,0,0,0,0,0,0,0,0,0,1,1,NORMAL,NORMAL: no material adverse or mild scenario trigger,RULE_BASED_UNWEIGHTED_WEATHER_DIMENSIONS,DERIVED_FROM_PUBLIC_WEATHER,PROJECT_ASSUMPTION
2026-03-16,US_WEST,"San Francisco, CA",19.386,0.0,0.0,16.5,0,12.425,19.225,0.0,6.961,-19.225,0.0,0,0,0,0,0,0,0,0,0,0,0,0,0,1,1,1,MILD,MILD: warmer_than_seasonal_reference with no adverse weather dimensions,RULE_BASED_UNWEIGHTED_WEATHER_DIMENSIONS,DERIVED_FROM_PUBLIC_WEATHER,PROJECT_ASSUMPTION
2026-03-23,US_WEST,"San Francisco, CA",17.229,0.0,0.0,22.2,0,12.796,19.65,0.0,4.432,-19.65,0.0,0,0,0,0,0,0,0,0,0,0,0,0,0,1,1,1,MILD,MILD: warmer_than_seasonal_reference with no adverse weather dimensions,RULE_BASED_UNWEIGHTED_WEATHER_DIMENSIONS,DERIVED_FROM_PUBLIC_WEATHER,PROJECT_ASSUMPTION
2026-03-30,US_WEST,"San Francisco, CA",16.571,4.6,0.0,24.6,0,13.204,7.2,0.0,3.368,-2.6,0.0,0,0,0,0,0,0,0,0,0,0,0,0,0,1,1,1,MILD,MILD: warmer_than_seasonal_reference with no adverse weather dimensions,RULE_BASED_UNWEIGHTED_WEATHER_DIMENSIONS,DERIVED_FROM_PUBLIC_WEATHER,PROJECT_ASSUMPTION
2026-04-06,US_WEST,"San Francisco, CA",14.886,42.1,0.0,28.9,0,13.286,8.2,0.0,1.6,33.9,0.0,0,0,0,0,0,0,0,1,0,0,0,1,0,0,1,1,NORMAL,NORMAL: isolated adverse dimension without severe compound conditions | wetter_than_normal,RULE_BASED_UNWEIGHTED_WEATHER_DIMENSIONS,DERIVED_FROM_PUBLIC_WEATHER,PROJECT_ASSUMPTION
2026-04-13,US_WEST,"San Francisco, CA",14.714,0.3,0.0,20.4,0,14.3,4.425,0.0,0.414,-4.125,0.0,0,0,0,0,0,0,0,0,0,0,0,0,0,0,1,1,NORMAL,NORMAL: no material adverse or mild scenario trigger,RULE_BASED_UNWEIGHTED_WEATHER_DIMENSIONS,DERIVED_FROM_PUBLIC_WEATHER,PROJECT_ASSUMPTION
2026-04-20,US_WEST,"San Francisco, CA",14.229,36.6,0.0,20.9,0,14.382,0.325,0.0,-0.153,36.275,0.0,0,0,0,0,0,0,0,1,0,0,0,1,0,0,1,1,NORMAL,NORMAL: isolated adverse dimension without severe compound conditions | wetter_than_normal,RULE_BASED_UNWEIGHTED_WEATHER_DIMENSIONS,DERIVED_FROM_PUBLIC_WEATHER,PROJECT_ASSUMPTION
2026-04-27,US_WEST,"San Francisco, CA",14.771,0.0,0.0,18.9,0,14.254,10.5,0.0,0.517,-10.5,0.0,0,0,0,0,0,0,0,0,0,0,0,0,0,0,1,1,NORMAL,NORMAL: no material adverse or mild scenario trigger,RULE_BASED_UNWEIGHTED_WEATHER_DIMENSIONS,DERIVED_FROM_PUBLIC_WEATHER,PROJECT_ASSUMPTION
2026-05-04,US_WEST,"San Francisco, CA",15.057,4.8,0.0,18.2,0,16.004,0.475,0.0,-0.947,4.325,0.0,0,0,0,0,0,0,0,0,0,0,0,0,0,0,1,1,NORMAL,NORMAL: no material adverse or mild scenario trigger,RULE_BASED_UNWEIGHTED_WEATHER_DIMENSIONS,DERIVED_FROM_PUBLIC_WEATHER,PROJECT_ASSUMPTION
2026-05-11,US_WEST,"San Francisco, CA",16.5,0.0,0.0,26.4,0,15.854,0.4,0.0,0.646,-0.4,0.0,0,0,0,0,0,0,0,0,0,0,0,0,0,0,1,1,NORMAL,NORMAL: no material adverse or mild scenario trigger,RULE_BASED_UNWEIGHTED_WEATHER_DIMENSIONS,DERIVED_FROM_PUBLIC_WEATHER,PROJECT_ASSUMPTION
2026-05-18,US_WEST,"San Francisco, CA",17.7,0.0,0.0,27.1,0,15.9,0.075,0.0,1.8,-0.075,0.0,0,0,0,0,0,0,0,0,0,0,0,0,0,0,1,1,NORMAL,NORMAL: no material adverse or mild scenario trigger,RULE_BASED_UNWEIGHTED_WEATHER_DIMENSIONS,DERIVED_FROM_PUBLIC_WEATHER,PROJECT_ASSUMPTION
2026-05-25,US_WEST,"San Francisco, CA",15.629,3.6,0.0,27.7,0,16.761,0.4,0.0,-1.132,3.2,0.0,0,0,0,0,0,0,0,0,0,0,0,0,0,0,1,1,NORMAL,NORMAL: no material adverse or mild scenario trigger,RULE_BASED_UNWEIGHTED_WEATHER_DIMENSIONS,DERIVED_FROM_PUBLIC_WEATHER,PROJECT_ASSUMPTION
2026-06-01,US_WEST,"San Francisco, CA",17.086,0.0,0.0,23.1,0,17.489,0.0,0.0,-0.403,0.0,0.0,0,0,0,0,0,0,0,0,0,0,0,0,0,0,1,1,NORMAL,NORMAL: no material adverse or mild scenario trigger,RULE_BASED_UNWEIGHTED_WEATHER_DIMENSIONS,DERIVED_FROM_PUBLIC_WEATHER,PROJECT_ASSUMPTION
2026-06-08,US_WEST,"San Francisco, CA",19.214,0.0,0.0,27.2,0,16.575,0.325,0.0,2.639,-0.325,0.0,0,0,0,0,0,0,0,0,0,0,0,0,0,1,1,1,MILD,MILD: warmer_than_seasonal_reference with no adverse weather dimensions,RULE_BASED_UNWEIGHTED_WEATHER_DIMENSIONS,DERIVED_FROM_PUBLIC_WEATHER,PROJECT_ASSUMPTION
2026-06-15,US_WEST,"San Francisco, CA",17.329,0.0,0.0,20.2,0,17.4,0.0,0.0,-0.071,0.0,0.0,0,0,0,0,0,0,0,0,0,0,0,0,0,0,1,1,NORMAL,NORMAL: no material adverse or mild scenario trigger,RULE_BASED_UNWEIGHTED_WEATHER_DIMENSIONS,DERIVED_FROM_PUBLIC_WEATHER,PROJECT_ASSUMPTION
2026-06-22,US_WEST,"San Francisco, CA",16.757,0.0,0.0,25.7,0,17.114,0.0,0.0,-0.357,0.0,0.0,0,0,0,0,0,0,0,0,0,0,0,0,0,0,1,1,NORMAL,NORMAL: no material adverse or mild scenario trigger,RULE_BASED_UNWEIGHTED_WEATHER_DIMENSIONS,DERIVED_FROM_PUBLIC_WEATHER,PROJECT_ASSUMPTION
