fold,sku_id,channel_id,forecast_date,actual_units,model,forecast_units,train_start,train_end,test_start,test_end,train_weeks
1,APS-001,ECOM,2023-07-03,110.0,HW_Add_Add,110.14598002971458,2021-07-05,2023-06-26,2023-07-03,2023-09-25,104
1,APS-001,ECOM,2023-07-10,143.0,HW_Add_Add,107.66487973797177,2021-07-05,2023-06-26,2023-07-03,2023-09-25,104
1,APS-001,ECOM,2023-07-17,101.0,HW_Add_Add,114.15984930345772,2021-07-05,2023-06-26,2023-07-03,2023-09-25,104
1,APS-001,ECOM,2023-07-24,116.0,HW_Add_Add,114.64693039303071,2021-07-05,2023-06-26,2023-07-03,2023-09-25,104
1,APS-001,ECOM,2023-07-31,137.0,HW_Add_Add,136.142371213724,2021-07-05,2023-06-26,2023-07-03,2023-09-25,104
1,APS-001,ECOM,2023-08-07,150.0,HW_Add_Add,125.13350618169683,2021-07-05,2023-06-26,2023-07-03,2023-09-25,104
1,APS-001,ECOM,2023-08-14,134.0,HW_Add_Add,130.13162476676,2021-07-05,2023-06-26,2023-07-03,2023-09-25,104
1,APS-001,ECOM,2023-08-21,140.0,HW_Add_Add,125.12639892060697,2021-07-05,2023-06-26,2023-07-03,2023-09-25,104
1,APS-001,ECOM,2023-08-28,144.0,HW_Add_Add,134.62234136872692,2021-07-05,2023-06-26,2023-07-03,2023-09-25,104
1,APS-001,ECOM,2023-09-04,196.0,HW_Add_Add,206.620093532632,2021-07-05,2023-06-26,2023-07-03,2023-09-25,104
1,APS-001,ECOM,2023-09-11,187.0,HW_Add_Add,196.1136298581441,2021-07-05,2023-06-26,2023-07-03,2023-09-25,104
1,APS-001,ECOM,2023-09-18,219.0,HW_Add_Add,197.1012937608548,2021-07-05,2023-06-26,2023-07-03,2023-09-25,104
1,APS-001,ECOM,2023-09-25,179.0,HW_Add_Add,182.09863780467273,2021-07-05,2023-06-26,2023-07-03,2023-09-25,104
1,APS-001,ECOM,2023-07-03,110.0,HW_Damped_Add,108.62206755989702,2021-07-05,2023-06-26,2023-07-03,2023-09-25,104
1,APS-001,ECOM,2023-07-10,143.0,HW_Damped_Add,106.32541703282928,2021-07-05,2023-06-26,2023-07-03,2023-09-25,104
1,APS-001,ECOM,2023-07-17,101.0,HW_Damped_Add,112.95401168330443,2021-07-05,2023-06-26,2023-07-03,2023-09-25,104
1,APS-001,ECOM,2023-07-24,116.0,HW_Damped_Add,113.53671311668741,2021-07-05,2023-06-26,2023-07-03,2023-09-25,104
1,APS-001,ECOM,2023-07-31,137.0,HW_Damped_Add,135.08661674049608,2021-07-05,2023-06-26,2023-07-03,2023-09-25,104
1,APS-001,ECOM,2023-08-07,150.0,HW_Damped_Add,124.11972476926324,2021-07-05,2023-06-26,2023-07-03,2023-09-25,104
1,APS-001,ECOM,2023-08-14,134.0,HW_Damped_Add,129.13439789308148,2021-07-05,2023-06-26,2023-07-03,2023-09-25,104
1,APS-001,ECOM,2023-08-21,140.0,HW_Damped_Add,124.13416576124162,2021-07-05,2023-06-26,2023-07-03,2023-09-25,104
1,APS-001,ECOM,2023-08-28,144.0,HW_Damped_Add,133.61893063200918,2021-07-05,2023-06-26,2023-07-03,2023-09-25,104
1,APS-001,ECOM,2023-09-04,196.0,HW_Damped_Add,205.5895544753732,2021-07-05,2023-06-26,2023-07-03,2023-09-25,104
1,APS-001,ECOM,2023-09-11,187.0,HW_Damped_Add,195.0479986498945,2021-07-05,2023-06-26,2023-07-03,2023-09-25,104
1,APS-001,ECOM,2023-09-18,219.0,HW_Damped_Add,196.0025294752071,2021-07-05,2023-06-26,2023-07-03,2023-09-25,104
1,APS-001,ECOM,2023-09-25,179.0,HW_Damped_Add,180.94604333659345,2021-07-05,2023-06-26,2023-07-03,2023-09-25,104
1,APS-001,ECOM,2023-07-03,110.0,HW_Damped_Mul,110.61033934533229,2021-07-05,2023-06-26,2023-07-03,2023-09-25,104
1,APS-001,ECOM,2023-07-10,143.0,HW_Damped_Mul,107.33352394047006,2021-07-05,2023-06-26,2023-07-03,2023-09-25,104
1,APS-001,ECOM,2023-07-17,101.0,HW_Damped_Mul,113.41552400017471,2021-07-05,2023-06-26,2023-07-03,2023-09-25,104
1,APS-001,ECOM,2023-07-24,116.0,HW_Damped_Mul,113.77198163739651,2021-07-05,2023-06-26,2023-07-03,2023-09-25,104
1,APS-001,ECOM,2023-07-31,137.0,HW_Damped_Mul,134.86160203006656,2021-07-05,2023-06-26,2023-07-03,2023-09-25,104
1,APS-001,ECOM,2023-08-07,150.0,HW_Damped_Mul,123.41414031685252,2021-07-05,2023-06-26,2023-07-03,2023-09-25,104
1,APS-001,ECOM,2023-08-14,134.0,HW_Damped_Mul,127.98959856269417,2021-07-05,2023-06-26,2023-07-03,2023-09-25,104
1,APS-001,ECOM,2023-08-21,140.0,HW_Damped_Mul,122.68662273492014,2021-07-05,2023-06-26,2023-07-03,2023-09-25,104
1,APS-001,ECOM,2023-08-28,144.0,HW_Damped_Mul,132.06395129493737,2021-07-05,2023-06-26,2023-07-03,2023-09-25,104
1,APS-001,ECOM,2023-09-04,196.0,HW_Damped_Mul,204.56399581824203,2021-07-05,2023-06-26,2023-07-03,2023-09-25,104
1,APS-001,ECOM,2023-09-11,187.0,HW_Damped_Mul,193.58059010887345,2021-07-05,2023-06-26,2023-07-03,2023-09-25,104
1,APS-001,ECOM,2023-09-18,219.0,HW_Damped_Mul,194.45869245264942,2021-07-05,2023-06-26,2023-07-03,2023-09-25,104
1,APS-001,ECOM,2023-09-25,179.0,HW_Damped_Mul,178.96797812158,2021-07-05,2023-06-26,2023-07-03,2023-09-25,104
2,APS-001,ECOM,2023-10-02,251.0,HW_Add_Add,274.2987379702322,2021-07-05,2023-09-25,2023-10-02,2023-12-25,117
2,APS-001,ECOM,2023-10-09,329.0,HW_Add_Add,250.30126011688847,2021-07-05,2023-09-25,2023-10-02,2023-12-25,117
2,APS-001,ECOM,2023-10-16,254.0,HW_Add_Add,278.3045134012633,2021-07-05,2023-09-25,2023-10-02,2023-12-25,117
2,APS-001,ECOM,2023-10-23,316.0,HW_Add_Add,258.30731937162466,2021-07-05,2023-09-25,2023-10-02,2023-12-25,117
2,APS-001,ECOM,2023-10-30,283.0,HW_Add_Add,302.80944077442007,2021-07-05,2023-09-25,2023-10-02,2023-12-25,117
2,APS-001,ECOM,2023-11-06,415.00000000000006,HW_Add_Add,303.8121368959102,2021-07-05,2023-09-25,2023-10-02,2023-12-25,117
2,APS-001,ECOM,2023-11-13,341.0,HW_Add_Add,400.8138584902614,2021-07-05,2023-09-25,2023-10-02,2023-12-25,117
2,APS-001,ECOM,2023-11-20,371.0,HW_Add_Add,326.6471674854562,2021-07-05,2023-09-25,2023-10-02,2023-12-25,117
2,APS-001,ECOM,2023-11-27,407.0,HW_Add_Add,378.3186464231417,2021-07-05,2023-09-25,2023-10-02,2023-12-25,117
2,APS-001,ECOM,2023-12-04,347.00000000000006,HW_Add_Add,340.3551998062204,2021-07-05,2023-09-25,2023-10-02,2023-12-25,117
2,APS-001,ECOM,2023-12-11,375.0,HW_Add_Add,344.1166121302,2021-07-05,2023-09-25,2023-10-02,2023-12-25,117
2,APS-001,ECOM,2023-12-18,292.8494551227016,HW_Add_Add,374.3452830195472,2021-07-05,2023-09-25,2023-10-02,2023-12-25,117
2,APS-001,ECOM,2023-12-25,341.65765535230304,HW_Add_Add,355.8152097392635,2021-07-05,2023-09-25,2023-10-02,2023-12-25,117
2,APS-001,ECOM,2023-10-02,251.0,HW_Damped_Add,272.85130138796364,2021-07-05,2023-09-25,2023-10-02,2023-12-25,117
2,APS-001,ECOM,2023-10-09,329.0,HW_Damped_Add,248.61597443911063,2021-07-05,2023-09-25,2023-10-02,2023-12-25,117
2,APS-001,ECOM,2023-10-16,254.0,HW_Damped_Add,276.4806297219608,2021-07-05,2023-09-25,2023-10-02,2023-12-25,117
2,APS-001,ECOM,2023-10-23,316.0,HW_Damped_Add,256.27709728913794,2021-07-05,2023-09-25,2023-10-02,2023-12-25,117
2,APS-001,ECOM,2023-10-30,283.0,HW_Damped_Add,300.45955135353654,2021-07-05,2023-09-25,2023-10-02,2023-12-25,117
2,APS-001,ECOM,2023-11-06,415.00000000000006,HW_Damped_Add,301.3805098456665,2021-07-05,2023-09-25,2023-10-02,2023-12-25,117
2,APS-001,ECOM,2023-11-13,341.0,HW_Damped_Add,398.20278775898623,2021-07-05,2023-09-25,2023-10-02,2023-12-25,117
2,APS-001,ECOM,2023-11-20,371.0,HW_Damped_Add,323.85514859148003,2021-07-05,2023-09-25,2023-10-02,2023-12-25,117
2,APS-001,ECOM,2023-11-27,407.0,HW_Damped_Add,375.3980625778167,2021-07-05,2023-09-25,2023-10-02,2023-12-25,117
2,APS-001,ECOM,2023-12-04,347.00000000000006,HW_Damped_Add,337.2988494498733,2021-07-05,2023-09-25,2023-10-02,2023-12-25,117
2,APS-001,ECOM,2023-12-11,375.0,HW_Damped_Add,340.8231763444904,2021-07-05,2023-09-25,2023-10-02,2023-12-25,117
2,APS-001,ECOM,2023-12-18,292.8494551227016,HW_Damped_Add,370.87742241266517,2021-07-05,2023-09-25,2023-10-02,2023-12-25,117
2,APS-001,ECOM,2023-12-25,341.65765535230304,HW_Damped_Add,352.17307648650046,2021-07-05,2023-09-25,2023-10-02,2023-12-25,117
2,APS-001,ECOM,2023-10-02,251.0,HW_Damped_Mul,273.17074266640606,2021-07-05,2023-09-25,2023-10-02,2023-12-25,117
2,APS-001,ECOM,2023-10-09,329.0,HW_Damped_Mul,247.7680443047606,2021-07-05,2023-09-25,2023-10-02,2023-12-25,117
2,APS-001,ECOM,2023-10-16,254.0,HW_Damped_Mul,276.1582406251457,2021-07-05,2023-09-25,2023-10-02,2023-12-25,117
2,APS-001,ECOM,2023-10-23,316.0,HW_Damped_Mul,255.38619802286144,2021-07-05,2023-09-25,2023-10-02,2023-12-25,117
2,APS-001,ECOM,2023-10-30,283.0,HW_Damped_Mul,299.5759782642809,2021-07-05,2023-09-25,2023-10-02,2023-12-25,117
2,APS-001,ECOM,2023-11-06,415.00000000000006,HW_Damped_Mul,300.5218749710433,2021-07-05,2023-09-25,2023-10-02,2023-12-25,117
2,APS-001,ECOM,2023-11-13,341.0,HW_Damped_Mul,398.5116399585781,2021-07-05,2023-09-25,2023-10-02,2023-12-25,117
2,APS-001,ECOM,2023-11-20,371.0,HW_Damped_Mul,322.7729013529042,2021-07-05,2023-09-25,2023-10-02,2023-12-25,117
2,APS-001,ECOM,2023-11-27,407.0,HW_Damped_Mul,374.77827005372546,2021-07-05,2023-09-25,2023-10-02,2023-12-25,117
2,APS-001,ECOM,2023-12-04,347.00000000000006,HW_Damped_Mul,336.24260106160716,2021-07-05,2023-09-25,2023-10-02,2023-12-25,117
2,APS-001,ECOM,2023-12-11,375.0,HW_Damped_Mul,339.37462381112056,2021-07-05,2023-09-25,2023-10-02,2023-12-25,117
2,APS-001,ECOM,2023-12-18,292.8494551227016,HW_Damped_Mul,369.58331581427734,2021-07-05,2023-09-25,2023-10-02,2023-12-25,117
2,APS-001,ECOM,2023-12-25,341.65765535230304,HW_Damped_Mul,350.3463173417029,2021-07-05,2023-09-25,2023-10-02,2023-12-25,117
3,APS-001,ECOM,2024-01-01,256.03701404335874,HW_Add_Add,282.3905531555745,2021-07-05,2023-12-25,2024-01-01,2024-03-25,130
3,APS-001,ECOM,2024-01-08,363.6319413192729,HW_Add_Add,295.6081331323962,2021-07-05,2023-12-25,2024-01-01,2024-03-25,130
3,APS-001,ECOM,2024-01-15,480.0,HW_Add_Add,344.1793057360753,2021-07-05,2023-12-25,2024-01-01,2024-03-25,130
3,APS-001,ECOM,2024-01-22,348.4090246533033,HW_Add_Add,343.8215497185856,2021-07-05,2023-12-25,2024-01-01,2024-03-25,130
3,APS-001,ECOM,2024-01-29,287.42257424771503,HW_Add_Add,309.5944160762733,2021-07-05,2023-12-25,2024-01-01,2024-03-25,130
3,APS-001,ECOM,2024-02-05,326.75,HW_Add_Add,291.7236613693858,2021-07-05,2023-12-25,2024-01-01,2024-03-25,130
3,APS-001,ECOM,2024-02-12,357.1267079714769,HW_Add_Add,297.9355691309779,2021-07-05,2023-12-25,2024-01-01,2024-03-25,130
3,APS-001,ECOM,2024-02-19,284.3171411541774,HW_Add_Add,288.66474831692136,2021-07-05,2023-12-25,2024-01-01,2024-03-25,130
3,APS-001,ECOM,2024-02-26,299.5,HW_Add_Add,288.0630027864727,2021-07-05,2023-12-25,2024-01-01,2024-03-25,130
3,APS-001,ECOM,2024-03-04,259.2004127488248,HW_Add_Add,256.643271014951,2021-07-05,2023-12-25,2024-01-01,2024-03-25,130
3,APS-001,ECOM,2024-03-11,219.5419842390624,HW_Add_Add,226.42461779953373,2021-07-05,2023-12-25,2024-01-01,2024-03-25,130
3,APS-001,ECOM,2024-03-18,221.0,HW_Add_Add,228.3565768199586,2021-07-05,2023-12-25,2024-01-01,2024-03-25,130
3,APS-001,ECOM,2024-03-25,183.7376602339886,HW_Add_Add,224.49965126363546,2021-07-05,2023-12-25,2024-01-01,2024-03-25,130
3,APS-001,ECOM,2024-01-01,256.03701404335874,HW_Damped_Add,279.5999006280296,2021-07-05,2023-12-25,2024-01-01,2024-03-25,130
3,APS-001,ECOM,2024-01-08,363.6319413192729,HW_Damped_Add,292.6321868129146,2021-07-05,2023-12-25,2024-01-01,2024-03-25,130
3,APS-001,ECOM,2024-01-15,480.0,HW_Damped_Add,340.96705804989597,2021-07-05,2023-12-25,2024-01-01,2024-03-25,130
3,APS-001,ECOM,2024-01-22,348.4090246533033,HW_Damped_Add,340.66038320791574,2021-07-05,2023-12-25,2024-01-01,2024-03-25,130
3,APS-001,ECOM,2024-01-29,287.42257424771503,HW_Damped_Add,306.4562091632819,2021-07-05,2023-12-25,2024-01-01,2024-03-25,130
3,APS-001,ECOM,2024-02-05,326.75,HW_Damped_Add,288.5371914381546,2021-07-05,2023-12-25,2024-01-01,2024-03-25,130
3,APS-001,ECOM,2024-02-12,357.1267079714769,HW_Damped_Add,294.6787920591179,2021-07-05,2023-12-25,2024-01-01,2024-03-25,130
3,APS-001,ECOM,2024-02-19,284.3171411541774,HW_Damped_Add,285.492419165122,2021-07-05,2023-12-25,2024-01-01,2024-03-25,130
3,APS-001,ECOM,2024-02-26,299.5,HW_Damped_Add,284.88651756500497,2021-07-05,2023-12-25,2024-01-01,2024-03-25,130
3,APS-001,ECOM,2024-03-04,259.2004127488248,HW_Damped_Add,253.34934609140063,2021-07-05,2023-12-25,2024-01-01,2024-03-25,130
3,APS-001,ECOM,2024-03-11,219.5419842390624,HW_Damped_Add,223.15486349699273,2021-07-05,2023-12-25,2024-01-01,2024-03-25,130
3,APS-001,ECOM,2024-03-18,221.0,HW_Damped_Add,225.123020724556,2021-07-05,2023-12-25,2024-01-01,2024-03-25,130
3,APS-001,ECOM,2024-03-25,183.7376602339886,HW_Damped_Add,221.32093974933815,2021-07-05,2023-12-25,2024-01-01,2024-03-25,130
3,APS-001,ECOM,2024-01-01,256.03701404335874,HW_Damped_Mul,283.29664665077877,2021-07-05,2023-12-25,2024-01-01,2024-03-25,130
3,APS-001,ECOM,2024-01-08,363.6319413192729,HW_Damped_Mul,297.0022672903845,2021-07-05,2023-12-25,2024-01-01,2024-03-25,130
3,APS-001,ECOM,2024-01-15,480.0,HW_Damped_Mul,345.93922436796237,2021-07-05,2023-12-25,2024-01-01,2024-03-25,130
3,APS-001,ECOM,2024-01-22,348.4090246533033,HW_Damped_Mul,345.90435954858924,2021-07-05,2023-12-25,2024-01-01,2024-03-25,130
3,APS-001,ECOM,2024-01-29,287.42257424771503,HW_Damped_Mul,310.8443454193754,2021-07-05,2023-12-25,2024-01-01,2024-03-25,130
3,APS-001,ECOM,2024-02-05,326.75,HW_Damped_Mul,292.107718427741,2021-07-05,2023-12-25,2024-01-01,2024-03-25,130
3,APS-001,ECOM,2024-02-12,357.1267079714769,HW_Damped_Mul,297.7890725800624,2021-07-05,2023-12-25,2024-01-01,2024-03-25,130
3,APS-001,ECOM,2024-02-19,284.3171411541774,HW_Damped_Mul,288.88287280467824,2021-07-05,2023-12-25,2024-01-01,2024-03-25,130
3,APS-001,ECOM,2024-02-26,299.5,HW_Damped_Mul,287.9933953388196,2021-07-05,2023-12-25,2024-01-01,2024-03-25,130
3,APS-001,ECOM,2024-03-04,259.2004127488248,HW_Damped_Mul,253.97247219886412,2021-07-05,2023-12-25,2024-01-01,2024-03-25,130
3,APS-001,ECOM,2024-03-11,219.5419842390624,HW_Damped_Mul,222.88676965766876,2021-07-05,2023-12-25,2024-01-01,2024-03-25,130
3,APS-001,ECOM,2024-03-18,221.0,HW_Damped_Mul,225.17267120641736,2021-07-05,2023-12-25,2024-01-01,2024-03-25,130
3,APS-001,ECOM,2024-03-25,183.7376602339886,HW_Damped_Mul,221.57713062590014,2021-07-05,2023-12-25,2024-01-01,2024-03-25,130
4,APS-001,ECOM,2024-04-01,200.66126392497569,HW_Add_Add,194.04361357089178,2021-07-05,2024-03-25,2024-04-01,2024-06-24,143
4,APS-001,ECOM,2024-04-08,187.0,HW_Add_Add,178.83848836910016,2021-07-05,2024-03-25,2024-04-01,2024-06-24,143
4,APS-001,ECOM,2024-04-15,173.70412613033392,HW_Add_Add,177.8385437672137,2021-07-05,2024-03-25,2024-04-01,2024-06-24,143
4,APS-001,ECOM,2024-04-22,178.8737399311096,HW_Add_Add,145.84001676815424,2021-07-05,2024-03-25,2024-04-01,2024-06-24,143
4,APS-001,ECOM,2024-04-29,196.0,HW_Add_Add,158.33829842427468,2021-07-05,2024-03-25,2024-04-01,2024-06-24,143
4,APS-001,ECOM,2024-05-06,160.0,HW_Add_Add,155.3389420513877,2021-07-05,2024-03-25,2024-04-01,2024-06-24,143
4,APS-001,ECOM,2024-05-13,171.0,HW_Add_Add,142.83795592141365,2021-07-05,2024-03-25,2024-04-01,2024-06-24,143
4,APS-001,ECOM,2024-05-20,139.0,HW_Add_Add,145.33828767904302,2021-07-05,2024-03-25,2024-04-01,2024-06-24,143
4,APS-001,ECOM,2024-05-27,162.0,HW_Add_Add,147.83878020191503,2021-07-05,2024-03-25,2024-04-01,2024-06-24,143
4,APS-001,ECOM,2024-06-03,129.0,HW_Add_Add,118.3384620453131,2021-07-05,2024-03-25,2024-04-01,2024-06-24,143
4,APS-001,ECOM,2024-06-10,117.0,HW_Add_Add,131.33881420242398,2021-07-05,2024-03-25,2024-04-01,2024-06-24,143
4,APS-001,ECOM,2024-06-17,117.0,HW_Add_Add,129.839933479207,2021-07-05,2024-03-25,2024-04-01,2024-06-24,143
4,APS-001,ECOM,2024-06-24,124.0,HW_Add_Add,116.33867223013077,2021-07-05,2024-03-25,2024-04-01,2024-06-24,143
4,APS-001,ECOM,2024-04-01,200.66126392497569,HW_Damped_Add,195.7403599676311,2021-07-05,2024-03-25,2024-04-01,2024-06-24,143
4,APS-001,ECOM,2024-04-08,187.0,HW_Damped_Add,180.68178668569507,2021-07-05,2024-03-25,2024-04-01,2024-06-24,143
4,APS-001,ECOM,2024-04-15,173.70412613033392,HW_Damped_Add,179.74203527074627,2021-07-05,2024-03-25,2024-04-01,2024-06-24,143
4,APS-001,ECOM,2024-04-22,178.8737399311096,HW_Damped_Add,146.87085511741282,2021-07-05,2024-03-25,2024-04-01,2024-06-24,143
4,APS-001,ECOM,2024-04-29,196.0,HW_Damped_Add,160.3344565343694,2021-07-05,2024-03-25,2024-04-01,2024-06-24,143
4,APS-001,ECOM,2024-05-06,160.0,HW_Damped_Add,156.80053776766852,2021-07-05,2024-03-25,2024-04-01,2024-06-24,143
4,APS-001,ECOM,2024-05-13,171.0,HW_Damped_Add,144.85552279986507,2021-07-05,2024-03-25,2024-04-01,2024-06-24,143
4,APS-001,ECOM,2024-05-20,139.0,HW_Damped_Add,147.1763139954577,2021-07-05,2024-03-25,2024-04-01,2024-06-24,143
4,APS-001,ECOM,2024-05-27,162.0,HW_Damped_Add,149.42819473328643,2021-07-05,2024-03-25,2024-04-01,2024-06-24,143
4,APS-001,ECOM,2024-06-03,129.0,HW_Damped_Add,120.09309792084863,2021-07-05,2024-03-25,2024-04-01,2024-06-24,143
4,APS-001,ECOM,2024-06-10,117.0,HW_Damped_Add,132.99391084874986,2021-07-05,2024-03-25,2024-04-01,2024-06-24,143
4,APS-001,ECOM,2024-06-17,117.0,HW_Damped_Add,130.92016375600252,2021-07-05,2024-03-25,2024-04-01,2024-06-24,143
4,APS-001,ECOM,2024-06-24,124.0,HW_Damped_Add,118.10460142767651,2021-07-05,2024-03-25,2024-04-01,2024-06-24,143
4,APS-001,ECOM,2024-04-01,200.66126392497569,HW_Damped_Mul,190.77581274229686,2021-07-05,2024-03-25,2024-04-01,2024-06-24,143
4,APS-001,ECOM,2024-04-08,187.0,HW_Damped_Mul,174.5082145509565,2021-07-05,2024-03-25,2024-04-01,2024-06-24,143
4,APS-001,ECOM,2024-04-15,173.70412613033392,HW_Damped_Mul,173.33809807865063,2021-07-05,2024-03-25,2024-04-01,2024-06-24,143
4,APS-001,ECOM,2024-04-22,178.8737399311096,HW_Damped_Mul,140.18298472323852,2021-07-05,2024-03-25,2024-04-01,2024-06-24,143
4,APS-001,ECOM,2024-04-29,196.0,HW_Damped_Mul,152.41507484334275,2021-07-05,2024-03-25,2024-04-01,2024-06-24,143
4,APS-001,ECOM,2024-05-06,160.0,HW_Damped_Mul,149.59573680814427,2021-07-05,2024-03-25,2024-04-01,2024-06-24,143
4,APS-001,ECOM,2024-05-13,171.0,HW_Damped_Mul,135.87022623669986,2021-07-05,2024-03-25,2024-04-01,2024-06-24,143
4,APS-001,ECOM,2024-05-20,139.0,HW_Damped_Mul,138.63683057082244,2021-07-05,2024-03-25,2024-04-01,2024-06-24,143
4,APS-001,ECOM,2024-05-27,162.0,HW_Damped_Mul,141.39236106463883,2021-07-05,2024-03-25,2024-04-01,2024-06-24,143
4,APS-001,ECOM,2024-06-03,129.0,HW_Damped_Mul,110.0844573929105,2021-07-05,2024-03-25,2024-04-01,2024-06-24,143
4,APS-001,ECOM,2024-06-10,117.0,HW_Damped_Mul,123.84008364396891,2021-07-05,2024-03-25,2024-04-01,2024-06-24,143
4,APS-001,ECOM,2024-06-17,117.0,HW_Damped_Mul,122.76696129113492,2021-07-05,2024-03-25,2024-04-01,2024-06-24,143
4,APS-001,ECOM,2024-06-24,124.0,HW_Damped_Mul,107.63289011764972,2021-07-05,2024-03-25,2024-04-01,2024-06-24,143
5,APS-001,ECOM,2024-07-01,108.0,HW_Add_Add,125.6129843155051,2021-07-05,2024-06-24,2024-07-01,2024-09-23,156
5,APS-001,ECOM,2024-07-08,101.0,HW_Add_Add,134.94900138301875,2021-07-05,2024-06-24,2024-07-01,2024-09-23,156
5,APS-001,ECOM,2024-07-15,139.0,HW_Add_Add,125.28292352760562,2021-07-05,2024-06-24,2024-07-01,2024-09-23,156
5,APS-001,ECOM,2024-07-22,140.0,HW_Add_Add,130.61874549003727,2021-07-05,2024-06-24,2024-07-01,2024-09-23,156
5,APS-001,ECOM,2024-07-29,123.0,HW_Add_Add,151.95247476583506,2021-07-05,2024-06-24,2024-07-01,2024-09-23,156
5,APS-001,ECOM,2024-08-05,135.0,HW_Add_Add,148.95536347824645,2021-07-05,2024-06-24,2024-07-01,2024-09-23,156
5,APS-001,ECOM,2024-08-12,158.0,HW_Add_Add,146.95605543008955,2021-07-05,2024-06-24,2024-07-01,2024-09-23,156
5,APS-001,ECOM,2024-08-19,142.0,HW_Add_Add,145.62423127624004,2021-07-05,2024-06-24,2024-07-01,2024-09-23,156
5,APS-001,ECOM,2024-08-26,122.0,HW_Add_Add,153.29196474110714,2021-07-05,2024-06-24,2024-07-01,2024-09-23,156
5,APS-001,ECOM,2024-09-02,223.0,HW_Add_Add,218.62484604729235,2021-07-05,2024-06-24,2024-07-01,2024-09-23,156
5,APS-001,ECOM,2024-09-09,224.00000000000003,HW_Add_Add,208.62556373313112,2021-07-05,2024-06-24,2024-07-01,2024-09-23,156
5,APS-001,ECOM,2024-09-16,205.00000000000003,HW_Add_Add,219.96093665777832,2021-07-05,2024-06-24,2024-07-01,2024-09-23,156
5,APS-001,ECOM,2024-09-23,236.99012928510425,HW_Add_Add,196.62684282443612,2021-07-05,2024-06-24,2024-07-01,2024-09-23,156
5,APS-001,ECOM,2024-07-01,108.0,HW_Damped_Add,129.79181045148306,2021-07-05,2024-06-24,2024-07-01,2024-09-23,156
5,APS-001,ECOM,2024-07-08,101.0,HW_Damped_Add,138.7375607718488,2021-07-05,2024-06-24,2024-07-01,2024-09-23,156
5,APS-001,ECOM,2024-07-15,139.0,HW_Damped_Add,128.6893025872115,2021-07-05,2024-06-24,2024-07-01,2024-09-23,156
5,APS-001,ECOM,2024-07-22,140.0,HW_Damped_Add,133.65213275805536,2021-07-05,2024-06-24,2024-07-01,2024-09-23,156
5,APS-001,ECOM,2024-07-29,123.0,HW_Damped_Add,154.62341253289975,2021-07-05,2024-06-24,2024-07-01,2024-09-23,156
5,APS-001,ECOM,2024-08-05,135.0,HW_Damped_Add,151.26988945399023,2021-07-05,2024-06-24,2024-07-01,2024-09-23,156
5,APS-001,ECOM,2024-08-12,158.0,HW_Damped_Add,148.92835999420498,2021-07-05,2024-06-24,2024-07-01,2024-09-23,156
5,APS-001,ECOM,2024-08-19,142.0,HW_Damped_Add,147.26298795784822,2021-07-05,2024-06-24,2024-07-01,2024-09-23,156
5,APS-001,ECOM,2024-08-26,122.0,HW_Damped_Add,154.60770476229294,2021-07-05,2024-06-24,2024-07-01,2024-09-23,156
5,APS-001,ECOM,2024-09-02,223.0,HW_Damped_Add,219.6312985944607,2021-07-05,2024-06-24,2024-07-01,2024-09-23,156
5,APS-001,ECOM,2024-09-09,224.00000000000003,HW_Damped_Add,209.3306642179031,2021-07-05,2024-06-24,2024-07-01,2024-09-23,156
5,APS-001,ECOM,2024-09-16,205.00000000000003,HW_Damped_Add,220.37577270889105,2021-07-05,2024-06-24,2024-07-01,2024-09-23,156
5,APS-001,ECOM,2024-09-23,236.99012928510425,HW_Damped_Add,196.76154476473988,2021-07-05,2024-06-24,2024-07-01,2024-09-23,156
5,APS-001,ECOM,2024-07-01,108.0,HW_Damped_Mul,117.81287792361292,2021-07-05,2024-06-24,2024-07-01,2024-09-23,156
5,APS-001,ECOM,2024-07-08,101.0,HW_Damped_Mul,127.61358271316767,2021-07-05,2024-06-24,2024-07-01,2024-09-23,156
5,APS-001,ECOM,2024-07-15,139.0,HW_Damped_Mul,117.49393611822464,2021-07-05,2024-06-24,2024-07-01,2024-09-23,156
5,APS-001,ECOM,2024-07-22,140.0,HW_Damped_Mul,123.53145941880133,2021-07-05,2024-06-24,2024-07-01,2024-09-23,156
5,APS-001,ECOM,2024-07-29,123.0,HW_Damped_Mul,146.5204053043863,2021-07-05,2024-06-24,2024-07-01,2024-09-23,156
5,APS-001,ECOM,2024-08-05,135.0,HW_Damped_Mul,143.2533732327368,2021-07-05,2024-06-24,2024-07-01,2024-09-23,156
5,APS-001,ECOM,2024-08-12,158.0,HW_Damped_Mul,140.9607536712477,2021-07-05,2024-06-24,2024-07-01,2024-09-23,156
5,APS-001,ECOM,2024-08-19,142.0,HW_Damped_Mul,139.60279679148738,2021-07-05,2024-06-24,2024-07-01,2024-09-23,156
5,APS-001,ECOM,2024-08-26,122.0,HW_Damped_Mul,148.18765881622843,2021-07-05,2024-06-24,2024-07-01,2024-09-23,156
5,APS-001,ECOM,2024-09-02,223.0,HW_Damped_Mul,219.7410973629441,2021-07-05,2024-06-24,2024-07-01,2024-09-23,156
5,APS-001,ECOM,2024-09-09,224.00000000000003,HW_Damped_Mul,208.6459071965261,2021-07-05,2024-06-24,2024-07-01,2024-09-23,156
5,APS-001,ECOM,2024-09-16,205.00000000000003,HW_Damped_Mul,221.51090927261896,2021-07-05,2024-06-24,2024-07-01,2024-09-23,156
5,APS-001,ECOM,2024-09-23,236.99012928510425,HW_Damped_Mul,195.37733285776352,2021-07-05,2024-06-24,2024-07-01,2024-09-23,156
6,APS-001,ECOM,2024-09-30,229.0,HW_Add_Add,278.245368413561,2021-07-05,2024-09-23,2024-09-30,2024-12-23,169
6,APS-001,ECOM,2024-10-07,291.0,HW_Add_Add,288.24483614096357,2021-07-05,2024-09-23,2024-09-30,2024-12-23,169
6,APS-001,ECOM,2024-10-14,280.0,HW_Add_Add,281.9111952505205,2021-07-05,2024-09-23,2024-09-30,2024-12-23,169
6,APS-001,ECOM,2024-10-21,318.0,HW_Add_Add,289.2432826612482,2021-07-05,2024-09-23,2024-09-30,2024-12-23,169
6,APS-001,ECOM,2024-10-28,310.0,HW_Add_Add,307.9120347452929,2021-07-05,2024-09-23,2024-09-30,2024-12-23,169
6,APS-001,ECOM,2024-11-04,322.0,HW_Add_Add,352.57558004583257,2021-07-05,2024-09-23,2024-09-30,2024-12-23,169
6,APS-001,ECOM,2024-11-11,333.0,HW_Add_Add,392.5770187466818,2021-07-05,2024-09-23,2024-09-30,2024-12-23,169
6,APS-001,ECOM,2024-11-18,343.0,HW_Add_Add,353.1295694190375,2021-07-05,2024-09-23,2024-09-30,2024-12-23,169
6,APS-001,ECOM,2024-11-25,428.0,HW_Add_Add,399.57507684122925,2021-07-05,2024-09-23,2024-09-30,2024-12-23,169
6,APS-001,ECOM,2024-12-02,539.0,HW_Add_Add,354.263608464011,2021-07-05,2024-09-23,2024-09-30,2024-12-23,169
6,APS-001,ECOM,2024-12-09,445.0,HW_Add_Add,366.10255520332527,2021-07-05,2024-09-23,2024-09-30,2024-12-23,169
6,APS-001,ECOM,2024-12-16,403.0,HW_Add_Add,358.86971301500785,2021-07-05,2024-09-23,2024-09-30,2024-12-23,169
6,APS-001,ECOM,2024-12-23,404.45536656820826,HW_Add_Add,362.7838758211375,2021-07-05,2024-09-23,2024-09-30,2024-12-23,169
6,APS-001,ECOM,2024-09-30,229.0,HW_Damped_Add,277.9688372643726,2021-07-05,2024-09-23,2024-09-30,2024-12-23,169
6,APS-001,ECOM,2024-10-07,291.0,HW_Damped_Add,287.83470192306964,2021-07-05,2024-09-23,2024-09-30,2024-12-23,169
6,APS-001,ECOM,2024-10-14,280.0,HW_Damped_Add,281.4234208295898,2021-07-05,2024-09-23,2024-09-30,2024-12-23,169
6,APS-001,ECOM,2024-10-21,318.0,HW_Damped_Add,288.58633554919817,2021-07-05,2024-09-23,2024-09-30,2024-12-23,169
6,APS-001,ECOM,2024-10-28,310.0,HW_Damped_Add,307.39540817855783,2021-07-05,2024-09-23,2024-09-30,2024-12-23,169
6,APS-001,ECOM,2024-11-04,322.0,HW_Damped_Add,351.7115978188134,2021-07-05,2024-09-23,2024-09-30,2024-12-23,169
6,APS-001,ECOM,2024-11-11,333.0,HW_Damped_Add,391.80375519906124,2021-07-05,2024-09-23,2024-09-30,2024-12-23,169
6,APS-001,ECOM,2024-11-18,343.0,HW_Damped_Add,352.19765068970787,2021-07-05,2024-09-23,2024-09-30,2024-12-23,169
6,APS-001,ECOM,2024-11-25,428.0,HW_Damped_Add,398.5332161972465,2021-07-05,2024-09-23,2024-09-30,2024-12-23,169
6,APS-001,ECOM,2024-12-02,539.0,HW_Damped_Add,353.1160458568361,2021-07-05,2024-09-23,2024-09-30,2024-12-23,169
6,APS-001,ECOM,2024-12-09,445.0,HW_Damped_Add,364.92875532336495,2021-07-05,2024-09-23,2024-09-30,2024-12-23,169
6,APS-001,ECOM,2024-12-16,403.0,HW_Damped_Add,357.71631143502606,2021-07-05,2024-09-23,2024-09-30,2024-12-23,169
6,APS-001,ECOM,2024-12-23,404.45536656820826,HW_Damped_Add,361.5670625350121,2021-07-05,2024-09-23,2024-09-30,2024-12-23,169
6,APS-001,ECOM,2024-09-30,229.0,HW_Damped_Mul,286.46856312383795,2021-07-05,2024-09-23,2024-09-30,2024-12-23,169
6,APS-001,ECOM,2024-10-07,291.0,HW_Damped_Mul,297.405738977768,2021-07-05,2024-09-23,2024-09-30,2024-12-23,169
6,APS-001,ECOM,2024-10-14,280.0,HW_Damped_Mul,290.45088147100705,2021-07-05,2024-09-23,2024-09-30,2024-12-23,169
6,APS-001,ECOM,2024-10-21,318.0,HW_Damped_Mul,299.1619119201818,2021-07-05,2024-09-23,2024-09-30,2024-12-23,169
6,APS-001,ECOM,2024-10-28,310.0,HW_Damped_Mul,317.4062613091526,2021-07-05,2024-09-23,2024-09-30,2024-12-23,169
6,APS-001,ECOM,2024-11-04,322.0,HW_Damped_Mul,369.1835337928712,2021-07-05,2024-09-23,2024-09-30,2024-12-23,169
6,APS-001,ECOM,2024-11-11,333.0,HW_Damped_Mul,410.41804208672875,2021-07-05,2024-09-23,2024-09-30,2024-12-23,169
6,APS-001,ECOM,2024-11-18,343.0,HW_Damped_Mul,368.30269833357255,2021-07-05,2024-09-23,2024-09-30,2024-12-23,169
6,APS-001,ECOM,2024-11-25,428.0,HW_Damped_Mul,419.21479334465965,2021-07-05,2024-09-23,2024-09-30,2024-12-23,169
6,APS-001,ECOM,2024-12-02,539.0,HW_Damped_Mul,369.5417453743062,2021-07-05,2024-09-23,2024-09-30,2024-12-23,169
6,APS-001,ECOM,2024-12-09,445.0,HW_Damped_Mul,381.976641096307,2021-07-05,2024-09-23,2024-09-30,2024-12-23,169
6,APS-001,ECOM,2024-12-16,403.0,HW_Damped_Mul,372.5964309962256,2021-07-05,2024-09-23,2024-09-30,2024-12-23,169
6,APS-001,ECOM,2024-12-23,404.45536656820826,HW_Damped_Mul,377.01501795365294,2021-07-05,2024-09-23,2024-09-30,2024-12-23,169
7,APS-001,ECOM,2024-12-30,414.39295735017,HW_Add_Add,289.76196846395635,2021-07-05,2024-12-23,2024-12-30,2025-03-24,182
7,APS-001,ECOM,2025-01-06,441.0005520246796,HW_Add_Add,334.36719542722125,2021-07-05,2024-12-23,2024-12-30,2025-03-24,182
7,APS-001,ECOM,2025-01-13,432.6158292436902,HW_Add_Add,405.4247874105663,2021-07-05,2024-12-23,2024-12-30,2025-03-24,182
7,APS-001,ECOM,2025-01-20,483.2609546021481,HW_Add_Add,361.3797779485845,2021-07-05,2024-12-23,2024-12-30,2025-03-24,182
7,APS-001,ECOM,2025-01-27,411.90651719181614,HW_Add_Add,318.27276213389644,2021-07-05,2024-12-23,2024-12-30,2025-03-24,182
7,APS-001,ECOM,2025-02-03,432.2373553699488,HW_Add_Add,319.46255676724957,2021-07-05,2024-12-23,2024-12-30,2025-03-24,182
7,APS-001,ECOM,2025-02-10,410.2272351656226,HW_Add_Add,333.70216375390174,2021-07-05,2024-12-23,2024-12-30,2025-03-24,182
7,APS-001,ECOM,2025-02-17,378.26380226030267,HW_Add_Add,303.31553988839767,2021-07-05,2024-12-23,2024-12-30,2025-03-24,182
7,APS-001,ECOM,2025-02-24,336.14785302271,HW_Add_Add,307.98229761674406,2021-07-05,2024-12-23,2024-12-30,2025-03-24,182
7,APS-001,ECOM,2025-03-03,295.44127107526543,HW_Add_Add,273.5307569765907,2021-07-05,2024-12-23,2024-12-30,2025-03-24,182
7,APS-001,ECOM,2025-03-10,277.75,HW_Add_Add,240.18331164361769,2021-07-05,2024-12-23,2024-12-30,2025-03-24,182
7,APS-001,ECOM,2025-03-17,250.0,HW_Add_Add,241.9807754418539,2021-07-05,2024-12-23,2024-12-30,2025-03-24,182
7,APS-001,ECOM,2025-03-24,236.621523849313,HW_Add_Add,227.02057305635196,2021-07-05,2024-12-23,2024-12-30,2025-03-24,182
7,APS-001,ECOM,2024-12-30,414.39295735017,HW_Damped_Add,303.5363150576512,2021-07-05,2024-12-23,2024-12-30,2025-03-24,182
7,APS-001,ECOM,2025-01-06,441.0005520246796,HW_Damped_Add,347.59725193161694,2021-07-05,2024-12-23,2024-12-30,2025-03-24,182
7,APS-001,ECOM,2025-01-13,432.6158292436902,HW_Damped_Add,418.2276828044277,2021-07-05,2024-12-23,2024-12-30,2025-03-24,182
7,APS-001,ECOM,2025-01-20,483.2609546021481,HW_Damped_Add,374.6031543906387,2021-07-05,2024-12-23,2024-12-30,2025-03-24,182
7,APS-001,ECOM,2025-01-27,411.90651719181614,HW_Damped_Add,331.47718127077195,2021-07-05,2024-12-23,2024-12-30,2025-03-24,182
7,APS-001,ECOM,2025-02-03,432.2373553699488,HW_Damped_Add,332.2911290175305,2021-07-05,2024-12-23,2024-12-30,2025-03-24,182
7,APS-001,ECOM,2025-02-10,410.2272351656226,HW_Damped_Add,346.2945637694604,2021-07-05,2024-12-23,2024-12-30,2025-03-24,182
7,APS-001,ECOM,2025-02-17,378.26380226030267,HW_Damped_Add,316.04594869293624,2021-07-05,2024-12-23,2024-12-30,2025-03-24,182
7,APS-001,ECOM,2025-02-24,336.14785302271,HW_Damped_Add,320.51656329406813,2021-07-05,2024-12-23,2024-12-30,2025-03-24,182
7,APS-001,ECOM,2025-03-03,295.44127107526543,HW_Damped_Add,285.9749699865536,2021-07-05,2024-12-23,2024-12-30,2025-03-24,182
7,APS-001,ECOM,2025-03-10,277.75,HW_Damped_Add,252.5403953296715,2021-07-05,2024-12-23,2024-12-30,2025-03-24,182
7,APS-001,ECOM,2025-03-17,250.0,HW_Damped_Add,254.21076183660952,2021-07-05,2024-12-23,2024-12-30,2025-03-24,182
7,APS-001,ECOM,2025-03-24,236.621523849313,HW_Damped_Add,239.25993595148387,2021-07-05,2024-12-23,2024-12-30,2025-03-24,182
7,APS-001,ECOM,2024-12-30,414.39295735017,HW_Damped_Mul,300.36603643226476,2021-07-05,2024-12-23,2024-12-30,2025-03-24,182
7,APS-001,ECOM,2025-01-06,441.0005520246796,HW_Damped_Mul,352.74823626891555,2021-07-05,2024-12-23,2024-12-30,2025-03-24,182
7,APS-001,ECOM,2025-01-13,432.6158292436902,HW_Damped_Mul,435.09495750460565,2021-07-05,2024-12-23,2024-12-30,2025-03-24,182
7,APS-001,ECOM,2025-01-20,483.2609546021481,HW_Damped_Mul,383.4203068013394,2021-07-05,2024-12-23,2024-12-30,2025-03-24,182
7,APS-001,ECOM,2025-01-27,411.90651719181614,HW_Damped_Mul,334.41716513865936,2021-07-05,2024-12-23,2024-12-30,2025-03-24,182
7,APS-001,ECOM,2025-02-03,432.2373553699488,HW_Damped_Mul,337.1227417855482,2021-07-05,2024-12-23,2024-12-30,2025-03-24,182
7,APS-001,ECOM,2025-02-10,410.2272351656226,HW_Damped_Mul,354.0444706923699,2021-07-05,2024-12-23,2024-12-30,2025-03-24,182
7,APS-001,ECOM,2025-02-17,378.26380226030267,HW_Damped_Mul,318.6379129294957,2021-07-05,2024-12-23,2024-12-30,2025-03-24,182
7,APS-001,ECOM,2025-02-24,336.14785302271,HW_Damped_Mul,324.5528693140579,2021-07-05,2024-12-23,2024-12-30,2025-03-24,182
7,APS-001,ECOM,2025-03-03,295.44127107526543,HW_Damped_Mul,284.6466067750715,2021-07-05,2024-12-23,2024-12-30,2025-03-24,182
7,APS-001,ECOM,2025-03-10,277.75,HW_Damped_Mul,246.4443198260619,2021-07-05,2024-12-23,2024-12-30,2025-03-24,182
7,APS-001,ECOM,2025-03-17,250.0,HW_Damped_Mul,248.84704167181252,2021-07-05,2024-12-23,2024-12-30,2025-03-24,182
7,APS-001,ECOM,2025-03-24,236.621523849313,HW_Damped_Mul,231.44378737310674,2021-07-05,2024-12-23,2024-12-30,2025-03-24,182
8,APS-001,ECOM,2025-03-31,210.4492349758276,HW_Add_Add,246.02222729748667,2021-07-05,2025-03-24,2025-03-31,2025-06-23,195
8,APS-001,ECOM,2025-04-07,204.5,HW_Add_Add,231.32101697276067,2021-07-05,2025-03-24,2025-03-31,2025-06-23,195
8,APS-001,ECOM,2025-04-14,202.5,HW_Add_Add,226.21321013092373,2021-07-05,2025-03-24,2025-03-31,2025-06-23,195
8,APS-001,ECOM,2025-04-21,173.60939484050357,HW_Add_Add,206.59381814432973,2021-07-05,2025-03-24,2025-03-31,2025-06-23,195
8,APS-001,ECOM,2025-04-28,162.0,HW_Add_Add,220.6271893589688,2021-07-05,2025-03-24,2025-03-31,2025-06-23,195
8,APS-001,ECOM,2025-05-05,166.0,HW_Add_Add,206.619433625537,2021-07-05,2025-03-24,2025-03-31,2025-06-23,195
8,APS-001,ECOM,2025-05-12,186.52713983495588,HW_Add_Add,201.950966512823,2021-07-05,2025-03-24,2025-03-31,2025-06-23,195
8,APS-001,ECOM,2025-05-19,160.0,HW_Add_Add,192.94952350683724,2021-07-05,2025-03-24,2025-03-31,2025-06-23,195
8,APS-001,ECOM,2025-05-26,145.0,HW_Add_Add,202.28374909057325,2021-07-05,2025-03-24,2025-03-31,2025-06-23,195
8,APS-001,ECOM,2025-06-02,137.39008545760026,HW_Add_Add,171.6222372062914,2021-07-05,2025-03-24,2025-03-31,2025-06-23,195
8,APS-001,ECOM,2025-06-09,136.0,HW_Add_Add,176.29736196100814,2021-07-05,2025-03-24,2025-03-31,2025-06-23,195
8,APS-001,ECOM,2025-06-16,128.0,HW_Add_Add,175.3049387421458,2021-07-05,2025-03-24,2025-03-31,2025-06-23,195
8,APS-001,ECOM,2025-06-23,120.0,HW_Add_Add,168.64616519398453,2021-07-05,2025-03-24,2025-03-31,2025-06-23,195
8,APS-001,ECOM,2025-03-31,210.4492349758276,HW_Damped_Add,244.4595434330328,2021-07-05,2025-03-24,2025-03-31,2025-06-23,195
8,APS-001,ECOM,2025-04-07,204.5,HW_Damped_Add,229.56432845633546,2021-07-05,2025-03-24,2025-03-31,2025-06-23,195
8,APS-001,ECOM,2025-04-14,202.5,HW_Damped_Add,224.29173361913354,2021-07-05,2025-03-24,2025-03-31,2025-06-23,195
8,APS-001,ECOM,2025-04-21,173.60939484050357,HW_Damped_Add,204.37304701859995,2021-07-05,2025-03-24,2025-03-31,2025-06-23,195
8,APS-001,ECOM,2025-04-28,162.0,HW_Damped_Add,218.17200211786889,2021-07-05,2025-03-24,2025-03-31,2025-06-23,195
8,APS-001,ECOM,2025-05-05,166.0,HW_Damped_Add,204.00655325785007,2021-07-05,2025-03-24,2025-03-31,2025-06-23,195
8,APS-001,ECOM,2025-05-12,186.52713983495588,HW_Damped_Add,199.0254129857999,2021-07-05,2025-03-24,2025-03-31,2025-06-23,195
8,APS-001,ECOM,2025-05-19,160.0,HW_Damped_Add,189.86593419359363,2021-07-05,2025-03-24,2025-03-31,2025-06-23,195
8,APS-001,ECOM,2025-05-26,145.0,HW_Damped_Add,198.90300690902302,2021-07-05,2025-03-24,2025-03-31,2025-06-23,195
8,APS-001,ECOM,2025-06-02,137.39008545760026,HW_Damped_Add,168.00639145488066,2021-07-05,2025-03-24,2025-03-31,2025-06-23,195
8,APS-001,ECOM,2025-06-09,136.0,HW_Damped_Add,172.50484404536866,2021-07-05,2025-03-24,2025-03-31,2025-06-23,195
8,APS-001,ECOM,2025-06-16,128.0,HW_Damped_Add,171.28570467519083,2021-07-05,2025-03-24,2025-03-31,2025-06-23,195
8,APS-001,ECOM,2025-06-23,120.0,HW_Damped_Add,164.37074447655982,2021-07-05,2025-03-24,2025-03-31,2025-06-23,195
8,APS-001,ECOM,2025-03-31,210.4492349758276,HW_Damped_Mul,231.71403397891876,2021-07-05,2025-03-24,2025-03-31,2025-06-23,195
8,APS-001,ECOM,2025-04-07,204.5,HW_Damped_Mul,213.1892204802662,2021-07-05,2025-03-24,2025-03-31,2025-06-23,195
8,APS-001,ECOM,2025-04-14,202.5,HW_Damped_Mul,206.64663434196552,2021-07-05,2025-03-24,2025-03-31,2025-06-23,195
8,APS-001,ECOM,2025-04-21,173.60939484050357,HW_Damped_Mul,181.90419343777526,2021-07-05,2025-03-24,2025-03-31,2025-06-23,195
8,APS-001,ECOM,2025-04-28,162.0,HW_Damped_Mul,200.13156155773817,2021-07-05,2025-03-24,2025-03-31,2025-06-23,195
8,APS-001,ECOM,2025-05-05,166.0,HW_Damped_Mul,181.44069294719222,2021-07-05,2025-03-24,2025-03-31,2025-06-23,195
8,APS-001,ECOM,2025-05-12,186.52713983495588,HW_Damped_Mul,176.3400613776363,2021-07-05,2025-03-24,2025-03-31,2025-06-23,195
8,APS-001,ECOM,2025-05-19,160.0,HW_Damped_Mul,163.2287864147207,2021-07-05,2025-03-24,2025-03-31,2025-06-23,195
8,APS-001,ECOM,2025-05-26,145.0,HW_Damped_Mul,175.4723537504408,2021-07-05,2025-03-24,2025-03-31,2025-06-23,195
8,APS-001,ECOM,2025-06-02,137.39008545760026,HW_Damped_Mul,136.5649373760165,2021-07-05,2025-03-24,2025-03-31,2025-06-23,195
8,APS-001,ECOM,2025-06-09,136.0,HW_Damped_Mul,140.62586735024496,2021-07-05,2025-03-24,2025-03-31,2025-06-23,195
8,APS-001,ECOM,2025-06-16,128.0,HW_Damped_Mul,139.17192599147563,2021-07-05,2025-03-24,2025-03-31,2025-06-23,195
8,APS-001,ECOM,2025-06-23,120.0,HW_Damped_Mul,131.13202810752662,2021-07-05,2025-03-24,2025-03-31,2025-06-23,195
9,APS-001,ECOM,2025-06-30,145.0,HW_Add_Add,125.8285697644675,2021-07-05,2025-06-23,2025-06-30,2025-09-22,208
9,APS-001,ECOM,2025-07-07,131.0,HW_Add_Add,131.06720649042586,2021-07-05,2025-06-23,2025-06-30,2025-09-22,208
9,APS-001,ECOM,2025-07-14,128.0,HW_Add_Add,133.29568834823073,2021-07-05,2025-06-23,2025-06-30,2025-09-22,208
9,APS-001,ECOM,2025-07-21,137.0,HW_Add_Add,137.54702332563846,2021-07-05,2025-06-23,2025-06-30,2025-09-22,208
9,APS-001,ECOM,2025-07-28,125.0,HW_Add_Add,149.28921400007087,2021-07-05,2025-06-23,2025-06-30,2025-09-22,208
9,APS-001,ECOM,2025-08-04,152.0,HW_Add_Add,150.04149838841425,2021-07-05,2025-06-23,2025-06-30,2025-09-22,208
9,APS-001,ECOM,2025-08-11,157.0,HW_Add_Add,154.27781156248616,2021-07-05,2025-06-23,2025-06-30,2025-09-22,208
9,APS-001,ECOM,2025-08-18,161.0,HW_Add_Add,149.28459817851376,2021-07-05,2025-06-23,2025-06-30,2025-09-22,208
9,APS-001,ECOM,2025-08-25,159.0,HW_Add_Add,150.04571934631198,2021-07-05,2025-06-23,2025-06-30,2025-09-22,208
9,APS-001,ECOM,2025-09-01,222.0,HW_Add_Add,224.31722736317283,2021-07-05,2025-06-23,2025-06-30,2025-09-22,208
9,APS-001,ECOM,2025-09-08,238.0,HW_Add_Add,217.0737329228194,2021-07-05,2025-06-23,2025-06-30,2025-09-22,208
9,APS-001,ECOM,2025-09-15,230.0,HW_Add_Add,220.83510410077463,2021-07-05,2025-06-23,2025-06-30,2025-09-22,208
9,APS-001,ECOM,2025-09-22,233.0,HW_Add_Add,211.3693161399641,2021-07-05,2025-06-23,2025-06-30,2025-09-22,208
9,APS-001,ECOM,2025-06-30,145.0,HW_Damped_Add,125.75840692752261,2021-07-05,2025-06-23,2025-06-30,2025-09-22,208
9,APS-001,ECOM,2025-07-07,131.0,HW_Damped_Add,130.93429837078622,2021-07-05,2025-06-23,2025-06-30,2025-09-22,208
9,APS-001,ECOM,2025-07-14,128.0,HW_Damped_Add,133.1006306843293,2021-07-05,2025-06-23,2025-06-30,2025-09-22,208
9,APS-001,ECOM,2025-07-21,137.0,HW_Damped_Add,137.22932732245883,2021-07-05,2025-06-23,2025-06-30,2025-09-22,208
9,APS-001,ECOM,2025-07-28,125.0,HW_Damped_Add,148.8658275816843,2021-07-05,2025-06-23,2025-06-30,2025-09-22,208
9,APS-001,ECOM,2025-08-04,152.0,HW_Damped_Add,149.4977789848366,2021-07-05,2025-06-23,2025-06-30,2025-09-22,208
9,APS-001,ECOM,2025-08-11,157.0,HW_Damped_Add,153.65251950467464,2021-07-05,2025-06-23,2025-06-30,2025-09-22,208
9,APS-001,ECOM,2025-08-18,161.0,HW_Damped_Add,148.54031365590942,2021-07-05,2025-06-23,2025-06-30,2025-09-22,208
9,APS-001,ECOM,2025-08-25,159.0,HW_Damped_Add,149.17507854473735,2021-07-05,2025-06-23,2025-06-30,2025-09-22,208
9,APS-001,ECOM,2025-09-01,222.0,HW_Damped_Add,223.31232173876828,2021-07-05,2025-06-23,2025-06-30,2025-09-22,208
9,APS-001,ECOM,2025-09-08,238.0,HW_Damped_Add,215.97900562016747,2021-07-05,2025-06-23,2025-06-30,2025-09-22,208
9,APS-001,ECOM,2025-09-15,230.0,HW_Damped_Add,219.65415559362646,2021-07-05,2025-06-23,2025-06-30,2025-09-22,208
9,APS-001,ECOM,2025-09-22,233.0,HW_Damped_Add,210.05497247983473,2021-07-05,2025-06-23,2025-06-30,2025-09-22,208
9,APS-001,ECOM,2025-06-30,145.0,HW_Damped_Mul,119.77881841579647,2021-07-05,2025-06-23,2025-06-30,2025-09-22,208
9,APS-001,ECOM,2025-07-07,131.0,HW_Damped_Mul,125.68308176191529,2021-07-05,2025-06-23,2025-06-30,2025-09-22,208
9,APS-001,ECOM,2025-07-14,128.0,HW_Damped_Mul,128.23144352105683,2021-07-05,2025-06-23,2025-06-30,2025-09-22,208
9,APS-001,ECOM,2025-07-21,137.0,HW_Damped_Mul,133.27548309490092,2021-07-05,2025-06-23,2025-06-30,2025-09-22,208
9,APS-001,ECOM,2025-07-28,125.0,HW_Damped_Mul,145.4422008336848,2021-07-05,2025-06-23,2025-06-30,2025-09-22,208
9,APS-001,ECOM,2025-08-04,152.0,HW_Damped_Mul,146.91129500789177,2021-07-05,2025-06-23,2025-06-30,2025-09-22,208
9,APS-001,ECOM,2025-08-11,157.0,HW_Damped_Mul,151.54954695476667,2021-07-05,2025-06-23,2025-06-30,2025-09-22,208
9,APS-001,ECOM,2025-08-18,161.0,HW_Damped_Mul,145.76782252155192,2021-07-05,2025-06-23,2025-06-30,2025-09-22,208
9,APS-001,ECOM,2025-08-25,159.0,HW_Damped_Mul,146.0245020079358,2021-07-05,2025-06-23,2025-06-30,2025-09-22,208
9,APS-001,ECOM,2025-09-01,222.0,HW_Damped_Mul,229.6725214907778,2021-07-05,2025-06-23,2025-06-30,2025-09-22,208
9,APS-001,ECOM,2025-09-08,238.0,HW_Damped_Mul,221.78110777138548,2021-07-05,2025-06-23,2025-06-30,2025-09-22,208
9,APS-001,ECOM,2025-09-15,230.0,HW_Damped_Mul,226.14509800945774,2021-07-05,2025-06-23,2025-06-30,2025-09-22,208
9,APS-001,ECOM,2025-09-22,233.0,HW_Damped_Mul,215.88078580763965,2021-07-05,2025-06-23,2025-06-30,2025-09-22,208
10,APS-001,ECOM,2025-09-29,207.0,HW_Add_Add,282.62914724774885,2021-07-05,2025-09-22,2025-09-29,2025-12-22,221
10,APS-001,ECOM,2025-10-06,338.0,HW_Add_Add,305.6286487025674,2021-07-05,2025-09-22,2025-09-29,2025-12-22,221
10,APS-001,ECOM,2025-10-13,331.0,HW_Add_Add,298.12470138533223,2021-07-05,2025-09-22,2025-09-29,2025-12-22,221
10,APS-001,ECOM,2025-10-20,348.0,HW_Add_Add,313.116491602921,2021-07-05,2025-09-22,2025-09-29,2025-12-22,221
10,APS-001,ECOM,2025-10-27,285.0,HW_Add_Add,325.10750276671206,2021-07-05,2025-09-22,2025-09-29,2025-12-22,221
10,APS-001,ECOM,2025-11-03,336.0,HW_Add_Add,361.6008606209213,2021-07-05,2025-09-22,2025-09-29,2025-12-22,221
10,APS-001,ECOM,2025-11-10,409.0,HW_Add_Add,394.35191853804486,2021-07-05,2025-09-22,2025-09-29,2025-12-22,221
10,APS-001,ECOM,2025-11-17,367.0,HW_Add_Add,367.2743131606702,2021-07-05,2025-09-22,2025-09-29,2025-12-22,221
10,APS-001,ECOM,2025-11-24,470.0,HW_Add_Add,423.3661508928671,2021-07-05,2025-09-22,2025-09-29,2025-12-22,221
10,APS-001,ECOM,2025-12-01,494.0,HW_Add_Add,417.1358731207755,2021-07-05,2025-09-22,2025-09-29,2025-12-22,221
10,APS-001,ECOM,2025-12-08,473.0,HW_Add_Add,402.5110654416756,2021-07-05,2025-09-22,2025-09-29,2025-12-22,221
10,APS-001,ECOM,2025-12-15,446.7720720898293,HW_Add_Add,386.575470144032,2021-07-05,2025-09-22,2025-09-29,2025-12-22,221
10,APS-001,ECOM,2025-12-22,407.9829882839476,HW_Add_Add,389.863335408352,2021-07-05,2025-09-22,2025-09-29,2025-12-22,221
10,APS-001,ECOM,2025-09-29,207.0,HW_Damped_Add,282.1100153409407,2021-07-05,2025-09-22,2025-09-29,2025-12-22,221
10,APS-001,ECOM,2025-10-06,338.0,HW_Damped_Add,304.9499918658477,2021-07-05,2025-09-22,2025-09-29,2025-12-22,221
10,APS-001,ECOM,2025-10-13,331.0,HW_Damped_Add,297.2750257709699,2021-07-05,2025-09-22,2025-09-29,2025-12-22,221
10,APS-001,ECOM,2025-10-20,348.0,HW_Damped_Add,312.06396554653696,2021-07-05,2025-09-22,2025-09-29,2025-12-22,221
10,APS-001,ECOM,2025-10-27,285.0,HW_Damped_Add,323.8140012760465,2021-07-05,2025-09-22,2025-09-29,2025-12-22,221
10,APS-001,ECOM,2025-11-03,336.0,HW_Damped_Add,360.081622214489,2021-07-05,2025-09-22,2025-09-29,2025-12-22,221
10,APS-001,ECOM,2025-11-10,409.0,HW_Damped_Add,392.5775470349247,2021-07-05,2025-09-22,2025-09-29,2025-12-22,221
10,APS-001,ECOM,2025-11-17,367.0,HW_Damped_Add,365.275691918338,2021-07-05,2025-09-22,2025-09-29,2025-12-22,221
10,APS-001,ECOM,2025-11-24,470.0,HW_Damped_Add,421.18937991614433,2021-07-05,2025-09-22,2025-09-29,2025-12-22,221
10,APS-001,ECOM,2025-12-01,494.0,HW_Damped_Add,414.79505945024675,2021-07-05,2025-09-22,2025-09-29,2025-12-22,221
10,APS-001,ECOM,2025-12-08,473.0,HW_Damped_Add,399.97971139826944,2021-07-05,2025-09-22,2025-09-29,2025-12-22,221
10,APS-001,ECOM,2025-12-15,446.7720720898293,HW_Damped_Add,383.86199474668945,2021-07-05,2025-09-22,2025-09-29,2025-12-22,221
10,APS-001,ECOM,2025-12-22,407.9829882839476,HW_Damped_Add,386.9993434435064,2021-07-05,2025-09-22,2025-09-29,2025-12-22,221
10,APS-001,ECOM,2025-09-29,207.0,HW_Damped_Mul,292.1408187118961,2021-07-05,2025-09-22,2025-09-29,2025-12-22,221
10,APS-001,ECOM,2025-10-06,338.0,HW_Damped_Mul,320.60517702800166,2021-07-05,2025-09-22,2025-09-29,2025-12-22,221
10,APS-001,ECOM,2025-10-13,331.0,HW_Damped_Mul,311.1098862222523,2021-07-05,2025-09-22,2025-09-29,2025-12-22,221
10,APS-001,ECOM,2025-10-20,348.0,HW_Damped_Mul,330.3995228955685,2021-07-05,2025-09-22,2025-09-29,2025-12-22,221
10,APS-001,ECOM,2025-10-27,285.0,HW_Damped_Mul,341.3718363680197,2021-07-05,2025-09-22,2025-09-29,2025-12-22,221
10,APS-001,ECOM,2025-11-03,336.0,HW_Damped_Mul,387.72614419036296,2021-07-05,2025-09-22,2025-09-29,2025-12-22,221
10,APS-001,ECOM,2025-11-10,409.0,HW_Damped_Mul,422.3529178771008,2021-07-05,2025-09-22,2025-09-29,2025-12-22,221
10,APS-001,ECOM,2025-11-17,367.0,HW_Damped_Mul,392.9402866278551,2021-07-05,2025-09-22,2025-09-29,2025-12-22,221
10,APS-001,ECOM,2025-11-24,470.0,HW_Damped_Mul,457.8305863086474,2021-07-05,2025-09-22,2025-09-29,2025-12-22,221
10,APS-001,ECOM,2025-12-01,494.0,HW_Damped_Mul,451.1572261602284,2021-07-05,2025-09-22,2025-09-29,2025-12-22,221
10,APS-001,ECOM,2025-12-08,473.0,HW_Damped_Mul,434.67104941758475,2021-07-05,2025-09-22,2025-09-29,2025-12-22,221
10,APS-001,ECOM,2025-12-15,446.7720720898293,HW_Damped_Mul,414.036841242992,2021-07-05,2025-09-22,2025-09-29,2025-12-22,221
10,APS-001,ECOM,2025-12-22,407.9829882839476,HW_Damped_Mul,418.32590209416054,2021-07-05,2025-09-22,2025-09-29,2025-12-22,221
11,APS-001,ECOM,2025-12-29,413.1410583773791,HW_Add_Add,372.31769291170275,2021-07-05,2025-12-22,2025-12-29,2026-03-23,234
11,APS-001,ECOM,2026-01-05,347.8626345028023,HW_Add_Add,412.4688021552786,2021-07-05,2025-12-22,2025-12-29,2026-03-23,234
11,APS-001,ECOM,2026-01-12,366.6013236261215,HW_Add_Add,463.7304180281872,2021-07-05,2025-12-22,2025-12-29,2026-03-23,234
11,APS-001,ECOM,2026-01-19,408.2005318404603,HW_Add_Add,443.3091335852962,2021-07-05,2025-12-22,2025-12-29,2026-03-23,234
11,APS-001,ECOM,2026-01-26,384.86798457967086,HW_Add_Add,393.1250964712126,2021-07-05,2025-12-22,2025-12-29,2026-03-23,234
11,APS-001,ECOM,2026-02-02,334.1492272482536,HW_Add_Add,399.070252586011,2021-07-05,2025-12-22,2025-12-29,2026-03-23,234
11,APS-001,ECOM,2026-02-09,400.95630701893214,HW_Add_Add,404.24904819547345,2021-07-05,2025-12-22,2025-12-29,2026-03-23,234
11,APS-001,ECOM,2026-02-16,337.77046839080253,HW_Add_Add,373.46593853235913,2021-07-05,2025-12-22,2025-12-29,2026-03-23,234
11,APS-001,ECOM,2026-02-23,406.0,HW_Add_Add,366.45152201791734,2021-07-05,2025-12-22,2025-12-29,2026-03-23,234
11,APS-001,ECOM,2026-03-02,317.1995073553593,HW_Add_Add,330.42342211111657,2021-07-05,2025-12-22,2025-12-29,2026-03-23,234
11,APS-001,ECOM,2026-03-09,284.75447428492544,HW_Add_Add,300.96361181951715,2021-07-05,2025-12-22,2025-12-29,2026-03-23,234
11,APS-001,ECOM,2026-03-16,295.5893666219314,HW_Add_Add,295.37704134341703,2021-07-05,2025-12-22,2025-12-29,2026-03-23,234
11,APS-001,ECOM,2026-03-23,273.51474565576723,HW_Add_Add,280.8072497508162,2021-07-05,2025-12-22,2025-12-29,2026-03-23,234
11,APS-001,ECOM,2025-12-29,413.1410583773791,HW_Damped_Add,371.07974114978964,2021-07-05,2025-12-22,2025-12-29,2026-03-23,234
11,APS-001,ECOM,2026-01-05,347.8626345028023,HW_Damped_Add,410.642309005402,2021-07-05,2025-12-22,2025-12-29,2026-03-23,234
11,APS-001,ECOM,2026-01-12,366.6013236261215,HW_Damped_Add,461.02697160548087,2021-07-05,2025-12-22,2025-12-29,2026-03-23,234
11,APS-001,ECOM,2026-01-19,408.2005318404603,HW_Damped_Add,440.8484745671297,2021-07-05,2025-12-22,2025-12-29,2026-03-23,234
11,APS-001,ECOM,2026-01-26,384.86798457967086,HW_Damped_Add,390.18638971014514,2021-07-05,2025-12-22,2025-12-29,2026-03-23,234
11,APS-001,ECOM,2026-02-02,334.1492272482536,HW_Damped_Add,396.04722526665466,2021-07-05,2025-12-22,2025-12-29,2026-03-23,234
11,APS-001,ECOM,2026-02-09,400.95630701893214,HW_Damped_Add,400.8753831088361,2021-07-05,2025-12-22,2025-12-29,2026-03-23,234
11,APS-001,ECOM,2026-02-16,337.77046839080253,HW_Damped_Add,370.00444960825786,2021-07-05,2025-12-22,2025-12-29,2026-03-23,234
11,APS-001,ECOM,2026-02-23,406.0,HW_Damped_Add,362.5978605494903,2021-07-05,2025-12-22,2025-12-29,2026-03-23,234
11,APS-001,ECOM,2026-03-02,317.1995073553593,HW_Damped_Add,326.34806060183456,2021-07-05,2025-12-22,2025-12-29,2026-03-23,234
11,APS-001,ECOM,2026-03-09,284.75447428492544,HW_Damped_Add,296.70878895623235,2021-07-05,2025-12-22,2025-12-29,2026-03-23,234
11,APS-001,ECOM,2026-03-16,295.5893666219314,HW_Damped_Add,290.5860169706574,2021-07-05,2025-12-22,2025-12-29,2026-03-23,234
11,APS-001,ECOM,2026-03-23,273.51474565576723,HW_Damped_Add,275.614261711346,2021-07-05,2025-12-22,2025-12-29,2026-03-23,234
11,APS-001,ECOM,2025-12-29,413.1410583773791,HW_Damped_Mul,358.4178808747028,2021-07-05,2025-12-22,2025-12-29,2026-03-23,234
11,APS-001,ECOM,2026-01-05,347.8626345028023,HW_Damped_Mul,407.1624277378322,2021-07-05,2025-12-22,2025-12-29,2026-03-23,234
11,APS-001,ECOM,2026-01-12,366.6013236261215,HW_Damped_Mul,465.13321620504723,2021-07-05,2025-12-22,2025-12-29,2026-03-23,234
11,APS-001,ECOM,2026-01-19,408.2005318404603,HW_Damped_Mul,444.01995350720364,2021-07-05,2025-12-22,2025-12-29,2026-03-23,234
11,APS-001,ECOM,2026-01-26,384.86798457967086,HW_Damped_Mul,384.43539137639806,2021-07-05,2025-12-22,2025-12-29,2026-03-23,234
11,APS-001,ECOM,2026-02-02,334.1492272482536,HW_Damped_Mul,393.95601950889386,2021-07-05,2025-12-22,2025-12-29,2026-03-23,234
11,APS-001,ECOM,2026-02-09,400.95630701893214,HW_Damped_Mul,398.25673040348715,2021-07-05,2025-12-22,2025-12-29,2026-03-23,234
11,APS-001,ECOM,2026-02-16,337.77046839080253,HW_Damped_Mul,361.5238507454863,2021-07-05,2025-12-22,2025-12-29,2026-03-23,234
11,APS-001,ECOM,2026-02-23,406.0,HW_Damped_Mul,350.4617726538778,2021-07-05,2025-12-22,2025-12-29,2026-03-23,234
11,APS-001,ECOM,2026-03-02,317.1995073553593,HW_Damped_Mul,306.9695009571372,2021-07-05,2025-12-22,2025-12-29,2026-03-23,234
11,APS-001,ECOM,2026-03-09,284.75447428492544,HW_Damped_Mul,273.7409485613524,2021-07-05,2025-12-22,2025-12-29,2026-03-23,234
11,APS-001,ECOM,2026-03-16,295.5893666219314,HW_Damped_Mul,265.5722857130474,2021-07-05,2025-12-22,2025-12-29,2026-03-23,234
11,APS-001,ECOM,2026-03-23,273.51474565576723,HW_Damped_Mul,248.59018469761338,2021-07-05,2025-12-22,2025-12-29,2026-03-23,234
12,APS-001,ECOM,2026-03-30,241.7672714141635,HW_Add_Add,252.02164010879605,2021-07-05,2026-03-23,2026-03-30,2026-06-22,247
12,APS-001,ECOM,2026-04-06,217.0,HW_Add_Add,239.51208688316672,2021-07-05,2026-03-23,2026-03-30,2026-06-22,247
12,APS-001,ECOM,2026-04-13,193.0,HW_Add_Add,235.1890070117928,2021-07-05,2026-03-23,2026-03-30,2026-06-22,247
12,APS-001,ECOM,2026-04-20,189.0,HW_Add_Add,213.2737217329788,2021-07-05,2026-03-23,2026-03-30,2026-06-22,247
12,APS-001,ECOM,2026-04-27,188.1669818892873,HW_Add_Add,220.94973463509808,2021-07-05,2026-03-23,2026-03-30,2026-06-22,247
12,APS-001,ECOM,2026-05-04,164.0,HW_Add_Add,211.41483954205725,2021-07-05,2026-03-23,2026-03-30,2026-06-22,247
12,APS-001,ECOM,2026-05-11,161.0,HW_Add_Add,212.99708662070714,2021-07-05,2026-03-23,2026-03-30,2026-06-22,247
12,APS-001,ECOM,2026-05-18,154.0,HW_Add_Add,199.64350901570646,2021-07-05,2026-03-23,2026-03-30,2026-06-22,247
12,APS-001,ECOM,2026-05-25,234.0,HW_Add_Add,202.93126223099452,2021-07-05,2026-03-23,2026-03-30,2026-06-22,247
12,APS-001,ECOM,2026-06-01,133.0,HW_Add_Add,177.97145383737717,2021-07-05,2026-03-23,2026-03-30,2026-06-22,247
12,APS-001,ECOM,2026-06-08,130.0,HW_Add_Add,181.1308901747455,2021-07-05,2026-03-23,2026-03-30,2026-06-22,247
12,APS-001,ECOM,2026-06-15,160.0,HW_Add_Add,178.39396065487722,2021-07-05,2026-03-23,2026-03-30,2026-06-22,247
12,APS-001,ECOM,2026-06-22,133.0,HW_Add_Add,171.3969973868011,2021-07-05,2026-03-23,2026-03-30,2026-06-22,247
12,APS-001,ECOM,2026-03-30,241.7672714141635,HW_Damped_Add,250.81510492337816,2021-07-05,2026-03-23,2026-03-30,2026-06-22,247
12,APS-001,ECOM,2026-04-06,217.0,HW_Damped_Add,238.00104622432195,2021-07-05,2026-03-23,2026-03-30,2026-06-22,247
12,APS-001,ECOM,2026-04-13,193.0,HW_Damped_Add,233.32028858374832,2021-07-05,2026-03-23,2026-03-30,2026-06-22,247
12,APS-001,ECOM,2026-04-20,189.0,HW_Damped_Add,210.96299138891317,2021-07-05,2026-03-23,2026-03-30,2026-06-22,247
12,APS-001,ECOM,2026-04-27,188.1669818892873,HW_Damped_Add,218.09559095117896,2021-07-05,2026-03-23,2026-03-30,2026-06-22,247
12,APS-001,ECOM,2026-05-04,164.0,HW_Damped_Add,208.24009448311816,2021-07-05,2026-03-23,2026-03-30,2026-06-22,247
12,APS-001,ECOM,2026-05-11,161.0,HW_Damped_Add,209.53749830149997,2021-07-05,2026-03-23,2026-03-30,2026-06-22,247
12,APS-001,ECOM,2026-05-18,154.0,HW_Damped_Add,195.672175687037,2021-07-05,2026-03-23,2026-03-30,2026-06-22,247
12,APS-001,ECOM,2026-05-25,234.0,HW_Damped_Add,198.42576381407736,2021-07-05,2026-03-23,2026-03-30,2026-06-22,247
12,APS-001,ECOM,2026-06-01,133.0,HW_Damped_Add,173.20508878504958,2021-07-05,2026-03-23,2026-03-30,2026-06-22,247
12,APS-001,ECOM,2026-06-08,130.0,HW_Damped_Add,175.95548294177848,2021-07-05,2026-03-23,2026-03-30,2026-06-22,247
12,APS-001,ECOM,2026-06-15,160.0,HW_Damped_Add,172.7956303324588,2021-07-05,2026-03-23,2026-03-30,2026-06-22,247
12,APS-001,ECOM,2026-06-22,133.0,HW_Damped_Add,165.4104036450966,2021-07-05,2026-03-23,2026-03-30,2026-06-22,247
12,APS-001,ECOM,2026-03-30,241.7672714141635,HW_Damped_Mul,229.80756544847745,2021-07-05,2026-03-23,2026-03-30,2026-06-22,247
12,APS-001,ECOM,2026-04-06,217.0,HW_Damped_Mul,215.26286512765589,2021-07-05,2026-03-23,2026-03-30,2026-06-22,247
12,APS-001,ECOM,2026-04-13,193.0,HW_Damped_Mul,210.10721053736154,2021-07-05,2026-03-23,2026-03-30,2026-06-22,247
12,APS-001,ECOM,2026-04-20,189.0,HW_Damped_Mul,183.20751150552243,2021-07-05,2026-03-23,2026-03-30,2026-06-22,247
12,APS-001,ECOM,2026-04-27,188.1669818892873,HW_Damped_Mul,191.38978789277073,2021-07-05,2026-03-23,2026-03-30,2026-06-22,247
12,APS-001,ECOM,2026-05-04,164.0,HW_Damped_Mul,180.20955278886603,2021-07-05,2026-03-23,2026-03-30,2026-06-22,247
12,APS-001,ECOM,2026-05-11,161.0,HW_Damped_Mul,183.7484830988653,2021-07-05,2026-03-23,2026-03-30,2026-06-22,247
12,APS-001,ECOM,2026-05-18,154.0,HW_Damped_Mul,165.68291315017697,2021-07-05,2026-03-23,2026-03-30,2026-06-22,247
12,APS-001,ECOM,2026-05-25,234.0,HW_Damped_Mul,168.7801071239657,2021-07-05,2026-03-23,2026-03-30,2026-06-22,247
12,APS-001,ECOM,2026-06-01,133.0,HW_Damped_Mul,139.5213223580939,2021-07-05,2026-03-23,2026-03-30,2026-06-22,247
12,APS-001,ECOM,2026-06-08,130.0,HW_Damped_Mul,141.89028199800228,2021-07-05,2026-03-23,2026-03-30,2026-06-22,247
12,APS-001,ECOM,2026-06-15,160.0,HW_Damped_Mul,138.09249134691186,2021-07-05,2026-03-23,2026-03-30,2026-06-22,247
12,APS-001,ECOM,2026-06-22,133.0,HW_Damped_Mul,129.72525083172732,2021-07-05,2026-03-23,2026-03-30,2026-06-22,247
1,APS-001,RETAIL,2023-07-03,81.0,HW_Add_Add,95.61022419054831,2021-07-05,2023-06-26,2023-07-03,2023-09-25,104
1,APS-001,RETAIL,2023-07-10,98.0,HW_Add_Add,100.09727243321034,2021-07-05,2023-06-26,2023-07-03,2023-09-25,104
1,APS-001,RETAIL,2023-07-17,74.0,HW_Add_Add,102.09430084846703,2021-07-05,2023-06-26,2023-07-03,2023-09-25,104
1,APS-001,RETAIL,2023-07-24,68.0,HW_Add_Add,96.09590320861514,2021-07-05,2023-06-26,2023-07-03,2023-09-25,104
1,APS-001,RETAIL,2023-07-31,93.0,HW_Add_Add,109.59847223622964,2021-07-05,2023-06-26,2023-07-03,2023-09-25,104
1,APS-001,RETAIL,2023-08-07,107.0,HW_Add_Add,113.1008268585053,2021-07-05,2023-06-26,2023-07-03,2023-09-25,104
1,APS-001,RETAIL,2023-08-14,106.0,HW_Add_Add,112.10096834737544,2021-07-05,2023-06-26,2023-07-03,2023-09-25,104
1,APS-001,RETAIL,2023-08-21,99.97934206044204,HW_Add_Add,121.10169819224078,2021-07-05,2023-06-26,2023-07-03,2023-09-25,104
1,APS-001,RETAIL,2023-08-28,94.49995045363504,HW_Add_Add,111.60149924605027,2021-07-05,2023-06-26,2023-07-03,2023-09-25,104
1,APS-001,RETAIL,2023-09-04,162.0,HW_Add_Add,144.6029503513175,2021-07-05,2023-06-26,2023-07-03,2023-09-25,104
1,APS-001,RETAIL,2023-09-11,155.0,HW_Add_Add,164.10363228048683,2021-07-05,2023-06-26,2023-07-03,2023-09-25,104
1,APS-001,RETAIL,2023-09-18,156.0,HW_Add_Add,173.10457058620116,2021-07-05,2023-06-26,2023-07-03,2023-09-25,104
1,APS-001,RETAIL,2023-09-25,145.0340967235131,HW_Add_Add,161.1037721668309,2021-07-05,2023-06-26,2023-07-03,2023-09-25,104
1,APS-001,RETAIL,2023-07-03,81.0,HW_Damped_Add,89.24341340628415,2021-07-05,2023-06-26,2023-07-03,2023-09-25,104
1,APS-001,RETAIL,2023-07-10,98.0,HW_Damped_Add,93.31839059360425,2021-07-05,2023-06-26,2023-07-03,2023-09-25,104
1,APS-001,RETAIL,2023-07-17,74.0,HW_Damped_Add,94.95130452986618,2021-07-05,2023-06-26,2023-07-03,2023-09-25,104
1,APS-001,RETAIL,2023-07-24,68.0,HW_Damped_Add,88.63403161420808,2021-07-05,2023-06-26,2023-07-03,2023-09-25,104
1,APS-001,RETAIL,2023-07-31,93.0,HW_Damped_Add,101.85781379341866,2021-07-05,2023-06-26,2023-07-03,2023-09-25,104
1,APS-001,RETAIL,2023-08-07,107.0,HW_Damped_Add,105.11097339053431,2021-07-05,2023-06-26,2023-07-03,2023-09-25,104
1,APS-001,RETAIL,2023-08-14,106.0,HW_Damped_Add,103.89245712024132,2021-07-05,2023-06-26,2023-07-03,2023-09-25,104
1,APS-001,RETAIL,2023-08-21,99.97934206044204,HW_Damped_Add,112.69249877550382,2021-07-05,2023-06-26,2023-07-03,2023-09-25,104
1,APS-001,RETAIL,2023-08-28,94.49995045363504,HW_Damped_Add,103.01149937936401,2021-07-05,2023-06-26,2023-07-03,2023-09-25,104
1,APS-001,RETAIL,2023-09-04,162.0,HW_Damped_Add,135.8405771569067,2021-07-05,2023-06-26,2023-07-03,2023-09-25,104
1,APS-001,RETAIL,2023-09-11,155.0,HW_Damped_Add,155.18286513295067,2021-07-05,2023-06-26,2023-07-03,2023-09-25,104
1,APS-001,RETAIL,2023-09-18,156.0,HW_Damped_Add,164.03091258751994,2021-07-05,2023-06-26,2023-07-03,2023-09-25,104
1,APS-001,RETAIL,2023-09-25,145.0340967235131,HW_Damped_Add,151.88608608822463,2021-07-05,2023-06-26,2023-07-03,2023-09-25,104
1,APS-001,RETAIL,2023-07-03,81.0,HW_Damped_Mul,86.94612036638439,2021-07-05,2023-06-26,2023-07-03,2023-09-25,104
1,APS-001,RETAIL,2023-07-10,98.0,HW_Damped_Mul,91.75688124515206,2021-07-05,2023-06-26,2023-07-03,2023-09-25,104
1,APS-001,RETAIL,2023-07-17,74.0,HW_Damped_Mul,93.38396231408394,2021-07-05,2023-06-26,2023-07-03,2023-09-25,104
1,APS-001,RETAIL,2023-07-24,68.0,HW_Damped_Mul,87.1588243913223,2021-07-05,2023-06-26,2023-07-03,2023-09-25,104
1,APS-001,RETAIL,2023-07-31,93.0,HW_Damped_Mul,102.73301342043136,2021-07-05,2023-06-26,2023-07-03,2023-09-25,104
1,APS-001,RETAIL,2023-08-07,107.0,HW_Damped_Mul,105.70999809266033,2021-07-05,2023-06-26,2023-07-03,2023-09-25,104
1,APS-001,RETAIL,2023-08-14,106.0,HW_Damped_Mul,104.81863508769607,2021-07-05,2023-06-26,2023-07-03,2023-09-25,104
1,APS-001,RETAIL,2023-08-21,99.97934206044204,HW_Damped_Mul,113.81161836163797,2021-07-05,2023-06-26,2023-07-03,2023-09-25,104
1,APS-001,RETAIL,2023-08-28,94.49995045363504,HW_Damped_Mul,103.69362739784277,2021-07-05,2023-06-26,2023-07-03,2023-09-25,104
1,APS-001,RETAIL,2023-09-04,162.0,HW_Damped_Mul,139.40386273954618,2021-07-05,2023-06-26,2023-07-03,2023-09-25,104
1,APS-001,RETAIL,2023-09-11,155.0,HW_Damped_Mul,161.85420127947907,2021-07-05,2023-06-26,2023-07-03,2023-09-25,104
1,APS-001,RETAIL,2023-09-18,156.0,HW_Damped_Mul,171.4476764561658,2021-07-05,2023-06-26,2023-07-03,2023-09-25,104
1,APS-001,RETAIL,2023-09-25,145.0340967235131,HW_Damped_Mul,158.30599945068647,2021-07-05,2023-06-26,2023-07-03,2023-09-25,104
2,APS-001,RETAIL,2023-10-02,219.0,HW_Add_Add,205.6824566632857,2021-07-05,2023-09-25,2023-10-02,2023-12-25,117
2,APS-001,RETAIL,2023-10-09,206.0,HW_Add_Add,206.18460599960358,2021-07-05,2023-09-25,2023-10-02,2023-12-25,117
2,APS-001,RETAIL,2023-10-16,192.0,HW_Add_Add,214.68334464124172,2021-07-05,2023-09-25,2023-10-02,2023-12-25,117
2,APS-001,RETAIL,2023-10-23,238.0,HW_Add_Add,221.6851996260674,2021-07-05,2023-09-25,2023-10-02,2023-12-25,117
2,APS-001,RETAIL,2023-10-30,221.0,HW_Add_Add,227.6818680580936,2021-07-05,2023-09-25,2023-10-02,2023-12-25,117
2,APS-001,RETAIL,2023-11-06,277.0,HW_Add_Add,244.18024722833172,2021-07-05,2023-09-25,2023-10-02,2023-12-25,117
2,APS-001,RETAIL,2023-11-13,224.0,HW_Add_Add,275.68069802154366,2021-07-05,2023-09-25,2023-10-02,2023-12-25,117
2,APS-001,RETAIL,2023-11-20,241.74523114631637,HW_Add_Add,256.6825296941406,2021-07-05,2023-09-25,2023-10-02,2023-12-25,117
2,APS-001,RETAIL,2023-11-27,315.0,HW_Add_Add,301.1843848432571,2021-07-05,2023-09-25,2023-10-02,2023-12-25,117
2,APS-001,RETAIL,2023-12-04,286.4107774646195,HW_Add_Add,270.68414153440983,2021-07-05,2023-09-25,2023-10-02,2023-12-25,117
2,APS-001,RETAIL,2023-12-11,280.4989683488152,HW_Add_Add,281.74644813495644,2021-07-05,2023-09-25,2023-10-02,2023-12-25,117
2,APS-001,RETAIL,2023-12-18,276.00210395959425,HW_Add_Add,318.89321697892296,2021-07-05,2023-09-25,2023-10-02,2023-12-25,117
2,APS-001,RETAIL,2023-12-25,267.06980492473457,HW_Add_Add,274.78270976218295,2021-07-05,2023-09-25,2023-10-02,2023-12-25,117
2,APS-001,RETAIL,2023-10-02,219.0,HW_Damped_Add,199.80964292193548,2021-07-05,2023-09-25,2023-10-02,2023-12-25,117
2,APS-001,RETAIL,2023-10-09,206.0,HW_Damped_Add,200.2510959767166,2021-07-05,2023-09-25,2023-10-02,2023-12-25,117
2,APS-001,RETAIL,2023-10-16,192.0,HW_Damped_Add,208.68482060773937,2021-07-05,2023-09-25,2023-10-02,2023-12-25,117
2,APS-001,RETAIL,2023-10-23,238.0,HW_Damped_Add,215.61107650760576,2021-07-05,2023-09-25,2023-10-02,2023-12-25,117
2,APS-001,RETAIL,2023-10-30,221.0,HW_Damped_Add,221.53076443264752,2021-07-05,2023-09-25,2023-10-02,2023-12-25,117
2,APS-001,RETAIL,2023-11-06,277.0,HW_Damped_Add,237.94343342057937,2021-07-05,2023-09-25,2023-10-02,2023-12-25,117
2,APS-001,RETAIL,2023-11-13,224.0,HW_Damped_Add,269.35119454461403,2021-07-05,2023-09-25,2023-10-02,2023-12-25,117
2,APS-001,RETAIL,2023-11-20,241.74523114631637,HW_Damped_Add,250.25786931864343,2021-07-05,2023-09-25,2023-10-02,2023-12-25,117
2,APS-001,RETAIL,2023-11-27,315.0,HW_Damped_Add,294.6636668765045,2021-07-05,2023-09-25,2023-10-02,2023-12-25,117
2,APS-001,RETAIL,2023-12-04,286.4107774646195,HW_Damped_Add,264.0652438585226,2021-07-05,2023-09-25,2023-10-02,2023-12-25,117
2,APS-001,RETAIL,2023-12-11,280.4989683488152,HW_Damped_Add,275.0202848509953,2021-07-05,2023-09-25,2023-10-02,2023-12-25,117
2,APS-001,RETAIL,2023-12-18,276.00210395959425,HW_Damped_Add,312.060280554616,2021-07-05,2023-09-25,2023-10-02,2023-12-25,117
2,APS-001,RETAIL,2023-12-25,267.06980492473457,HW_Damped_Add,267.84999454876146,2021-07-05,2023-09-25,2023-10-02,2023-12-25,117
2,APS-001,RETAIL,2023-10-02,219.0,HW_Damped_Mul,209.52061195108678,2021-07-05,2023-09-25,2023-10-02,2023-12-25,117
2,APS-001,RETAIL,2023-10-09,206.0,HW_Damped_Mul,210.18280208304,2021-07-05,2023-09-25,2023-10-02,2023-12-25,117
2,APS-001,RETAIL,2023-10-16,192.0,HW_Damped_Mul,218.9773802443545,2021-07-05,2023-09-25,2023-10-02,2023-12-25,117
2,APS-001,RETAIL,2023-10-23,238.0,HW_Damped_Mul,226.70562888685538,2021-07-05,2023-09-25,2023-10-02,2023-12-25,117
2,APS-001,RETAIL,2023-10-30,221.0,HW_Damped_Mul,232.7998253468143,2021-07-05,2023-09-25,2023-10-02,2023-12-25,117
2,APS-001,RETAIL,2023-11-06,277.0,HW_Damped_Mul,250.8801538378966,2021-07-05,2023-09-25,2023-10-02,2023-12-25,117
2,APS-001,RETAIL,2023-11-13,224.0,HW_Damped_Mul,285.3124933670185,2021-07-05,2023-09-25,2023-10-02,2023-12-25,117
2,APS-001,RETAIL,2023-11-20,241.74523114631637,HW_Damped_Mul,264.6342639983407,2021-07-05,2023-09-25,2023-10-02,2023-12-25,117
2,APS-001,RETAIL,2023-11-27,315.0,HW_Damped_Mul,311.30936961066004,2021-07-05,2023-09-25,2023-10-02,2023-12-25,117
2,APS-001,RETAIL,2023-12-04,286.4107774646195,HW_Damped_Mul,277.38449517223404,2021-07-05,2023-09-25,2023-10-02,2023-12-25,117
2,APS-001,RETAIL,2023-12-11,280.4989683488152,HW_Damped_Mul,289.7363288697146,2021-07-05,2023-09-25,2023-10-02,2023-12-25,117
2,APS-001,RETAIL,2023-12-18,276.00210395959425,HW_Damped_Mul,329.81552363236057,2021-07-05,2023-09-25,2023-10-02,2023-12-25,117
2,APS-001,RETAIL,2023-12-25,267.06980492473457,HW_Damped_Mul,281.61400701564503,2021-07-05,2023-09-25,2023-10-02,2023-12-25,117
3,APS-001,RETAIL,2024-01-01,262.7673114143739,HW_Add_Add,260.0625358689103,2021-07-05,2023-12-25,2024-01-01,2024-03-25,130
3,APS-001,RETAIL,2024-01-08,294.1531592724081,HW_Add_Add,275.99625261185395,2021-07-05,2023-12-25,2024-01-01,2024-03-25,130
3,APS-001,RETAIL,2024-01-15,313.4588568930143,HW_Add_Add,261.9443966037763,2021-07-05,2023-12-25,2024-01-01,2024-03-25,130
3,APS-001,RETAIL,2024-01-22,335.4877495754424,HW_Add_Add,299.3405151819352,2021-07-05,2023-12-25,2024-01-01,2024-03-25,130
3,APS-001,RETAIL,2024-01-29,272.3899405942729,HW_Add_Add,281.1773963013108,2021-07-05,2023-12-25,2024-01-01,2024-03-25,130
3,APS-001,RETAIL,2024-02-05,199.0,HW_Add_Add,225.4304689474928,2021-07-05,2023-12-25,2024-01-01,2024-03-25,130
3,APS-001,RETAIL,2024-02-12,243.65756025762664,HW_Add_Add,219.12831845832315,2021-07-05,2023-12-25,2024-01-01,2024-03-25,130
3,APS-001,RETAIL,2024-02-19,257.1388738983984,HW_Add_Add,269.80194051263095,2021-07-05,2023-12-25,2024-01-01,2024-03-25,130
3,APS-001,RETAIL,2024-02-26,226.75,HW_Add_Add,235.6253325195444,2021-07-05,2023-12-25,2024-01-01,2024-03-25,130
3,APS-001,RETAIL,2024-03-04,215.4285108147408,HW_Add_Add,218.35305962833368,2021-07-05,2023-12-25,2024-01-01,2024-03-25,130
3,APS-001,RETAIL,2024-03-11,157.34282848196284,HW_Add_Add,180.80739259037713,2021-07-05,2023-12-25,2024-01-01,2024-03-25,130
3,APS-001,RETAIL,2024-03-18,181.94462052117183,HW_Add_Add,164.68507169985253,2021-07-05,2023-12-25,2024-01-01,2024-03-25,130
3,APS-001,RETAIL,2024-03-25,178.12984820413857,HW_Add_Add,194.3799429153779,2021-07-05,2023-12-25,2024-01-01,2024-03-25,130
3,APS-001,RETAIL,2024-01-01,262.7673114143739,HW_Damped_Add,257.385518390706,2021-07-05,2023-12-25,2024-01-01,2024-03-25,130
3,APS-001,RETAIL,2024-01-08,294.1531592724081,HW_Damped_Add,273.0955306385771,2021-07-05,2023-12-25,2024-01-01,2024-03-25,130
3,APS-001,RETAIL,2024-01-15,313.4588568930143,HW_Damped_Add,258.952596144325,2021-07-05,2023-12-25,2024-01-01,2024-03-25,130
3,APS-001,RETAIL,2024-01-22,335.4877495754424,HW_Damped_Add,296.18367617342767,2021-07-05,2023-12-25,2024-01-01,2024-03-25,130
3,APS-001,RETAIL,2024-01-29,272.3899405942729,HW_Damped_Add,277.88627067387046,2021-07-05,2023-12-25,2024-01-01,2024-03-25,130
3,APS-001,RETAIL,2024-02-05,199.0,HW_Damped_Add,222.17719574716963,2021-07-05,2023-12-25,2024-01-01,2024-03-25,130
3,APS-001,RETAIL,2024-02-12,243.65756025762664,HW_Damped_Add,215.88078210418809,2021-07-05,2023-12-25,2024-01-01,2024-03-25,130
3,APS-001,RETAIL,2024-02-19,257.1388738983984,HW_Damped_Add,266.1967691413597,2021-07-05,2023-12-25,2024-01-01,2024-03-25,130
3,APS-001,RETAIL,2024-02-26,226.75,HW_Damped_Add,232.1060941881919,2021-07-05,2023-12-25,2024-01-01,2024-03-25,130
3,APS-001,RETAIL,2024-03-04,215.4285108147408,HW_Damped_Add,214.66955470819596,2021-07-05,2023-12-25,2024-01-01,2024-03-25,130
3,APS-001,RETAIL,2024-03-11,157.34282848196284,HW_Damped_Add,177.06186542416617,2021-07-05,2023-12-25,2024-01-01,2024-03-25,130
3,APS-001,RETAIL,2024-03-18,181.94462052117183,HW_Damped_Add,160.8531587890415,2021-07-05,2023-12-25,2024-01-01,2024-03-25,130
3,APS-001,RETAIL,2024-03-25,178.12984820413857,HW_Damped_Add,190.44236758243687,2021-07-05,2023-12-25,2024-01-01,2024-03-25,130
3,APS-001,RETAIL,2024-01-01,262.7673114143739,HW_Damped_Mul,258.65401043892183,2021-07-05,2023-12-25,2024-01-01,2024-03-25,130
3,APS-001,RETAIL,2024-01-08,294.1531592724081,HW_Damped_Mul,275.4765484284881,2021-07-05,2023-12-25,2024-01-01,2024-03-25,130
3,APS-001,RETAIL,2024-01-15,313.4588568930143,HW_Damped_Mul,260.6739837073782,2021-07-05,2023-12-25,2024-01-01,2024-03-25,130
3,APS-001,RETAIL,2024-01-22,335.4877495754424,HW_Damped_Mul,299.526735232578,2021-07-05,2023-12-25,2024-01-01,2024-03-25,130
3,APS-001,RETAIL,2024-01-29,272.3899405942729,HW_Damped_Mul,280.5404946002701,2021-07-05,2023-12-25,2024-01-01,2024-03-25,130
3,APS-001,RETAIL,2024-02-05,199.0,HW_Damped_Mul,222.09316669337994,2021-07-05,2023-12-25,2024-01-01,2024-03-25,130
3,APS-001,RETAIL,2024-02-12,243.65756025762664,HW_Damped_Mul,215.11575609299862,2021-07-05,2023-12-25,2024-01-01,2024-03-25,130
3,APS-001,RETAIL,2024-02-19,257.1388738983984,HW_Damped_Mul,268.19559877207615,2021-07-05,2023-12-25,2024-01-01,2024-03-25,130
3,APS-001,RETAIL,2024-02-26,226.75,HW_Damped_Mul,232.15468303048726,2021-07-05,2023-12-25,2024-01-01,2024-03-25,130
3,APS-001,RETAIL,2024-03-04,215.4285108147408,HW_Damped_Mul,214.37826122077576,2021-07-05,2023-12-25,2024-01-01,2024-03-25,130
3,APS-001,RETAIL,2024-03-11,157.34282848196284,HW_Damped_Mul,175.41553183176066,2021-07-05,2023-12-25,2024-01-01,2024-03-25,130
3,APS-001,RETAIL,2024-03-18,181.94462052117183,HW_Damped_Mul,158.64241221865092,2021-07-05,2023-12-25,2024-01-01,2024-03-25,130
3,APS-001,RETAIL,2024-03-25,178.12984820413857,HW_Damped_Mul,189.09152549018032,2021-07-05,2023-12-25,2024-01-01,2024-03-25,130
4,APS-001,RETAIL,2024-04-01,144.3746971079607,HW_Add_Add,143.84177794799504,2021-07-05,2024-03-25,2024-04-01,2024-06-24,143
4,APS-001,RETAIL,2024-04-08,134.0,HW_Add_Add,151.78102364009584,2021-07-05,2024-03-25,2024-04-01,2024-06-24,143
4,APS-001,RETAIL,2024-04-15,121.0,HW_Add_Add,146.79285798368022,2021-07-05,2024-03-25,2024-04-01,2024-06-24,143
4,APS-001,RETAIL,2024-04-22,131.81233977232566,HW_Add_Add,134.54476837865064,2021-07-05,2024-03-25,2024-04-01,2024-06-24,143
4,APS-001,RETAIL,2024-04-29,139.0,HW_Add_Add,117.28889475363678,2021-07-05,2024-03-25,2024-04-01,2024-06-24,143
4,APS-001,RETAIL,2024-05-06,111.0,HW_Add_Add,119.28798460834776,2021-07-05,2024-03-25,2024-04-01,2024-06-24,143
4,APS-001,RETAIL,2024-05-13,114.0,HW_Add_Add,119.78311292500346,2021-07-05,2024-03-25,2024-04-01,2024-06-24,143
4,APS-001,RETAIL,2024-05-20,111.0,HW_Add_Add,121.28725737319866,2021-07-05,2024-03-25,2024-04-01,2024-06-24,143
4,APS-001,RETAIL,2024-05-27,114.0,HW_Add_Add,107.78045669397419,2021-07-05,2024-03-25,2024-04-01,2024-06-24,143
4,APS-001,RETAIL,2024-06-03,92.0,HW_Add_Add,98.28073583479213,2021-07-05,2024-03-25,2024-04-01,2024-06-24,143
4,APS-001,RETAIL,2024-06-10,93.0,HW_Add_Add,113.28347839045328,2021-07-05,2024-03-25,2024-04-01,2024-06-24,143
4,APS-001,RETAIL,2024-06-17,94.0,HW_Add_Add,93.78107413080458,2021-07-05,2024-03-25,2024-04-01,2024-06-24,143
4,APS-001,RETAIL,2024-06-24,90.0,HW_Add_Add,88.78210675911939,2021-07-05,2024-03-25,2024-04-01,2024-06-24,143
4,APS-001,RETAIL,2024-04-01,144.3746971079607,HW_Damped_Add,140.04874014875256,2021-07-05,2024-03-25,2024-04-01,2024-06-24,143
4,APS-001,RETAIL,2024-04-08,134.0,HW_Damped_Add,147.89788712015763,2021-07-05,2024-03-25,2024-04-01,2024-06-24,143
4,APS-001,RETAIL,2024-04-15,121.0,HW_Damped_Add,142.68322120603958,2021-07-05,2024-03-25,2024-04-01,2024-06-24,143
4,APS-001,RETAIL,2024-04-22,131.81233977232566,HW_Damped_Add,130.3527418521441,2021-07-05,2024-03-25,2024-04-01,2024-06-24,143
4,APS-001,RETAIL,2024-04-29,139.0,HW_Damped_Add,112.92643190434787,2021-07-05,2024-03-25,2024-04-01,2024-06-24,143
4,APS-001,RETAIL,2024-05-06,111.0,HW_Damped_Add,114.77101924123835,2021-07-05,2024-03-25,2024-04-01,2024-06-24,143
4,APS-001,RETAIL,2024-05-13,114.0,HW_Damped_Add,115.1326734488528,2021-07-05,2024-03-25,2024-04-01,2024-06-24,143
4,APS-001,RETAIL,2024-05-20,111.0,HW_Damped_Add,116.42513643682986,2021-07-05,2024-03-25,2024-04-01,2024-06-24,143
4,APS-001,RETAIL,2024-05-27,114.0,HW_Damped_Add,102.80339143369629,2021-07-05,2024-03-25,2024-04-01,2024-06-24,143
4,APS-001,RETAIL,2024-06-03,92.0,HW_Damped_Add,93.13856015194881,2021-07-05,2024-03-25,2024-04-01,2024-06-24,143
4,APS-001,RETAIL,2024-06-10,93.0,HW_Damped_Add,107.96315137993493,2021-07-05,2024-03-25,2024-04-01,2024-06-24,143
4,APS-001,RETAIL,2024-06-17,94.0,HW_Damped_Add,88.33284802429964,2021-07-05,2024-03-25,2024-04-01,2024-06-24,143
4,APS-001,RETAIL,2024-06-24,90.0,HW_Damped_Add,83.17493432575829,2021-07-05,2024-03-25,2024-04-01,2024-06-24,143
4,APS-001,RETAIL,2024-04-01,144.3746971079607,HW_Damped_Mul,137.68152649828784,2021-07-05,2024-03-25,2024-04-01,2024-06-24,143
4,APS-001,RETAIL,2024-04-08,134.0,HW_Damped_Mul,145.35333394804863,2021-07-05,2024-03-25,2024-04-01,2024-06-24,143
4,APS-001,RETAIL,2024-04-15,121.0,HW_Damped_Mul,140.52436628377464,2021-07-05,2024-03-25,2024-04-01,2024-06-24,143
4,APS-001,RETAIL,2024-04-22,131.81233977232566,HW_Damped_Mul,127.23323006295124,2021-07-05,2024-03-25,2024-04-01,2024-06-24,143
4,APS-001,RETAIL,2024-04-29,139.0,HW_Damped_Mul,109.37671051977252,2021-07-05,2024-03-25,2024-04-01,2024-06-24,143
4,APS-001,RETAIL,2024-05-06,111.0,HW_Damped_Mul,111.44212043965322,2021-07-05,2024-03-25,2024-04-01,2024-06-24,143
4,APS-001,RETAIL,2024-05-13,114.0,HW_Damped_Mul,111.8315810122621,2021-07-05,2024-03-25,2024-04-01,2024-06-24,143
4,APS-001,RETAIL,2024-05-20,111.0,HW_Damped_Mul,113.72580352420971,2021-07-05,2024-03-25,2024-04-01,2024-06-24,143
4,APS-001,RETAIL,2024-05-27,114.0,HW_Damped_Mul,99.47408135378573,2021-07-05,2024-03-25,2024-04-01,2024-06-24,143
4,APS-001,RETAIL,2024-06-03,92.0,HW_Damped_Mul,89.6544697212706,2021-07-05,2024-03-25,2024-04-01,2024-06-24,143
4,APS-001,RETAIL,2024-06-10,93.0,HW_Damped_Mul,105.19826720023333,2021-07-05,2024-03-25,2024-04-01,2024-06-24,143
4,APS-001,RETAIL,2024-06-17,94.0,HW_Damped_Mul,84.73627694901826,2021-07-05,2024-03-25,2024-04-01,2024-06-24,143
4,APS-001,RETAIL,2024-06-24,90.0,HW_Damped_Mul,79.42965932099622,2021-07-05,2024-03-25,2024-04-01,2024-06-24,143
5,APS-001,RETAIL,2024-07-01,101.0,HW_Add_Add,93.41097458965815,2021-07-05,2024-06-24,2024-07-01,2024-09-23,156
5,APS-001,RETAIL,2024-07-08,89.0,HW_Add_Add,102.0779746189642,2021-07-05,2024-06-24,2024-07-01,2024-09-23,156
5,APS-001,RETAIL,2024-07-15,94.0,HW_Add_Add,95.4119325530454,2021-07-05,2024-06-24,2024-07-01,2024-09-23,156
5,APS-001,RETAIL,2024-07-22,90.0,HW_Add_Add,89.41198364010914,2021-07-05,2024-06-24,2024-07-01,2024-09-23,156
5,APS-001,RETAIL,2024-07-29,95.0,HW_Add_Add,106.74516576305922,2021-07-05,2024-06-24,2024-07-01,2024-09-23,156
5,APS-001,RETAIL,2024-08-05,104.0,HW_Add_Add,113.74573763941564,2021-07-05,2024-06-24,2024-07-01,2024-09-23,156
5,APS-001,RETAIL,2024-08-12,111.0,HW_Add_Add,112.7457694435856,2021-07-05,2024-06-24,2024-07-01,2024-09-23,156
5,APS-001,RETAIL,2024-08-19,103.0,HW_Add_Add,116.73966381312694,2021-07-05,2024-06-24,2024-07-01,2024-09-23,156
5,APS-001,RETAIL,2024-08-26,103.0,HW_Add_Add,108.57980998405979,2021-07-05,2024-06-24,2024-07-01,2024-09-23,156
5,APS-001,RETAIL,2024-09-02,162.0,HW_Add_Add,153.0800385759884,2021-07-05,2024-06-24,2024-07-01,2024-09-23,156
5,APS-001,RETAIL,2024-09-09,159.0,HW_Add_Add,163.74656446028754,2021-07-05,2024-06-24,2024-07-01,2024-09-23,156
5,APS-001,RETAIL,2024-09-16,167.0,HW_Add_Add,170.08016717982412,2021-07-05,2024-06-24,2024-07-01,2024-09-23,156
5,APS-001,RETAIL,2024-09-23,153.0,HW_Add_Add,158.42489264173358,2021-07-05,2024-06-24,2024-07-01,2024-09-23,156
5,APS-001,RETAIL,2024-07-01,101.0,HW_Damped_Add,91.55258373787255,2021-07-05,2024-06-24,2024-07-01,2024-09-23,156
5,APS-001,RETAIL,2024-07-08,89.0,HW_Damped_Add,100.10171936500781,2021-07-05,2024-06-24,2024-07-01,2024-09-23,156
5,APS-001,RETAIL,2024-07-15,94.0,HW_Damped_Add,93.33135988598144,2021-07-05,2024-06-24,2024-07-01,2024-09-23,156
5,APS-001,RETAIL,2024-07-22,90.0,HW_Damped_Add,87.2123643553516,2021-07-05,2024-06-24,2024-07-01,2024-09-23,156
5,APS-001,RETAIL,2024-07-29,95.0,HW_Damped_Add,104.42259340570641,2021-07-05,2024-06-24,2024-07-01,2024-09-23,156
5,APS-001,RETAIL,2024-08-05,104.0,HW_Damped_Add,111.31944520065544,2021-07-05,2024-06-24,2024-07-01,2024-09-23,156
5,APS-001,RETAIL,2024-08-12,111.0,HW_Damped_Add,110.20653640383424,2021-07-05,2024-06-24,2024-07-01,2024-09-23,156
5,APS-001,RETAIL,2024-08-19,103.0,HW_Damped_Add,114.10506417587834,2021-07-05,2024-06-24,2024-07-01,2024-09-23,156
5,APS-001,RETAIL,2024-08-26,103.0,HW_Damped_Add,105.83165671749339,2021-07-05,2024-06-24,2024-07-01,2024-09-23,156
5,APS-001,RETAIL,2024-09-02,162.0,HW_Damped_Add,150.2270603330854,2021-07-05,2024-06-24,2024-07-01,2024-09-23,156
5,APS-001,RETAIL,2024-09-09,159.0,HW_Damped_Add,160.7806405953353,2021-07-05,2024-06-24,2024-07-01,2024-09-23,156
5,APS-001,RETAIL,2024-09-16,167.0,HW_Damped_Add,167.0147033487347,2021-07-05,2024-06-24,2024-07-01,2024-09-23,156
5,APS-001,RETAIL,2024-09-23,153.0,HW_Damped_Add,155.25427796080322,2021-07-05,2024-06-24,2024-07-01,2024-09-23,156
5,APS-001,RETAIL,2024-07-01,101.0,HW_Damped_Mul,84.91697203889551,2021-07-05,2024-06-24,2024-07-01,2024-09-23,156
5,APS-001,RETAIL,2024-07-08,89.0,HW_Damped_Mul,94.25001170441708,2021-07-05,2024-06-24,2024-07-01,2024-09-23,156
5,APS-001,RETAIL,2024-07-15,94.0,HW_Damped_Mul,86.12591366312999,2021-07-05,2024-06-24,2024-07-01,2024-09-23,156
5,APS-001,RETAIL,2024-07-22,90.0,HW_Damped_Mul,79.95816251101023,2021-07-05,2024-06-24,2024-07-01,2024-09-23,156
5,APS-001,RETAIL,2024-07-29,95.0,HW_Damped_Mul,99.02706124717128,2021-07-05,2024-06-24,2024-07-01,2024-09-23,156
5,APS-001,RETAIL,2024-08-05,104.0,HW_Damped_Mul,106.0095393651299,2021-07-05,2024-06-24,2024-07-01,2024-09-23,156
5,APS-001,RETAIL,2024-08-12,111.0,HW_Damped_Mul,105.0110834328195,2021-07-05,2024-06-24,2024-07-01,2024-09-23,156
5,APS-001,RETAIL,2024-08-19,103.0,HW_Damped_Mul,108.29184103190065,2021-07-05,2024-06-24,2024-07-01,2024-09-23,156
5,APS-001,RETAIL,2024-08-26,103.0,HW_Damped_Mul,99.87820397304525,2021-07-05,2024-06-24,2024-07-01,2024-09-23,156
5,APS-001,RETAIL,2024-09-02,162.0,HW_Damped_Mul,147.14791487082326,2021-07-05,2024-06-24,2024-07-01,2024-09-23,156
5,APS-001,RETAIL,2024-09-09,159.0,HW_Damped_Mul,158.47674233417564,2021-07-05,2024-06-24,2024-07-01,2024-09-23,156
5,APS-001,RETAIL,2024-09-16,167.0,HW_Damped_Mul,164.7422074483089,2021-07-05,2024-06-24,2024-07-01,2024-09-23,156
5,APS-001,RETAIL,2024-09-23,153.0,HW_Damped_Mul,152.3877026914345,2021-07-05,2024-06-24,2024-07-01,2024-09-23,156
6,APS-001,RETAIL,2024-09-30,163.0,HW_Add_Add,215.33740189924677,2021-07-05,2024-09-23,2024-09-30,2024-12-23,169
6,APS-001,RETAIL,2024-10-07,236.0,HW_Add_Add,211.33538498110147,2021-07-05,2024-09-23,2024-09-30,2024-12-23,169
6,APS-001,RETAIL,2024-10-14,218.0,HW_Add_Add,212.3431124425828,2021-07-05,2024-09-23,2024-09-30,2024-12-23,169
6,APS-001,RETAIL,2024-10-21,223.0,HW_Add_Add,232.3307329715738,2021-07-05,2024-09-23,2024-09-30,2024-12-23,169
6,APS-001,RETAIL,2024-10-28,246.00000000000003,HW_Add_Add,230.67272669393577,2021-07-05,2024-09-23,2024-09-30,2024-12-23,169
6,APS-001,RETAIL,2024-11-04,265.0,HW_Add_Add,260.32450536206954,2021-07-05,2024-09-23,2024-09-30,2024-12-23,169
6,APS-001,RETAIL,2024-11-11,267.0,HW_Add_Add,263.6630348828114,2021-07-05,2024-09-23,2024-09-30,2024-12-23,169
6,APS-001,RETAIL,2024-11-18,256.0,HW_Add_Add,256.9006890027977,2021-07-05,2024-09-23,2024-09-30,2024-12-23,169
6,APS-001,RETAIL,2024-11-25,278.0,HW_Add_Add,310.98951816681904,2021-07-05,2024-09-23,2024-09-30,2024-12-23,169
6,APS-001,RETAIL,2024-12-02,303.0,HW_Add_Add,281.1347879416423,2021-07-05,2024-09-23,2024-09-30,2024-12-23,169
6,APS-001,RETAIL,2024-12-09,316.0,HW_Add_Add,286.52308524245444,2021-07-05,2024-09-23,2024-09-30,2024-12-23,169
6,APS-001,RETAIL,2024-12-16,285.0,HW_Add_Add,309.784142503864,2021-07-05,2024-09-23,2024-09-30,2024-12-23,169
6,APS-001,RETAIL,2024-12-23,262.27502370417443,HW_Add_Add,277.4035501676191,2021-07-05,2024-09-23,2024-09-30,2024-12-23,169
6,APS-001,RETAIL,2024-09-30,163.0,HW_Damped_Add,212.70471023140664,2021-07-05,2024-09-23,2024-09-30,2024-12-23,169
6,APS-001,RETAIL,2024-10-07,236.0,HW_Damped_Add,208.59137905109355,2021-07-05,2024-09-23,2024-09-30,2024-12-23,169
6,APS-001,RETAIL,2024-10-14,218.0,HW_Damped_Add,209.482119603714,2021-07-05,2024-09-23,2024-09-30,2024-12-23,169
6,APS-001,RETAIL,2024-10-21,223.0,HW_Damped_Add,229.36802468098585,2021-07-05,2024-09-23,2024-09-30,2024-12-23,169
6,APS-001,RETAIL,2024-10-28,246.00000000000003,HW_Damped_Add,227.5947544078398,2021-07-05,2024-09-23,2024-09-30,2024-12-23,169
6,APS-001,RETAIL,2024-11-04,265.0,HW_Damped_Add,257.1493527003624,2021-07-05,2024-09-23,2024-09-30,2024-12-23,169
6,APS-001,RETAIL,2024-11-11,267.0,HW_Damped_Add,260.3782196668155,2021-07-05,2024-09-23,2024-09-30,2024-12-23,169
6,APS-001,RETAIL,2024-11-18,256.0,HW_Damped_Add,253.51922060606955,2021-07-05,2024-09-23,2024-09-30,2024-12-23,169
6,APS-001,RETAIL,2024-11-25,278.0,HW_Damped_Add,307.502810453448,2021-07-05,2024-09-23,2024-09-30,2024-12-23,169
6,APS-001,RETAIL,2024-12-02,303.0,HW_Damped_Add,277.5412143037477,2021-07-05,2024-09-23,2024-09-30,2024-12-23,169
6,APS-001,RETAIL,2024-12-09,316.0,HW_Damped_Add,282.83963941358115,2021-07-05,2024-09-23,2024-09-30,2024-12-23,169
6,APS-001,RETAIL,2024-12-16,285.0,HW_Damped_Add,306.00577456434814,2021-07-05,2024-09-23,2024-09-30,2024-12-23,169
6,APS-001,RETAIL,2024-12-23,262.27502370417443,HW_Damped_Add,273.52925062448,2021-07-05,2024-09-23,2024-09-30,2024-12-23,169
6,APS-001,RETAIL,2024-09-30,163.0,HW_Damped_Mul,214.3649781251166,2021-07-05,2024-09-23,2024-09-30,2024-12-23,169
6,APS-001,RETAIL,2024-10-07,236.0,HW_Damped_Mul,209.90462420159167,2021-07-05,2024-09-23,2024-09-30,2024-12-23,169
6,APS-001,RETAIL,2024-10-14,218.0,HW_Damped_Mul,210.29274627538484,2021-07-05,2024-09-23,2024-09-30,2024-12-23,169
6,APS-001,RETAIL,2024-10-21,223.0,HW_Damped_Mul,232.07761366034111,2021-07-05,2024-09-23,2024-09-30,2024-12-23,169
6,APS-001,RETAIL,2024-10-28,246.00000000000003,HW_Damped_Mul,229.6445775753285,2021-07-05,2024-09-23,2024-09-30,2024-12-23,169
6,APS-001,RETAIL,2024-11-04,265.0,HW_Damped_Mul,261.6399138632517,2021-07-05,2024-09-23,2024-09-30,2024-12-23,169
6,APS-001,RETAIL,2024-11-11,267.0,HW_Damped_Mul,264.0905155970976,2021-07-05,2024-09-23,2024-09-30,2024-12-23,169
6,APS-001,RETAIL,2024-11-18,256.0,HW_Damped_Mul,257.3191559268226,2021-07-05,2024-09-23,2024-09-30,2024-12-23,169
6,APS-001,RETAIL,2024-11-25,278.0,HW_Damped_Mul,313.8527033408142,2021-07-05,2024-09-23,2024-09-30,2024-12-23,169
6,APS-001,RETAIL,2024-12-02,303.0,HW_Damped_Mul,281.6972711817663,2021-07-05,2024-09-23,2024-09-30,2024-12-23,169
6,APS-001,RETAIL,2024-12-09,316.0,HW_Damped_Mul,287.32701605754164,2021-07-05,2024-09-23,2024-09-30,2024-12-23,169
6,APS-001,RETAIL,2024-12-16,285.0,HW_Damped_Mul,311.2277495750142,2021-07-05,2024-09-23,2024-09-30,2024-12-23,169
6,APS-001,RETAIL,2024-12-23,262.27502370417443,HW_Damped_Mul,277.1211020380189,2021-07-05,2024-09-23,2024-09-30,2024-12-23,169
7,APS-001,RETAIL,2024-12-30,318.201613262243,HW_Add_Add,266.5137112344391,2021-07-05,2024-12-23,2024-12-30,2025-03-24,182
7,APS-001,RETAIL,2025-01-06,255.55774864721388,HW_Add_Add,287.5921284073339,2021-07-05,2024-12-23,2024-12-30,2025-03-24,182
7,APS-001,RETAIL,2025-01-13,327.16072680119527,HW_Add_Add,284.661539923382,2021-07-05,2024-12-23,2024-12-30,2025-03-24,182
7,APS-001,RETAIL,2025-01-20,341.2905581562222,HW_Add_Add,316.93384775624736,2021-07-05,2024-12-23,2024-12-30,2025-03-24,182
7,APS-001,RETAIL,2025-01-27,245.6874017855805,HW_Add_Add,283.7911070565483,2021-07-05,2024-12-23,2024-12-30,2025-03-24,182
7,APS-001,RETAIL,2025-02-03,315.7128280007455,HW_Add_Add,222.16836105863078,2021-07-05,2024-12-23,2024-12-30,2025-03-24,182
7,APS-001,RETAIL,2025-02-10,300.6347066652785,HW_Add_Add,232.85941608435206,2021-07-05,2024-12-23,2024-12-30,2025-03-24,182
7,APS-001,RETAIL,2025-02-17,274.675294494186,HW_Add_Add,271.12633986101787,2021-07-05,2024-12-23,2024-12-30,2025-03-24,182
7,APS-001,RETAIL,2025-02-24,285.75,HW_Add_Add,238.2209870428811,2021-07-05,2024-12-23,2024-12-30,2025-03-24,182
7,APS-001,RETAIL,2025-03-03,218.0,HW_Add_Add,222.9306479573295,2021-07-05,2024-12-23,2024-12-30,2025-03-24,182
7,APS-001,RETAIL,2025-03-10,228.4215192105025,HW_Add_Add,178.53903362634955,2021-07-05,2024-12-23,2024-12-30,2025-03-24,182
7,APS-001,RETAIL,2025-03-17,206.0,HW_Add_Add,175.99252844800992,2021-07-05,2024-12-23,2024-12-30,2025-03-24,182
7,APS-001,RETAIL,2025-03-24,160.5,HW_Add_Add,194.51451913650294,2021-07-05,2024-12-23,2024-12-30,2025-03-24,182
7,APS-001,RETAIL,2024-12-30,318.201613262243,HW_Damped_Add,263.4065046300436,2021-07-05,2024-12-23,2024-12-30,2025-03-24,182
7,APS-001,RETAIL,2025-01-06,255.55774864721388,HW_Damped_Add,284.39524652580695,2021-07-05,2024-12-23,2024-12-30,2025-03-24,182
7,APS-001,RETAIL,2025-01-13,327.16072680119527,HW_Damped_Add,281.37809242464385,2021-07-05,2024-12-23,2024-12-30,2025-03-24,182
7,APS-001,RETAIL,2025-01-20,341.2905581562222,HW_Damped_Add,313.5579229198973,2021-07-05,2024-12-23,2024-12-30,2025-03-24,182
7,APS-001,RETAIL,2025-01-27,245.6874017855805,HW_Damped_Add,280.3194891986475,2021-07-05,2024-12-23,2024-12-30,2025-03-24,182
7,APS-001,RETAIL,2025-02-03,315.7128280007455,HW_Damped_Add,218.60578758432567,2021-07-05,2024-12-23,2024-12-30,2025-03-24,182
7,APS-001,RETAIL,2025-02-10,300.6347066652785,HW_Damped_Add,229.2158564158671,2021-07-05,2024-12-23,2024-12-30,2025-03-24,182
7,APS-001,RETAIL,2025-02-17,274.675294494186,HW_Damped_Add,267.3908119654453,2021-07-05,2024-12-23,2024-12-30,2025-03-24,182
7,APS-001,RETAIL,2025-02-24,285.75,HW_Damped_Add,234.40000696564624,2021-07-05,2024-12-23,2024-12-30,2025-03-24,182
7,APS-001,RETAIL,2025-03-03,218.0,HW_Damped_Add,219.0254146103326,2021-07-05,2024-12-23,2024-12-30,2025-03-24,182
7,APS-001,RETAIL,2025-03-10,228.4215192105025,HW_Damped_Add,174.54703286392075,2021-07-05,2024-12-23,2024-12-30,2025-03-24,182
7,APS-001,RETAIL,2025-03-17,206.0,HW_Damped_Add,171.92268049982448,2021-07-05,2024-12-23,2024-12-30,2025-03-24,182
7,APS-001,RETAIL,2025-03-24,160.5,HW_Damped_Add,190.3579512941127,2021-07-05,2024-12-23,2024-12-30,2025-03-24,182
7,APS-001,RETAIL,2024-12-30,318.201613262243,HW_Damped_Mul,264.479798240836,2021-07-05,2024-12-23,2024-12-30,2025-03-24,182
7,APS-001,RETAIL,2025-01-06,255.55774864721388,HW_Damped_Mul,286.83498724306537,2021-07-05,2024-12-23,2024-12-30,2025-03-24,182
7,APS-001,RETAIL,2025-01-13,327.16072680119527,HW_Damped_Mul,284.00975895665374,2021-07-05,2024-12-23,2024-12-30,2025-03-24,182
7,APS-001,RETAIL,2025-01-20,341.2905581562222,HW_Damped_Mul,317.4531763101963,2021-07-05,2024-12-23,2024-12-30,2025-03-24,182
7,APS-001,RETAIL,2025-01-27,245.6874017855805,HW_Damped_Mul,282.3156650407067,2021-07-05,2024-12-23,2024-12-30,2025-03-24,182
7,APS-001,RETAIL,2025-02-03,315.7128280007455,HW_Damped_Mul,217.4871181928234,2021-07-05,2024-12-23,2024-12-30,2025-03-24,182
7,APS-001,RETAIL,2025-02-10,300.6347066652785,HW_Damped_Mul,228.81152643593035,2021-07-05,2024-12-23,2024-12-30,2025-03-24,182
7,APS-001,RETAIL,2025-02-17,274.675294494186,HW_Damped_Mul,268.6911417496946,2021-07-05,2024-12-23,2024-12-30,2025-03-24,182
7,APS-001,RETAIL,2025-02-24,285.75,HW_Damped_Mul,233.99584054131478,2021-07-05,2024-12-23,2024-12-30,2025-03-24,182
7,APS-001,RETAIL,2025-03-03,218.0,HW_Damped_Mul,218.24287943608647,2021-07-05,2024-12-23,2024-12-30,2025-03-24,182
7,APS-001,RETAIL,2025-03-10,228.4215192105025,HW_Damped_Mul,171.82191885715912,2021-07-05,2024-12-23,2024-12-30,2025-03-24,182
7,APS-001,RETAIL,2025-03-17,206.0,HW_Damped_Mul,169.46660826102618,2021-07-05,2024-12-23,2024-12-30,2025-03-24,182
7,APS-001,RETAIL,2025-03-24,160.5,HW_Damped_Mul,188.21360265765887,2021-07-05,2024-12-23,2024-12-30,2025-03-24,182
8,APS-001,RETAIL,2025-03-31,171.63300633605974,HW_Add_Add,153.06102979074996,2021-07-05,2025-03-24,2025-03-31,2025-06-23,195
8,APS-001,RETAIL,2025-04-07,175.32889349086082,HW_Add_Add,154.90316388553452,2021-07-05,2025-03-24,2025-03-31,2025-06-23,195
8,APS-001,RETAIL,2025-04-14,142.0,HW_Add_Add,147.23803163455366,2021-07-05,2025-03-24,2025-03-31,2025-06-23,195
8,APS-001,RETAIL,2025-04-21,111.0,HW_Add_Add,142.67237402749058,2021-07-05,2025-03-24,2025-03-31,2025-06-23,195
8,APS-001,RETAIL,2025-04-28,148.954168698746,HW_Add_Add,133.55330448998248,2021-07-05,2025-03-24,2025-03-31,2025-06-23,195
8,APS-001,RETAIL,2025-05-05,109.0,HW_Add_Add,125.56200531168152,2021-07-05,2025-03-24,2025-03-31,2025-06-23,195
8,APS-001,RETAIL,2025-05-12,109.0,HW_Add_Add,126.89367163683198,2021-07-05,2025-03-24,2025-03-31,2025-06-23,195
8,APS-001,RETAIL,2025-05-19,94.0,HW_Add_Add,126.89448539558016,2021-07-05,2025-03-24,2025-03-31,2025-06-23,195
8,APS-001,RETAIL,2025-05-26,111.0,HW_Add_Add,118.88828265242535,2021-07-05,2025-03-24,2025-03-31,2025-06-23,195
8,APS-001,RETAIL,2025-06-02,92.0,HW_Add_Add,105.2251575795694,2021-07-05,2025-03-24,2025-03-31,2025-06-23,195
8,APS-001,RETAIL,2025-06-09,88.0,HW_Add_Add,115.56252870232734,2021-07-05,2025-03-24,2025-03-31,2025-06-23,195
8,APS-001,RETAIL,2025-06-16,100.0,HW_Add_Add,102.88877365195705,2021-07-05,2025-03-24,2025-03-31,2025-06-23,195
8,APS-001,RETAIL,2025-06-23,93.0,HW_Add_Add,98.22132278288561,2021-07-05,2025-03-24,2025-03-31,2025-06-23,195
8,APS-001,RETAIL,2025-03-31,171.63300633605974,HW_Damped_Add,164.06846642039974,2021-07-05,2025-03-24,2025-03-31,2025-06-23,195
8,APS-001,RETAIL,2025-04-07,175.32889349086082,HW_Damped_Add,166.10787736871168,2021-07-05,2025-03-24,2025-03-31,2025-06-23,195
8,APS-001,RETAIL,2025-04-14,142.0,HW_Damped_Add,158.60521846155007,2021-07-05,2025-03-24,2025-03-31,2025-06-23,195
8,APS-001,RETAIL,2025-04-21,111.0,HW_Damped_Add,154.1736058339178,2021-07-05,2025-03-24,2025-03-31,2025-06-23,195
8,APS-001,RETAIL,2025-04-28,148.954168698746,HW_Damped_Add,145.1569868047423,2021-07-05,2025-03-24,2025-03-31,2025-06-23,195
8,APS-001,RETAIL,2025-05-05,109.0,HW_Damped_Add,137.2285222927872,2021-07-05,2025-03-24,2025-03-31,2025-06-23,195
8,APS-001,RETAIL,2025-05-12,109.0,HW_Damped_Add,138.60078026809225,2021-07-05,2025-03-24,2025-03-31,2025-06-23,195
8,APS-001,RETAIL,2025-05-19,94.0,HW_Damped_Add,138.61539526502168,2021-07-05,2025-03-24,2025-03-31,2025-06-23,195
8,APS-001,RETAIL,2025-05-26,111.0,HW_Damped_Add,130.6026114233226,2021-07-05,2025-03-24,2025-03-31,2025-06-23,195
8,APS-001,RETAIL,2025-06-02,92.0,HW_Damped_Add,116.90548786251193,2021-07-05,2025-03-24,2025-03-31,2025-06-23,195
8,APS-001,RETAIL,2025-06-09,88.0,HW_Damped_Add,127.1883182390055,2021-07-05,2025-03-24,2025-03-31,2025-06-23,195
8,APS-001,RETAIL,2025-06-16,100.0,HW_Damped_Add,114.44632712465378,2021-07-05,2025-03-24,2025-03-31,2025-06-23,195
8,APS-001,RETAIL,2025-06-23,93.0,HW_Damped_Add,109.68960469057266,2021-07-05,2025-03-24,2025-03-31,2025-06-23,195
8,APS-001,RETAIL,2025-03-31,171.63300633605974,HW_Damped_Mul,146.5368949762284,2021-07-05,2025-03-24,2025-03-31,2025-06-23,195
8,APS-001,RETAIL,2025-04-07,175.32889349086082,HW_Damped_Mul,147.78720976565182,2021-07-05,2025-03-24,2025-03-31,2025-06-23,195
8,APS-001,RETAIL,2025-04-14,142.0,HW_Damped_Mul,139.749988682848,2021-07-05,2025-03-24,2025-03-31,2025-06-23,195
8,APS-001,RETAIL,2025-04-21,111.0,HW_Damped_Mul,134.7930798422271,2021-07-05,2025-03-24,2025-03-31,2025-06-23,195
8,APS-001,RETAIL,2025-04-28,148.954168698746,HW_Damped_Mul,125.4638200004657,2021-07-05,2025-03-24,2025-03-31,2025-06-23,195
8,APS-001,RETAIL,2025-05-05,109.0,HW_Damped_Mul,116.43823417731087,2021-07-05,2025-03-24,2025-03-31,2025-06-23,195
8,APS-001,RETAIL,2025-05-12,109.0,HW_Damped_Mul,117.81515681155467,2021-07-05,2025-03-24,2025-03-31,2025-06-23,195
8,APS-001,RETAIL,2025-05-19,94.0,HW_Damped_Mul,118.05012570274104,2021-07-05,2025-03-24,2025-03-31,2025-06-23,195
8,APS-001,RETAIL,2025-05-26,111.0,HW_Damped_Mul,109.52212681071043,2021-07-05,2025-03-24,2025-03-31,2025-06-23,195
8,APS-001,RETAIL,2025-06-02,92.0,HW_Damped_Mul,94.7357047816396,2021-07-05,2025-03-24,2025-03-31,2025-06-23,195
8,APS-001,RETAIL,2025-06-09,88.0,HW_Damped_Mul,105.62694778129682,2021-07-05,2025-03-24,2025-03-31,2025-06-23,195
8,APS-001,RETAIL,2025-06-16,100.0,HW_Damped_Mul,92.13341894055199,2021-07-05,2025-03-24,2025-03-31,2025-06-23,195
8,APS-001,RETAIL,2025-06-23,93.0,HW_Damped_Mul,87.04072132255267,2021-07-05,2025-03-24,2025-03-31,2025-06-23,195
9,APS-001,RETAIL,2025-06-30,97.0,HW_Add_Add,104.07838208656712,2021-07-05,2025-06-23,2025-06-30,2025-09-22,208
9,APS-001,RETAIL,2025-07-07,115.0,HW_Add_Add,107.57886575518742,2021-07-05,2025-06-23,2025-06-30,2025-09-22,208
9,APS-001,RETAIL,2025-07-14,72.0,HW_Add_Add,103.82924248903942,2021-07-05,2025-06-23,2025-06-30,2025-09-22,208
9,APS-001,RETAIL,2025-07-21,98.0,HW_Add_Add,98.32926304742892,2021-07-05,2025-06-23,2025-06-30,2025-09-22,208
9,APS-001,RETAIL,2025-07-28,72.0,HW_Add_Add,112.57914927745958,2021-07-05,2025-06-23,2025-06-30,2025-09-22,208
9,APS-001,RETAIL,2025-08-04,121.0,HW_Add_Add,120.07968061178286,2021-07-05,2025-06-23,2025-06-30,2025-09-22,208
9,APS-001,RETAIL,2025-08-11,112.0,HW_Add_Add,121.07980835985259,2021-07-05,2025-06-23,2025-06-30,2025-09-22,208
9,APS-001,RETAIL,2025-08-18,107.0,HW_Add_Add,122.07535917860726,2021-07-05,2025-06-23,2025-06-30,2025-09-22,208
9,APS-001,RETAIL,2025-08-25,98.0,HW_Add_Add,115.95532177239531,2021-07-05,2025-06-23,2025-06-30,2025-09-22,208
9,APS-001,RETAIL,2025-09-01,145.0,HW_Add_Add,164.0804477869583,2021-07-05,2025-06-23,2025-06-30,2025-09-22,208
9,APS-001,RETAIL,2025-09-08,168.0,HW_Add_Add,171.33057224576157,2021-07-05,2025-06-23,2025-06-30,2025-09-22,208
9,APS-001,RETAIL,2025-09-15,160.0,HW_Add_Add,178.08084894545928,2021-07-05,2025-06-23,2025-06-30,2025-09-22,208
9,APS-001,RETAIL,2025-09-22,151.0,HW_Add_Add,165.83944600206976,2021-07-05,2025-06-23,2025-06-30,2025-09-22,208
9,APS-001,RETAIL,2025-06-30,97.0,HW_Damped_Add,100.9471931635508,2021-07-05,2025-06-23,2025-06-30,2025-09-22,208
9,APS-001,RETAIL,2025-07-07,115.0,HW_Damped_Add,104.3790235884549,2021-07-05,2025-06-23,2025-06-30,2025-09-22,208
9,APS-001,RETAIL,2025-07-14,72.0,HW_Damped_Add,100.67166689879082,2021-07-05,2025-06-23,2025-06-30,2025-09-22,208
9,APS-001,RETAIL,2025-07-21,98.0,HW_Damped_Add,95.00340211893987,2021-07-05,2025-06-23,2025-06-30,2025-09-22,208
9,APS-001,RETAIL,2025-07-28,72.0,HW_Damped_Add,109.04149107968884,2021-07-05,2025-06-23,2025-06-30,2025-09-22,208
9,APS-001,RETAIL,2025-08-04,121.0,HW_Damped_Add,116.56398118815362,2021-07-05,2025-06-23,2025-06-30,2025-09-22,208
9,APS-001,RETAIL,2025-08-11,112.0,HW_Damped_Add,117.41179076707475,2021-07-05,2025-06-23,2025-06-30,2025-09-22,208
9,APS-001,RETAIL,2025-08-18,107.0,HW_Damped_Add,118.54384770108882,2021-07-05,2025-06-23,2025-06-30,2025-09-22,208
9,APS-001,RETAIL,2025-08-25,98.0,HW_Damped_Add,112.24619720263954,2021-07-05,2025-06-23,2025-06-30,2025-09-22,208
9,APS-001,RETAIL,2025-09-01,145.0,HW_Damped_Add,160.30595617850497,2021-07-05,2025-06-23,2025-06-30,2025-09-22,208
9,APS-001,RETAIL,2025-09-08,168.0,HW_Damped_Add,167.42553070086242,2021-07-05,2025-06-23,2025-06-30,2025-09-22,208
9,APS-001,RETAIL,2025-09-15,160.0,HW_Damped_Add,174.1988204746121,2021-07-05,2025-06-23,2025-06-30,2025-09-22,208
9,APS-001,RETAIL,2025-09-22,151.0,HW_Damped_Add,161.88993366531747,2021-07-05,2025-06-23,2025-06-30,2025-09-22,208
9,APS-001,RETAIL,2025-06-30,97.0,HW_Damped_Mul,93.23722018630669,2021-07-05,2025-06-23,2025-06-30,2025-09-22,208
9,APS-001,RETAIL,2025-07-07,115.0,HW_Damped_Mul,96.76938743416328,2021-07-05,2025-06-23,2025-06-30,2025-09-22,208
9,APS-001,RETAIL,2025-07-14,72.0,HW_Damped_Mul,92.24382584410316,2021-07-05,2025-06-23,2025-06-30,2025-09-22,208
9,APS-001,RETAIL,2025-07-21,98.0,HW_Damped_Mul,86.39303989657571,2021-07-05,2025-06-23,2025-06-30,2025-09-22,208
9,APS-001,RETAIL,2025-07-28,72.0,HW_Damped_Mul,102.13544791228986,2021-07-05,2025-06-23,2025-06-30,2025-09-22,208
9,APS-001,RETAIL,2025-08-04,121.0,HW_Damped_Mul,110.16663304803993,2021-07-05,2025-06-23,2025-06-30,2025-09-22,208
9,APS-001,RETAIL,2025-08-11,112.0,HW_Damped_Mul,111.45712511321156,2021-07-05,2025-06-23,2025-06-30,2025-09-22,208
9,APS-001,RETAIL,2025-08-18,107.0,HW_Damped_Mul,111.7214039927153,2021-07-05,2025-06-23,2025-06-30,2025-09-22,208
9,APS-001,RETAIL,2025-08-25,98.0,HW_Damped_Mul,105.35085152998725,2021-07-05,2025-06-23,2025-06-30,2025-09-22,208
9,APS-001,RETAIL,2025-09-01,145.0,HW_Damped_Mul,158.3466804882099,2021-07-05,2025-06-23,2025-06-30,2025-09-22,208
9,APS-001,RETAIL,2025-09-08,168.0,HW_Damped_Mul,165.9295208048657,2021-07-05,2025-06-23,2025-06-30,2025-09-22,208
9,APS-001,RETAIL,2025-09-15,160.0,HW_Damped_Mul,173.04133295614562,2021-07-05,2025-06-23,2025-06-30,2025-09-22,208
9,APS-001,RETAIL,2025-09-22,151.0,HW_Damped_Mul,159.65545286325573,2021-07-05,2025-06-23,2025-06-30,2025-09-22,208
10,APS-001,RETAIL,2025-09-29,166.0,HW_Add_Add,201.83743433655403,2021-07-05,2025-09-22,2025-09-29,2025-12-22,221
10,APS-001,RETAIL,2025-10-06,235.0,HW_Add_Add,217.08462821753818,2021-07-05,2025-09-22,2025-09-29,2025-12-22,221
10,APS-001,RETAIL,2025-10-13,223.0,HW_Add_Add,213.33065945874273,2021-07-05,2025-09-22,2025-09-29,2025-12-22,221
10,APS-001,RETAIL,2025-10-20,226.0,HW_Add_Add,229.5765812942143,2021-07-05,2025-09-22,2025-09-29,2025-12-22,221
10,APS-001,RETAIL,2025-10-27,220.0,HW_Add_Add,234.07208789831225,2021-07-05,2025-09-22,2025-09-29,2025-12-22,221
10,APS-001,RETAIL,2025-11-03,277.0,HW_Add_Add,261.0678489817832,2021-07-05,2025-09-22,2025-09-29,2025-12-22,221
10,APS-001,RETAIL,2025-11-10,352.0,HW_Add_Add,264.06339167560157,2021-07-05,2025-09-22,2025-09-29,2025-12-22,221
10,APS-001,RETAIL,2025-11-17,299.0,HW_Add_Add,256.2459969943517,2021-07-05,2025-09-22,2025-09-29,2025-12-22,221
10,APS-001,RETAIL,2025-11-24,291.0,HW_Add_Add,302.30783328621794,2021-07-05,2025-09-22,2025-09-29,2025-12-22,221
10,APS-001,RETAIL,2025-12-01,365.0391706474035,HW_Add_Add,286.15813255092735,2021-07-05,2025-09-22,2025-09-29,2025-12-22,221
10,APS-001,RETAIL,2025-12-08,336.4730811124273,HW_Add_Add,293.45796310557927,2021-07-05,2025-09-22,2025-09-29,2025-12-22,221
10,APS-001,RETAIL,2025-12-15,303.10316599391723,HW_Add_Add,303.1564244870353,2021-07-05,2025-09-22,2025-09-29,2025-12-22,221
10,APS-001,RETAIL,2025-12-22,292.37842907722654,HW_Add_Add,273.190398837215,2021-07-05,2025-09-22,2025-09-29,2025-12-22,221
10,APS-001,RETAIL,2025-09-29,166.0,HW_Damped_Add,201.68287825263752,2021-07-05,2025-09-22,2025-09-29,2025-12-22,221
10,APS-001,RETAIL,2025-10-06,235.0,HW_Damped_Add,216.8733732322591,2021-07-05,2025-09-22,2025-09-29,2025-12-22,221
10,APS-001,RETAIL,2025-10-13,223.0,HW_Damped_Add,213.0662150278352,2021-07-05,2025-09-22,2025-09-29,2025-12-22,221
10,APS-001,RETAIL,2025-10-20,226.0,HW_Damped_Add,229.25563777537576,2021-07-05,2025-09-22,2025-09-29,2025-12-22,221
10,APS-001,RETAIL,2025-10-27,220.0,HW_Damped_Add,233.6971773041782,2021-07-05,2025-09-22,2025-09-29,2025-12-22,221
10,APS-001,RETAIL,2025-11-03,277.0,HW_Damped_Add,260.6366780863849,2021-07-05,2025-09-22,2025-09-29,2025-12-22,221
10,APS-001,RETAIL,2025-11-10,352.0,HW_Damped_Add,263.58093447291526,2021-07-05,2025-09-22,2025-09-29,2025-12-22,221
10,APS-001,RETAIL,2025-11-17,299.0,HW_Damped_Add,255.71268898453562,2021-07-05,2025-09-22,2025-09-29,2025-12-22,221
10,APS-001,RETAIL,2025-11-24,291.0,HW_Damped_Add,301.72721610278865,2021-07-05,2025-09-22,2025-09-29,2025-12-22,221
10,APS-001,RETAIL,2025-12-01,365.0391706474035,HW_Damped_Add,285.5309571735752,2021-07-05,2025-09-22,2025-09-29,2025-12-22,221
10,APS-001,RETAIL,2025-12-08,336.4730811124273,HW_Damped_Add,292.78279253145956,2021-07-05,2025-09-22,2025-09-29,2025-12-22,221
10,APS-001,RETAIL,2025-12-15,303.10316599391723,HW_Damped_Add,302.4362202857238,2021-07-05,2025-09-22,2025-09-29,2025-12-22,221
10,APS-001,RETAIL,2025-12-22,292.37842907722654,HW_Damped_Add,272.4246625154356,2021-07-05,2025-09-22,2025-09-29,2025-12-22,221
10,APS-001,RETAIL,2025-09-29,166.0,HW_Damped_Mul,208.70142779929125,2021-07-05,2025-09-22,2025-09-29,2025-12-22,221
10,APS-001,RETAIL,2025-10-06,235.0,HW_Damped_Mul,226.45033559168294,2021-07-05,2025-09-22,2025-09-29,2025-12-22,221
10,APS-001,RETAIL,2025-10-13,223.0,HW_Damped_Mul,221.5696684899217,2021-07-05,2025-09-22,2025-09-29,2025-12-22,221
10,APS-001,RETAIL,2025-10-20,226.0,HW_Damped_Mul,239.518281695188,2021-07-05,2025-09-22,2025-09-29,2025-12-22,221
10,APS-001,RETAIL,2025-10-27,220.0,HW_Damped_Mul,244.3419504897461,2021-07-05,2025-09-22,2025-09-29,2025-12-22,221
10,APS-001,RETAIL,2025-11-03,277.0,HW_Damped_Mul,274.05102795922727,2021-07-05,2025-09-22,2025-09-29,2025-12-22,221
10,APS-001,RETAIL,2025-11-10,352.0,HW_Damped_Mul,276.3364226526403,2021-07-05,2025-09-22,2025-09-29,2025-12-22,221
10,APS-001,RETAIL,2025-11-17,299.0,HW_Damped_Mul,268.1613431972182,2021-07-05,2025-09-22,2025-09-29,2025-12-22,221
10,APS-001,RETAIL,2025-11-24,291.0,HW_Damped_Mul,317.4311977636985,2021-07-05,2025-09-22,2025-09-29,2025-12-22,221
10,APS-001,RETAIL,2025-12-01,365.0391706474035,HW_Damped_Mul,300.37516863765137,2021-07-05,2025-09-22,2025-09-29,2025-12-22,221
10,APS-001,RETAIL,2025-12-08,336.4730811124273,HW_Damped_Mul,308.33654554552874,2021-07-05,2025-09-22,2025-09-29,2025-12-22,221
10,APS-001,RETAIL,2025-12-15,303.10316599391723,HW_Damped_Mul,317.48213990571844,2021-07-05,2025-09-22,2025-09-29,2025-12-22,221
10,APS-001,RETAIL,2025-12-22,292.37842907722654,HW_Damped_Mul,285.2709266323084,2021-07-05,2025-09-22,2025-09-29,2025-12-22,221
11,APS-001,RETAIL,2025-12-29,293.98783893299577,HW_Add_Add,296.2709493526789,2021-07-05,2025-12-22,2025-12-29,2026-03-23,234
11,APS-001,RETAIL,2026-01-05,291.1536341773468,HW_Add_Add,296.4133887050771,2021-07-05,2025-12-22,2025-12-29,2026-03-23,234
11,APS-001,RETAIL,2026-01-12,269.7274820781547,HW_Add_Add,312.1285419992112,2021-07-05,2025-12-22,2025-12-29,2026-03-23,234
11,APS-001,RETAIL,2026-01-19,357.76923311466174,HW_Add_Add,339.8700963031005,2021-07-05,2025-12-22,2025-12-29,2026-03-23,234
11,APS-001,RETAIL,2026-01-26,242.13307043323024,HW_Add_Add,291.11569985440985,2021-07-05,2025-12-22,2025-12-29,2026-03-23,234
11,APS-001,RETAIL,2026-02-02,255.25,HW_Add_Add,262.4290464409974,2021-07-05,2025-12-22,2025-12-29,2026-03-23,234
11,APS-001,RETAIL,2026-02-09,267.8201399075184,HW_Add_Add,266.6784149057825,2021-07-05,2025-12-22,2025-12-29,2026-03-23,234
11,APS-001,RETAIL,2026-02-16,279.30852747447,HW_Add_Add,288.8809199925229,2021-07-05,2025-12-22,2025-12-29,2026-03-23,234
11,APS-001,RETAIL,2026-02-23,266.213489311448,HW_Add_Add,266.9700395543289,2021-07-05,2025-12-22,2025-12-29,2026-03-23,234
11,APS-001,RETAIL,2026-03-02,223.74746551785296,HW_Add_Add,238.55559125944575,2021-07-05,2025-12-22,2025-12-29,2026-03-23,234
11,APS-001,RETAIL,2026-03-09,190.35420276805365,HW_Add_Add,207.86897018293755,2021-07-05,2025-12-22,2025-12-29,2026-03-23,234
11,APS-001,RETAIL,2026-03-16,209.0,HW_Add_Add,200.34473344485056,2021-07-05,2025-12-22,2025-12-29,2026-03-23,234
11,APS-001,RETAIL,2026-03-23,208.375,HW_Add_Add,202.8497304861933,2021-07-05,2025-12-22,2025-12-29,2026-03-23,234
11,APS-001,RETAIL,2025-12-29,293.98783893299577,HW_Damped_Add,296.35818306684365,2021-07-05,2025-12-22,2025-12-29,2026-03-23,234
11,APS-001,RETAIL,2026-01-05,291.1536341773468,HW_Damped_Add,296.49094188602203,2021-07-05,2025-12-22,2025-12-29,2026-03-23,234
11,APS-001,RETAIL,2026-01-12,269.7274820781547,HW_Damped_Add,312.02511615885413,2021-07-05,2025-12-22,2025-12-29,2026-03-23,234
11,APS-001,RETAIL,2026-01-19,357.76923311466174,HW_Damped_Add,339.6877221586226,2021-07-05,2025-12-22,2025-12-29,2026-03-23,234
11,APS-001,RETAIL,2026-01-26,242.13307043323024,HW_Damped_Add,290.9034772801262,2021-07-05,2025-12-22,2025-12-29,2026-03-23,234
11,APS-001,RETAIL,2026-02-02,255.25,HW_Damped_Add,261.9765007760065,2021-07-05,2025-12-22,2025-12-29,2026-03-23,234
11,APS-001,RETAIL,2026-02-09,267.8201399075184,HW_Damped_Add,266.1507897781029,2021-07-05,2025-12-22,2025-12-29,2026-03-23,234
11,APS-001,RETAIL,2026-02-16,279.30852747447,HW_Damped_Add,288.31129121426034,2021-07-05,2025-12-22,2025-12-29,2026-03-23,234
11,APS-001,RETAIL,2026-02-23,266.213489311448,HW_Damped_Add,266.2380995143504,2021-07-05,2025-12-22,2025-12-29,2026-03-23,234
11,APS-001,RETAIL,2026-03-02,223.74746551785296,HW_Damped_Add,237.76456059423143,2021-07-05,2025-12-22,2025-12-29,2026-03-23,234
11,APS-001,RETAIL,2026-03-09,190.35420276805365,HW_Damped_Add,206.90138698684535,2021-07-05,2025-12-22,2025-12-29,2026-03-23,234
11,APS-001,RETAIL,2026-03-16,209.0,HW_Damped_Add,199.2788760891295,2021-07-05,2025-12-22,2025-12-29,2026-03-23,234
11,APS-001,RETAIL,2026-03-23,208.375,HW_Damped_Add,201.7336969326872,2021-07-05,2025-12-22,2025-12-29,2026-03-23,234
11,APS-001,RETAIL,2025-12-29,293.98783893299577,HW_Damped_Mul,294.53350134835415,2021-07-05,2025-12-22,2025-12-29,2026-03-23,234
11,APS-001,RETAIL,2026-01-05,291.1536341773468,HW_Damped_Mul,293.631086796109,2021-07-05,2025-12-22,2025-12-29,2026-03-23,234
11,APS-001,RETAIL,2026-01-12,269.7274820781547,HW_Damped_Mul,312.3188939140657,2021-07-05,2025-12-22,2025-12-29,2026-03-23,234
11,APS-001,RETAIL,2026-01-19,357.76923311466174,HW_Damped_Mul,341.98588252599103,2021-07-05,2025-12-22,2025-12-29,2026-03-23,234
11,APS-001,RETAIL,2026-01-26,242.13307043323024,HW_Damped_Mul,287.3137766185495,2021-07-05,2025-12-22,2025-12-29,2026-03-23,234
11,APS-001,RETAIL,2026-02-02,255.25,HW_Damped_Mul,257.6897035509901,2021-07-05,2025-12-22,2025-12-29,2026-03-23,234
11,APS-001,RETAIL,2026-02-09,267.8201399075184,HW_Damped_Mul,262.2499097854867,2021-07-05,2025-12-22,2025-12-29,2026-03-23,234
11,APS-001,RETAIL,2026-02-16,279.30852747447,HW_Damped_Mul,285.2700739519269,2021-07-05,2025-12-22,2025-12-29,2026-03-23,234
11,APS-001,RETAIL,2026-02-23,266.213489311448,HW_Damped_Mul,261.8098359155298,2021-07-05,2025-12-22,2025-12-29,2026-03-23,234
11,APS-001,RETAIL,2026-03-02,223.74746551785296,HW_Damped_Mul,230.30241824681613,2021-07-05,2025-12-22,2025-12-29,2026-03-23,234
11,APS-001,RETAIL,2026-03-09,190.35420276805365,HW_Damped_Mul,197.52346210587675,2021-07-05,2025-12-22,2025-12-29,2026-03-23,234
11,APS-001,RETAIL,2026-03-16,209.0,HW_Damped_Mul,189.4798358847971,2021-07-05,2025-12-22,2025-12-29,2026-03-23,234
11,APS-001,RETAIL,2026-03-23,208.375,HW_Damped_Mul,190.6974232571919,2021-07-05,2025-12-22,2025-12-29,2026-03-23,234
12,APS-001,RETAIL,2026-03-30,192.04817149109076,HW_Add_Add,163.7528293248049,2021-07-05,2026-03-23,2026-03-30,2026-06-22,247
12,APS-001,RETAIL,2026-04-06,147.0,HW_Add_Add,166.0533561494849,2021-07-05,2026-03-23,2026-03-30,2026-06-22,247
12,APS-001,RETAIL,2026-04-13,137.77487445054112,HW_Add_Add,151.99259789740464,2021-07-05,2026-03-23,2026-03-30,2026-06-22,247
12,APS-001,RETAIL,2026-04-20,125.1781956224911,HW_Add_Add,140.84730153501803,2021-07-05,2026-03-23,2026-03-30,2026-06-22,247
12,APS-001,RETAIL,2026-04-27,135.0,HW_Add_Add,143.46338703738468,2021-07-05,2026-03-23,2026-03-30,2026-06-22,247
12,APS-001,RETAIL,2026-05-04,127.0,HW_Add_Add,127.50138705252475,2021-07-05,2026-03-23,2026-03-30,2026-06-22,247
12,APS-001,RETAIL,2026-05-11,107.4772217006198,HW_Add_Add,128.5017487935964,2021-07-05,2026-03-23,2026-03-30,2026-06-22,247
12,APS-001,RETAIL,2026-05-18,113.0,HW_Add_Add,124.76385518630202,2021-07-05,2026-03-23,2026-03-30,2026-06-22,247
12,APS-001,RETAIL,2026-05-25,124.0,HW_Add_Add,122.99253222293454,2021-07-05,2026-03-23,2026-03-30,2026-06-22,247
12,APS-001,RETAIL,2026-06-01,96.0,HW_Add_Add,107.99704120222812,2021-07-05,2026-03-23,2026-03-30,2026-06-22,247
12,APS-001,RETAIL,2026-06-08,98.0,HW_Add_Add,114.75856302555542,2021-07-05,2026-03-23,2026-03-30,2026-06-22,247
12,APS-001,RETAIL,2026-06-15,100.0,HW_Add_Add,108.23740051200124,2021-07-05,2026-03-23,2026-03-30,2026-06-22,247
12,APS-001,RETAIL,2026-06-22,96.0,HW_Add_Add,102.9896313857357,2021-07-05,2026-03-23,2026-03-30,2026-06-22,247
12,APS-001,RETAIL,2026-03-30,192.04817149109076,HW_Damped_Add,164.6313283688135,2021-07-05,2026-03-23,2026-03-30,2026-06-22,247
12,APS-001,RETAIL,2026-04-06,147.0,HW_Damped_Add,166.7633494772153,2021-07-05,2026-03-23,2026-03-30,2026-06-22,247
12,APS-001,RETAIL,2026-04-13,137.77487445054112,HW_Damped_Add,152.51246105385374,2021-07-05,2026-03-23,2026-03-30,2026-06-22,247
12,APS-001,RETAIL,2026-04-20,125.1781956224911,HW_Damped_Add,141.17530351590935,2021-07-05,2026-03-23,2026-03-30,2026-06-22,247
12,APS-001,RETAIL,2026-04-27,135.0,HW_Damped_Add,143.65888601070702,2021-07-05,2026-03-23,2026-03-30,2026-06-22,247
12,APS-001,RETAIL,2026-05-04,127.0,HW_Damped_Add,127.49893928695623,2021-07-05,2026-03-23,2026-03-30,2026-06-22,247
12,APS-001,RETAIL,2026-05-11,107.4772217006198,HW_Damped_Add,128.32713898094175,2021-07-05,2026-03-23,2026-03-30,2026-06-22,247
12,APS-001,RETAIL,2026-05-18,113.0,HW_Damped_Add,124.40330265670426,2021-07-05,2026-03-23,2026-03-30,2026-06-22,247
12,APS-001,RETAIL,2026-05-25,124.0,HW_Damped_Add,122.47797737496785,2021-07-05,2026-03-23,2026-03-30,2026-06-22,247
12,APS-001,RETAIL,2026-06-01,96.0,HW_Damped_Add,107.30332314615966,2021-07-05,2026-03-23,2026-03-30,2026-06-22,247
12,APS-001,RETAIL,2026-06-08,98.0,HW_Damped_Add,113.87811589457515,2021-07-05,2026-03-23,2026-03-30,2026-06-22,247
12,APS-001,RETAIL,2026-06-15,100.0,HW_Damped_Add,107.20218262350444,2021-07-05,2026-03-23,2026-03-30,2026-06-22,247
12,APS-001,RETAIL,2026-06-22,96.0,HW_Damped_Add,101.77754046751318,2021-07-05,2026-03-23,2026-03-30,2026-06-22,247
12,APS-001,RETAIL,2026-03-30,192.04817149109076,HW_Damped_Mul,157.38549703617105,2021-07-05,2026-03-23,2026-03-30,2026-06-22,247
12,APS-001,RETAIL,2026-04-06,147.0,HW_Damped_Mul,159.32065734037818,2021-07-05,2026-03-23,2026-03-30,2026-06-22,247
12,APS-001,RETAIL,2026-04-13,137.77487445054112,HW_Damped_Mul,143.86251732561593,2021-07-05,2026-03-23,2026-03-30,2026-06-22,247
12,APS-001,RETAIL,2026-04-20,125.1781956224911,HW_Damped_Mul,131.3441950621,2021-07-05,2026-03-23,2026-03-30,2026-06-22,247
12,APS-001,RETAIL,2026-04-27,135.0,HW_Damped_Mul,135.24305586097833,2021-07-05,2026-03-23,2026-03-30,2026-06-22,247
12,APS-001,RETAIL,2026-05-04,127.0,HW_Damped_Mul,117.17189011948867,2021-07-05,2026-03-23,2026-03-30,2026-06-22,247
12,APS-001,RETAIL,2026-05-11,107.4772217006198,HW_Damped_Mul,118.17534298332377,2021-07-05,2026-03-23,2026-03-30,2026-06-22,247
12,APS-001,RETAIL,2026-05-18,113.0,HW_Damped_Mul,114.08368308702505,2021-07-05,2026-03-23,2026-03-30,2026-06-22,247
12,APS-001,RETAIL,2026-05-25,124.0,HW_Damped_Mul,112.58683558990433,2021-07-05,2026-03-23,2026-03-30,2026-06-22,247
12,APS-001,RETAIL,2026-06-01,96.0,HW_Damped_Mul,96.23273386648172,2021-07-05,2026-03-23,2026-03-30,2026-06-22,247
12,APS-001,RETAIL,2026-06-08,98.0,HW_Damped_Mul,103.14857710084529,2021-07-05,2026-03-23,2026-03-30,2026-06-22,247
12,APS-001,RETAIL,2026-06-15,100.0,HW_Damped_Mul,96.54356658935546,2021-07-05,2026-03-23,2026-03-30,2026-06-22,247
12,APS-001,RETAIL,2026-06-22,96.0,HW_Damped_Mul,90.77213436341178,2021-07-05,2026-03-23,2026-03-30,2026-06-22,247
1,APS-001,WHOLESALE,2023-07-03,52.0,HW_Add_Add,90.6878061666277,2021-07-05,2023-06-26,2023-07-03,2023-09-25,104
1,APS-001,WHOLESALE,2023-07-10,78.0,HW_Add_Add,85.68786859398669,2021-07-05,2023-06-26,2023-07-03,2023-09-25,104
1,APS-001,WHOLESALE,2023-07-17,60.00000000000001,HW_Add_Add,84.6881342849694,2021-07-05,2023-06-26,2023-07-03,2023-09-25,104
1,APS-001,WHOLESALE,2023-07-24,77.0,HW_Add_Add,73.18854988203954,2021-07-05,2023-06-26,2023-07-03,2023-09-25,104
1,APS-001,WHOLESALE,2023-07-31,68.0,HW_Add_Add,94.6887993287772,2021-07-05,2023-06-26,2023-07-03,2023-09-25,104
1,APS-001,WHOLESALE,2023-08-07,56.0,HW_Add_Add,99.18867504341495,2021-07-05,2023-06-26,2023-07-03,2023-09-25,104
1,APS-001,WHOLESALE,2023-08-14,80.0,HW_Add_Add,109.68886328622193,2021-07-05,2023-06-26,2023-07-03,2023-09-25,104
1,APS-001,WHOLESALE,2023-08-21,72.0,HW_Add_Add,84.18910275478103,2021-07-05,2023-06-26,2023-07-03,2023-09-25,104
1,APS-001,WHOLESALE,2023-08-28,62.0,HW_Add_Add,103.68944128032166,2021-07-05,2023-06-26,2023-07-03,2023-09-25,104
1,APS-001,WHOLESALE,2023-09-04,106.0,HW_Add_Add,127.68955704521179,2021-07-05,2023-06-26,2023-07-03,2023-09-25,104
1,APS-001,WHOLESALE,2023-09-11,104.0,HW_Add_Add,150.18965094266915,2021-07-05,2023-06-26,2023-07-03,2023-09-25,104
1,APS-001,WHOLESALE,2023-09-18,167.0,HW_Add_Add,92.18934678161952,2021-07-05,2023-06-26,2023-07-03,2023-09-25,104
1,APS-001,WHOLESALE,2023-09-25,179.25,HW_Add_Add,138.18954452642063,2021-07-05,2023-06-26,2023-07-03,2023-09-25,104
1,APS-001,WHOLESALE,2023-07-03,52.0,HW_Damped_Add,88.97098107189163,2021-07-05,2023-06-26,2023-07-03,2023-09-25,104
1,APS-001,WHOLESALE,2023-07-10,78.0,HW_Damped_Add,84.15461979357708,2021-07-05,2023-06-26,2023-07-03,2023-09-25,104
1,APS-001,WHOLESALE,2023-07-17,60.00000000000001,HW_Damped_Add,83.33119701307848,2021-07-05,2023-06-26,2023-07-03,2023-09-25,104
1,APS-001,WHOLESALE,2023-07-24,77.0,HW_Damped_Add,72.00184223405303,2021-07-05,2023-06-26,2023-07-03,2023-09-25,104
1,APS-001,WHOLESALE,2023-07-31,68.0,HW_Damped_Add,93.66608548575614,2021-07-05,2023-06-26,2023-07-03,2023-09-25,104
1,APS-001,WHOLESALE,2023-08-07,56.0,HW_Damped_Add,98.32359944951537,2021-07-05,2023-06-26,2023-07-03,2023-09-25,104
1,APS-001,WHOLESALE,2023-08-14,80.0,HW_Damped_Add,108.9750354913629,2021-07-05,2023-06-26,2023-07-03,2023-09-25,104
1,APS-001,WHOLESALE,2023-08-21,72.0,HW_Damped_Add,83.62043055032957,2021-07-05,2023-06-26,2023-07-03,2023-09-25,104
1,APS-001,WHOLESALE,2023-08-28,62.0,HW_Damped_Add,103.26006082299145,2021-07-05,2023-06-26,2023-07-03,2023-09-25,104
1,APS-001,WHOLESALE,2023-09-04,106.0,HW_Damped_Add,127.39391718282326,2021-07-05,2023-06-26,2023-07-03,2023-09-25,104
1,APS-001,WHOLESALE,2023-09-11,104.0,HW_Damped_Add,150.02250115790108,2021-07-05,2023-06-26,2023-07-03,2023-09-25,104
1,APS-001,WHOLESALE,2023-09-18,167.0,HW_Damped_Add,92.14576453697556,2021-07-05,2023-06-26,2023-07-03,2023-09-25,104
1,APS-001,WHOLESALE,2023-09-25,179.25,HW_Damped_Add,138.263839207733,2021-07-05,2023-06-26,2023-07-03,2023-09-25,104
1,APS-001,WHOLESALE,2023-07-03,52.0,HW_Damped_Mul,88.54586132230723,2021-07-05,2023-06-26,2023-07-03,2023-09-25,104
1,APS-001,WHOLESALE,2023-07-10,78.0,HW_Damped_Mul,83.61703871133471,2021-07-05,2023-06-26,2023-07-03,2023-09-25,104
1,APS-001,WHOLESALE,2023-07-17,60.00000000000001,HW_Damped_Mul,83.33724989809959,2021-07-05,2023-06-26,2023-07-03,2023-09-25,104
1,APS-001,WHOLESALE,2023-07-24,77.0,HW_Damped_Mul,72.80040191014399,2021-07-05,2023-06-26,2023-07-03,2023-09-25,104
1,APS-001,WHOLESALE,2023-07-31,68.0,HW_Damped_Mul,93.30559013325724,2021-07-05,2023-06-26,2023-07-03,2023-09-25,104
1,APS-001,WHOLESALE,2023-08-07,56.0,HW_Damped_Mul,97.40013751175083,2021-07-05,2023-06-26,2023-07-03,2023-09-25,104
1,APS-001,WHOLESALE,2023-08-14,80.0,HW_Damped_Mul,107.71093182453407,2021-07-05,2023-06-26,2023-07-03,2023-09-25,104
1,APS-001,WHOLESALE,2023-08-21,72.0,HW_Damped_Mul,83.41596320923277,2021-07-05,2023-06-26,2023-07-03,2023-09-25,104
1,APS-001,WHOLESALE,2023-08-28,62.0,HW_Damped_Mul,102.82365698160937,2021-07-05,2023-06-26,2023-07-03,2023-09-25,104
1,APS-001,WHOLESALE,2023-09-04,106.0,HW_Damped_Mul,126.22521538018685,2021-07-05,2023-06-26,2023-07-03,2023-09-25,104
1,APS-001,WHOLESALE,2023-09-11,104.0,HW_Damped_Mul,148.0874780523562,2021-07-05,2023-06-26,2023-07-03,2023-09-25,104
1,APS-001,WHOLESALE,2023-09-18,167.0,HW_Damped_Mul,91.06770206536856,2021-07-05,2023-06-26,2023-07-03,2023-09-25,104
1,APS-001,WHOLESALE,2023-09-25,179.25,HW_Damped_Mul,136.3066804926997,2021-07-05,2023-06-26,2023-07-03,2023-09-25,104
2,APS-001,WHOLESALE,2023-10-02,245.0,HW_Add_Add,191.95332700247775,2021-07-05,2023-09-25,2023-10-02,2023-12-25,117
2,APS-001,WHOLESALE,2023-10-09,240.2022068959012,HW_Add_Add,160.9585450421223,2021-07-05,2023-09-25,2023-10-02,2023-12-25,117
2,APS-001,WHOLESALE,2023-10-16,220.25,HW_Add_Add,174.46482326658776,2021-07-05,2023-09-25,2023-10-02,2023-12-25,117
2,APS-001,WHOLESALE,2023-10-23,207.0,HW_Add_Add,197.47002738702804,2021-07-05,2023-09-25,2023-10-02,2023-12-25,117
2,APS-001,WHOLESALE,2023-10-30,192.0,HW_Add_Add,200.97226251483647,2021-07-05,2023-09-25,2023-10-02,2023-12-25,117
2,APS-001,WHOLESALE,2023-11-06,274.2664147612716,HW_Add_Add,230.47873635828296,2021-07-05,2023-09-25,2023-10-02,2023-12-25,117
2,APS-001,WHOLESALE,2023-11-13,306.0,HW_Add_Add,207.95471779646851,2021-07-05,2023-09-25,2023-10-02,2023-12-25,117
2,APS-001,WHOLESALE,2023-11-20,263.25,HW_Add_Add,281.1690217419101,2021-07-05,2023-09-25,2023-10-02,2023-12-25,117
2,APS-001,WHOLESALE,2023-11-27,338.0,HW_Add_Add,270.4896567365683,2021-07-05,2023-09-25,2023-10-02,2023-12-25,117
2,APS-001,WHOLESALE,2023-12-04,351.76971878588483,HW_Add_Add,284.9978002334984,2021-07-05,2023-09-25,2023-10-02,2023-12-25,117
2,APS-001,WHOLESALE,2023-12-11,319.76813758013594,HW_Add_Add,293.02674946069334,2021-07-05,2023-09-25,2023-10-02,2023-12-25,117
2,APS-001,WHOLESALE,2023-12-18,218.29156057952537,HW_Add_Add,225.54428690963599,2021-07-05,2023-09-25,2023-10-02,2023-12-25,117
2,APS-001,WHOLESALE,2023-12-25,190.0,HW_Add_Add,244.5309740779565,2021-07-05,2023-09-25,2023-10-02,2023-12-25,117
2,APS-001,WHOLESALE,2023-10-02,245.0,HW_Damped_Add,195.10377270939955,2021-07-05,2023-09-25,2023-10-02,2023-12-25,117
2,APS-001,WHOLESALE,2023-10-09,240.2022068959012,HW_Damped_Add,164.32164997699314,2021-07-05,2023-09-25,2023-10-02,2023-12-25,117
2,APS-001,WHOLESALE,2023-10-16,220.25,HW_Damped_Add,178.1865265238073,2021-07-05,2023-09-25,2023-10-02,2023-12-25,117
2,APS-001,WHOLESALE,2023-10-23,207.0,HW_Damped_Add,201.42900383774767,2021-07-05,2023-09-25,2023-10-02,2023-12-25,117
2,APS-001,WHOLESALE,2023-10-30,192.0,HW_Damped_Add,204.96675212026162,2021-07-05,2023-09-25,2023-10-02,2023-12-25,117
2,APS-001,WHOLESALE,2023-11-06,274.2664147612716,HW_Damped_Add,234.9496738658414,2021-07-05,2023-09-25,2023-10-02,2023-12-25,117
2,APS-001,WHOLESALE,2023-11-13,306.0,HW_Damped_Add,212.6546187082497,2021-07-05,2023-09-25,2023-10-02,2023-12-25,117
2,APS-001,WHOLESALE,2023-11-20,263.25,HW_Damped_Add,286.0685302221134,2021-07-05,2023-09-25,2023-10-02,2023-12-25,117
2,APS-001,WHOLESALE,2023-11-27,338.0,HW_Damped_Add,275.6734158969162,2021-07-05,2023-09-25,2023-10-02,2023-12-25,117
2,APS-001,WHOLESALE,2023-12-04,351.76971878588483,HW_Damped_Add,290.2235949342562,2021-07-05,2023-09-25,2023-10-02,2023-12-25,117
2,APS-001,WHOLESALE,2023-12-11,319.76813758013594,HW_Damped_Add,298.6158420537117,2021-07-05,2023-09-25,2023-10-02,2023-12-25,117
2,APS-001,WHOLESALE,2023-12-18,218.29156057952537,HW_Damped_Add,230.91558186792992,2021-07-05,2023-09-25,2023-10-02,2023-12-25,117
2,APS-001,WHOLESALE,2023-12-25,190.0,HW_Damped_Add,250.02795407370704,2021-07-05,2023-09-25,2023-10-02,2023-12-25,117
2,APS-001,WHOLESALE,2023-10-02,245.0,HW_Damped_Mul,191.76326848803947,2021-07-05,2023-09-25,2023-10-02,2023-12-25,117
2,APS-001,WHOLESALE,2023-10-09,240.2022068959012,HW_Damped_Mul,163.45406392338998,2021-07-05,2023-09-25,2023-10-02,2023-12-25,117
2,APS-001,WHOLESALE,2023-10-16,220.25,HW_Damped_Mul,176.43368901464714,2021-07-05,2023-09-25,2023-10-02,2023-12-25,117
2,APS-001,WHOLESALE,2023-10-23,207.0,HW_Damped_Mul,199.4770779311993,2021-07-05,2023-09-25,2023-10-02,2023-12-25,117
2,APS-001,WHOLESALE,2023-10-30,192.0,HW_Damped_Mul,204.96992746440856,2021-07-05,2023-09-25,2023-10-02,2023-12-25,117
2,APS-001,WHOLESALE,2023-11-06,274.2664147612716,HW_Damped_Mul,232.36474950779376,2021-07-05,2023-09-25,2023-10-02,2023-12-25,117
2,APS-001,WHOLESALE,2023-11-13,306.0,HW_Damped_Mul,210.8557346385713,2021-07-05,2023-09-25,2023-10-02,2023-12-25,117
2,APS-001,WHOLESALE,2023-11-20,263.25,HW_Damped_Mul,282.69739791817676,2021-07-05,2023-09-25,2023-10-02,2023-12-25,117
2,APS-001,WHOLESALE,2023-11-27,338.0,HW_Damped_Mul,272.19093324995237,2021-07-05,2023-09-25,2023-10-02,2023-12-25,117
2,APS-001,WHOLESALE,2023-12-04,351.76971878588483,HW_Damped_Mul,287.57957107396214,2021-07-05,2023-09-25,2023-10-02,2023-12-25,117
2,APS-001,WHOLESALE,2023-12-11,319.76813758013594,HW_Damped_Mul,294.8205864410179,2021-07-05,2023-09-25,2023-10-02,2023-12-25,117
2,APS-001,WHOLESALE,2023-12-18,218.29156057952537,HW_Damped_Mul,230.84445592855155,2021-07-05,2023-09-25,2023-10-02,2023-12-25,117
2,APS-001,WHOLESALE,2023-12-25,190.0,HW_Damped_Mul,249.79517219012823,2021-07-05,2023-09-25,2023-10-02,2023-12-25,117
3,APS-001,WHOLESALE,2024-01-01,111.0,HW_Add_Add,205.26737527386757,2021-07-05,2023-12-25,2024-01-01,2024-03-25,130
3,APS-001,WHOLESALE,2024-01-08,293.89722571236183,HW_Add_Add,237.00375386247254,2021-07-05,2023-12-25,2024-01-01,2024-03-25,130
3,APS-001,WHOLESALE,2024-01-15,242.6784040490745,HW_Add_Add,227.88774389594283,2021-07-05,2023-12-25,2024-01-01,2024-03-25,130
3,APS-001,WHOLESALE,2024-01-22,241.4266505699599,HW_Add_Add,271.6993255597764,2021-07-05,2023-12-25,2024-01-01,2024-03-25,130
3,APS-001,WHOLESALE,2024-01-29,209.4467138366209,HW_Add_Add,244.7969199067416,2021-07-05,2023-12-25,2024-01-01,2024-03-25,130
3,APS-001,WHOLESALE,2024-02-05,202.5,HW_Add_Add,199.36940495199036,2021-07-05,2023-12-25,2024-01-01,2024-03-25,130
3,APS-001,WHOLESALE,2024-02-12,220.00615624579228,HW_Add_Add,218.74176048184688,2021-07-05,2023-12-25,2024-01-01,2024-03-25,130
3,APS-001,WHOLESALE,2024-02-19,175.19154871220704,HW_Add_Add,220.0626162751296,2021-07-05,2023-12-25,2024-01-01,2024-03-25,130
3,APS-001,WHOLESALE,2024-02-26,218.7388693899351,HW_Add_Add,132.91812058694367,2021-07-05,2023-12-25,2024-01-01,2024-03-25,130
3,APS-001,WHOLESALE,2024-03-04,127.5985373621994,HW_Add_Add,203.00836560856533,2021-07-05,2023-12-25,2024-01-01,2024-03-25,130
3,APS-001,WHOLESALE,2024-03-11,189.80778659778616,HW_Add_Add,162.6488650602668,2021-07-05,2023-12-25,2024-01-01,2024-03-25,130
3,APS-001,WHOLESALE,2024-03-18,189.9593780129419,HW_Add_Add,131.5420078859955,2021-07-05,2023-12-25,2024-01-01,2024-03-25,130
3,APS-001,WHOLESALE,2024-03-25,134.83842688954758,HW_Add_Add,192.72742232342117,2021-07-05,2023-12-25,2024-01-01,2024-03-25,130
3,APS-001,WHOLESALE,2024-01-01,111.0,HW_Damped_Add,204.46857203206113,2021-07-05,2023-12-25,2024-01-01,2024-03-25,130
3,APS-001,WHOLESALE,2024-01-08,293.89722571236183,HW_Damped_Add,236.15594242992796,2021-07-05,2023-12-25,2024-01-01,2024-03-25,130
3,APS-001,WHOLESALE,2024-01-15,242.6784040490745,HW_Damped_Add,227.17297043217644,2021-07-05,2023-12-25,2024-01-01,2024-03-25,130
3,APS-001,WHOLESALE,2024-01-22,241.4266505699599,HW_Damped_Add,270.92552903352515,2021-07-05,2023-12-25,2024-01-01,2024-03-25,130
3,APS-001,WHOLESALE,2024-01-29,209.4467138366209,HW_Damped_Add,244.15269913710407,2021-07-05,2023-12-25,2024-01-01,2024-03-25,130
3,APS-001,WHOLESALE,2024-02-05,202.5,HW_Damped_Add,198.73233176363726,2021-07-05,2023-12-25,2024-01-01,2024-03-25,130
3,APS-001,WHOLESALE,2024-02-12,220.00615624579228,HW_Damped_Add,217.9813850978175,2021-07-05,2023-12-25,2024-01-01,2024-03-25,130
3,APS-001,WHOLESALE,2024-02-19,175.19154871220704,HW_Damped_Add,219.49431454892115,2021-07-05,2023-12-25,2024-01-01,2024-03-25,130
3,APS-001,WHOLESALE,2024-02-26,218.7388693899351,HW_Damped_Add,132.27949393621844,2021-07-05,2023-12-25,2024-01-01,2024-03-25,130
3,APS-001,WHOLESALE,2024-03-04,127.5985373621994,HW_Damped_Add,202.49493210156945,2021-07-05,2023-12-25,2024-01-01,2024-03-25,130
3,APS-001,WHOLESALE,2024-03-11,189.80778659778616,HW_Damped_Add,162.16393123538768,2021-07-05,2023-12-25,2024-01-01,2024-03-25,130
3,APS-001,WHOLESALE,2024-03-18,189.9593780129419,HW_Damped_Add,131.02856771297297,2021-07-05,2023-12-25,2024-01-01,2024-03-25,130
3,APS-001,WHOLESALE,2024-03-25,134.83842688954758,HW_Damped_Add,192.19310744601313,2021-07-05,2023-12-25,2024-01-01,2024-03-25,130
3,APS-001,WHOLESALE,2024-01-01,111.0,HW_Damped_Mul,204.4543318985652,2021-07-05,2023-12-25,2024-01-01,2024-03-25,130
3,APS-001,WHOLESALE,2024-01-08,293.89722571236183,HW_Damped_Mul,236.11353315383568,2021-07-05,2023-12-25,2024-01-01,2024-03-25,130
3,APS-001,WHOLESALE,2024-01-15,242.6784040490745,HW_Damped_Mul,227.15906050446307,2021-07-05,2023-12-25,2024-01-01,2024-03-25,130
3,APS-001,WHOLESALE,2024-01-22,241.4266505699599,HW_Damped_Mul,270.876181322561,2021-07-05,2023-12-25,2024-01-01,2024-03-25,130
3,APS-001,WHOLESALE,2024-01-29,209.4467138366209,HW_Damped_Mul,244.1402804765632,2021-07-05,2023-12-25,2024-01-01,2024-03-25,130
3,APS-001,WHOLESALE,2024-02-05,202.5,HW_Damped_Mul,198.72191849786645,2021-07-05,2023-12-25,2024-01-01,2024-03-25,130
3,APS-001,WHOLESALE,2024-02-12,220.00615624579228,HW_Damped_Mul,217.91761659921926,2021-07-05,2023-12-25,2024-01-01,2024-03-25,130
3,APS-001,WHOLESALE,2024-02-19,175.19154871220704,HW_Damped_Mul,219.4877913348294,2021-07-05,2023-12-25,2024-01-01,2024-03-25,130
3,APS-001,WHOLESALE,2024-02-26,218.7388693899351,HW_Damped_Mul,132.23548558663845,2021-07-05,2023-12-25,2024-01-01,2024-03-25,130
3,APS-001,WHOLESALE,2024-03-04,127.5985373621994,HW_Damped_Mul,202.4867597444421,2021-07-05,2023-12-25,2024-01-01,2024-03-25,130
3,APS-001,WHOLESALE,2024-03-11,189.80778659778616,HW_Damped_Mul,162.16031656388833,2021-07-05,2023-12-25,2024-01-01,2024-03-25,130
3,APS-001,WHOLESALE,2024-03-18,189.9593780129419,HW_Damped_Mul,131.00816742605457,2021-07-05,2023-12-25,2024-01-01,2024-03-25,130
3,APS-001,WHOLESALE,2024-03-25,134.83842688954758,HW_Damped_Mul,192.16530391644022,2021-07-05,2023-12-25,2024-01-01,2024-03-25,130
4,APS-001,WHOLESALE,2024-04-01,162.42517829069433,HW_Add_Add,139.8400267794874,2021-07-05,2024-03-25,2024-04-01,2024-06-24,143
4,APS-001,WHOLESALE,2024-04-08,136.5307318795697,HW_Add_Add,166.8591632456296,2021-07-05,2024-03-25,2024-04-01,2024-06-24,143
4,APS-001,WHOLESALE,2024-04-15,89.85130127267684,HW_Add_Add,131.60098231146912,2021-07-05,2024-03-25,2024-04-01,2024-06-24,143
4,APS-001,WHOLESALE,2024-04-22,130.0,HW_Add_Add,115.19436253965927,2021-07-05,2024-03-25,2024-04-01,2024-06-24,143
4,APS-001,WHOLESALE,2024-04-29,141.77144666512513,HW_Add_Add,99.62213318306216,2021-07-05,2024-03-25,2024-04-01,2024-06-24,143
4,APS-001,WHOLESALE,2024-05-06,75.0,HW_Add_Add,76.91781653352294,2021-07-05,2024-03-25,2024-04-01,2024-06-24,143
4,APS-001,WHOLESALE,2024-05-13,104.0,HW_Add_Add,93.80375688803777,2021-07-05,2024-03-25,2024-04-01,2024-06-24,143
4,APS-001,WHOLESALE,2024-05-20,91.0,HW_Add_Add,100.11755815875372,2021-07-05,2024-03-25,2024-04-01,2024-06-24,143
4,APS-001,WHOLESALE,2024-05-27,121.75,HW_Add_Add,105.11751861880896,2021-07-05,2024-03-25,2024-04-01,2024-06-24,143
4,APS-001,WHOLESALE,2024-06-03,78.0,HW_Add_Add,77.12276402512603,2021-07-05,2024-03-25,2024-04-01,2024-06-24,143
4,APS-001,WHOLESALE,2024-06-10,103.0,HW_Add_Add,83.62245798546203,2021-07-05,2024-03-25,2024-04-01,2024-06-24,143
4,APS-001,WHOLESALE,2024-06-17,91.0,HW_Add_Add,60.124601947288156,2021-07-05,2024-03-25,2024-04-01,2024-06-24,143
4,APS-001,WHOLESALE,2024-06-24,89.0,HW_Add_Add,84.63199424070241,2021-07-05,2024-03-25,2024-04-01,2024-06-24,143
4,APS-001,WHOLESALE,2024-04-01,162.42517829069433,HW_Damped_Add,141.07101672615806,2021-07-05,2024-03-25,2024-04-01,2024-06-24,143
4,APS-001,WHOLESALE,2024-04-08,136.5307318795697,HW_Damped_Add,167.37644018728423,2021-07-05,2024-03-25,2024-04-01,2024-06-24,143
4,APS-001,WHOLESALE,2024-04-15,89.85130127267684,HW_Damped_Add,132.36533170084053,2021-07-05,2024-03-25,2024-04-01,2024-06-24,143
4,APS-001,WHOLESALE,2024-04-22,130.0,HW_Damped_Add,116.10719523119042,2021-07-05,2024-03-25,2024-04-01,2024-06-24,143
4,APS-001,WHOLESALE,2024-04-29,141.77144666512513,HW_Damped_Add,99.9736294403948,2021-07-05,2024-03-25,2024-04-01,2024-06-24,143
4,APS-001,WHOLESALE,2024-05-06,75.0,HW_Damped_Add,77.21038519788502,2021-07-05,2024-03-25,2024-04-01,2024-06-24,143
4,APS-001,WHOLESALE,2024-05-13,104.0,HW_Damped_Add,94.36789679441723,2021-07-05,2024-03-25,2024-04-01,2024-06-24,143
4,APS-001,WHOLESALE,2024-05-20,91.0,HW_Damped_Add,101.0561013367795,2021-07-05,2024-03-25,2024-04-01,2024-06-24,143
4,APS-001,WHOLESALE,2024-05-27,121.75,HW_Damped_Add,106.12843527222078,2021-07-05,2024-03-25,2024-04-01,2024-06-24,143
4,APS-001,WHOLESALE,2024-06-03,78.0,HW_Damped_Add,77.79007648203246,2021-07-05,2024-03-25,2024-04-01,2024-06-24,143
4,APS-001,WHOLESALE,2024-06-10,103.0,HW_Damped_Add,84.46250177661544,2021-07-05,2024-03-25,2024-04-01,2024-06-24,143
4,APS-001,WHOLESALE,2024-06-17,91.0,HW_Damped_Add,60.91178843436592,2021-07-05,2024-03-25,2024-04-01,2024-06-24,143
4,APS-001,WHOLESALE,2024-06-24,89.0,HW_Damped_Add,84.95546382368993,2021-07-05,2024-03-25,2024-04-01,2024-06-24,143
4,APS-001,WHOLESALE,2024-04-01,162.42517829069433,HW_Damped_Mul,144.90357544151595,2021-07-05,2024-03-25,2024-04-01,2024-06-24,143
4,APS-001,WHOLESALE,2024-04-08,136.5307318795697,HW_Damped_Mul,168.26360544486548,2021-07-05,2024-03-25,2024-04-01,2024-06-24,143
4,APS-001,WHOLESALE,2024-04-15,89.85130127267684,HW_Damped_Mul,137.9741001189395,2021-07-05,2024-03-25,2024-04-01,2024-06-24,143
4,APS-001,WHOLESALE,2024-04-22,130.0,HW_Damped_Mul,120.49998936500619,2021-07-05,2024-03-25,2024-04-01,2024-06-24,143
4,APS-001,WHOLESALE,2024-04-29,141.77144666512513,HW_Damped_Mul,96.60682260583205,2021-07-05,2024-03-25,2024-04-01,2024-06-24,143
4,APS-001,WHOLESALE,2024-05-06,75.0,HW_Damped_Mul,73.37269690820987,2021-07-05,2024-03-25,2024-04-01,2024-06-24,143
4,APS-001,WHOLESALE,2024-05-13,104.0,HW_Damped_Mul,95.65764285193774,2021-07-05,2024-03-25,2024-04-01,2024-06-24,143
4,APS-001,WHOLESALE,2024-05-20,91.0,HW_Damped_Mul,103.75970817283552,2021-07-05,2024-03-25,2024-04-01,2024-06-24,143
4,APS-001,WHOLESALE,2024-05-27,121.75,HW_Damped_Mul,108.47805043835986,2021-07-05,2024-03-25,2024-04-01,2024-06-24,143
4,APS-001,WHOLESALE,2024-06-03,78.0,HW_Damped_Mul,80.87859149988243,2021-07-05,2024-03-25,2024-04-01,2024-06-24,143
4,APS-001,WHOLESALE,2024-06-10,103.0,HW_Damped_Mul,87.03223052576189,2021-07-05,2024-03-25,2024-04-01,2024-06-24,143
4,APS-001,WHOLESALE,2024-06-17,91.0,HW_Damped_Mul,62.33024963359134,2021-07-05,2024-03-25,2024-04-01,2024-06-24,143
4,APS-001,WHOLESALE,2024-06-24,89.0,HW_Damped_Mul,81.522364695978,2021-07-05,2024-03-25,2024-04-01,2024-06-24,143
5,APS-001,WHOLESALE,2024-07-01,77.0,HW_Add_Add,80.22644622742783,2021-07-05,2024-06-24,2024-07-01,2024-09-23,156
5,APS-001,WHOLESALE,2024-07-08,115.0,HW_Add_Add,85.55548000413788,2021-07-05,2024-06-24,2024-07-01,2024-09-23,156
5,APS-001,WHOLESALE,2024-07-15,78.0,HW_Add_Add,78.8828166265948,2021-07-05,2024-06-24,2024-07-01,2024-09-23,156
5,APS-001,WHOLESALE,2024-07-22,99.0,HW_Add_Add,76.87745966649823,2021-07-05,2024-06-24,2024-07-01,2024-09-23,156
5,APS-001,WHOLESALE,2024-07-29,84.0,HW_Add_Add,88.20496281725961,2021-07-05,2024-06-24,2024-07-01,2024-09-23,156
5,APS-001,WHOLESALE,2024-08-05,93.0,HW_Add_Add,87.19855155851097,2021-07-05,2024-06-24,2024-07-01,2024-09-23,156
5,APS-001,WHOLESALE,2024-08-12,103.0,HW_Add_Add,102.19271287315576,2021-07-05,2024-06-24,2024-07-01,2024-09-23,156
5,APS-001,WHOLESALE,2024-08-19,89.5,HW_Add_Add,82.51898597654709,2021-07-05,2024-06-24,2024-07-01,2024-09-23,156
5,APS-001,WHOLESALE,2024-08-26,104.0,HW_Add_Add,92.17705995998385,2021-07-05,2024-06-24,2024-07-01,2024-09-23,156
5,APS-001,WHOLESALE,2024-09-02,168.0,HW_Add_Add,122.83646976740016,2021-07-05,2024-06-24,2024-07-01,2024-09-23,156
5,APS-001,WHOLESALE,2024-09-09,105.0,HW_Add_Add,137.1612342106137,2021-07-05,2024-06-24,2024-07-01,2024-09-23,156
5,APS-001,WHOLESALE,2024-09-16,170.0,HW_Add_Add,119.49177775031485,2021-07-05,2024-06-24,2024-07-01,2024-09-23,156
5,APS-001,WHOLESALE,2024-09-23,147.0,HW_Add_Add,154.23213680707963,2021-07-05,2024-06-24,2024-07-01,2024-09-23,156
5,APS-001,WHOLESALE,2024-07-01,77.0,HW_Damped_Add,73.59250849376718,2021-07-05,2024-06-24,2024-07-01,2024-09-23,156
5,APS-001,WHOLESALE,2024-07-08,115.0,HW_Damped_Add,79.68944707041507,2021-07-05,2024-06-24,2024-07-01,2024-09-23,156
5,APS-001,WHOLESALE,2024-07-15,78.0,HW_Damped_Add,73.70367904347317,2021-07-05,2024-06-24,2024-07-01,2024-09-23,156
5,APS-001,WHOLESALE,2024-07-22,99.0,HW_Damped_Add,72.30227048825336,2021-07-05,2024-06-24,2024-07-01,2024-09-23,156
5,APS-001,WHOLESALE,2024-07-29,84.0,HW_Damped_Add,84.1639848471757,2021-07-05,2024-06-24,2024-07-01,2024-09-23,156
5,APS-001,WHOLESALE,2024-08-05,93.0,HW_Damped_Add,83.62658508084324,2021-07-05,2024-06-24,2024-07-01,2024-09-23,156
5,APS-001,WHOLESALE,2024-08-12,103.0,HW_Damped_Add,99.03321211660787,2021-07-05,2024-06-24,2024-07-01,2024-09-23,156
5,APS-001,WHOLESALE,2024-08-19,89.5,HW_Damped_Add,79.72063647872204,2021-07-05,2024-06-24,2024-07-01,2024-09-23,156
5,APS-001,WHOLESALE,2024-08-26,104.0,HW_Damped_Add,89.70426029825617,2021-07-05,2024-06-24,2024-07-01,2024-09-23,156
5,APS-001,WHOLESALE,2024-09-02,168.0,HW_Damped_Add,120.64234773047102,2021-07-05,2024-06-24,2024-07-01,2024-09-23,156
5,APS-001,WHOLESALE,2024-09-09,105.0,HW_Damped_Add,135.21498505246478,2021-07-05,2024-06-24,2024-07-01,2024-09-23,156
5,APS-001,WHOLESALE,2024-09-16,170.0,HW_Damped_Add,117.74072689150768,2021-07-05,2024-06-24,2024-07-01,2024-09-23,156
5,APS-001,WHOLESALE,2024-09-23,147.0,HW_Damped_Add,152.67680611808532,2021-07-05,2024-06-24,2024-07-01,2024-09-23,156
5,APS-001,WHOLESALE,2024-07-01,77.0,HW_Damped_Mul,73.63240865691647,2021-07-05,2024-06-24,2024-07-01,2024-09-23,156
5,APS-001,WHOLESALE,2024-07-08,115.0,HW_Damped_Mul,78.64539666831075,2021-07-05,2024-06-24,2024-07-01,2024-09-23,156
5,APS-001,WHOLESALE,2024-07-15,78.0,HW_Damped_Mul,74.52335101014313,2021-07-05,2024-06-24,2024-07-01,2024-09-23,156
5,APS-001,WHOLESALE,2024-07-22,99.0,HW_Damped_Mul,73.28975810666982,2021-07-05,2024-06-24,2024-07-01,2024-09-23,156
5,APS-001,WHOLESALE,2024-07-29,84.0,HW_Damped_Mul,85.02842337402734,2021-07-05,2024-06-24,2024-07-01,2024-09-23,156
5,APS-001,WHOLESALE,2024-08-05,93.0,HW_Damped_Mul,84.44426451485315,2021-07-05,2024-06-24,2024-07-01,2024-09-23,156
5,APS-001,WHOLESALE,2024-08-12,103.0,HW_Damped_Mul,99.49050221217537,2021-07-05,2024-06-24,2024-07-01,2024-09-23,156
5,APS-001,WHOLESALE,2024-08-19,89.5,HW_Damped_Mul,80.51707551013581,2021-07-05,2024-06-24,2024-07-01,2024-09-23,156
5,APS-001,WHOLESALE,2024-08-26,104.0,HW_Damped_Mul,90.7111844196003,2021-07-05,2024-06-24,2024-07-01,2024-09-23,156
5,APS-001,WHOLESALE,2024-09-02,168.0,HW_Damped_Mul,121.18594968915352,2021-07-05,2024-06-24,2024-07-01,2024-09-23,156
5,APS-001,WHOLESALE,2024-09-09,105.0,HW_Damped_Mul,135.67910726762346,2021-07-05,2024-06-24,2024-07-01,2024-09-23,156
5,APS-001,WHOLESALE,2024-09-16,170.0,HW_Damped_Mul,117.73095936140487,2021-07-05,2024-06-24,2024-07-01,2024-09-23,156
5,APS-001,WHOLESALE,2024-09-23,147.0,HW_Damped_Mul,152.71629361787,2021-07-05,2024-06-24,2024-07-01,2024-09-23,156
6,APS-001,WHOLESALE,2024-09-30,156.0,HW_Add_Add,218.36193303796875,2021-07-05,2024-09-23,2024-09-30,2024-12-23,169
6,APS-001,WHOLESALE,2024-10-07,149.0,HW_Add_Add,196.0954497982302,2021-07-05,2024-09-23,2024-09-30,2024-12-23,169
6,APS-001,WHOLESALE,2024-10-14,185.0,HW_Add_Add,198.4434420071594,2021-07-05,2024-09-23,2024-09-30,2024-12-23,169
6,APS-001,WHOLESALE,2024-10-21,179.0,HW_Add_Add,209.35962815356044,2021-07-05,2024-09-23,2024-09-30,2024-12-23,169
6,APS-001,WHOLESALE,2024-10-28,199.0,HW_Add_Add,206.69324642878323,2021-07-05,2024-09-23,2024-09-30,2024-12-23,169
6,APS-001,WHOLESALE,2024-11-04,271.0,HW_Add_Add,253.7802311347554,2021-07-05,2024-09-23,2024-09-30,2024-12-23,169
6,APS-001,WHOLESALE,2024-11-11,296.0,HW_Add_Add,249.33807561813416,2021-07-05,2024-09-23,2024-09-30,2024-12-23,169
6,APS-001,WHOLESALE,2024-11-18,257.0,HW_Add_Add,283.89536563503907,2021-07-05,2024-09-23,2024-09-30,2024-12-23,169
6,APS-001,WHOLESALE,2024-11-25,321.0,HW_Add_Add,301.68869481997024,2021-07-05,2024-09-23,2024-09-30,2024-12-23,169
6,APS-001,WHOLESALE,2024-12-02,293.0,HW_Add_Add,315.9501641054776,2021-07-05,2024-09-23,2024-09-30,2024-12-23,169
6,APS-001,WHOLESALE,2024-12-09,339.75000000000006,HW_Add_Add,310.63067878560616,2021-07-05,2024-09-23,2024-09-30,2024-12-23,169
6,APS-001,WHOLESALE,2024-12-16,179.55550955322667,HW_Add_Add,231.81870847854552,2021-07-05,2024-09-23,2024-09-30,2024-12-23,169
6,APS-001,WHOLESALE,2024-12-23,229.7161603880996,HW_Add_Add,235.04468131536578,2021-07-05,2024-09-23,2024-09-30,2024-12-23,169
6,APS-001,WHOLESALE,2024-09-30,156.0,HW_Damped_Add,215.02015264876604,2021-07-05,2024-09-23,2024-09-30,2024-12-23,169
6,APS-001,WHOLESALE,2024-10-07,149.0,HW_Damped_Add,192.80855036472622,2021-07-05,2024-09-23,2024-09-30,2024-12-23,169
6,APS-001,WHOLESALE,2024-10-14,185.0,HW_Damped_Add,195.20302573392604,2021-07-05,2024-09-23,2024-09-30,2024-12-23,169
6,APS-001,WHOLESALE,2024-10-21,179.0,HW_Damped_Add,206.1563915252688,2021-07-05,2024-09-23,2024-09-30,2024-12-23,169
6,APS-001,WHOLESALE,2024-10-28,199.0,HW_Damped_Add,203.51910291463878,2021-07-05,2024-09-23,2024-09-30,2024-12-23,169
6,APS-001,WHOLESALE,2024-11-04,271.0,HW_Damped_Add,250.63820730790383,2021-07-05,2024-09-23,2024-09-30,2024-12-23,169
6,APS-001,WHOLESALE,2024-11-11,296.0,HW_Damped_Add,246.22082807838103,2021-07-05,2024-09-23,2024-09-30,2024-12-23,169
6,APS-001,WHOLESALE,2024-11-18,257.0,HW_Damped_Add,280.7951210000644,2021-07-05,2024-09-23,2024-09-30,2024-12-23,169
6,APS-001,WHOLESALE,2024-11-25,321.0,HW_Damped_Add,298.6087479576404,2021-07-05,2024-09-23,2024-09-30,2024-12-23,169
6,APS-001,WHOLESALE,2024-12-02,293.0,HW_Damped_Add,312.88077087313144,2021-07-05,2024-09-23,2024-09-30,2024-12-23,169
6,APS-001,WHOLESALE,2024-12-09,339.75000000000006,HW_Damped_Add,307.5767461166554,2021-07-05,2024-09-23,2024-09-30,2024-12-23,169
6,APS-001,WHOLESALE,2024-12-16,179.55550955322667,HW_Damped_Add,228.76835019449507,2021-07-05,2024-09-23,2024-09-30,2024-12-23,169
6,APS-001,WHOLESALE,2024-12-23,229.7161603880996,HW_Damped_Add,232.00238402212153,2021-07-05,2024-09-23,2024-09-30,2024-12-23,169
6,APS-001,WHOLESALE,2024-09-30,156.0,HW_Damped_Mul,214.68484560809702,2021-07-05,2024-09-23,2024-09-30,2024-12-23,169
6,APS-001,WHOLESALE,2024-10-07,149.0,HW_Damped_Mul,192.6396013597189,2021-07-05,2024-09-23,2024-09-30,2024-12-23,169
6,APS-001,WHOLESALE,2024-10-14,185.0,HW_Damped_Mul,195.065727944747,2021-07-05,2024-09-23,2024-09-30,2024-12-23,169
6,APS-001,WHOLESALE,2024-10-21,179.0,HW_Damped_Mul,206.07153145740247,2021-07-05,2024-09-23,2024-09-30,2024-12-23,169
6,APS-001,WHOLESALE,2024-10-28,199.0,HW_Damped_Mul,203.53195752737997,2021-07-05,2024-09-23,2024-09-30,2024-12-23,169
6,APS-001,WHOLESALE,2024-11-04,271.0,HW_Damped_Mul,250.5427574278678,2021-07-05,2024-09-23,2024-09-30,2024-12-23,169
6,APS-001,WHOLESALE,2024-11-11,296.0,HW_Damped_Mul,246.1351147533121,2021-07-05,2024-09-23,2024-09-30,2024-12-23,169
6,APS-001,WHOLESALE,2024-11-18,257.0,HW_Damped_Mul,280.73321797910876,2021-07-05,2024-09-23,2024-09-30,2024-12-23,169
6,APS-001,WHOLESALE,2024-11-25,321.0,HW_Damped_Mul,298.52524547449326,2021-07-05,2024-09-23,2024-09-30,2024-12-23,169
6,APS-001,WHOLESALE,2024-12-02,293.0,HW_Damped_Mul,312.82369343439876,2021-07-05,2024-09-23,2024-09-30,2024-12-23,169
6,APS-001,WHOLESALE,2024-12-09,339.75000000000006,HW_Damped_Mul,307.51644483659175,2021-07-05,2024-09-23,2024-09-30,2024-12-23,169
6,APS-001,WHOLESALE,2024-12-16,179.55550955322667,HW_Damped_Mul,228.76468031191374,2021-07-05,2024-09-23,2024-09-30,2024-12-23,169
6,APS-001,WHOLESALE,2024-12-23,229.7161603880996,HW_Damped_Mul,232.0007429272806,2021-07-05,2024-09-23,2024-09-30,2024-12-23,169
7,APS-001,WHOLESALE,2024-12-30,237.5028855699272,HW_Add_Add,173.7924183594316,2021-07-05,2024-12-23,2024-12-30,2025-03-24,182
7,APS-001,WHOLESALE,2025-01-06,218.89288493171532,HW_Add_Add,255.83334372940706,2021-07-05,2024-12-23,2024-12-30,2025-03-24,182
7,APS-001,WHOLESALE,2025-01-13,274.0813136118392,HW_Add_Add,232.79618442227127,2021-07-05,2024-12-23,2024-12-30,2025-03-24,182
7,APS-001,WHOLESALE,2025-01-20,285.62044288436243,HW_Add_Add,261.515988225094,2021-07-05,2024-12-23,2024-12-30,2025-03-24,182
7,APS-001,WHOLESALE,2025-01-27,172.5473928192082,HW_Add_Add,233.02998392184963,2021-07-05,2024-12-23,2024-12-30,2025-03-24,182
7,APS-001,WHOLESALE,2025-02-03,161.14567894277178,HW_Add_Add,200.42111827298197,2021-07-05,2024-12-23,2024-12-30,2025-03-24,182
7,APS-001,WHOLESALE,2025-02-10,246.345048940984,HW_Add_Add,219.04432255370617,2021-07-05,2024-12-23,2024-12-30,2025-03-24,182
7,APS-001,WHOLESALE,2025-02-17,261.3480501599058,HW_Add_Add,205.16093648551416,2021-07-05,2024-12-23,2024-12-30,2025-03-24,182
7,APS-001,WHOLESALE,2025-02-24,193.71508388214923,HW_Add_Add,161.48762599642544,2021-07-05,2024-12-23,2024-12-30,2025-03-24,182
7,APS-001,WHOLESALE,2025-03-03,171.874371525005,HW_Add_Add,177.95748503176048,2021-07-05,2024-12-23,2024-12-30,2025-03-24,182
7,APS-001,WHOLESALE,2025-03-10,165.32523190400772,HW_Add_Add,171.79760618235423,2021-07-05,2024-12-23,2024-12-30,2025-03-24,182
7,APS-001,WHOLESALE,2025-03-17,161.5,HW_Add_Add,151.0757395037234,2021-07-05,2024-12-23,2024-12-30,2025-03-24,182
7,APS-001,WHOLESALE,2025-03-24,161.0,HW_Add_Add,173.48213599350245,2021-07-05,2024-12-23,2024-12-30,2025-03-24,182
7,APS-001,WHOLESALE,2024-12-30,237.5028855699272,HW_Damped_Add,173.2913262181214,2021-07-05,2024-12-23,2024-12-30,2025-03-24,182
7,APS-001,WHOLESALE,2025-01-06,218.89288493171532,HW_Damped_Add,255.35648931688934,2021-07-05,2024-12-23,2024-12-30,2025-03-24,182
7,APS-001,WHOLESALE,2025-01-13,274.0813136118392,HW_Damped_Add,232.3329477483129,2021-07-05,2024-12-23,2024-12-30,2025-03-24,182
7,APS-001,WHOLESALE,2025-01-20,285.62044288436243,HW_Damped_Add,261.06404638732016,2021-07-05,2024-12-23,2024-12-30,2025-03-24,182
7,APS-001,WHOLESALE,2025-01-27,172.5473928192082,HW_Damped_Add,232.59143902476916,2021-07-05,2024-12-23,2024-12-30,2025-03-24,182
7,APS-001,WHOLESALE,2025-02-03,161.14567894277178,HW_Damped_Add,199.99640253451886,2021-07-05,2024-12-23,2024-12-30,2025-03-24,182
7,APS-001,WHOLESALE,2025-02-10,246.345048940984,HW_Damped_Add,218.63028390680944,2021-07-05,2024-12-23,2024-12-30,2025-03-24,182
7,APS-001,WHOLESALE,2025-02-17,261.3480501599058,HW_Damped_Add,204.75334658979068,2021-07-05,2024-12-23,2024-12-30,2025-03-24,182
7,APS-001,WHOLESALE,2025-02-24,193.71508388214923,HW_Damped_Add,161.09420996246163,2021-07-05,2024-12-23,2024-12-30,2025-03-24,182
7,APS-001,WHOLESALE,2025-03-03,171.874371525005,HW_Damped_Add,177.56127747383184,2021-07-05,2024-12-23,2024-12-30,2025-03-24,182
7,APS-001,WHOLESALE,2025-03-10,165.32523190400772,HW_Damped_Add,171.41120417056607,2021-07-05,2024-12-23,2024-12-30,2025-03-24,182
7,APS-001,WHOLESALE,2025-03-17,161.5,HW_Damped_Add,150.6946571512527,2021-07-05,2024-12-23,2024-12-30,2025-03-24,182
7,APS-001,WHOLESALE,2025-03-24,161.0,HW_Damped_Add,173.09708716601182,2021-07-05,2024-12-23,2024-12-30,2025-03-24,182
7,APS-001,WHOLESALE,2024-12-30,237.5028855699272,HW_Damped_Mul,173.33669048271182,2021-07-05,2024-12-23,2024-12-30,2025-03-24,182
7,APS-001,WHOLESALE,2025-01-06,218.89288493171532,HW_Damped_Mul,255.3860593098286,2021-07-05,2024-12-23,2024-12-30,2025-03-24,182
7,APS-001,WHOLESALE,2025-01-13,274.0813136118392,HW_Damped_Mul,232.34657810096073,2021-07-05,2024-12-23,2024-12-30,2025-03-24,182
7,APS-001,WHOLESALE,2025-01-20,285.62044288436243,HW_Damped_Mul,261.0727984610081,2021-07-05,2024-12-23,2024-12-30,2025-03-24,182
7,APS-001,WHOLESALE,2025-01-27,172.5473928192082,HW_Damped_Mul,232.58837334851881,2021-07-05,2024-12-23,2024-12-30,2025-03-24,182
7,APS-001,WHOLESALE,2025-02-03,161.14567894277178,HW_Damped_Mul,199.98715489995993,2021-07-05,2024-12-23,2024-12-30,2025-03-24,182
7,APS-001,WHOLESALE,2025-02-10,246.345048940984,HW_Damped_Mul,218.61659456656602,2021-07-05,2024-12-23,2024-12-30,2025-03-24,182
7,APS-001,WHOLESALE,2025-02-17,261.3480501599058,HW_Damped_Mul,204.73013576287997,2021-07-05,2024-12-23,2024-12-30,2025-03-24,182
7,APS-001,WHOLESALE,2025-02-24,193.71508388214923,HW_Damped_Mul,161.0737585003758,2021-07-05,2024-12-23,2024-12-30,2025-03-24,182
7,APS-001,WHOLESALE,2025-03-03,171.874371525005,HW_Damped_Mul,177.5306039500785,2021-07-05,2024-12-23,2024-12-30,2025-03-24,182
7,APS-001,WHOLESALE,2025-03-10,165.32523190400772,HW_Damped_Mul,171.37823867491161,2021-07-05,2024-12-23,2024-12-30,2025-03-24,182
7,APS-001,WHOLESALE,2025-03-17,161.5,HW_Damped_Mul,150.66235330462987,2021-07-05,2024-12-23,2024-12-30,2025-03-24,182
7,APS-001,WHOLESALE,2025-03-24,161.0,HW_Damped_Mul,173.06093849793226,2021-07-05,2024-12-23,2024-12-30,2025-03-24,182
8,APS-001,WHOLESALE,2025-03-31,161.9903709321103,HW_Add_Add,149.68524517134256,2021-07-05,2025-03-24,2025-03-31,2025-06-23,195
8,APS-001,WHOLESALE,2025-04-07,107.38898966676284,HW_Add_Add,159.0685509184099,2021-07-05,2025-03-24,2025-03-31,2025-06-23,195
8,APS-001,WHOLESALE,2025-04-14,131.5,HW_Add_Add,120.00586214151619,2021-07-05,2025-03-24,2025-03-31,2025-06-23,195
8,APS-001,WHOLESALE,2025-04-21,91.28801662649586,HW_Add_Add,122.44143608157131,2021-07-05,2025-03-24,2025-03-31,2025-06-23,195
8,APS-001,WHOLESALE,2025-04-28,119.42133768846914,HW_Add_Add,115.974001555205,2021-07-05,2025-03-24,2025-03-31,2025-06-23,195
8,APS-001,WHOLESALE,2025-05-05,90.0,HW_Add_Add,78.58718484557411,2021-07-05,2025-03-24,2025-03-31,2025-06-23,195
8,APS-001,WHOLESALE,2025-05-12,108.03695512033462,HW_Add_Add,99.51035450685866,2021-07-05,2025-03-24,2025-03-31,2025-06-23,195
8,APS-001,WHOLESALE,2025-05-19,136.9980686481837,HW_Add_Add,99.39198247485304,2021-07-05,2025-03-24,2025-03-31,2025-06-23,195
8,APS-001,WHOLESALE,2025-05-26,106.0,HW_Add_Add,112.97091748842367,2021-07-05,2025-03-24,2025-03-31,2025-06-23,195
8,APS-001,WHOLESALE,2025-06-02,98.0,HW_Add_Add,79.72334761351551,2021-07-05,2025-03-24,2025-03-31,2025-06-23,195
8,APS-001,WHOLESALE,2025-06-09,60.00000000000001,HW_Add_Add,92.38669741038431,2021-07-05,2025-03-24,2025-03-31,2025-06-23,195
8,APS-001,WHOLESALE,2025-06-16,71.0,HW_Add_Add,72.71847535630378,2021-07-05,2025-03-24,2025-03-31,2025-06-23,195
8,APS-001,WHOLESALE,2025-06-23,43.0,HW_Add_Add,88.3902302136813,2021-07-05,2025-03-24,2025-03-31,2025-06-23,195
8,APS-001,WHOLESALE,2025-03-31,161.9903709321103,HW_Damped_Add,148.02340821938154,2021-07-05,2025-03-24,2025-03-31,2025-06-23,195
8,APS-001,WHOLESALE,2025-04-07,107.38898966676284,HW_Damped_Add,157.3886543914591,2021-07-05,2025-03-24,2025-03-31,2025-06-23,195
8,APS-001,WHOLESALE,2025-04-14,131.5,HW_Damped_Add,118.3232062929136,2021-07-05,2025-03-24,2025-03-31,2025-06-23,195
8,APS-001,WHOLESALE,2025-04-21,91.28801662649586,HW_Damped_Add,120.77945031639746,2021-07-05,2025-03-24,2025-03-31,2025-06-23,195
8,APS-001,WHOLESALE,2025-04-28,119.42133768846914,HW_Damped_Add,114.32209907046662,2021-07-05,2025-03-24,2025-03-31,2025-06-23,195
8,APS-001,WHOLESALE,2025-05-05,90.0,HW_Damped_Add,76.91818365854837,2021-07-05,2025-03-24,2025-03-31,2025-06-23,195
8,APS-001,WHOLESALE,2025-05-12,108.03695512033462,HW_Damped_Add,97.84796581584322,2021-07-05,2025-03-24,2025-03-31,2025-06-23,195
8,APS-001,WHOLESALE,2025-05-19,136.9980686481837,HW_Damped_Add,97.72185269350848,2021-07-05,2025-03-24,2025-03-31,2025-06-23,195
8,APS-001,WHOLESALE,2025-05-26,106.0,HW_Damped_Add,111.31131711450672,2021-07-05,2025-03-24,2025-03-31,2025-06-23,195
8,APS-001,WHOLESALE,2025-06-02,98.0,HW_Damped_Add,78.0576233696971,2021-07-05,2025-03-24,2025-03-31,2025-06-23,195
8,APS-001,WHOLESALE,2025-06-09,60.00000000000001,HW_Damped_Add,90.72806912214155,2021-07-05,2025-03-24,2025-03-31,2025-06-23,195
8,APS-001,WHOLESALE,2025-06-16,71.0,HW_Damped_Add,71.06326015548302,2021-07-05,2025-03-24,2025-03-31,2025-06-23,195
8,APS-001,WHOLESALE,2025-06-23,43.0,HW_Damped_Add,86.72555516486126,2021-07-05,2025-03-24,2025-03-31,2025-06-23,195
8,APS-001,WHOLESALE,2025-03-31,161.9903709321103,HW_Damped_Mul,147.96281270002993,2021-07-05,2025-03-24,2025-03-31,2025-06-23,195
8,APS-001,WHOLESALE,2025-04-07,107.38898966676284,HW_Damped_Mul,157.33858481550504,2021-07-05,2025-03-24,2025-03-31,2025-06-23,195
8,APS-001,WHOLESALE,2025-04-14,131.5,HW_Damped_Mul,118.27464502130307,2021-07-05,2025-03-24,2025-03-31,2025-06-23,195
8,APS-001,WHOLESALE,2025-04-21,91.28801662649586,HW_Damped_Mul,120.71921129510878,2021-07-05,2025-03-24,2025-03-31,2025-06-23,195
8,APS-001,WHOLESALE,2025-04-28,119.42133768846914,HW_Damped_Mul,114.25622973703906,2021-07-05,2025-03-24,2025-03-31,2025-06-23,195
8,APS-001,WHOLESALE,2025-05-05,90.0,HW_Damped_Mul,76.86215138197147,2021-07-05,2025-03-24,2025-03-31,2025-06-23,195
8,APS-001,WHOLESALE,2025-05-12,108.03695512033462,HW_Damped_Mul,97.78740618430002,2021-07-05,2025-03-24,2025-03-31,2025-06-23,195
8,APS-001,WHOLESALE,2025-05-19,136.9980686481837,HW_Damped_Mul,97.66612732354389,2021-07-05,2025-03-24,2025-03-31,2025-06-23,195
8,APS-001,WHOLESALE,2025-05-26,106.0,HW_Damped_Mul,111.24922755037916,2021-07-05,2025-03-24,2025-03-31,2025-06-23,195
8,APS-001,WHOLESALE,2025-06-02,98.0,HW_Damped_Mul,77.99941124829725,2021-07-05,2025-03-24,2025-03-31,2025-06-23,195
8,APS-001,WHOLESALE,2025-06-09,60.00000000000001,HW_Damped_Mul,90.66599816266034,2021-07-05,2025-03-24,2025-03-31,2025-06-23,195
8,APS-001,WHOLESALE,2025-06-16,71.0,HW_Damped_Mul,70.99932133765697,2021-07-05,2025-03-24,2025-03-31,2025-06-23,195
8,APS-001,WHOLESALE,2025-06-23,43.0,HW_Damped_Mul,86.66616194203726,2021-07-05,2025-03-24,2025-03-31,2025-06-23,195
9,APS-001,WHOLESALE,2025-06-30,89.0,HW_Add_Add,80.18555253419744,2021-07-05,2025-06-23,2025-06-30,2025-09-22,208
9,APS-001,WHOLESALE,2025-07-07,74.0,HW_Add_Add,93.68575821416546,2021-07-05,2025-06-23,2025-06-30,2025-09-22,208
9,APS-001,WHOLESALE,2025-07-14,98.0,HW_Add_Add,79.43577826361773,2021-07-05,2025-06-23,2025-06-30,2025-09-22,208
9,APS-001,WHOLESALE,2025-07-21,96.0,HW_Add_Add,83.18556340529035,2021-07-05,2025-06-23,2025-06-30,2025-09-22,208
9,APS-001,WHOLESALE,2025-07-28,82.0,HW_Add_Add,87.93572787716998,2021-07-05,2025-06-23,2025-06-30,2025-09-22,208
9,APS-001,WHOLESALE,2025-08-04,90.00000000000001,HW_Add_Add,89.43586934697372,2021-07-05,2025-06-23,2025-06-30,2025-09-22,208
9,APS-001,WHOLESALE,2025-08-11,65.0,HW_Add_Add,103.18571108869487,2021-07-05,2025-06-23,2025-06-30,2025-09-22,208
9,APS-001,WHOLESALE,2025-08-18,95.0,HW_Add_Add,85.06101215477452,2021-07-05,2025-06-23,2025-06-30,2025-09-22,208
9,APS-001,WHOLESALE,2025-08-25,94.0,HW_Add_Add,95.93580473383473,2021-07-05,2025-06-23,2025-06-30,2025-09-22,208
9,APS-001,WHOLESALE,2025-09-01,114.0,HW_Add_Add,134.93599938985813,2021-07-05,2025-06-23,2025-06-30,2025-09-22,208
9,APS-001,WHOLESALE,2025-09-08,132.0,HW_Add_Add,129.9358047866679,2021-07-05,2025-06-23,2025-06-30,2025-09-22,208
9,APS-001,WHOLESALE,2025-09-15,131.0,HW_Add_Add,132.93602684552164,2021-07-05,2025-06-23,2025-06-30,2025-09-22,208
9,APS-001,WHOLESALE,2025-09-22,139.41543555682165,HW_Add_Add,153.24821978109932,2021-07-05,2025-06-23,2025-06-30,2025-09-22,208
9,APS-001,WHOLESALE,2025-06-30,89.0,HW_Damped_Add,75.41570136730812,2021-07-05,2025-06-23,2025-06-30,2025-09-22,208
9,APS-001,WHOLESALE,2025-07-07,74.0,HW_Damped_Add,89.48713144029297,2021-07-05,2025-06-23,2025-06-30,2025-09-22,208
9,APS-001,WHOLESALE,2025-07-14,98.0,HW_Damped_Add,75.71568719723109,2021-07-05,2025-06-23,2025-06-30,2025-09-22,208
9,APS-001,WHOLESALE,2025-07-21,96.0,HW_Damped_Add,79.86860659003761,2021-07-05,2025-06-23,2025-06-30,2025-09-22,208
9,APS-001,WHOLESALE,2025-07-28,82.0,HW_Damped_Add,84.9561394384802,2021-07-05,2025-06-23,2025-06-30,2025-09-22,208
9,APS-001,WHOLESALE,2025-08-04,90.00000000000001,HW_Damped_Add,86.7403596469374,2021-07-05,2025-06-23,2025-06-30,2025-09-22,208
9,APS-001,WHOLESALE,2025-08-11,65.0,HW_Damped_Add,100.7293454624949,2021-07-05,2025-06-23,2025-06-30,2025-09-22,208
9,APS-001,WHOLESALE,2025-08-18,95.0,HW_Damped_Add,82.80563520805539,2021-07-05,2025-06-23,2025-06-30,2025-09-22,208
9,APS-001,WHOLESALE,2025-08-25,94.0,HW_Damped_Add,93.84929487612443,2021-07-05,2025-06-23,2025-06-30,2025-09-22,208
9,APS-001,WHOLESALE,2025-09-01,114.0,HW_Damped_Add,132.9924713644598,2021-07-05,2025-06-23,2025-06-30,2025-09-22,208
9,APS-001,WHOLESALE,2025-09-08,132.0,HW_Damped_Add,128.11180483548742,2021-07-05,2025-06-23,2025-06-30,2025-09-22,208
9,APS-001,WHOLESALE,2025-09-15,131.0,HW_Damped_Add,131.21574336158972,2021-07-05,2025-06-23,2025-06-30,2025-09-22,208
9,APS-001,WHOLESALE,2025-09-22,139.41543555682165,HW_Damped_Add,151.61260194629972,2021-07-05,2025-06-23,2025-06-30,2025-09-22,208
9,APS-001,WHOLESALE,2025-06-30,89.0,HW_Damped_Mul,76.32829319593671,2021-07-05,2025-06-23,2025-06-30,2025-09-22,208
9,APS-001,WHOLESALE,2025-07-07,74.0,HW_Damped_Mul,89.12141573406117,2021-07-05,2025-06-23,2025-06-30,2025-09-22,208
9,APS-001,WHOLESALE,2025-07-14,98.0,HW_Damped_Mul,76.53610528175047,2021-07-05,2025-06-23,2025-06-30,2025-09-22,208
9,APS-001,WHOLESALE,2025-07-21,96.0,HW_Damped_Mul,80.39909350552011,2021-07-05,2025-06-23,2025-06-30,2025-09-22,208
9,APS-001,WHOLESALE,2025-07-28,82.0,HW_Damped_Mul,85.58972289620932,2021-07-05,2025-06-23,2025-06-30,2025-09-22,208
9,APS-001,WHOLESALE,2025-08-04,90.00000000000001,HW_Damped_Mul,87.20372026798665,2021-07-05,2025-06-23,2025-06-30,2025-09-22,208
9,APS-001,WHOLESALE,2025-08-11,65.0,HW_Damped_Mul,101.00656740632157,2021-07-05,2025-06-23,2025-06-30,2025-09-22,208
9,APS-001,WHOLESALE,2025-08-18,95.0,HW_Damped_Mul,83.17076649433594,2021-07-05,2025-06-23,2025-06-30,2025-09-22,208
9,APS-001,WHOLESALE,2025-08-25,94.0,HW_Damped_Mul,94.27796755738079,2021-07-05,2025-06-23,2025-06-30,2025-09-22,208
9,APS-001,WHOLESALE,2025-09-01,114.0,HW_Damped_Mul,133.11068919285734,2021-07-05,2025-06-23,2025-06-30,2025-09-22,208
9,APS-001,WHOLESALE,2025-09-08,132.0,HW_Damped_Mul,128.3684748581652,2021-07-05,2025-06-23,2025-06-30,2025-09-22,208
9,APS-001,WHOLESALE,2025-09-15,131.0,HW_Damped_Mul,131.08732556833226,2021-07-05,2025-06-23,2025-06-30,2025-09-22,208
9,APS-001,WHOLESALE,2025-09-22,139.41543555682165,HW_Damped_Mul,151.60181011352375,2021-07-05,2025-06-23,2025-06-30,2025-09-22,208
10,APS-001,WHOLESALE,2025-09-29,189.0,HW_Add_Add,200.9174202378586,2021-07-05,2025-09-22,2025-09-29,2025-12-22,221
10,APS-001,WHOLESALE,2025-10-06,231.0,HW_Add_Add,182.46847817044466,2021-07-05,2025-09-22,2025-09-29,2025-12-22,221
10,APS-001,WHOLESALE,2025-10-13,139.0,HW_Add_Add,193.23090484348003,2021-07-05,2025-09-22,2025-09-29,2025-12-22,221
10,APS-001,WHOLESALE,2025-10-20,119.0,HW_Add_Add,199.9186246866125,2021-07-05,2025-09-22,2025-09-29,2025-12-22,221
10,APS-001,WHOLESALE,2025-10-27,223.0,HW_Add_Add,202.91931839251149,2021-07-05,2025-09-22,2025-09-29,2025-12-22,221
10,APS-001,WHOLESALE,2025-11-03,216.0,HW_Add_Add,256.235740558619,2021-07-05,2025-09-22,2025-09-29,2025-12-22,221
10,APS-001,WHOLESALE,2025-11-10,200.0,HW_Add_Add,259.1555346110147,2021-07-05,2025-09-22,2025-09-29,2025-12-22,221
10,APS-001,WHOLESALE,2025-11-17,250.95478589887853,HW_Add_Add,275.32417345202043,2021-07-05,2025-09-22,2025-09-29,2025-12-22,221
10,APS-001,WHOLESALE,2025-11-24,242.00000000000003,HW_Add_Add,304.6703758693541,2021-07-05,2025-09-22,2025-09-29,2025-12-22,221
10,APS-001,WHOLESALE,2025-12-01,340.43142383274784,HW_Add_Add,308.3667108588147,2021-07-05,2025-09-22,2025-09-29,2025-12-22,221
10,APS-001,WHOLESALE,2025-12-08,229.49527876559412,HW_Add_Add,316.06576889869154,2021-07-05,2025-09-22,2025-09-29,2025-12-22,221
10,APS-001,WHOLESALE,2025-12-15,294.30997289324944,HW_Add_Add,216.9082864136276,2021-07-05,2025-09-22,2025-09-29,2025-12-22,221
10,APS-001,WHOLESALE,2025-12-22,245.7074411179063,HW_Add_Add,231.86854707117442,2021-07-05,2025-09-22,2025-09-29,2025-12-22,221
10,APS-001,WHOLESALE,2025-09-29,189.0,HW_Damped_Add,200.1213209595573,2021-07-05,2025-09-22,2025-09-29,2025-12-22,221
10,APS-001,WHOLESALE,2025-10-06,231.0,HW_Damped_Add,181.72135049158095,2021-07-05,2025-09-22,2025-09-29,2025-12-22,221
10,APS-001,WHOLESALE,2025-10-13,139.0,HW_Damped_Add,192.5203381653438,2021-07-05,2025-09-22,2025-09-29,2025-12-22,221
10,APS-001,WHOLESALE,2025-10-20,119.0,HW_Damped_Add,199.24637255493852,2021-07-05,2025-09-22,2025-09-29,2025-12-22,221
10,APS-001,WHOLESALE,2025-10-27,223.0,HW_Damped_Add,202.28649841903228,2021-07-05,2025-09-22,2025-09-29,2025-12-22,221
10,APS-001,WHOLESALE,2025-11-03,216.0,HW_Damped_Add,255.61161171080545,2021-07-05,2025-09-22,2025-09-29,2025-12-22,221
10,APS-001,WHOLESALE,2025-11-10,200.0,HW_Damped_Add,258.547001936474,2021-07-05,2025-09-22,2025-09-29,2025-12-22,221
10,APS-001,WHOLESALE,2025-11-17,250.95478589887853,HW_Damped_Add,274.74333625036024,2021-07-05,2025-09-22,2025-09-29,2025-12-22,221
10,APS-001,WHOLESALE,2025-11-24,242.00000000000003,HW_Damped_Add,304.0930986772736,2021-07-05,2025-09-22,2025-09-29,2025-12-22,221
10,APS-001,WHOLESALE,2025-12-01,340.43142383274784,HW_Damped_Add,307.8106494252701,2021-07-05,2025-09-22,2025-09-29,2025-12-22,221
10,APS-001,WHOLESALE,2025-12-08,229.49527876559412,HW_Damped_Add,315.51109633381657,2021-07-05,2025-09-22,2025-09-29,2025-12-22,221
10,APS-001,WHOLESALE,2025-12-15,294.30997289324944,HW_Damped_Add,216.38660577687673,2021-07-05,2025-09-22,2025-09-29,2025-12-22,221
10,APS-001,WHOLESALE,2025-12-22,245.7074411179063,HW_Damped_Add,231.35588643782012,2021-07-05,2025-09-22,2025-09-29,2025-12-22,221
10,APS-001,WHOLESALE,2025-09-29,189.0,HW_Damped_Mul,200.10082638405754,2021-07-05,2025-09-22,2025-09-29,2025-12-22,221
10,APS-001,WHOLESALE,2025-10-06,231.0,HW_Damped_Mul,181.71781003516494,2021-07-05,2025-09-22,2025-09-29,2025-12-22,221
10,APS-001,WHOLESALE,2025-10-13,139.0,HW_Damped_Mul,192.6108395864007,2021-07-05,2025-09-22,2025-09-29,2025-12-22,221
10,APS-001,WHOLESALE,2025-10-20,119.0,HW_Damped_Mul,199.3971006105942,2021-07-05,2025-09-22,2025-09-29,2025-12-22,221
10,APS-001,WHOLESALE,2025-10-27,223.0,HW_Damped_Mul,202.35100368973022,2021-07-05,2025-09-22,2025-09-29,2025-12-22,221
10,APS-001,WHOLESALE,2025-11-03,216.0,HW_Damped_Mul,255.6966060348601,2021-07-05,2025-09-22,2025-09-29,2025-12-22,221
10,APS-001,WHOLESALE,2025-11-10,200.0,HW_Damped_Mul,258.59283665258465,2021-07-05,2025-09-22,2025-09-29,2025-12-22,221
10,APS-001,WHOLESALE,2025-11-17,250.95478589887853,HW_Damped_Mul,274.86628370005707,2021-07-05,2025-09-22,2025-09-29,2025-12-22,221
10,APS-001,WHOLESALE,2025-11-24,242.00000000000003,HW_Damped_Mul,304.195213848302,2021-07-05,2025-09-22,2025-09-29,2025-12-22,221
10,APS-001,WHOLESALE,2025-12-01,340.43142383274784,HW_Damped_Mul,307.8962775289842,2021-07-05,2025-09-22,2025-09-29,2025-12-22,221
10,APS-001,WHOLESALE,2025-12-08,229.49527876559412,HW_Damped_Mul,315.6631903575759,2021-07-05,2025-09-22,2025-09-29,2025-12-22,221
10,APS-001,WHOLESALE,2025-12-15,294.30997289324944,HW_Damped_Mul,216.35169941524362,2021-07-05,2025-09-22,2025-09-29,2025-12-22,221
10,APS-001,WHOLESALE,2025-12-22,245.7074411179063,HW_Damped_Mul,231.41495488056228,2021-07-05,2025-09-22,2025-09-29,2025-12-22,221
11,APS-001,WHOLESALE,2025-12-29,250.6027536416755,HW_Add_Add,186.89535268295293,2021-07-05,2025-12-22,2025-12-29,2026-03-23,234
11,APS-001,WHOLESALE,2026-01-05,167.10796186623267,HW_Add_Add,243.78249052959612,2021-07-05,2025-12-22,2025-12-29,2026-03-23,234
11,APS-001,WHOLESALE,2026-01-12,179.95657080880054,HW_Add_Add,240.30125966960685,2021-07-05,2025-12-22,2025-12-29,2026-03-23,234
11,APS-001,WHOLESALE,2026-01-19,201.60962819079097,HW_Add_Add,264.7235089069537,2021-07-05,2025-12-22,2025-12-29,2026-03-23,234
11,APS-001,WHOLESALE,2026-01-26,254.0853502359416,HW_Add_Add,215.09007872403495,2021-07-05,2025-12-22,2025-12-29,2026-03-23,234
11,APS-001,WHOLESALE,2026-02-02,229.3010682194104,HW_Add_Add,187.78610948090386,2021-07-05,2025-12-22,2025-12-29,2026-03-23,234
11,APS-001,WHOLESALE,2026-02-09,249.57867232009372,HW_Add_Add,223.0552915775031,2021-07-05,2025-12-22,2025-12-29,2026-03-23,234
11,APS-001,WHOLESALE,2026-02-16,261.7959303721706,HW_Add_Add,216.3920357304317,2021-07-05,2025-12-22,2025-12-29,2026-03-23,234
11,APS-001,WHOLESALE,2026-02-23,207.50641543611405,HW_Add_Add,166.73800350840767,2021-07-05,2025-12-22,2025-12-29,2026-03-23,234
11,APS-001,WHOLESALE,2026-03-02,229.95491821893685,HW_Add_Add,173.61999097521772,2021-07-05,2025-12-22,2025-12-29,2026-03-23,234
11,APS-001,WHOLESALE,2026-03-09,155.6095278424043,HW_Add_Add,167.37012478166469,2021-07-05,2025-12-22,2025-12-29,2026-03-23,234
11,APS-001,WHOLESALE,2026-03-16,167.56662894473018,HW_Add_Add,150.8757947336736,2021-07-05,2025-12-22,2025-12-29,2026-03-23,234
11,APS-001,WHOLESALE,2026-03-23,160.68211083799076,HW_Add_Add,167.54927962312507,2021-07-05,2025-12-22,2025-12-29,2026-03-23,234
11,APS-001,WHOLESALE,2025-12-29,250.6027536416755,HW_Damped_Add,188.99194636528205,2021-07-05,2025-12-22,2025-12-29,2026-03-23,234
11,APS-001,WHOLESALE,2026-01-05,167.10796186623267,HW_Damped_Add,245.91287530423324,2021-07-05,2025-12-22,2025-12-29,2026-03-23,234
11,APS-001,WHOLESALE,2026-01-12,179.95657080880054,HW_Damped_Add,242.44878192980775,2021-07-05,2025-12-22,2025-12-29,2026-03-23,234
11,APS-001,WHOLESALE,2026-01-19,201.60962819079097,HW_Damped_Add,266.8942265734056,2021-07-05,2025-12-22,2025-12-29,2026-03-23,234
11,APS-001,WHOLESALE,2026-01-26,254.0853502359416,HW_Damped_Add,217.28874849711042,2021-07-05,2025-12-22,2025-12-29,2026-03-23,234
11,APS-001,WHOLESALE,2026-02-02,229.3010682194104,HW_Damped_Add,190.00163492762866,2021-07-05,2025-12-22,2025-12-29,2026-03-23,234
11,APS-001,WHOLESALE,2026-02-09,249.57867232009372,HW_Damped_Add,225.28382488968242,2021-07-05,2025-12-22,2025-12-29,2026-03-23,234
11,APS-001,WHOLESALE,2026-02-16,261.7959303721706,HW_Damped_Add,218.63434283435333,2021-07-05,2025-12-22,2025-12-29,2026-03-23,234
11,APS-001,WHOLESALE,2026-02-23,207.50641543611405,HW_Damped_Add,168.99747842544934,2021-07-05,2025-12-22,2025-12-29,2026-03-23,234
11,APS-001,WHOLESALE,2026-03-02,229.95491821893685,HW_Damped_Add,175.89596998341477,2021-07-05,2025-12-22,2025-12-29,2026-03-23,234
11,APS-001,WHOLESALE,2026-03-09,155.6095278424043,HW_Damped_Add,169.66021402485532,2021-07-05,2025-12-22,2025-12-29,2026-03-23,234
11,APS-001,WHOLESALE,2026-03-16,167.56662894473018,HW_Damped_Add,153.176124583278,2021-07-05,2025-12-22,2025-12-29,2026-03-23,234
11,APS-001,WHOLESALE,2026-03-23,160.68211083799076,HW_Damped_Add,169.86365298362955,2021-07-05,2025-12-22,2025-12-29,2026-03-23,234
11,APS-001,WHOLESALE,2025-12-29,250.6027536416755,HW_Damped_Mul,188.86794631036216,2021-07-05,2025-12-22,2025-12-29,2026-03-23,234
11,APS-001,WHOLESALE,2026-01-05,167.10796186623267,HW_Damped_Mul,245.74705112136266,2021-07-05,2025-12-22,2025-12-29,2026-03-23,234
11,APS-001,WHOLESALE,2026-01-12,179.95657080880054,HW_Damped_Mul,242.13027663406467,2021-07-05,2025-12-22,2025-12-29,2026-03-23,234
11,APS-001,WHOLESALE,2026-01-19,201.60962819079097,HW_Damped_Mul,266.739105770636,2021-07-05,2025-12-22,2025-12-29,2026-03-23,234
11,APS-001,WHOLESALE,2026-01-26,254.0853502359416,HW_Damped_Mul,217.1395523787059,2021-07-05,2025-12-22,2025-12-29,2026-03-23,234
11,APS-001,WHOLESALE,2026-02-02,229.3010682194104,HW_Damped_Mul,189.90698340772022,2021-07-05,2025-12-22,2025-12-29,2026-03-23,234
11,APS-001,WHOLESALE,2026-02-09,249.57867232009372,HW_Damped_Mul,225.29459001053826,2021-07-05,2025-12-22,2025-12-29,2026-03-23,234
11,APS-001,WHOLESALE,2026-02-16,261.7959303721706,HW_Damped_Mul,218.48798625797926,2021-07-05,2025-12-22,2025-12-29,2026-03-23,234
11,APS-001,WHOLESALE,2026-02-23,207.50641543611405,HW_Damped_Mul,168.98906551016177,2021-07-05,2025-12-22,2025-12-29,2026-03-23,234
11,APS-001,WHOLESALE,2026-03-02,229.95491821893685,HW_Damped_Mul,175.86943080593747,2021-07-05,2025-12-22,2025-12-29,2026-03-23,234
11,APS-001,WHOLESALE,2026-03-09,155.6095278424043,HW_Damped_Mul,169.59660362975194,2021-07-05,2025-12-22,2025-12-29,2026-03-23,234
11,APS-001,WHOLESALE,2026-03-16,167.56662894473018,HW_Damped_Mul,153.1530350590764,2021-07-05,2025-12-22,2025-12-29,2026-03-23,234
11,APS-001,WHOLESALE,2026-03-23,160.68211083799076,HW_Damped_Mul,169.88371616211182,2021-07-05,2025-12-22,2025-12-29,2026-03-23,234
12,APS-001,WHOLESALE,2026-03-30,126.10992270341715,HW_Add_Add,150.17599852953168,2021-07-05,2026-03-23,2026-03-30,2026-06-22,247
12,APS-001,WHOLESALE,2026-04-06,127.0,HW_Add_Add,143.56483351432462,2021-07-05,2026-03-23,2026-03-30,2026-06-22,247
12,APS-001,WHOLESALE,2026-04-13,132.09354326986434,HW_Add_Add,120.28594806154871,2021-07-05,2026-03-23,2026-03-30,2026-06-22,247
12,APS-001,WHOLESALE,2026-04-20,114.5463236664164,HW_Add_Add,112.0725299358748,2021-07-05,2026-03-23,2026-03-30,2026-06-22,247
12,APS-001,WHOLESALE,2026-04-27,110.5,HW_Add_Add,114.25400393944338,2021-07-05,2026-03-23,2026-03-30,2026-06-22,247
12,APS-001,WHOLESALE,2026-05-04,73.375,HW_Add_Add,78.8519289550502,2021-07-05,2026-03-23,2026-03-30,2026-06-22,247
12,APS-001,WHOLESALE,2026-05-11,128.18630558816648,HW_Add_Add,99.05526706471517,2021-07-05,2026-03-23,2026-03-30,2026-06-22,247
12,APS-001,WHOLESALE,2026-05-18,70.0,HW_Add_Add,106.20056835468833,2021-07-05,2026-03-23,2026-03-30,2026-06-22,247
12,APS-001,WHOLESALE,2026-05-25,93.0,HW_Add_Add,108.64419680421882,2021-07-05,2026-03-23,2026-03-30,2026-06-22,247
12,APS-001,WHOLESALE,2026-06-01,72.35339721840137,HW_Add_Add,81.70345238438375,2021-07-05,2026-03-23,2026-03-30,2026-06-22,247
12,APS-001,WHOLESALE,2026-06-08,75.0,HW_Add_Add,81.70960458462473,2021-07-05,2026-03-23,2026-03-30,2026-06-22,247
12,APS-001,WHOLESALE,2026-06-15,114.0,HW_Add_Add,69.70575112743971,2021-07-05,2026-03-23,2026-03-30,2026-06-22,247
12,APS-001,WHOLESALE,2026-06-22,82.0,HW_Add_Add,74.461652312594,2021-07-05,2026-03-23,2026-03-30,2026-06-22,247
12,APS-001,WHOLESALE,2026-03-30,126.10992270341715,HW_Damped_Add,151.35251644084795,2021-07-05,2026-03-23,2026-03-30,2026-06-22,247
12,APS-001,WHOLESALE,2026-04-06,127.0,HW_Damped_Add,144.49874958014894,2021-07-05,2026-03-23,2026-03-30,2026-06-22,247
12,APS-001,WHOLESALE,2026-04-13,132.09354326986434,HW_Damped_Add,121.47785673982224,2021-07-05,2026-03-23,2026-03-30,2026-06-22,247
12,APS-001,WHOLESALE,2026-04-20,114.5463236664164,HW_Damped_Add,113.10541638359999,2021-07-05,2026-03-23,2026-03-30,2026-06-22,247
12,APS-001,WHOLESALE,2026-04-27,110.5,HW_Damped_Add,115.42672683847613,2021-07-05,2026-03-23,2026-03-30,2026-06-22,247
12,APS-001,WHOLESALE,2026-05-04,73.375,HW_Damped_Add,80.0619446429565,2021-07-05,2026-03-23,2026-03-30,2026-06-22,247
12,APS-001,WHOLESALE,2026-05-11,128.18630558816648,HW_Damped_Add,100.26716066623436,2021-07-05,2026-03-23,2026-03-30,2026-06-22,247
12,APS-001,WHOLESALE,2026-05-18,70.0,HW_Damped_Add,107.5354348058977,2021-07-05,2026-03-23,2026-03-30,2026-06-22,247
12,APS-001,WHOLESALE,2026-05-25,93.0,HW_Damped_Add,109.81153833442059,2021-07-05,2026-03-23,2026-03-30,2026-06-22,247
12,APS-001,WHOLESALE,2026-06-01,72.35339721840137,HW_Damped_Add,82.97818187794483,2021-07-05,2026-03-23,2026-03-30,2026-06-22,247
12,APS-001,WHOLESALE,2026-06-08,75.0,HW_Damped_Add,82.79360156704007,2021-07-05,2026-03-23,2026-03-30,2026-06-22,247
12,APS-001,WHOLESALE,2026-06-15,114.0,HW_Damped_Add,70.91304549138839,2021-07-05,2026-03-23,2026-03-30,2026-06-22,247
12,APS-001,WHOLESALE,2026-06-22,82.0,HW_Damped_Add,75.4902809181603,2021-07-05,2026-03-23,2026-03-30,2026-06-22,247
12,APS-001,WHOLESALE,2026-03-30,126.10992270341715,HW_Damped_Mul,151.32433607109982,2021-07-05,2026-03-23,2026-03-30,2026-06-22,247
12,APS-001,WHOLESALE,2026-04-06,127.0,HW_Damped_Mul,144.76688810897534,2021-07-05,2026-03-23,2026-03-30,2026-06-22,247
12,APS-001,WHOLESALE,2026-04-13,132.09354326986434,HW_Damped_Mul,121.50766667908725,2021-07-05,2026-03-23,2026-03-30,2026-06-22,247
12,APS-001,WHOLESALE,2026-04-20,114.5463236664164,HW_Damped_Mul,113.28743515776631,2021-07-05,2026-03-23,2026-03-30,2026-06-22,247
12,APS-001,WHOLESALE,2026-04-27,110.5,HW_Damped_Mul,115.48412287666406,2021-07-05,2026-03-23,2026-03-30,2026-06-22,247
12,APS-001,WHOLESALE,2026-05-04,73.375,HW_Damped_Mul,80.11313622576735,2021-07-05,2026-03-23,2026-03-30,2026-06-22,247
12,APS-001,WHOLESALE,2026-05-11,128.18630558816648,HW_Damped_Mul,100.30293929585775,2021-07-05,2026-03-23,2026-03-30,2026-06-22,247
12,APS-001,WHOLESALE,2026-05-18,70.0,HW_Damped_Mul,107.44505515591818,2021-07-05,2026-03-23,2026-03-30,2026-06-22,247
12,APS-001,WHOLESALE,2026-05-25,93.0,HW_Damped_Mul,109.88713600169032,2021-07-05,2026-03-23,2026-03-30,2026-06-22,247
12,APS-001,WHOLESALE,2026-06-01,72.35339721840137,HW_Damped_Mul,82.96691753511644,2021-07-05,2026-03-23,2026-03-30,2026-06-22,247
12,APS-001,WHOLESALE,2026-06-08,75.0,HW_Damped_Mul,82.9668451513055,2021-07-05,2026-03-23,2026-03-30,2026-06-22,247
12,APS-001,WHOLESALE,2026-06-15,114.0,HW_Damped_Mul,70.97072718367377,2021-07-05,2026-03-23,2026-03-30,2026-06-22,247
12,APS-001,WHOLESALE,2026-06-22,82.0,HW_Damped_Mul,75.72960667287384,2021-07-05,2026-03-23,2026-03-30,2026-06-22,247
1,CTS-001,ECOM,2023-07-03,345.0,HW_Add_Add,401.4674473977638,2021-07-05,2023-06-26,2023-07-03,2023-09-25,104
1,CTS-001,ECOM,2023-07-10,368.0,HW_Add_Add,397.49481294023025,2021-07-05,2023-06-26,2023-07-03,2023-09-25,104
1,CTS-001,ECOM,2023-07-17,353.0,HW_Add_Add,395.0192364758168,2021-07-05,2023-06-26,2023-07-03,2023-09-25,104
1,CTS-001,ECOM,2023-07-24,341.0,HW_Add_Add,393.043730544627,2021-07-05,2023-06-26,2023-07-03,2023-09-25,104
1,CTS-001,ECOM,2023-07-31,338.0,HW_Add_Add,454.06703876041286,2021-07-05,2023-06-26,2023-07-03,2023-09-25,104
1,CTS-001,ECOM,2023-08-07,366.0,HW_Add_Add,415.0751437100098,2021-07-05,2023-06-26,2023-07-03,2023-09-25,104
1,CTS-001,ECOM,2023-08-14,393.0,HW_Add_Add,415.08165334325986,2021-07-05,2023-06-26,2023-07-03,2023-09-25,104
1,CTS-001,ECOM,2023-08-21,391.0,HW_Add_Add,405.58034141224636,2021-07-05,2023-06-26,2023-07-03,2023-09-25,104
1,CTS-001,ECOM,2023-08-28,325.0,HW_Add_Add,383.56853752384046,2021-07-05,2023-06-26,2023-07-03,2023-09-25,104
1,CTS-001,ECOM,2023-09-04,404.0,HW_Add_Add,512.5566985412282,2021-07-05,2023-06-26,2023-07-03,2023-09-25,104
1,CTS-001,ECOM,2023-09-11,486.0,HW_Add_Add,434.5613846104874,2021-07-05,2023-06-26,2023-07-03,2023-09-25,104
1,CTS-001,ECOM,2023-09-18,431.0,HW_Add_Add,450.0573251992722,2021-07-05,2023-06-26,2023-07-03,2023-09-25,104
1,CTS-001,ECOM,2023-09-25,492.25,HW_Add_Add,488.0423752654499,2021-07-05,2023-06-26,2023-07-03,2023-09-25,104
1,CTS-001,ECOM,2023-07-03,345.0,HW_Damped_Add,398.4076016594853,2021-07-05,2023-06-26,2023-07-03,2023-09-25,104
1,CTS-001,ECOM,2023-07-10,368.0,HW_Damped_Add,394.0742213659385,2021-07-05,2023-06-26,2023-07-03,2023-09-25,104
1,CTS-001,ECOM,2023-07-17,353.0,HW_Damped_Add,391.27801966116357,2021-07-05,2023-06-26,2023-07-03,2023-09-25,104
1,CTS-001,ECOM,2023-07-24,341.0,HW_Damped_Add,388.9604913309775,2021-07-05,2023-06-26,2023-07-03,2023-09-25,104
1,CTS-001,ECOM,2023-07-31,338.0,HW_Damped_Add,449.5781566617141,2021-07-05,2023-06-26,2023-07-03,2023-09-25,104
1,CTS-001,ECOM,2023-08-07,366.0,HW_Damped_Add,410.3415186041831,2021-07-05,2023-06-26,2023-07-03,2023-09-25,104
1,CTS-001,ECOM,2023-08-14,393.0,HW_Damped_Add,409.9937461916098,2021-07-05,2023-06-26,2023-07-03,2023-09-25,104
1,CTS-001,ECOM,2023-08-21,391.0,HW_Damped_Add,400.1590266627316,2021-07-05,2023-06-26,2023-07-03,2023-09-25,104
1,CTS-001,ECOM,2023-08-28,325.0,HW_Damped_Add,377.9001873798418,2021-07-05,2023-06-26,2023-07-03,2023-09-25,104
1,CTS-001,ECOM,2023-09-04,404.0,HW_Damped_Add,506.66730119309346,2021-07-05,2023-06-26,2023-07-03,2023-09-25,104
1,CTS-001,ECOM,2023-09-11,486.0,HW_Damped_Add,428.2147326017552,2021-07-05,2023-06-26,2023-07-03,2023-09-25,104
1,CTS-001,ECOM,2023-09-18,431.0,HW_Damped_Add,443.37702145275995,2021-07-05,2023-06-26,2023-07-03,2023-09-25,104
1,CTS-001,ECOM,2023-09-25,492.25,HW_Damped_Add,481.08951242951906,2021-07-05,2023-06-26,2023-07-03,2023-09-25,104
1,CTS-001,ECOM,2023-07-03,345.0,HW_Damped_Mul,396.542324213909,2021-07-05,2023-06-26,2023-07-03,2023-09-25,104
1,CTS-001,ECOM,2023-07-10,368.0,HW_Damped_Mul,390.8075664668107,2021-07-05,2023-06-26,2023-07-03,2023-09-25,104
1,CTS-001,ECOM,2023-07-17,353.0,HW_Damped_Mul,387.7182932219715,2021-07-05,2023-06-26,2023-07-03,2023-09-25,104
1,CTS-001,ECOM,2023-07-24,341.0,HW_Damped_Mul,384.2843675872414,2021-07-05,2023-06-26,2023-07-03,2023-09-25,104
1,CTS-001,ECOM,2023-07-31,338.0,HW_Damped_Mul,452.5392695891064,2021-07-05,2023-06-26,2023-07-03,2023-09-25,104
1,CTS-001,ECOM,2023-08-07,366.0,HW_Damped_Mul,408.57533628645064,2021-07-05,2023-06-26,2023-07-03,2023-09-25,104
1,CTS-001,ECOM,2023-08-14,393.0,HW_Damped_Mul,407.0234884296577,2021-07-05,2023-06-26,2023-07-03,2023-09-25,104
1,CTS-001,ECOM,2023-08-21,391.0,HW_Damped_Mul,395.0870221379323,2021-07-05,2023-06-26,2023-07-03,2023-09-25,104
1,CTS-001,ECOM,2023-08-28,325.0,HW_Damped_Mul,371.15822728622317,2021-07-05,2023-06-26,2023-07-03,2023-09-25,104
1,CTS-001,ECOM,2023-09-04,404.0,HW_Damped_Mul,523.5504870622209,2021-07-05,2023-06-26,2023-07-03,2023-09-25,104
1,CTS-001,ECOM,2023-09-11,486.0,HW_Damped_Mul,428.11228603333336,2021-07-05,2023-06-26,2023-07-03,2023-09-25,104
1,CTS-001,ECOM,2023-09-18,431.0,HW_Damped_Mul,444.9518872898373,2021-07-05,2023-06-26,2023-07-03,2023-09-25,104
1,CTS-001,ECOM,2023-09-25,492.25,HW_Damped_Mul,489.7135228804952,2021-07-05,2023-06-26,2023-07-03,2023-09-25,104
2,CTS-001,ECOM,2023-10-02,507.0000000000001,HW_Add_Add,483.4815568062338,2021-07-05,2023-09-25,2023-10-02,2023-12-25,117
2,CTS-001,ECOM,2023-10-09,512.0,HW_Add_Add,469.4683553665687,2021-07-05,2023-09-25,2023-10-02,2023-12-25,117
2,CTS-001,ECOM,2023-10-16,481.0,HW_Add_Add,547.4858281445952,2021-07-05,2023-09-25,2023-10-02,2023-12-25,117
2,CTS-001,ECOM,2023-10-23,526.0,HW_Add_Add,535.4795843341924,2021-07-05,2023-09-25,2023-10-02,2023-12-25,117
2,CTS-001,ECOM,2023-10-30,643.0,HW_Add_Add,521.4746797720207,2021-07-05,2023-09-25,2023-10-02,2023-12-25,117
2,CTS-001,ECOM,2023-11-06,568.0,HW_Add_Add,550.9651041529049,2021-07-05,2023-09-25,2023-10-02,2023-12-25,117
2,CTS-001,ECOM,2023-11-13,576.0,HW_Add_Add,592.4853320644113,2021-07-05,2023-09-25,2023-10-02,2023-12-25,117
2,CTS-001,ECOM,2023-11-20,671.0,HW_Add_Add,575.0840562253649,2021-07-05,2023-09-25,2023-10-02,2023-12-25,117
2,CTS-001,ECOM,2023-11-27,686.0,HW_Add_Add,579.6513462029402,2021-07-05,2023-09-25,2023-10-02,2023-12-25,117
2,CTS-001,ECOM,2023-12-04,495.04120273718064,HW_Add_Add,520.8833616065523,2021-07-05,2023-09-25,2023-10-02,2023-12-25,117
2,CTS-001,ECOM,2023-12-11,538.0144268220449,HW_Add_Add,571.0129431488074,2021-07-05,2023-09-25,2023-10-02,2023-12-25,117
2,CTS-001,ECOM,2023-12-18,529.1822957238819,HW_Add_Add,592.0376695118891,2021-07-05,2023-09-25,2023-10-02,2023-12-25,117
2,CTS-001,ECOM,2023-12-25,514.1603437466987,HW_Add_Add,536.1673657847135,2021-07-05,2023-09-25,2023-10-02,2023-12-25,117
2,CTS-001,ECOM,2023-10-02,507.0000000000001,HW_Damped_Add,477.8743031516054,2021-07-05,2023-09-25,2023-10-02,2023-12-25,117
2,CTS-001,ECOM,2023-10-09,512.0,HW_Damped_Add,463.2945591410885,2021-07-05,2023-09-25,2023-10-02,2023-12-25,117
2,CTS-001,ECOM,2023-10-16,481.0,HW_Damped_Add,540.7998289453542,2021-07-05,2023-09-25,2023-10-02,2023-12-25,117
2,CTS-001,ECOM,2023-10-23,526.0,HW_Damped_Add,528.257251285025,2021-07-05,2023-09-25,2023-10-02,2023-12-25,117
2,CTS-001,ECOM,2023-10-30,643.0,HW_Damped_Add,513.7260405353168,2021-07-05,2023-09-25,2023-10-02,2023-12-25,117
2,CTS-001,ECOM,2023-11-06,568.0,HW_Damped_Add,542.6873204965927,2021-07-05,2023-09-25,2023-10-02,2023-12-25,117
2,CTS-001,ECOM,2023-11-13,576.0,HW_Damped_Add,583.7232769414189,2021-07-05,2023-09-25,2023-10-02,2023-12-25,117
2,CTS-001,ECOM,2023-11-20,671.0,HW_Damped_Add,565.7777569580448,2021-07-05,2023-09-25,2023-10-02,2023-12-25,117
2,CTS-001,ECOM,2023-11-27,686.0,HW_Damped_Add,569.8524395737371,2021-07-05,2023-09-25,2023-10-02,2023-12-25,117
2,CTS-001,ECOM,2023-12-04,495.04120273718064,HW_Damped_Add,510.5652668786209,2021-07-05,2023-09-25,2023-10-02,2023-12-25,117
2,CTS-001,ECOM,2023-12-11,538.0144268220449,HW_Damped_Add,560.213604940423,2021-07-05,2023-09-25,2023-10-02,2023-12-25,117
2,CTS-001,ECOM,2023-12-18,529.1822957238819,HW_Damped_Add,580.7281919227669,2021-07-05,2023-09-25,2023-10-02,2023-12-25,117
2,CTS-001,ECOM,2023-12-25,514.1603437466987,HW_Damped_Add,524.3649962028042,2021-07-05,2023-09-25,2023-10-02,2023-12-25,117
2,CTS-001,ECOM,2023-10-02,507.0000000000001,HW_Damped_Mul,499.22641165896044,2021-07-05,2023-09-25,2023-10-02,2023-12-25,117
2,CTS-001,ECOM,2023-10-09,512.0,HW_Damped_Mul,478.8799958313966,2021-07-05,2023-09-25,2023-10-02,2023-12-25,117
2,CTS-001,ECOM,2023-10-16,481.0,HW_Damped_Mul,569.5834240089995,2021-07-05,2023-09-25,2023-10-02,2023-12-25,117
2,CTS-001,ECOM,2023-10-23,526.0,HW_Damped_Mul,554.3241686738554,2021-07-05,2023-09-25,2023-10-02,2023-12-25,117
2,CTS-001,ECOM,2023-10-30,643.0,HW_Damped_Mul,537.6077805863441,2021-07-05,2023-09-25,2023-10-02,2023-12-25,117
2,CTS-001,ECOM,2023-11-06,568.0,HW_Damped_Mul,569.2133181277001,2021-07-05,2023-09-25,2023-10-02,2023-12-25,117
2,CTS-001,ECOM,2023-11-13,576.0,HW_Damped_Mul,620.2759323019488,2021-07-05,2023-09-25,2023-10-02,2023-12-25,117
2,CTS-001,ECOM,2023-11-20,671.0,HW_Damped_Mul,595.076836502454,2021-07-05,2023-09-25,2023-10-02,2023-12-25,117
2,CTS-001,ECOM,2023-11-27,686.0,HW_Damped_Mul,601.3291281656457,2021-07-05,2023-09-25,2023-10-02,2023-12-25,117
2,CTS-001,ECOM,2023-12-04,495.04120273718064,HW_Damped_Mul,534.2272618968602,2021-07-05,2023-09-25,2023-10-02,2023-12-25,117
2,CTS-001,ECOM,2023-12-11,538.0144268220449,HW_Damped_Mul,591.9811410788037,2021-07-05,2023-09-25,2023-10-02,2023-12-25,117
2,CTS-001,ECOM,2023-12-18,529.1822957238819,HW_Damped_Mul,612.2072747418493,2021-07-05,2023-09-25,2023-10-02,2023-12-25,117
2,CTS-001,ECOM,2023-12-25,514.1603437466987,HW_Damped_Mul,549.3040284122069,2021-07-05,2023-09-25,2023-10-02,2023-12-25,117
3,CTS-001,ECOM,2024-01-01,343.0990029331898,HW_Add_Add,397.1279209492257,2021-07-05,2023-12-25,2024-01-01,2024-03-25,130
3,CTS-001,ECOM,2024-01-08,378.6327703676555,HW_Add_Add,357.46767346854466,2021-07-05,2023-12-25,2024-01-01,2024-03-25,130
3,CTS-001,ECOM,2024-01-15,360.8001035282291,HW_Add_Add,332.32722948566834,2021-07-05,2023-12-25,2024-01-01,2024-03-25,130
3,CTS-001,ECOM,2024-01-22,317.30058989565856,HW_Add_Add,356.33067283152525,2021-07-05,2023-12-25,2024-01-01,2024-03-25,130
3,CTS-001,ECOM,2024-01-29,317.0,HW_Add_Add,371.9352297502687,2021-07-05,2023-12-25,2024-01-01,2024-03-25,130
3,CTS-001,ECOM,2024-02-05,303.5,HW_Add_Add,355.83206706641886,2021-07-05,2023-12-25,2024-01-01,2024-03-25,130
3,CTS-001,ECOM,2024-02-12,319.0,HW_Add_Add,376.825686508282,2021-07-05,2023-12-25,2024-01-01,2024-03-25,130
3,CTS-001,ECOM,2024-02-19,293.0,HW_Add_Add,386.86043956349545,2021-07-05,2023-12-25,2024-01-01,2024-03-25,130
3,CTS-001,ECOM,2024-02-26,347.0,HW_Add_Add,346.8206766265966,2021-07-05,2023-12-25,2024-01-01,2024-03-25,130
3,CTS-001,ECOM,2024-03-04,332.0,HW_Add_Add,373.3209536126628,2021-07-05,2023-12-25,2024-01-01,2024-03-25,130
3,CTS-001,ECOM,2024-03-11,320.71584153152287,HW_Add_Add,352.9102815433318,2021-07-05,2023-12-25,2024-01-01,2024-03-25,130
3,CTS-001,ECOM,2024-03-18,318.0,HW_Add_Add,332.31360109970603,2021-07-05,2023-12-25,2024-01-01,2024-03-25,130
3,CTS-001,ECOM,2024-03-25,323.0,HW_Add_Add,362.31548802567113,2021-07-05,2023-12-25,2024-01-01,2024-03-25,130
3,CTS-001,ECOM,2024-01-01,343.0990029331898,HW_Damped_Add,384.190406948851,2021-07-05,2023-12-25,2024-01-01,2024-03-25,130
3,CTS-001,ECOM,2024-01-08,378.6327703676555,HW_Damped_Add,343.9058216727479,2021-07-05,2023-12-25,2024-01-01,2024-03-25,130
3,CTS-001,ECOM,2024-01-15,360.8001035282291,HW_Damped_Add,318.18068120542034,2021-07-05,2023-12-25,2024-01-01,2024-03-25,130
3,CTS-001,ECOM,2024-01-22,317.30058989565856,HW_Damped_Add,341.55726810232284,2021-07-05,2023-12-25,2024-01-01,2024-03-25,130
3,CTS-001,ECOM,2024-01-29,317.0,HW_Damped_Add,356.61483717472765,2021-07-05,2023-12-25,2024-01-01,2024-03-25,130
3,CTS-001,ECOM,2024-02-05,303.5,HW_Damped_Add,339.86568196525593,2021-07-05,2023-12-25,2024-01-01,2024-03-25,130
3,CTS-001,ECOM,2024-02-12,319.0,HW_Damped_Add,360.33205034662774,2021-07-05,2023-12-25,2024-01-01,2024-03-25,130
3,CTS-001,ECOM,2024-02-19,293.0,HW_Damped_Add,369.7471258036918,2021-07-05,2023-12-25,2024-01-01,2024-03-25,130
3,CTS-001,ECOM,2024-02-26,347.0,HW_Damped_Add,329.1725153041963,2021-07-05,2023-12-25,2024-01-01,2024-03-25,130
3,CTS-001,ECOM,2024-03-04,332.0,HW_Damped_Add,355.068516066526,2021-07-05,2023-12-25,2024-01-01,2024-03-25,130
3,CTS-001,ECOM,2024-03-11,320.71584153152287,HW_Damped_Add,334.0649825326567,2021-07-05,2023-12-25,2024-01-01,2024-03-25,130
3,CTS-001,ECOM,2024-03-18,318.0,HW_Damped_Add,312.95533356874233,2021-07-05,2023-12-25,2024-01-01,2024-03-25,130
3,CTS-001,ECOM,2024-03-25,323.0,HW_Damped_Add,342.36198198453087,2021-07-05,2023-12-25,2024-01-01,2024-03-25,130
3,CTS-001,ECOM,2024-01-01,343.0990029331898,HW_Damped_Mul,381.664791442947,2021-07-05,2023-12-25,2024-01-01,2024-03-25,130
3,CTS-001,ECOM,2024-01-08,378.6327703676555,HW_Damped_Mul,337.18461791505376,2021-07-05,2023-12-25,2024-01-01,2024-03-25,130
3,CTS-001,ECOM,2024-01-15,360.8001035282291,HW_Damped_Mul,309.3163189941783,2021-07-05,2023-12-25,2024-01-01,2024-03-25,130
3,CTS-001,ECOM,2024-01-22,317.30058989565856,HW_Damped_Mul,334.18347005502795,2021-07-05,2023-12-25,2024-01-01,2024-03-25,130
3,CTS-001,ECOM,2024-01-29,317.0,HW_Damped_Mul,351.6389360257589,2021-07-05,2023-12-25,2024-01-01,2024-03-25,130
3,CTS-001,ECOM,2024-02-05,303.5,HW_Damped_Mul,332.33590886246293,2021-07-05,2023-12-25,2024-01-01,2024-03-25,130
3,CTS-001,ECOM,2024-02-12,319.0,HW_Damped_Mul,356.26850063632827,2021-07-05,2023-12-25,2024-01-01,2024-03-25,130
3,CTS-001,ECOM,2024-02-19,293.0,HW_Damped_Mul,366.31105676748047,2021-07-05,2023-12-25,2024-01-01,2024-03-25,130
3,CTS-001,ECOM,2024-02-26,347.0,HW_Damped_Mul,323.61845239138063,2021-07-05,2023-12-25,2024-01-01,2024-03-25,130
3,CTS-001,ECOM,2024-03-04,332.0,HW_Damped_Mul,351.69785234817147,2021-07-05,2023-12-25,2024-01-01,2024-03-25,130
3,CTS-001,ECOM,2024-03-11,320.71584153152287,HW_Damped_Mul,328.93081238770793,2021-07-05,2023-12-25,2024-01-01,2024-03-25,130
3,CTS-001,ECOM,2024-03-18,318.0,HW_Damped_Mul,307.5142884900213,2021-07-05,2023-12-25,2024-01-01,2024-03-25,130
3,CTS-001,ECOM,2024-03-25,323.0,HW_Damped_Mul,339.0571832623663,2021-07-05,2023-12-25,2024-01-01,2024-03-25,130
4,CTS-001,ECOM,2024-04-01,419.0,HW_Add_Add,365.91512817968066,2021-07-05,2024-03-25,2024-04-01,2024-06-24,143
4,CTS-001,ECOM,2024-04-08,386.0,HW_Add_Add,378.23941163565956,2021-07-05,2024-03-25,2024-04-01,2024-06-24,143
4,CTS-001,ECOM,2024-04-15,365.0,HW_Add_Add,413.73252467633574,2021-07-05,2024-03-25,2024-04-01,2024-06-24,143
4,CTS-001,ECOM,2024-04-22,367.0,HW_Add_Add,330.1164951604636,2021-07-05,2024-03-25,2024-04-01,2024-06-24,143
4,CTS-001,ECOM,2024-04-29,367.9301470622461,HW_Add_Add,413.74118339877094,2021-07-05,2024-03-25,2024-04-01,2024-06-24,143
4,CTS-001,ECOM,2024-05-06,358.0,HW_Add_Add,375.25293142617363,2021-07-05,2024-03-25,2024-04-01,2024-06-24,143
4,CTS-001,ECOM,2024-05-13,383.35728305666265,HW_Add_Add,415.2196893664295,2021-07-05,2024-03-25,2024-04-01,2024-06-24,143
4,CTS-001,ECOM,2024-05-20,412.8599878708122,HW_Add_Add,403.2826780443272,2021-07-05,2024-03-25,2024-04-01,2024-06-24,143
4,CTS-001,ECOM,2024-05-27,411.0,HW_Add_Add,370.84572014023877,2021-07-05,2024-03-25,2024-04-01,2024-06-24,143
4,CTS-001,ECOM,2024-06-03,365.5236609508904,HW_Add_Add,349.66161253391795,2021-07-05,2024-03-25,2024-04-01,2024-06-24,143
4,CTS-001,ECOM,2024-06-10,367.0,HW_Add_Add,353.7864693928516,2021-07-05,2024-03-25,2024-04-01,2024-06-24,143
4,CTS-001,ECOM,2024-06-17,336.0,HW_Add_Add,367.78421878236475,2021-07-05,2024-03-25,2024-04-01,2024-06-24,143
4,CTS-001,ECOM,2024-06-24,380.6644744597375,HW_Add_Add,355.71981651606245,2021-07-05,2024-03-25,2024-04-01,2024-06-24,143
4,CTS-001,ECOM,2024-04-01,419.0,HW_Damped_Add,356.2638820013698,2021-07-05,2024-03-25,2024-04-01,2024-06-24,143
4,CTS-001,ECOM,2024-04-08,386.0,HW_Damped_Add,368.1099362563574,2021-07-05,2024-03-25,2024-04-01,2024-06-24,143
4,CTS-001,ECOM,2024-04-15,365.0,HW_Damped_Add,403.1186475970027,2021-07-05,2024-03-25,2024-04-01,2024-06-24,143
4,CTS-001,ECOM,2024-04-22,367.0,HW_Damped_Add,318.99925122070783,2021-07-05,2024-03-25,2024-04-01,2024-06-24,143
4,CTS-001,ECOM,2024-04-29,367.9301470622461,HW_Damped_Add,402.1109131699711,2021-07-05,2024-03-25,2024-04-01,2024-06-24,143
4,CTS-001,ECOM,2024-05-06,358.0,HW_Damped_Add,363.093393817819,2021-07-05,2024-03-25,2024-04-01,2024-06-24,143
4,CTS-001,ECOM,2024-05-13,383.35728305666265,HW_Damped_Add,402.5187919704485,2021-07-05,2024-03-25,2024-04-01,2024-06-24,143
4,CTS-001,ECOM,2024-05-20,412.8599878708122,HW_Damped_Add,390.04630428292535,2021-07-05,2024-03-25,2024-04-01,2024-06-24,143
4,CTS-001,ECOM,2024-05-27,411.0,HW_Damped_Add,357.08919396428104,2021-07-05,2024-03-25,2024-04-01,2024-06-24,143
4,CTS-001,ECOM,2024-06-03,365.5236609508904,HW_Damped_Add,335.3839031459032,2021-07-05,2024-03-25,2024-04-01,2024-06-24,143
4,CTS-001,ECOM,2024-06-10,367.0,HW_Damped_Add,338.9820164183111,2021-07-05,2024-03-25,2024-04-01,2024-06-24,143
4,CTS-001,ECOM,2024-06-17,336.0,HW_Damped_Add,352.46259374523476,2021-07-05,2024-03-25,2024-04-01,2024-06-24,143
4,CTS-001,ECOM,2024-06-24,380.6644744597375,HW_Damped_Add,339.8768885031501,2021-07-05,2024-03-25,2024-04-01,2024-06-24,143
4,CTS-001,ECOM,2024-04-01,419.0,HW_Damped_Mul,365.0071008728411,2021-07-05,2024-03-25,2024-04-01,2024-06-24,143
4,CTS-001,ECOM,2024-04-08,386.0,HW_Damped_Mul,378.1057954580694,2021-07-05,2024-03-25,2024-04-01,2024-06-24,143
4,CTS-001,ECOM,2024-04-15,365.0,HW_Damped_Mul,415.12422624066335,2021-07-05,2024-03-25,2024-04-01,2024-06-24,143
4,CTS-001,ECOM,2024-04-22,367.0,HW_Damped_Mul,325.6999863289217,2021-07-05,2024-03-25,2024-04-01,2024-06-24,143
4,CTS-001,ECOM,2024-04-29,367.9301470622461,HW_Damped_Mul,414.4716340426386,2021-07-05,2024-03-25,2024-04-01,2024-06-24,143
4,CTS-001,ECOM,2024-05-06,358.0,HW_Damped_Mul,373.439439738296,2021-07-05,2024-03-25,2024-04-01,2024-06-24,143
4,CTS-001,ECOM,2024-05-13,383.35728305666265,HW_Damped_Mul,416.6773554171015,2021-07-05,2024-03-25,2024-04-01,2024-06-24,143
4,CTS-001,ECOM,2024-05-20,412.8599878708122,HW_Damped_Mul,403.86998552524426,2021-07-05,2024-03-25,2024-04-01,2024-06-24,143
4,CTS-001,ECOM,2024-05-27,411.0,HW_Damped_Mul,367.9724000702346,2021-07-05,2024-03-25,2024-04-01,2024-06-24,143
4,CTS-001,ECOM,2024-06-03,365.5236609508904,HW_Damped_Mul,344.6228892542421,2021-07-05,2024-03-25,2024-04-01,2024-06-24,143
4,CTS-001,ECOM,2024-06-10,367.0,HW_Damped_Mul,349.1367054606186,2021-07-05,2024-03-25,2024-04-01,2024-06-24,143
4,CTS-001,ECOM,2024-06-17,336.0,HW_Damped_Mul,363.2287197586906,2021-07-05,2024-03-25,2024-04-01,2024-06-24,143
4,CTS-001,ECOM,2024-06-24,380.6644744597375,HW_Damped_Mul,351.0235250200146,2021-07-05,2024-03-25,2024-04-01,2024-06-24,143
5,CTS-001,ECOM,2024-07-01,450.0,HW_Add_Add,382.86565452462395,2021-07-05,2024-06-24,2024-07-01,2024-09-23,156
5,CTS-001,ECOM,2024-07-08,432.0,HW_Add_Add,387.8574179829705,2021-07-05,2024-06-24,2024-07-01,2024-09-23,156
5,CTS-001,ECOM,2024-07-15,395.0,HW_Add_Add,381.19418192937997,2021-07-05,2024-06-24,2024-07-01,2024-09-23,156
5,CTS-001,ECOM,2024-07-22,390.0,HW_Add_Add,375.86583568069796,2021-07-05,2024-06-24,2024-07-01,2024-09-23,156
5,CTS-001,ECOM,2024-07-29,375.0,HW_Add_Add,415.47051340163404,2021-07-05,2024-06-24,2024-07-01,2024-09-23,156
5,CTS-001,ECOM,2024-08-05,392.0,HW_Add_Add,398.8701930446123,2021-07-05,2024-06-24,2024-07-01,2024-09-23,156
5,CTS-001,ECOM,2024-08-12,412.0,HW_Add_Add,407.84541483525925,2021-07-05,2024-06-24,2024-07-01,2024-09-23,156
5,CTS-001,ECOM,2024-08-19,407.0,HW_Add_Add,400.8192948833732,2021-07-05,2024-06-24,2024-07-01,2024-09-23,156
5,CTS-001,ECOM,2024-08-26,413.0,HW_Add_Add,364.1426272343362,2021-07-05,2024-06-24,2024-07-01,2024-09-23,156
5,CTS-001,ECOM,2024-09-02,480.0,HW_Add_Add,476.4762869520306,2021-07-05,2024-06-24,2024-07-01,2024-09-23,156
5,CTS-001,ECOM,2024-09-09,522.0,HW_Add_Add,451.7944450046124,2021-07-05,2024-06-24,2024-07-01,2024-09-23,156
5,CTS-001,ECOM,2024-09-16,501.0,HW_Add_Add,443.7375221977454,2021-07-05,2024-06-24,2024-07-01,2024-09-23,156
5,CTS-001,ECOM,2024-09-23,512.0,HW_Add_Add,489.5043925323239,2021-07-05,2024-06-24,2024-07-01,2024-09-23,156
5,CTS-001,ECOM,2024-07-01,450.0,HW_Damped_Add,376.0602859809005,2021-07-05,2024-06-24,2024-07-01,2024-09-23,156
5,CTS-001,ECOM,2024-07-08,432.0,HW_Damped_Add,380.7150990006928,2021-07-05,2024-06-24,2024-07-01,2024-09-23,156
5,CTS-001,ECOM,2024-07-15,395.0,HW_Damped_Add,373.841236122646,2021-07-05,2024-06-24,2024-07-01,2024-09-23,156
5,CTS-001,ECOM,2024-07-22,390.0,HW_Damped_Add,368.8021601252963,2021-07-05,2024-06-24,2024-07-01,2024-09-23,156
5,CTS-001,ECOM,2024-07-29,375.0,HW_Damped_Add,411.07307672644015,2021-07-05,2024-06-24,2024-07-01,2024-09-23,156
5,CTS-001,ECOM,2024-08-05,392.0,HW_Damped_Add,391.74217335322095,2021-07-05,2024-06-24,2024-07-01,2024-09-23,156
5,CTS-001,ECOM,2024-08-12,412.0,HW_Damped_Add,401.01700482278216,2021-07-05,2024-06-24,2024-07-01,2024-09-23,156
5,CTS-001,ECOM,2024-08-19,407.0,HW_Damped_Add,394.2464785320037,2021-07-05,2024-06-24,2024-07-01,2024-09-23,156
5,CTS-001,ECOM,2024-08-26,413.0,HW_Damped_Add,357.10791134063817,2021-07-05,2024-06-24,2024-07-01,2024-09-23,156
5,CTS-001,ECOM,2024-09-02,480.0,HW_Damped_Add,468.7086937319623,2021-07-05,2024-06-24,2024-07-01,2024-09-23,156
5,CTS-001,ECOM,2024-09-09,522.0,HW_Damped_Add,444.30504395535957,2021-07-05,2024-06-24,2024-07-01,2024-09-23,156
5,CTS-001,ECOM,2024-09-16,501.0,HW_Damped_Add,438.23859874581484,2021-07-05,2024-06-24,2024-07-01,2024-09-23,156
5,CTS-001,ECOM,2024-09-23,512.0,HW_Damped_Add,483.0330681122019,2021-07-05,2024-06-24,2024-07-01,2024-09-23,156
5,CTS-001,ECOM,2024-07-01,450.0,HW_Damped_Mul,379.4978290879051,2021-07-05,2024-06-24,2024-07-01,2024-09-23,156
5,CTS-001,ECOM,2024-07-08,432.0,HW_Damped_Mul,385.03358347993077,2021-07-05,2024-06-24,2024-07-01,2024-09-23,156
5,CTS-001,ECOM,2024-07-15,395.0,HW_Damped_Mul,376.812581396082,2021-07-05,2024-06-24,2024-07-01,2024-09-23,156
5,CTS-001,ECOM,2024-07-22,390.0,HW_Damped_Mul,369.6504232914932,2021-07-05,2024-06-24,2024-07-01,2024-09-23,156
5,CTS-001,ECOM,2024-07-29,375.0,HW_Damped_Mul,409.61929940013346,2021-07-05,2024-06-24,2024-07-01,2024-09-23,156
5,CTS-001,ECOM,2024-08-05,392.0,HW_Damped_Mul,393.8489646298432,2021-07-05,2024-06-24,2024-07-01,2024-09-23,156
5,CTS-001,ECOM,2024-08-12,412.0,HW_Damped_Mul,403.4434537918958,2021-07-05,2024-06-24,2024-07-01,2024-09-23,156
5,CTS-001,ECOM,2024-08-19,407.0,HW_Damped_Mul,395.14060967640137,2021-07-05,2024-06-24,2024-07-01,2024-09-23,156
5,CTS-001,ECOM,2024-08-26,413.0,HW_Damped_Mul,354.05013953676456,2021-07-05,2024-06-24,2024-07-01,2024-09-23,156
5,CTS-001,ECOM,2024-09-02,480.0,HW_Damped_Mul,477.41225657552343,2021-07-05,2024-06-24,2024-07-01,2024-09-23,156
5,CTS-001,ECOM,2024-09-09,522.0,HW_Damped_Mul,451.8346037150686,2021-07-05,2024-06-24,2024-07-01,2024-09-23,156
5,CTS-001,ECOM,2024-09-16,501.0,HW_Damped_Mul,440.0977306081094,2021-07-05,2024-06-24,2024-07-01,2024-09-23,156
5,CTS-001,ECOM,2024-09-23,512.0,HW_Damped_Mul,491.0062877553892,2021-07-05,2024-06-24,2024-07-01,2024-09-23,156
6,CTS-001,ECOM,2024-09-30,517.0,HW_Add_Add,525.0005387431812,2021-07-05,2024-09-23,2024-09-30,2024-12-23,169
6,CTS-001,ECOM,2024-10-07,621.0,HW_Add_Add,517.3356618889634,2021-07-05,2024-09-23,2024-09-30,2024-12-23,169
6,CTS-001,ECOM,2024-10-14,543.0,HW_Add_Add,558.9997311606867,2021-07-05,2024-09-23,2024-09-30,2024-12-23,169
6,CTS-001,ECOM,2024-10-21,549.0,HW_Add_Add,565.9995012130858,2021-07-05,2024-09-23,2024-09-30,2024-12-23,169
6,CTS-001,ECOM,2024-10-28,633.0,HW_Add_Add,595.6646151777531,2021-07-05,2024-09-23,2024-09-30,2024-12-23,169
6,CTS-001,ECOM,2024-11-04,569.0,HW_Add_Add,590.3323380693702,2021-07-05,2024-09-23,2024-09-30,2024-12-23,169
6,CTS-001,ECOM,2024-11-11,656.0,HW_Add_Add,620.6638868136458,2021-07-05,2024-09-23,2024-09-30,2024-12-23,169
6,CTS-001,ECOM,2024-11-18,544.0,HW_Add_Add,640.7473338513355,2021-07-05,2024-09-23,2024-09-30,2024-12-23,169
6,CTS-001,ECOM,2024-11-25,658.0,HW_Add_Add,648.7869807129505,2021-07-05,2024-09-23,2024-09-30,2024-12-23,169
6,CTS-001,ECOM,2024-12-02,534.0,HW_Add_Add,545.9573447061352,2021-07-05,2024-09-23,2024-09-30,2024-12-23,169
6,CTS-001,ECOM,2024-12-09,616.0,HW_Add_Add,593.6914227064822,2021-07-05,2024-09-23,2024-09-30,2024-12-23,169
6,CTS-001,ECOM,2024-12-16,572.7520800615882,HW_Add_Add,604.7684067122796,2021-07-05,2024-09-23,2024-09-30,2024-12-23,169
6,CTS-001,ECOM,2024-12-23,622.840927138526,HW_Add_Add,562.5130741833848,2021-07-05,2024-09-23,2024-09-30,2024-12-23,169
6,CTS-001,ECOM,2024-09-30,517.0,HW_Damped_Add,512.76320469583,2021-07-05,2024-09-23,2024-09-30,2024-12-23,169
6,CTS-001,ECOM,2024-10-07,621.0,HW_Damped_Add,507.6432189254882,2021-07-05,2024-09-23,2024-09-30,2024-12-23,169
6,CTS-001,ECOM,2024-10-14,543.0,HW_Damped_Add,547.309378547268,2021-07-05,2024-09-23,2024-09-30,2024-12-23,169
6,CTS-001,ECOM,2024-10-21,549.0,HW_Damped_Add,553.8173331869652,2021-07-05,2024-09-23,2024-09-30,2024-12-23,169
6,CTS-001,ECOM,2024-10-28,633.0,HW_Damped_Add,581.2590971106085,2021-07-05,2024-09-23,2024-09-30,2024-12-23,169
6,CTS-001,ECOM,2024-11-04,569.0,HW_Damped_Add,577.5338117572059,2021-07-05,2024-09-23,2024-09-30,2024-12-23,169
6,CTS-001,ECOM,2024-11-11,656.0,HW_Damped_Add,603.323264434654,2021-07-05,2024-09-23,2024-09-30,2024-12-23,169
6,CTS-001,ECOM,2024-11-18,544.0,HW_Damped_Add,625.7004567527395,2021-07-05,2024-09-23,2024-09-30,2024-12-23,169
6,CTS-001,ECOM,2024-11-25,658.0,HW_Damped_Add,631.9661718894818,2021-07-05,2024-09-23,2024-09-30,2024-12-23,169
6,CTS-001,ECOM,2024-12-02,534.0,HW_Damped_Add,532.3966592695376,2021-07-05,2024-09-23,2024-09-30,2024-12-23,169
6,CTS-001,ECOM,2024-12-09,616.0,HW_Damped_Add,577.8081979101969,2021-07-05,2024-09-23,2024-09-30,2024-12-23,169
6,CTS-001,ECOM,2024-12-16,572.7520800615882,HW_Damped_Add,591.4713770738059,2021-07-05,2024-09-23,2024-09-30,2024-12-23,169
6,CTS-001,ECOM,2024-12-23,622.840927138526,HW_Damped_Add,549.0173217375699,2021-07-05,2024-09-23,2024-09-30,2024-12-23,169
6,CTS-001,ECOM,2024-09-30,517.0,HW_Damped_Mul,529.8814567740144,2021-07-05,2024-09-23,2024-09-30,2024-12-23,169
6,CTS-001,ECOM,2024-10-07,621.0,HW_Damped_Mul,511.9951380747119,2021-07-05,2024-09-23,2024-09-30,2024-12-23,169
6,CTS-001,ECOM,2024-10-14,543.0,HW_Damped_Mul,563.5502252524733,2021-07-05,2024-09-23,2024-09-30,2024-12-23,169
6,CTS-001,ECOM,2024-10-21,549.0,HW_Damped_Mul,573.307254624352,2021-07-05,2024-09-23,2024-09-30,2024-12-23,169
6,CTS-001,ECOM,2024-10-28,633.0,HW_Damped_Mul,615.2013922185646,2021-07-05,2024-09-23,2024-09-30,2024-12-23,169
6,CTS-001,ECOM,2024-11-04,569.0,HW_Damped_Mul,599.8529400539575,2021-07-05,2024-09-23,2024-09-30,2024-12-23,169
6,CTS-001,ECOM,2024-11-11,656.0,HW_Damped_Mul,635.8183514367386,2021-07-05,2024-09-23,2024-09-30,2024-12-23,169
6,CTS-001,ECOM,2024-11-18,544.0,HW_Damped_Mul,665.257349174399,2021-07-05,2024-09-23,2024-09-30,2024-12-23,169
6,CTS-001,ECOM,2024-11-25,658.0,HW_Damped_Mul,673.2908554925257,2021-07-05,2024-09-23,2024-09-30,2024-12-23,169
6,CTS-001,ECOM,2024-12-02,534.0,HW_Damped_Mul,548.9851308177438,2021-07-05,2024-09-23,2024-09-30,2024-12-23,169
6,CTS-001,ECOM,2024-12-09,616.0,HW_Damped_Mul,604.2366103394613,2021-07-05,2024-09-23,2024-09-30,2024-12-23,169
6,CTS-001,ECOM,2024-12-16,572.7520800615882,HW_Damped_Mul,612.3737615831557,2021-07-05,2024-09-23,2024-09-30,2024-12-23,169
6,CTS-001,ECOM,2024-12-23,622.840927138526,HW_Damped_Mul,566.8466330017959,2021-07-05,2024-09-23,2024-09-30,2024-12-23,169
7,CTS-001,ECOM,2024-12-30,398.58968463598575,HW_Add_Add,407.09463363654163,2021-07-05,2024-12-23,2024-12-30,2025-03-24,182
7,CTS-001,ECOM,2025-01-06,362.5249259933721,HW_Add_Add,392.54547904955575,2021-07-05,2024-12-23,2024-12-30,2025-03-24,182
7,CTS-001,ECOM,2025-01-13,440.5,HW_Add_Add,369.85063552068084,2021-07-05,2024-12-23,2024-12-30,2025-03-24,182
7,CTS-001,ECOM,2025-01-20,367.0,HW_Add_Add,371.32554774993866,2021-07-05,2024-12-23,2024-12-30,2025-03-24,182
7,CTS-001,ECOM,2025-01-27,379.5380769999546,HW_Add_Add,381.6224529595838,2021-07-05,2024-12-23,2024-12-30,2025-03-24,182
7,CTS-001,ECOM,2025-02-03,478.5,HW_Add_Add,366.38543715784,2021-07-05,2024-12-23,2024-12-30,2025-03-24,182
7,CTS-001,ECOM,2025-02-10,374.0,HW_Add_Add,385.550354876549,2021-07-05,2024-12-23,2024-12-30,2025-03-24,182
7,CTS-001,ECOM,2025-02-17,352.63401464654777,HW_Add_Add,383.5599125973576,2021-07-05,2024-12-23,2024-12-30,2025-03-24,182
7,CTS-001,ECOM,2025-02-24,307.0,HW_Add_Add,374.9170338512193,2021-07-05,2024-12-23,2024-12-30,2025-03-24,182
7,CTS-001,ECOM,2025-03-03,388.0,HW_Add_Add,387.5652733475294,2021-07-05,2024-12-23,2024-12-30,2025-03-24,182
7,CTS-001,ECOM,2025-03-10,393.0,HW_Add_Add,370.20280312418765,2021-07-05,2024-12-23,2024-12-30,2025-03-24,182
7,CTS-001,ECOM,2025-03-17,412.0,HW_Add_Add,355.58176141088575,2021-07-05,2024-12-23,2024-12-30,2025-03-24,182
7,CTS-001,ECOM,2025-03-24,385.90364978416784,HW_Add_Add,377.2347832446239,2021-07-05,2024-12-23,2024-12-30,2025-03-24,182
7,CTS-001,ECOM,2024-12-30,398.58968463598575,HW_Damped_Add,405.9572834287134,2021-07-05,2024-12-23,2024-12-30,2025-03-24,182
7,CTS-001,ECOM,2025-01-06,362.5249259933721,HW_Damped_Add,390.73583198615967,2021-07-05,2024-12-23,2024-12-30,2025-03-24,182
7,CTS-001,ECOM,2025-01-13,440.5,HW_Damped_Add,367.3794640714748,2021-07-05,2024-12-23,2024-12-30,2025-03-24,182
7,CTS-001,ECOM,2025-01-20,367.0,HW_Damped_Add,368.1825613068863,2021-07-05,2024-12-23,2024-12-30,2025-03-24,182
7,CTS-001,ECOM,2025-01-27,379.5380769999546,HW_Damped_Add,377.87323915285066,2021-07-05,2024-12-23,2024-12-30,2025-03-24,182
7,CTS-001,ECOM,2025-02-03,478.5,HW_Damped_Add,362.04302997258856,2021-07-05,2024-12-23,2024-12-30,2025-03-24,182
7,CTS-001,ECOM,2025-02-10,374.0,HW_Damped_Add,380.59054688555756,2021-07-05,2024-12-23,2024-12-30,2025-03-24,182
7,CTS-001,ECOM,2025-02-17,352.63401464654777,HW_Damped_Add,377.94124692265143,2021-07-05,2024-12-23,2024-12-30,2025-03-24,182
7,CTS-001,ECOM,2025-02-24,307.0,HW_Damped_Add,368.71412861588556,2021-07-05,2024-12-23,2024-12-30,2025-03-24,182
7,CTS-001,ECOM,2025-03-03,388.0,HW_Damped_Add,380.6848086548136,2021-07-05,2024-12-23,2024-12-30,2025-03-24,182
7,CTS-001,ECOM,2025-03-10,393.0,HW_Damped_Add,362.68387552073006,2021-07-05,2024-12-23,2024-12-30,2025-03-24,182
7,CTS-001,ECOM,2025-03-17,412.0,HW_Damped_Add,347.4343718543274,2021-07-05,2024-12-23,2024-12-30,2025-03-24,182
7,CTS-001,ECOM,2025-03-24,385.90364978416784,HW_Damped_Add,368.4409131459094,2021-07-05,2024-12-23,2024-12-30,2025-03-24,182
7,CTS-001,ECOM,2024-12-30,398.58968463598575,HW_Damped_Mul,384.12678300590574,2021-07-05,2024-12-23,2024-12-30,2025-03-24,182
7,CTS-001,ECOM,2025-01-06,362.5249259933721,HW_Damped_Mul,369.23013756617473,2021-07-05,2024-12-23,2024-12-30,2025-03-24,182
7,CTS-001,ECOM,2025-01-13,440.5,HW_Damped_Mul,343.9720056780735,2021-07-05,2024-12-23,2024-12-30,2025-03-24,182
7,CTS-001,ECOM,2025-01-20,367.0,HW_Damped_Mul,342.8972488004058,2021-07-05,2024-12-23,2024-12-30,2025-03-24,182
7,CTS-001,ECOM,2025-01-27,379.5380769999546,HW_Damped_Mul,354.10272025853726,2021-07-05,2024-12-23,2024-12-30,2025-03-24,182
7,CTS-001,ECOM,2025-02-03,478.5,HW_Damped_Mul,336.163338111442,2021-07-05,2024-12-23,2024-12-30,2025-03-24,182
7,CTS-001,ECOM,2025-02-10,374.0,HW_Damped_Mul,357.8118906447293,2021-07-05,2024-12-23,2024-12-30,2025-03-24,182
7,CTS-001,ECOM,2025-02-17,352.63401464654777,HW_Damped_Mul,354.1267933100356,2021-07-05,2024-12-23,2024-12-30,2025-03-24,182
7,CTS-001,ECOM,2025-02-24,307.0,HW_Damped_Mul,347.40559846754803,2021-07-05,2024-12-23,2024-12-30,2025-03-24,182
7,CTS-001,ECOM,2025-03-03,388.0,HW_Damped_Mul,359.769332621074,2021-07-05,2024-12-23,2024-12-30,2025-03-24,182
7,CTS-001,ECOM,2025-03-10,393.0,HW_Damped_Mul,340.4334371875013,2021-07-05,2024-12-23,2024-12-30,2025-03-24,182
7,CTS-001,ECOM,2025-03-17,412.0,HW_Damped_Mul,325.3616567417069,2021-07-05,2024-12-23,2024-12-30,2025-03-24,182
7,CTS-001,ECOM,2025-03-24,385.90364978416784,HW_Damped_Mul,347.84132901932355,2021-07-05,2024-12-23,2024-12-30,2025-03-24,182
8,CTS-001,ECOM,2025-03-31,442.0,HW_Add_Add,427.4875749814503,2021-07-05,2025-03-24,2025-03-31,2025-06-23,195
8,CTS-001,ECOM,2025-04-07,431.0,HW_Add_Add,424.69961413712554,2021-07-05,2025-03-24,2025-03-31,2025-06-23,195
8,CTS-001,ECOM,2025-04-14,441.0,HW_Add_Add,441.36253157102044,2021-07-05,2025-03-24,2025-03-31,2025-06-23,195
8,CTS-001,ECOM,2025-04-21,352.0,HW_Add_Add,386.2768242472596,2021-07-05,2025-03-24,2025-03-31,2025-06-23,195
8,CTS-001,ECOM,2025-04-28,372.0,HW_Add_Add,442.33108523910306,2021-07-05,2025-03-24,2025-03-31,2025-06-23,195
8,CTS-001,ECOM,2025-05-05,449.0,HW_Add_Add,413.3513377155032,2021-07-05,2025-03-24,2025-03-31,2025-06-23,195
8,CTS-001,ECOM,2025-05-12,427.0,HW_Add_Add,448.43065114902606,2021-07-05,2025-03-24,2025-03-31,2025-06-23,195
8,CTS-001,ECOM,2025-05-19,396.0,HW_Add_Add,450.2952184740331,2021-07-05,2025-03-24,2025-03-31,2025-06-23,195
8,CTS-001,ECOM,2025-05-26,405.0,HW_Add_Add,428.0499129526078,2021-07-05,2025-03-24,2025-03-31,2025-06-23,195
8,CTS-001,ECOM,2025-06-02,425.4197412073811,HW_Add_Add,398.764361082802,2021-07-05,2025-03-24,2025-03-31,2025-06-23,195
8,CTS-001,ECOM,2025-06-09,411.0,HW_Add_Add,401.99575180276116,2021-07-05,2025-03-24,2025-03-31,2025-06-23,195
8,CTS-001,ECOM,2025-06-16,408.0,HW_Add_Add,400.99124278029905,2021-07-05,2025-03-24,2025-03-31,2025-06-23,195
8,CTS-001,ECOM,2025-06-23,376.3113341185502,HW_Add_Add,407.8223569260456,2021-07-05,2025-03-24,2025-03-31,2025-06-23,195
8,CTS-001,ECOM,2025-03-31,442.0,HW_Damped_Add,416.4790473067221,2021-07-05,2025-03-24,2025-03-31,2025-06-23,195
8,CTS-001,ECOM,2025-04-07,431.0,HW_Damped_Add,415.9735207815085,2021-07-05,2025-03-24,2025-03-31,2025-06-23,195
8,CTS-001,ECOM,2025-04-14,441.0,HW_Damped_Add,435.6607797303128,2021-07-05,2025-03-24,2025-03-31,2025-06-23,195
8,CTS-001,ECOM,2025-04-21,352.0,HW_Damped_Add,375.1252364628234,2021-07-05,2025-03-24,2025-03-31,2025-06-23,195
8,CTS-001,ECOM,2025-04-28,372.0,HW_Damped_Add,435.56803603201297,2021-07-05,2025-03-24,2025-03-31,2025-06-23,195
8,CTS-001,ECOM,2025-05-05,449.0,HW_Damped_Add,404.3132636538236,2021-07-05,2025-03-24,2025-03-31,2025-06-23,195
8,CTS-001,ECOM,2025-05-12,427.0,HW_Damped_Add,439.6604014431233,2021-07-05,2025-03-24,2025-03-31,2025-06-23,195
8,CTS-001,ECOM,2025-05-19,396.0,HW_Damped_Add,438.3447841689724,2021-07-05,2025-03-24,2025-03-31,2025-06-23,195
8,CTS-001,ECOM,2025-05-26,405.0,HW_Damped_Add,413.5181379420697,2021-07-05,2025-03-24,2025-03-31,2025-06-23,195
8,CTS-001,ECOM,2025-06-02,425.4197412073811,HW_Damped_Add,385.0560275925013,2021-07-05,2025-03-24,2025-03-31,2025-06-23,195
8,CTS-001,ECOM,2025-06-09,411.0,HW_Damped_Add,387.95940833590885,2021-07-05,2025-03-24,2025-03-31,2025-06-23,195
8,CTS-001,ECOM,2025-06-16,408.0,HW_Damped_Add,389.1685803720262,2021-07-05,2025-03-24,2025-03-31,2025-06-23,195
8,CTS-001,ECOM,2025-06-23,376.3113341185502,HW_Damped_Add,392.184384287804,2021-07-05,2025-03-24,2025-03-31,2025-06-23,195
8,CTS-001,ECOM,2025-03-31,442.0,HW_Damped_Mul,411.15460698357913,2021-07-05,2025-03-24,2025-03-31,2025-06-23,195
8,CTS-001,ECOM,2025-04-07,431.0,HW_Damped_Mul,406.7822270782519,2021-07-05,2025-03-24,2025-03-31,2025-06-23,195
8,CTS-001,ECOM,2025-04-14,441.0,HW_Damped_Mul,423.1271317174072,2021-07-05,2025-03-24,2025-03-31,2025-06-23,195
8,CTS-001,ECOM,2025-04-21,352.0,HW_Damped_Mul,364.0734799111726,2021-07-05,2025-03-24,2025-03-31,2025-06-23,195
8,CTS-001,ECOM,2025-04-28,372.0,HW_Damped_Mul,423.878625431177,2021-07-05,2025-03-24,2025-03-31,2025-06-23,195
8,CTS-001,ECOM,2025-05-05,449.0,HW_Damped_Mul,392.4881970081512,2021-07-05,2025-03-24,2025-03-31,2025-06-23,195
8,CTS-001,ECOM,2025-05-12,427.0,HW_Damped_Mul,431.67356198535697,2021-07-05,2025-03-24,2025-03-31,2025-06-23,195
8,CTS-001,ECOM,2025-05-19,396.0,HW_Damped_Mul,434.8015455886645,2021-07-05,2025-03-24,2025-03-31,2025-06-23,195
8,CTS-001,ECOM,2025-05-26,405.0,HW_Damped_Mul,409.77766210171967,2021-07-05,2025-03-24,2025-03-31,2025-06-23,195
8,CTS-001,ECOM,2025-06-02,425.4197412073811,HW_Damped_Mul,376.0033146989722,2021-07-05,2025-03-24,2025-03-31,2025-06-23,195
8,CTS-001,ECOM,2025-06-09,411.0,HW_Damped_Mul,379.66956145553405,2021-07-05,2025-03-24,2025-03-31,2025-06-23,195
8,CTS-001,ECOM,2025-06-16,408.0,HW_Damped_Mul,376.80211942214083,2021-07-05,2025-03-24,2025-03-31,2025-06-23,195
8,CTS-001,ECOM,2025-06-23,376.3113341185502,HW_Damped_Mul,386.34769321753004,2021-07-05,2025-03-24,2025-03-31,2025-06-23,195
9,CTS-001,ECOM,2025-06-30,411.0,HW_Add_Add,440.9602843691826,2021-07-05,2025-06-23,2025-06-30,2025-09-22,208
9,CTS-001,ECOM,2025-07-07,453.0,HW_Add_Add,440.21060030482715,2021-07-05,2025-06-23,2025-06-30,2025-09-22,208
9,CTS-001,ECOM,2025-07-14,417.0,HW_Add_Add,425.9608773780721,2021-07-05,2025-06-23,2025-06-30,2025-09-22,208
9,CTS-001,ECOM,2025-07-21,430.0,HW_Add_Add,420.71114313974664,2021-07-05,2025-06-23,2025-06-30,2025-09-22,208
9,CTS-001,ECOM,2025-07-28,453.0,HW_Add_Add,446.7104443251652,2021-07-05,2025-06-23,2025-06-30,2025-09-22,208
9,CTS-001,ECOM,2025-08-04,458.0,HW_Add_Add,438.4614411025992,2021-07-05,2025-06-23,2025-06-30,2025-09-22,208
9,CTS-001,ECOM,2025-08-11,510.0,HW_Add_Add,450.21135883506724,2021-07-05,2025-06-23,2025-06-30,2025-09-22,208
9,CTS-001,ECOM,2025-08-18,398.0,HW_Add_Add,443.7111352726251,2021-07-05,2025-06-23,2025-06-30,2025-09-22,208
9,CTS-001,ECOM,2025-08-25,414.00000000000006,HW_Add_Add,417.7114514877657,2021-07-05,2025-06-23,2025-06-30,2025-09-22,208
9,CTS-001,ECOM,2025-09-01,580.0,HW_Add_Add,518.711132582971,2021-07-05,2025-06-23,2025-06-30,2025-09-22,208
9,CTS-001,ECOM,2025-09-08,576.0,HW_Add_Add,510.71135256583517,2021-07-05,2025-06-23,2025-06-30,2025-09-22,208
9,CTS-001,ECOM,2025-09-15,557.0,HW_Add_Add,499.46085423971715,2021-07-05,2025-06-23,2025-06-30,2025-09-22,208
9,CTS-001,ECOM,2025-09-22,550.897363703278,HW_Add_Add,536.5233124022776,2021-07-05,2025-06-23,2025-06-30,2025-09-22,208
9,CTS-001,ECOM,2025-06-30,411.0,HW_Damped_Add,430.73452158779946,2021-07-05,2025-06-23,2025-06-30,2025-09-22,208
9,CTS-001,ECOM,2025-07-07,453.0,HW_Damped_Add,429.6416321057011,2021-07-05,2025-06-23,2025-06-30,2025-09-22,208
9,CTS-001,ECOM,2025-07-14,417.0,HW_Damped_Add,414.8194351324292,2021-07-05,2025-06-23,2025-06-30,2025-09-22,208
9,CTS-001,ECOM,2025-07-21,430.0,HW_Damped_Add,408.87571077405073,2021-07-05,2025-06-23,2025-06-30,2025-09-22,208
9,CTS-001,ECOM,2025-07-28,453.0,HW_Damped_Add,432.1705186259243,2021-07-05,2025-06-23,2025-06-30,2025-09-22,208
9,CTS-001,ECOM,2025-08-04,458.0,HW_Damped_Add,425.83879665296166,2021-07-05,2025-06-23,2025-06-30,2025-09-22,208
9,CTS-001,ECOM,2025-08-11,510.0,HW_Damped_Add,437.3989123843918,2021-07-05,2025-06-23,2025-06-30,2025-09-22,208
9,CTS-001,ECOM,2025-08-18,398.0,HW_Damped_Add,430.7859941362025,2021-07-05,2025-06-23,2025-06-30,2025-09-22,208
9,CTS-001,ECOM,2025-08-25,414.00000000000006,HW_Damped_Add,405.64271253611827,2021-07-05,2025-06-23,2025-06-30,2025-09-22,208
9,CTS-001,ECOM,2025-09-01,580.0,HW_Damped_Add,506.8934271105443,2021-07-05,2025-06-23,2025-06-30,2025-09-22,208
9,CTS-001,ECOM,2025-09-08,576.0,HW_Damped_Add,499.3909479260438,2021-07-05,2025-06-23,2025-06-30,2025-09-22,208
9,CTS-001,ECOM,2025-09-15,557.0,HW_Damped_Add,486.7069320921565,2021-07-05,2025-06-23,2025-06-30,2025-09-22,208
9,CTS-001,ECOM,2025-09-22,550.897363703278,HW_Damped_Add,524.1875422988697,2021-07-05,2025-06-23,2025-06-30,2025-09-22,208
9,CTS-001,ECOM,2025-06-30,411.0,HW_Damped_Mul,427.45565999588956,2021-07-05,2025-06-23,2025-06-30,2025-09-22,208
9,CTS-001,ECOM,2025-07-07,453.0,HW_Damped_Mul,425.9368513938649,2021-07-05,2025-06-23,2025-06-30,2025-09-22,208
9,CTS-001,ECOM,2025-07-14,417.0,HW_Damped_Mul,407.9490823945761,2021-07-05,2025-06-23,2025-06-30,2025-09-22,208
9,CTS-001,ECOM,2025-07-21,430.0,HW_Damped_Mul,401.0751780040821,2021-07-05,2025-06-23,2025-06-30,2025-09-22,208
9,CTS-001,ECOM,2025-07-28,453.0,HW_Damped_Mul,426.27339443215516,2021-07-05,2025-06-23,2025-06-30,2025-09-22,208
9,CTS-001,ECOM,2025-08-04,458.0,HW_Damped_Mul,419.98360139174395,2021-07-05,2025-06-23,2025-06-30,2025-09-22,208
9,CTS-001,ECOM,2025-08-11,510.0,HW_Damped_Mul,433.7323551086859,2021-07-05,2025-06-23,2025-06-30,2025-09-22,208
9,CTS-001,ECOM,2025-08-18,398.0,HW_Damped_Mul,426.0068463661458,2021-07-05,2025-06-23,2025-06-30,2025-09-22,208
9,CTS-001,ECOM,2025-08-25,414.00000000000006,HW_Damped_Mul,396.89545158691044,2021-07-05,2025-06-23,2025-06-30,2025-09-22,208
9,CTS-001,ECOM,2025-09-01,580.0,HW_Damped_Mul,510.5991666520894,2021-07-05,2025-06-23,2025-06-30,2025-09-22,208
9,CTS-001,ECOM,2025-09-08,576.0,HW_Damped_Mul,505.38126575360144,2021-07-05,2025-06-23,2025-06-30,2025-09-22,208
9,CTS-001,ECOM,2025-09-15,557.0,HW_Damped_Mul,489.73678517054327,2021-07-05,2025-06-23,2025-06-30,2025-09-22,208
9,CTS-001,ECOM,2025-09-22,550.897363703278,HW_Damped_Mul,531.5986141146255,2021-07-05,2025-06-23,2025-06-30,2025-09-22,208
10,CTS-001,ECOM,2025-09-29,583.0,HW_Add_Add,561.8727164153663,2021-07-05,2025-09-22,2025-09-29,2025-12-22,221
10,CTS-001,ECOM,2025-10-06,606.0,HW_Add_Add,582.1757761251652,2021-07-05,2025-09-22,2025-09-29,2025-12-22,221
10,CTS-001,ECOM,2025-10-13,628.9999999999999,HW_Add_Add,593.9501828091779,2021-07-05,2025-09-22,2025-09-29,2025-12-22,221
10,CTS-001,ECOM,2025-10-20,581.0,HW_Add_Add,600.7235891852176,2021-07-05,2025-09-22,2025-09-29,2025-12-22,221
10,CTS-001,ECOM,2025-10-27,695.0,HW_Add_Add,643.9435661567703,2021-07-05,2025-09-22,2025-09-29,2025-12-22,221
10,CTS-001,ECOM,2025-11-03,643.0,HW_Add_Add,624.0238792933201,2021-07-05,2025-09-22,2025-09-29,2025-12-22,221
10,CTS-001,ECOM,2025-11-10,682.8445338487589,HW_Add_Add,668.4395850504773,2021-07-05,2025-09-22,2025-09-29,2025-12-22,221
10,CTS-001,ECOM,2025-11-17,595.50841510194,HW_Add_Add,655.595919762445,2021-07-05,2025-09-22,2025-09-29,2025-12-22,221
10,CTS-001,ECOM,2025-11-24,770.0,HW_Add_Add,690.0707001485367,2021-07-05,2025-09-22,2025-09-29,2025-12-22,221
10,CTS-001,ECOM,2025-12-01,753.0,HW_Add_Add,582.0192554201508,2021-07-05,2025-09-22,2025-09-29,2025-12-22,221
10,CTS-001,ECOM,2025-12-08,660.0,HW_Add_Add,638.2610624076573,2021-07-05,2025-09-22,2025-09-29,2025-12-22,221
10,CTS-001,ECOM,2025-12-15,590.625,HW_Add_Add,635.8168612904836,2021-07-05,2025-09-22,2025-09-29,2025-12-22,221
10,CTS-001,ECOM,2025-12-22,664.5,HW_Add_Add,616.6145479507715,2021-07-05,2025-09-22,2025-09-29,2025-12-22,221
10,CTS-001,ECOM,2025-09-29,583.0,HW_Damped_Add,558.7302611182232,2021-07-05,2025-09-22,2025-09-29,2025-12-22,221
10,CTS-001,ECOM,2025-10-06,606.0,HW_Damped_Add,578.8861918843544,2021-07-05,2025-09-22,2025-09-29,2025-12-22,221
10,CTS-001,ECOM,2025-10-13,628.9999999999999,HW_Damped_Add,590.3386140015515,2021-07-05,2025-09-22,2025-09-29,2025-12-22,221
10,CTS-001,ECOM,2025-10-20,581.0,HW_Damped_Add,596.8127575818312,2021-07-05,2025-09-22,2025-09-29,2025-12-22,221
10,CTS-001,ECOM,2025-10-27,695.0,HW_Damped_Add,639.4949147154927,2021-07-05,2025-09-22,2025-09-29,2025-12-22,221
10,CTS-001,ECOM,2025-11-03,643.0,HW_Damped_Add,619.5349216429502,2021-07-05,2025-09-22,2025-09-29,2025-12-22,221
10,CTS-001,ECOM,2025-11-10,682.8445338487589,HW_Damped_Add,663.1789228670435,2021-07-05,2025-09-22,2025-09-29,2025-12-22,221
10,CTS-001,ECOM,2025-11-17,595.50841510194,HW_Damped_Add,650.4196040114941,2021-07-05,2025-09-22,2025-09-29,2025-12-22,221
10,CTS-001,ECOM,2025-11-24,770.0,HW_Damped_Add,684.2835681314195,2021-07-05,2025-09-22,2025-09-29,2025-12-22,221
10,CTS-001,ECOM,2025-12-01,753.0,HW_Damped_Add,576.2484063281513,2021-07-05,2025-09-22,2025-09-29,2025-12-22,221
10,CTS-001,ECOM,2025-12-08,660.0,HW_Damped_Add,631.895411830278,2021-07-05,2025-09-22,2025-09-29,2025-12-22,221
10,CTS-001,ECOM,2025-12-15,590.625,HW_Damped_Add,629.4296621152296,2021-07-05,2025-09-22,2025-09-29,2025-12-22,221
10,CTS-001,ECOM,2025-12-22,664.5,HW_Damped_Add,609.7699430221801,2021-07-05,2025-09-22,2025-09-29,2025-12-22,221
10,CTS-001,ECOM,2025-09-29,583.0,HW_Damped_Mul,575.7698140223227,2021-07-05,2025-09-22,2025-09-29,2025-12-22,221
10,CTS-001,ECOM,2025-10-06,606.0,HW_Damped_Mul,601.897947477495,2021-07-05,2025-09-22,2025-09-29,2025-12-22,221
10,CTS-001,ECOM,2025-10-13,628.9999999999999,HW_Damped_Mul,610.6025151300988,2021-07-05,2025-09-22,2025-09-29,2025-12-22,221
10,CTS-001,ECOM,2025-10-20,581.0,HW_Damped_Mul,618.9505771137976,2021-07-05,2025-09-22,2025-09-29,2025-12-22,221
10,CTS-001,ECOM,2025-10-27,695.0,HW_Damped_Mul,674.2450486314224,2021-07-05,2025-09-22,2025-09-29,2025-12-22,221
10,CTS-001,ECOM,2025-11-03,643.0,HW_Damped_Mul,645.5130941305009,2021-07-05,2025-09-22,2025-09-29,2025-12-22,221
10,CTS-001,ECOM,2025-11-10,682.8445338487589,HW_Damped_Mul,701.2827933523236,2021-07-05,2025-09-22,2025-09-29,2025-12-22,221
10,CTS-001,ECOM,2025-11-17,595.50841510194,HW_Damped_Mul,681.6654155711341,2021-07-05,2025-09-22,2025-09-29,2025-12-22,221
10,CTS-001,ECOM,2025-11-24,770.0,HW_Damped_Mul,726.4164493540175,2021-07-05,2025-09-22,2025-09-29,2025-12-22,221
10,CTS-001,ECOM,2025-12-01,753.0,HW_Damped_Mul,592.6487092508148,2021-07-05,2025-09-22,2025-09-29,2025-12-22,221
10,CTS-001,ECOM,2025-12-08,660.0,HW_Damped_Mul,661.3404777918004,2021-07-05,2025-09-22,2025-09-29,2025-12-22,221
10,CTS-001,ECOM,2025-12-15,590.625,HW_Damped_Mul,654.6478139719713,2021-07-05,2025-09-22,2025-09-29,2025-12-22,221
10,CTS-001,ECOM,2025-12-22,664.5,HW_Damped_Mul,633.9952662545687,2021-07-05,2025-09-22,2025-09-29,2025-12-22,221
11,CTS-001,ECOM,2025-12-29,552.1318701896416,HW_Add_Add,461.5792251422418,2021-07-05,2025-12-22,2025-12-29,2026-03-23,234
11,CTS-001,ECOM,2026-01-05,399.4330218856404,HW_Add_Add,441.6015674179109,2021-07-05,2025-12-22,2025-12-29,2026-03-23,234
11,CTS-001,ECOM,2026-01-12,305.0,HW_Add_Add,444.1790410446498,2021-07-05,2025-12-22,2025-12-29,2026-03-23,234
11,CTS-001,ECOM,2026-01-19,403.125,HW_Add_Add,426.86145798007163,2021-07-05,2025-12-22,2025-12-29,2026-03-23,234
11,CTS-001,ECOM,2026-01-26,393.2524663238576,HW_Add_Add,437.7366840109728,2021-07-05,2025-12-22,2025-12-29,2026-03-23,234
11,CTS-001,ECOM,2026-02-02,376.0,HW_Add_Add,451.1762723408326,2021-07-05,2025-12-22,2025-12-29,2026-03-23,234
11,CTS-001,ECOM,2026-02-09,330.0,HW_Add_Add,439.3145149162572,2021-07-05,2025-12-22,2025-12-29,2026-03-23,234
11,CTS-001,ECOM,2026-02-16,432.1014301179917,HW_Add_Add,432.48458279070735,2021-07-05,2025-12-22,2025-12-29,2026-03-23,234
11,CTS-001,ECOM,2026-02-23,389.0,HW_Add_Add,414.53534255374893,2021-07-05,2025-12-22,2025-12-29,2026-03-23,234
11,CTS-001,ECOM,2026-03-02,464.35046299646194,HW_Add_Add,444.36385795168735,2021-07-05,2025-12-22,2025-12-29,2026-03-23,234
11,CTS-001,ECOM,2026-03-09,450.4004346676137,HW_Add_Add,432.6184782001339,2021-07-05,2025-12-22,2025-12-29,2026-03-23,234
11,CTS-001,ECOM,2026-03-16,437.0,HW_Add_Add,426.4376330715088,2021-07-05,2025-12-22,2025-12-29,2026-03-23,234
11,CTS-001,ECOM,2026-03-23,395.0,HW_Add_Add,436.1241164379967,2021-07-05,2025-12-22,2025-12-29,2026-03-23,234
11,CTS-001,ECOM,2025-12-29,552.1318701896416,HW_Damped_Add,461.3326255424089,2021-07-05,2025-12-22,2025-12-29,2026-03-23,234
11,CTS-001,ECOM,2026-01-05,399.4330218856404,HW_Damped_Add,440.84947357730425,2021-07-05,2025-12-22,2025-12-29,2026-03-23,234
11,CTS-001,ECOM,2026-01-12,305.0,HW_Damped_Add,443.4614532884998,2021-07-05,2025-12-22,2025-12-29,2026-03-23,234
11,CTS-001,ECOM,2026-01-19,403.125,HW_Damped_Add,425.40173357305883,2021-07-05,2025-12-22,2025-12-29,2026-03-23,234
11,CTS-001,ECOM,2026-01-26,393.2524663238576,HW_Damped_Add,435.8722029280218,2021-07-05,2025-12-22,2025-12-29,2026-03-23,234
11,CTS-001,ECOM,2026-02-02,376.0,HW_Damped_Add,449.4104948380711,2021-07-05,2025-12-22,2025-12-29,2026-03-23,234
11,CTS-001,ECOM,2026-02-09,330.0,HW_Damped_Add,436.6091364179825,2021-07-05,2025-12-22,2025-12-29,2026-03-23,234
11,CTS-001,ECOM,2026-02-16,432.1014301179917,HW_Damped_Add,429.30252793995044,2021-07-05,2025-12-22,2025-12-29,2026-03-23,234
11,CTS-001,ECOM,2026-02-23,389.0,HW_Damped_Add,410.79320206010414,2021-07-05,2025-12-22,2025-12-29,2026-03-23,234
11,CTS-001,ECOM,2026-03-02,464.35046299646194,HW_Damped_Add,440.5198269637147,2021-07-05,2025-12-22,2025-12-29,2026-03-23,234
11,CTS-001,ECOM,2026-03-09,450.4004346676137,HW_Damped_Add,428.4706040784716,2021-07-05,2025-12-22,2025-12-29,2026-03-23,234
11,CTS-001,ECOM,2026-03-16,437.0,HW_Damped_Add,422.03687705549993,2021-07-05,2025-12-22,2025-12-29,2026-03-23,234
11,CTS-001,ECOM,2026-03-23,395.0,HW_Damped_Add,431.113743024199,2021-07-05,2025-12-22,2025-12-29,2026-03-23,234
11,CTS-001,ECOM,2025-12-29,552.1318701896416,HW_Damped_Mul,427.30894229527115,2021-07-05,2025-12-22,2025-12-29,2026-03-23,234
11,CTS-001,ECOM,2026-01-05,399.4330218856404,HW_Damped_Mul,403.56810570347596,2021-07-05,2025-12-22,2025-12-29,2026-03-23,234
11,CTS-001,ECOM,2026-01-12,305.0,HW_Damped_Mul,408.324089377868,2021-07-05,2025-12-22,2025-12-29,2026-03-23,234
11,CTS-001,ECOM,2026-01-19,403.125,HW_Damped_Mul,383.7606155873807,2021-07-05,2025-12-22,2025-12-29,2026-03-23,234
11,CTS-001,ECOM,2026-01-26,393.2524663238576,HW_Damped_Mul,396.6524467122347,2021-07-05,2025-12-22,2025-12-29,2026-03-23,234
11,CTS-001,ECOM,2026-02-02,376.0,HW_Damped_Mul,414.4246963874604,2021-07-05,2025-12-22,2025-12-29,2026-03-23,234
11,CTS-001,ECOM,2026-02-09,330.0,HW_Damped_Mul,397.6277240252199,2021-07-05,2025-12-22,2025-12-29,2026-03-23,234
11,CTS-001,ECOM,2026-02-16,432.1014301179917,HW_Damped_Mul,387.94823907252527,2021-07-05,2025-12-22,2025-12-29,2026-03-23,234
11,CTS-001,ECOM,2026-02-23,389.0,HW_Damped_Mul,367.20187993204235,2021-07-05,2025-12-22,2025-12-29,2026-03-23,234
11,CTS-001,ECOM,2026-03-02,464.35046299646194,HW_Damped_Mul,403.1573130837929,2021-07-05,2025-12-22,2025-12-29,2026-03-23,234
11,CTS-001,ECOM,2026-03-09,450.4004346676137,HW_Damped_Mul,389.3550904250084,2021-07-05,2025-12-22,2025-12-29,2026-03-23,234
11,CTS-001,ECOM,2026-03-16,437.0,HW_Damped_Mul,383.93186323435725,2021-07-05,2025-12-22,2025-12-29,2026-03-23,234
11,CTS-001,ECOM,2026-03-23,395.0,HW_Damped_Mul,392.9593946092469,2021-07-05,2025-12-22,2025-12-29,2026-03-23,234
12,CTS-001,ECOM,2026-03-30,370.071989736282,HW_Add_Add,472.88594658029524,2021-07-05,2026-03-23,2026-03-30,2026-06-22,247
12,CTS-001,ECOM,2026-04-06,422.0,HW_Add_Add,468.0506180959272,2021-07-05,2026-03-23,2026-03-30,2026-06-22,247
12,CTS-001,ECOM,2026-04-13,420.0,HW_Add_Add,483.0539595541255,2021-07-05,2026-03-23,2026-03-30,2026-06-22,247
12,CTS-001,ECOM,2026-04-20,390.2672088384656,HW_Add_Add,419.49631059231206,2021-07-05,2026-03-23,2026-03-30,2026-06-22,247
12,CTS-001,ECOM,2026-04-27,450.0,HW_Add_Add,466.5417916187713,2021-07-05,2026-03-23,2026-03-30,2026-06-22,247
12,CTS-001,ECOM,2026-05-04,445.0,HW_Add_Add,464.04913630804737,2021-07-05,2026-03-23,2026-03-30,2026-06-22,247
12,CTS-001,ECOM,2026-05-11,531.9075796794857,HW_Add_Add,484.8640456572616,2021-07-05,2026-03-23,2026-03-30,2026-06-22,247
12,CTS-001,ECOM,2026-05-18,459.0,HW_Add_Add,478.5109753747271,2021-07-05,2026-03-23,2026-03-30,2026-06-22,247
12,CTS-001,ECOM,2026-05-25,422.0,HW_Add_Add,464.0724660933874,2021-07-05,2026-03-23,2026-03-30,2026-06-22,247
12,CTS-001,ECOM,2026-06-01,435.83025784522687,HW_Add_Add,447.20335113127726,2021-07-05,2026-03-23,2026-03-30,2026-06-22,247
12,CTS-001,ECOM,2026-06-08,423.0,HW_Add_Add,446.0193169793524,2021-07-05,2026-03-23,2026-03-30,2026-06-22,247
12,CTS-001,ECOM,2026-06-15,528.0,HW_Add_Add,444.51263332088956,2021-07-05,2026-03-23,2026-03-30,2026-06-22,247
12,CTS-001,ECOM,2026-06-22,412.3025413553473,HW_Add_Add,441.71008256828003,2021-07-05,2026-03-23,2026-03-30,2026-06-22,247
12,CTS-001,ECOM,2026-03-30,370.071989736282,HW_Damped_Add,467.6338441112491,2021-07-05,2026-03-23,2026-03-30,2026-06-22,247
12,CTS-001,ECOM,2026-04-06,422.0,HW_Damped_Add,462.8203936665161,2021-07-05,2026-03-23,2026-03-30,2026-06-22,247
12,CTS-001,ECOM,2026-04-13,420.0,HW_Damped_Add,477.80147054507955,2021-07-05,2026-03-23,2026-03-30,2026-06-22,247
12,CTS-001,ECOM,2026-04-20,390.2672088384656,HW_Damped_Add,415.47643603740073,2021-07-05,2026-03-23,2026-03-30,2026-06-22,247
12,CTS-001,ECOM,2026-04-27,450.0,HW_Damped_Add,463.7570365296868,2021-07-05,2026-03-23,2026-03-30,2026-06-22,247
12,CTS-001,ECOM,2026-05-04,445.0,HW_Damped_Add,456.12619239786466,2021-07-05,2026-03-23,2026-03-30,2026-06-22,247
12,CTS-001,ECOM,2026-05-11,531.9075796794857,HW_Damped_Add,479.0420321003701,2021-07-05,2026-03-23,2026-03-30,2026-06-22,247
12,CTS-001,ECOM,2026-05-18,459.0,HW_Damped_Add,473.72222694891195,2021-07-05,2026-03-23,2026-03-30,2026-06-22,247
12,CTS-001,ECOM,2026-05-25,422.0,HW_Damped_Add,457.4278634006451,2021-07-05,2026-03-23,2026-03-30,2026-06-22,247
12,CTS-001,ECOM,2026-06-01,435.83025784522687,HW_Damped_Add,437.82970557960266,2021-07-05,2026-03-23,2026-03-30,2026-06-22,247
12,CTS-001,ECOM,2026-06-08,423.0,HW_Damped_Add,436.93331536761,2021-07-05,2026-03-23,2026-03-30,2026-06-22,247
12,CTS-001,ECOM,2026-06-15,528.0,HW_Damped_Add,435.04516250169473,2021-07-05,2026-03-23,2026-03-30,2026-06-22,247
12,CTS-001,ECOM,2026-06-22,412.3025413553473,HW_Damped_Add,433.4950463982208,2021-07-05,2026-03-23,2026-03-30,2026-06-22,247
12,CTS-001,ECOM,2026-03-30,370.071989736282,HW_Damped_Mul,466.4503688802728,2021-07-05,2026-03-23,2026-03-30,2026-06-22,247
12,CTS-001,ECOM,2026-04-06,422.0,HW_Damped_Mul,460.16226811606566,2021-07-05,2026-03-23,2026-03-30,2026-06-22,247
12,CTS-001,ECOM,2026-04-13,420.0,HW_Damped_Mul,477.04176832005754,2021-07-05,2026-03-23,2026-03-30,2026-06-22,247
12,CTS-001,ECOM,2026-04-20,390.2672088384656,HW_Damped_Mul,399.13885884216484,2021-07-05,2026-03-23,2026-03-30,2026-06-22,247
12,CTS-001,ECOM,2026-04-27,450.0,HW_Damped_Mul,454.5062202755928,2021-07-05,2026-03-23,2026-03-30,2026-06-22,247
12,CTS-001,ECOM,2026-05-04,445.0,HW_Damped_Mul,455.78075992658637,2021-07-05,2026-03-23,2026-03-30,2026-06-22,247
12,CTS-001,ECOM,2026-05-11,531.9075796794857,HW_Damped_Mul,479.9216232172178,2021-07-05,2026-03-23,2026-03-30,2026-06-22,247
12,CTS-001,ECOM,2026-05-18,459.0,HW_Damped_Mul,471.5666425168704,2021-07-05,2026-03-23,2026-03-30,2026-06-22,247
12,CTS-001,ECOM,2026-05-25,422.0,HW_Damped_Mul,453.9571250015017,2021-07-05,2026-03-23,2026-03-30,2026-06-22,247
12,CTS-001,ECOM,2026-06-01,435.83025784522687,HW_Damped_Mul,434.27075749259006,2021-07-05,2026-03-23,2026-03-30,2026-06-22,247
12,CTS-001,ECOM,2026-06-08,423.0,HW_Damped_Mul,432.744098841081,2021-07-05,2026-03-23,2026-03-30,2026-06-22,247
12,CTS-001,ECOM,2026-06-15,528.0,HW_Damped_Mul,430.0102150125788,2021-07-05,2026-03-23,2026-03-30,2026-06-22,247
12,CTS-001,ECOM,2026-06-22,412.3025413553473,HW_Damped_Mul,426.5140794318706,2021-07-05,2026-03-23,2026-03-30,2026-06-22,247
1,CTS-001,RETAIL,2023-07-03,255.0,HW_Add_Add,286.8080123323199,2021-07-05,2023-06-26,2023-07-03,2023-09-25,104
1,CTS-001,RETAIL,2023-07-10,276.0,HW_Add_Add,290.80788415477656,2021-07-05,2023-06-26,2023-07-03,2023-09-25,104
1,CTS-001,RETAIL,2023-07-17,229.0,HW_Add_Add,282.3107230792994,2021-07-05,2023-06-26,2023-07-03,2023-09-25,104
1,CTS-001,RETAIL,2023-07-24,257.0,HW_Add_Add,279.8084025688483,2021-07-05,2023-06-26,2023-07-03,2023-09-25,104
1,CTS-001,RETAIL,2023-07-31,285.0,HW_Add_Add,332.80536954111983,2021-07-05,2023-06-26,2023-07-03,2023-09-25,104
1,CTS-001,RETAIL,2023-08-07,278.0,HW_Add_Add,303.79832460907124,2021-07-05,2023-06-26,2023-07-03,2023-09-25,104
1,CTS-001,RETAIL,2023-08-14,294.0,HW_Add_Add,314.2974554726618,2021-07-05,2023-06-26,2023-07-03,2023-09-25,104
1,CTS-001,RETAIL,2023-08-21,288.0,HW_Add_Add,300.29270314523853,2021-07-05,2023-06-26,2023-07-03,2023-09-25,104
1,CTS-001,RETAIL,2023-08-28,332.0,HW_Add_Add,304.2929066023875,2021-07-05,2023-06-26,2023-07-03,2023-09-25,104
1,CTS-001,RETAIL,2023-09-04,338.0,HW_Add_Add,316.28758510971244,2021-07-05,2023-06-26,2023-07-03,2023-09-25,104
1,CTS-001,RETAIL,2023-09-11,367.0,HW_Add_Add,358.789641805597,2021-07-05,2023-06-26,2023-07-03,2023-09-25,104
1,CTS-001,RETAIL,2023-09-18,342.0,HW_Add_Add,368.7917185219436,2021-07-05,2023-06-26,2023-07-03,2023-09-25,104
1,CTS-001,RETAIL,2023-09-25,366.0,HW_Add_Add,368.79206759573856,2021-07-05,2023-06-26,2023-07-03,2023-09-25,104
1,CTS-001,RETAIL,2023-07-03,255.0,HW_Damped_Add,285.2606958560939,2021-07-05,2023-06-26,2023-07-03,2023-09-25,104
1,CTS-001,RETAIL,2023-07-10,276.0,HW_Damped_Add,289.00297741651855,2021-07-05,2023-06-26,2023-07-03,2023-09-25,104
1,CTS-001,RETAIL,2023-07-17,229.0,HW_Damped_Add,279.8036933366684,2021-07-05,2023-06-26,2023-07-03,2023-09-25,104
1,CTS-001,RETAIL,2023-07-24,257.0,HW_Damped_Add,276.4987303456776,2021-07-05,2023-06-26,2023-07-03,2023-09-25,104
1,CTS-001,RETAIL,2023-07-31,285.0,HW_Damped_Add,328.66109824023954,2021-07-05,2023-06-26,2023-07-03,2023-09-25,104
1,CTS-001,RETAIL,2023-08-07,278.0,HW_Damped_Add,299.3413316161506,2021-07-05,2023-06-26,2023-07-03,2023-09-25,104
1,CTS-001,RETAIL,2023-08-14,294.0,HW_Damped_Add,308.74118560190345,2021-07-05,2023-06-26,2023-07-03,2023-09-25,104
1,CTS-001,RETAIL,2023-08-21,288.0,HW_Damped_Add,294.69452721240526,2021-07-05,2023-06-26,2023-07-03,2023-09-25,104
1,CTS-001,RETAIL,2023-08-28,332.0,HW_Damped_Add,298.046707413894,2021-07-05,2023-06-26,2023-07-03,2023-09-25,104
1,CTS-001,RETAIL,2023-09-04,338.0,HW_Damped_Add,309.95875876075263,2021-07-05,2023-06-26,2023-07-03,2023-09-25,104
1,CTS-001,RETAIL,2023-09-11,367.0,HW_Damped_Add,351.4020772537892,2021-07-05,2023-06-26,2023-07-03,2023-09-25,104
1,CTS-001,RETAIL,2023-09-18,342.0,HW_Damped_Add,360.9436579605262,2021-07-05,2023-06-26,2023-07-03,2023-09-25,104
1,CTS-001,RETAIL,2023-09-25,366.0,HW_Damped_Add,362.0123982079775,2021-07-05,2023-06-26,2023-07-03,2023-09-25,104
1,CTS-001,RETAIL,2023-07-03,255.0,HW_Damped_Mul,283.10152934466936,2021-07-05,2023-06-26,2023-07-03,2023-09-25,104
1,CTS-001,RETAIL,2023-07-10,276.0,HW_Damped_Mul,286.4770793233588,2021-07-05,2023-06-26,2023-07-03,2023-09-25,104
1,CTS-001,RETAIL,2023-07-17,229.0,HW_Damped_Mul,276.51498267347336,2021-07-05,2023-06-26,2023-07-03,2023-09-25,104
1,CTS-001,RETAIL,2023-07-24,257.0,HW_Damped_Mul,273.641152149361,2021-07-05,2023-06-26,2023-07-03,2023-09-25,104
1,CTS-001,RETAIL,2023-07-31,285.0,HW_Damped_Mul,333.12084869726084,2021-07-05,2023-06-26,2023-07-03,2023-09-25,104
1,CTS-001,RETAIL,2023-08-07,278.0,HW_Damped_Mul,299.87069870000926,2021-07-05,2023-06-26,2023-07-03,2023-09-25,104
1,CTS-001,RETAIL,2023-08-14,294.0,HW_Damped_Mul,312.1487603022861,2021-07-05,2023-06-26,2023-07-03,2023-09-25,104
1,CTS-001,RETAIL,2023-08-21,288.0,HW_Damped_Mul,295.3859881514957,2021-07-05,2023-06-26,2023-07-03,2023-09-25,104
1,CTS-001,RETAIL,2023-08-28,332.0,HW_Damped_Mul,299.9182792465951,2021-07-05,2023-06-26,2023-07-03,2023-09-25,104
1,CTS-001,RETAIL,2023-09-04,338.0,HW_Damped_Mul,312.8022662431315,2021-07-05,2023-06-26,2023-07-03,2023-09-25,104
1,CTS-001,RETAIL,2023-09-11,367.0,HW_Damped_Mul,361.3501906997684,2021-07-05,2023-06-26,2023-07-03,2023-09-25,104
1,CTS-001,RETAIL,2023-09-18,342.0,HW_Damped_Mul,372.5154268587878,2021-07-05,2023-06-26,2023-07-03,2023-09-25,104
1,CTS-001,RETAIL,2023-09-25,366.0,HW_Damped_Mul,370.22837537735455,2021-07-05,2023-06-26,2023-07-03,2023-09-25,104
2,CTS-001,RETAIL,2023-10-02,362.0,HW_Add_Add,407.6134470686093,2021-07-05,2023-09-25,2023-10-02,2023-12-25,117
2,CTS-001,RETAIL,2023-10-09,387.0,HW_Add_Add,413.6155095242271,2021-07-05,2023-09-25,2023-10-02,2023-12-25,117
2,CTS-001,RETAIL,2023-10-16,391.0,HW_Add_Add,478.5180921423556,2021-07-05,2023-09-25,2023-10-02,2023-12-25,117
2,CTS-001,RETAIL,2023-10-23,415.0,HW_Add_Add,396.55909834191425,2021-07-05,2023-09-25,2023-10-02,2023-12-25,117
2,CTS-001,RETAIL,2023-10-30,434.0,HW_Add_Add,365.6185036523202,2021-07-05,2023-09-25,2023-10-02,2023-12-25,117
2,CTS-001,RETAIL,2023-11-06,387.0,HW_Add_Add,398.6184438036585,2021-07-05,2023-09-25,2023-10-02,2023-12-25,117
2,CTS-001,RETAIL,2023-11-13,316.99999999999994,HW_Add_Add,451.09767535034314,2021-07-05,2023-09-25,2023-10-02,2023-12-25,117
2,CTS-001,RETAIL,2023-11-20,540.6122890787033,HW_Add_Add,434.38098947176337,2021-07-05,2023-09-25,2023-10-02,2023-12-25,117
2,CTS-001,RETAIL,2023-11-27,491.00000000000006,HW_Add_Add,442.61616103037346,2021-07-05,2023-09-25,2023-10-02,2023-12-25,117
2,CTS-001,RETAIL,2023-12-04,362.0,HW_Add_Add,390.58354610189144,2021-07-05,2023-09-25,2023-10-02,2023-12-25,117
2,CTS-001,RETAIL,2023-12-11,355.76972233204845,HW_Add_Add,449.47232054218847,2021-07-05,2023-09-25,2023-10-02,2023-12-25,117
2,CTS-001,RETAIL,2023-12-18,337.50682965399494,HW_Add_Add,425.9960921983959,2021-07-05,2023-09-25,2023-10-02,2023-12-25,117
2,CTS-001,RETAIL,2023-12-25,329.40275117385926,HW_Add_Add,412.7611708358551,2021-07-05,2023-09-25,2023-10-02,2023-12-25,117
2,CTS-001,RETAIL,2023-10-02,362.0,HW_Damped_Add,407.9640740588007,2021-07-05,2023-09-25,2023-10-02,2023-12-25,117
2,CTS-001,RETAIL,2023-10-09,387.0,HW_Damped_Add,413.7379370539201,2021-07-05,2023-09-25,2023-10-02,2023-12-25,117
2,CTS-001,RETAIL,2023-10-16,391.0,HW_Damped_Add,478.3660478864115,2021-07-05,2023-09-25,2023-10-02,2023-12-25,117
2,CTS-001,RETAIL,2023-10-23,415.0,HW_Damped_Add,396.18262446719285,2021-07-05,2023-09-25,2023-10-02,2023-12-25,117
2,CTS-001,RETAIL,2023-10-30,434.0,HW_Damped_Add,364.97753611527156,2021-07-05,2023-09-25,2023-10-02,2023-12-25,117
2,CTS-001,RETAIL,2023-11-06,387.0,HW_Damped_Add,397.67814370618964,2021-07-05,2023-09-25,2023-10-02,2023-12-25,117
2,CTS-001,RETAIL,2023-11-13,316.99999999999994,HW_Damped_Add,449.85052024221955,2021-07-05,2023-09-25,2023-10-02,2023-12-25,117
2,CTS-001,RETAIL,2023-11-20,540.6122890787033,HW_Damped_Add,432.827002092086,2021-07-05,2023-09-25,2023-10-02,2023-12-25,117
2,CTS-001,RETAIL,2023-11-27,491.00000000000006,HW_Damped_Add,440.7246152880431,2021-07-05,2023-09-25,2023-10-02,2023-12-25,117
2,CTS-001,RETAIL,2023-12-04,362.0,HW_Damped_Add,388.359733503225,2021-07-05,2023-09-25,2023-10-02,2023-12-25,117
2,CTS-001,RETAIL,2023-12-11,355.76972233204845,HW_Damped_Add,446.9224425758527,2021-07-05,2023-09-25,2023-10-02,2023-12-25,117
2,CTS-001,RETAIL,2023-12-18,337.50682965399494,HW_Damped_Add,423.0912015743054,2021-07-05,2023-09-25,2023-10-02,2023-12-25,117
2,CTS-001,RETAIL,2023-12-25,329.40275117385926,HW_Damped_Add,409.5198382160737,2021-07-05,2023-09-25,2023-10-02,2023-12-25,117
2,CTS-001,RETAIL,2023-10-02,362.0,HW_Damped_Mul,417.58531150846136,2021-07-05,2023-09-25,2023-10-02,2023-12-25,117
2,CTS-001,RETAIL,2023-10-09,387.0,HW_Damped_Mul,424.69339808450553,2021-07-05,2023-09-25,2023-10-02,2023-12-25,117
2,CTS-001,RETAIL,2023-10-16,391.0,HW_Damped_Mul,497.45638872622,2021-07-05,2023-09-25,2023-10-02,2023-12-25,117
2,CTS-001,RETAIL,2023-10-23,415.0,HW_Damped_Mul,405.8180893124052,2021-07-05,2023-09-25,2023-10-02,2023-12-25,117
2,CTS-001,RETAIL,2023-10-30,434.0,HW_Damped_Mul,371.20612682458506,2021-07-05,2023-09-25,2023-10-02,2023-12-25,117
2,CTS-001,RETAIL,2023-11-06,387.0,HW_Damped_Mul,407.4001910009619,2021-07-05,2023-09-25,2023-10-02,2023-12-25,117
2,CTS-001,RETAIL,2023-11-13,316.99999999999994,HW_Damped_Mul,464.51725231576125,2021-07-05,2023-09-25,2023-10-02,2023-12-25,117
2,CTS-001,RETAIL,2023-11-20,540.6122890787033,HW_Damped_Mul,445.50828696597495,2021-07-05,2023-09-25,2023-10-02,2023-12-25,117
2,CTS-001,RETAIL,2023-11-27,491.00000000000006,HW_Damped_Mul,454.6444767976704,2021-07-05,2023-09-25,2023-10-02,2023-12-25,117
2,CTS-001,RETAIL,2023-12-04,362.0,HW_Damped_Mul,397.5629355116862,2021-07-05,2023-09-25,2023-10-02,2023-12-25,117
2,CTS-001,RETAIL,2023-12-11,355.76972233204845,HW_Damped_Mul,460.5973346468499,2021-07-05,2023-09-25,2023-10-02,2023-12-25,117
2,CTS-001,RETAIL,2023-12-18,337.50682965399494,HW_Damped_Mul,435.01098004541893,2021-07-05,2023-09-25,2023-10-02,2023-12-25,117
2,CTS-001,RETAIL,2023-12-25,329.40275117385926,HW_Damped_Mul,419.5225500155081,2021-07-05,2023-09-25,2023-10-02,2023-12-25,117
3,CTS-001,RETAIL,2024-01-01,212.83826258430585,HW_Add_Add,205.77523723638524,2021-07-05,2023-12-25,2024-01-01,2024-03-25,130
3,CTS-001,RETAIL,2024-01-08,209.74277566613324,HW_Add_Add,205.89179224165525,2021-07-05,2023-12-25,2024-01-01,2024-03-25,130
3,CTS-001,RETAIL,2024-01-15,237.00000000000003,HW_Add_Add,217.92859352230496,2021-07-05,2023-12-25,2024-01-01,2024-03-25,130
3,CTS-001,RETAIL,2024-01-22,228.0,HW_Add_Add,214.04825848241185,2021-07-05,2023-12-25,2024-01-01,2024-03-25,130
3,CTS-001,RETAIL,2024-01-29,219.00000000000003,HW_Add_Add,229.30275503475866,2021-07-05,2023-12-25,2024-01-01,2024-03-25,130
3,CTS-001,RETAIL,2024-02-05,248.0,HW_Add_Add,229.53234153247286,2021-07-05,2023-12-25,2024-01-01,2024-03-25,130
3,CTS-001,RETAIL,2024-02-12,229.00000000000003,HW_Add_Add,255.5133482484132,2021-07-05,2023-12-25,2024-01-01,2024-03-25,130
3,CTS-001,RETAIL,2024-02-19,225.0,HW_Add_Add,270.14863825458656,2021-07-05,2023-12-25,2024-01-01,2024-03-25,130
3,CTS-001,RETAIL,2024-02-26,212.0,HW_Add_Add,268.6950293931576,2021-07-05,2023-12-25,2024-01-01,2024-03-25,130
3,CTS-001,RETAIL,2024-03-04,235.0,HW_Add_Add,273.49579995174,2021-07-05,2023-12-25,2024-01-01,2024-03-25,130
3,CTS-001,RETAIL,2024-03-11,241.0,HW_Add_Add,251.56188399335136,2021-07-05,2023-12-25,2024-01-01,2024-03-25,130
3,CTS-001,RETAIL,2024-03-18,294.0,HW_Add_Add,233.5179399257966,2021-07-05,2023-12-25,2024-01-01,2024-03-25,130
3,CTS-001,RETAIL,2024-03-25,205.0,HW_Add_Add,253.0339916491851,2021-07-05,2023-12-25,2024-01-01,2024-03-25,130
3,CTS-001,RETAIL,2024-01-01,212.83826258430585,HW_Damped_Add,203.16672752634423,2021-07-05,2023-12-25,2024-01-01,2024-03-25,130
3,CTS-001,RETAIL,2024-01-08,209.74277566613324,HW_Damped_Add,202.54043878415604,2021-07-05,2023-12-25,2024-01-01,2024-03-25,130
3,CTS-001,RETAIL,2024-01-15,237.00000000000003,HW_Damped_Add,213.75560750494583,2021-07-05,2023-12-25,2024-01-01,2024-03-25,130
3,CTS-001,RETAIL,2024-01-22,228.0,HW_Damped_Add,209.20278596808643,2021-07-05,2023-12-25,2024-01-01,2024-03-25,130
3,CTS-001,RETAIL,2024-01-29,219.00000000000003,HW_Damped_Add,223.72578226004225,2021-07-05,2023-12-25,2024-01-01,2024-03-25,130
3,CTS-001,RETAIL,2024-02-05,248.0,HW_Damped_Add,223.28634898823026,2021-07-05,2023-12-25,2024-01-01,2024-03-25,130
3,CTS-001,RETAIL,2024-02-12,229.00000000000003,HW_Damped_Add,248.612959184518,2021-07-05,2023-12-25,2024-01-01,2024-03-25,130
3,CTS-001,RETAIL,2024-02-19,225.0,HW_Damped_Add,262.5842752003636,2021-07-05,2023-12-25,2024-01-01,2024-03-25,130
3,CTS-001,RETAIL,2024-02-26,212.0,HW_Damped_Add,260.37724833445003,2021-07-05,2023-12-25,2024-01-01,2024-03-25,130
3,CTS-001,RETAIL,2024-03-04,235.0,HW_Damped_Add,264.70998575842106,2021-07-05,2023-12-25,2024-01-01,2024-03-25,130
3,CTS-001,RETAIL,2024-03-11,241.0,HW_Damped_Add,242.13456227400846,2021-07-05,2023-12-25,2024-01-01,2024-03-25,130
3,CTS-001,RETAIL,2024-03-18,294.0,HW_Damped_Add,223.5508305941696,2021-07-05,2023-12-25,2024-01-01,2024-03-25,130
3,CTS-001,RETAIL,2024-03-25,205.0,HW_Damped_Add,242.49739810282034,2021-07-05,2023-12-25,2024-01-01,2024-03-25,130
3,CTS-001,RETAIL,2024-01-01,212.83826258430585,HW_Damped_Mul,201.4377787351008,2021-07-05,2023-12-25,2024-01-01,2024-03-25,130
3,CTS-001,RETAIL,2024-01-08,209.74277566613324,HW_Damped_Mul,199.2137852289279,2021-07-05,2023-12-25,2024-01-01,2024-03-25,130
3,CTS-001,RETAIL,2024-01-15,237.00000000000003,HW_Damped_Mul,212.21023473792434,2021-07-05,2023-12-25,2024-01-01,2024-03-25,130
3,CTS-001,RETAIL,2024-01-22,228.0,HW_Damped_Mul,205.17981601260627,2021-07-05,2023-12-25,2024-01-01,2024-03-25,130
3,CTS-001,RETAIL,2024-01-29,219.00000000000003,HW_Damped_Mul,220.15074340190435,2021-07-05,2023-12-25,2024-01-01,2024-03-25,130
3,CTS-001,RETAIL,2024-02-05,248.0,HW_Damped_Mul,219.1333399859027,2021-07-05,2023-12-25,2024-01-01,2024-03-25,130
3,CTS-001,RETAIL,2024-02-12,229.00000000000003,HW_Damped_Mul,243.52914263129682,2021-07-05,2023-12-25,2024-01-01,2024-03-25,130
3,CTS-001,RETAIL,2024-02-19,225.0,HW_Damped_Mul,257.56308594182786,2021-07-05,2023-12-25,2024-01-01,2024-03-25,130
3,CTS-001,RETAIL,2024-02-26,212.0,HW_Damped_Mul,259.227854218685,2021-07-05,2023-12-25,2024-01-01,2024-03-25,130
3,CTS-001,RETAIL,2024-03-04,235.0,HW_Damped_Mul,258.1586804749917,2021-07-05,2023-12-25,2024-01-01,2024-03-25,130
3,CTS-001,RETAIL,2024-03-11,241.0,HW_Damped_Mul,238.55194340689383,2021-07-05,2023-12-25,2024-01-01,2024-03-25,130
3,CTS-001,RETAIL,2024-03-18,294.0,HW_Damped_Mul,219.3344712458205,2021-07-05,2023-12-25,2024-01-01,2024-03-25,130
3,CTS-001,RETAIL,2024-03-25,205.0,HW_Damped_Mul,237.66495800241574,2021-07-05,2023-12-25,2024-01-01,2024-03-25,130
4,CTS-001,RETAIL,2024-04-01,323.67580858588707,HW_Add_Add,262.55696303187773,2021-07-05,2024-03-25,2024-04-01,2024-06-24,143
4,CTS-001,RETAIL,2024-04-08,230.0,HW_Add_Add,248.76507313346008,2021-07-05,2024-03-25,2024-04-01,2024-06-24,143
4,CTS-001,RETAIL,2024-04-15,281.0,HW_Add_Add,239.26935405645338,2021-07-05,2024-03-25,2024-04-01,2024-06-24,143
4,CTS-001,RETAIL,2024-04-22,263.0,HW_Add_Add,232.33668668698,2021-07-05,2024-03-25,2024-04-01,2024-06-24,143
4,CTS-001,RETAIL,2024-04-29,249.0,HW_Add_Add,257.81467332760786,2021-07-05,2024-03-25,2024-04-01,2024-06-24,143
4,CTS-001,RETAIL,2024-05-06,313.0,HW_Add_Add,247.52721310634263,2021-07-05,2024-03-25,2024-04-01,2024-06-24,143
4,CTS-001,RETAIL,2024-05-13,279.4052392971918,HW_Add_Add,291.8769737121353,2021-07-05,2024-03-25,2024-04-01,2024-06-24,143
4,CTS-001,RETAIL,2024-05-20,287.0,HW_Add_Add,273.5521055379418,2021-07-05,2024-03-25,2024-04-01,2024-06-24,143
4,CTS-001,RETAIL,2024-05-27,274.0,HW_Add_Add,267.906113256653,2021-07-05,2024-03-25,2024-04-01,2024-06-24,143
4,CTS-001,RETAIL,2024-06-03,271.3543469158032,HW_Add_Add,258.0408757951204,2021-07-05,2024-03-25,2024-04-01,2024-06-24,143
4,CTS-001,RETAIL,2024-06-10,297.0,HW_Add_Add,234.9625612906485,2021-07-05,2024-03-25,2024-04-01,2024-06-24,143
4,CTS-001,RETAIL,2024-06-17,285.0,HW_Add_Add,256.04908513881844,2021-07-05,2024-03-25,2024-04-01,2024-06-24,143
4,CTS-001,RETAIL,2024-06-24,298.69914592932065,HW_Add_Add,231.73982422161544,2021-07-05,2024-03-25,2024-04-01,2024-06-24,143
4,CTS-001,RETAIL,2024-04-01,323.67580858588707,HW_Damped_Add,273.40910383140806,2021-07-05,2024-03-25,2024-04-01,2024-06-24,143
4,CTS-001,RETAIL,2024-04-08,230.0,HW_Damped_Add,260.4201092418231,2021-07-05,2024-03-25,2024-04-01,2024-06-24,143
4,CTS-001,RETAIL,2024-04-15,281.0,HW_Damped_Add,251.86641412553934,2021-07-05,2024-03-25,2024-04-01,2024-06-24,143
4,CTS-001,RETAIL,2024-04-22,263.0,HW_Damped_Add,245.81329981806132,2021-07-05,2024-03-25,2024-04-01,2024-06-24,143
4,CTS-001,RETAIL,2024-04-29,249.0,HW_Damped_Add,272.1722922883481,2021-07-05,2024-03-25,2024-04-01,2024-06-24,143
4,CTS-001,RETAIL,2024-05-06,313.0,HW_Damped_Add,262.72361489332536,2021-07-05,2024-03-25,2024-04-01,2024-06-24,143
4,CTS-001,RETAIL,2024-05-13,279.4052392971918,HW_Damped_Add,308.01911007919546,2021-07-05,2024-03-25,2024-04-01,2024-06-24,143
4,CTS-001,RETAIL,2024-05-20,287.0,HW_Damped_Add,290.4999848116756,2021-07-05,2024-03-25,2024-04-01,2024-06-24,143
4,CTS-001,RETAIL,2024-05-27,274.0,HW_Damped_Add,285.7281141996653,2021-07-05,2024-03-25,2024-04-01,2024-06-24,143
4,CTS-001,RETAIL,2024-06-03,271.3543469158032,HW_Damped_Add,276.77509448059055,2021-07-05,2024-03-25,2024-04-01,2024-06-24,143
4,CTS-001,RETAIL,2024-06-10,297.0,HW_Damped_Add,254.45007983247868,2021-07-05,2024-03-25,2024-04-01,2024-06-24,143
4,CTS-001,RETAIL,2024-06-17,285.0,HW_Damped_Add,276.3727188240918,2021-07-05,2024-03-25,2024-04-01,2024-06-24,143
4,CTS-001,RETAIL,2024-06-24,298.69914592932065,HW_Damped_Add,252.8341245155857,2021-07-05,2024-03-25,2024-04-01,2024-06-24,143
4,CTS-001,RETAIL,2024-04-01,323.67580858588707,HW_Damped_Mul,273.2954833926999,2021-07-05,2024-03-25,2024-04-01,2024-06-24,143
4,CTS-001,RETAIL,2024-04-08,230.0,HW_Damped_Mul,258.4097304567714,2021-07-05,2024-03-25,2024-04-01,2024-06-24,143
4,CTS-001,RETAIL,2024-04-15,281.0,HW_Damped_Mul,251.57594022999257,2021-07-05,2024-03-25,2024-04-01,2024-06-24,143
4,CTS-001,RETAIL,2024-04-22,263.0,HW_Damped_Mul,245.39697013476137,2021-07-05,2024-03-25,2024-04-01,2024-06-24,143
4,CTS-001,RETAIL,2024-04-29,249.0,HW_Damped_Mul,271.28217198145023,2021-07-05,2024-03-25,2024-04-01,2024-06-24,143
4,CTS-001,RETAIL,2024-05-06,313.0,HW_Damped_Mul,261.5203641552639,2021-07-05,2024-03-25,2024-04-01,2024-06-24,143
4,CTS-001,RETAIL,2024-05-13,279.4052392971918,HW_Damped_Mul,307.23460646350946,2021-07-05,2024-03-25,2024-04-01,2024-06-24,143
4,CTS-001,RETAIL,2024-05-20,287.0,HW_Damped_Mul,288.7070288475981,2021-07-05,2024-03-25,2024-04-01,2024-06-24,143
4,CTS-001,RETAIL,2024-05-27,274.0,HW_Damped_Mul,284.6248020679024,2021-07-05,2024-03-25,2024-04-01,2024-06-24,143
4,CTS-001,RETAIL,2024-06-03,271.3543469158032,HW_Damped_Mul,276.833429622314,2021-07-05,2024-03-25,2024-04-01,2024-06-24,143
4,CTS-001,RETAIL,2024-06-10,297.0,HW_Damped_Mul,252.63863950923968,2021-07-05,2024-03-25,2024-04-01,2024-06-24,143
4,CTS-001,RETAIL,2024-06-17,285.0,HW_Damped_Mul,274.30951405801335,2021-07-05,2024-03-25,2024-04-01,2024-06-24,143
4,CTS-001,RETAIL,2024-06-24,298.69914592932065,HW_Damped_Mul,250.56061288930727,2021-07-05,2024-03-25,2024-04-01,2024-06-24,143
5,CTS-001,RETAIL,2024-07-01,249.0,HW_Add_Add,265.00011192658417,2021-07-05,2024-06-24,2024-07-01,2024-09-23,156
5,CTS-001,RETAIL,2024-07-08,312.0,HW_Add_Add,274.6636040150548,2021-07-05,2024-06-24,2024-07-01,2024-09-23,156
5,CTS-001,RETAIL,2024-07-15,253.0,HW_Add_Add,253.32137949062104,2021-07-05,2024-06-24,2024-07-01,2024-09-23,156
5,CTS-001,RETAIL,2024-07-22,275.0,HW_Add_Add,260.998107549545,2021-07-05,2024-06-24,2024-07-01,2024-09-23,156
5,CTS-001,RETAIL,2024-07-29,265.0,HW_Add_Add,305.6618251862142,2021-07-05,2024-06-24,2024-07-01,2024-09-23,156
5,CTS-001,RETAIL,2024-08-05,312.0,HW_Add_Add,283.98949621514345,2021-07-05,2024-06-24,2024-07-01,2024-09-23,156
5,CTS-001,RETAIL,2024-08-12,290.0,HW_Add_Add,296.32943952423096,2021-07-05,2024-06-24,2024-07-01,2024-09-23,156
5,CTS-001,RETAIL,2024-08-19,320.0,HW_Add_Add,284.97703476105045,2021-07-05,2024-06-24,2024-07-01,2024-09-23,156
5,CTS-001,RETAIL,2024-08-26,364.0,HW_Add_Add,302.31693535937046,2021-07-05,2024-06-24,2024-07-01,2024-09-23,156
5,CTS-001,RETAIL,2024-09-02,363.0,HW_Add_Add,312.3044993150361,2021-07-05,2024-06-24,2024-07-01,2024-09-23,156
5,CTS-001,RETAIL,2024-09-09,383.0,HW_Add_Add,350.3179183025939,2021-07-05,2024-06-24,2024-07-01,2024-09-23,156
5,CTS-001,RETAIL,2024-09-16,444.0,HW_Add_Add,348.64798701996386,2021-07-05,2024-06-24,2024-07-01,2024-09-23,156
5,CTS-001,RETAIL,2024-09-23,382.0,HW_Add_Add,356.6277449061314,2021-07-05,2024-06-24,2024-07-01,2024-09-23,156
5,CTS-001,RETAIL,2024-07-01,249.0,HW_Damped_Add,268.67574802885736,2021-07-05,2024-06-24,2024-07-01,2024-09-23,156
5,CTS-001,RETAIL,2024-07-08,312.0,HW_Damped_Add,277.8900399436514,2021-07-05,2024-06-24,2024-07-01,2024-09-23,156
5,CTS-001,RETAIL,2024-07-15,253.0,HW_Damped_Add,256.10938274634714,2021-07-05,2024-06-24,2024-07-01,2024-09-23,156
5,CTS-001,RETAIL,2024-07-22,275.0,HW_Damped_Add,263.3649816016032,2021-07-05,2024-06-24,2024-07-01,2024-09-23,156
5,CTS-001,RETAIL,2024-07-29,265.0,HW_Damped_Add,307.6136915207708,2021-07-05,2024-06-24,2024-07-01,2024-09-23,156
5,CTS-001,RETAIL,2024-08-05,312.0,HW_Damped_Add,285.53988697533623,2021-07-05,2024-06-24,2024-07-01,2024-09-23,156
5,CTS-001,RETAIL,2024-08-12,290.0,HW_Damped_Add,297.4910132572602,2021-07-05,2024-06-24,2024-07-01,2024-09-23,156
5,CTS-001,RETAIL,2024-08-19,320.0,HW_Damped_Add,285.7580359489715,2021-07-05,2024-06-24,2024-07-01,2024-09-23,156
5,CTS-001,RETAIL,2024-08-26,364.0,HW_Damped_Add,302.7304754425152,2021-07-05,2024-06-24,2024-07-01,2024-09-23,156
5,CTS-001,RETAIL,2024-09-02,363.0,HW_Damped_Add,312.35459796122143,2021-07-05,2024-06-24,2024-07-01,2024-09-23,156
5,CTS-001,RETAIL,2024-09-09,383.0,HW_Damped_Add,350.01606220610927,2021-07-05,2024-06-24,2024-07-01,2024-09-23,156
5,CTS-001,RETAIL,2024-09-16,444.0,HW_Damped_Add,347.9960714981029,2021-07-05,2024-06-24,2024-07-01,2024-09-23,156
5,CTS-001,RETAIL,2024-09-23,382.0,HW_Damped_Add,355.6304275465491,2021-07-05,2024-06-24,2024-07-01,2024-09-23,156
5,CTS-001,RETAIL,2024-07-01,249.0,HW_Damped_Mul,266.5221715153824,2021-07-05,2024-06-24,2024-07-01,2024-09-23,156
5,CTS-001,RETAIL,2024-07-08,312.0,HW_Damped_Mul,275.9905168399527,2021-07-05,2024-06-24,2024-07-01,2024-09-23,156
5,CTS-001,RETAIL,2024-07-15,253.0,HW_Damped_Mul,252.37663315052308,2021-07-05,2024-06-24,2024-07-01,2024-09-23,156
5,CTS-001,RETAIL,2024-07-22,275.0,HW_Damped_Mul,260.6750166555627,2021-07-05,2024-06-24,2024-07-01,2024-09-23,156
5,CTS-001,RETAIL,2024-07-29,265.0,HW_Damped_Mul,306.86729936343454,2021-07-05,2024-06-24,2024-07-01,2024-09-23,156
5,CTS-001,RETAIL,2024-08-05,312.0,HW_Damped_Mul,283.83235928489916,2021-07-05,2024-06-24,2024-07-01,2024-09-23,156
5,CTS-001,RETAIL,2024-08-12,290.0,HW_Damped_Mul,296.8709490857772,2021-07-05,2024-06-24,2024-07-01,2024-09-23,156
5,CTS-001,RETAIL,2024-08-19,320.0,HW_Damped_Mul,284.27816089415415,2021-07-05,2024-06-24,2024-07-01,2024-09-23,156
5,CTS-001,RETAIL,2024-08-26,364.0,HW_Damped_Mul,302.7213441977109,2021-07-05,2024-06-24,2024-07-01,2024-09-23,156
5,CTS-001,RETAIL,2024-09-02,363.0,HW_Damped_Mul,312.50048744090446,2021-07-05,2024-06-24,2024-07-01,2024-09-23,156
5,CTS-001,RETAIL,2024-09-09,383.0,HW_Damped_Mul,352.16936284725,2021-07-05,2024-06-24,2024-07-01,2024-09-23,156
5,CTS-001,RETAIL,2024-09-16,444.0,HW_Damped_Mul,349.69541405975673,2021-07-05,2024-06-24,2024-07-01,2024-09-23,156
5,CTS-001,RETAIL,2024-09-23,382.0,HW_Damped_Mul,356.8818927956983,2021-07-05,2024-06-24,2024-07-01,2024-09-23,156
6,CTS-001,RETAIL,2024-09-30,390.0,HW_Add_Add,421.66339104664326,2021-07-05,2024-09-23,2024-09-30,2024-12-23,169
6,CTS-001,RETAIL,2024-10-07,410.0,HW_Add_Add,437.6357364380682,2021-07-05,2024-09-23,2024-09-30,2024-12-23,169
6,CTS-001,RETAIL,2024-10-14,496.0,HW_Add_Add,485.90926629891,2021-07-05,2024-09-23,2024-09-30,2024-12-23,169
6,CTS-001,RETAIL,2024-10-21,410.0,HW_Add_Add,441.70730542531504,2021-07-05,2024-09-23,2024-09-30,2024-12-23,169
6,CTS-001,RETAIL,2024-10-28,453.0,HW_Add_Add,430.0102129031501,2021-07-05,2024-09-23,2024-09-30,2024-12-23,169
6,CTS-001,RETAIL,2024-11-04,408.0,HW_Add_Add,437.8539789817778,2021-07-05,2024-09-23,2024-09-30,2024-12-23,169
6,CTS-001,RETAIL,2024-11-11,491.0,HW_Add_Add,450.10829548578863,2021-07-05,2024-09-23,2024-09-30,2024-12-23,169
6,CTS-001,RETAIL,2024-11-18,495.07786124037534,HW_Add_Add,518.6748789982934,2021-07-05,2024-09-23,2024-09-30,2024-12-23,169
6,CTS-001,RETAIL,2024-11-25,530.0,HW_Add_Add,509.3592062264827,2021-07-05,2024-09-23,2024-09-30,2024-12-23,169
6,CTS-001,RETAIL,2024-12-02,422.0,HW_Add_Add,432.3649116331943,2021-07-05,2024-09-23,2024-09-30,2024-12-23,169
6,CTS-001,RETAIL,2024-12-09,447.7669658162491,HW_Add_Add,469.65634591657533,2021-07-05,2024-09-23,2024-09-30,2024-12-23,169
6,CTS-001,RETAIL,2024-12-16,452.5443073738199,HW_Add_Add,450.1743731959434,2021-07-05,2024-09-23,2024-09-30,2024-12-23,169
6,CTS-001,RETAIL,2024-12-23,454.391724211432,HW_Add_Add,439.9386400021745,2021-07-05,2024-09-23,2024-09-30,2024-12-23,169
6,CTS-001,RETAIL,2024-09-30,390.0,HW_Damped_Add,410.1578695140246,2021-07-05,2024-09-23,2024-09-30,2024-12-23,169
6,CTS-001,RETAIL,2024-10-07,410.0,HW_Damped_Add,422.29447686419746,2021-07-05,2024-09-23,2024-09-30,2024-12-23,169
6,CTS-001,RETAIL,2024-10-14,496.0,HW_Damped_Add,466.70005768031496,2021-07-05,2024-09-23,2024-09-30,2024-12-23,169
6,CTS-001,RETAIL,2024-10-21,410.0,HW_Damped_Add,419.8964831547522,2021-07-05,2024-09-23,2024-09-30,2024-12-23,169
6,CTS-001,RETAIL,2024-10-28,453.0,HW_Damped_Add,405.45738788421295,2021-07-05,2024-09-23,2024-09-30,2024-12-23,169
6,CTS-001,RETAIL,2024-11-04,408.0,HW_Damped_Add,411.6823227381251,2021-07-05,2024-09-23,2024-09-30,2024-12-23,169
6,CTS-001,RETAIL,2024-11-11,491.0,HW_Damped_Add,423.2458782379692,2021-07-05,2024-09-23,2024-09-30,2024-12-23,169
6,CTS-001,RETAIL,2024-11-18,495.07786124037534,HW_Damped_Add,486.46857356839223,2021-07-05,2024-09-23,2024-09-30,2024-12-23,169
6,CTS-001,RETAIL,2024-11-25,530.0,HW_Damped_Add,475.32912495059077,2021-07-05,2024-09-23,2024-09-30,2024-12-23,169
6,CTS-001,RETAIL,2024-12-02,422.0,HW_Damped_Add,397.59378871993545,2021-07-05,2024-09-23,2024-09-30,2024-12-23,169
6,CTS-001,RETAIL,2024-12-09,447.7669658162491,HW_Damped_Add,434.74232014303317,2021-07-05,2024-09-23,2024-09-30,2024-12-23,169
6,CTS-001,RETAIL,2024-12-16,452.5443073738199,HW_Damped_Add,412.91713836014156,2021-07-05,2024-09-23,2024-09-30,2024-12-23,169
6,CTS-001,RETAIL,2024-12-23,454.391724211432,HW_Damped_Add,401.29733667773814,2021-07-05,2024-09-23,2024-09-30,2024-12-23,169
6,CTS-001,RETAIL,2024-09-30,390.0,HW_Damped_Mul,428.8474651951945,2021-07-05,2024-09-23,2024-09-30,2024-12-23,169
6,CTS-001,RETAIL,2024-10-07,410.0,HW_Damped_Mul,446.2998654415411,2021-07-05,2024-09-23,2024-09-30,2024-12-23,169
6,CTS-001,RETAIL,2024-10-14,496.0,HW_Damped_Mul,501.25884030208385,2021-07-05,2024-09-23,2024-09-30,2024-12-23,169
6,CTS-001,RETAIL,2024-10-21,410.0,HW_Damped_Mul,449.63657053587696,2021-07-05,2024-09-23,2024-09-30,2024-12-23,169
6,CTS-001,RETAIL,2024-10-28,453.0,HW_Damped_Mul,435.742811572593,2021-07-05,2024-09-23,2024-09-30,2024-12-23,169
6,CTS-001,RETAIL,2024-11-04,408.0,HW_Damped_Mul,444.3730690316164,2021-07-05,2024-09-23,2024-09-30,2024-12-23,169
6,CTS-001,RETAIL,2024-11-11,491.0,HW_Damped_Mul,458.9015882660959,2021-07-05,2024-09-23,2024-09-30,2024-12-23,169
6,CTS-001,RETAIL,2024-11-18,495.07786124037534,HW_Damped_Mul,539.4004136652375,2021-07-05,2024-09-23,2024-09-30,2024-12-23,169
6,CTS-001,RETAIL,2024-11-25,530.0,HW_Damped_Mul,529.0508325877016,2021-07-05,2024-09-23,2024-09-30,2024-12-23,169
6,CTS-001,RETAIL,2024-12-02,422.0,HW_Damped_Mul,435.8550226607464,2021-07-05,2024-09-23,2024-09-30,2024-12-23,169
6,CTS-001,RETAIL,2024-12-09,447.7669658162491,HW_Damped_Mul,480.634647238278,2021-07-05,2024-09-23,2024-09-30,2024-12-23,169
6,CTS-001,RETAIL,2024-12-16,452.5443073738199,HW_Damped_Mul,457.3711400303355,2021-07-05,2024-09-23,2024-09-30,2024-12-23,169
6,CTS-001,RETAIL,2024-12-23,454.391724211432,HW_Damped_Mul,444.7921118718272,2021-07-05,2024-09-23,2024-09-30,2024-12-23,169
7,CTS-001,RETAIL,2024-12-30,340.5015805338063,HW_Add_Add,278.3104797270556,2021-07-05,2024-12-23,2024-12-30,2025-03-24,182
7,CTS-001,RETAIL,2025-01-06,230.66613480369253,HW_Add_Add,279.5870373144933,2021-07-05,2024-12-23,2024-12-30,2025-03-24,182
7,CTS-001,RETAIL,2025-01-13,329.844275754696,HW_Add_Add,298.81323009496043,2021-07-05,2024-12-23,2024-12-30,2025-03-24,182
7,CTS-001,RETAIL,2025-01-20,272.5,HW_Add_Add,295.43411898181824,2021-07-05,2024-12-23,2024-12-30,2025-03-24,182
7,CTS-001,RETAIL,2025-01-27,256.0,HW_Add_Add,304.71187996333805,2021-07-05,2024-12-23,2024-12-30,2025-03-24,182
7,CTS-001,RETAIL,2025-02-03,272.5633377470848,HW_Add_Add,316.6517870723549,2021-07-05,2024-12-23,2024-12-30,2025-03-24,182
7,CTS-001,RETAIL,2025-02-10,309.0,HW_Add_Add,329.7365938758673,2021-07-05,2024-12-23,2024-12-30,2025-03-24,182
7,CTS-001,RETAIL,2025-02-17,271.3683452577006,HW_Add_Add,340.21123202769456,2021-07-05,2024-12-23,2024-12-30,2025-03-24,182
7,CTS-001,RETAIL,2025-02-24,249.0,HW_Add_Add,336.8635845958599,2021-07-05,2024-12-23,2024-12-30,2025-03-24,182
7,CTS-001,RETAIL,2025-03-03,326.0,HW_Add_Add,349.909286292296,2021-07-05,2024-12-23,2024-12-30,2025-03-24,182
7,CTS-001,RETAIL,2025-03-10,301.2757517490634,HW_Add_Add,339.2788143111359,2021-07-05,2024-12-23,2024-12-30,2025-03-24,182
7,CTS-001,RETAIL,2025-03-17,249.93217138201655,HW_Add_Add,346.95471634576694,2021-07-05,2024-12-23,2024-12-30,2025-03-24,182
7,CTS-001,RETAIL,2025-03-24,265.0,HW_Add_Add,332.2926653173125,2021-07-05,2024-12-23,2024-12-30,2025-03-24,182
7,CTS-001,RETAIL,2024-12-30,340.5015805338063,HW_Damped_Add,272.2418497994616,2021-07-05,2024-12-23,2024-12-30,2025-03-24,182
7,CTS-001,RETAIL,2025-01-06,230.66613480369253,HW_Damped_Add,272.58260861868257,2021-07-05,2024-12-23,2024-12-30,2025-03-24,182
7,CTS-001,RETAIL,2025-01-13,329.844275754696,HW_Damped_Add,290.8226312694274,2021-07-05,2024-12-23,2024-12-30,2025-03-24,182
7,CTS-001,RETAIL,2025-01-20,272.5,HW_Damped_Add,286.38249279131526,2021-07-05,2024-12-23,2024-12-30,2025-03-24,182
7,CTS-001,RETAIL,2025-01-27,256.0,HW_Damped_Add,294.53422452585437,2021-07-05,2024-12-23,2024-12-30,2025-03-24,182
7,CTS-001,RETAIL,2025-02-03,272.5633377470848,HW_Damped_Add,305.3252632991335,2021-07-05,2024-12-23,2024-12-30,2025-03-24,182
7,CTS-001,RETAIL,2025-02-10,309.0,HW_Damped_Add,317.16302159893183,2021-07-05,2024-12-23,2024-12-30,2025-03-24,182
7,CTS-001,RETAIL,2025-02-17,271.3683452577006,HW_Damped_Add,326.35476500964035,2021-07-05,2024-12-23,2024-12-30,2025-03-24,182
7,CTS-001,RETAIL,2025-02-24,249.0,HW_Damped_Add,321.67636009894636,2021-07-05,2024-12-23,2024-12-30,2025-03-24,182
7,CTS-001,RETAIL,2025-03-03,326.0,HW_Damped_Add,333.36335003527574,2021-07-05,2024-12-23,2024-12-30,2025-03-24,182
7,CTS-001,RETAIL,2025-03-10,301.2757517490634,HW_Damped_Add,321.3321218676867,2021-07-05,2024-12-23,2024-12-30,2025-03-24,182
7,CTS-001,RETAIL,2025-03-17,249.93217138201655,HW_Damped_Add,327.5977436627445,2021-07-05,2024-12-23,2024-12-30,2025-03-24,182
7,CTS-001,RETAIL,2025-03-24,265.0,HW_Damped_Add,311.3710218813343,2021-07-05,2024-12-23,2024-12-30,2025-03-24,182
7,CTS-001,RETAIL,2024-12-30,340.5015805338063,HW_Damped_Mul,240.15212150592131,2021-07-05,2024-12-23,2024-12-30,2025-03-24,182
7,CTS-001,RETAIL,2025-01-06,230.66613480369253,HW_Damped_Mul,238.33016162678928,2021-07-05,2024-12-23,2024-12-30,2025-03-24,182
7,CTS-001,RETAIL,2025-01-13,329.844275754696,HW_Damped_Mul,260.85211067844955,2021-07-05,2024-12-23,2024-12-30,2025-03-24,182
7,CTS-001,RETAIL,2025-01-20,272.5,HW_Damped_Mul,252.80237076534905,2021-07-05,2024-12-23,2024-12-30,2025-03-24,182
7,CTS-001,RETAIL,2025-01-27,256.0,HW_Damped_Mul,262.65248717115435,2021-07-05,2024-12-23,2024-12-30,2025-03-24,182
7,CTS-001,RETAIL,2025-02-03,272.5633377470848,HW_Damped_Mul,274.5884398538931,2021-07-05,2024-12-23,2024-12-30,2025-03-24,182
7,CTS-001,RETAIL,2025-02-10,309.0,HW_Damped_Mul,288.53750500894074,2021-07-05,2024-12-23,2024-12-30,2025-03-24,182
7,CTS-001,RETAIL,2025-02-17,271.3683452577006,HW_Damped_Mul,300.11977623906375,2021-07-05,2024-12-23,2024-12-30,2025-03-24,182
7,CTS-001,RETAIL,2025-02-24,249.0,HW_Damped_Mul,297.9627785415754,2021-07-05,2024-12-23,2024-12-30,2025-03-24,182
7,CTS-001,RETAIL,2025-03-03,326.0,HW_Damped_Mul,307.5377213116835,2021-07-05,2024-12-23,2024-12-30,2025-03-24,182
7,CTS-001,RETAIL,2025-03-10,301.2757517490634,HW_Damped_Mul,293.64353304211267,2021-07-05,2024-12-23,2024-12-30,2025-03-24,182
7,CTS-001,RETAIL,2025-03-17,249.93217138201655,HW_Damped_Mul,297.76503042925793,2021-07-05,2024-12-23,2024-12-30,2025-03-24,182
7,CTS-001,RETAIL,2025-03-24,265.0,HW_Damped_Mul,281.51160021208005,2021-07-05,2024-12-23,2024-12-30,2025-03-24,182
8,CTS-001,RETAIL,2025-03-31,257.0,HW_Add_Add,335.6506282813838,2021-07-05,2025-03-24,2025-03-31,2025-06-23,195
8,CTS-001,RETAIL,2025-04-07,341.48245203410806,HW_Add_Add,295.4018727647309,2021-07-05,2025-03-24,2025-03-31,2025-06-23,195
8,CTS-001,RETAIL,2025-04-14,273.31799640304763,HW_Add_Add,307.08552633047157,2021-07-05,2025-03-24,2025-03-31,2025-06-23,195
8,CTS-001,RETAIL,2025-04-21,298.0,HW_Add_Add,297.0852256479997,2021-07-05,2025-03-24,2025-03-31,2025-06-23,195
8,CTS-001,RETAIL,2025-04-28,249.0,HW_Add_Add,310.05918709333264,2021-07-05,2025-03-24,2025-03-31,2025-06-23,195
8,CTS-001,RETAIL,2025-05-05,310.0,HW_Add_Add,325.09240468156406,2021-07-05,2025-03-24,2025-03-31,2025-06-23,195
8,CTS-001,RETAIL,2025-05-12,312.0,HW_Add_Add,344.41823599357406,2021-07-05,2025-03-24,2025-03-31,2025-06-23,195
8,CTS-001,RETAIL,2025-05-19,298.4638579718172,HW_Add_Add,335.0646879415918,2021-07-05,2025-03-24,2025-03-31,2025-06-23,195
8,CTS-001,RETAIL,2025-05-26,324.0,HW_Add_Add,327.7298971800758,2021-07-05,2025-03-24,2025-03-31,2025-06-23,195
8,CTS-001,RETAIL,2025-06-02,300.0,HW_Add_Add,321.15697381326396,2021-07-05,2025-03-24,2025-03-31,2025-06-23,195
8,CTS-001,RETAIL,2025-06-09,339.9598074693961,HW_Add_Add,314.43556003009917,2021-07-05,2025-03-24,2025-03-31,2025-06-23,195
8,CTS-001,RETAIL,2025-06-16,293.77708274279126,HW_Add_Add,325.09732553307316,2021-07-05,2025-03-24,2025-03-31,2025-06-23,195
8,CTS-001,RETAIL,2025-06-23,313.9761743075336,HW_Add_Add,313.8215724849928,2021-07-05,2025-03-24,2025-03-31,2025-06-23,195
8,CTS-001,RETAIL,2025-03-31,257.0,HW_Damped_Add,334.2266285777428,2021-07-05,2025-03-24,2025-03-31,2025-06-23,195
8,CTS-001,RETAIL,2025-04-07,341.48245203410806,HW_Damped_Add,293.0207145317502,2021-07-05,2025-03-24,2025-03-31,2025-06-23,195
8,CTS-001,RETAIL,2025-04-14,273.31799640304763,HW_Damped_Add,303.3807067100187,2021-07-05,2025-03-24,2025-03-31,2025-06-23,195
8,CTS-001,RETAIL,2025-04-21,298.0,HW_Damped_Add,292.35668623685683,2021-07-05,2025-03-24,2025-03-31,2025-06-23,195
8,CTS-001,RETAIL,2025-04-28,249.0,HW_Damped_Add,304.478296550641,2021-07-05,2025-03-24,2025-03-31,2025-06-23,195
8,CTS-001,RETAIL,2025-05-05,310.0,HW_Damped_Add,318.3257405984192,2021-07-05,2025-03-24,2025-03-31,2025-06-23,195
8,CTS-001,RETAIL,2025-05-12,312.0,HW_Damped_Add,337.04080952075293,2021-07-05,2025-03-24,2025-03-31,2025-06-23,195
8,CTS-001,RETAIL,2025-05-19,298.4638579718172,HW_Damped_Add,326.77357141327525,2021-07-05,2025-03-24,2025-03-31,2025-06-23,195
8,CTS-001,RETAIL,2025-05-26,324.0,HW_Damped_Add,318.66171589073105,2021-07-05,2025-03-24,2025-03-31,2025-06-23,195
8,CTS-001,RETAIL,2025-06-02,300.0,HW_Damped_Add,311.293057312899,2021-07-05,2025-03-24,2025-03-31,2025-06-23,195
8,CTS-001,RETAIL,2025-06-09,339.9598074693961,HW_Damped_Add,303.68560390920953,2021-07-05,2025-03-24,2025-03-31,2025-06-23,195
8,CTS-001,RETAIL,2025-06-16,293.77708274279126,HW_Damped_Add,313.7645988097535,2021-07-05,2025-03-24,2025-03-31,2025-06-23,195
8,CTS-001,RETAIL,2025-06-23,313.9761743075336,HW_Damped_Add,301.7078649388589,2021-07-05,2025-03-24,2025-03-31,2025-06-23,195
8,CTS-001,RETAIL,2025-03-31,257.0,HW_Damped_Mul,337.22680586273157,2021-07-05,2025-03-24,2025-03-31,2025-06-23,195
8,CTS-001,RETAIL,2025-04-07,341.48245203410806,HW_Damped_Mul,289.60726699346054,2021-07-05,2025-03-24,2025-03-31,2025-06-23,195
8,CTS-001,RETAIL,2025-04-14,273.31799640304763,HW_Damped_Mul,303.24961732030226,2021-07-05,2025-03-24,2025-03-31,2025-06-23,195
8,CTS-001,RETAIL,2025-04-21,298.0,HW_Damped_Mul,291.3735156441362,2021-07-05,2025-03-24,2025-03-31,2025-06-23,195
8,CTS-001,RETAIL,2025-04-28,249.0,HW_Damped_Mul,306.47730273151166,2021-07-05,2025-03-24,2025-03-31,2025-06-23,195
8,CTS-001,RETAIL,2025-05-05,310.0,HW_Damped_Mul,322.83858819997255,2021-07-05,2025-03-24,2025-03-31,2025-06-23,195
8,CTS-001,RETAIL,2025-05-12,312.0,HW_Damped_Mul,346.03696536057623,2021-07-05,2025-03-24,2025-03-31,2025-06-23,195
8,CTS-001,RETAIL,2025-05-19,298.4638579718172,HW_Damped_Mul,334.1005035988731,2021-07-05,2025-03-24,2025-03-31,2025-06-23,195
8,CTS-001,RETAIL,2025-05-26,324.0,HW_Damped_Mul,325.8156064521464,2021-07-05,2025-03-24,2025-03-31,2025-06-23,195
8,CTS-001,RETAIL,2025-06-02,300.0,HW_Damped_Mul,318.4252052945582,2021-07-05,2025-03-24,2025-03-31,2025-06-23,195
8,CTS-001,RETAIL,2025-06-09,339.9598074693961,HW_Damped_Mul,308.31170180269146,2021-07-05,2025-03-24,2025-03-31,2025-06-23,195
8,CTS-001,RETAIL,2025-06-16,293.77708274279126,HW_Damped_Mul,321.09098415436216,2021-07-05,2025-03-24,2025-03-31,2025-06-23,195
8,CTS-001,RETAIL,2025-06-23,313.9761743075336,HW_Damped_Mul,307.4561552397187,2021-07-05,2025-03-24,2025-03-31,2025-06-23,195
9,CTS-001,RETAIL,2025-06-30,316.0,HW_Add_Add,290.58962935826065,2021-07-05,2025-06-23,2025-06-30,2025-09-22,208
9,CTS-001,RETAIL,2025-07-07,320.0,HW_Add_Add,313.58908634956595,2021-07-05,2025-06-23,2025-06-30,2025-09-22,208
9,CTS-001,RETAIL,2025-07-14,324.0,HW_Add_Add,282.8346244905658,2021-07-05,2025-06-23,2025-06-30,2025-09-22,208
9,CTS-001,RETAIL,2025-07-21,289.0,HW_Add_Add,294.08654316851386,2021-07-05,2025-06-23,2025-06-30,2025-09-22,208
9,CTS-001,RETAIL,2025-07-28,306.0,HW_Add_Add,325.08213899853484,2021-07-05,2025-06-23,2025-06-30,2025-09-22,208
9,CTS-001,RETAIL,2025-08-04,300.0,HW_Add_Add,320.5797718887665,2021-07-05,2025-06-23,2025-06-30,2025-09-22,208
9,CTS-001,RETAIL,2025-08-11,325.0,HW_Add_Add,324.3233651711643,2021-07-05,2025-06-23,2025-06-30,2025-09-22,208
9,CTS-001,RETAIL,2025-08-18,304.0,HW_Add_Add,323.31758292456215,2021-07-05,2025-06-23,2025-06-30,2025-09-22,208
9,CTS-001,RETAIL,2025-08-25,316.0,HW_Add_Add,347.31486822623816,2021-07-05,2025-06-23,2025-06-30,2025-09-22,208
9,CTS-001,RETAIL,2025-09-01,423.0,HW_Add_Add,354.55878619483224,2021-07-05,2025-06-23,2025-06-30,2025-09-22,208
9,CTS-001,RETAIL,2025-09-08,380.0,HW_Add_Add,388.0611047360767,2021-07-05,2025-06-23,2025-06-30,2025-09-22,208
9,CTS-001,RETAIL,2025-09-15,451.00000000000006,HW_Add_Add,402.06735734154785,2021-07-05,2025-06-23,2025-06-30,2025-09-22,208
9,CTS-001,RETAIL,2025-09-22,389.0,HW_Add_Add,392.5702809308253,2021-07-05,2025-06-23,2025-06-30,2025-09-22,208
9,CTS-001,RETAIL,2025-06-30,316.0,HW_Damped_Add,288.91137161509454,2021-07-05,2025-06-23,2025-06-30,2025-09-22,208
9,CTS-001,RETAIL,2025-07-07,320.0,HW_Damped_Add,311.75432861099836,2021-07-05,2025-06-23,2025-06-30,2025-09-22,208
9,CTS-001,RETAIL,2025-07-14,324.0,HW_Damped_Add,280.7992914525067,2021-07-05,2025-06-23,2025-06-30,2025-09-22,208
9,CTS-001,RETAIL,2025-07-21,289.0,HW_Damped_Add,291.94255032240636,2021-07-05,2025-06-23,2025-06-30,2025-09-22,208
9,CTS-001,RETAIL,2025-07-28,306.0,HW_Damped_Add,322.73975361131784,2021-07-05,2025-06-23,2025-06-30,2025-09-22,208
9,CTS-001,RETAIL,2025-08-04,300.0,HW_Damped_Add,318.09673120714,2021-07-05,2025-06-23,2025-06-30,2025-09-22,208
9,CTS-001,RETAIL,2025-08-11,325.0,HW_Damped_Add,321.67028856299686,2021-07-05,2025-06-23,2025-06-30,2025-09-22,208
9,CTS-001,RETAIL,2025-08-18,304.0,HW_Damped_Add,320.4677525133919,2021-07-05,2025-06-23,2025-06-30,2025-09-22,208
9,CTS-001,RETAIL,2025-08-25,316.0,HW_Damped_Add,344.3405977275599,2021-07-05,2025-06-23,2025-06-30,2025-09-22,208
9,CTS-001,RETAIL,2025-09-01,423.0,HW_Damped_Add,351.40091893095445,2021-07-05,2025-06-23,2025-06-30,2025-09-22,208
9,CTS-001,RETAIL,2025-09-08,380.0,HW_Damped_Add,384.8025423495185,2021-07-05,2025-06-23,2025-06-30,2025-09-22,208
9,CTS-001,RETAIL,2025-09-15,451.00000000000006,HW_Damped_Add,398.73300902257455,2021-07-05,2025-06-23,2025-06-30,2025-09-22,208
9,CTS-001,RETAIL,2025-09-22,389.0,HW_Damped_Add,389.0536051332713,2021-07-05,2025-06-23,2025-06-30,2025-09-22,208
9,CTS-001,RETAIL,2025-06-30,316.0,HW_Damped_Mul,287.20816699169603,2021-07-05,2025-06-23,2025-06-30,2025-09-22,208
9,CTS-001,RETAIL,2025-07-07,320.0,HW_Damped_Mul,313.32705227766996,2021-07-05,2025-06-23,2025-06-30,2025-09-22,208
9,CTS-001,RETAIL,2025-07-14,324.0,HW_Damped_Mul,277.158640419276,2021-07-05,2025-06-23,2025-06-30,2025-09-22,208
9,CTS-001,RETAIL,2025-07-21,289.0,HW_Damped_Mul,290.3982851490283,2021-07-05,2025-06-23,2025-06-30,2025-09-22,208
9,CTS-001,RETAIL,2025-07-28,306.0,HW_Damped_Mul,325.2917245874932,2021-07-05,2025-06-23,2025-06-30,2025-09-22,208
9,CTS-001,RETAIL,2025-08-04,300.0,HW_Damped_Mul,320.0207682661499,2021-07-05,2025-06-23,2025-06-30,2025-09-22,208
9,CTS-001,RETAIL,2025-08-11,325.0,HW_Damped_Mul,324.381813210508,2021-07-05,2025-06-23,2025-06-30,2025-09-22,208
9,CTS-001,RETAIL,2025-08-18,304.0,HW_Damped_Mul,322.8089411243677,2021-07-05,2025-06-23,2025-06-30,2025-09-22,208
9,CTS-001,RETAIL,2025-08-25,316.0,HW_Damped_Mul,350.87546191863396,2021-07-05,2025-06-23,2025-06-30,2025-09-22,208
9,CTS-001,RETAIL,2025-09-01,423.0,HW_Damped_Mul,359.2426237995688,2021-07-05,2025-06-23,2025-06-30,2025-09-22,208
9,CTS-001,RETAIL,2025-09-08,380.0,HW_Damped_Mul,396.70329290891715,2021-07-05,2025-06-23,2025-06-30,2025-09-22,208
9,CTS-001,RETAIL,2025-09-15,451.00000000000006,HW_Damped_Mul,412.99067688231094,2021-07-05,2025-06-23,2025-06-30,2025-09-22,208
9,CTS-001,RETAIL,2025-09-22,389.0,HW_Damped_Mul,400.8224183315229,2021-07-05,2025-06-23,2025-06-30,2025-09-22,208
10,CTS-001,RETAIL,2025-09-29,381.0,HW_Add_Add,424.10985431774054,2021-07-05,2025-09-22,2025-09-29,2025-12-22,221
10,CTS-001,RETAIL,2025-10-06,424.0,HW_Add_Add,438.3744738456592,2021-07-05,2025-09-22,2025-09-29,2025-12-22,221
10,CTS-001,RETAIL,2025-10-13,437.00000000000006,HW_Add_Add,493.3521022216529,2021-07-05,2025-09-22,2025-09-29,2025-12-22,221
10,CTS-001,RETAIL,2025-10-20,443.0,HW_Add_Add,436.8530103162412,2021-07-05,2025-09-22,2025-09-29,2025-12-22,221
10,CTS-001,RETAIL,2025-10-27,466.0,HW_Add_Add,436.9042923442885,2021-07-05,2025-09-22,2025-09-29,2025-12-22,221
10,CTS-001,RETAIL,2025-11-03,434.00000000000006,HW_Add_Add,430.3906058120056,2021-07-05,2025-09-22,2025-09-29,2025-12-22,221
10,CTS-001,RETAIL,2025-11-10,421.0,HW_Add_Add,459.8803773257119,2021-07-05,2025-09-22,2025-09-29,2025-12-22,221
10,CTS-001,RETAIL,2025-11-17,480.0,HW_Add_Add,508.5187653906676,2021-07-05,2025-09-22,2025-09-29,2025-12-22,221
10,CTS-001,RETAIL,2025-11-24,556.0,HW_Add_Add,509.00224836141376,2021-07-05,2025-09-22,2025-09-29,2025-12-22,221
10,CTS-001,RETAIL,2025-12-01,443.40195526588406,HW_Add_Add,423.7537929658731,2021-07-05,2025-09-22,2025-09-29,2025-12-22,221
10,CTS-001,RETAIL,2025-12-08,432.5081593166295,HW_Add_Add,458.09645738705086,2021-07-05,2025-09-22,2025-09-29,2025-12-22,221
10,CTS-001,RETAIL,2025-12-15,454.156702234229,HW_Add_Add,443.06210680206243,2021-07-05,2025-09-22,2025-09-29,2025-12-22,221
10,CTS-001,RETAIL,2025-12-22,509.46629350396233,HW_Add_Add,434.9090995939863,2021-07-05,2025-09-22,2025-09-29,2025-12-22,221
10,CTS-001,RETAIL,2025-09-29,381.0,HW_Damped_Add,422.5441320470568,2021-07-05,2025-09-22,2025-09-29,2025-12-22,221
10,CTS-001,RETAIL,2025-10-06,424.0,HW_Damped_Add,436.6285383915196,2021-07-05,2025-09-22,2025-09-29,2025-12-22,221
10,CTS-001,RETAIL,2025-10-13,437.00000000000006,HW_Damped_Add,491.4241518271108,2021-07-05,2025-09-22,2025-09-29,2025-12-22,221
10,CTS-001,RETAIL,2025-10-20,443.0,HW_Damped_Add,434.7258777489585,2021-07-05,2025-09-22,2025-09-29,2025-12-22,221
10,CTS-001,RETAIL,2025-10-27,466.0,HW_Damped_Add,434.5995077120891,2021-07-05,2025-09-22,2025-09-29,2025-12-22,221
10,CTS-001,RETAIL,2025-11-03,434.00000000000006,HW_Damped_Add,427.88175643455463,2021-07-05,2025-09-22,2025-09-29,2025-12-22,221
10,CTS-001,RETAIL,2025-11-10,421.0,HW_Damped_Add,457.1764712433738,2021-07-05,2025-09-22,2025-09-29,2025-12-22,221
10,CTS-001,RETAIL,2025-11-17,480.0,HW_Damped_Add,505.66959977687344,2021-07-05,2025-09-22,2025-09-29,2025-12-22,221
10,CTS-001,RETAIL,2025-11-24,556.0,HW_Damped_Add,505.9807184457644,2021-07-05,2025-09-22,2025-09-29,2025-12-22,221
10,CTS-001,RETAIL,2025-12-01,443.40195526588406,HW_Damped_Add,420.5434094140322,2021-07-05,2025-09-22,2025-09-29,2025-12-22,221
10,CTS-001,RETAIL,2025-12-08,432.5081593166295,HW_Damped_Add,454.69649294144585,2021-07-05,2025-09-22,2025-09-29,2025-12-22,221
10,CTS-001,RETAIL,2025-12-15,454.156702234229,HW_Damped_Add,439.4965664270662,2021-07-05,2025-09-22,2025-09-29,2025-12-22,221
10,CTS-001,RETAIL,2025-12-22,509.46629350396233,HW_Damped_Add,431.16704193712974,2021-07-05,2025-09-22,2025-09-29,2025-12-22,221
10,CTS-001,RETAIL,2025-09-29,381.0,HW_Damped_Mul,430.9690720095823,2021-07-05,2025-09-22,2025-09-29,2025-12-22,221
10,CTS-001,RETAIL,2025-10-06,424.0,HW_Damped_Mul,447.62106262534337,2021-07-05,2025-09-22,2025-09-29,2025-12-22,221
10,CTS-001,RETAIL,2025-10-13,437.00000000000006,HW_Damped_Mul,510.7275419211007,2021-07-05,2025-09-22,2025-09-29,2025-12-22,221
10,CTS-001,RETAIL,2025-10-20,443.0,HW_Damped_Mul,446.1687837078836,2021-07-05,2025-09-22,2025-09-29,2025-12-22,221
10,CTS-001,RETAIL,2025-10-27,466.0,HW_Damped_Mul,447.4969675463133,2021-07-05,2025-09-22,2025-09-29,2025-12-22,221
10,CTS-001,RETAIL,2025-11-03,434.00000000000006,HW_Damped_Mul,438.0795133645304,2021-07-05,2025-09-22,2025-09-29,2025-12-22,221
10,CTS-001,RETAIL,2025-11-10,421.0,HW_Damped_Mul,471.644996270514,2021-07-05,2025-09-22,2025-09-29,2025-12-22,221
10,CTS-001,RETAIL,2025-11-17,480.0,HW_Damped_Mul,527.3152146430572,2021-07-05,2025-09-22,2025-09-29,2025-12-22,221
10,CTS-001,RETAIL,2025-11-24,556.0,HW_Damped_Mul,528.7510117558005,2021-07-05,2025-09-22,2025-09-29,2025-12-22,221
10,CTS-001,RETAIL,2025-12-01,443.40195526588406,HW_Damped_Mul,429.6639474856601,2021-07-05,2025-09-22,2025-09-29,2025-12-22,221
10,CTS-001,RETAIL,2025-12-08,432.5081593166295,HW_Damped_Mul,466.5986984511899,2021-07-05,2025-09-22,2025-09-29,2025-12-22,221
10,CTS-001,RETAIL,2025-12-15,454.156702234229,HW_Damped_Mul,450.6852847326473,2021-07-05,2025-09-22,2025-09-29,2025-12-22,221
10,CTS-001,RETAIL,2025-12-22,509.46629350396233,HW_Damped_Mul,441.53632187828936,2021-07-05,2025-09-22,2025-09-29,2025-12-22,221
11,CTS-001,RETAIL,2025-12-29,366.8636605839308,HW_Add_Add,290.8009610673388,2021-07-05,2025-12-22,2025-12-29,2026-03-23,234
11,CTS-001,RETAIL,2026-01-05,252.0444937388803,HW_Add_Add,262.70760283320413,2021-07-05,2025-12-22,2025-12-29,2026-03-23,234
11,CTS-001,RETAIL,2026-01-12,273.0852498374759,HW_Add_Add,300.2817286657335,2021-07-05,2025-12-22,2025-12-29,2026-03-23,234
11,CTS-001,RETAIL,2026-01-19,291.0,HW_Add_Add,281.82094072552394,2021-07-05,2025-12-22,2025-12-29,2026-03-23,234
11,CTS-001,RETAIL,2026-01-26,282.1212422516274,HW_Add_Add,283.06853326679305,2021-07-05,2025-12-22,2025-12-29,2026-03-23,234
11,CTS-001,RETAIL,2026-02-02,283.0,HW_Add_Add,294.5898874759783,2021-07-05,2025-12-22,2025-12-29,2026-03-23,234
11,CTS-001,RETAIL,2026-02-09,240.0,HW_Add_Add,311.94098217525317,2021-07-05,2025-12-22,2025-12-29,2026-03-23,234
11,CTS-001,RETAIL,2026-02-16,321.0,HW_Add_Add,308.8553911738516,2021-07-05,2025-12-22,2025-12-29,2026-03-23,234
11,CTS-001,RETAIL,2026-02-23,257.0,HW_Add_Add,299.21610486556443,2021-07-05,2025-12-22,2025-12-29,2026-03-23,234
11,CTS-001,RETAIL,2026-03-02,293.0,HW_Add_Add,326.7022960047568,2021-07-05,2025-12-22,2025-12-29,2026-03-23,234
11,CTS-001,RETAIL,2026-03-09,295.0,HW_Add_Add,311.0302509000292,2021-07-05,2025-12-22,2025-12-29,2026-03-23,234
11,CTS-001,RETAIL,2026-03-16,287.0,HW_Add_Add,302.46360206990335,2021-07-05,2025-12-22,2025-12-29,2026-03-23,234
11,CTS-001,RETAIL,2026-03-23,235.0,HW_Add_Add,293.72477895811926,2021-07-05,2025-12-22,2025-12-29,2026-03-23,234
11,CTS-001,RETAIL,2025-12-29,366.8636605839308,HW_Damped_Add,289.3876717112766,2021-07-05,2025-12-22,2025-12-29,2026-03-23,234
11,CTS-001,RETAIL,2026-01-05,252.0444937388803,HW_Damped_Add,260.51406337638275,2021-07-05,2025-12-22,2025-12-29,2026-03-23,234
11,CTS-001,RETAIL,2026-01-12,273.0852498374759,HW_Damped_Add,298.2780296708717,2021-07-05,2025-12-22,2025-12-29,2026-03-23,234
11,CTS-001,RETAIL,2026-01-19,291.0,HW_Damped_Add,279.3933327001292,2021-07-05,2025-12-22,2025-12-29,2026-03-23,234
11,CTS-001,RETAIL,2026-01-26,282.1212422516274,HW_Damped_Add,280.3810531037513,2021-07-05,2025-12-22,2025-12-29,2026-03-23,234
11,CTS-001,RETAIL,2026-02-02,283.0,HW_Damped_Add,291.7982182341294,2021-07-05,2025-12-22,2025-12-29,2026-03-23,234
11,CTS-001,RETAIL,2026-02-09,240.0,HW_Damped_Add,309.150588302806,2021-07-05,2025-12-22,2025-12-29,2026-03-23,234
11,CTS-001,RETAIL,2026-02-16,321.0,HW_Damped_Add,305.72475509458485,2021-07-05,2025-12-22,2025-12-29,2026-03-23,234
11,CTS-001,RETAIL,2026-02-23,257.0,HW_Damped_Add,295.8863236443253,2021-07-05,2025-12-22,2025-12-29,2026-03-23,234
11,CTS-001,RETAIL,2026-03-02,293.0,HW_Damped_Add,323.56488808352896,2021-07-05,2025-12-22,2025-12-29,2026-03-23,234
11,CTS-001,RETAIL,2026-03-09,295.0,HW_Damped_Add,307.7086279860772,2021-07-05,2025-12-22,2025-12-29,2026-03-23,234
11,CTS-001,RETAIL,2026-03-16,287.0,HW_Damped_Add,298.7431057459121,2021-07-05,2025-12-22,2025-12-29,2026-03-23,234
11,CTS-001,RETAIL,2026-03-23,235.0,HW_Damped_Add,290.0180297185762,2021-07-05,2025-12-22,2025-12-29,2026-03-23,234
11,CTS-001,RETAIL,2025-12-29,366.8636605839308,HW_Damped_Mul,272.78893119162734,2021-07-05,2025-12-22,2025-12-29,2026-03-23,234
11,CTS-001,RETAIL,2026-01-05,252.0444937388803,HW_Damped_Mul,236.76279703042673,2021-07-05,2025-12-22,2025-12-29,2026-03-23,234
11,CTS-001,RETAIL,2026-01-12,273.0852498374759,HW_Damped_Mul,283.23364874538305,2021-07-05,2025-12-22,2025-12-29,2026-03-23,234
11,CTS-001,RETAIL,2026-01-19,291.0,HW_Damped_Mul,259.1394342970661,2021-07-05,2025-12-22,2025-12-29,2026-03-23,234
11,CTS-001,RETAIL,2026-01-26,282.1212422516274,HW_Damped_Mul,259.27249359363475,2021-07-05,2025-12-22,2025-12-29,2026-03-23,234
11,CTS-001,RETAIL,2026-02-02,283.0,HW_Damped_Mul,272.42101218798945,2021-07-05,2025-12-22,2025-12-29,2026-03-23,234
11,CTS-001,RETAIL,2026-02-09,240.0,HW_Damped_Mul,292.70208900278664,2021-07-05,2025-12-22,2025-12-29,2026-03-23,234
11,CTS-001,RETAIL,2026-02-16,321.0,HW_Damped_Mul,286.979970190095,2021-07-05,2025-12-22,2025-12-29,2026-03-23,234
11,CTS-001,RETAIL,2026-02-23,257.0,HW_Damped_Mul,277.37212512579094,2021-07-05,2025-12-22,2025-12-29,2026-03-23,234
11,CTS-001,RETAIL,2026-03-02,293.0,HW_Damped_Mul,308.88614500940145,2021-07-05,2025-12-22,2025-12-29,2026-03-23,234
11,CTS-001,RETAIL,2026-03-09,295.0,HW_Damped_Mul,291.3625056326462,2021-07-05,2025-12-22,2025-12-29,2026-03-23,234
11,CTS-001,RETAIL,2026-03-16,287.0,HW_Damped_Mul,277.58018939577045,2021-07-05,2025-12-22,2025-12-29,2026-03-23,234
11,CTS-001,RETAIL,2026-03-23,235.0,HW_Damped_Mul,270.597566695899,2021-07-05,2025-12-22,2025-12-29,2026-03-23,234
12,CTS-001,RETAIL,2026-03-30,279.0,HW_Add_Add,316.77522279777395,2021-07-05,2026-03-23,2026-03-30,2026-06-22,247
12,CTS-001,RETAIL,2026-04-06,296.0,HW_Add_Add,307.73987333004385,2021-07-05,2026-03-23,2026-03-30,2026-06-22,247
12,CTS-001,RETAIL,2026-04-13,297.0,HW_Add_Add,299.45312656484407,2021-07-05,2026-03-23,2026-03-30,2026-06-22,247
12,CTS-001,RETAIL,2026-04-20,304.0,HW_Add_Add,298.12251852638445,2021-07-05,2026-03-23,2026-03-30,2026-06-22,247
12,CTS-001,RETAIL,2026-04-27,318.0,HW_Add_Add,295.62263988154234,2021-07-05,2026-03-23,2026-03-30,2026-06-22,247
12,CTS-001,RETAIL,2026-05-04,340.0,HW_Add_Add,322.1311842533768,2021-07-05,2026-03-23,2026-03-30,2026-06-22,247
12,CTS-001,RETAIL,2026-05-11,393.0763632245655,HW_Add_Add,337.16337632791425,2021-07-05,2026-03-23,2026-03-30,2026-06-22,247
12,CTS-001,RETAIL,2026-05-18,321.0,HW_Add_Add,326.77721351050326,2021-07-05,2026-03-23,2026-03-30,2026-06-22,247
12,CTS-001,RETAIL,2026-05-25,317.0,HW_Add_Add,327.6811214100115,2021-07-05,2026-03-23,2026-03-30,2026-06-22,247
12,CTS-001,RETAIL,2026-06-01,314.3113462239036,HW_Add_Add,316.755316671046,2021-07-05,2026-03-23,2026-03-30,2026-06-22,247
12,CTS-001,RETAIL,2026-06-08,299.0,HW_Add_Add,321.69644868208866,2021-07-05,2026-03-23,2026-03-30,2026-06-22,247
12,CTS-001,RETAIL,2026-06-15,340.00000000000006,HW_Add_Add,318.1503709218513,2021-07-05,2026-03-23,2026-03-30,2026-06-22,247
12,CTS-001,RETAIL,2026-06-22,315.3226738776333,HW_Add_Add,314.73209928989826,2021-07-05,2026-03-23,2026-03-30,2026-06-22,247
12,CTS-001,RETAIL,2026-03-30,279.0,HW_Damped_Add,313.20160431084116,2021-07-05,2026-03-23,2026-03-30,2026-06-22,247
12,CTS-001,RETAIL,2026-04-06,296.0,HW_Damped_Add,303.45170231398544,2021-07-05,2026-03-23,2026-03-30,2026-06-22,247
12,CTS-001,RETAIL,2026-04-13,297.0,HW_Damped_Add,294.78886829468337,2021-07-05,2026-03-23,2026-03-30,2026-06-22,247
12,CTS-001,RETAIL,2026-04-20,304.0,HW_Damped_Add,292.95437213784214,2021-07-05,2026-03-23,2026-03-30,2026-06-22,247
12,CTS-001,RETAIL,2026-04-27,318.0,HW_Damped_Add,290.1131831607797,2021-07-05,2026-03-23,2026-03-30,2026-06-22,247
12,CTS-001,RETAIL,2026-05-04,340.0,HW_Damped_Add,316.1341425885689,2021-07-05,2026-03-23,2026-03-30,2026-06-22,247
12,CTS-001,RETAIL,2026-05-11,393.0763632245655,HW_Damped_Add,330.78209625549147,2021-07-05,2026-03-23,2026-03-30,2026-06-22,247
12,CTS-001,RETAIL,2026-05-18,321.0,HW_Damped_Add,319.9967689442694,2021-07-05,2026-03-23,2026-03-30,2026-06-22,247
12,CTS-001,RETAIL,2026-05-25,317.0,HW_Damped_Add,320.4536015546306,2021-07-05,2026-03-23,2026-03-30,2026-06-22,247
12,CTS-001,RETAIL,2026-06-01,314.3113462239036,HW_Damped_Add,309.16691777095093,2021-07-05,2026-03-23,2026-03-30,2026-06-22,247
12,CTS-001,RETAIL,2026-06-08,299.0,HW_Damped_Add,313.66966270196843,2021-07-05,2026-03-23,2026-03-30,2026-06-22,247
12,CTS-001,RETAIL,2026-06-15,340.00000000000006,HW_Damped_Add,309.84988221637644,2021-07-05,2026-03-23,2026-03-30,2026-06-22,247
12,CTS-001,RETAIL,2026-06-22,315.3226738776333,HW_Damped_Add,306.0316493961295,2021-07-05,2026-03-23,2026-03-30,2026-06-22,247
12,CTS-001,RETAIL,2026-03-30,279.0,HW_Damped_Mul,312.4797726393403,2021-07-05,2026-03-23,2026-03-30,2026-06-22,247
12,CTS-001,RETAIL,2026-04-06,296.0,HW_Damped_Mul,305.83381653889546,2021-07-05,2026-03-23,2026-03-30,2026-06-22,247
12,CTS-001,RETAIL,2026-04-13,297.0,HW_Damped_Mul,294.09250784116114,2021-07-05,2026-03-23,2026-03-30,2026-06-22,247
12,CTS-001,RETAIL,2026-04-20,304.0,HW_Damped_Mul,293.60884382748276,2021-07-05,2026-03-23,2026-03-30,2026-06-22,247
12,CTS-001,RETAIL,2026-04-27,318.0,HW_Damped_Mul,289.00718653158486,2021-07-05,2026-03-23,2026-03-30,2026-06-22,247
12,CTS-001,RETAIL,2026-05-04,340.0,HW_Damped_Mul,319.02050386357246,2021-07-05,2026-03-23,2026-03-30,2026-06-22,247
12,CTS-001,RETAIL,2026-05-11,393.0763632245655,HW_Damped_Mul,335.9525688672673,2021-07-05,2026-03-23,2026-03-30,2026-06-22,247
12,CTS-001,RETAIL,2026-05-18,321.0,HW_Damped_Mul,323.5680008379987,2021-07-05,2026-03-23,2026-03-30,2026-06-22,247
12,CTS-001,RETAIL,2026-05-25,317.0,HW_Damped_Mul,325.30238749028706,2021-07-05,2026-03-23,2026-03-30,2026-06-22,247
12,CTS-001,RETAIL,2026-06-01,314.3113462239036,HW_Damped_Mul,313.03259483688885,2021-07-05,2026-03-23,2026-03-30,2026-06-22,247
12,CTS-001,RETAIL,2026-06-08,299.0,HW_Damped_Mul,317.78330550974243,2021-07-05,2026-03-23,2026-03-30,2026-06-22,247
12,CTS-001,RETAIL,2026-06-15,340.00000000000006,HW_Damped_Mul,312.9683590807462,2021-07-05,2026-03-23,2026-03-30,2026-06-22,247
12,CTS-001,RETAIL,2026-06-22,315.3226738776333,HW_Damped_Mul,309.3748256142874,2021-07-05,2026-03-23,2026-03-30,2026-06-22,247
1,CTS-001,WHOLESALE,2023-07-03,192.0,HW_Add_Add,257.8766305167768,2021-07-05,2023-06-26,2023-07-03,2023-09-25,104
1,CTS-001,WHOLESALE,2023-07-10,323.0,HW_Add_Add,322.89426666320236,2021-07-05,2023-06-26,2023-07-03,2023-09-25,104
1,CTS-001,WHOLESALE,2023-07-17,285.0,HW_Add_Add,273.3959468701184,2021-07-05,2023-06-26,2023-07-03,2023-09-25,104
1,CTS-001,WHOLESALE,2023-07-24,316.0,HW_Add_Add,235.8900833855571,2021-07-05,2023-06-26,2023-07-03,2023-09-25,104
1,CTS-001,WHOLESALE,2023-07-31,206.0,HW_Add_Add,315.3835341283383,2021-07-05,2023-06-26,2023-07-03,2023-09-25,104
1,CTS-001,WHOLESALE,2023-08-07,275.0,HW_Add_Add,219.86254563734786,2021-07-05,2023-06-26,2023-07-03,2023-09-25,104
1,CTS-001,WHOLESALE,2023-08-14,287.0,HW_Add_Add,243.86362913799235,2021-07-05,2023-06-26,2023-07-03,2023-09-25,104
1,CTS-001,WHOLESALE,2023-08-21,272.63628770353074,HW_Add_Add,298.1476874172755,2021-07-05,2023-06-26,2023-07-03,2023-09-25,104
1,CTS-001,WHOLESALE,2023-08-28,250.5,HW_Add_Add,322.8480322950993,2021-07-05,2023-06-26,2023-07-03,2023-09-25,104
1,CTS-001,WHOLESALE,2023-09-04,357.0,HW_Add_Add,371.851024289385,2021-07-05,2023-06-26,2023-07-03,2023-09-25,104
1,CTS-001,WHOLESALE,2023-09-11,356.0,HW_Add_Add,353.8630393448148,2021-07-05,2023-06-26,2023-07-03,2023-09-25,104
1,CTS-001,WHOLESALE,2023-09-18,258.0,HW_Add_Add,380.36342475449646,2021-07-05,2023-06-26,2023-07-03,2023-09-25,104
1,CTS-001,WHOLESALE,2023-09-25,407.0,HW_Add_Add,391.3883815001371,2021-07-05,2023-06-26,2023-07-03,2023-09-25,104
1,CTS-001,WHOLESALE,2023-07-03,192.0,HW_Damped_Add,264.4630018067845,2021-07-05,2023-06-26,2023-07-03,2023-09-25,104
1,CTS-001,WHOLESALE,2023-07-10,323.0,HW_Damped_Add,327.6495942770441,2021-07-05,2023-06-26,2023-07-03,2023-09-25,104
1,CTS-001,WHOLESALE,2023-07-17,285.0,HW_Damped_Add,276.42351340062896,2021-07-05,2023-06-26,2023-07-03,2023-09-25,104
1,CTS-001,WHOLESALE,2023-07-24,316.0,HW_Damped_Add,237.2345079638696,2021-07-05,2023-06-26,2023-07-03,2023-09-25,104
1,CTS-001,WHOLESALE,2023-07-31,206.0,HW_Damped_Add,315.11381968290243,2021-07-05,2023-06-26,2023-07-03,2023-09-25,104
1,CTS-001,WHOLESALE,2023-08-07,275.0,HW_Damped_Add,218.17299066107816,2021-07-05,2023-06-26,2023-07-03,2023-09-25,104
1,CTS-001,WHOLESALE,2023-08-14,287.0,HW_Damped_Add,240.7216537635906,2021-07-05,2023-06-26,2023-07-03,2023-09-25,104
1,CTS-001,WHOLESALE,2023-08-21,272.63628770353074,HW_Damped_Add,293.7597502111539,2021-07-05,2023-06-26,2023-07-03,2023-09-25,104
1,CTS-001,WHOLESALE,2023-08-28,250.5,HW_Damped_Add,317.186141520874,2021-07-05,2023-06-26,2023-07-03,2023-09-25,104
1,CTS-001,WHOLESALE,2023-09-04,357.0,HW_Damped_Add,365.03134502517725,2021-07-05,2023-06-26,2023-07-03,2023-09-25,104
1,CTS-001,WHOLESALE,2023-09-11,356.0,HW_Damped_Add,345.863904243677,2021-07-05,2023-06-26,2023-07-03,2023-09-25,104
1,CTS-001,WHOLESALE,2023-09-18,258.0,HW_Damped_Add,371.3406802296597,2021-07-05,2023-06-26,2023-07-03,2023-09-25,104
1,CTS-001,WHOLESALE,2023-09-25,407.0,HW_Damped_Add,381.3717585314024,2021-07-05,2023-06-26,2023-07-03,2023-09-25,104
1,CTS-001,WHOLESALE,2023-07-03,192.0,HW_Damped_Mul,259.44784020192236,2021-07-05,2023-06-26,2023-07-03,2023-09-25,104
1,CTS-001,WHOLESALE,2023-07-10,323.0,HW_Damped_Mul,332.9208961431134,2021-07-05,2023-06-26,2023-07-03,2023-09-25,104
1,CTS-001,WHOLESALE,2023-07-17,285.0,HW_Damped_Mul,277.9628813462613,2021-07-05,2023-06-26,2023-07-03,2023-09-25,104
1,CTS-001,WHOLESALE,2023-07-24,316.0,HW_Damped_Mul,232.55934542480855,2021-07-05,2023-06-26,2023-07-03,2023-09-25,104
1,CTS-001,WHOLESALE,2023-07-31,206.0,HW_Damped_Mul,314.7089300707791,2021-07-05,2023-06-26,2023-07-03,2023-09-25,104
1,CTS-001,WHOLESALE,2023-08-07,275.0,HW_Damped_Mul,211.71357177345453,2021-07-05,2023-06-26,2023-07-03,2023-09-25,104
1,CTS-001,WHOLESALE,2023-08-14,287.0,HW_Damped_Mul,233.71669664449257,2021-07-05,2023-06-26,2023-07-03,2023-09-25,104
1,CTS-001,WHOLESALE,2023-08-21,272.63628770353074,HW_Damped_Mul,295.13782242021995,2021-07-05,2023-06-26,2023-07-03,2023-09-25,104
1,CTS-001,WHOLESALE,2023-08-28,250.5,HW_Damped_Mul,319.585164876048,2021-07-05,2023-06-26,2023-07-03,2023-09-25,104
1,CTS-001,WHOLESALE,2023-09-04,357.0,HW_Damped_Mul,372.105117743294,2021-07-05,2023-06-26,2023-07-03,2023-09-25,104
1,CTS-001,WHOLESALE,2023-09-11,356.0,HW_Damped_Mul,349.19520468986093,2021-07-05,2023-06-26,2023-07-03,2023-09-25,104
1,CTS-001,WHOLESALE,2023-09-18,258.0,HW_Damped_Mul,377.86888439282535,2021-07-05,2023-06-26,2023-07-03,2023-09-25,104
1,CTS-001,WHOLESALE,2023-09-25,407.0,HW_Damped_Mul,388.9562800841211,2021-07-05,2023-06-26,2023-07-03,2023-09-25,104
2,CTS-001,WHOLESALE,2023-10-02,384.0,HW_Add_Add,418.3230564524278,2021-07-05,2023-09-25,2023-10-02,2023-12-25,117
2,CTS-001,WHOLESALE,2023-10-09,274.0,HW_Add_Add,400.3201308727948,2021-07-05,2023-09-25,2023-10-02,2023-12-25,117
2,CTS-001,WHOLESALE,2023-10-16,302.0,HW_Add_Add,382.8255618328448,2021-07-05,2023-09-25,2023-10-02,2023-12-25,117
2,CTS-001,WHOLESALE,2023-10-23,407.3346335085446,HW_Add_Add,330.82635457222887,2021-07-05,2023-09-25,2023-10-02,2023-12-25,117
2,CTS-001,WHOLESALE,2023-10-30,403.0,HW_Add_Add,450.3221146705419,2021-07-05,2023-09-25,2023-10-02,2023-12-25,117
2,CTS-001,WHOLESALE,2023-11-06,377.0,HW_Add_Add,402.3213738454251,2021-07-05,2023-09-25,2023-10-02,2023-12-25,117
2,CTS-001,WHOLESALE,2023-11-13,263.0,HW_Add_Add,476.6888180270971,2021-07-05,2023-09-25,2023-10-02,2023-12-25,117
2,CTS-001,WHOLESALE,2023-11-20,548.0,HW_Add_Add,473.3779977772838,2021-07-05,2023-09-25,2023-10-02,2023-12-25,117
2,CTS-001,WHOLESALE,2023-11-27,318.0,HW_Add_Add,509.30907427072543,2021-07-05,2023-09-25,2023-10-02,2023-12-25,117
2,CTS-001,WHOLESALE,2023-12-04,334.0,HW_Add_Add,390.8128552704711,2021-07-05,2023-09-25,2023-10-02,2023-12-25,117
2,CTS-001,WHOLESALE,2023-12-11,265.0,HW_Add_Add,381.8457495300964,2021-07-05,2023-09-25,2023-10-02,2023-12-25,117
2,CTS-001,WHOLESALE,2023-12-18,283.0,HW_Add_Add,411.3103369090465,2021-07-05,2023-09-25,2023-10-02,2023-12-25,117
2,CTS-001,WHOLESALE,2023-12-25,125.0,HW_Add_Add,367.26016105646744,2021-07-05,2023-09-25,2023-10-02,2023-12-25,117
2,CTS-001,WHOLESALE,2023-10-02,384.0,HW_Damped_Add,418.69471786401573,2021-07-05,2023-09-25,2023-10-02,2023-12-25,117
2,CTS-001,WHOLESALE,2023-10-09,274.0,HW_Damped_Add,397.3581699977652,2021-07-05,2023-09-25,2023-10-02,2023-12-25,117
2,CTS-001,WHOLESALE,2023-10-16,302.0,HW_Damped_Add,379.18507077898397,2021-07-05,2023-09-25,2023-10-02,2023-12-25,117
2,CTS-001,WHOLESALE,2023-10-23,407.3346335085446,HW_Damped_Add,327.92466387972064,2021-07-05,2023-09-25,2023-10-02,2023-12-25,117
2,CTS-001,WHOLESALE,2023-10-30,403.0,HW_Damped_Add,447.33978458359445,2021-07-05,2023-09-25,2023-10-02,2023-12-25,117
2,CTS-001,WHOLESALE,2023-11-06,377.0,HW_Damped_Add,397.81320656529124,2021-07-05,2023-09-25,2023-10-02,2023-12-25,117
2,CTS-001,WHOLESALE,2023-11-13,263.0,HW_Damped_Add,470.5361201017928,2021-07-05,2023-09-25,2023-10-02,2023-12-25,117
2,CTS-001,WHOLESALE,2023-11-20,548.0,HW_Damped_Add,467.02338126604343,2021-07-05,2023-09-25,2023-10-02,2023-12-25,117
2,CTS-001,WHOLESALE,2023-11-27,318.0,HW_Damped_Add,501.0484105637107,2021-07-05,2023-09-25,2023-10-02,2023-12-25,117
2,CTS-001,WHOLESALE,2023-12-04,334.0,HW_Damped_Add,384.9933493516887,2021-07-05,2023-09-25,2023-10-02,2023-12-25,117
2,CTS-001,WHOLESALE,2023-12-11,265.0,HW_Damped_Add,376.5643468279551,2021-07-05,2023-09-25,2023-10-02,2023-12-25,117
2,CTS-001,WHOLESALE,2023-12-18,283.0,HW_Damped_Add,402.21873173428355,2021-07-05,2023-09-25,2023-10-02,2023-12-25,117
2,CTS-001,WHOLESALE,2023-12-25,125.0,HW_Damped_Add,356.91695884621953,2021-07-05,2023-09-25,2023-10-02,2023-12-25,117
2,CTS-001,WHOLESALE,2023-10-02,384.0,HW_Damped_Mul,429.86477588139513,2021-07-05,2023-09-25,2023-10-02,2023-12-25,117
2,CTS-001,WHOLESALE,2023-10-09,274.0,HW_Damped_Mul,405.5766079217891,2021-07-05,2023-09-25,2023-10-02,2023-12-25,117
2,CTS-001,WHOLESALE,2023-10-16,302.0,HW_Damped_Mul,386.57305418119785,2021-07-05,2023-09-25,2023-10-02,2023-12-25,117
2,CTS-001,WHOLESALE,2023-10-23,407.3346335085446,HW_Damped_Mul,333.6653476820903,2021-07-05,2023-09-25,2023-10-02,2023-12-25,117
2,CTS-001,WHOLESALE,2023-10-30,403.0,HW_Damped_Mul,458.3862290379226,2021-07-05,2023-09-25,2023-10-02,2023-12-25,117
2,CTS-001,WHOLESALE,2023-11-06,377.0,HW_Damped_Mul,406.10661712267597,2021-07-05,2023-09-25,2023-10-02,2023-12-25,117
2,CTS-001,WHOLESALE,2023-11-13,263.0,HW_Damped_Mul,481.1092209085476,2021-07-05,2023-09-25,2023-10-02,2023-12-25,117
2,CTS-001,WHOLESALE,2023-11-20,548.0,HW_Damped_Mul,477.18004591884477,2021-07-05,2023-09-25,2023-10-02,2023-12-25,117
2,CTS-001,WHOLESALE,2023-11-27,318.0,HW_Damped_Mul,511.7974153616112,2021-07-05,2023-09-25,2023-10-02,2023-12-25,117
2,CTS-001,WHOLESALE,2023-12-04,334.0,HW_Damped_Mul,391.6816373008946,2021-07-05,2023-09-25,2023-10-02,2023-12-25,117
2,CTS-001,WHOLESALE,2023-12-11,265.0,HW_Damped_Mul,382.67736554572406,2021-07-05,2023-09-25,2023-10-02,2023-12-25,117
2,CTS-001,WHOLESALE,2023-12-18,283.0,HW_Damped_Mul,408.98709112884586,2021-07-05,2023-09-25,2023-10-02,2023-12-25,117
2,CTS-001,WHOLESALE,2023-12-25,125.0,HW_Damped_Mul,362.3221087611885,2021-07-05,2023-09-25,2023-10-02,2023-12-25,117
3,CTS-001,WHOLESALE,2024-01-01,247.72901048021188,HW_Add_Add,120.14157412260364,2021-07-05,2023-12-25,2024-01-01,2024-03-25,130
3,CTS-001,WHOLESALE,2024-01-08,220.7534723190084,HW_Add_Add,67.89533027827972,2021-07-05,2023-12-25,2024-01-01,2024-03-25,130
3,CTS-001,WHOLESALE,2024-01-15,196.67472825871164,HW_Add_Add,158.59377920841456,2021-07-05,2023-12-25,2024-01-01,2024-03-25,130
3,CTS-001,WHOLESALE,2024-01-22,119.0,HW_Add_Add,124.467103865029,2021-07-05,2023-12-25,2024-01-01,2024-03-25,130
3,CTS-001,WHOLESALE,2024-01-29,200.25,HW_Add_Add,48.09747276486513,2021-07-05,2023-12-25,2024-01-01,2024-03-25,130
3,CTS-001,WHOLESALE,2024-02-05,207.0,HW_Add_Add,124.57352510931793,2021-07-05,2023-12-25,2024-01-01,2024-03-25,130
3,CTS-001,WHOLESALE,2024-02-12,185.0,HW_Add_Add,94.0595260152678,2021-07-05,2023-12-25,2024-01-01,2024-03-25,130
3,CTS-001,WHOLESALE,2024-02-19,275.0,HW_Add_Add,134.42938717403416,2021-07-05,2023-12-25,2024-01-01,2024-03-25,130
3,CTS-001,WHOLESALE,2024-02-26,283.75,HW_Add_Add,89.03068229901946,2021-07-05,2023-12-25,2024-01-01,2024-03-25,130
3,CTS-001,WHOLESALE,2024-03-04,272.0,HW_Add_Add,48.928658545136656,2021-07-05,2023-12-25,2024-01-01,2024-03-25,130
3,CTS-001,WHOLESALE,2024-03-11,221.0,HW_Add_Add,141.62094925630137,2021-07-05,2023-12-25,2024-01-01,2024-03-25,130
3,CTS-001,WHOLESALE,2024-03-18,279.5,HW_Add_Add,58.312936852628454,2021-07-05,2023-12-25,2024-01-01,2024-03-25,130
3,CTS-001,WHOLESALE,2024-03-25,178.0,HW_Add_Add,98.38642010162829,2021-07-05,2023-12-25,2024-01-01,2024-03-25,130
3,CTS-001,WHOLESALE,2024-01-01,247.72901048021188,HW_Damped_Add,111.58305817055823,2021-07-05,2023-12-25,2024-01-01,2024-03-25,130
3,CTS-001,WHOLESALE,2024-01-08,220.7534723190084,HW_Damped_Add,58.662779880001295,2021-07-05,2023-12-25,2024-01-01,2024-03-25,130
3,CTS-001,WHOLESALE,2024-01-15,196.67472825871164,HW_Damped_Add,148.70127548929761,2021-07-05,2023-12-25,2024-01-01,2024-03-25,130
3,CTS-001,WHOLESALE,2024-01-22,119.0,HW_Damped_Add,113.52149167196467,2021-07-05,2023-12-25,2024-01-01,2024-03-25,130
3,CTS-001,WHOLESALE,2024-01-29,200.25,HW_Damped_Add,38.940080356051794,2021-07-05,2023-12-25,2024-01-01,2024-03-25,130
3,CTS-001,WHOLESALE,2024-02-05,207.0,HW_Damped_Add,116.22946522526208,2021-07-05,2023-12-25,2024-01-01,2024-03-25,130
3,CTS-001,WHOLESALE,2024-02-12,185.0,HW_Damped_Add,86.35686419756479,2021-07-05,2023-12-25,2024-01-01,2024-03-25,130
3,CTS-001,WHOLESALE,2024-02-19,275.0,HW_Damped_Add,128.45182826747458,2021-07-05,2023-12-25,2024-01-01,2024-03-25,130
3,CTS-001,WHOLESALE,2024-02-26,283.75,HW_Damped_Add,86.37487607623424,2021-07-05,2023-12-25,2024-01-01,2024-03-25,130
3,CTS-001,WHOLESALE,2024-03-04,272.0,HW_Damped_Add,47.5786241051086,2021-07-05,2023-12-25,2024-01-01,2024-03-25,130
3,CTS-001,WHOLESALE,2024-03-11,221.0,HW_Damped_Add,144.09449940733595,2021-07-05,2023-12-25,2024-01-01,2024-03-25,130
3,CTS-001,WHOLESALE,2024-03-18,279.5,HW_Damped_Add,62.64790745242887,2021-07-05,2023-12-25,2024-01-01,2024-03-25,130
3,CTS-001,WHOLESALE,2024-03-25,178.0,HW_Damped_Add,106.78241534777563,2021-07-05,2023-12-25,2024-01-01,2024-03-25,130
3,CTS-001,WHOLESALE,2024-01-01,247.72901048021188,HW_Damped_Mul,160.65706211273445,2021-07-05,2023-12-25,2024-01-01,2024-03-25,130
3,CTS-001,WHOLESALE,2024-01-08,220.7534723190084,HW_Damped_Mul,126.20400077227241,2021-07-05,2023-12-25,2024-01-01,2024-03-25,130
3,CTS-001,WHOLESALE,2024-01-15,196.67472825871164,HW_Damped_Mul,192.15926917093918,2021-07-05,2023-12-25,2024-01-01,2024-03-25,130
3,CTS-001,WHOLESALE,2024-01-22,119.0,HW_Damped_Mul,168.1499089084572,2021-07-05,2023-12-25,2024-01-01,2024-03-25,130
3,CTS-001,WHOLESALE,2024-01-29,200.25,HW_Damped_Mul,117.0026241198334,2021-07-05,2023-12-25,2024-01-01,2024-03-25,130
3,CTS-001,WHOLESALE,2024-02-05,207.0,HW_Damped_Mul,172.11625456515867,2021-07-05,2023-12-25,2024-01-01,2024-03-25,130
3,CTS-001,WHOLESALE,2024-02-12,185.0,HW_Damped_Mul,152.76117136468403,2021-07-05,2023-12-25,2024-01-01,2024-03-25,130
3,CTS-001,WHOLESALE,2024-02-19,275.0,HW_Damped_Mul,183.42725892671388,2021-07-05,2023-12-25,2024-01-01,2024-03-25,130
3,CTS-001,WHOLESALE,2024-02-26,283.75,HW_Damped_Mul,152.83893667152725,2021-07-05,2023-12-25,2024-01-01,2024-03-25,130
3,CTS-001,WHOLESALE,2024-03-04,272.0,HW_Damped_Mul,130.2828541238707,2021-07-05,2023-12-25,2024-01-01,2024-03-25,130
3,CTS-001,WHOLESALE,2024-03-11,221.0,HW_Damped_Mul,193.56566898635438,2021-07-05,2023-12-25,2024-01-01,2024-03-25,130
3,CTS-001,WHOLESALE,2024-03-18,279.5,HW_Damped_Mul,141.55162694619517,2021-07-05,2023-12-25,2024-01-01,2024-03-25,130
3,CTS-001,WHOLESALE,2024-03-25,178.0,HW_Damped_Mul,168.73656413126525,2021-07-05,2023-12-25,2024-01-01,2024-03-25,130
4,CTS-001,WHOLESALE,2024-04-01,283.0,HW_Add_Add,332.3006623458044,2021-07-05,2024-03-25,2024-04-01,2024-06-24,143
4,CTS-001,WHOLESALE,2024-04-08,269.0301472993673,HW_Add_Add,259.48566627016857,2021-07-05,2024-03-25,2024-04-01,2024-06-24,143
4,CTS-001,WHOLESALE,2024-04-15,247.0,HW_Add_Add,214.3440622034469,2021-07-05,2024-03-25,2024-04-01,2024-06-24,143
4,CTS-001,WHOLESALE,2024-04-22,220.0,HW_Add_Add,258.10635501253785,2021-07-05,2024-03-25,2024-04-01,2024-06-24,143
4,CTS-001,WHOLESALE,2024-04-29,205.0,HW_Add_Add,279.0839512746975,2021-07-05,2024-03-25,2024-04-01,2024-06-24,143
4,CTS-001,WHOLESALE,2024-05-06,229.0,HW_Add_Add,311.6541805796176,2021-07-05,2024-03-25,2024-04-01,2024-06-24,143
4,CTS-001,WHOLESALE,2024-05-13,210.0,HW_Add_Add,261.9591448224874,2021-07-05,2024-03-25,2024-04-01,2024-06-24,143
4,CTS-001,WHOLESALE,2024-05-20,108.0,HW_Add_Add,158.15891241706584,2021-07-05,2024-03-25,2024-04-01,2024-06-24,143
4,CTS-001,WHOLESALE,2024-05-27,192.0,HW_Add_Add,280.39757687209834,2021-07-05,2024-03-25,2024-04-01,2024-06-24,143
4,CTS-001,WHOLESALE,2024-06-03,245.5,HW_Add_Add,300.74892926498194,2021-07-05,2024-03-25,2024-04-01,2024-06-24,143
4,CTS-001,WHOLESALE,2024-06-10,288.0,HW_Add_Add,216.83440496249963,2021-07-05,2024-03-25,2024-04-01,2024-06-24,143
4,CTS-001,WHOLESALE,2024-06-17,261.27315219205605,HW_Add_Add,235.72180216581063,2021-07-05,2024-03-25,2024-04-01,2024-06-24,143
4,CTS-001,WHOLESALE,2024-06-24,325.5,HW_Add_Add,284.4577930037791,2021-07-05,2024-03-25,2024-04-01,2024-06-24,143
4,CTS-001,WHOLESALE,2024-04-01,283.0,HW_Damped_Add,326.80181804520345,2021-07-05,2024-03-25,2024-04-01,2024-06-24,143
4,CTS-001,WHOLESALE,2024-04-08,269.0301472993673,HW_Damped_Add,254.23079814954917,2021-07-05,2024-03-25,2024-04-01,2024-06-24,143
4,CTS-001,WHOLESALE,2024-04-15,247.0,HW_Damped_Add,209.3689918388842,2021-07-05,2024-03-25,2024-04-01,2024-06-24,143
4,CTS-001,WHOLESALE,2024-04-22,220.0,HW_Damped_Add,253.3768461699629,2021-07-05,2024-03-25,2024-04-01,2024-06-24,143
4,CTS-001,WHOLESALE,2024-04-29,205.0,HW_Damped_Add,274.52401184880466,2021-07-05,2024-03-25,2024-04-01,2024-06-24,143
4,CTS-001,WHOLESALE,2024-05-06,229.0,HW_Damped_Add,307.2052738485889,2021-07-05,2024-03-25,2024-04-01,2024-06-24,143
4,CTS-001,WHOLESALE,2024-05-13,210.0,HW_Damped_Add,257.68054823369766,2021-07-05,2024-03-25,2024-04-01,2024-06-24,143
4,CTS-001,WHOLESALE,2024-05-20,108.0,HW_Damped_Add,153.9551687966568,2021-07-05,2024-03-25,2024-04-01,2024-06-24,143
4,CTS-001,WHOLESALE,2024-05-27,192.0,HW_Damped_Add,276.2195932160786,2021-07-05,2024-03-25,2024-04-01,2024-06-24,143
4,CTS-001,WHOLESALE,2024-06-03,245.5,HW_Damped_Add,296.61737418012706,2021-07-05,2024-03-25,2024-04-01,2024-06-24,143
4,CTS-001,WHOLESALE,2024-06-10,288.0,HW_Damped_Add,212.72658397420645,2021-07-05,2024-03-25,2024-04-01,2024-06-24,143
4,CTS-001,WHOLESALE,2024-06-17,261.27315219205605,HW_Damped_Add,231.58803143534183,2021-07-05,2024-03-25,2024-04-01,2024-06-24,143
4,CTS-001,WHOLESALE,2024-06-24,325.5,HW_Damped_Add,280.40228810354046,2021-07-05,2024-03-25,2024-04-01,2024-06-24,143
4,CTS-001,WHOLESALE,2024-04-01,283.0,HW_Damped_Mul,311.7297014972513,2021-07-05,2024-03-25,2024-04-01,2024-06-24,143
4,CTS-001,WHOLESALE,2024-04-08,269.0301472993673,HW_Damped_Mul,248.005515526179,2021-07-05,2024-03-25,2024-04-01,2024-06-24,143
4,CTS-001,WHOLESALE,2024-04-15,247.0,HW_Damped_Mul,209.06985763680674,2021-07-05,2024-03-25,2024-04-01,2024-06-24,143
4,CTS-001,WHOLESALE,2024-04-22,220.0,HW_Damped_Mul,246.8256374282918,2021-07-05,2024-03-25,2024-04-01,2024-06-24,143
4,CTS-001,WHOLESALE,2024-04-29,205.0,HW_Damped_Mul,264.7715567498998,2021-07-05,2024-03-25,2024-04-01,2024-06-24,143
4,CTS-001,WHOLESALE,2024-05-06,229.0,HW_Damped_Mul,293.3566489812083,2021-07-05,2024-03-25,2024-04-01,2024-06-24,143
4,CTS-001,WHOLESALE,2024-05-13,210.0,HW_Damped_Mul,248.83378389167135,2021-07-05,2024-03-25,2024-04-01,2024-06-24,143
4,CTS-001,WHOLESALE,2024-05-20,108.0,HW_Damped_Mul,160.14145777347133,2021-07-05,2024-03-25,2024-04-01,2024-06-24,143
4,CTS-001,WHOLESALE,2024-05-27,192.0,HW_Damped_Mul,266.3684301111539,2021-07-05,2024-03-25,2024-04-01,2024-06-24,143
4,CTS-001,WHOLESALE,2024-06-03,245.5,HW_Damped_Mul,282.66918475060487,2021-07-05,2024-03-25,2024-04-01,2024-06-24,143
4,CTS-001,WHOLESALE,2024-06-10,288.0,HW_Damped_Mul,209.78823642484824,2021-07-05,2024-03-25,2024-04-01,2024-06-24,143
4,CTS-001,WHOLESALE,2024-06-17,261.27315219205605,HW_Damped_Mul,226.40406143305205,2021-07-05,2024-03-25,2024-04-01,2024-06-24,143
4,CTS-001,WHOLESALE,2024-06-24,325.5,HW_Damped_Mul,268.66606895806086,2021-07-05,2024-03-25,2024-04-01,2024-06-24,143
5,CTS-001,WHOLESALE,2024-07-01,347.0,HW_Add_Add,202.31156595234535,2021-07-05,2024-06-24,2024-07-01,2024-09-23,156
5,CTS-001,WHOLESALE,2024-07-08,232.0,HW_Add_Add,289.27802476186537,2021-07-05,2024-06-24,2024-07-01,2024-09-23,156
5,CTS-001,WHOLESALE,2024-07-15,235.0,HW_Add_Add,243.59970000137994,2021-07-05,2024-06-24,2024-07-01,2024-09-23,156
5,CTS-001,WHOLESALE,2024-07-22,247.0,HW_Add_Add,228.92030382830265,2021-07-05,2024-06-24,2024-07-01,2024-09-23,156
5,CTS-001,WHOLESALE,2024-07-29,322.0,HW_Add_Add,245.26559644993517,2021-07-05,2024-06-24,2024-07-01,2024-09-23,156
5,CTS-001,WHOLESALE,2024-08-05,270.0,HW_Add_Add,204.58768676954622,2021-07-05,2024-06-24,2024-07-01,2024-09-23,156
5,CTS-001,WHOLESALE,2024-08-12,245.0,HW_Add_Add,224.59603309389055,2021-07-05,2024-06-24,2024-07-01,2024-09-23,156
5,CTS-001,WHOLESALE,2024-08-19,298.5925925925926,HW_Add_Add,256.0109953274782,2021-07-05,2024-06-24,2024-07-01,2024-09-23,156
5,CTS-001,WHOLESALE,2024-08-26,139.44708994708995,HW_Add_Add,265.11154656835396,2021-07-05,2024-06-24,2024-07-01,2024-09-23,156
5,CTS-001,WHOLESALE,2024-09-02,349.0,HW_Add_Add,333.2832260318627,2021-07-05,2024-06-24,2024-07-01,2024-09-23,156
5,CTS-001,WHOLESALE,2024-09-09,454.0,HW_Add_Add,320.9616134524345,2021-07-05,2024-06-24,2024-07-01,2024-09-23,156
5,CTS-001,WHOLESALE,2024-09-16,354.00000000000006,HW_Add_Add,305.97117391808746,2021-07-05,2024-06-24,2024-07-01,2024-09-23,156
5,CTS-001,WHOLESALE,2024-09-23,274.5,HW_Add_Add,362.9840170556098,2021-07-05,2024-06-24,2024-07-01,2024-09-23,156
5,CTS-001,WHOLESALE,2024-07-01,347.0,HW_Damped_Add,210.70911133523288,2021-07-05,2024-06-24,2024-07-01,2024-09-23,156
5,CTS-001,WHOLESALE,2024-07-08,232.0,HW_Damped_Add,296.37746062452356,2021-07-05,2024-06-24,2024-07-01,2024-09-23,156
5,CTS-001,WHOLESALE,2024-07-15,235.0,HW_Damped_Add,249.5594134042527,2021-07-05,2024-06-24,2024-07-01,2024-09-23,156
5,CTS-001,WHOLESALE,2024-07-22,247.0,HW_Damped_Add,233.86933852724962,2021-07-05,2024-06-24,2024-07-01,2024-09-23,156
5,CTS-001,WHOLESALE,2024-07-29,322.0,HW_Damped_Add,249.4999969119798,2021-07-05,2024-06-24,2024-07-01,2024-09-23,156
5,CTS-001,WHOLESALE,2024-08-05,270.0,HW_Damped_Add,207.8288476129257,2021-07-05,2024-06-24,2024-07-01,2024-09-23,156
5,CTS-001,WHOLESALE,2024-08-12,245.0,HW_Damped_Add,227.17584002811128,2021-07-05,2024-06-24,2024-07-01,2024-09-23,156
5,CTS-001,WHOLESALE,2024-08-19,298.5925925925926,HW_Damped_Add,257.87794059397504,2021-07-05,2024-06-24,2024-07-01,2024-09-23,156
5,CTS-001,WHOLESALE,2024-08-26,139.44708994708995,HW_Damped_Add,266.4343293133804,2021-07-05,2024-06-24,2024-07-01,2024-09-23,156
5,CTS-001,WHOLESALE,2024-09-02,349.0,HW_Damped_Add,334.00553645211244,2021-07-05,2024-06-24,2024-07-01,2024-09-23,156
5,CTS-001,WHOLESALE,2024-09-09,454.0,HW_Damped_Add,321.25931400724716,2021-07-05,2024-06-24,2024-07-01,2024-09-23,156
5,CTS-001,WHOLESALE,2024-09-16,354.00000000000006,HW_Damped_Add,305.88455567850593,2021-07-05,2024-06-24,2024-07-01,2024-09-23,156
5,CTS-001,WHOLESALE,2024-09-23,274.5,HW_Damped_Add,362.4050645900162,2021-07-05,2024-06-24,2024-07-01,2024-09-23,156
5,CTS-001,WHOLESALE,2024-07-01,347.0,HW_Damped_Mul,201.46811558426535,2021-07-05,2024-06-24,2024-07-01,2024-09-23,156
5,CTS-001,WHOLESALE,2024-07-08,232.0,HW_Damped_Mul,280.8089645878478,2021-07-05,2024-06-24,2024-07-01,2024-09-23,156
5,CTS-001,WHOLESALE,2024-07-15,235.0,HW_Damped_Mul,240.75413886955306,2021-07-05,2024-06-24,2024-07-01,2024-09-23,156
5,CTS-001,WHOLESALE,2024-07-22,247.0,HW_Damped_Mul,228.00375142161093,2021-07-05,2024-06-24,2024-07-01,2024-09-23,156
5,CTS-001,WHOLESALE,2024-07-29,322.0,HW_Damped_Mul,234.9615909888625,2021-07-05,2024-06-24,2024-07-01,2024-09-23,156
5,CTS-001,WHOLESALE,2024-08-05,270.0,HW_Damped_Mul,204.7925560753784,2021-07-05,2024-06-24,2024-07-01,2024-09-23,156
5,CTS-001,WHOLESALE,2024-08-12,245.0,HW_Damped_Mul,220.22842093068073,2021-07-05,2024-06-24,2024-07-01,2024-09-23,156
5,CTS-001,WHOLESALE,2024-08-19,298.5925925925926,HW_Damped_Mul,246.8058374277177,2021-07-05,2024-06-24,2024-07-01,2024-09-23,156
5,CTS-001,WHOLESALE,2024-08-26,139.44708994708995,HW_Damped_Mul,252.69128389281977,2021-07-05,2024-06-24,2024-07-01,2024-09-23,156
5,CTS-001,WHOLESALE,2024-09-02,349.0,HW_Damped_Mul,313.8731848062707,2021-07-05,2024-06-24,2024-07-01,2024-09-23,156
5,CTS-001,WHOLESALE,2024-09-09,454.0,HW_Damped_Mul,301.65651122939437,2021-07-05,2024-06-24,2024-07-01,2024-09-23,156
5,CTS-001,WHOLESALE,2024-09-16,354.00000000000006,HW_Damped_Mul,286.5554836577283,2021-07-05,2024-06-24,2024-07-01,2024-09-23,156
5,CTS-001,WHOLESALE,2024-09-23,274.5,HW_Damped_Mul,338.11773133978465,2021-07-05,2024-06-24,2024-07-01,2024-09-23,156
6,CTS-001,WHOLESALE,2024-09-30,243.0,HW_Add_Add,394.0936142300002,2021-07-05,2024-09-23,2024-09-30,2024-12-23,169
6,CTS-001,WHOLESALE,2024-10-07,311.0,HW_Add_Add,345.5764264020504,2021-07-05,2024-09-23,2024-09-30,2024-12-23,169
6,CTS-001,WHOLESALE,2024-10-14,314.0,HW_Add_Add,343.1750405902035,2021-07-05,2024-09-23,2024-09-30,2024-12-23,169
6,CTS-001,WHOLESALE,2024-10-21,330.2373714200579,HW_Add_Add,343.4161390296202,2021-07-05,2024-09-23,2024-09-30,2024-12-23,169
6,CTS-001,WHOLESALE,2024-10-28,347.0,HW_Add_Add,421.630792582057,2021-07-05,2024-09-23,2024-09-30,2024-12-23,169
6,CTS-001,WHOLESALE,2024-11-04,397.0,HW_Add_Add,380.9549351765419,2021-07-05,2024-09-23,2024-09-30,2024-12-23,169
6,CTS-001,WHOLESALE,2024-11-11,444.1351053011713,HW_Add_Add,392.65158555032525,2021-07-05,2024-09-23,2024-09-30,2024-12-23,169
6,CTS-001,WHOLESALE,2024-11-18,371.4513155991941,HW_Add_Add,485.2190742601165,2021-07-05,2024-09-23,2024-09-30,2024-12-23,169
6,CTS-001,WHOLESALE,2024-11-25,537.324571018437,HW_Add_Add,432.6993548037064,2021-07-05,2024-09-23,2024-09-30,2024-12-23,169
6,CTS-001,WHOLESALE,2024-12-02,397.44630348205465,HW_Add_Add,358.7474718156883,2021-07-05,2024-09-23,2024-09-30,2024-12-23,169
6,CTS-001,WHOLESALE,2024-12-09,376.64996308700313,HW_Add_Add,329.7097386507123,2021-07-05,2024-09-23,2024-09-30,2024-12-23,169
6,CTS-001,WHOLESALE,2024-12-16,331.63287641355925,HW_Add_Add,355.5152345726557,2021-07-05,2024-09-23,2024-09-30,2024-12-23,169
6,CTS-001,WHOLESALE,2024-12-23,390.2984815865656,HW_Add_Add,273.56520041100873,2021-07-05,2024-09-23,2024-09-30,2024-12-23,169
6,CTS-001,WHOLESALE,2024-09-30,243.0,HW_Damped_Add,388.7445633793247,2021-07-05,2024-09-23,2024-09-30,2024-12-23,169
6,CTS-001,WHOLESALE,2024-10-07,311.0,HW_Damped_Add,339.7718953863348,2021-07-05,2024-09-23,2024-09-30,2024-12-23,169
6,CTS-001,WHOLESALE,2024-10-14,314.0,HW_Damped_Add,337.0955012556926,2021-07-05,2024-09-23,2024-09-30,2024-12-23,169
6,CTS-001,WHOLESALE,2024-10-21,330.2373714200579,HW_Damped_Add,337.1800165752139,2021-07-05,2024-09-23,2024-09-30,2024-12-23,169
6,CTS-001,WHOLESALE,2024-10-28,347.0,HW_Damped_Add,415.1434287795736,2021-07-05,2024-09-23,2024-09-30,2024-12-23,169
6,CTS-001,WHOLESALE,2024-11-04,397.0,HW_Damped_Add,374.2285765620398,2021-07-05,2024-09-23,2024-09-30,2024-12-23,169
6,CTS-001,WHOLESALE,2024-11-11,444.1351053011713,HW_Damped_Add,385.629658985152,2021-07-05,2024-09-23,2024-09-30,2024-12-23,169
6,CTS-001,WHOLESALE,2024-11-18,371.4513155991941,HW_Damped_Add,478.1360763219193,2021-07-05,2024-09-23,2024-09-30,2024-12-23,169
6,CTS-001,WHOLESALE,2024-11-25,537.324571018437,HW_Damped_Add,425.33063985063586,2021-07-05,2024-09-23,2024-09-30,2024-12-23,169
6,CTS-001,WHOLESALE,2024-12-02,397.44630348205465,HW_Damped_Add,351.3989649558038,2021-07-05,2024-09-23,2024-09-30,2024-12-23,169
6,CTS-001,WHOLESALE,2024-12-09,376.64996308700313,HW_Damped_Add,322.2529506480833,2021-07-05,2024-09-23,2024-09-30,2024-12-23,169
6,CTS-001,WHOLESALE,2024-12-16,331.63287641355925,HW_Damped_Add,347.8186124401164,2021-07-05,2024-09-23,2024-09-30,2024-12-23,169
6,CTS-001,WHOLESALE,2024-12-23,390.2984815865656,HW_Damped_Add,265.69769663755,2021-07-05,2024-09-23,2024-09-30,2024-12-23,169
6,CTS-001,WHOLESALE,2024-09-30,243.0,HW_Damped_Mul,380.4581214212284,2021-07-05,2024-09-23,2024-09-30,2024-12-23,169
6,CTS-001,WHOLESALE,2024-10-07,311.0,HW_Damped_Mul,331.1738180627015,2021-07-05,2024-09-23,2024-09-30,2024-12-23,169
6,CTS-001,WHOLESALE,2024-10-14,314.0,HW_Damped_Mul,329.7044600541471,2021-07-05,2024-09-23,2024-09-30,2024-12-23,169
6,CTS-001,WHOLESALE,2024-10-21,330.2373714200579,HW_Damped_Mul,331.69153055713997,2021-07-05,2024-09-23,2024-09-30,2024-12-23,169
6,CTS-001,WHOLESALE,2024-10-28,347.0,HW_Damped_Mul,404.658186420003,2021-07-05,2024-09-23,2024-09-30,2024-12-23,169
6,CTS-001,WHOLESALE,2024-11-04,397.0,HW_Damped_Mul,365.6296182443102,2021-07-05,2024-09-23,2024-09-30,2024-12-23,169
6,CTS-001,WHOLESALE,2024-11-11,444.1351053011713,HW_Damped_Mul,375.385056952732,2021-07-05,2024-09-23,2024-09-30,2024-12-23,169
6,CTS-001,WHOLESALE,2024-11-18,371.4513155991941,HW_Damped_Mul,461.2863480308752,2021-07-05,2024-09-23,2024-09-30,2024-12-23,169
6,CTS-001,WHOLESALE,2024-11-25,537.324571018437,HW_Damped_Mul,412.0496286696399,2021-07-05,2024-09-23,2024-09-30,2024-12-23,169
6,CTS-001,WHOLESALE,2024-12-02,397.44630348205465,HW_Damped_Mul,344.4838309152192,2021-07-05,2024-09-23,2024-09-30,2024-12-23,169
6,CTS-001,WHOLESALE,2024-12-09,376.64996308700313,HW_Damped_Mul,319.9794898621064,2021-07-05,2024-09-23,2024-09-30,2024-12-23,169
6,CTS-001,WHOLESALE,2024-12-16,331.63287641355925,HW_Damped_Mul,340.15497726828784,2021-07-05,2024-09-23,2024-09-30,2024-12-23,169
6,CTS-001,WHOLESALE,2024-12-23,390.2984815865656,HW_Damped_Mul,266.8834454604231,2021-07-05,2024-09-23,2024-09-30,2024-12-23,169
7,CTS-001,WHOLESALE,2024-12-30,188.0,HW_Add_Add,230.94618534895912,2021-07-05,2024-12-23,2024-12-30,2025-03-24,182
7,CTS-001,WHOLESALE,2025-01-06,159.44047965730306,HW_Add_Add,189.73085214745862,2021-07-05,2024-12-23,2024-12-30,2025-03-24,182
7,CTS-001,WHOLESALE,2025-01-13,195.5707317313264,HW_Add_Add,244.7306512709402,2021-07-05,2024-12-23,2024-12-30,2025-03-24,182
7,CTS-001,WHOLESALE,2025-01-20,243.0,HW_Add_Add,198.5159801534877,2021-07-05,2024-12-23,2024-12-30,2025-03-24,182
7,CTS-001,WHOLESALE,2025-01-27,234.8657646000658,HW_Add_Add,177.38739865339235,2021-07-05,2024-12-23,2024-12-30,2025-03-24,182
7,CTS-001,WHOLESALE,2025-02-03,338.5,HW_Add_Add,233.26681978800647,2021-07-05,2024-12-23,2024-12-30,2025-03-24,182
7,CTS-001,WHOLESALE,2025-02-10,265.37725895475194,HW_Add_Add,208.18628112784575,2021-07-05,2024-12-23,2024-12-30,2025-03-24,182
7,CTS-001,WHOLESALE,2025-02-17,188.8649306862297,HW_Add_Add,267.7106802910744,2021-07-05,2024-12-23,2024-12-30,2025-03-24,182
7,CTS-001,WHOLESALE,2025-02-24,247.0,HW_Add_Add,243.10253008719886,2021-07-05,2024-12-23,2024-12-30,2025-03-24,182
7,CTS-001,WHOLESALE,2025-03-03,295.0822393693861,HW_Add_Add,214.84662544388763,2021-07-05,2024-12-23,2024-12-30,2025-03-24,182
7,CTS-001,WHOLESALE,2025-03-10,215.6577717513107,HW_Add_Add,262.36343202781416,2021-07-05,2024-12-23,2024-12-30,2025-03-24,182
7,CTS-001,WHOLESALE,2025-03-17,266.9440841365756,HW_Add_Add,228.67875985196807,2021-07-05,2024-12-23,2024-12-30,2025-03-24,182
7,CTS-001,WHOLESALE,2025-03-24,265.0,HW_Add_Add,224.19343803200593,2021-07-05,2024-12-23,2024-12-30,2025-03-24,182
7,CTS-001,WHOLESALE,2024-12-30,188.0,HW_Damped_Add,220.36075236420734,2021-07-05,2024-12-23,2024-12-30,2025-03-24,182
7,CTS-001,WHOLESALE,2025-01-06,159.44047965730306,HW_Damped_Add,178.8638031563387,2021-07-05,2024-12-23,2024-12-30,2025-03-24,182
7,CTS-001,WHOLESALE,2025-01-13,195.5707317313264,HW_Damped_Add,234.963048005807,2021-07-05,2024-12-23,2024-12-30,2025-03-24,182
7,CTS-001,WHOLESALE,2025-01-20,243.0,HW_Damped_Add,189.16460360591924,2021-07-05,2024-12-23,2024-12-30,2025-03-24,182
7,CTS-001,WHOLESALE,2025-01-27,234.8657646000658,HW_Damped_Add,166.48485021310813,2021-07-05,2024-12-23,2024-12-30,2025-03-24,182
7,CTS-001,WHOLESALE,2025-02-03,338.5,HW_Damped_Add,223.04353059591125,2021-07-05,2024-12-23,2024-12-30,2025-03-24,182
7,CTS-001,WHOLESALE,2025-02-10,265.37725895475194,HW_Damped_Add,197.8827571089673,2021-07-05,2024-12-23,2024-12-30,2025-03-24,182
7,CTS-001,WHOLESALE,2025-02-17,188.8649306862297,HW_Damped_Add,256.93211502215183,2021-07-05,2024-12-23,2024-12-30,2025-03-24,182
7,CTS-001,WHOLESALE,2025-02-24,247.0,HW_Damped_Add,231.81603698773375,2021-07-05,2024-12-23,2024-12-30,2025-03-24,182
7,CTS-001,WHOLESALE,2025-03-03,295.0822393693861,HW_Damped_Add,203.34193800237693,2021-07-05,2024-12-23,2024-12-30,2025-03-24,182
7,CTS-001,WHOLESALE,2025-03-10,215.6577717513107,HW_Damped_Add,252.3305917450321,2021-07-05,2024-12-23,2024-12-30,2025-03-24,182
7,CTS-001,WHOLESALE,2025-03-17,266.9440841365756,HW_Damped_Add,217.37100625794977,2021-07-05,2024-12-23,2024-12-30,2025-03-24,182
7,CTS-001,WHOLESALE,2025-03-24,265.0,HW_Damped_Add,214.38356727503214,2021-07-05,2024-12-23,2024-12-30,2025-03-24,182
7,CTS-001,WHOLESALE,2024-12-30,188.0,HW_Damped_Mul,218.38088553306858,2021-07-05,2024-12-23,2024-12-30,2025-03-24,182
7,CTS-001,WHOLESALE,2025-01-06,159.44047965730306,HW_Damped_Mul,180.14387072983328,2021-07-05,2024-12-23,2024-12-30,2025-03-24,182
7,CTS-001,WHOLESALE,2025-01-13,195.5707317313264,HW_Damped_Mul,236.61863217533062,2021-07-05,2024-12-23,2024-12-30,2025-03-24,182
7,CTS-001,WHOLESALE,2025-01-20,243.0,HW_Damped_Mul,194.71378996963696,2021-07-05,2024-12-23,2024-12-30,2025-03-24,182
7,CTS-001,WHOLESALE,2025-01-27,234.8657646000658,HW_Damped_Mul,169.1823996649107,2021-07-05,2024-12-23,2024-12-30,2025-03-24,182
7,CTS-001,WHOLESALE,2025-02-03,338.5,HW_Damped_Mul,225.5354188319305,2021-07-05,2024-12-23,2024-12-30,2025-03-24,182
7,CTS-001,WHOLESALE,2025-02-10,265.37725895475194,HW_Damped_Mul,201.07179630006812,2021-07-05,2024-12-23,2024-12-30,2025-03-24,182
7,CTS-001,WHOLESALE,2025-02-17,188.8649306862297,HW_Damped_Mul,256.28251803268284,2021-07-05,2024-12-23,2024-12-30,2025-03-24,182
7,CTS-001,WHOLESALE,2025-02-24,247.0,HW_Damped_Mul,231.6189717927914,2021-07-05,2024-12-23,2024-12-30,2025-03-24,182
7,CTS-001,WHOLESALE,2025-03-03,295.0822393693861,HW_Damped_Mul,204.36222675709828,2021-07-05,2024-12-23,2024-12-30,2025-03-24,182
7,CTS-001,WHOLESALE,2025-03-10,215.6577717513107,HW_Damped_Mul,254.6200839653395,2021-07-05,2024-12-23,2024-12-30,2025-03-24,182
7,CTS-001,WHOLESALE,2025-03-17,266.9440841365756,HW_Damped_Mul,218.93888859487834,2021-07-05,2024-12-23,2024-12-30,2025-03-24,182
7,CTS-001,WHOLESALE,2025-03-24,265.0,HW_Damped_Mul,218.70653714334506,2021-07-05,2024-12-23,2024-12-30,2025-03-24,182
8,CTS-001,WHOLESALE,2025-03-31,165.0,HW_Add_Add,339.3821081359307,2021-07-05,2025-03-24,2025-03-31,2025-06-23,195
8,CTS-001,WHOLESALE,2025-04-07,369.1582338357773,HW_Add_Add,286.1640774833352,2021-07-05,2025-03-24,2025-03-31,2025-06-23,195
8,CTS-001,WHOLESALE,2025-04-14,203.25000000000003,HW_Add_Add,248.82938146369787,2021-07-05,2025-03-24,2025-03-31,2025-06-23,195
8,CTS-001,WHOLESALE,2025-04-21,193.0802883079904,HW_Add_Add,269.09397988382227,2021-07-05,2025-03-24,2025-03-31,2025-06-23,195
8,CTS-001,WHOLESALE,2025-04-28,249.5515587529976,HW_Add_Add,278.1024329324133,2021-07-05,2025-03-24,2025-03-31,2025-06-23,195
8,CTS-001,WHOLESALE,2025-05-05,232.9921282968845,HW_Add_Add,307.766234382441,2021-07-05,2025-03-24,2025-03-31,2025-06-23,195
8,CTS-001,WHOLESALE,2025-05-12,314.42105263157896,HW_Add_Add,268.4328650884016,2021-07-05,2025-03-24,2025-03-31,2025-06-23,195
8,CTS-001,WHOLESALE,2025-05-19,310.6926579816628,HW_Add_Add,165.1228262288689,2021-07-05,2025-03-24,2025-03-31,2025-06-23,195
8,CTS-001,WHOLESALE,2025-05-26,349.9213810101899,HW_Add_Add,274.4431958208621,2021-07-05,2025-03-24,2025-03-31,2025-06-23,195
8,CTS-001,WHOLESALE,2025-06-02,234.0,HW_Add_Add,305.8914655166444,2021-07-05,2025-03-24,2025-03-31,2025-06-23,195
8,CTS-001,WHOLESALE,2025-06-09,212.43779637966023,HW_Add_Add,264.2124511467373,2021-07-05,2025-03-24,2025-03-31,2025-06-23,195
8,CTS-001,WHOLESALE,2025-06-16,309.7960899490514,HW_Add_Add,267.6844994594207,2021-07-05,2025-03-24,2025-03-31,2025-06-23,195
8,CTS-001,WHOLESALE,2025-06-23,399.0181709503875,HW_Add_Add,321.5460549042061,2021-07-05,2025-03-24,2025-03-31,2025-06-23,195
8,CTS-001,WHOLESALE,2025-03-31,165.0,HW_Damped_Add,331.013690442735,2021-07-05,2025-03-24,2025-03-31,2025-06-23,195
8,CTS-001,WHOLESALE,2025-04-07,369.1582338357773,HW_Damped_Add,277.93062036739326,2021-07-05,2025-03-24,2025-03-31,2025-06-23,195
8,CTS-001,WHOLESALE,2025-04-14,203.25000000000003,HW_Damped_Add,240.62685014002324,2021-07-05,2025-03-24,2025-03-31,2025-06-23,195
8,CTS-001,WHOLESALE,2025-04-21,193.0802883079904,HW_Damped_Add,260.6571166816969,2021-07-05,2025-03-24,2025-03-31,2025-06-23,195
8,CTS-001,WHOLESALE,2025-04-28,249.5515587529976,HW_Damped_Add,269.54255709590996,2021-07-05,2025-03-24,2025-03-31,2025-06-23,195
8,CTS-001,WHOLESALE,2025-05-05,232.9921282968845,HW_Damped_Add,299.1513537208024,2021-07-05,2025-03-24,2025-03-31,2025-06-23,195
8,CTS-001,WHOLESALE,2025-05-12,314.42105263157896,HW_Damped_Add,259.8860776448774,2021-07-05,2025-03-24,2025-03-31,2025-06-23,195
8,CTS-001,WHOLESALE,2025-05-19,310.6926579816628,HW_Damped_Add,156.54951557373926,2021-07-05,2025-03-24,2025-03-31,2025-06-23,195
8,CTS-001,WHOLESALE,2025-05-26,349.9213810101899,HW_Damped_Add,265.71624453731624,2021-07-05,2025-03-24,2025-03-31,2025-06-23,195
8,CTS-001,WHOLESALE,2025-06-02,234.0,HW_Damped_Add,297.2370201834569,2021-07-05,2025-03-24,2025-03-31,2025-06-23,195
8,CTS-001,WHOLESALE,2025-06-09,212.43779637966023,HW_Damped_Add,255.92881479716664,2021-07-05,2025-03-24,2025-03-31,2025-06-23,195
8,CTS-001,WHOLESALE,2025-06-16,309.7960899490514,HW_Damped_Add,259.25034670973497,2021-07-05,2025-03-24,2025-03-31,2025-06-23,195
8,CTS-001,WHOLESALE,2025-06-23,399.0181709503875,HW_Damped_Add,313.14134967842534,2021-07-05,2025-03-24,2025-03-31,2025-06-23,195
8,CTS-001,WHOLESALE,2025-03-31,165.0,HW_Damped_Mul,338.9933436529611,2021-07-05,2025-03-24,2025-03-31,2025-06-23,195
8,CTS-001,WHOLESALE,2025-04-07,369.1582338357773,HW_Damped_Mul,283.29119870965934,2021-07-05,2025-03-24,2025-03-31,2025-06-23,195
8,CTS-001,WHOLESALE,2025-04-14,203.25000000000003,HW_Damped_Mul,244.68174153351848,2021-07-05,2025-03-24,2025-03-31,2025-06-23,195
8,CTS-001,WHOLESALE,2025-04-21,193.0802883079904,HW_Damped_Mul,268.40851182182166,2021-07-05,2025-03-24,2025-03-31,2025-06-23,195
8,CTS-001,WHOLESALE,2025-04-28,249.5515587529976,HW_Damped_Mul,279.67180402784413,2021-07-05,2025-03-24,2025-03-31,2025-06-23,195
8,CTS-001,WHOLESALE,2025-05-05,232.9921282968845,HW_Damped_Mul,312.24772123760823,2021-07-05,2025-03-24,2025-03-31,2025-06-23,195
8,CTS-001,WHOLESALE,2025-05-12,314.42105263157896,HW_Damped_Mul,269.88764729764824,2021-07-05,2025-03-24,2025-03-31,2025-06-23,195
8,CTS-001,WHOLESALE,2025-05-19,310.6926579816628,HW_Damped_Mul,164.5195796166854,2021-07-05,2025-03-24,2025-03-31,2025-06-23,195
8,CTS-001,WHOLESALE,2025-05-26,349.9213810101899,HW_Damped_Mul,281.25844051180934,2021-07-05,2025-03-24,2025-03-31,2025-06-23,195
8,CTS-001,WHOLESALE,2025-06-02,234.0,HW_Damped_Mul,312.0510978229997,2021-07-05,2025-03-24,2025-03-31,2025-06-23,195
8,CTS-001,WHOLESALE,2025-06-09,212.43779637966023,HW_Damped_Mul,260.5112981097692,2021-07-05,2025-03-24,2025-03-31,2025-06-23,195
8,CTS-001,WHOLESALE,2025-06-16,309.7960899490514,HW_Damped_Mul,268.5438771279278,2021-07-05,2025-03-24,2025-03-31,2025-06-23,195
8,CTS-001,WHOLESALE,2025-06-23,399.0181709503875,HW_Damped_Mul,326.0144608481992,2021-07-05,2025-03-24,2025-03-31,2025-06-23,195
9,CTS-001,WHOLESALE,2025-06-30,187.0,HW_Add_Add,283.72524031454446,2021-07-05,2025-06-23,2025-06-30,2025-09-22,208
9,CTS-001,WHOLESALE,2025-07-07,221.00000000000003,HW_Add_Add,321.0325064048503,2021-07-05,2025-06-23,2025-06-30,2025-09-22,208
9,CTS-001,WHOLESALE,2025-07-14,212.0,HW_Add_Add,288.33377844815203,2021-07-05,2025-06-23,2025-06-30,2025-09-22,208
9,CTS-001,WHOLESALE,2025-07-21,253.0,HW_Add_Add,281.1396603622887,2021-07-05,2025-06-23,2025-06-30,2025-09-22,208
9,CTS-001,WHOLESALE,2025-07-28,347.0,HW_Add_Add,312.93423850420436,2021-07-05,2025-06-23,2025-06-30,2025-09-22,208
9,CTS-001,WHOLESALE,2025-08-04,211.0,HW_Add_Add,270.25476551325534,2021-07-05,2025-06-23,2025-06-30,2025-09-22,208
9,CTS-001,WHOLESALE,2025-08-11,260.0,HW_Add_Add,279.8018907864997,2021-07-05,2025-06-23,2025-06-30,2025-09-22,208
9,CTS-001,WHOLESALE,2025-08-18,211.0,HW_Add_Add,317.567582221386,2021-07-05,2025-06-23,2025-06-30,2025-09-22,208
9,CTS-001,WHOLESALE,2025-08-25,239.0,HW_Add_Add,285.394913645982,2021-07-05,2025-06-23,2025-06-30,2025-09-22,208
9,CTS-001,WHOLESALE,2025-09-01,398.0,HW_Add_Add,389.72527258416926,2021-07-05,2025-06-23,2025-06-30,2025-09-22,208
9,CTS-001,WHOLESALE,2025-09-08,413.0,HW_Add_Add,407.53965934141036,2021-07-05,2025-06-23,2025-06-30,2025-09-22,208
9,CTS-001,WHOLESALE,2025-09-15,237.0,HW_Add_Add,372.08986665516915,2021-07-05,2025-06-23,2025-06-30,2025-09-22,208
9,CTS-001,WHOLESALE,2025-09-22,249.13685533898888,HW_Add_Add,395.7834466971749,2021-07-05,2025-06-23,2025-06-30,2025-09-22,208
9,CTS-001,WHOLESALE,2025-06-30,187.0,HW_Damped_Add,272.8393690176494,2021-07-05,2025-06-23,2025-06-30,2025-09-22,208
9,CTS-001,WHOLESALE,2025-07-07,221.00000000000003,HW_Damped_Add,308.0563943021371,2021-07-05,2025-06-23,2025-06-30,2025-09-22,208
9,CTS-001,WHOLESALE,2025-07-14,212.0,HW_Damped_Add,273.193320251369,2021-07-05,2025-06-23,2025-06-30,2025-09-22,208
9,CTS-001,WHOLESALE,2025-07-21,253.0,HW_Damped_Add,264.06619438922115,2021-07-05,2025-06-23,2025-06-30,2025-09-22,208
9,CTS-001,WHOLESALE,2025-07-28,347.0,HW_Damped_Add,294.52496868282446,2021-07-05,2025-06-23,2025-06-30,2025-09-22,208
9,CTS-001,WHOLESALE,2025-08-04,211.0,HW_Damped_Add,249.72110248658265,2021-07-05,2025-06-23,2025-06-30,2025-09-22,208
9,CTS-001,WHOLESALE,2025-08-11,260.0,HW_Damped_Add,257.91237443733735,2021-07-05,2025-06-23,2025-06-30,2025-09-22,208
9,CTS-001,WHOLESALE,2025-08-18,211.0,HW_Damped_Add,293.98737254993654,2021-07-05,2025-06-23,2025-06-30,2025-09-22,208
9,CTS-001,WHOLESALE,2025-08-25,239.0,HW_Damped_Add,260.6885474789847,2021-07-05,2025-06-23,2025-06-30,2025-09-22,208
9,CTS-001,WHOLESALE,2025-09-01,398.0,HW_Damped_Add,363.2276664241412,2021-07-05,2025-06-23,2025-06-30,2025-09-22,208
9,CTS-001,WHOLESALE,2025-09-08,413.0,HW_Damped_Add,379.63861871230193,2021-07-05,2025-06-23,2025-06-30,2025-09-22,208
9,CTS-001,WHOLESALE,2025-09-15,237.0,HW_Damped_Add,343.0746253652169,2021-07-05,2025-06-23,2025-06-30,2025-09-22,208
9,CTS-001,WHOLESALE,2025-09-22,249.13685533898888,HW_Damped_Add,365.37270449208546,2021-07-05,2025-06-23,2025-06-30,2025-09-22,208
9,CTS-001,WHOLESALE,2025-06-30,187.0,HW_Damped_Mul,271.9830327211993,2021-07-05,2025-06-23,2025-06-30,2025-09-22,208
9,CTS-001,WHOLESALE,2025-07-07,221.00000000000003,HW_Damped_Mul,320.0749086412357,2021-07-05,2025-06-23,2025-06-30,2025-09-22,208
9,CTS-001,WHOLESALE,2025-07-14,212.0,HW_Damped_Mul,283.55126920925625,2021-07-05,2025-06-23,2025-06-30,2025-09-22,208
9,CTS-001,WHOLESALE,2025-07-21,253.0,HW_Damped_Mul,275.20735496592084,2021-07-05,2025-06-23,2025-06-30,2025-09-22,208
9,CTS-001,WHOLESALE,2025-07-28,347.0,HW_Damped_Mul,300.44207461714683,2021-07-05,2025-06-23,2025-06-30,2025-09-22,208
9,CTS-001,WHOLESALE,2025-08-04,211.0,HW_Damped_Mul,259.40130232646777,2021-07-05,2025-06-23,2025-06-30,2025-09-22,208
9,CTS-001,WHOLESALE,2025-08-11,260.0,HW_Damped_Mul,268.8177889024725,2021-07-05,2025-06-23,2025-06-30,2025-09-22,208
9,CTS-001,WHOLESALE,2025-08-18,211.0,HW_Damped_Mul,308.10511828212356,2021-07-05,2025-06-23,2025-06-30,2025-09-22,208
9,CTS-001,WHOLESALE,2025-08-25,239.0,HW_Damped_Mul,273.54504140371387,2021-07-05,2025-06-23,2025-06-30,2025-09-22,208
9,CTS-001,WHOLESALE,2025-09-01,398.0,HW_Damped_Mul,386.78590270671754,2021-07-05,2025-06-23,2025-06-30,2025-09-22,208
9,CTS-001,WHOLESALE,2025-09-08,413.0,HW_Damped_Mul,403.22260635408253,2021-07-05,2025-06-23,2025-06-30,2025-09-22,208
9,CTS-001,WHOLESALE,2025-09-15,237.0,HW_Damped_Mul,363.0256368841277,2021-07-05,2025-06-23,2025-06-30,2025-09-22,208
9,CTS-001,WHOLESALE,2025-09-22,249.13685533898888,HW_Damped_Mul,392.83601277405666,2021-07-05,2025-06-23,2025-06-30,2025-09-22,208
10,CTS-001,WHOLESALE,2025-09-29,412.0,HW_Add_Add,355.3910303396908,2021-07-05,2025-09-22,2025-09-29,2025-12-22,221
10,CTS-001,WHOLESALE,2025-10-06,327.0,HW_Add_Add,335.6917226433245,2021-07-05,2025-09-22,2025-09-29,2025-12-22,221
10,CTS-001,WHOLESALE,2025-10-13,374.0,HW_Add_Add,334.72454551467104,2021-07-05,2025-09-22,2025-09-29,2025-12-22,221
10,CTS-001,WHOLESALE,2025-10-20,423.00000000000006,HW_Add_Add,339.338425300448,2021-07-05,2025-09-22,2025-09-29,2025-12-22,221
10,CTS-001,WHOLESALE,2025-10-27,372.0,HW_Add_Add,402.10482799637794,2021-07-05,2025-09-22,2025-09-29,2025-12-22,221
10,CTS-001,WHOLESALE,2025-11-03,437.0,HW_Add_Add,384.0714293811381,2021-07-05,2025-09-22,2025-09-29,2025-12-22,221
10,CTS-001,WHOLESALE,2025-11-10,297.2520322239045,HW_Add_Add,404.30712796216955,2021-07-05,2025-09-22,2025-09-29,2025-12-22,221
10,CTS-001,WHOLESALE,2025-11-17,527.2190178659379,HW_Add_Add,455.82209418598114,2021-07-05,2025-09-22,2025-09-29,2025-12-22,221
10,CTS-001,WHOLESALE,2025-11-24,525.8558682337625,HW_Add_Add,457.5453131330555,2021-07-05,2025-09-22,2025-09-29,2025-12-22,221
10,CTS-001,WHOLESALE,2025-12-01,261.7953822659147,HW_Add_Add,367.5584449875662,2021-07-05,2025-09-22,2025-09-29,2025-12-22,221
10,CTS-001,WHOLESALE,2025-12-08,280.8304454580508,HW_Add_Add,340.6075753502191,2021-07-05,2025-09-22,2025-09-29,2025-12-22,221
10,CTS-001,WHOLESALE,2025-12-15,341.0283175176544,HW_Add_Add,348.2301669051944,2021-07-05,2025-09-22,2025-09-29,2025-12-22,221
10,CTS-001,WHOLESALE,2025-12-22,264.60476279121724,HW_Add_Add,301.243158836252,2021-07-05,2025-09-22,2025-09-29,2025-12-22,221
10,CTS-001,WHOLESALE,2025-09-29,412.0,HW_Damped_Add,355.599217379071,2021-07-05,2025-09-22,2025-09-29,2025-12-22,221
10,CTS-001,WHOLESALE,2025-10-06,327.0,HW_Damped_Add,335.87013215068464,2021-07-05,2025-09-22,2025-09-29,2025-12-22,221
10,CTS-001,WHOLESALE,2025-10-13,374.0,HW_Damped_Add,334.6208313179132,2021-07-05,2025-09-22,2025-09-29,2025-12-22,221
10,CTS-001,WHOLESALE,2025-10-20,423.00000000000006,HW_Damped_Add,338.76599672541334,2021-07-05,2025-09-22,2025-09-29,2025-12-22,221
10,CTS-001,WHOLESALE,2025-10-27,372.0,HW_Damped_Add,401.4444526325414,2021-07-05,2025-09-22,2025-09-29,2025-12-22,221
10,CTS-001,WHOLESALE,2025-11-03,437.0,HW_Damped_Add,383.26796819987055,2021-07-05,2025-09-22,2025-09-29,2025-12-22,221
10,CTS-001,WHOLESALE,2025-11-10,297.2520322239045,HW_Damped_Add,403.6122365716368,2021-07-05,2025-09-22,2025-09-29,2025-12-22,221
10,CTS-001,WHOLESALE,2025-11-17,527.2190178659379,HW_Damped_Add,454.86827057290486,2021-07-05,2025-09-22,2025-09-29,2025-12-22,221
10,CTS-001,WHOLESALE,2025-11-24,525.8558682337625,HW_Damped_Add,456.71618726190104,2021-07-05,2025-09-22,2025-09-29,2025-12-22,221
10,CTS-001,WHOLESALE,2025-12-01,261.7953822659147,HW_Damped_Add,366.3361131123591,2021-07-05,2025-09-22,2025-09-29,2025-12-22,221
10,CTS-001,WHOLESALE,2025-12-08,280.8304454580508,HW_Damped_Add,339.29611882455066,2021-07-05,2025-09-22,2025-09-29,2025-12-22,221
10,CTS-001,WHOLESALE,2025-12-15,341.0283175176544,HW_Damped_Add,347.2321932270104,2021-07-05,2025-09-22,2025-09-29,2025-12-22,221
10,CTS-001,WHOLESALE,2025-12-22,264.60476279121724,HW_Damped_Add,300.30844853581954,2021-07-05,2025-09-22,2025-09-29,2025-12-22,221
10,CTS-001,WHOLESALE,2025-09-29,412.0,HW_Damped_Mul,355.8591299113088,2021-07-05,2025-09-22,2025-09-29,2025-12-22,221
10,CTS-001,WHOLESALE,2025-10-06,327.0,HW_Damped_Mul,332.7861299150857,2021-07-05,2025-09-22,2025-09-29,2025-12-22,221
10,CTS-001,WHOLESALE,2025-10-13,374.0,HW_Damped_Mul,332.2553003573086,2021-07-05,2025-09-22,2025-09-29,2025-12-22,221
10,CTS-001,WHOLESALE,2025-10-20,423.00000000000006,HW_Damped_Mul,337.3640954195211,2021-07-05,2025-09-22,2025-09-29,2025-12-22,221
10,CTS-001,WHOLESALE,2025-10-27,372.0,HW_Damped_Mul,398.94663315185863,2021-07-05,2025-09-22,2025-09-29,2025-12-22,221
10,CTS-001,WHOLESALE,2025-11-03,437.0,HW_Damped_Mul,378.9396193058784,2021-07-05,2025-09-22,2025-09-29,2025-12-22,221
10,CTS-001,WHOLESALE,2025-11-10,297.2520322239045,HW_Damped_Mul,396.8863882511019,2021-07-05,2025-09-22,2025-09-29,2025-12-22,221
10,CTS-001,WHOLESALE,2025-11-17,527.2190178659379,HW_Damped_Mul,449.64016386936265,2021-07-05,2025-09-22,2025-09-29,2025-12-22,221
10,CTS-001,WHOLESALE,2025-11-24,525.8558682337625,HW_Damped_Mul,446.84778292740026,2021-07-05,2025-09-22,2025-09-29,2025-12-22,221
10,CTS-001,WHOLESALE,2025-12-01,261.7953822659147,HW_Damped_Mul,362.24881647283263,2021-07-05,2025-09-22,2025-09-29,2025-12-22,221
10,CTS-001,WHOLESALE,2025-12-08,280.8304454580508,HW_Damped_Mul,338.1788624014514,2021-07-05,2025-09-22,2025-09-29,2025-12-22,221
10,CTS-001,WHOLESALE,2025-12-15,341.0283175176544,HW_Damped_Mul,343.7260440966233,2021-07-05,2025-09-22,2025-09-29,2025-12-22,221
10,CTS-001,WHOLESALE,2025-12-22,264.60476279121724,HW_Damped_Mul,298.62150504627994,2021-07-05,2025-09-22,2025-09-29,2025-12-22,221
11,CTS-001,WHOLESALE,2025-12-29,379.99144826463055,HW_Add_Add,212.4561609652123,2021-07-05,2025-12-22,2025-12-29,2026-03-23,234
11,CTS-001,WHOLESALE,2026-01-05,197.04290851177933,HW_Add_Add,174.40563966477623,2021-07-05,2025-12-22,2025-12-29,2026-03-23,234
11,CTS-001,WHOLESALE,2026-01-12,177.25,HW_Add_Add,224.6735377039921,2021-07-05,2025-12-22,2025-12-29,2026-03-23,234
11,CTS-001,WHOLESALE,2026-01-19,161.0,HW_Add_Add,201.8425540698916,2021-07-05,2025-12-22,2025-12-29,2026-03-23,234
11,CTS-001,WHOLESALE,2026-01-26,209.779711480894,HW_Add_Add,183.97159953198258,2021-07-05,2025-12-22,2025-12-29,2026-03-23,234
11,CTS-001,WHOLESALE,2026-02-02,188.0,HW_Add_Add,251.76278117316824,2021-07-05,2025-12-22,2025-12-29,2026-03-23,234
11,CTS-001,WHOLESALE,2026-02-09,267.0,HW_Add_Add,214.6729476790365,2021-07-05,2025-12-22,2025-12-29,2026-03-23,234
11,CTS-001,WHOLESALE,2026-02-16,188.0,HW_Add_Add,240.20593815515423,2021-07-05,2025-12-22,2025-12-29,2026-03-23,234
11,CTS-001,WHOLESALE,2026-02-23,276.0,HW_Add_Add,236.27023954902006,2021-07-05,2025-12-22,2025-12-29,2026-03-23,234
11,CTS-001,WHOLESALE,2026-03-02,151.0,HW_Add_Add,227.08874548265428,2021-07-05,2025-12-22,2025-12-29,2026-03-23,234
11,CTS-001,WHOLESALE,2026-03-09,227.5,HW_Add_Add,242.8698434289634,2021-07-05,2025-12-22,2025-12-29,2026-03-23,234
11,CTS-001,WHOLESALE,2026-03-16,239.0,HW_Add_Add,230.43014532608402,2021-07-05,2025-12-22,2025-12-29,2026-03-23,234
11,CTS-001,WHOLESALE,2026-03-23,203.0,HW_Add_Add,226.5676009235025,2021-07-05,2025-12-22,2025-12-29,2026-03-23,234
11,CTS-001,WHOLESALE,2025-12-29,379.99144826463055,HW_Damped_Add,212.63422256092116,2021-07-05,2025-12-22,2025-12-29,2026-03-23,234
11,CTS-001,WHOLESALE,2026-01-05,197.04290851177933,HW_Damped_Add,174.51026576992558,2021-07-05,2025-12-22,2025-12-29,2026-03-23,234
11,CTS-001,WHOLESALE,2026-01-12,177.25,HW_Damped_Add,224.77282893412314,2021-07-05,2025-12-22,2025-12-29,2026-03-23,234
11,CTS-001,WHOLESALE,2026-01-19,161.0,HW_Damped_Add,201.730317584551,2021-07-05,2025-12-22,2025-12-29,2026-03-23,234
11,CTS-001,WHOLESALE,2026-01-26,209.779711480894,HW_Damped_Add,183.80778774707443,2021-07-05,2025-12-22,2025-12-29,2026-03-23,234
11,CTS-001,WHOLESALE,2026-02-02,188.0,HW_Damped_Add,251.49266412957238,2021-07-05,2025-12-22,2025-12-29,2026-03-23,234
11,CTS-001,WHOLESALE,2026-02-09,267.0,HW_Damped_Add,214.48576094170548,2021-07-05,2025-12-22,2025-12-29,2026-03-23,234
11,CTS-001,WHOLESALE,2026-02-16,188.0,HW_Damped_Add,240.27163877992103,2021-07-05,2025-12-22,2025-12-29,2026-03-23,234
11,CTS-001,WHOLESALE,2026-02-23,276.0,HW_Damped_Add,236.19041606290162,2021-07-05,2025-12-22,2025-12-29,2026-03-23,234
11,CTS-001,WHOLESALE,2026-03-02,151.0,HW_Damped_Add,226.87934342561647,2021-07-05,2025-12-22,2025-12-29,2026-03-23,234
11,CTS-001,WHOLESALE,2026-03-09,227.5,HW_Damped_Add,242.91092957938406,2021-07-05,2025-12-22,2025-12-29,2026-03-23,234
11,CTS-001,WHOLESALE,2026-03-16,239.0,HW_Damped_Add,230.3321269823859,2021-07-05,2025-12-22,2025-12-29,2026-03-23,234
11,CTS-001,WHOLESALE,2026-03-23,203.0,HW_Damped_Add,226.49031772652475,2021-07-05,2025-12-22,2025-12-29,2026-03-23,234
11,CTS-001,WHOLESALE,2025-12-29,379.99144826463055,HW_Damped_Mul,212.72179443872264,2021-07-05,2025-12-22,2025-12-29,2026-03-23,234
11,CTS-001,WHOLESALE,2026-01-05,197.04290851177933,HW_Damped_Mul,176.87024001125008,2021-07-05,2025-12-22,2025-12-29,2026-03-23,234
11,CTS-001,WHOLESALE,2026-01-12,177.25,HW_Damped_Mul,227.80029545130347,2021-07-05,2025-12-22,2025-12-29,2026-03-23,234
11,CTS-001,WHOLESALE,2026-01-19,161.0,HW_Damped_Mul,204.91968373876142,2021-07-05,2025-12-22,2025-12-29,2026-03-23,234
11,CTS-001,WHOLESALE,2026-01-26,209.779711480894,HW_Damped_Mul,184.83133048743665,2021-07-05,2025-12-22,2025-12-29,2026-03-23,234
11,CTS-001,WHOLESALE,2026-02-02,188.0,HW_Damped_Mul,251.4380044446515,2021-07-05,2025-12-22,2025-12-29,2026-03-23,234
11,CTS-001,WHOLESALE,2026-02-09,267.0,HW_Damped_Mul,215.6750736323184,2021-07-05,2025-12-22,2025-12-29,2026-03-23,234
11,CTS-001,WHOLESALE,2026-02-16,188.0,HW_Damped_Mul,239.01069616654723,2021-07-05,2025-12-22,2025-12-29,2026-03-23,234
11,CTS-001,WHOLESALE,2026-02-23,276.0,HW_Damped_Mul,234.59401524263254,2021-07-05,2025-12-22,2025-12-29,2026-03-23,234
11,CTS-001,WHOLESALE,2026-03-02,151.0,HW_Damped_Mul,225.07676749323983,2021-07-05,2025-12-22,2025-12-29,2026-03-23,234
11,CTS-001,WHOLESALE,2026-03-09,227.5,HW_Damped_Mul,243.4187375037389,2021-07-05,2025-12-22,2025-12-29,2026-03-23,234
11,CTS-001,WHOLESALE,2026-03-16,239.0,HW_Damped_Mul,228.81914929109757,2021-07-05,2025-12-22,2025-12-29,2026-03-23,234
11,CTS-001,WHOLESALE,2026-03-23,203.0,HW_Damped_Mul,228.03656885632046,2021-07-05,2025-12-22,2025-12-29,2026-03-23,234
12,CTS-001,WHOLESALE,2026-03-30,234.35998101619776,HW_Add_Add,278.47747788811154,2021-07-05,2026-03-23,2026-03-30,2026-06-22,247
12,CTS-001,WHOLESALE,2026-04-06,252.00000000000003,HW_Add_Add,288.3705719172629,2021-07-05,2026-03-23,2026-03-30,2026-06-22,247
12,CTS-001,WHOLESALE,2026-04-13,298.7462804790289,HW_Add_Add,219.49187814373695,2021-07-05,2026-03-23,2026-03-30,2026-06-22,247
12,CTS-001,WHOLESALE,2026-04-20,190.7368157358052,HW_Add_Add,232.30907254652448,2021-07-05,2026-03-23,2026-03-30,2026-06-22,247
12,CTS-001,WHOLESALE,2026-04-27,234.0,HW_Add_Add,252.9484926430304,2021-07-05,2026-03-23,2026-03-30,2026-06-22,247
12,CTS-001,WHOLESALE,2026-05-04,268.96162997005,HW_Add_Add,271.2489708106847,2021-07-05,2026-03-23,2026-03-30,2026-06-22,247
12,CTS-001,WHOLESALE,2026-05-11,347.70990263611293,HW_Add_Add,261.49199752509696,2021-07-05,2026-03-23,2026-03-30,2026-06-22,247
12,CTS-001,WHOLESALE,2026-05-18,253.0,HW_Add_Add,182.5831324326304,2021-07-05,2026-03-23,2026-03-30,2026-06-22,247
12,CTS-001,WHOLESALE,2026-05-25,253.89206189784667,HW_Add_Add,274.7145215245647,2021-07-05,2026-03-23,2026-03-30,2026-06-22,247
12,CTS-001,WHOLESALE,2026-06-01,301.447933204697,HW_Add_Add,269.98651025538925,2021-07-05,2026-03-23,2026-03-30,2026-06-22,247
12,CTS-001,WHOLESALE,2026-06-08,233.0,HW_Add_Add,233.1639999733358,2021-07-05,2026-03-23,2026-03-30,2026-06-22,247
12,CTS-001,WHOLESALE,2026-06-15,279.3333826719655,HW_Add_Add,259.65775899398204,2021-07-05,2026-03-23,2026-03-30,2026-06-22,247
12,CTS-001,WHOLESALE,2026-06-22,234.81721019688013,HW_Add_Add,322.18465368770984,2021-07-05,2026-03-23,2026-03-30,2026-06-22,247
12,CTS-001,WHOLESALE,2026-03-30,234.35998101619776,HW_Damped_Add,279.26934262175,2021-07-05,2026-03-23,2026-03-30,2026-06-22,247
12,CTS-001,WHOLESALE,2026-04-06,252.00000000000003,HW_Damped_Add,289.3449007296634,2021-07-05,2026-03-23,2026-03-30,2026-06-22,247
12,CTS-001,WHOLESALE,2026-04-13,298.7462804790289,HW_Damped_Add,220.4365515511959,2021-07-05,2026-03-23,2026-03-30,2026-06-22,247
12,CTS-001,WHOLESALE,2026-04-20,190.7368157358052,HW_Damped_Add,233.27091913484333,2021-07-05,2026-03-23,2026-03-30,2026-06-22,247
12,CTS-001,WHOLESALE,2026-04-27,234.0,HW_Damped_Add,253.99062412574978,2021-07-05,2026-03-23,2026-03-30,2026-06-22,247
12,CTS-001,WHOLESALE,2026-05-04,268.96162997005,HW_Damped_Add,272.3199768786714,2021-07-05,2026-03-23,2026-03-30,2026-06-22,247
12,CTS-001,WHOLESALE,2026-05-11,347.70990263611293,HW_Damped_Add,262.68710601185705,2021-07-05,2026-03-23,2026-03-30,2026-06-22,247
12,CTS-001,WHOLESALE,2026-05-18,253.0,HW_Damped_Add,183.88611564575388,2021-07-05,2026-03-23,2026-03-30,2026-06-22,247
12,CTS-001,WHOLESALE,2026-05-25,253.89206189784667,HW_Damped_Add,276.02518170831195,2021-07-05,2026-03-23,2026-03-30,2026-06-22,247
12,CTS-001,WHOLESALE,2026-06-01,301.447933204697,HW_Damped_Add,271.25904815180496,2021-07-05,2026-03-23,2026-03-30,2026-06-22,247
12,CTS-001,WHOLESALE,2026-06-08,233.0,HW_Damped_Add,234.4921609700213,2021-07-05,2026-03-23,2026-03-30,2026-06-22,247
12,CTS-001,WHOLESALE,2026-06-15,279.3333826719655,HW_Damped_Add,261.09104440535395,2021-07-05,2026-03-23,2026-03-30,2026-06-22,247
12,CTS-001,WHOLESALE,2026-06-22,234.81721019688013,HW_Damped_Add,323.6833617527377,2021-07-05,2026-03-23,2026-03-30,2026-06-22,247
12,CTS-001,WHOLESALE,2026-03-30,234.35998101619776,HW_Damped_Mul,277.1561518732268,2021-07-05,2026-03-23,2026-03-30,2026-06-22,247
12,CTS-001,WHOLESALE,2026-04-06,252.00000000000003,HW_Damped_Mul,285.69623582310726,2021-07-05,2026-03-23,2026-03-30,2026-06-22,247
12,CTS-001,WHOLESALE,2026-04-13,298.7462804790289,HW_Damped_Mul,219.2747034702601,2021-07-05,2026-03-23,2026-03-30,2026-06-22,247
12,CTS-001,WHOLESALE,2026-04-20,190.7368157358052,HW_Damped_Mul,233.03346293756547,2021-07-05,2026-03-23,2026-03-30,2026-06-22,247
12,CTS-001,WHOLESALE,2026-04-27,234.0,HW_Damped_Mul,253.50038364009566,2021-07-05,2026-03-23,2026-03-30,2026-06-22,247
12,CTS-001,WHOLESALE,2026-05-04,268.96162997005,HW_Damped_Mul,271.1063031833457,2021-07-05,2026-03-23,2026-03-30,2026-06-22,247
12,CTS-001,WHOLESALE,2026-05-11,347.70990263611293,HW_Damped_Mul,261.3507170113381,2021-07-05,2026-03-23,2026-03-30,2026-06-22,247
12,CTS-001,WHOLESALE,2026-05-18,253.0,HW_Damped_Mul,188.2065617770179,2021-07-05,2026-03-23,2026-03-30,2026-06-22,247
12,CTS-001,WHOLESALE,2026-05-25,253.89206189784667,HW_Damped_Mul,275.9381174729269,2021-07-05,2026-03-23,2026-03-30,2026-06-22,247
12,CTS-001,WHOLESALE,2026-06-01,301.447933204697,HW_Damped_Mul,268.8930327590721,2021-07-05,2026-03-23,2026-03-30,2026-06-22,247
12,CTS-001,WHOLESALE,2026-06-08,233.0,HW_Damped_Mul,230.58481116863956,2021-07-05,2026-03-23,2026-03-30,2026-06-22,247
12,CTS-001,WHOLESALE,2026-06-15,279.3333826719655,HW_Damped_Mul,258.0956552792792,2021-07-05,2026-03-23,2026-03-30,2026-06-22,247
12,CTS-001,WHOLESALE,2026-06-22,234.81721019688013,HW_Damped_Mul,317.68113858888916,2021-07-05,2026-03-23,2026-03-30,2026-06-22,247
1,IMH-001,ECOM,2023-07-03,324.0,HW_Add_Add,385.2364374849132,2021-07-05,2023-06-26,2023-07-03,2023-09-25,104
1,IMH-001,ECOM,2023-07-10,373.0,HW_Add_Add,392.2366818990995,2021-07-05,2023-06-26,2023-07-03,2023-09-25,104
1,IMH-001,ECOM,2023-07-17,333.0,HW_Add_Add,414.73643866555415,2021-07-05,2023-06-26,2023-07-03,2023-09-25,104
1,IMH-001,ECOM,2023-07-24,362.0,HW_Add_Add,385.73650273434157,2021-07-05,2023-06-26,2023-07-03,2023-09-25,104
1,IMH-001,ECOM,2023-07-31,355.0,HW_Add_Add,432.73698855954706,2021-07-05,2023-06-26,2023-07-03,2023-09-25,104
1,IMH-001,ECOM,2023-08-07,402.0,HW_Add_Add,458.2355745484382,2021-07-05,2023-06-26,2023-07-03,2023-09-25,104
1,IMH-001,ECOM,2023-08-14,412.0,HW_Add_Add,428.2371924795,2021-07-05,2023-06-26,2023-07-03,2023-09-25,104
1,IMH-001,ECOM,2023-08-21,449.0,HW_Add_Add,414.2368569682229,2021-07-05,2023-06-26,2023-07-03,2023-09-25,104
1,IMH-001,ECOM,2023-08-28,332.0,HW_Add_Add,426.73715432044446,2021-07-05,2023-06-26,2023-07-03,2023-09-25,104
1,IMH-001,ECOM,2023-09-04,549.0,HW_Add_Add,561.7370030410858,2021-07-05,2023-06-26,2023-07-03,2023-09-25,104
1,IMH-001,ECOM,2023-09-11,563.0,HW_Add_Add,563.2369817630497,2021-07-05,2023-06-26,2023-07-03,2023-09-25,104
1,IMH-001,ECOM,2023-09-18,579.0,HW_Add_Add,585.2380639182934,2021-07-05,2023-06-26,2023-07-03,2023-09-25,104
1,IMH-001,ECOM,2023-09-25,581.0,HW_Add_Add,574.238061048059,2021-07-05,2023-06-26,2023-07-03,2023-09-25,104
1,IMH-001,ECOM,2023-07-03,324.0,HW_Damped_Add,331.675712101101,2021-07-05,2023-06-26,2023-07-03,2023-09-25,104
1,IMH-001,ECOM,2023-07-10,373.0,HW_Damped_Add,338.86705282555124,2021-07-05,2023-06-26,2023-07-03,2023-09-25,104
1,IMH-001,ECOM,2023-07-17,333.0,HW_Damped_Add,361.511823754219,2021-07-05,2023-06-26,2023-07-03,2023-09-25,104
1,IMH-001,ECOM,2023-07-24,362.0,HW_Damped_Add,332.5863319867807,2021-07-05,2023-06-26,2023-07-03,2023-09-25,104
1,IMH-001,ECOM,2023-07-31,355.0,HW_Damped_Add,379.6142421142471,2021-07-05,2023-06-26,2023-07-03,2023-09-25,104
1,IMH-001,ECOM,2023-08-07,402.0,HW_Damped_Add,405.10857958604777,2021-07-05,2023-06-26,2023-07-03,2023-09-25,104
1,IMH-001,ECOM,2023-08-14,412.0,HW_Damped_Add,375.00861174812167,2021-07-05,2023-06-26,2023-07-03,2023-09-25,104
1,IMH-001,ECOM,2023-08-21,449.0,HW_Damped_Add,360.8865357033577,2021-07-05,2023-06-26,2023-07-03,2023-09-25,104
1,IMH-001,ECOM,2023-08-28,332.0,HW_Damped_Add,373.2142365838207,2021-07-05,2023-06-26,2023-07-03,2023-09-25,104
1,IMH-001,ECOM,2023-09-04,549.0,HW_Damped_Add,508.00059570222845,2021-07-05,2023-06-26,2023-07-03,2023-09-25,104
1,IMH-001,ECOM,2023-09-11,563.0,HW_Damped_Add,509.24854871222794,2021-07-05,2023-06-26,2023-07-03,2023-09-25,104
1,IMH-001,ECOM,2023-09-18,579.0,HW_Damped_Add,530.9521691812724,2021-07-05,2023-06-26,2023-07-03,2023-09-25,104
1,IMH-001,ECOM,2023-09-25,581.0,HW_Damped_Add,519.6280417011785,2021-07-05,2023-06-26,2023-07-03,2023-09-25,104
1,IMH-001,ECOM,2023-07-03,324.0,HW_Damped_Mul,349.5291537309328,2021-07-05,2023-06-26,2023-07-03,2023-09-25,104
1,IMH-001,ECOM,2023-07-10,373.0,HW_Damped_Mul,356.9210118696376,2021-07-05,2023-06-26,2023-07-03,2023-09-25,104
1,IMH-001,ECOM,2023-07-17,333.0,HW_Damped_Mul,383.31609190889395,2021-07-05,2023-06-26,2023-07-03,2023-09-25,104
1,IMH-001,ECOM,2023-07-24,362.0,HW_Damped_Mul,348.18044401957775,2021-07-05,2023-06-26,2023-07-03,2023-09-25,104
1,IMH-001,ECOM,2023-07-31,355.0,HW_Damped_Mul,401.66511208510684,2021-07-05,2023-06-26,2023-07-03,2023-09-25,104
1,IMH-001,ECOM,2023-08-07,402.0,HW_Damped_Mul,433.87462160935587,2021-07-05,2023-06-26,2023-07-03,2023-09-25,104
1,IMH-001,ECOM,2023-08-14,412.0,HW_Damped_Mul,396.3299688001039,2021-07-05,2023-06-26,2023-07-03,2023-09-25,104
1,IMH-001,ECOM,2023-08-21,449.0,HW_Damped_Mul,380.41923786474354,2021-07-05,2023-06-26,2023-07-03,2023-09-25,104
1,IMH-001,ECOM,2023-08-28,332.0,HW_Damped_Mul,394.0278232866237,2021-07-05,2023-06-26,2023-07-03,2023-09-25,104
1,IMH-001,ECOM,2023-09-04,549.0,HW_Damped_Mul,548.4817785932776,2021-07-05,2023-06-26,2023-07-03,2023-09-25,104
1,IMH-001,ECOM,2023-09-11,563.0,HW_Damped_Mul,550.2152206144782,2021-07-05,2023-06-26,2023-07-03,2023-09-25,104
1,IMH-001,ECOM,2023-09-18,579.0,HW_Damped_Mul,574.511457282521,2021-07-05,2023-06-26,2023-07-03,2023-09-25,104
1,IMH-001,ECOM,2023-09-25,581.0,HW_Damped_Mul,562.1829245815692,2021-07-05,2023-06-26,2023-07-03,2023-09-25,104
2,IMH-001,ECOM,2023-10-02,701.0,HW_Add_Add,677.6601639964837,2021-07-05,2023-09-25,2023-10-02,2023-12-25,117
2,IMH-001,ECOM,2023-10-09,669.0,HW_Add_Add,686.1074082640054,2021-07-05,2023-09-25,2023-10-02,2023-12-25,117
2,IMH-001,ECOM,2023-10-16,661.0,HW_Add_Add,709.1087172358993,2021-07-05,2023-09-25,2023-10-02,2023-12-25,117
2,IMH-001,ECOM,2023-10-23,767.0,HW_Add_Add,734.5911407823969,2021-07-05,2023-09-25,2023-10-02,2023-12-25,117
2,IMH-001,ECOM,2023-10-30,892.0,HW_Add_Add,842.5269614413884,2021-07-05,2023-09-25,2023-10-02,2023-12-25,117
2,IMH-001,ECOM,2023-11-06,968.0,HW_Add_Add,775.0224403687297,2021-07-05,2023-09-25,2023-10-02,2023-12-25,117
2,IMH-001,ECOM,2023-11-13,850.0,HW_Add_Add,815.9954648198097,2021-07-05,2023-09-25,2023-10-02,2023-12-25,117
2,IMH-001,ECOM,2023-11-20,973.0,HW_Add_Add,902.0670269778618,2021-07-05,2023-09-25,2023-10-02,2023-12-25,117
2,IMH-001,ECOM,2023-11-27,961.0,HW_Add_Add,922.424854316767,2021-07-05,2023-09-25,2023-10-02,2023-12-25,117
2,IMH-001,ECOM,2023-12-04,889.0,HW_Add_Add,840.904523462682,2021-07-05,2023-09-25,2023-10-02,2023-12-25,117
2,IMH-001,ECOM,2023-12-11,875.9999999999999,HW_Add_Add,929.1931051503975,2021-07-05,2023-09-25,2023-10-02,2023-12-25,117
2,IMH-001,ECOM,2023-12-18,761.4026265929238,HW_Add_Add,1003.1657885026111,2021-07-05,2023-09-25,2023-10-02,2023-12-25,117
2,IMH-001,ECOM,2023-12-25,836.671034644572,HW_Add_Add,901.0883840458914,2021-07-05,2023-09-25,2023-10-02,2023-12-25,117
2,IMH-001,ECOM,2023-10-02,701.0,HW_Damped_Add,673.5578098300678,2021-07-05,2023-09-25,2023-10-02,2023-12-25,117
2,IMH-001,ECOM,2023-10-09,669.0,HW_Damped_Add,682.8484775385025,2021-07-05,2023-09-25,2023-10-02,2023-12-25,117
2,IMH-001,ECOM,2023-10-16,661.0,HW_Damped_Add,706.3532901931745,2021-07-05,2023-09-25,2023-10-02,2023-12-25,117
2,IMH-001,ECOM,2023-10-23,767.0,HW_Damped_Add,732.2230276452228,2021-07-05,2023-09-25,2023-10-02,2023-12-25,117
2,IMH-001,ECOM,2023-10-30,892.0,HW_Damped_Add,840.5700882608589,2021-07-05,2023-09-25,2023-10-02,2023-12-25,117
2,IMH-001,ECOM,2023-11-06,968.0,HW_Damped_Add,773.1123313546178,2021-07-05,2023-09-25,2023-10-02,2023-12-25,117
2,IMH-001,ECOM,2023-11-13,850.0,HW_Damped_Add,814.0889712380733,2021-07-05,2023-09-25,2023-10-02,2023-12-25,117
2,IMH-001,ECOM,2023-11-20,973.0,HW_Damped_Add,900.1430314755698,2021-07-05,2023-09-25,2023-10-02,2023-12-25,117
2,IMH-001,ECOM,2023-11-27,961.0,HW_Damped_Add,920.3139987899574,2021-07-05,2023-09-25,2023-10-02,2023-12-25,117
2,IMH-001,ECOM,2023-12-04,889.0,HW_Damped_Add,838.5258151351031,2021-07-05,2023-09-25,2023-10-02,2023-12-25,117
2,IMH-001,ECOM,2023-12-11,875.9999999999999,HW_Damped_Add,926.3738478921807,2021-07-05,2023-09-25,2023-10-02,2023-12-25,117
2,IMH-001,ECOM,2023-12-18,761.4026265929238,HW_Damped_Add,999.9020904791605,2021-07-05,2023-09-25,2023-10-02,2023-12-25,117
2,IMH-001,ECOM,2023-12-25,836.671034644572,HW_Damped_Add,897.3644188679331,2021-07-05,2023-09-25,2023-10-02,2023-12-25,117
2,IMH-001,ECOM,2023-10-02,701.0,HW_Damped_Mul,695.3662612533799,2021-07-05,2023-09-25,2023-10-02,2023-12-25,117
2,IMH-001,ECOM,2023-10-09,669.0,HW_Damped_Mul,697.1994044927725,2021-07-05,2023-09-25,2023-10-02,2023-12-25,117
2,IMH-001,ECOM,2023-10-16,661.0,HW_Damped_Mul,729.2491909686531,2021-07-05,2023-09-25,2023-10-02,2023-12-25,117
2,IMH-001,ECOM,2023-10-23,767.0,HW_Damped_Mul,760.6947502912311,2021-07-05,2023-09-25,2023-10-02,2023-12-25,117
2,IMH-001,ECOM,2023-10-30,892.0,HW_Damped_Mul,872.8911674977252,2021-07-05,2023-09-25,2023-10-02,2023-12-25,117
2,IMH-001,ECOM,2023-11-06,968.0,HW_Damped_Mul,804.8639727233257,2021-07-05,2023-09-25,2023-10-02,2023-12-25,117
2,IMH-001,ECOM,2023-11-13,850.0,HW_Damped_Mul,856.472711568374,2021-07-05,2023-09-25,2023-10-02,2023-12-25,117
2,IMH-001,ECOM,2023-11-20,973.0,HW_Damped_Mul,950.7298582474424,2021-07-05,2023-09-25,2023-10-02,2023-12-25,117
2,IMH-001,ECOM,2023-11-27,961.0,HW_Damped_Mul,974.0657713333359,2021-07-05,2023-09-25,2023-10-02,2023-12-25,117
2,IMH-001,ECOM,2023-12-04,889.0,HW_Damped_Mul,878.8834859477128,2021-07-05,2023-09-25,2023-10-02,2023-12-25,117
2,IMH-001,ECOM,2023-12-11,875.9999999999999,HW_Damped_Mul,986.8495148760342,2021-07-05,2023-09-25,2023-10-02,2023-12-25,117
2,IMH-001,ECOM,2023-12-18,761.4026265929238,HW_Damped_Mul,1071.0028059190117,2021-07-05,2023-09-25,2023-10-02,2023-12-25,117
2,IMH-001,ECOM,2023-12-25,836.671034644572,HW_Damped_Mul,943.9720974243088,2021-07-05,2023-09-25,2023-10-02,2023-12-25,117
3,IMH-001,ECOM,2024-01-01,746.4148375372087,HW_Add_Add,817.3303621831631,2021-07-05,2023-12-25,2024-01-01,2024-03-25,130
3,IMH-001,ECOM,2024-01-08,767.6071355837788,HW_Add_Add,801.7199712674421,2021-07-05,2023-12-25,2024-01-01,2024-03-25,130
3,IMH-001,ECOM,2024-01-15,1076.0,HW_Add_Add,796.1264612238938,2021-07-05,2023-12-25,2024-01-01,2024-03-25,130
3,IMH-001,ECOM,2024-01-22,759.681358056455,HW_Add_Add,872.8650544272883,2021-07-05,2023-12-25,2024-01-01,2024-03-25,130
3,IMH-001,ECOM,2024-01-29,763.2719397096193,HW_Add_Add,931.7392980992279,2021-07-05,2023-12-25,2024-01-01,2024-03-25,130
3,IMH-001,ECOM,2024-02-05,573.5787639638366,HW_Add_Add,689.7206811351703,2021-07-05,2023-12-25,2024-01-01,2024-03-25,130
3,IMH-001,ECOM,2024-02-12,780.6356101902942,HW_Add_Add,717.938999818166,2021-07-05,2023-12-25,2024-01-01,2024-03-25,130
3,IMH-001,ECOM,2024-02-19,756.6692250701107,HW_Add_Add,737.1052520952983,2021-07-05,2023-12-25,2024-01-01,2024-03-25,130
3,IMH-001,ECOM,2024-02-26,664.0055906730651,HW_Add_Add,715.1304327571756,2021-07-05,2023-12-25,2024-01-01,2024-03-25,130
3,IMH-001,ECOM,2024-03-04,635.8646682829769,HW_Add_Add,665.941408169466,2021-07-05,2023-12-25,2024-01-01,2024-03-25,130
3,IMH-001,ECOM,2024-03-11,544.0291984608024,HW_Add_Add,576.9607672450641,2021-07-05,2023-12-25,2024-01-01,2024-03-25,130
3,IMH-001,ECOM,2024-03-18,631.5564205839029,HW_Add_Add,565.4417731084658,2021-07-05,2023-12-25,2024-01-01,2024-03-25,130
3,IMH-001,ECOM,2024-03-25,531.0,HW_Add_Add,595.9420225817563,2021-07-05,2023-12-25,2024-01-01,2024-03-25,130
3,IMH-001,ECOM,2024-01-01,746.4148375372087,HW_Damped_Add,784.9732723069033,2021-07-05,2023-12-25,2024-01-01,2024-03-25,130
3,IMH-001,ECOM,2024-01-08,767.6071355837788,HW_Damped_Add,768.3011442666389,2021-07-05,2023-12-25,2024-01-01,2024-03-25,130
3,IMH-001,ECOM,2024-01-15,1076.0,HW_Damped_Add,762.1433919597655,2021-07-05,2023-12-25,2024-01-01,2024-03-25,130
3,IMH-001,ECOM,2024-01-22,759.681358056455,HW_Damped_Add,837.9857843526553,2021-07-05,2023-12-25,2024-01-01,2024-03-25,130
3,IMH-001,ECOM,2024-01-29,763.2719397096193,HW_Damped_Add,895.7702460341256,2021-07-05,2023-12-25,2024-01-01,2024-03-25,130
3,IMH-001,ECOM,2024-02-05,573.5787639638366,HW_Damped_Add,653.6878373379514,2021-07-05,2023-12-25,2024-01-01,2024-03-25,130
3,IMH-001,ECOM,2024-02-12,780.6356101902942,HW_Damped_Add,681.1526906908674,2021-07-05,2023-12-25,2024-01-01,2024-03-25,130
3,IMH-001,ECOM,2024-02-19,756.6692250701107,HW_Damped_Add,699.7223515134712,2021-07-05,2023-12-25,2024-01-01,2024-03-25,130
3,IMH-001,ECOM,2024-02-26,664.0055906730651,HW_Damped_Add,676.6097946049981,2021-07-05,2023-12-25,2024-01-01,2024-03-25,130
3,IMH-001,ECOM,2024-03-04,635.8646682829769,HW_Damped_Add,626.8020805750205,2021-07-05,2023-12-25,2024-01-01,2024-03-25,130
3,IMH-001,ECOM,2024-03-11,544.0291984608024,HW_Damped_Add,536.8622511155851,2021-07-05,2023-12-25,2024-01-01,2024-03-25,130
3,IMH-001,ECOM,2024-03-18,631.5564205839029,HW_Damped_Add,524.73853528297,2021-07-05,2023-12-25,2024-01-01,2024-03-25,130
3,IMH-001,ECOM,2024-03-25,531.0,HW_Damped_Add,554.6846836724626,2021-07-05,2023-12-25,2024-01-01,2024-03-25,130
3,IMH-001,ECOM,2024-01-01,746.4148375372087,HW_Damped_Mul,809.2431666288088,2021-07-05,2023-12-25,2024-01-01,2024-03-25,130
3,IMH-001,ECOM,2024-01-08,767.6071355837788,HW_Damped_Mul,793.1658221452846,2021-07-05,2023-12-25,2024-01-01,2024-03-25,130
3,IMH-001,ECOM,2024-01-15,1076.0,HW_Damped_Mul,784.6408042187369,2021-07-05,2023-12-25,2024-01-01,2024-03-25,130
3,IMH-001,ECOM,2024-01-22,759.681358056455,HW_Damped_Mul,866.9589876982996,2021-07-05,2023-12-25,2024-01-01,2024-03-25,130
3,IMH-001,ECOM,2024-01-29,763.2719397096193,HW_Damped_Mul,931.2521090191627,2021-07-05,2023-12-25,2024-01-01,2024-03-25,130
3,IMH-001,ECOM,2024-02-05,573.5787639638366,HW_Damped_Mul,666.4333027717904,2021-07-05,2023-12-25,2024-01-01,2024-03-25,130
3,IMH-001,ECOM,2024-02-12,780.6356101902942,HW_Damped_Mul,696.3025275843139,2021-07-05,2023-12-25,2024-01-01,2024-03-25,130
3,IMH-001,ECOM,2024-02-19,756.6692250701107,HW_Damped_Mul,715.270730755893,2021-07-05,2023-12-25,2024-01-01,2024-03-25,130
3,IMH-001,ECOM,2024-02-26,664.0055906730651,HW_Damped_Mul,693.0805939406665,2021-07-05,2023-12-25,2024-01-01,2024-03-25,130
3,IMH-001,ECOM,2024-03-04,635.8646682829769,HW_Damped_Mul,638.9413971773579,2021-07-05,2023-12-25,2024-01-01,2024-03-25,130
3,IMH-001,ECOM,2024-03-11,544.0291984608024,HW_Damped_Mul,544.4692626167991,2021-07-05,2023-12-25,2024-01-01,2024-03-25,130
3,IMH-001,ECOM,2024-03-18,631.5564205839029,HW_Damped_Mul,530.9655937733493,2021-07-05,2023-12-25,2024-01-01,2024-03-25,130
3,IMH-001,ECOM,2024-03-25,531.0,HW_Damped_Mul,561.9711504042748,2021-07-05,2023-12-25,2024-01-01,2024-03-25,130
4,IMH-001,ECOM,2024-04-01,542.8802197131744,HW_Add_Add,550.9974194303279,2021-07-05,2024-03-25,2024-04-01,2024-06-24,143
4,IMH-001,ECOM,2024-04-08,440.0,HW_Add_Add,491.1654184948687,2021-07-05,2024-03-25,2024-04-01,2024-06-24,143
4,IMH-001,ECOM,2024-04-15,569.8712697458245,HW_Add_Add,547.6446288028798,2021-07-05,2024-03-25,2024-04-01,2024-06-24,143
4,IMH-001,ECOM,2024-04-22,460.63165651472735,HW_Add_Add,463.18799549429554,2021-07-05,2024-03-25,2024-04-01,2024-06-24,143
4,IMH-001,ECOM,2024-04-29,427.00000000000006,HW_Add_Add,450.2140442257561,2021-07-05,2024-03-25,2024-04-01,2024-06-24,143
4,IMH-001,ECOM,2024-05-06,411.00000000000006,HW_Add_Add,481.74943357947325,2021-07-05,2024-03-25,2024-04-01,2024-06-24,143
4,IMH-001,ECOM,2024-05-13,435.0,HW_Add_Add,474.71345588474924,2021-07-05,2024-03-25,2024-04-01,2024-06-24,143
4,IMH-001,ECOM,2024-05-20,440.0,HW_Add_Add,417.24090481399844,2021-07-05,2024-03-25,2024-04-01,2024-06-24,143
4,IMH-001,ECOM,2024-05-27,425.0,HW_Add_Add,429.2344523430116,2021-07-05,2024-03-25,2024-04-01,2024-06-24,143
4,IMH-001,ECOM,2024-06-03,377.0,HW_Add_Add,413.2125598800328,2021-07-05,2024-03-25,2024-04-01,2024-06-24,143
4,IMH-001,ECOM,2024-06-10,392.0,HW_Add_Add,390.7164491141648,2021-07-05,2024-03-25,2024-04-01,2024-06-24,143
4,IMH-001,ECOM,2024-06-17,364.0,HW_Add_Add,382.70587403748175,2021-07-05,2024-03-25,2024-04-01,2024-06-24,143
4,IMH-001,ECOM,2024-06-24,377.0,HW_Add_Add,415.7037191119427,2021-07-05,2024-03-25,2024-04-01,2024-06-24,143
4,IMH-001,ECOM,2024-04-01,542.8802197131744,HW_Damped_Add,526.4403277771045,2021-07-05,2024-03-25,2024-04-01,2024-06-24,143
4,IMH-001,ECOM,2024-04-08,440.0,HW_Damped_Add,465.7770106666394,2021-07-05,2024-03-25,2024-04-01,2024-06-24,143
4,IMH-001,ECOM,2024-04-15,569.8712697458245,HW_Damped_Add,521.2506866453851,2021-07-05,2024-03-25,2024-04-01,2024-06-24,143
4,IMH-001,ECOM,2024-04-22,460.63165651472735,HW_Damped_Add,435.91888727462276,2021-07-05,2024-03-25,2024-04-01,2024-06-24,143
4,IMH-001,ECOM,2024-04-29,427.00000000000006,HW_Damped_Add,422.0062646801506,2021-07-05,2024-03-25,2024-04-01,2024-06-24,143
4,IMH-001,ECOM,2024-05-06,411.00000000000006,HW_Damped_Add,452.65619873526384,2021-07-05,2024-03-25,2024-04-01,2024-06-24,143
4,IMH-001,ECOM,2024-05-13,435.0,HW_Damped_Add,444.56786321342463,2021-07-05,2024-03-25,2024-04-01,2024-06-24,143
4,IMH-001,ECOM,2024-05-20,440.0,HW_Damped_Add,386.21223808948866,2021-07-05,2024-03-25,2024-04-01,2024-06-24,143
4,IMH-001,ECOM,2024-05-27,425.0,HW_Damped_Add,397.23733124843193,2021-07-05,2024-03-25,2024-04-01,2024-06-24,143
4,IMH-001,ECOM,2024-06-03,377.0,HW_Damped_Add,380.2073113395341,2021-07-05,2024-03-25,2024-04-01,2024-06-24,143
4,IMH-001,ECOM,2024-06-10,392.0,HW_Damped_Add,356.7777581641094,2021-07-05,2024-03-25,2024-04-01,2024-06-24,143
4,IMH-001,ECOM,2024-06-17,364.0,HW_Damped_Add,347.7663340201623,2021-07-05,2024-03-25,2024-04-01,2024-06-24,143
4,IMH-001,ECOM,2024-06-24,377.0,HW_Damped_Add,379.7695820752889,2021-07-05,2024-03-25,2024-04-01,2024-06-24,143
4,IMH-001,ECOM,2024-04-01,542.8802197131744,HW_Damped_Mul,520.0278038492551,2021-07-05,2024-03-25,2024-04-01,2024-06-24,143
4,IMH-001,ECOM,2024-04-08,440.0,HW_Damped_Mul,453.4329388713911,2021-07-05,2024-03-25,2024-04-01,2024-06-24,143
4,IMH-001,ECOM,2024-04-15,569.8712697458245,HW_Damped_Mul,515.6137654456454,2021-07-05,2024-03-25,2024-04-01,2024-06-24,143
4,IMH-001,ECOM,2024-04-22,460.63165651472735,HW_Damped_Mul,423.37840766069877,2021-07-05,2024-03-25,2024-04-01,2024-06-24,143
4,IMH-001,ECOM,2024-04-29,427.00000000000006,HW_Damped_Mul,408.8595011109016,2021-07-05,2024-03-25,2024-04-01,2024-06-24,143
4,IMH-001,ECOM,2024-05-06,411.00000000000006,HW_Damped_Mul,440.05361134205083,2021-07-05,2024-03-25,2024-04-01,2024-06-24,143
4,IMH-001,ECOM,2024-05-13,435.0,HW_Damped_Mul,435.15323901849644,2021-07-05,2024-03-25,2024-04-01,2024-06-24,143
4,IMH-001,ECOM,2024-05-20,440.0,HW_Damped_Mul,371.97095060091476,2021-07-05,2024-03-25,2024-04-01,2024-06-24,143
4,IMH-001,ECOM,2024-05-27,425.0,HW_Damped_Mul,384.54919845701124,2021-07-05,2024-03-25,2024-04-01,2024-06-24,143
4,IMH-001,ECOM,2024-06-03,377.0,HW_Damped_Mul,368.4290534392057,2021-07-05,2024-03-25,2024-04-01,2024-06-24,143
4,IMH-001,ECOM,2024-06-10,392.0,HW_Damped_Mul,343.61196372382665,2021-07-05,2024-03-25,2024-04-01,2024-06-24,143
4,IMH-001,ECOM,2024-06-17,364.0,HW_Damped_Mul,335.218832100681,2021-07-05,2024-03-25,2024-04-01,2024-06-24,143
4,IMH-001,ECOM,2024-06-24,377.0,HW_Damped_Mul,369.5121009217597,2021-07-05,2024-03-25,2024-04-01,2024-06-24,143
5,IMH-001,ECOM,2024-07-01,442.0,HW_Add_Add,391.3346580734875,2021-07-05,2024-06-24,2024-07-01,2024-09-23,156
5,IMH-001,ECOM,2024-07-08,471.0,HW_Add_Add,411.98226582995073,2021-07-05,2024-06-24,2024-07-01,2024-09-23,156
5,IMH-001,ECOM,2024-07-15,386.0,HW_Add_Add,413.36367105898034,2021-07-05,2024-06-24,2024-07-01,2024-09-23,156
5,IMH-001,ECOM,2024-07-22,390.0,HW_Add_Add,403.45687554301185,2021-07-05,2024-06-24,2024-07-01,2024-09-23,156
5,IMH-001,ECOM,2024-07-29,391.0,HW_Add_Add,432.2880798016223,2021-07-05,2024-06-24,2024-07-01,2024-09-23,156
5,IMH-001,ECOM,2024-08-05,443.0,HW_Add_Add,464.7913602527167,2021-07-05,2024-06-24,2024-07-01,2024-09-23,156
5,IMH-001,ECOM,2024-08-12,454.0,HW_Add_Add,448.04632365797613,2021-07-05,2024-06-24,2024-07-01,2024-09-23,156
5,IMH-001,ECOM,2024-08-19,436.0,HW_Add_Add,450.95951816487985,2021-07-05,2024-06-24,2024-07-01,2024-09-23,156
5,IMH-001,ECOM,2024-08-26,416.00000000000006,HW_Add_Add,420.282929994528,2021-07-05,2024-06-24,2024-07-01,2024-09-23,156
5,IMH-001,ECOM,2024-09-02,663.0,HW_Add_Add,582.5939437480092,2021-07-05,2024-06-24,2024-07-01,2024-09-23,156
5,IMH-001,ECOM,2024-09-09,586.0,HW_Add_Add,588.2776569890029,2021-07-05,2024-06-24,2024-07-01,2024-09-23,156
5,IMH-001,ECOM,2024-09-16,651.0,HW_Add_Add,608.3257264572851,2021-07-05,2024-06-24,2024-07-01,2024-09-23,156
5,IMH-001,ECOM,2024-09-23,599.0,HW_Add_Add,601.7015536947105,2021-07-05,2024-06-24,2024-07-01,2024-09-23,156
5,IMH-001,ECOM,2024-07-01,442.0,HW_Damped_Add,379.6295603604914,2021-07-05,2024-06-24,2024-07-01,2024-09-23,156
5,IMH-001,ECOM,2024-07-08,471.0,HW_Damped_Add,399.8951385612172,2021-07-05,2024-06-24,2024-07-01,2024-09-23,156
5,IMH-001,ECOM,2024-07-15,386.0,HW_Damped_Add,400.83600260408986,2021-07-05,2024-06-24,2024-07-01,2024-09-23,156
5,IMH-001,ECOM,2024-07-22,390.0,HW_Damped_Add,390.46203564069316,2021-07-05,2024-06-24,2024-07-01,2024-09-23,156
5,IMH-001,ECOM,2024-07-29,391.0,HW_Damped_Add,418.7650894862337,2021-07-05,2024-06-24,2024-07-01,2024-09-23,156
5,IMH-001,ECOM,2024-08-05,443.0,HW_Damped_Add,450.7647188412274,2021-07-05,2024-06-24,2024-07-01,2024-09-23,156
5,IMH-001,ECOM,2024-08-12,454.0,HW_Damped_Add,433.4252262913292,2021-07-05,2024-06-24,2024-07-01,2024-09-23,156
5,IMH-001,ECOM,2024-08-19,436.0,HW_Damped_Add,435.7755607187605,2021-07-05,2024-06-24,2024-07-01,2024-09-23,156
5,IMH-001,ECOM,2024-08-26,416.00000000000006,HW_Damped_Add,404.4515537885968,2021-07-05,2024-06-24,2024-07-01,2024-09-23,156
5,IMH-001,ECOM,2024-09-02,663.0,HW_Damped_Add,566.1588554694713,2021-07-05,2024-06-24,2024-07-01,2024-09-23,156
5,IMH-001,ECOM,2024-09-09,586.0,HW_Damped_Add,571.2061887216927,2021-07-05,2024-06-24,2024-07-01,2024-09-23,156
5,IMH-001,ECOM,2024-09-16,651.0,HW_Damped_Add,590.5902649323046,2021-07-05,2024-06-24,2024-07-01,2024-09-23,156
5,IMH-001,ECOM,2024-09-23,599.0,HW_Damped_Add,583.324193460444,2021-07-05,2024-06-24,2024-07-01,2024-09-23,156
5,IMH-001,ECOM,2024-07-01,442.0,HW_Damped_Mul,345.3974790602921,2021-07-05,2024-06-24,2024-07-01,2024-09-23,156
5,IMH-001,ECOM,2024-07-08,471.0,HW_Damped_Mul,369.31814946545376,2021-07-05,2024-06-24,2024-07-01,2024-09-23,156
5,IMH-001,ECOM,2024-07-15,386.0,HW_Damped_Mul,369.0927269697852,2021-07-05,2024-06-24,2024-07-01,2024-09-23,156
5,IMH-001,ECOM,2024-07-22,390.0,HW_Damped_Mul,358.7162749334239,2021-07-05,2024-06-24,2024-07-01,2024-09-23,156
5,IMH-001,ECOM,2024-07-29,391.0,HW_Damped_Mul,388.340343127492,2021-07-05,2024-06-24,2024-07-01,2024-09-23,156
5,IMH-001,ECOM,2024-08-05,443.0,HW_Damped_Mul,426.7496435264727,2021-07-05,2024-06-24,2024-07-01,2024-09-23,156
5,IMH-001,ECOM,2024-08-12,454.0,HW_Damped_Mul,407.10689227869545,2021-07-05,2024-06-24,2024-07-01,2024-09-23,156
5,IMH-001,ECOM,2024-08-19,436.0,HW_Damped_Mul,411.64693735115736,2021-07-05,2024-06-24,2024-07-01,2024-09-23,156
5,IMH-001,ECOM,2024-08-26,416.00000000000006,HW_Damped_Mul,373.29237750524914,2021-07-05,2024-06-24,2024-07-01,2024-09-23,156
5,IMH-001,ECOM,2024-09-02,663.0,HW_Damped_Mul,553.4659178318894,2021-07-05,2024-06-24,2024-07-01,2024-09-23,156
5,IMH-001,ECOM,2024-09-09,586.0,HW_Damped_Mul,559.5683427760827,2021-07-05,2024-06-24,2024-07-01,2024-09-23,156
5,IMH-001,ECOM,2024-09-16,651.0,HW_Damped_Mul,580.2684141305272,2021-07-05,2024-06-24,2024-07-01,2024-09-23,156
5,IMH-001,ECOM,2024-09-23,599.0,HW_Damped_Mul,572.9953264393445,2021-07-05,2024-06-24,2024-07-01,2024-09-23,156
6,IMH-001,ECOM,2024-09-30,599.0,HW_Add_Add,728.6328924587696,2021-07-05,2024-09-23,2024-09-30,2024-12-23,169
6,IMH-001,ECOM,2024-10-07,798.0,HW_Add_Add,723.6202948897528,2021-07-05,2024-09-23,2024-09-30,2024-12-23,169
6,IMH-001,ECOM,2024-10-14,812.0,HW_Add_Add,736.290283396582,2021-07-05,2024-09-23,2024-09-30,2024-12-23,169
6,IMH-001,ECOM,2024-10-21,898.0,HW_Add_Add,788.626181073535,2021-07-05,2024-09-23,2024-09-30,2024-12-23,169
6,IMH-001,ECOM,2024-10-28,953.0,HW_Add_Add,902.2766588193278,2021-07-05,2024-09-23,2024-09-30,2024-12-23,169
6,IMH-001,ECOM,2024-11-04,860.0,HW_Add_Add,882.6238381900172,2021-07-05,2024-09-23,2024-09-30,2024-12-23,169
6,IMH-001,ECOM,2024-11-11,858.0,HW_Add_Add,870.6205940881473,2021-07-05,2024-09-23,2024-09-30,2024-12-23,169
6,IMH-001,ECOM,2024-11-18,852.2319529539968,HW_Add_Add,969.0267071488665,2021-07-05,2024-09-23,2024-09-30,2024-12-23,169
6,IMH-001,ECOM,2024-11-25,1088.0,HW_Add_Add,978.6083391189622,2021-07-05,2024-09-23,2024-09-30,2024-12-23,169
6,IMH-001,ECOM,2024-12-02,1271.1377204490211,HW_Add_Add,900.2707842542461,2021-07-05,2024-09-23,2024-09-30,2024-12-23,169
6,IMH-001,ECOM,2024-12-09,1091.3984685728126,HW_Add_Add,954.7971449215067,2021-07-05,2024-09-23,2024-09-30,2024-12-23,169
6,IMH-001,ECOM,2024-12-16,999.7598719373852,HW_Add_Add,965.9054673777152,2021-07-05,2024-09-23,2024-09-30,2024-12-23,169
6,IMH-001,ECOM,2024-12-23,1055.8248250304543,HW_Add_Add,922.9464862220113,2021-07-05,2024-09-23,2024-09-30,2024-12-23,169
6,IMH-001,ECOM,2024-09-30,599.0,HW_Damped_Add,715.8967231589647,2021-07-05,2024-09-23,2024-09-30,2024-12-23,169
6,IMH-001,ECOM,2024-10-07,798.0,HW_Damped_Add,708.9540361124449,2021-07-05,2024-09-23,2024-09-30,2024-12-23,169
6,IMH-001,ECOM,2024-10-14,812.0,HW_Damped_Add,722.2670995589637,2021-07-05,2024-09-23,2024-09-30,2024-12-23,169
6,IMH-001,ECOM,2024-10-21,898.0,HW_Damped_Add,775.0870550829388,2021-07-05,2024-09-23,2024-09-30,2024-12-23,169
6,IMH-001,ECOM,2024-10-28,953.0,HW_Damped_Add,886.3369525264594,2021-07-05,2024-09-23,2024-09-30,2024-12-23,169
6,IMH-001,ECOM,2024-11-04,860.0,HW_Damped_Add,868.8112023550092,2021-07-05,2024-09-23,2024-09-30,2024-12-23,169
6,IMH-001,ECOM,2024-11-11,858.0,HW_Damped_Add,856.4527066021266,2021-07-05,2024-09-23,2024-09-30,2024-12-23,169
6,IMH-001,ECOM,2024-11-18,852.2319529539968,HW_Damped_Add,953.612693348399,2021-07-05,2024-09-23,2024-09-30,2024-12-23,169
6,IMH-001,ECOM,2024-11-25,1088.0,HW_Damped_Add,962.5522166703178,2021-07-05,2024-09-23,2024-09-30,2024-12-23,169
6,IMH-001,ECOM,2024-12-02,1271.1377204490211,HW_Damped_Add,883.6249511638403,2021-07-05,2024-09-23,2024-09-30,2024-12-23,169
6,IMH-001,ECOM,2024-12-09,1091.3984685728126,HW_Damped_Add,938.5253627186742,2021-07-05,2024-09-23,2024-09-30,2024-12-23,169
6,IMH-001,ECOM,2024-12-16,999.7598719373852,HW_Damped_Add,948.0997195448056,2021-07-05,2024-09-23,2024-09-30,2024-12-23,169
6,IMH-001,ECOM,2024-12-23,1055.8248250304543,HW_Damped_Add,904.1105322522333,2021-07-05,2024-09-23,2024-09-30,2024-12-23,169
6,IMH-001,ECOM,2024-09-30,599.0,HW_Damped_Mul,725.0978753710656,2021-07-05,2024-09-23,2024-09-30,2024-12-23,169
6,IMH-001,ECOM,2024-10-07,798.0,HW_Damped_Mul,713.4634784252823,2021-07-05,2024-09-23,2024-09-30,2024-12-23,169
6,IMH-001,ECOM,2024-10-14,812.0,HW_Damped_Mul,729.1998642221714,2021-07-05,2024-09-23,2024-09-30,2024-12-23,169
6,IMH-001,ECOM,2024-10-21,898.0,HW_Damped_Mul,790.2899431109585,2021-07-05,2024-09-23,2024-09-30,2024-12-23,169
6,IMH-001,ECOM,2024-10-28,953.0,HW_Damped_Mul,910.1466821554432,2021-07-05,2024-09-23,2024-09-30,2024-12-23,169
6,IMH-001,ECOM,2024-11-04,860.0,HW_Damped_Mul,896.4558917170036,2021-07-05,2024-09-23,2024-09-30,2024-12-23,169
6,IMH-001,ECOM,2024-11-11,858.0,HW_Damped_Mul,879.7232962872367,2021-07-05,2024-09-23,2024-09-30,2024-12-23,169
6,IMH-001,ECOM,2024-11-18,852.2319529539968,HW_Damped_Mul,986.0169960584965,2021-07-05,2024-09-23,2024-09-30,2024-12-23,169
6,IMH-001,ECOM,2024-11-25,1088.0,HW_Damped_Mul,994.5483861501782,2021-07-05,2024-09-23,2024-09-30,2024-12-23,169
6,IMH-001,ECOM,2024-12-02,1271.1377204490211,HW_Damped_Mul,906.7146344864888,2021-07-05,2024-09-23,2024-09-30,2024-12-23,169
6,IMH-001,ECOM,2024-12-09,1091.3984685728126,HW_Damped_Mul,966.6802793725496,2021-07-05,2024-09-23,2024-09-30,2024-12-23,169
6,IMH-001,ECOM,2024-12-16,999.7598719373852,HW_Damped_Mul,972.518885724496,2021-07-05,2024-09-23,2024-09-30,2024-12-23,169
6,IMH-001,ECOM,2024-12-23,1055.8248250304543,HW_Damped_Mul,925.3942480179054,2021-07-05,2024-09-23,2024-09-30,2024-12-23,169
7,IMH-001,ECOM,2024-12-30,884.9116377359074,HW_Add_Add,879.3864174558232,2021-07-05,2024-12-23,2024-12-30,2025-03-24,182
7,IMH-001,ECOM,2025-01-06,799.2483615039043,HW_Add_Add,876.0283595991295,2021-07-05,2024-12-23,2024-12-30,2025-03-24,182
7,IMH-001,ECOM,2025-01-13,944.866441859664,HW_Add_Add,975.1177627049359,2021-07-05,2024-12-23,2024-12-30,2025-03-24,182
7,IMH-001,ECOM,2025-01-20,1050.6417824473008,HW_Add_Add,920.8435822173099,2021-07-05,2024-12-23,2024-12-30,2025-03-24,182
7,IMH-001,ECOM,2025-01-27,988.761578057548,HW_Add_Add,961.3181163484323,2021-07-05,2024-12-23,2024-12-30,2025-03-24,182
7,IMH-001,ECOM,2025-02-03,888.6509454528764,HW_Add_Add,736.7521619753838,2021-07-05,2024-12-23,2024-12-30,2025-03-24,182
7,IMH-001,ECOM,2025-02-10,895.7050796192035,HW_Add_Add,824.5888158720919,2021-07-05,2024-12-23,2024-12-30,2025-03-24,182
7,IMH-001,ECOM,2025-02-17,908.0963229280704,HW_Add_Add,829.3716331085143,2021-07-05,2024-12-23,2024-12-30,2025-03-24,182
7,IMH-001,ECOM,2025-02-24,703.0346671723089,HW_Add_Add,783.8375729023962,2021-07-05,2024-12-23,2024-12-30,2025-03-24,182
7,IMH-001,ECOM,2025-03-03,662.0,HW_Add_Add,741.669142994823,2021-07-05,2024-12-23,2024-12-30,2025-03-24,182
7,IMH-001,ECOM,2025-03-10,687.8218457028821,HW_Add_Add,651.7318874611877,2021-07-05,2024-12-23,2024-12-30,2025-03-24,182
7,IMH-001,ECOM,2025-03-17,703.5697632365607,HW_Add_Add,673.237990335458,2021-07-05,2024-12-23,2024-12-30,2025-03-24,182
7,IMH-001,ECOM,2025-03-24,561.0,HW_Add_Add,660.0470159911072,2021-07-05,2024-12-23,2024-12-30,2025-03-24,182
7,IMH-001,ECOM,2024-12-30,884.9116377359074,HW_Damped_Add,902.0343368900781,2021-07-05,2024-12-23,2024-12-30,2025-03-24,182
7,IMH-001,ECOM,2025-01-06,799.2483615039043,HW_Damped_Add,901.9628051646612,2021-07-05,2024-12-23,2024-12-30,2025-03-24,182
7,IMH-001,ECOM,2025-01-13,944.866441859664,HW_Damped_Add,1004.2396652199126,2021-07-05,2024-12-23,2024-12-30,2025-03-24,182
7,IMH-001,ECOM,2025-01-20,1050.6417824473008,HW_Damped_Add,952.4654879027187,2021-07-05,2024-12-23,2024-12-30,2025-03-24,182
7,IMH-001,ECOM,2025-01-27,988.761578057548,HW_Damped_Add,995.4354611314089,2021-07-05,2024-12-23,2024-12-30,2025-03-24,182
7,IMH-001,ECOM,2025-02-03,888.6509454528764,HW_Damped_Add,773.3274972220146,2021-07-05,2024-12-23,2024-12-30,2025-03-24,182
7,IMH-001,ECOM,2025-02-10,895.7050796192035,HW_Damped_Add,863.5649419651832,2021-07-05,2024-12-23,2024-12-30,2025-03-24,182
7,IMH-001,ECOM,2025-02-17,908.0963229280704,HW_Damped_Add,870.4465431694143,2021-07-05,2024-12-23,2024-12-30,2025-03-24,182
7,IMH-001,ECOM,2025-02-24,703.0346671723089,HW_Damped_Add,826.7995170055342,2021-07-05,2024-12-23,2024-12-30,2025-03-24,182
7,IMH-001,ECOM,2025-03-03,662.0,HW_Damped_Add,786.4310010608889,2021-07-05,2024-12-23,2024-12-30,2025-03-24,182
7,IMH-001,ECOM,2025-03-10,687.8218457028821,HW_Damped_Add,698.1528212240307,2021-07-05,2024-12-23,2024-12-30,2025-03-24,182
7,IMH-001,ECOM,2025-03-17,703.5697632365607,HW_Damped_Add,721.2155958559227,2021-07-05,2024-12-23,2024-12-30,2025-03-24,182
7,IMH-001,ECOM,2025-03-24,561.0,HW_Damped_Add,709.313015921825,2021-07-05,2024-12-23,2024-12-30,2025-03-24,182
7,IMH-001,ECOM,2024-12-30,884.9116377359074,HW_Damped_Mul,880.2630945813215,2021-07-05,2024-12-23,2024-12-30,2025-03-24,182
7,IMH-001,ECOM,2025-01-06,799.2483615039043,HW_Damped_Mul,879.2280517485037,2021-07-05,2024-12-23,2024-12-30,2025-03-24,182
7,IMH-001,ECOM,2025-01-13,944.866441859664,HW_Damped_Mul,1001.8974537761253,2021-07-05,2024-12-23,2024-12-30,2025-03-24,182
7,IMH-001,ECOM,2025-01-20,1050.6417824473008,HW_Damped_Mul,930.7956095812181,2021-07-05,2024-12-23,2024-12-30,2025-03-24,182
7,IMH-001,ECOM,2025-01-27,988.761578057548,HW_Damped_Mul,980.4434482735081,2021-07-05,2024-12-23,2024-12-30,2025-03-24,182
7,IMH-001,ECOM,2025-02-03,888.6509454528764,HW_Damped_Mul,713.4065687003554,2021-07-05,2024-12-23,2024-12-30,2025-03-24,182
7,IMH-001,ECOM,2025-02-10,895.7050796192035,HW_Damped_Mul,820.0757566951746,2021-07-05,2024-12-23,2024-12-30,2025-03-24,182
7,IMH-001,ECOM,2025-02-17,908.0963229280704,HW_Damped_Mul,825.3401674604441,2021-07-05,2024-12-23,2024-12-30,2025-03-24,182
7,IMH-001,ECOM,2025-02-24,703.0346671723089,HW_Damped_Mul,772.4499409640991,2021-07-05,2024-12-23,2024-12-30,2025-03-24,182
7,IMH-001,ECOM,2025-03-03,662.0,HW_Damped_Mul,722.3635727166777,2021-07-05,2024-12-23,2024-12-30,2025-03-24,182
7,IMH-001,ECOM,2025-03-10,687.8218457028821,HW_Damped_Mul,616.6897397372957,2021-07-05,2024-12-23,2024-12-30,2025-03-24,182
7,IMH-001,ECOM,2025-03-17,703.5697632365607,HW_Damped_Mul,642.77148518987,2021-07-05,2024-12-23,2024-12-30,2025-03-24,182
7,IMH-001,ECOM,2025-03-24,561.0,HW_Damped_Mul,625.6519059836917,2021-07-05,2024-12-23,2024-12-30,2025-03-24,182
8,IMH-001,ECOM,2025-03-31,586.8295233922464,HW_Add_Add,642.1297018680704,2021-07-05,2025-03-24,2025-03-31,2025-06-23,195
8,IMH-001,ECOM,2025-04-07,553.0,HW_Add_Add,567.9859465190186,2021-07-05,2025-03-24,2025-03-31,2025-06-23,195
8,IMH-001,ECOM,2025-04-14,505.0,HW_Add_Add,648.862256006406,2021-07-05,2025-03-24,2025-03-31,2025-06-23,195
8,IMH-001,ECOM,2025-04-21,473.6120833034753,HW_Add_Add,556.149356408783,2021-07-05,2025-03-24,2025-03-31,2025-06-23,195
8,IMH-001,ECOM,2025-04-28,457.0,HW_Add_Add,536.2987339673524,2021-07-05,2025-03-24,2025-03-31,2025-06-23,195
8,IMH-001,ECOM,2025-05-05,451.0,HW_Add_Add,552.0276035247051,2021-07-05,2025-03-24,2025-03-31,2025-06-23,195
8,IMH-001,ECOM,2025-05-12,513.0,HW_Add_Add,555.3009587254833,2021-07-05,2025-03-24,2025-03-31,2025-06-23,195
8,IMH-001,ECOM,2025-05-19,460.00000000000006,HW_Add_Add,518.5327645664714,2021-07-05,2025-03-24,2025-03-31,2025-06-23,195
8,IMH-001,ECOM,2025-05-26,418.0,HW_Add_Add,521.5579430327842,2021-07-05,2025-03-24,2025-03-31,2025-06-23,195
8,IMH-001,ECOM,2025-06-02,394.0,HW_Add_Add,494.9087054000913,2021-07-05,2025-03-24,2025-03-31,2025-06-23,195
8,IMH-001,ECOM,2025-06-09,423.0,HW_Add_Add,484.85216062439645,2021-07-05,2025-03-24,2025-03-31,2025-06-23,195
8,IMH-001,ECOM,2025-06-16,431.0,HW_Add_Add,470.208510712673,2021-07-05,2025-03-24,2025-03-31,2025-06-23,195
8,IMH-001,ECOM,2025-06-23,419.0,HW_Add_Add,496.56080097358233,2021-07-05,2025-03-24,2025-03-31,2025-06-23,195
8,IMH-001,ECOM,2025-03-31,586.8295233922464,HW_Damped_Add,638.5873652878213,2021-07-05,2025-03-24,2025-03-31,2025-06-23,195
8,IMH-001,ECOM,2025-04-07,553.0,HW_Damped_Add,566.935172118689,2021-07-05,2025-03-24,2025-03-31,2025-06-23,195
8,IMH-001,ECOM,2025-04-14,505.0,HW_Damped_Add,642.4087502437785,2021-07-05,2025-03-24,2025-03-31,2025-06-23,195
8,IMH-001,ECOM,2025-04-21,473.6120833034753,HW_Damped_Add,550.7825451129681,2021-07-05,2025-03-24,2025-03-31,2025-06-23,195
8,IMH-001,ECOM,2025-04-28,457.0,HW_Damped_Add,531.7990190053963,2021-07-05,2025-03-24,2025-03-31,2025-06-23,195
8,IMH-001,ECOM,2025-05-05,451.0,HW_Damped_Add,550.1423069985109,2021-07-05,2025-03-24,2025-03-31,2025-06-23,195
8,IMH-001,ECOM,2025-05-12,513.0,HW_Damped_Add,550.4933346230157,2021-07-05,2025-03-24,2025-03-31,2025-06-23,195
8,IMH-001,ECOM,2025-05-19,460.00000000000006,HW_Damped_Add,508.79513131102965,2021-07-05,2025-03-24,2025-03-31,2025-06-23,195
8,IMH-001,ECOM,2025-05-26,418.0,HW_Damped_Add,512.9486704662479,2021-07-05,2025-03-24,2025-03-31,2025-06-23,195
8,IMH-001,ECOM,2025-06-02,394.0,HW_Damped_Add,487.7984690324132,2021-07-05,2025-03-24,2025-03-31,2025-06-23,195
8,IMH-001,ECOM,2025-06-09,423.0,HW_Damped_Add,474.59009845720635,2021-07-05,2025-03-24,2025-03-31,2025-06-23,195
8,IMH-001,ECOM,2025-06-16,431.0,HW_Damped_Add,460.8264960745803,2021-07-05,2025-03-24,2025-03-31,2025-06-23,195
8,IMH-001,ECOM,2025-06-23,419.0,HW_Damped_Add,488.2070862264201,2021-07-05,2025-03-24,2025-03-31,2025-06-23,195
8,IMH-001,ECOM,2025-03-31,586.8295233922464,HW_Damped_Mul,610.5869391927396,2021-07-05,2025-03-24,2025-03-31,2025-06-23,195
8,IMH-001,ECOM,2025-04-07,553.0,HW_Damped_Mul,517.7671362069573,2021-07-05,2025-03-24,2025-03-31,2025-06-23,195
8,IMH-001,ECOM,2025-04-14,505.0,HW_Damped_Mul,620.400145461217,2021-07-05,2025-03-24,2025-03-31,2025-06-23,195
8,IMH-001,ECOM,2025-04-21,473.6120833034753,HW_Damped_Mul,504.9490729090272,2021-07-05,2025-03-24,2025-03-31,2025-06-23,195
8,IMH-001,ECOM,2025-04-28,457.0,HW_Damped_Mul,480.40536288765924,2021-07-05,2025-03-24,2025-03-31,2025-06-23,195
8,IMH-001,ECOM,2025-05-05,451.0,HW_Damped_Mul,497.17861123327515,2021-07-05,2025-03-24,2025-03-31,2025-06-23,195
8,IMH-001,ECOM,2025-05-12,513.0,HW_Damped_Mul,505.9051830637532,2021-07-05,2025-03-24,2025-03-31,2025-06-23,195
8,IMH-001,ECOM,2025-05-19,460.00000000000006,HW_Damped_Mul,458.06574918321115,2021-07-05,2025-03-24,2025-03-31,2025-06-23,195
8,IMH-001,ECOM,2025-05-26,418.0,HW_Damped_Mul,462.6116491032365,2021-07-05,2025-03-24,2025-03-31,2025-06-23,195
8,IMH-001,ECOM,2025-06-02,394.0,HW_Damped_Mul,431.7999094191821,2021-07-05,2025-03-24,2025-03-31,2025-06-23,195
8,IMH-001,ECOM,2025-06-09,423.0,HW_Damped_Mul,418.2588981503723,2021-07-05,2025-03-24,2025-03-31,2025-06-23,195
8,IMH-001,ECOM,2025-06-16,431.0,HW_Damped_Mul,400.979211085778,2021-07-05,2025-03-24,2025-03-31,2025-06-23,195
8,IMH-001,ECOM,2025-06-23,419.0,HW_Damped_Mul,433.2407110906845,2021-07-05,2025-03-24,2025-03-31,2025-06-23,195
9,IMH-001,ECOM,2025-06-30,449.0,HW_Add_Add,442.65203902402226,2021-07-05,2025-06-23,2025-06-30,2025-09-22,208
9,IMH-001,ECOM,2025-07-07,433.0,HW_Add_Add,465.65969315810025,2021-07-05,2025-06-23,2025-06-30,2025-09-22,208
9,IMH-001,ECOM,2025-07-14,428.0,HW_Add_Add,445.6609543770576,2021-07-05,2025-06-23,2025-06-30,2025-09-22,208
9,IMH-001,ECOM,2025-07-21,435.0,HW_Add_Add,439.4068368180359,2021-07-05,2025-06-23,2025-06-30,2025-09-22,208
9,IMH-001,ECOM,2025-07-28,422.0,HW_Add_Add,461.40102770330463,2021-07-05,2025-06-23,2025-06-30,2025-09-22,208
9,IMH-001,ECOM,2025-08-04,495.0,HW_Add_Add,498.89905067553326,2021-07-05,2025-06-23,2025-06-30,2025-09-22,208
9,IMH-001,ECOM,2025-08-11,530.0,HW_Add_Add,489.12656959293054,2021-07-05,2025-06-23,2025-06-30,2025-09-22,208
9,IMH-001,ECOM,2025-08-18,472.0,HW_Add_Add,486.88625292971426,2021-07-05,2025-06-23,2025-06-30,2025-09-22,208
9,IMH-001,ECOM,2025-08-25,475.0,HW_Add_Add,458.87433913428544,2021-07-05,2025-06-23,2025-06-30,2025-09-22,208
9,IMH-001,ECOM,2025-09-01,676.0,HW_Add_Add,642.3739997538844,2021-07-05,2025-06-23,2025-06-30,2025-09-22,208
9,IMH-001,ECOM,2025-09-08,635.0,HW_Add_Add,627.370224820256,2021-07-05,2025-06-23,2025-06-30,2025-09-22,208
9,IMH-001,ECOM,2025-09-15,656.0,HW_Add_Add,658.622832995436,2021-07-05,2025-06-23,2025-06-30,2025-09-22,208
9,IMH-001,ECOM,2025-09-22,658.0,HW_Add_Add,640.6276111238606,2021-07-05,2025-06-23,2025-06-30,2025-09-22,208
9,IMH-001,ECOM,2025-06-30,449.0,HW_Damped_Add,433.03106909034113,2021-07-05,2025-06-23,2025-06-30,2025-09-22,208
9,IMH-001,ECOM,2025-07-07,433.0,HW_Damped_Add,454.90915691047974,2021-07-05,2025-06-23,2025-06-30,2025-09-22,208
9,IMH-001,ECOM,2025-07-14,428.0,HW_Damped_Add,434.9986466436493,2021-07-05,2025-06-23,2025-06-30,2025-09-22,208
9,IMH-001,ECOM,2025-07-21,435.0,HW_Damped_Add,428.01545129611156,2021-07-05,2025-06-23,2025-06-30,2025-09-22,208
9,IMH-001,ECOM,2025-07-28,422.0,HW_Damped_Add,450.36778460492144,2021-07-05,2025-06-23,2025-06-30,2025-09-22,208
9,IMH-001,ECOM,2025-08-04,495.0,HW_Damped_Add,486.0808850841365,2021-07-05,2025-06-23,2025-06-30,2025-09-22,208
9,IMH-001,ECOM,2025-08-11,530.0,HW_Damped_Add,476.685642448247,2021-07-05,2025-06-23,2025-06-30,2025-09-22,208
9,IMH-001,ECOM,2025-08-18,472.0,HW_Damped_Add,473.8299077269212,2021-07-05,2025-06-23,2025-06-30,2025-09-22,208
9,IMH-001,ECOM,2025-08-25,475.0,HW_Damped_Add,447.0252603202134,2021-07-05,2025-06-23,2025-06-30,2025-09-22,208
9,IMH-001,ECOM,2025-09-01,676.0,HW_Damped_Add,629.1588105096258,2021-07-05,2025-06-23,2025-06-30,2025-09-22,208
9,IMH-001,ECOM,2025-09-08,635.0,HW_Damped_Add,614.5421050212916,2021-07-05,2025-06-23,2025-06-30,2025-09-22,208
9,IMH-001,ECOM,2025-09-15,656.0,HW_Damped_Add,645.8459881460685,2021-07-05,2025-06-23,2025-06-30,2025-09-22,208
9,IMH-001,ECOM,2025-09-22,658.0,HW_Damped_Add,627.8591481687029,2021-07-05,2025-06-23,2025-06-30,2025-09-22,208
9,IMH-001,ECOM,2025-06-30,449.0,HW_Damped_Mul,425.09662511242334,2021-07-05,2025-06-23,2025-06-30,2025-09-22,208
9,IMH-001,ECOM,2025-07-07,433.0,HW_Damped_Mul,455.6547066509316,2021-07-05,2025-06-23,2025-06-30,2025-09-22,208
9,IMH-001,ECOM,2025-07-14,428.0,HW_Damped_Mul,426.6196221371132,2021-07-05,2025-06-23,2025-06-30,2025-09-22,208
9,IMH-001,ECOM,2025-07-21,435.0,HW_Damped_Mul,420.60931602345875,2021-07-05,2025-06-23,2025-06-30,2025-09-22,208
9,IMH-001,ECOM,2025-07-28,422.0,HW_Damped_Mul,444.8665004970882,2021-07-05,2025-06-23,2025-06-30,2025-09-22,208
9,IMH-001,ECOM,2025-08-04,495.0,HW_Damped_Mul,493.8328419376978,2021-07-05,2025-06-23,2025-06-30,2025-09-22,208
9,IMH-001,ECOM,2025-08-11,530.0,HW_Damped_Mul,482.3137257938598,2021-07-05,2025-06-23,2025-06-30,2025-09-22,208
9,IMH-001,ECOM,2025-08-18,472.0,HW_Damped_Mul,480.8675392317013,2021-07-05,2025-06-23,2025-06-30,2025-09-22,208
9,IMH-001,ECOM,2025-08-25,475.0,HW_Damped_Mul,441.40219687281126,2021-07-05,2025-06-23,2025-06-30,2025-09-22,208
9,IMH-001,ECOM,2025-09-01,676.0,HW_Damped_Mul,673.2829981145617,2021-07-05,2025-06-23,2025-06-30,2025-09-22,208
9,IMH-001,ECOM,2025-09-08,635.0,HW_Damped_Mul,652.3791639900378,2021-07-05,2025-06-23,2025-06-30,2025-09-22,208
9,IMH-001,ECOM,2025-09-15,656.0,HW_Damped_Mul,691.7459928189926,2021-07-05,2025-06-23,2025-06-30,2025-09-22,208
9,IMH-001,ECOM,2025-09-22,658.0,HW_Damped_Mul,668.4600303116501,2021-07-05,2025-06-23,2025-06-30,2025-09-22,208
10,IMH-001,ECOM,2025-09-29,682.9999999999999,HW_Add_Add,738.1282250821379,2021-07-05,2025-09-22,2025-09-29,2025-12-22,221
10,IMH-001,ECOM,2025-10-06,789.0,HW_Add_Add,784.5215825478132,2021-07-05,2025-09-22,2025-09-29,2025-12-22,221
10,IMH-001,ECOM,2025-10-13,777.0,HW_Add_Add,797.2801711335205,2021-07-05,2025-09-22,2025-09-29,2025-12-22,221
10,IMH-001,ECOM,2025-10-20,813.0,HW_Add_Add,857.7961074297023,2021-07-05,2025-09-22,2025-09-29,2025-12-22,221
10,IMH-001,ECOM,2025-10-27,1126.0,HW_Add_Add,957.6134630086099,2021-07-05,2025-09-22,2025-09-29,2025-12-22,221
10,IMH-001,ECOM,2025-11-03,1084.0,HW_Add_Add,918.9130517473842,2021-07-05,2025-09-22,2025-09-29,2025-12-22,221
10,IMH-001,ECOM,2025-11-10,962.0,HW_Add_Add,909.4093383477416,2021-07-05,2025-09-22,2025-09-29,2025-12-22,221
10,IMH-001,ECOM,2025-11-17,991.0,HW_Add_Add,982.1706212998351,2021-07-05,2025-09-22,2025-09-29,2025-12-22,221
10,IMH-001,ECOM,2025-11-24,1032.0,HW_Add_Add,1048.0672022927033,2021-07-05,2025-09-22,2025-09-29,2025-12-22,221
10,IMH-001,ECOM,2025-12-01,1265.0,HW_Add_Add,1034.770772059042,2021-07-05,2025-09-22,2025-09-29,2025-12-22,221
10,IMH-001,ECOM,2025-12-08,1194.0,HW_Add_Add,1030.6324969741502,2021-07-05,2025-09-22,2025-09-29,2025-12-22,221
10,IMH-001,ECOM,2025-12-15,948.995993924285,HW_Add_Add,1016.433719220446,2021-07-05,2025-09-22,2025-09-29,2025-12-22,221
10,IMH-001,ECOM,2025-12-22,1052.6984220532308,HW_Add_Add,998.1944685038126,2021-07-05,2025-09-22,2025-09-29,2025-12-22,221
10,IMH-001,ECOM,2025-09-29,682.9999999999999,HW_Damped_Add,734.0886188032398,2021-07-05,2025-09-22,2025-09-29,2025-12-22,221
10,IMH-001,ECOM,2025-10-06,789.0,HW_Damped_Add,779.562251694676,2021-07-05,2025-09-22,2025-09-29,2025-12-22,221
10,IMH-001,ECOM,2025-10-13,777.0,HW_Damped_Add,791.8718085782934,2021-07-05,2025-09-22,2025-09-29,2025-12-22,221
10,IMH-001,ECOM,2025-10-20,813.0,HW_Damped_Add,851.8665637252028,2021-07-05,2025-09-22,2025-09-29,2025-12-22,221
10,IMH-001,ECOM,2025-10-27,1126.0,HW_Damped_Add,950.3435126837107,2021-07-05,2025-09-22,2025-09-29,2025-12-22,221
10,IMH-001,ECOM,2025-11-03,1084.0,HW_Damped_Add,911.4649146100046,2021-07-05,2025-09-22,2025-09-29,2025-12-22,221
10,IMH-001,ECOM,2025-11-10,962.0,HW_Damped_Add,901.2401990994595,2021-07-05,2025-09-22,2025-09-29,2025-12-22,221
10,IMH-001,ECOM,2025-11-17,991.0,HW_Damped_Add,972.9292446862546,2021-07-05,2025-09-22,2025-09-29,2025-12-22,221
10,IMH-001,ECOM,2025-11-24,1032.0,HW_Damped_Add,1038.250913474648,2021-07-05,2025-09-22,2025-09-29,2025-12-22,221
10,IMH-001,ECOM,2025-12-01,1265.0,HW_Damped_Add,1024.447348084946,2021-07-05,2025-09-22,2025-09-29,2025-12-22,221
10,IMH-001,ECOM,2025-12-08,1194.0,HW_Damped_Add,1019.5307958155661,2021-07-05,2025-09-22,2025-09-29,2025-12-22,221
10,IMH-001,ECOM,2025-12-15,948.995993924285,HW_Damped_Add,1004.1811504556433,2021-07-05,2025-09-22,2025-09-29,2025-12-22,221
10,IMH-001,ECOM,2025-12-22,1052.6984220532308,HW_Damped_Add,985.0839387176281,2021-07-05,2025-09-22,2025-09-29,2025-12-22,221
10,IMH-001,ECOM,2025-09-29,682.9999999999999,HW_Damped_Mul,781.3056772411578,2021-07-05,2025-09-22,2025-09-29,2025-12-22,221
10,IMH-001,ECOM,2025-10-06,789.0,HW_Damped_Mul,840.0631106163697,2021-07-05,2025-09-22,2025-09-29,2025-12-22,221
10,IMH-001,ECOM,2025-10-13,777.0,HW_Damped_Mul,857.5690600419067,2021-07-05,2025-09-22,2025-09-29,2025-12-22,221
10,IMH-001,ECOM,2025-10-20,813.0,HW_Damped_Mul,936.3354371168625,2021-07-05,2025-09-22,2025-09-29,2025-12-22,221
10,IMH-001,ECOM,2025-10-27,1126.0,HW_Damped_Mul,1051.3696774274986,2021-07-05,2025-09-22,2025-09-29,2025-12-22,221
10,IMH-001,ECOM,2025-11-03,1084.0,HW_Damped_Mul,1008.9837954155652,2021-07-05,2025-09-22,2025-09-29,2025-12-22,221
10,IMH-001,ECOM,2025-11-10,962.0,HW_Damped_Mul,994.9350191028796,2021-07-05,2025-09-22,2025-09-29,2025-12-22,221
10,IMH-001,ECOM,2025-11-17,991.0,HW_Damped_Mul,1079.152726665069,2021-07-05,2025-09-22,2025-09-29,2025-12-22,221
10,IMH-001,ECOM,2025-11-24,1032.0,HW_Damped_Mul,1165.9720198994428,2021-07-05,2025-09-22,2025-09-29,2025-12-22,221
10,IMH-001,ECOM,2025-12-01,1265.0,HW_Damped_Mul,1158.6848721043002,2021-07-05,2025-09-22,2025-09-29,2025-12-22,221
10,IMH-001,ECOM,2025-12-08,1194.0,HW_Damped_Mul,1145.8168455610723,2021-07-05,2025-09-22,2025-09-29,2025-12-22,221
10,IMH-001,ECOM,2025-12-15,948.995993924285,HW_Damped_Mul,1119.8123036187485,2021-07-05,2025-09-22,2025-09-29,2025-12-22,221
10,IMH-001,ECOM,2025-12-22,1052.6984220532308,HW_Damped_Mul,1101.4724038171487,2021-07-05,2025-09-22,2025-09-29,2025-12-22,221
11,IMH-001,ECOM,2025-12-29,1081.0843679866116,HW_Add_Add,933.6454293148347,2021-07-05,2025-12-22,2025-12-29,2026-03-23,234
11,IMH-001,ECOM,2026-01-05,881.9040238417333,HW_Add_Add,909.9851953292763,2021-07-05,2025-12-22,2025-12-29,2026-03-23,234
11,IMH-001,ECOM,2026-01-12,944.9353439364334,HW_Add_Add,1020.7090467189507,2021-07-05,2025-12-22,2025-12-29,2026-03-23,234
11,IMH-001,ECOM,2026-01-19,994.9579718127128,HW_Add_Add,1006.2506836171867,2021-07-05,2025-12-22,2025-12-29,2026-03-23,234
11,IMH-001,ECOM,2026-01-26,921.9331503070088,HW_Add_Add,1021.416859344316,2021-07-05,2025-12-22,2025-12-29,2026-03-23,234
11,IMH-001,ECOM,2026-02-02,898.9965767754403,HW_Add_Add,827.7525160850073,2021-07-05,2025-12-22,2025-12-29,2026-03-23,234
11,IMH-001,ECOM,2026-02-09,918.8662320626904,HW_Add_Add,895.5458128715304,2021-07-05,2025-12-22,2025-12-29,2026-03-23,234
11,IMH-001,ECOM,2026-02-16,985.0812452969932,HW_Add_Add,902.174909536166,2021-07-05,2025-12-22,2025-12-29,2026-03-23,234
11,IMH-001,ECOM,2026-02-23,938.0155263687296,HW_Add_Add,816.998508487936,2021-07-05,2025-12-22,2025-12-29,2026-03-23,234
11,IMH-001,ECOM,2026-03-02,672.562682241002,HW_Add_Add,775.0667330596646,2021-07-05,2025-12-22,2025-12-29,2026-03-23,234
11,IMH-001,ECOM,2026-03-09,764.9151024887228,HW_Add_Add,713.8112797908478,2021-07-05,2025-12-22,2025-12-29,2026-03-23,234
11,IMH-001,ECOM,2026-03-16,733.7243555094576,HW_Add_Add,733.8220386955486,2021-07-05,2025-12-22,2025-12-29,2026-03-23,234
11,IMH-001,ECOM,2026-03-23,675.6289255717275,HW_Add_Add,688.5043906256997,2021-07-05,2025-12-22,2025-12-29,2026-03-23,234
11,IMH-001,ECOM,2025-12-29,1081.0843679866116,HW_Damped_Add,930.4384811272791,2021-07-05,2025-12-22,2025-12-29,2026-03-23,234
11,IMH-001,ECOM,2026-01-05,881.9040238417333,HW_Damped_Add,904.8638761293608,2021-07-05,2025-12-22,2025-12-29,2026-03-23,234
11,IMH-001,ECOM,2026-01-12,944.9353439364334,HW_Damped_Add,1015.270648547835,2021-07-05,2025-12-22,2025-12-29,2026-03-23,234
11,IMH-001,ECOM,2026-01-19,994.9579718127128,HW_Damped_Add,1001.9133984113405,2021-07-05,2025-12-22,2025-12-29,2026-03-23,234
11,IMH-001,ECOM,2026-01-26,921.9331503070088,HW_Damped_Add,1015.0607177956845,2021-07-05,2025-12-22,2025-12-29,2026-03-23,234
11,IMH-001,ECOM,2026-02-02,898.9965767754403,HW_Damped_Add,822.3265552321675,2021-07-05,2025-12-22,2025-12-29,2026-03-23,234
11,IMH-001,ECOM,2026-02-09,918.8662320626904,HW_Damped_Add,888.6487858970147,2021-07-05,2025-12-22,2025-12-29,2026-03-23,234
11,IMH-001,ECOM,2026-02-16,985.0812452969932,HW_Damped_Add,895.0811299237787,2021-07-05,2025-12-22,2025-12-29,2026-03-23,234
11,IMH-001,ECOM,2026-02-23,938.0155263687296,HW_Damped_Add,807.7176168634826,2021-07-05,2025-12-22,2025-12-29,2026-03-23,234
11,IMH-001,ECOM,2026-03-02,672.562682241002,HW_Damped_Add,765.5963908913932,2021-07-05,2025-12-22,2025-12-29,2026-03-23,234
11,IMH-001,ECOM,2026-03-09,764.9151024887228,HW_Damped_Add,705.5902886949655,2021-07-05,2025-12-22,2025-12-29,2026-03-23,234
11,IMH-001,ECOM,2026-03-16,733.7243555094576,HW_Damped_Add,725.3754398634316,2021-07-05,2025-12-22,2025-12-29,2026-03-23,234
11,IMH-001,ECOM,2026-03-23,675.6289255717275,HW_Damped_Add,678.3350240484017,2021-07-05,2025-12-22,2025-12-29,2026-03-23,234
11,IMH-001,ECOM,2025-12-29,1081.0843679866116,HW_Damped_Mul,935.0459370837208,2021-07-05,2025-12-22,2025-12-29,2026-03-23,234
11,IMH-001,ECOM,2026-01-05,881.9040238417333,HW_Damped_Mul,904.103585487568,2021-07-05,2025-12-22,2025-12-29,2026-03-23,234
11,IMH-001,ECOM,2026-01-12,944.9353439364334,HW_Damped_Mul,1040.2128323894378,2021-07-05,2025-12-22,2025-12-29,2026-03-23,234
11,IMH-001,ECOM,2026-01-19,994.9579718127128,HW_Damped_Mul,1022.7155370755144,2021-07-05,2025-12-22,2025-12-29,2026-03-23,234
11,IMH-001,ECOM,2026-01-26,921.9331503070088,HW_Damped_Mul,1036.2938686637099,2021-07-05,2025-12-22,2025-12-29,2026-03-23,234
11,IMH-001,ECOM,2026-02-02,898.9965767754403,HW_Damped_Mul,810.29274260876,2021-07-05,2025-12-22,2025-12-29,2026-03-23,234
11,IMH-001,ECOM,2026-02-09,918.8662320626904,HW_Damped_Mul,887.8492526070288,2021-07-05,2025-12-22,2025-12-29,2026-03-23,234
11,IMH-001,ECOM,2026-02-16,985.0812452969932,HW_Damped_Mul,894.712140728219,2021-07-05,2025-12-22,2025-12-29,2026-03-23,234
11,IMH-001,ECOM,2026-02-23,938.0155263687296,HW_Damped_Mul,785.8685544881873,2021-07-05,2025-12-22,2025-12-29,2026-03-23,234
11,IMH-001,ECOM,2026-03-02,672.562682241002,HW_Damped_Mul,735.5965107279355,2021-07-05,2025-12-22,2025-12-29,2026-03-23,234
11,IMH-001,ECOM,2026-03-09,764.9151024887228,HW_Damped_Mul,669.0780963081543,2021-07-05,2025-12-22,2025-12-29,2026-03-23,234
11,IMH-001,ECOM,2026-03-16,733.7243555094576,HW_Damped_Mul,692.0070885327902,2021-07-05,2025-12-22,2025-12-29,2026-03-23,234
11,IMH-001,ECOM,2026-03-23,675.6289255717275,HW_Damped_Mul,630.140883057567,2021-07-05,2025-12-22,2025-12-29,2026-03-23,234
12,IMH-001,ECOM,2026-03-30,646.9390133542281,HW_Add_Add,686.3628402577633,2021-07-05,2026-03-23,2026-03-30,2026-06-22,247
12,IMH-001,ECOM,2026-04-06,612.3228096974074,HW_Add_Add,622.1696351821258,2021-07-05,2026-03-23,2026-03-30,2026-06-22,247
12,IMH-001,ECOM,2026-04-13,455.0,HW_Add_Add,670.9610268971984,2021-07-05,2026-03-23,2026-03-30,2026-06-22,247
12,IMH-001,ECOM,2026-04-20,638.0391920942,HW_Add_Add,593.4772192604555,2021-07-05,2026-03-23,2026-03-30,2026-06-22,247
12,IMH-001,ECOM,2026-04-27,575.0,HW_Add_Add,574.4186918202463,2021-07-05,2026-03-23,2026-03-30,2026-06-22,247
12,IMH-001,ECOM,2026-05-04,558.0,HW_Add_Add,584.6995284637495,2021-07-05,2026-03-23,2026-03-30,2026-06-22,247
12,IMH-001,ECOM,2026-05-11,562.0,HW_Add_Add,602.6789269928227,2021-07-05,2026-03-23,2026-03-30,2026-06-22,247
12,IMH-001,ECOM,2026-05-18,535.0,HW_Add_Add,561.9648600911235,2021-07-05,2026-03-23,2026-03-30,2026-06-22,247
12,IMH-001,ECOM,2026-05-25,486.0,HW_Add_Add,553.7826970000959,2021-07-05,2026-03-23,2026-03-30,2026-06-22,247
12,IMH-001,ECOM,2026-06-01,500.0,HW_Add_Add,527.8133374887648,2021-07-05,2026-03-23,2026-03-30,2026-06-22,247
12,IMH-001,ECOM,2026-06-08,456.0,HW_Add_Add,527.5652469133647,2021-07-05,2026-03-23,2026-03-30,2026-06-22,247
12,IMH-001,ECOM,2026-06-15,457.0,HW_Add_Add,518.5862138068912,2021-07-05,2026-03-23,2026-03-30,2026-06-22,247
12,IMH-001,ECOM,2026-06-22,440.0,HW_Add_Add,535.4033025268901,2021-07-05,2026-03-23,2026-03-30,2026-06-22,247
12,IMH-001,ECOM,2026-03-30,646.9390133542281,HW_Damped_Add,684.9104201558299,2021-07-05,2026-03-23,2026-03-30,2026-06-22,247
12,IMH-001,ECOM,2026-04-06,612.3228096974074,HW_Damped_Add,619.7519643926421,2021-07-05,2026-03-23,2026-03-30,2026-06-22,247
12,IMH-001,ECOM,2026-04-13,455.0,HW_Damped_Add,667.5821850381465,2021-07-05,2026-03-23,2026-03-30,2026-06-22,247
12,IMH-001,ECOM,2026-04-20,638.0391920942,HW_Damped_Add,589.0052189845296,2021-07-05,2026-03-23,2026-03-30,2026-06-22,247
12,IMH-001,ECOM,2026-04-27,575.0,HW_Damped_Add,568.814098560584,2021-07-05,2026-03-23,2026-03-30,2026-06-22,247
12,IMH-001,ECOM,2026-05-04,558.0,HW_Damped_Add,577.9446853890285,2021-07-05,2026-03-23,2026-03-30,2026-06-22,247
12,IMH-001,ECOM,2026-05-11,562.0,HW_Damped_Add,594.6831305896744,2021-07-05,2026-03-23,2026-03-30,2026-06-22,247
12,IMH-001,ECOM,2026-05-18,535.0,HW_Damped_Add,552.7751059892938,2021-07-05,2026-03-23,2026-03-30,2026-06-22,247
12,IMH-001,ECOM,2026-05-25,486.0,HW_Damped_Add,543.3702361826502,2021-07-05,2026-03-23,2026-03-30,2026-06-22,247
12,IMH-001,ECOM,2026-06-01,500.0,HW_Damped_Add,516.1480168540376,2021-07-05,2026-03-23,2026-03-30,2026-06-22,247
12,IMH-001,ECOM,2026-06-08,456.0,HW_Damped_Add,514.6168773069057,2021-07-05,2026-03-23,2026-03-30,2026-06-22,247
12,IMH-001,ECOM,2026-06-15,457.0,HW_Damped_Add,504.3518558485791,2021-07-05,2026-03-23,2026-03-30,2026-06-22,247
12,IMH-001,ECOM,2026-06-22,440.0,HW_Damped_Add,519.9046445569765,2021-07-05,2026-03-23,2026-03-30,2026-06-22,247
12,IMH-001,ECOM,2026-03-30,646.9390133542281,HW_Damped_Mul,635.3666309664912,2021-07-05,2026-03-23,2026-03-30,2026-06-22,247
12,IMH-001,ECOM,2026-04-06,612.3228096974074,HW_Damped_Mul,557.920324261324,2021-07-05,2026-03-23,2026-03-30,2026-06-22,247
12,IMH-001,ECOM,2026-04-13,455.0,HW_Damped_Mul,612.533017746896,2021-07-05,2026-03-23,2026-03-30,2026-06-22,247
12,IMH-001,ECOM,2026-04-20,638.0391920942,HW_Damped_Mul,520.070261406683,2021-07-05,2026-03-23,2026-03-30,2026-06-22,247
12,IMH-001,ECOM,2026-04-27,575.0,HW_Damped_Mul,496.71072597320426,2021-07-05,2026-03-23,2026-03-30,2026-06-22,247
12,IMH-001,ECOM,2026-05-04,558.0,HW_Damped_Mul,506.11567751559625,2021-07-05,2026-03-23,2026-03-30,2026-06-22,247
12,IMH-001,ECOM,2026-05-11,562.0,HW_Damped_Mul,533.385059510505,2021-07-05,2026-03-23,2026-03-30,2026-06-22,247
12,IMH-001,ECOM,2026-05-18,535.0,HW_Damped_Mul,480.8950280859011,2021-07-05,2026-03-23,2026-03-30,2026-06-22,247
12,IMH-001,ECOM,2026-05-25,486.0,HW_Damped_Mul,469.0797188417221,2021-07-05,2026-03-23,2026-03-30,2026-06-22,247
12,IMH-001,ECOM,2026-06-01,500.0,HW_Damped_Mul,439.04831686919266,2021-07-05,2026-03-23,2026-03-30,2026-06-22,247
12,IMH-001,ECOM,2026-06-08,456.0,HW_Damped_Mul,439.23352913982495,2021-07-05,2026-03-23,2026-03-30,2026-06-22,247
12,IMH-001,ECOM,2026-06-15,457.0,HW_Damped_Mul,429.8186843833952,2021-07-05,2026-03-23,2026-03-30,2026-06-22,247
12,IMH-001,ECOM,2026-06-22,440.0,HW_Damped_Mul,447.82703777541695,2021-07-05,2026-03-23,2026-03-30,2026-06-22,247
1,IMH-001,RETAIL,2023-07-03,315.0,HW_Add_Add,277.2504687604833,2021-07-05,2023-06-26,2023-07-03,2023-09-25,104
1,IMH-001,RETAIL,2023-07-10,255.0,HW_Add_Add,291.253509259073,2021-07-05,2023-06-26,2023-07-03,2023-09-25,104
1,IMH-001,RETAIL,2023-07-17,268.0,HW_Add_Add,297.2555413384086,2021-07-05,2023-06-26,2023-07-03,2023-09-25,104
1,IMH-001,RETAIL,2023-07-24,256.0,HW_Add_Add,291.760041852218,2021-07-05,2023-06-26,2023-07-03,2023-09-25,104
1,IMH-001,RETAIL,2023-07-31,276.0,HW_Add_Add,324.2623517635802,2021-07-05,2023-06-26,2023-07-03,2023-09-25,104
1,IMH-001,RETAIL,2023-08-07,305.0,HW_Add_Add,327.762308212172,2021-07-05,2023-06-26,2023-07-03,2023-09-25,104
1,IMH-001,RETAIL,2023-08-14,298.0,HW_Add_Add,318.26340033896213,2021-07-05,2023-06-26,2023-07-03,2023-09-25,104
1,IMH-001,RETAIL,2023-08-21,303.0,HW_Add_Add,318.26330522043366,2021-07-05,2023-06-26,2023-07-03,2023-09-25,104
1,IMH-001,RETAIL,2023-08-28,271.0,HW_Add_Add,320.2725005842588,2021-07-05,2023-06-26,2023-07-03,2023-09-25,104
1,IMH-001,RETAIL,2023-09-04,349.0,HW_Add_Add,424.2679943031176,2021-07-05,2023-06-26,2023-07-03,2023-09-25,104
1,IMH-001,RETAIL,2023-09-11,498.00000000000006,HW_Add_Add,445.77047623699144,2021-07-05,2023-06-26,2023-07-03,2023-09-25,104
1,IMH-001,RETAIL,2023-09-18,409.0,HW_Add_Add,448.76953486735835,2021-07-05,2023-06-26,2023-07-03,2023-09-25,104
1,IMH-001,RETAIL,2023-09-25,332.0,HW_Add_Add,437.2787977081975,2021-07-05,2023-06-26,2023-07-03,2023-09-25,104
1,IMH-001,RETAIL,2023-07-03,315.0,HW_Damped_Add,272.7364282113537,2021-07-05,2023-06-26,2023-07-03,2023-09-25,104
1,IMH-001,RETAIL,2023-07-10,255.0,HW_Damped_Add,286.8981527247723,2021-07-05,2023-06-26,2023-07-03,2023-09-25,104
1,IMH-001,RETAIL,2023-07-17,268.0,HW_Damped_Add,292.9165846999126,2021-07-05,2023-06-26,2023-07-03,2023-09-25,104
1,IMH-001,RETAIL,2023-07-24,256.0,HW_Damped_Add,287.3474836618982,2021-07-05,2023-06-26,2023-07-03,2023-09-25,104
1,IMH-001,RETAIL,2023-07-31,276.0,HW_Damped_Add,319.71509146526716,2021-07-05,2023-06-26,2023-07-03,2023-09-25,104
1,IMH-001,RETAIL,2023-08-07,305.0,HW_Damped_Add,323.0418289412969,2021-07-05,2023-06-26,2023-07-03,2023-09-25,104
1,IMH-001,RETAIL,2023-08-14,298.0,HW_Damped_Add,313.3494947530765,2021-07-05,2023-06-26,2023-07-03,2023-09-25,104
1,IMH-001,RETAIL,2023-08-21,303.0,HW_Damped_Add,313.13657021995914,2021-07-05,2023-06-26,2023-07-03,2023-09-25,104
1,IMH-001,RETAIL,2023-08-28,271.0,HW_Damped_Add,314.9380378514908,2021-07-05,2023-06-26,2023-07-03,2023-09-25,104
1,IMH-001,RETAIL,2023-09-04,349.0,HW_Damped_Add,418.71723760961873,2021-07-05,2023-06-26,2023-07-03,2023-09-25,104
1,IMH-001,RETAIL,2023-09-11,498.00000000000006,HW_Damped_Add,440.0156432248925,2021-07-05,2023-06-26,2023-07-03,2023-09-25,104
1,IMH-001,RETAIL,2023-09-18,409.0,HW_Damped_Add,442.80962514968354,2021-07-05,2023-06-26,2023-07-03,2023-09-25,104
1,IMH-001,RETAIL,2023-09-25,332.0,HW_Damped_Add,431.1286679585387,2021-07-05,2023-06-26,2023-07-03,2023-09-25,104
1,IMH-001,RETAIL,2023-07-03,315.0,HW_Damped_Mul,252.66515151338953,2021-07-05,2023-06-26,2023-07-03,2023-09-25,104
1,IMH-001,RETAIL,2023-07-10,255.0,HW_Damped_Mul,268.05319027423536,2021-07-05,2023-06-26,2023-07-03,2023-09-25,104
1,IMH-001,RETAIL,2023-07-17,268.0,HW_Damped_Mul,274.7143063383825,2021-07-05,2023-06-26,2023-07-03,2023-09-25,104
1,IMH-001,RETAIL,2023-07-24,256.0,HW_Damped_Mul,267.9530347623914,2021-07-05,2023-06-26,2023-07-03,2023-09-25,104
1,IMH-001,RETAIL,2023-07-31,276.0,HW_Damped_Mul,303.38792257023283,2021-07-05,2023-06-26,2023-07-03,2023-09-25,104
1,IMH-001,RETAIL,2023-08-07,305.0,HW_Damped_Mul,307.4251872599102,2021-07-05,2023-06-26,2023-07-03,2023-09-25,104
1,IMH-001,RETAIL,2023-08-14,298.0,HW_Damped_Mul,296.8870026945954,2021-07-05,2023-06-26,2023-07-03,2023-09-25,104
1,IMH-001,RETAIL,2023-08-21,303.0,HW_Damped_Mul,297.0577829250761,2021-07-05,2023-06-26,2023-07-03,2023-09-25,104
1,IMH-001,RETAIL,2023-08-28,271.0,HW_Damped_Mul,297.41804479329113,2021-07-05,2023-06-26,2023-07-03,2023-09-25,104
1,IMH-001,RETAIL,2023-09-04,349.0,HW_Damped_Mul,412.45913182974067,2021-07-05,2023-06-26,2023-07-03,2023-09-25,104
1,IMH-001,RETAIL,2023-09-11,498.00000000000006,HW_Damped_Mul,435.6224170082928,2021-07-05,2023-06-26,2023-07-03,2023-09-25,104
1,IMH-001,RETAIL,2023-09-18,409.0,HW_Damped_Mul,439.20072891552036,2021-07-05,2023-06-26,2023-07-03,2023-09-25,104
1,IMH-001,RETAIL,2023-09-25,332.0,HW_Damped_Mul,424.7940429501363,2021-07-05,2023-06-26,2023-07-03,2023-09-25,104
2,IMH-001,RETAIL,2023-10-02,420.0,HW_Add_Add,485.49497206216154,2021-07-05,2023-09-25,2023-10-02,2023-12-25,117
2,IMH-001,RETAIL,2023-10-09,508.0,HW_Add_Add,510.49715019720276,2021-07-05,2023-09-25,2023-10-02,2023-12-25,117
2,IMH-001,RETAIL,2023-10-16,563.0,HW_Add_Add,567.4956273285723,2021-07-05,2023-09-25,2023-10-02,2023-12-25,117
2,IMH-001,RETAIL,2023-10-23,608.0,HW_Add_Add,570.992994968376,2021-07-05,2023-09-25,2023-10-02,2023-12-25,117
2,IMH-001,RETAIL,2023-10-30,667.0,HW_Add_Add,586.4955330833836,2021-07-05,2023-09-25,2023-10-02,2023-12-25,117
2,IMH-001,RETAIL,2023-11-06,591.0,HW_Add_Add,545.4933526055228,2021-07-05,2023-09-25,2023-10-02,2023-12-25,117
2,IMH-001,RETAIL,2023-11-13,637.0,HW_Add_Add,583.9897814695423,2021-07-05,2023-09-25,2023-10-02,2023-12-25,117
2,IMH-001,RETAIL,2023-11-20,778.0,HW_Add_Add,674.991775561987,2021-07-05,2023-09-25,2023-10-02,2023-12-25,117
2,IMH-001,RETAIL,2023-11-27,774.0,HW_Add_Add,731.993745670108,2021-07-05,2023-09-25,2023-10-02,2023-12-25,117
2,IMH-001,RETAIL,2023-12-04,703.3247149224865,HW_Add_Add,627.4903288349221,2021-07-05,2023-09-25,2023-10-02,2023-12-25,117
2,IMH-001,RETAIL,2023-12-11,687.4000124198519,HW_Add_Add,727.9853329786539,2021-07-05,2023-09-25,2023-10-02,2023-12-25,117
2,IMH-001,RETAIL,2023-12-18,727.761933278661,HW_Add_Add,797.4582622079565,2021-07-05,2023-09-25,2023-10-02,2023-12-25,117
2,IMH-001,RETAIL,2023-12-25,798.2345642955329,HW_Add_Add,820.7003628967509,2021-07-05,2023-09-25,2023-10-02,2023-12-25,117
2,IMH-001,RETAIL,2023-10-02,420.0,HW_Damped_Add,464.6764216258888,2021-07-05,2023-09-25,2023-10-02,2023-12-25,117
2,IMH-001,RETAIL,2023-10-09,508.0,HW_Damped_Add,489.4199587837665,2021-07-05,2023-09-25,2023-10-02,2023-12-25,117
2,IMH-001,RETAIL,2023-10-16,563.0,HW_Damped_Add,546.0683459139422,2021-07-05,2023-09-25,2023-10-02,2023-12-25,117
2,IMH-001,RETAIL,2023-10-23,608.0,HW_Damped_Add,549.2014866642209,2021-07-05,2023-09-25,2023-10-02,2023-12-25,117
2,IMH-001,RETAIL,2023-10-30,667.0,HW_Damped_Add,564.4907759085731,2021-07-05,2023-09-25,2023-10-02,2023-12-25,117
2,IMH-001,RETAIL,2023-11-06,591.0,HW_Damped_Add,523.1554159364082,2021-07-05,2023-09-25,2023-10-02,2023-12-25,117
2,IMH-001,RETAIL,2023-11-13,637.0,HW_Damped_Add,561.2955369292143,2021-07-05,2023-09-25,2023-10-02,2023-12-25,117
2,IMH-001,RETAIL,2023-11-20,778.0,HW_Damped_Add,652.0848136638907,2021-07-05,2023-09-25,2023-10-02,2023-12-25,117
2,IMH-001,RETAIL,2023-11-27,774.0,HW_Damped_Add,708.8699743833943,2021-07-05,2023-09-25,2023-10-02,2023-12-25,117
2,IMH-001,RETAIL,2023-12-04,703.3247149224865,HW_Damped_Add,604.0298569981962,2021-07-05,2023-09-25,2023-10-02,2023-12-25,117
2,IMH-001,RETAIL,2023-12-11,687.4000124198519,HW_Damped_Add,704.1435133070942,2021-07-05,2023-09-25,2023-10-02,2023-12-25,117
2,IMH-001,RETAIL,2023-12-18,727.761933278661,HW_Damped_Add,773.5667918358583,2021-07-05,2023-09-25,2023-10-02,2023-12-25,117
2,IMH-001,RETAIL,2023-12-25,798.2345642955329,HW_Damped_Add,796.4299964360583,2021-07-05,2023-09-25,2023-10-02,2023-12-25,117
2,IMH-001,RETAIL,2023-10-02,420.0,HW_Damped_Mul,488.76042333683523,2021-07-05,2023-09-25,2023-10-02,2023-12-25,117
2,IMH-001,RETAIL,2023-10-09,508.0,HW_Damped_Mul,514.1718145883287,2021-07-05,2023-09-25,2023-10-02,2023-12-25,117
2,IMH-001,RETAIL,2023-10-16,563.0,HW_Damped_Mul,576.1015967492852,2021-07-05,2023-09-25,2023-10-02,2023-12-25,117
2,IMH-001,RETAIL,2023-10-23,608.0,HW_Damped_Mul,580.5983020796888,2021-07-05,2023-09-25,2023-10-02,2023-12-25,117
2,IMH-001,RETAIL,2023-10-30,667.0,HW_Damped_Mul,595.516019567699,2021-07-05,2023-09-25,2023-10-02,2023-12-25,117
2,IMH-001,RETAIL,2023-11-06,591.0,HW_Damped_Mul,551.7255944012608,2021-07-05,2023-09-25,2023-10-02,2023-12-25,117
2,IMH-001,RETAIL,2023-11-13,637.0,HW_Damped_Mul,594.3144589943983,2021-07-05,2023-09-25,2023-10-02,2023-12-25,117
2,IMH-001,RETAIL,2023-11-20,778.0,HW_Damped_Mul,690.9212064971688,2021-07-05,2023-09-25,2023-10-02,2023-12-25,117
2,IMH-001,RETAIL,2023-11-27,774.0,HW_Damped_Mul,750.9572841363242,2021-07-05,2023-09-25,2023-10-02,2023-12-25,117
2,IMH-001,RETAIL,2023-12-04,703.3247149224865,HW_Damped_Mul,639.1717195923343,2021-07-05,2023-09-25,2023-10-02,2023-12-25,117
2,IMH-001,RETAIL,2023-12-11,687.4000124198519,HW_Damped_Mul,749.0564207809922,2021-07-05,2023-09-25,2023-10-02,2023-12-25,117
2,IMH-001,RETAIL,2023-12-18,727.761933278661,HW_Damped_Mul,819.7784340339454,2021-07-05,2023-09-25,2023-10-02,2023-12-25,117
2,IMH-001,RETAIL,2023-12-25,798.2345642955329,HW_Damped_Mul,846.3189339605345,2021-07-05,2023-09-25,2023-10-02,2023-12-25,117
3,IMH-001,RETAIL,2024-01-01,711.1658559360233,HW_Add_Add,724.3537433954368,2021-07-05,2023-12-25,2024-01-01,2024-03-25,130
3,IMH-001,RETAIL,2024-01-08,711.4168554259749,HW_Add_Add,604.3617842355975,2021-07-05,2023-12-25,2024-01-01,2024-03-25,130
3,IMH-001,RETAIL,2024-01-15,677.7468286587304,HW_Add_Add,599.3966479796204,2021-07-05,2023-12-25,2024-01-01,2024-03-25,130
3,IMH-001,RETAIL,2024-01-22,546.0,HW_Add_Add,619.1507065636474,2021-07-05,2023-12-25,2024-01-01,2024-03-25,130
3,IMH-001,RETAIL,2024-01-29,549.033873276057,HW_Add_Add,640.6128125546848,2021-07-05,2023-12-25,2024-01-01,2024-03-25,130
3,IMH-001,RETAIL,2024-02-05,517.8139921177453,HW_Add_Add,581.059485634644,2021-07-05,2023-12-25,2024-01-01,2024-03-25,130
3,IMH-001,RETAIL,2024-02-12,650.5007881688582,HW_Add_Add,558.9616159930955,2021-07-05,2023-12-25,2024-01-01,2024-03-25,130
3,IMH-001,RETAIL,2024-02-19,521.0310911628018,HW_Add_Add,639.6187032335545,2021-07-05,2023-12-25,2024-01-01,2024-03-25,130
3,IMH-001,RETAIL,2024-02-26,500.9064287986964,HW_Add_Add,541.5253440853118,2021-07-05,2023-12-25,2024-01-01,2024-03-25,130
3,IMH-001,RETAIL,2024-03-04,462.0,HW_Add_Add,480.5645131529065,2021-07-05,2023-12-25,2024-01-01,2024-03-25,130
3,IMH-001,RETAIL,2024-03-11,463.7936038642076,HW_Add_Add,438.15669028587524,2021-07-05,2023-12-25,2024-01-01,2024-03-25,130
3,IMH-001,RETAIL,2024-03-18,483.39432638970186,HW_Add_Add,440.3100769131627,2021-07-05,2023-12-25,2024-01-01,2024-03-25,130
3,IMH-001,RETAIL,2024-03-25,404.0,HW_Add_Add,442.0977079663483,2021-07-05,2023-12-25,2024-01-01,2024-03-25,130
3,IMH-001,RETAIL,2024-01-01,711.1658559360233,HW_Damped_Add,721.4656477540948,2021-07-05,2023-12-25,2024-01-01,2024-03-25,130
3,IMH-001,RETAIL,2024-01-08,711.4168554259749,HW_Damped_Add,600.9899198223825,2021-07-05,2023-12-25,2024-01-01,2024-03-25,130
3,IMH-001,RETAIL,2024-01-15,677.7468286587304,HW_Damped_Add,595.6679336097457,2021-07-05,2023-12-25,2024-01-01,2024-03-25,130
3,IMH-001,RETAIL,2024-01-22,546.0,HW_Damped_Add,614.7416766635689,2021-07-05,2023-12-25,2024-01-01,2024-03-25,130
3,IMH-001,RETAIL,2024-01-29,549.033873276057,HW_Damped_Add,636.0422591531135,2021-07-05,2023-12-25,2024-01-01,2024-03-25,130
3,IMH-001,RETAIL,2024-02-05,517.8139921177453,HW_Damped_Add,575.7778978039646,2021-07-05,2023-12-25,2024-01-01,2024-03-25,130
3,IMH-001,RETAIL,2024-02-12,650.5007881688582,HW_Damped_Add,553.2242601376372,2021-07-05,2023-12-25,2024-01-01,2024-03-25,130
3,IMH-001,RETAIL,2024-02-19,521.0310911628018,HW_Damped_Add,633.4949871929135,2021-07-05,2023-12-25,2024-01-01,2024-03-25,130
3,IMH-001,RETAIL,2024-02-26,500.9064287986964,HW_Damped_Add,534.7523047335185,2021-07-05,2023-12-25,2024-01-01,2024-03-25,130
3,IMH-001,RETAIL,2024-03-04,462.0,HW_Damped_Add,473.41961383863617,2021-07-05,2023-12-25,2024-01-01,2024-03-25,130
3,IMH-001,RETAIL,2024-03-11,463.7936038642076,HW_Damped_Add,430.54754821450143,2021-07-05,2023-12-25,2024-01-01,2024-03-25,130
3,IMH-001,RETAIL,2024-03-18,483.39432638970186,HW_Damped_Add,432.217296618457,2021-07-05,2023-12-25,2024-01-01,2024-03-25,130
3,IMH-001,RETAIL,2024-03-25,404.0,HW_Damped_Add,433.5709597228867,2021-07-05,2023-12-25,2024-01-01,2024-03-25,130
3,IMH-001,RETAIL,2024-01-01,711.1658559360233,HW_Damped_Mul,737.5064928826231,2021-07-05,2023-12-25,2024-01-01,2024-03-25,130
3,IMH-001,RETAIL,2024-01-08,711.4168554259749,HW_Damped_Mul,607.0657334595197,2021-07-05,2023-12-25,2024-01-01,2024-03-25,130
3,IMH-001,RETAIL,2024-01-15,677.7468286587304,HW_Damped_Mul,601.8732050801332,2021-07-05,2023-12-25,2024-01-01,2024-03-25,130
3,IMH-001,RETAIL,2024-01-22,546.0,HW_Damped_Mul,620.1257240306977,2021-07-05,2023-12-25,2024-01-01,2024-03-25,130
3,IMH-001,RETAIL,2024-01-29,549.033873276057,HW_Damped_Mul,646.3434315066899,2021-07-05,2023-12-25,2024-01-01,2024-03-25,130
3,IMH-001,RETAIL,2024-02-05,517.8139921177453,HW_Damped_Mul,579.7904736774606,2021-07-05,2023-12-25,2024-01-01,2024-03-25,130
3,IMH-001,RETAIL,2024-02-12,650.5007881688582,HW_Damped_Mul,556.596273565085,2021-07-05,2023-12-25,2024-01-01,2024-03-25,130
3,IMH-001,RETAIL,2024-02-19,521.0310911628018,HW_Damped_Mul,644.7420155679871,2021-07-05,2023-12-25,2024-01-01,2024-03-25,130
3,IMH-001,RETAIL,2024-02-26,500.9064287986964,HW_Damped_Mul,537.8891217308116,2021-07-05,2023-12-25,2024-01-01,2024-03-25,130
3,IMH-001,RETAIL,2024-03-04,462.0,HW_Damped_Mul,473.6221991726336,2021-07-05,2023-12-25,2024-01-01,2024-03-25,130
3,IMH-001,RETAIL,2024-03-11,463.7936038642076,HW_Damped_Mul,427.85158782518005,2021-07-05,2023-12-25,2024-01-01,2024-03-25,130
3,IMH-001,RETAIL,2024-03-18,483.39432638970186,HW_Damped_Mul,429.2000294987483,2021-07-05,2023-12-25,2024-01-01,2024-03-25,130
3,IMH-001,RETAIL,2024-03-25,404.0,HW_Damped_Mul,430.5670541421413,2021-07-05,2023-12-25,2024-01-01,2024-03-25,130
4,IMH-001,RETAIL,2024-04-01,362.8898144490035,HW_Add_Add,422.87132689179447,2021-07-05,2024-03-25,2024-04-01,2024-06-24,143
4,IMH-001,RETAIL,2024-04-08,323.9394369747511,HW_Add_Add,385.9483300365169,2021-07-05,2024-03-25,2024-04-01,2024-06-24,143
4,IMH-001,RETAIL,2024-04-15,359.0,HW_Add_Add,392.7622132079036,2021-07-05,2024-03-25,2024-04-01,2024-06-24,143
4,IMH-001,RETAIL,2024-04-22,316.0,HW_Add_Add,348.6370015733518,2021-07-05,2024-03-25,2024-04-01,2024-06-24,143
4,IMH-001,RETAIL,2024-04-29,340.0,HW_Add_Add,356.6514766734094,2021-07-05,2024-03-25,2024-04-01,2024-06-24,143
4,IMH-001,RETAIL,2024-05-06,329.0,HW_Add_Add,320.224004680661,2021-07-05,2024-03-25,2024-04-01,2024-06-24,143
4,IMH-001,RETAIL,2024-05-13,305.0,HW_Add_Add,355.7578064048286,2021-07-05,2024-03-25,2024-04-01,2024-06-24,143
4,IMH-001,RETAIL,2024-05-20,364.0,HW_Add_Add,326.761448628872,2021-07-05,2024-03-25,2024-04-01,2024-06-24,143
4,IMH-001,RETAIL,2024-05-27,298.0,HW_Add_Add,315.64098453691474,2021-07-05,2024-03-25,2024-04-01,2024-06-24,143
4,IMH-001,RETAIL,2024-06-03,297.0,HW_Add_Add,303.2567541718978,2021-07-05,2024-03-25,2024-04-01,2024-06-24,143
4,IMH-001,RETAIL,2024-06-10,283.0,HW_Add_Add,294.7278894099363,2021-07-05,2024-03-25,2024-04-01,2024-06-24,143
4,IMH-001,RETAIL,2024-06-17,315.0,HW_Add_Add,297.73154409277936,2021-07-05,2024-03-25,2024-04-01,2024-06-24,143
4,IMH-001,RETAIL,2024-06-24,293.0,HW_Add_Add,297.1703586431912,2021-07-05,2024-03-25,2024-04-01,2024-06-24,143
4,IMH-001,RETAIL,2024-04-01,362.8898144490035,HW_Damped_Add,411.8453917916181,2021-07-05,2024-03-25,2024-04-01,2024-06-24,143
4,IMH-001,RETAIL,2024-04-08,323.9394369747511,HW_Damped_Add,380.02633706101136,2021-07-05,2024-03-25,2024-04-01,2024-06-24,143
4,IMH-001,RETAIL,2024-04-15,359.0,HW_Damped_Add,386.92872720231003,2021-07-05,2024-03-25,2024-04-01,2024-06-24,143
4,IMH-001,RETAIL,2024-04-22,316.0,HW_Damped_Add,344.52803698713615,2021-07-05,2024-03-25,2024-04-01,2024-06-24,143
4,IMH-001,RETAIL,2024-04-29,340.0,HW_Damped_Add,348.38028472817825,2021-07-05,2024-03-25,2024-04-01,2024-06-24,143
4,IMH-001,RETAIL,2024-05-06,329.0,HW_Damped_Add,312.05854407977677,2021-07-05,2024-03-25,2024-04-01,2024-06-24,143
4,IMH-001,RETAIL,2024-05-13,305.0,HW_Damped_Add,344.11020805210296,2021-07-05,2024-03-25,2024-04-01,2024-06-24,143
4,IMH-001,RETAIL,2024-05-20,364.0,HW_Damped_Add,320.1300998809371,2021-07-05,2024-03-25,2024-04-01,2024-06-24,143
4,IMH-001,RETAIL,2024-05-27,298.0,HW_Damped_Add,306.7327950328072,2021-07-05,2024-03-25,2024-04-01,2024-06-24,143
4,IMH-001,RETAIL,2024-06-03,297.0,HW_Damped_Add,294.6113921313762,2021-07-05,2024-03-25,2024-04-01,2024-06-24,143
4,IMH-001,RETAIL,2024-06-10,283.0,HW_Damped_Add,284.0982650985988,2021-07-05,2024-03-25,2024-04-01,2024-06-24,143
4,IMH-001,RETAIL,2024-06-17,315.0,HW_Damped_Add,286.976425254166,2021-07-05,2024-03-25,2024-04-01,2024-06-24,143
4,IMH-001,RETAIL,2024-06-24,293.0,HW_Damped_Add,287.79813165909127,2021-07-05,2024-03-25,2024-04-01,2024-06-24,143
4,IMH-001,RETAIL,2024-04-01,362.8898144490035,HW_Damped_Mul,410.5040021469155,2021-07-05,2024-03-25,2024-04-01,2024-06-24,143
4,IMH-001,RETAIL,2024-04-08,323.9394369747511,HW_Damped_Mul,368.47443592391915,2021-07-05,2024-03-25,2024-04-01,2024-06-24,143
4,IMH-001,RETAIL,2024-04-15,359.0,HW_Damped_Mul,375.36428224313397,2021-07-05,2024-03-25,2024-04-01,2024-06-24,143
4,IMH-001,RETAIL,2024-04-22,316.0,HW_Damped_Mul,327.409974814112,2021-07-05,2024-03-25,2024-04-01,2024-06-24,143
4,IMH-001,RETAIL,2024-04-29,340.0,HW_Damped_Mul,337.618215412465,2021-07-05,2024-03-25,2024-04-01,2024-06-24,143
4,IMH-001,RETAIL,2024-05-06,329.0,HW_Damped_Mul,298.70538817893674,2021-07-05,2024-03-25,2024-04-01,2024-06-24,143
4,IMH-001,RETAIL,2024-05-13,305.0,HW_Damped_Mul,337.6962608005942,2021-07-05,2024-03-25,2024-04-01,2024-06-24,143
4,IMH-001,RETAIL,2024-05-20,364.0,HW_Damped_Mul,304.3300272863836,2021-07-05,2024-03-25,2024-04-01,2024-06-24,143
4,IMH-001,RETAIL,2024-05-27,298.0,HW_Damped_Mul,293.4001822428256,2021-07-05,2024-03-25,2024-04-01,2024-06-24,143
4,IMH-001,RETAIL,2024-06-03,297.0,HW_Damped_Mul,279.9486648066365,2021-07-05,2024-03-25,2024-04-01,2024-06-24,143
4,IMH-001,RETAIL,2024-06-10,283.0,HW_Damped_Mul,271.5818019715741,2021-07-05,2024-03-25,2024-04-01,2024-06-24,143
4,IMH-001,RETAIL,2024-06-17,315.0,HW_Damped_Mul,274.564514739067,2021-07-05,2024-03-25,2024-04-01,2024-06-24,143
4,IMH-001,RETAIL,2024-06-24,293.0,HW_Damped_Mul,273.11129382584323,2021-07-05,2024-03-25,2024-04-01,2024-06-24,143
5,IMH-001,RETAIL,2024-07-01,283.0,HW_Add_Add,304.36078263322554,2021-07-05,2024-06-24,2024-07-01,2024-09-23,156
5,IMH-001,RETAIL,2024-07-08,235.0,HW_Add_Add,293.72724621669636,2021-07-05,2024-06-24,2024-07-01,2024-09-23,156
5,IMH-001,RETAIL,2024-07-15,273.0,HW_Add_Add,302.0714500688998,2021-07-05,2024-06-24,2024-07-01,2024-09-23,156
5,IMH-001,RETAIL,2024-07-22,318.0,HW_Add_Add,294.431010567651,2021-07-05,2024-06-24,2024-07-01,2024-09-23,156
5,IMH-001,RETAIL,2024-07-29,288.0,HW_Add_Add,322.7835273989709,2021-07-05,2024-06-24,2024-07-01,2024-09-23,156
5,IMH-001,RETAIL,2024-08-05,329.0,HW_Add_Add,334.7831596082974,2021-07-05,2024-06-24,2024-07-01,2024-09-23,156
5,IMH-001,RETAIL,2024-08-12,323.0,HW_Add_Add,326.1295645850897,2021-07-05,2024-06-24,2024-07-01,2024-09-23,156
5,IMH-001,RETAIL,2024-08-19,304.0,HW_Add_Add,327.80390993649087,2021-07-05,2024-06-24,2024-07-01,2024-09-23,156
5,IMH-001,RETAIL,2024-08-26,305.0,HW_Add_Add,318.52566260394315,2021-07-05,2024-06-24,2024-07-01,2024-09-23,156
5,IMH-001,RETAIL,2024-09-02,380.0,HW_Add_Add,413.85684955996237,2021-07-05,2024-06-24,2024-07-01,2024-09-23,156
5,IMH-001,RETAIL,2024-09-09,444.0,HW_Add_Add,477.8406074936331,2021-07-05,2024-06-24,2024-07-01,2024-09-23,156
5,IMH-001,RETAIL,2024-09-16,417.0,HW_Add_Add,450.20494101950794,2021-07-05,2024-06-24,2024-07-01,2024-09-23,156
5,IMH-001,RETAIL,2024-09-23,428.56379153351446,HW_Add_Add,416.93587084835167,2021-07-05,2024-06-24,2024-07-01,2024-09-23,156
5,IMH-001,RETAIL,2024-07-01,283.0,HW_Damped_Add,301.463143582444,2021-07-05,2024-06-24,2024-07-01,2024-09-23,156
5,IMH-001,RETAIL,2024-07-08,235.0,HW_Damped_Add,290.4098540623173,2021-07-05,2024-06-24,2024-07-01,2024-09-23,156
5,IMH-001,RETAIL,2024-07-15,273.0,HW_Damped_Add,298.4187678079028,2021-07-05,2024-06-24,2024-07-01,2024-09-23,156
5,IMH-001,RETAIL,2024-07-22,318.0,HW_Damped_Add,290.3950402566453,2021-07-05,2024-06-24,2024-07-01,2024-09-23,156
5,IMH-001,RETAIL,2024-07-29,288.0,HW_Damped_Add,318.39568497609577,2021-07-05,2024-06-24,2024-07-01,2024-09-23,156
5,IMH-001,RETAIL,2024-08-05,329.0,HW_Damped_Add,330.11587735895336,2021-07-05,2024-06-24,2024-07-01,2024-09-23,156
5,IMH-001,RETAIL,2024-08-12,323.0,HW_Damped_Add,321.1429752015464,2021-07-05,2024-06-24,2024-07-01,2024-09-23,156
5,IMH-001,RETAIL,2024-08-19,304.0,HW_Damped_Add,322.5231817946102,2021-07-05,2024-06-24,2024-07-01,2024-09-23,156
5,IMH-001,RETAIL,2024-08-26,305.0,HW_Damped_Add,312.7903333024052,2021-07-05,2024-06-24,2024-07-01,2024-09-23,156
5,IMH-001,RETAIL,2024-09-02,380.0,HW_Damped_Add,407.87226788570547,2021-07-05,2024-06-24,2024-07-01,2024-09-23,156
5,IMH-001,RETAIL,2024-09-09,444.0,HW_Damped_Add,471.65969850858147,2021-07-05,2024-06-24,2024-07-01,2024-09-23,156
5,IMH-001,RETAIL,2024-09-16,417.0,HW_Damped_Add,443.67077849192924,2021-07-05,2024-06-24,2024-07-01,2024-09-23,156
5,IMH-001,RETAIL,2024-09-23,428.56379153351446,HW_Damped_Add,409.93641299107827,2021-07-05,2024-06-24,2024-07-01,2024-09-23,156
5,IMH-001,RETAIL,2024-07-01,283.0,HW_Damped_Mul,283.45806573500727,2021-07-05,2024-06-24,2024-07-01,2024-09-23,156
5,IMH-001,RETAIL,2024-07-08,235.0,HW_Damped_Mul,269.9922986180213,2021-07-05,2024-06-24,2024-07-01,2024-09-23,156
5,IMH-001,RETAIL,2024-07-15,273.0,HW_Damped_Mul,279.1465642226929,2021-07-05,2024-06-24,2024-07-01,2024-09-23,156
5,IMH-001,RETAIL,2024-07-22,318.0,HW_Damped_Mul,270.0609526113437,2021-07-05,2024-06-24,2024-07-01,2024-09-23,156
5,IMH-001,RETAIL,2024-07-29,288.0,HW_Damped_Mul,300.31333759995533,2021-07-05,2024-06-24,2024-07-01,2024-09-23,156
5,IMH-001,RETAIL,2024-08-05,329.0,HW_Damped_Mul,313.9054093629557,2021-07-05,2024-06-24,2024-07-01,2024-09-23,156
5,IMH-001,RETAIL,2024-08-12,323.0,HW_Damped_Mul,304.33409440736284,2021-07-05,2024-06-24,2024-07-01,2024-09-23,156
5,IMH-001,RETAIL,2024-08-19,304.0,HW_Damped_Mul,306.22420169796914,2021-07-05,2024-06-24,2024-07-01,2024-09-23,156
5,IMH-001,RETAIL,2024-08-26,305.0,HW_Damped_Mul,294.07687006587656,2021-07-05,2024-06-24,2024-07-01,2024-09-23,156
5,IMH-001,RETAIL,2024-09-02,380.0,HW_Damped_Mul,397.42677967862807,2021-07-05,2024-06-24,2024-07-01,2024-09-23,156
5,IMH-001,RETAIL,2024-09-09,444.0,HW_Damped_Mul,468.9069219054026,2021-07-05,2024-06-24,2024-07-01,2024-09-23,156
5,IMH-001,RETAIL,2024-09-16,417.0,HW_Damped_Mul,437.1041143862778,2021-07-05,2024-06-24,2024-07-01,2024-09-23,156
5,IMH-001,RETAIL,2024-09-23,428.56379153351446,HW_Damped_Mul,398.43138560813657,2021-07-05,2024-06-24,2024-07-01,2024-09-23,156
6,IMH-001,RETAIL,2024-09-30,445.00000000000006,HW_Add_Add,481.78969591085064,2021-07-05,2024-09-23,2024-09-30,2024-12-23,169
6,IMH-001,RETAIL,2024-10-07,443.0,HW_Add_Add,527.787716382996,2021-07-05,2024-09-23,2024-09-30,2024-12-23,169
6,IMH-001,RETAIL,2024-10-14,569.0000000000001,HW_Add_Add,584.117047102516,2021-07-05,2024-09-23,2024-09-30,2024-12-23,169
6,IMH-001,RETAIL,2024-10-21,609.0,HW_Add_Add,601.4439139297849,2021-07-05,2024-09-23,2024-09-30,2024-12-23,169
6,IMH-001,RETAIL,2024-10-28,655.0,HW_Add_Add,631.443313681735,2021-07-05,2024-09-23,2024-09-30,2024-12-23,169
6,IMH-001,RETAIL,2024-11-04,656.0,HW_Add_Add,578.772921266234,2021-07-05,2024-09-23,2024-09-30,2024-12-23,169
6,IMH-001,RETAIL,2024-11-11,677.0,HW_Add_Add,619.7666559105886,2021-07-05,2024-09-23,2024-09-30,2024-12-23,169
6,IMH-001,RETAIL,2024-11-18,791.0,HW_Add_Add,727.431815144751,2021-07-05,2024-09-23,2024-09-30,2024-12-23,169
6,IMH-001,RETAIL,2024-11-25,821.0,HW_Add_Add,764.0993311593226,2021-07-05,2024-09-23,2024-09-30,2024-12-23,169
6,IMH-001,RETAIL,2024-12-02,763.0,HW_Add_Add,670.8674362217974,2021-07-05,2024-09-23,2024-09-30,2024-12-23,169
6,IMH-001,RETAIL,2024-12-09,804.8161263793592,HW_Add_Add,732.5550320200983,2021-07-05,2024-09-23,2024-09-30,2024-12-23,169
6,IMH-001,RETAIL,2024-12-16,771.4033155468426,HW_Add_Add,792.3258172449919,2021-07-05,2024-09-23,2024-09-30,2024-12-23,169
6,IMH-001,RETAIL,2024-12-23,780.719671367722,HW_Add_Add,831.3057455699022,2021-07-05,2024-09-23,2024-09-30,2024-12-23,169
6,IMH-001,RETAIL,2024-09-30,445.00000000000006,HW_Damped_Add,470.1103871061499,2021-07-05,2024-09-23,2024-09-30,2024-12-23,169
6,IMH-001,RETAIL,2024-10-07,443.0,HW_Damped_Add,508.80412162578386,2021-07-05,2024-09-23,2024-09-30,2024-12-23,169
6,IMH-001,RETAIL,2024-10-14,569.0000000000001,HW_Damped_Add,572.516884810703,2021-07-05,2024-09-23,2024-09-30,2024-12-23,169
6,IMH-001,RETAIL,2024-10-21,609.0,HW_Damped_Add,611.145073953849,2021-07-05,2024-09-23,2024-09-30,2024-12-23,169
6,IMH-001,RETAIL,2024-10-28,655.0,HW_Damped_Add,628.141329883651,2021-07-05,2024-09-23,2024-09-30,2024-12-23,169
6,IMH-001,RETAIL,2024-11-04,656.0,HW_Damped_Add,580.8364837605981,2021-07-05,2024-09-23,2024-09-30,2024-12-23,169
6,IMH-001,RETAIL,2024-11-11,677.0,HW_Damped_Add,641.6155838440895,2021-07-05,2024-09-23,2024-09-30,2024-12-23,169
6,IMH-001,RETAIL,2024-11-18,791.0,HW_Damped_Add,740.3198535886343,2021-07-05,2024-09-23,2024-09-30,2024-12-23,169
6,IMH-001,RETAIL,2024-11-25,821.0,HW_Damped_Add,751.9527327557632,2021-07-05,2024-09-23,2024-09-30,2024-12-23,169
6,IMH-001,RETAIL,2024-12-02,763.0,HW_Damped_Add,681.9051886598103,2021-07-05,2024-09-23,2024-09-30,2024-12-23,169
6,IMH-001,RETAIL,2024-12-09,804.8161263793592,HW_Damped_Add,752.6757645323818,2021-07-05,2024-09-23,2024-09-30,2024-12-23,169
6,IMH-001,RETAIL,2024-12-16,771.4033155468426,HW_Damped_Add,754.8230797135634,2021-07-05,2024-09-23,2024-09-30,2024-12-23,169
6,IMH-001,RETAIL,2024-12-23,780.719671367722,HW_Damped_Add,830.037003627328,2021-07-05,2024-09-23,2024-09-30,2024-12-23,169
6,IMH-001,RETAIL,2024-09-30,445.00000000000006,HW_Damped_Mul,475.3985513731094,2021-07-05,2024-09-23,2024-09-30,2024-12-23,169
6,IMH-001,RETAIL,2024-10-07,443.0,HW_Damped_Mul,524.968701555419,2021-07-05,2024-09-23,2024-09-30,2024-12-23,169
6,IMH-001,RETAIL,2024-10-14,569.0000000000001,HW_Damped_Mul,585.6681272391563,2021-07-05,2024-09-23,2024-09-30,2024-12-23,169
6,IMH-001,RETAIL,2024-10-21,609.0,HW_Damped_Mul,605.4142624034611,2021-07-05,2024-09-23,2024-09-30,2024-12-23,169
6,IMH-001,RETAIL,2024-10-28,655.0,HW_Damped_Mul,637.0687614817901,2021-07-05,2024-09-23,2024-09-30,2024-12-23,169
6,IMH-001,RETAIL,2024-11-04,656.0,HW_Damped_Mul,579.8533234817924,2021-07-05,2024-09-23,2024-09-30,2024-12-23,169
6,IMH-001,RETAIL,2024-11-11,677.0,HW_Damped_Mul,624.5589580712751,2021-07-05,2024-09-23,2024-09-30,2024-12-23,169
6,IMH-001,RETAIL,2024-11-18,791.0,HW_Damped_Mul,739.8672727028027,2021-07-05,2024-09-23,2024-09-30,2024-12-23,169
6,IMH-001,RETAIL,2024-11-25,821.0,HW_Damped_Mul,776.9172246734702,2021-07-05,2024-09-23,2024-09-30,2024-12-23,169
6,IMH-001,RETAIL,2024-12-02,763.0,HW_Damped_Mul,677.7887380485681,2021-07-05,2024-09-23,2024-09-30,2024-12-23,169
6,IMH-001,RETAIL,2024-12-09,804.8161263793592,HW_Damped_Mul,742.7612969141302,2021-07-05,2024-09-23,2024-09-30,2024-12-23,169
6,IMH-001,RETAIL,2024-12-16,771.4033155468426,HW_Damped_Mul,803.3626858804544,2021-07-05,2024-09-23,2024-09-30,2024-12-23,169
6,IMH-001,RETAIL,2024-12-23,780.719671367722,HW_Damped_Mul,846.732119051499,2021-07-05,2024-09-23,2024-09-30,2024-12-23,169
7,IMH-001,RETAIL,2024-12-30,732.0833872679128,HW_Add_Add,738.5120979241613,2021-07-05,2024-12-23,2024-12-30,2025-03-24,182
7,IMH-001,RETAIL,2025-01-06,793.0367112079721,HW_Add_Add,658.6041543591252,2021-07-05,2024-12-23,2024-12-30,2025-03-24,182
7,IMH-001,RETAIL,2025-01-13,677.2959363055019,HW_Add_Add,644.0687767508136,2021-07-05,2024-12-23,2024-12-30,2025-03-24,182
7,IMH-001,RETAIL,2025-01-20,730.5,HW_Add_Add,613.3330183841526,2021-07-05,2024-12-23,2024-12-30,2025-03-24,182
7,IMH-001,RETAIL,2025-01-27,690.8217384483914,HW_Add_Add,628.6403504806552,2021-07-05,2024-12-23,2024-12-30,2025-03-24,182
7,IMH-001,RETAIL,2025-02-03,706.1202696723598,HW_Add_Add,578.5401211598444,2021-07-05,2024-12-23,2024-12-30,2025-03-24,182
7,IMH-001,RETAIL,2025-02-10,700.1556282187742,HW_Add_Add,608.0346169240236,2021-07-05,2024-12-23,2024-12-30,2025-03-24,182
7,IMH-001,RETAIL,2025-02-17,715.6996530457823,HW_Add_Add,618.6443272623565,2021-07-05,2024-12-23,2024-12-30,2025-03-24,182
7,IMH-001,RETAIL,2025-02-24,536.0,HW_Add_Add,546.5450150154264,2021-07-05,2024-12-23,2024-12-30,2025-03-24,182
7,IMH-001,RETAIL,2025-03-03,523.5311262896552,HW_Add_Add,492.93193887626717,2021-07-05,2024-12-23,2024-12-30,2025-03-24,182
7,IMH-001,RETAIL,2025-03-10,420.66426550517474,HW_Add_Add,465.2581012828182,2021-07-05,2024-12-23,2024-12-30,2025-03-24,182
7,IMH-001,RETAIL,2025-03-17,458.0085527739574,HW_Add_Add,473.2308055089838,2021-07-05,2024-12-23,2024-12-30,2025-03-24,182
7,IMH-001,RETAIL,2025-03-24,420.4677501792112,HW_Add_Add,447.95891093074016,2021-07-05,2024-12-23,2024-12-30,2025-03-24,182
7,IMH-001,RETAIL,2024-12-30,732.0833872679128,HW_Damped_Add,732.9545266835213,2021-07-05,2024-12-23,2024-12-30,2025-03-24,182
7,IMH-001,RETAIL,2025-01-06,793.0367112079721,HW_Damped_Add,651.7706002038319,2021-07-05,2024-12-23,2024-12-30,2025-03-24,182
7,IMH-001,RETAIL,2025-01-13,677.2959363055019,HW_Damped_Add,637.1757914452902,2021-07-05,2024-12-23,2024-12-30,2025-03-24,182
7,IMH-001,RETAIL,2025-01-20,730.5,HW_Damped_Add,607.3510872924089,2021-07-05,2024-12-23,2024-12-30,2025-03-24,182
7,IMH-001,RETAIL,2025-01-27,690.8217384483914,HW_Damped_Add,622.8053617861184,2021-07-05,2024-12-23,2024-12-30,2025-03-24,182
7,IMH-001,RETAIL,2025-02-03,706.1202696723598,HW_Damped_Add,572.3760086910733,2021-07-05,2024-12-23,2024-12-30,2025-03-24,182
7,IMH-001,RETAIL,2025-02-10,700.1556282187742,HW_Damped_Add,600.8395162535471,2021-07-05,2024-12-23,2024-12-30,2025-03-24,182
7,IMH-001,RETAIL,2025-02-17,715.6996530457823,HW_Damped_Add,612.480904039693,2021-07-05,2024-12-23,2024-12-30,2025-03-24,182
7,IMH-001,RETAIL,2025-02-24,536.0,HW_Damped_Add,539.7884693163708,2021-07-05,2024-12-23,2024-12-30,2025-03-24,182
7,IMH-001,RETAIL,2025-03-03,523.5311262896552,HW_Damped_Add,485.75569341728897,2021-07-05,2024-12-23,2024-12-30,2025-03-24,182
7,IMH-001,RETAIL,2025-03-10,420.66426550517474,HW_Damped_Add,457.5738988577995,2021-07-05,2024-12-23,2024-12-30,2025-03-24,182
7,IMH-001,RETAIL,2025-03-17,458.0085527739574,HW_Damped_Add,465.34500938087456,2021-07-05,2024-12-23,2024-12-30,2025-03-24,182
7,IMH-001,RETAIL,2025-03-24,420.4677501792112,HW_Damped_Add,440.5829347477356,2021-07-05,2024-12-23,2024-12-30,2025-03-24,182
7,IMH-001,RETAIL,2024-12-30,732.0833872679128,HW_Damped_Mul,753.0516782291735,2021-07-05,2024-12-23,2024-12-30,2025-03-24,182
7,IMH-001,RETAIL,2025-01-06,793.0367112079721,HW_Damped_Mul,667.7338460385412,2021-07-05,2024-12-23,2024-12-30,2025-03-24,182
7,IMH-001,RETAIL,2025-01-13,677.2959363055019,HW_Damped_Mul,651.4101568606039,2021-07-05,2024-12-23,2024-12-30,2025-03-24,182
7,IMH-001,RETAIL,2025-01-20,730.5,HW_Damped_Mul,613.2837481638545,2021-07-05,2024-12-23,2024-12-30,2025-03-24,182
7,IMH-001,RETAIL,2025-01-27,690.8217384483914,HW_Damped_Mul,631.4602347645845,2021-07-05,2024-12-23,2024-12-30,2025-03-24,182
7,IMH-001,RETAIL,2025-02-03,706.1202696723598,HW_Damped_Mul,576.0187863485977,2021-07-05,2024-12-23,2024-12-30,2025-03-24,182
7,IMH-001,RETAIL,2025-02-10,700.1556282187742,HW_Damped_Mul,611.0355219898638,2021-07-05,2024-12-23,2024-12-30,2025-03-24,182
7,IMH-001,RETAIL,2025-02-17,715.6996530457823,HW_Damped_Mul,619.6251764499449,2021-07-05,2024-12-23,2024-12-30,2025-03-24,182
7,IMH-001,RETAIL,2025-02-24,536.0,HW_Damped_Mul,541.9670253428524,2021-07-05,2024-12-23,2024-12-30,2025-03-24,182
7,IMH-001,RETAIL,2025-03-03,523.5311262896552,HW_Damped_Mul,485.04741503995035,2021-07-05,2024-12-23,2024-12-30,2025-03-24,182
7,IMH-001,RETAIL,2025-03-10,420.66426550517474,HW_Damped_Mul,455.66765597664477,2021-07-05,2024-12-23,2024-12-30,2025-03-24,182
7,IMH-001,RETAIL,2025-03-17,458.0085527739574,HW_Damped_Mul,463.90575166590907,2021-07-05,2024-12-23,2024-12-30,2025-03-24,182
7,IMH-001,RETAIL,2025-03-24,420.4677501792112,HW_Damped_Mul,434.7829341580245,2021-07-05,2024-12-23,2024-12-30,2025-03-24,182
8,IMH-001,RETAIL,2025-03-31,464.61091707717,HW_Add_Add,443.30667516646645,2021-07-05,2025-03-24,2025-03-31,2025-06-23,195
8,IMH-001,RETAIL,2025-04-07,408.7864561948254,HW_Add_Add,404.68718400452985,2021-07-05,2025-03-24,2025-03-31,2025-06-23,195
8,IMH-001,RETAIL,2025-04-14,372.0,HW_Add_Add,420.86740576811184,2021-07-05,2025-03-24,2025-03-31,2025-06-23,195
8,IMH-001,RETAIL,2025-04-21,353.0,HW_Add_Add,376.7434257604043,2021-07-05,2025-03-24,2025-03-31,2025-06-23,195
8,IMH-001,RETAIL,2025-04-28,383.1961071630077,HW_Add_Add,390.860523851775,2021-07-05,2025-03-24,2025-03-31,2025-06-23,195
8,IMH-001,RETAIL,2025-05-05,340.0,HW_Add_Add,362.8623351302388,2021-07-05,2025-03-24,2025-03-31,2025-06-23,195
8,IMH-001,RETAIL,2025-05-12,312.0,HW_Add_Add,379.1889702975828,2021-07-05,2025-03-24,2025-03-31,2025-06-23,195
8,IMH-001,RETAIL,2025-05-19,395.0,HW_Add_Add,378.53804970990376,2021-07-05,2025-03-24,2025-03-31,2025-06-23,195
8,IMH-001,RETAIL,2025-05-26,328.0,HW_Add_Add,349.5322555805361,2021-07-05,2025-03-24,2025-03-31,2025-06-23,195
8,IMH-001,RETAIL,2025-06-02,286.0,HW_Add_Add,340.8720971849683,2021-07-05,2025-03-24,2025-03-31,2025-06-23,195
8,IMH-001,RETAIL,2025-06-09,301.0,HW_Add_Add,330.8716741655794,2021-07-05,2025-03-24,2025-03-31,2025-06-23,195
8,IMH-001,RETAIL,2025-06-16,315.0,HW_Add_Add,343.53982658640376,2021-07-05,2025-03-24,2025-03-31,2025-06-23,195
8,IMH-001,RETAIL,2025-06-23,310.0,HW_Add_Add,335.5373707871148,2021-07-05,2025-03-24,2025-03-31,2025-06-23,195
8,IMH-001,RETAIL,2025-03-31,464.61091707717,HW_Damped_Add,438.952913988577,2021-07-05,2025-03-24,2025-03-31,2025-06-23,195
8,IMH-001,RETAIL,2025-04-07,408.7864561948254,HW_Damped_Add,400.1398017918733,2021-07-05,2025-03-24,2025-03-31,2025-06-23,195
8,IMH-001,RETAIL,2025-04-14,372.0,HW_Damped_Add,416.12233122438937,2021-07-05,2025-03-24,2025-03-31,2025-06-23,195
8,IMH-001,RETAIL,2025-04-21,353.0,HW_Damped_Add,371.88613082705467,2021-07-05,2025-03-24,2025-03-31,2025-06-23,195
8,IMH-001,RETAIL,2025-04-28,383.1961071630077,HW_Damped_Add,385.8622571031135,2021-07-05,2025-03-24,2025-03-31,2025-06-23,195
8,IMH-001,RETAIL,2025-05-05,340.0,HW_Damped_Add,357.67768663651464,2021-07-05,2025-03-24,2025-03-31,2025-06-23,195
8,IMH-001,RETAIL,2025-05-12,312.0,HW_Damped_Add,374.0012039221317,2021-07-05,2025-03-24,2025-03-31,2025-06-23,195
8,IMH-001,RETAIL,2025-05-19,395.0,HW_Damped_Add,372.9835992208742,2021-07-05,2025-03-24,2025-03-31,2025-06-23,195
8,IMH-001,RETAIL,2025-05-26,328.0,HW_Damped_Add,343.9240984614532,2021-07-05,2025-03-24,2025-03-31,2025-06-23,195
8,IMH-001,RETAIL,2025-06-02,286.0,HW_Damped_Add,335.0247261148071,2021-07-05,2025-03-24,2025-03-31,2025-06-23,195
8,IMH-001,RETAIL,2025-06-09,301.0,HW_Damped_Add,324.82841595881723,2021-07-05,2025-03-24,2025-03-31,2025-06-23,195
8,IMH-001,RETAIL,2025-06-16,315.0,HW_Damped_Add,337.2165578441982,2021-07-05,2025-03-24,2025-03-31,2025-06-23,195
8,IMH-001,RETAIL,2025-06-23,310.0,HW_Damped_Add,329.0266717228289,2021-07-05,2025-03-24,2025-03-31,2025-06-23,195
8,IMH-001,RETAIL,2025-03-31,464.61091707717,HW_Damped_Mul,419.73873745413647,2021-07-05,2025-03-24,2025-03-31,2025-06-23,195
8,IMH-001,RETAIL,2025-04-07,408.7864561948254,HW_Damped_Mul,375.68543439581384,2021-07-05,2025-03-24,2025-03-31,2025-06-23,195
8,IMH-001,RETAIL,2025-04-14,372.0,HW_Damped_Mul,393.7249931037184,2021-07-05,2025-03-24,2025-03-31,2025-06-23,195
8,IMH-001,RETAIL,2025-04-21,353.0,HW_Damped_Mul,343.9373132636266,2021-07-05,2025-03-24,2025-03-31,2025-06-23,195
8,IMH-001,RETAIL,2025-04-28,383.1961071630077,HW_Damped_Mul,360.04510282642525,2021-07-05,2025-03-24,2025-03-31,2025-06-23,195
8,IMH-001,RETAIL,2025-05-05,340.0,HW_Damped_Mul,328.56902595056965,2021-07-05,2025-03-24,2025-03-31,2025-06-23,195
8,IMH-001,RETAIL,2025-05-12,312.0,HW_Damped_Mul,346.906201767515,2021-07-05,2025-03-24,2025-03-31,2025-06-23,195
8,IMH-001,RETAIL,2025-05-19,395.0,HW_Damped_Mul,345.308266961565,2021-07-05,2025-03-24,2025-03-31,2025-06-23,195
8,IMH-001,RETAIL,2025-05-26,328.0,HW_Damped_Mul,312.91746199511266,2021-07-05,2025-03-24,2025-03-31,2025-06-23,195
8,IMH-001,RETAIL,2025-06-02,286.0,HW_Damped_Mul,302.97835767206186,2021-07-05,2025-03-24,2025-03-31,2025-06-23,195
8,IMH-001,RETAIL,2025-06-09,301.0,HW_Damped_Mul,291.9095780828496,2021-07-05,2025-03-24,2025-03-31,2025-06-23,195
8,IMH-001,RETAIL,2025-06-16,315.0,HW_Damped_Mul,305.95017033719114,2021-07-05,2025-03-24,2025-03-31,2025-06-23,195
8,IMH-001,RETAIL,2025-06-23,310.0,HW_Damped_Mul,296.3458864284033,2021-07-05,2025-03-24,2025-03-31,2025-06-23,195
9,IMH-001,RETAIL,2025-06-30,304.0,HW_Add_Add,313.45178552953894,2021-07-05,2025-06-23,2025-06-30,2025-09-22,208
9,IMH-001,RETAIL,2025-07-07,311.0,HW_Add_Add,293.46111580199374,2021-07-05,2025-06-23,2025-06-30,2025-09-22,208
9,IMH-001,RETAIL,2025-07-14,328.0,HW_Add_Add,309.2556498372018,2021-07-05,2025-06-23,2025-06-30,2025-09-22,208
9,IMH-001,RETAIL,2025-07-21,298.0,HW_Add_Add,314.7701014282999,2021-07-05,2025-06-23,2025-06-30,2025-09-22,208
9,IMH-001,RETAIL,2025-07-28,315.0,HW_Add_Add,328.4936126572253,2021-07-05,2025-06-23,2025-06-30,2025-09-22,208
9,IMH-001,RETAIL,2025-08-04,343.0,HW_Add_Add,347.70756622363695,2021-07-05,2025-06-23,2025-06-30,2025-09-22,208
9,IMH-001,RETAIL,2025-08-11,340.0,HW_Add_Add,339.6420859046001,2021-07-05,2025-06-23,2025-06-30,2025-09-22,208
9,IMH-001,RETAIL,2025-08-18,340.0,HW_Add_Add,336.13915801985434,2021-07-05,2025-06-23,2025-06-30,2025-09-22,208
9,IMH-001,RETAIL,2025-08-25,417.0,HW_Add_Add,329.3412029958313,2021-07-05,2025-06-23,2025-06-30,2025-09-22,208
9,IMH-001,RETAIL,2025-09-01,450.0,HW_Add_Add,419.5276781277202,2021-07-05,2025-06-23,2025-06-30,2025-09-22,208
9,IMH-001,RETAIL,2025-09-08,505.0,HW_Add_Add,483.45234363354774,2021-07-05,2025-06-23,2025-06-30,2025-09-22,208
9,IMH-001,RETAIL,2025-09-15,484.0,HW_Add_Add,455.928480513263,2021-07-05,2025-06-23,2025-06-30,2025-09-22,208
9,IMH-001,RETAIL,2025-09-22,503.2500168481173,HW_Add_Add,433.82037807997995,2021-07-05,2025-06-23,2025-06-30,2025-09-22,208
9,IMH-001,RETAIL,2025-06-30,304.0,HW_Damped_Add,310.9879521350315,2021-07-05,2025-06-23,2025-06-30,2025-09-22,208
9,IMH-001,RETAIL,2025-07-07,311.0,HW_Damped_Add,290.17857445342173,2021-07-05,2025-06-23,2025-06-30,2025-09-22,208
9,IMH-001,RETAIL,2025-07-14,328.0,HW_Damped_Add,305.2104437053627,2021-07-05,2025-06-23,2025-06-30,2025-09-22,208
9,IMH-001,RETAIL,2025-07-21,298.0,HW_Damped_Add,310.0724264856212,2021-07-05,2025-06-23,2025-06-30,2025-09-22,208
9,IMH-001,RETAIL,2025-07-28,315.0,HW_Damped_Add,323.2549814236114,2021-07-05,2025-06-23,2025-06-30,2025-09-22,208
9,IMH-001,RETAIL,2025-08-04,343.0,HW_Damped_Add,341.9899613114768,2021-07-05,2025-06-23,2025-06-30,2025-09-22,208
9,IMH-001,RETAIL,2025-08-11,340.0,HW_Damped_Add,333.5195676536953,2021-07-05,2025-06-23,2025-06-30,2025-09-22,208
9,IMH-001,RETAIL,2025-08-18,340.0,HW_Damped_Add,329.54593028122304,2021-07-05,2025-06-23,2025-06-30,2025-09-22,208
9,IMH-001,RETAIL,2025-08-25,417.0,HW_Damped_Add,322.3578308879536,2021-07-05,2025-06-23,2025-06-30,2025-09-22,208
9,IMH-001,RETAIL,2025-09-01,450.0,HW_Damped_Add,412.22329055022027,2021-07-05,2025-06-23,2025-06-30,2025-09-22,208
9,IMH-001,RETAIL,2025-09-08,505.0,HW_Damped_Add,475.8691799740747,2021-07-05,2025-06-23,2025-06-30,2025-09-22,208
9,IMH-001,RETAIL,2025-09-15,484.0,HW_Damped_Add,447.9973245630992,2021-07-05,2025-06-23,2025-06-30,2025-09-22,208
9,IMH-001,RETAIL,2025-09-22,503.2500168481173,HW_Damped_Add,425.5113580488802,2021-07-05,2025-06-23,2025-06-30,2025-09-22,208
9,IMH-001,RETAIL,2025-06-30,304.0,HW_Damped_Mul,305.72846266595224,2021-07-05,2025-06-23,2025-06-30,2025-09-22,208
9,IMH-001,RETAIL,2025-07-07,311.0,HW_Damped_Mul,279.37654301479085,2021-07-05,2025-06-23,2025-06-30,2025-09-22,208
9,IMH-001,RETAIL,2025-07-14,328.0,HW_Damped_Mul,298.0899080461499,2021-07-05,2025-06-23,2025-06-30,2025-09-22,208
9,IMH-001,RETAIL,2025-07-21,298.0,HW_Damped_Mul,304.338835697299,2021-07-05,2025-06-23,2025-06-30,2025-09-22,208
9,IMH-001,RETAIL,2025-07-28,315.0,HW_Damped_Mul,318.88522767434995,2021-07-05,2025-06-23,2025-06-30,2025-09-22,208
9,IMH-001,RETAIL,2025-08-04,343.0,HW_Damped_Mul,342.05865317809327,2021-07-05,2025-06-23,2025-06-30,2025-09-22,208
9,IMH-001,RETAIL,2025-08-11,340.0,HW_Damped_Mul,332.62480944276734,2021-07-05,2025-06-23,2025-06-30,2025-09-22,208
9,IMH-001,RETAIL,2025-08-18,340.0,HW_Damped_Mul,328.2884928283235,2021-07-05,2025-06-23,2025-06-30,2025-09-22,208
9,IMH-001,RETAIL,2025-08-25,417.0,HW_Damped_Mul,318.7665743858611,2021-07-05,2025-06-23,2025-06-30,2025-09-22,208
9,IMH-001,RETAIL,2025-09-01,450.0,HW_Damped_Mul,422.09200854280857,2021-07-05,2025-06-23,2025-06-30,2025-09-22,208
9,IMH-001,RETAIL,2025-09-08,505.0,HW_Damped_Mul,497.5828849297018,2021-07-05,2025-06-23,2025-06-30,2025-09-22,208
9,IMH-001,RETAIL,2025-09-15,484.0,HW_Damped_Mul,464.1935384480413,2021-07-05,2025-06-23,2025-06-30,2025-09-22,208
9,IMH-001,RETAIL,2025-09-22,503.2500168481173,HW_Damped_Mul,437.4114449617991,2021-07-05,2025-06-23,2025-06-30,2025-09-22,208
10,IMH-001,RETAIL,2025-09-29,526.0,HW_Add_Add,521.6970734087485,2021-07-05,2025-09-22,2025-09-29,2025-12-22,221
10,IMH-001,RETAIL,2025-10-06,497.0,HW_Add_Add,555.6934680188606,2021-07-05,2025-09-22,2025-09-29,2025-12-22,221
10,IMH-001,RETAIL,2025-10-13,590.0,HW_Add_Add,629.4328053388384,2021-07-05,2025-09-22,2025-09-29,2025-12-22,221
10,IMH-001,RETAIL,2025-10-20,601.0,HW_Add_Add,652.4177028685679,2021-07-05,2025-09-22,2025-09-29,2025-12-22,221
10,IMH-001,RETAIL,2025-10-27,718.0,HW_Add_Add,686.4059548812232,2021-07-05,2025-09-22,2025-09-29,2025-12-22,221
10,IMH-001,RETAIL,2025-11-03,680.0,HW_Add_Add,647.1444448938948,2021-07-05,2025-09-22,2025-09-29,2025-12-22,221
10,IMH-001,RETAIL,2025-11-10,607.0,HW_Add_Add,683.135680981096,2021-07-05,2025-09-22,2025-09-29,2025-12-22,221
10,IMH-001,RETAIL,2025-11-17,772.8418370985906,HW_Add_Add,792.383739951912,2021-07-05,2025-09-22,2025-09-29,2025-12-22,221
10,IMH-001,RETAIL,2025-11-24,815.9999999999999,HW_Add_Add,827.3856010290112,2021-07-05,2025-09-22,2025-09-29,2025-12-22,221
10,IMH-001,RETAIL,2025-12-01,877.4673116689896,HW_Add_Add,742.9668739601265,2021-07-05,2025-09-22,2025-09-29,2025-12-22,221
10,IMH-001,RETAIL,2025-12-08,756.1678823814136,HW_Add_Add,799.6939103856462,2021-07-05,2025-09-22,2025-09-29,2025-12-22,221
10,IMH-001,RETAIL,2025-12-15,795.5798400712952,HW_Add_Add,836.17758510518,2021-07-05,2025-09-22,2025-09-29,2025-12-22,221
10,IMH-001,RETAIL,2025-12-22,964.076284776779,HW_Add_Add,867.7512925080694,2021-07-05,2025-09-22,2025-09-29,2025-12-22,221
10,IMH-001,RETAIL,2025-09-29,526.0,HW_Damped_Add,520.9978701803166,2021-07-05,2025-09-22,2025-09-29,2025-12-22,221
10,IMH-001,RETAIL,2025-10-06,497.0,HW_Damped_Add,554.4877730828953,2021-07-05,2025-09-22,2025-09-29,2025-12-22,221
10,IMH-001,RETAIL,2025-10-13,590.0,HW_Damped_Add,627.7206745469103,2021-07-05,2025-09-22,2025-09-29,2025-12-22,221
10,IMH-001,RETAIL,2025-10-20,601.0,HW_Damped_Add,650.2019041038877,2021-07-05,2025-09-22,2025-09-29,2025-12-22,221
10,IMH-001,RETAIL,2025-10-27,718.0,HW_Damped_Add,683.6873739254961,2021-07-05,2025-09-22,2025-09-29,2025-12-22,221
10,IMH-001,RETAIL,2025-11-03,680.0,HW_Damped_Add,643.9206224758817,2021-07-05,2025-09-22,2025-09-29,2025-12-22,221
10,IMH-001,RETAIL,2025-11-10,607.0,HW_Damped_Add,679.4025667191856,2021-07-05,2025-09-22,2025-09-29,2025-12-22,221
10,IMH-001,RETAIL,2025-11-17,772.8418370985906,HW_Damped_Add,788.137896855043,2021-07-05,2025-09-22,2025-09-29,2025-12-22,221
10,IMH-001,RETAIL,2025-11-24,815.9999999999999,HW_Damped_Add,822.6256549391265,2021-07-05,2025-09-22,2025-09-29,2025-12-22,221
10,IMH-001,RETAIL,2025-12-01,877.4673116689896,HW_Damped_Add,737.6861673064761,2021-07-05,2025-09-22,2025-09-29,2025-12-22,221
10,IMH-001,RETAIL,2025-12-08,756.1678823814136,HW_Damped_Add,793.8882132877006,2021-07-05,2025-09-22,2025-09-29,2025-12-22,221
10,IMH-001,RETAIL,2025-12-15,795.5798400712952,HW_Damped_Add,829.8499904972477,2021-07-05,2025-09-22,2025-09-29,2025-12-22,221
10,IMH-001,RETAIL,2025-12-22,964.076284776779,HW_Damped_Add,860.8943833643975,2021-07-05,2025-09-22,2025-09-29,2025-12-22,221
10,IMH-001,RETAIL,2025-09-29,526.0,HW_Damped_Mul,532.7353529637658,2021-07-05,2025-09-22,2025-09-29,2025-12-22,221
10,IMH-001,RETAIL,2025-10-06,497.0,HW_Damped_Mul,575.2879301899751,2021-07-05,2025-09-22,2025-09-29,2025-12-22,221
10,IMH-001,RETAIL,2025-10-13,590.0,HW_Damped_Mul,666.455996714823,2021-07-05,2025-09-22,2025-09-29,2025-12-22,221
10,IMH-001,RETAIL,2025-10-20,601.0,HW_Damped_Mul,696.6043769659839,2021-07-05,2025-09-22,2025-09-29,2025-12-22,221
10,IMH-001,RETAIL,2025-10-27,718.0,HW_Damped_Mul,739.2696788199195,2021-07-05,2025-09-22,2025-09-29,2025-12-22,221
10,IMH-001,RETAIL,2025-11-03,680.0,HW_Damped_Mul,692.5495045335261,2021-07-05,2025-09-22,2025-09-29,2025-12-22,221
10,IMH-001,RETAIL,2025-11-10,607.0,HW_Damped_Mul,738.4255306910321,2021-07-05,2025-09-22,2025-09-29,2025-12-22,221
10,IMH-001,RETAIL,2025-11-17,772.8418370985906,HW_Damped_Mul,873.7053294427308,2021-07-05,2025-09-22,2025-09-29,2025-12-22,221
10,IMH-001,RETAIL,2025-11-24,815.9999999999999,HW_Damped_Mul,915.614072118288,2021-07-05,2025-09-22,2025-09-29,2025-12-22,221
10,IMH-001,RETAIL,2025-12-01,877.4673116689896,HW_Damped_Mul,815.6342940857032,2021-07-05,2025-09-22,2025-09-29,2025-12-22,221
10,IMH-001,RETAIL,2025-12-08,756.1678823814136,HW_Damped_Mul,884.5880726521949,2021-07-05,2025-09-22,2025-09-29,2025-12-22,221
10,IMH-001,RETAIL,2025-12-15,795.5798400712952,HW_Damped_Mul,925.3032257616959,2021-07-05,2025-09-22,2025-09-29,2025-12-22,221
10,IMH-001,RETAIL,2025-12-22,964.076284776779,HW_Damped_Mul,967.4679152602961,2021-07-05,2025-09-22,2025-09-29,2025-12-22,221
11,IMH-001,RETAIL,2025-12-29,855.9574025254484,HW_Add_Add,790.7334107588422,2021-07-05,2025-12-22,2025-12-29,2026-03-23,234
11,IMH-001,RETAIL,2026-01-05,746.8060620310005,HW_Add_Add,746.0669529791833,2021-07-05,2025-12-22,2025-12-29,2026-03-23,234
11,IMH-001,RETAIL,2026-01-12,596.2317419124281,HW_Add_Add,706.1912221809991,2021-07-05,2025-12-22,2025-12-29,2026-03-23,234
11,IMH-001,RETAIL,2026-01-19,849.7996493228873,HW_Add_Add,696.4544756186228,2021-07-05,2025-12-22,2025-12-29,2026-03-23,234
11,IMH-001,RETAIL,2026-01-26,727.7210081739297,HW_Add_Add,697.9966879169488,2021-07-05,2025-12-22,2025-12-29,2026-03-23,234
11,IMH-001,RETAIL,2026-02-02,650.8540789783866,HW_Add_Add,664.2651316130384,2021-07-05,2025-12-22,2025-12-29,2026-03-23,234
11,IMH-001,RETAIL,2026-02-09,654.0317463397067,HW_Add_Add,684.8895431795437,2021-07-05,2025-12-22,2025-12-29,2026-03-23,234
11,IMH-001,RETAIL,2026-02-16,691.8026437589534,HW_Add_Add,696.7399965428526,2021-07-05,2025-12-22,2025-12-29,2026-03-23,234
11,IMH-001,RETAIL,2026-02-23,608.548198073598,HW_Add_Add,597.7209396529496,2021-07-05,2025-12-22,2025-12-29,2026-03-23,234
11,IMH-001,RETAIL,2026-03-02,612.8018997922587,HW_Add_Add,554.4093122470691,2021-07-05,2025-12-22,2025-12-29,2026-03-23,234
11,IMH-001,RETAIL,2026-03-09,459.6252355419275,HW_Add_Add,507.9224941313621,2021-07-05,2025-12-22,2025-12-29,2026-03-23,234
11,IMH-001,RETAIL,2026-03-16,566.0,HW_Add_Add,523.2529000645058,2021-07-05,2025-12-22,2025-12-29,2026-03-23,234
11,IMH-001,RETAIL,2026-03-23,510.8051203868144,HW_Add_Add,494.9109988553787,2021-07-05,2025-12-22,2025-12-29,2026-03-23,234
11,IMH-001,RETAIL,2025-12-29,855.9574025254484,HW_Damped_Add,791.1953590353694,2021-07-05,2025-12-22,2025-12-29,2026-03-23,234
11,IMH-001,RETAIL,2026-01-05,746.8060620310005,HW_Damped_Add,746.0071713395205,2021-07-05,2025-12-22,2025-12-29,2026-03-23,234
11,IMH-001,RETAIL,2026-01-12,596.2317419124281,HW_Damped_Add,705.4597415583949,2021-07-05,2025-12-22,2025-12-29,2026-03-23,234
11,IMH-001,RETAIL,2026-01-19,849.7996493228873,HW_Damped_Add,695.1719946656343,2021-07-05,2025-12-22,2025-12-29,2026-03-23,234
11,IMH-001,RETAIL,2026-01-26,727.7210081739297,HW_Damped_Add,696.0861154690617,2021-07-05,2025-12-22,2025-12-29,2026-03-23,234
11,IMH-001,RETAIL,2026-02-02,650.8540789783866,HW_Damped_Add,661.8044184052592,2021-07-05,2025-12-22,2025-12-29,2026-03-23,234
11,IMH-001,RETAIL,2026-02-09,654.0317463397067,HW_Damped_Add,681.820275408754,2021-07-05,2025-12-22,2025-12-29,2026-03-23,234
11,IMH-001,RETAIL,2026-02-16,691.8026437589534,HW_Damped_Add,693.0651099655707,2021-07-05,2025-12-22,2025-12-29,2026-03-23,234
11,IMH-001,RETAIL,2026-02-23,608.548198073598,HW_Damped_Add,593.3692864990511,2021-07-05,2025-12-22,2025-12-29,2026-03-23,234
11,IMH-001,RETAIL,2026-03-02,612.8018997922587,HW_Damped_Add,549.4917556267372,2021-07-05,2025-12-22,2025-12-29,2026-03-23,234
11,IMH-001,RETAIL,2026-03-09,459.6252355419275,HW_Damped_Add,502.383703789474,2021-07-05,2025-12-22,2025-12-29,2026-03-23,234
11,IMH-001,RETAIL,2026-03-16,566.0,HW_Damped_Add,517.1739109137577,2021-07-05,2025-12-22,2025-12-29,2026-03-23,234
11,IMH-001,RETAIL,2026-03-23,510.8051203868144,HW_Damped_Add,488.296356799563,2021-07-05,2025-12-22,2025-12-29,2026-03-23,234
11,IMH-001,RETAIL,2025-12-29,855.9574025254484,HW_Damped_Mul,782.6524475186419,2021-07-05,2025-12-22,2025-12-29,2026-03-23,234
11,IMH-001,RETAIL,2026-01-05,746.8060620310005,HW_Damped_Mul,737.3272698303725,2021-07-05,2025-12-22,2025-12-29,2026-03-23,234
11,IMH-001,RETAIL,2026-01-12,596.2317419124281,HW_Damped_Mul,690.06481568003,2021-07-05,2025-12-22,2025-12-29,2026-03-23,234
11,IMH-001,RETAIL,2026-01-19,849.7996493228873,HW_Damped_Mul,676.443754241709,2021-07-05,2025-12-22,2025-12-29,2026-03-23,234
11,IMH-001,RETAIL,2026-01-26,727.7210081739297,HW_Damped_Mul,678.2699133050108,2021-07-05,2025-12-22,2025-12-29,2026-03-23,234
11,IMH-001,RETAIL,2026-02-02,650.8540789783866,HW_Damped_Mul,641.1875247019655,2021-07-05,2025-12-22,2025-12-29,2026-03-23,234
11,IMH-001,RETAIL,2026-02-09,654.0317463397067,HW_Damped_Mul,665.9969879453208,2021-07-05,2025-12-22,2025-12-29,2026-03-23,234
11,IMH-001,RETAIL,2026-02-16,691.8026437589534,HW_Damped_Mul,676.3089469669501,2021-07-05,2025-12-22,2025-12-29,2026-03-23,234
11,IMH-001,RETAIL,2026-02-23,608.548198073598,HW_Damped_Mul,564.6516833082849,2021-07-05,2025-12-22,2025-12-29,2026-03-23,234
11,IMH-001,RETAIL,2026-03-02,612.8018997922587,HW_Damped_Mul,518.5079559399414,2021-07-05,2025-12-22,2025-12-29,2026-03-23,234
11,IMH-001,RETAIL,2026-03-09,459.6252355419275,HW_Damped_Mul,465.9954785314588,2021-07-05,2025-12-22,2025-12-29,2026-03-23,234
11,IMH-001,RETAIL,2026-03-16,566.0,HW_Damped_Mul,483.0990658758578,2021-07-05,2025-12-22,2025-12-29,2026-03-23,234
11,IMH-001,RETAIL,2026-03-23,510.8051203868144,HW_Damped_Mul,449.7765393707101,2021-07-05,2025-12-22,2025-12-29,2026-03-23,234
12,IMH-001,RETAIL,2026-03-30,377.9426469217724,HW_Add_Add,496.65348877415755,2021-07-05,2026-03-23,2026-03-30,2026-06-22,247
12,IMH-001,RETAIL,2026-04-06,417.0,HW_Add_Add,453.7166948586026,2021-07-05,2026-03-23,2026-03-30,2026-06-22,247
12,IMH-001,RETAIL,2026-04-13,415.0,HW_Add_Add,456.6188097777326,2021-07-05,2026-03-23,2026-03-30,2026-06-22,247
12,IMH-001,RETAIL,2026-04-20,477.6148130875248,HW_Add_Add,418.8146841590401,2021-07-05,2026-03-23,2026-03-30,2026-06-22,247
12,IMH-001,RETAIL,2026-04-27,449.0,HW_Add_Add,436.9887519755266,2021-07-05,2026-03-23,2026-03-30,2026-06-22,247
12,IMH-001,RETAIL,2026-05-04,393.0,HW_Add_Add,405.20655417634754,2021-07-05,2026-03-23,2026-03-30,2026-06-22,247
12,IMH-001,RETAIL,2026-05-11,361.9846563305432,HW_Add_Add,410.463714394935,2021-07-05,2026-03-23,2026-03-30,2026-06-22,247
12,IMH-001,RETAIL,2026-05-18,364.0,HW_Add_Add,430.8139943919528,2021-07-05,2026-03-23,2026-03-30,2026-06-22,247
12,IMH-001,RETAIL,2026-05-25,337.0,HW_Add_Add,392.32150599785564,2021-07-05,2026-03-23,2026-03-30,2026-06-22,247
12,IMH-001,RETAIL,2026-06-01,316.0,HW_Add_Add,375.32705198178195,2021-07-05,2026-03-23,2026-03-30,2026-06-22,247
12,IMH-001,RETAIL,2026-06-08,282.00000000000006,HW_Add_Add,371.62737554722327,2021-07-05,2026-03-23,2026-03-30,2026-06-22,247
12,IMH-001,RETAIL,2026-06-15,395.0,HW_Add_Add,384.66755004577317,2021-07-05,2026-03-23,2026-03-30,2026-06-22,247
12,IMH-001,RETAIL,2026-06-22,343.0,HW_Add_Add,377.4455962369681,2021-07-05,2026-03-23,2026-03-30,2026-06-22,247
12,IMH-001,RETAIL,2026-03-30,377.9426469217724,HW_Damped_Add,496.31246004742485,2021-07-05,2026-03-23,2026-03-30,2026-06-22,247
12,IMH-001,RETAIL,2026-04-06,417.0,HW_Damped_Add,453.2368723511589,2021-07-05,2026-03-23,2026-03-30,2026-06-22,247
12,IMH-001,RETAIL,2026-04-13,415.0,HW_Damped_Add,455.70710616964647,2021-07-05,2026-03-23,2026-03-30,2026-06-22,247
12,IMH-001,RETAIL,2026-04-20,477.6148130875248,HW_Damped_Add,417.99640562411344,2021-07-05,2026-03-23,2026-03-30,2026-06-22,247
12,IMH-001,RETAIL,2026-04-27,449.0,HW_Damped_Add,436.14836360067955,2021-07-05,2026-03-23,2026-03-30,2026-06-22,247
12,IMH-001,RETAIL,2026-05-04,393.0,HW_Damped_Add,404.0771745155738,2021-07-05,2026-03-23,2026-03-30,2026-06-22,247
12,IMH-001,RETAIL,2026-05-11,361.9846563305432,HW_Damped_Add,408.77974571611827,2021-07-05,2026-03-23,2026-03-30,2026-06-22,247
12,IMH-001,RETAIL,2026-05-18,364.0,HW_Damped_Add,429.4581700134188,2021-07-05,2026-03-23,2026-03-30,2026-06-22,247
12,IMH-001,RETAIL,2026-05-25,337.0,HW_Damped_Add,390.36472463888015,2021-07-05,2026-03-23,2026-03-30,2026-06-22,247
12,IMH-001,RETAIL,2026-06-01,316.0,HW_Damped_Add,372.76927129052785,2021-07-05,2026-03-23,2026-03-30,2026-06-22,247
12,IMH-001,RETAIL,2026-06-08,282.00000000000006,HW_Damped_Add,368.85386202699567,2021-07-05,2026-03-23,2026-03-30,2026-06-22,247
12,IMH-001,RETAIL,2026-06-15,395.0,HW_Damped_Add,381.43513255635736,2021-07-05,2026-03-23,2026-03-30,2026-06-22,247
12,IMH-001,RETAIL,2026-06-22,343.0,HW_Damped_Add,373.724617679017,2021-07-05,2026-03-23,2026-03-30,2026-06-22,247
12,IMH-001,RETAIL,2026-03-30,377.9426469217724,HW_Damped_Mul,460.3797092483995,2021-07-05,2026-03-23,2026-03-30,2026-06-22,247
12,IMH-001,RETAIL,2026-04-06,417.0,HW_Damped_Mul,409.5814172519461,2021-07-05,2026-03-23,2026-03-30,2026-06-22,247
12,IMH-001,RETAIL,2026-04-13,415.0,HW_Damped_Mul,411.5983912524335,2021-07-05,2026-03-23,2026-03-30,2026-06-22,247
12,IMH-001,RETAIL,2026-04-20,477.6148130875248,HW_Damped_Mul,367.88186375640913,2021-07-05,2026-03-23,2026-03-30,2026-06-22,247
12,IMH-001,RETAIL,2026-04-27,449.0,HW_Damped_Mul,389.3361462437453,2021-07-05,2026-03-23,2026-03-30,2026-06-22,247
12,IMH-001,RETAIL,2026-05-04,393.0,HW_Damped_Mul,351.9129968026647,2021-07-05,2026-03-23,2026-03-30,2026-06-22,247
12,IMH-001,RETAIL,2026-05-11,361.9846563305432,HW_Damped_Mul,357.05916266099933,2021-07-05,2026-03-23,2026-03-30,2026-06-22,247
12,IMH-001,RETAIL,2026-05-18,364.0,HW_Damped_Mul,381.40327958519487,2021-07-05,2026-03-23,2026-03-30,2026-06-22,247
12,IMH-001,RETAIL,2026-05-25,337.0,HW_Damped_Mul,336.02486188110106,2021-07-05,2026-03-23,2026-03-30,2026-06-22,247
12,IMH-001,RETAIL,2026-06-01,316.0,HW_Damped_Mul,315.2869665802058,2021-07-05,2026-03-23,2026-03-30,2026-06-22,247
12,IMH-001,RETAIL,2026-06-08,282.00000000000006,HW_Damped_Mul,311.45469152593535,2021-07-05,2026-03-23,2026-03-30,2026-06-22,247
12,IMH-001,RETAIL,2026-06-15,395.0,HW_Damped_Mul,326.2186445962532,2021-07-05,2026-03-23,2026-03-30,2026-06-22,247
12,IMH-001,RETAIL,2026-06-22,343.0,HW_Damped_Mul,317.3690449254249,2021-07-05,2026-03-23,2026-03-30,2026-06-22,247
1,IMH-001,WHOLESALE,2023-07-03,306.0,HW_Add_Add,256.59648820405334,2021-07-05,2023-06-26,2023-07-03,2023-09-25,104
1,IMH-001,WHOLESALE,2023-07-10,262.0,HW_Add_Add,282.21172530590724,2021-07-05,2023-06-26,2023-07-03,2023-09-25,104
1,IMH-001,WHOLESALE,2023-07-17,260.0,HW_Add_Add,310.712066850062,2021-07-05,2023-06-26,2023-07-03,2023-09-25,104
1,IMH-001,WHOLESALE,2023-07-24,247.00000000000003,HW_Add_Add,238.21420069570826,2021-07-05,2023-06-26,2023-07-03,2023-09-25,104
1,IMH-001,WHOLESALE,2023-07-31,210.0,HW_Add_Add,221.17423440654807,2021-07-05,2023-06-26,2023-07-03,2023-09-25,104
1,IMH-001,WHOLESALE,2023-08-07,242.0,HW_Add_Add,311.20342764050724,2021-07-05,2023-06-26,2023-07-03,2023-09-25,104
1,IMH-001,WHOLESALE,2023-08-14,213.0,HW_Add_Add,320.9558159775188,2021-07-05,2023-06-26,2023-07-03,2023-09-25,104
1,IMH-001,WHOLESALE,2023-08-21,374.0,HW_Add_Add,327.15498346134694,2021-07-05,2023-06-26,2023-07-03,2023-09-25,104
1,IMH-001,WHOLESALE,2023-08-28,331.0,HW_Add_Add,299.2279572087208,2021-07-05,2023-06-26,2023-07-03,2023-09-25,104
1,IMH-001,WHOLESALE,2023-09-04,325.0,HW_Add_Add,341.50192233386554,2021-07-05,2023-06-26,2023-07-03,2023-09-25,104
1,IMH-001,WHOLESALE,2023-09-11,459.0,HW_Add_Add,403.539782912186,2021-07-05,2023-06-26,2023-07-03,2023-09-25,104
1,IMH-001,WHOLESALE,2023-09-18,379.0,HW_Add_Add,318.0055475907908,2021-07-05,2023-06-26,2023-07-03,2023-09-25,104
1,IMH-001,WHOLESALE,2023-09-25,271.9187961485235,HW_Add_Add,339.6411476034982,2021-07-05,2023-06-26,2023-07-03,2023-09-25,104
1,IMH-001,WHOLESALE,2023-07-03,306.0,HW_Damped_Add,263.1998933014654,2021-07-05,2023-06-26,2023-07-03,2023-09-25,104
1,IMH-001,WHOLESALE,2023-07-10,262.0,HW_Damped_Add,288.54359094131206,2021-07-05,2023-06-26,2023-07-03,2023-09-25,104
1,IMH-001,WHOLESALE,2023-07-17,260.0,HW_Damped_Add,316.3815670675473,2021-07-05,2023-06-26,2023-07-03,2023-09-25,104
1,IMH-001,WHOLESALE,2023-07-24,247.00000000000003,HW_Damped_Add,249.75295269324616,2021-07-05,2023-06-26,2023-07-03,2023-09-25,104
1,IMH-001,WHOLESALE,2023-07-31,210.0,HW_Damped_Add,226.06377776456748,2021-07-05,2023-06-26,2023-07-03,2023-09-25,104
1,IMH-001,WHOLESALE,2023-08-07,242.0,HW_Damped_Add,318.41739552627394,2021-07-05,2023-06-26,2023-07-03,2023-09-25,104
1,IMH-001,WHOLESALE,2023-08-14,213.0,HW_Damped_Add,326.25077894098973,2021-07-05,2023-06-26,2023-07-03,2023-09-25,104
1,IMH-001,WHOLESALE,2023-08-21,374.0,HW_Damped_Add,322.5474748044455,2021-07-05,2023-06-26,2023-07-03,2023-09-25,104
1,IMH-001,WHOLESALE,2023-08-28,331.0,HW_Damped_Add,304.9954403098963,2021-07-05,2023-06-26,2023-07-03,2023-09-25,104
1,IMH-001,WHOLESALE,2023-09-04,325.0,HW_Damped_Add,333.2189217569232,2021-07-05,2023-06-26,2023-07-03,2023-09-25,104
1,IMH-001,WHOLESALE,2023-09-11,459.0,HW_Damped_Add,401.59195299324637,2021-07-05,2023-06-26,2023-07-03,2023-09-25,104
1,IMH-001,WHOLESALE,2023-09-18,379.0,HW_Damped_Add,320.9605960542148,2021-07-05,2023-06-26,2023-07-03,2023-09-25,104
1,IMH-001,WHOLESALE,2023-09-25,271.9187961485235,HW_Damped_Add,342.1473845326653,2021-07-05,2023-06-26,2023-07-03,2023-09-25,104
1,IMH-001,WHOLESALE,2023-07-03,306.0,HW_Damped_Mul,224.7371057239252,2021-07-05,2023-06-26,2023-07-03,2023-09-25,104
1,IMH-001,WHOLESALE,2023-07-10,262.0,HW_Damped_Mul,250.76878747490525,2021-07-05,2023-06-26,2023-07-03,2023-09-25,104
1,IMH-001,WHOLESALE,2023-07-17,260.0,HW_Damped_Mul,279.23662895803295,2021-07-05,2023-06-26,2023-07-03,2023-09-25,104
1,IMH-001,WHOLESALE,2023-07-24,247.00000000000003,HW_Damped_Mul,214.86677791264688,2021-07-05,2023-06-26,2023-07-03,2023-09-25,104
1,IMH-001,WHOLESALE,2023-07-31,210.0,HW_Damped_Mul,191.63457093987435,2021-07-05,2023-06-26,2023-07-03,2023-09-25,104
1,IMH-001,WHOLESALE,2023-08-07,242.0,HW_Damped_Mul,283.87950491639,2021-07-05,2023-06-26,2023-07-03,2023-09-25,104
1,IMH-001,WHOLESALE,2023-08-14,213.0,HW_Damped_Mul,292.18418838079555,2021-07-05,2023-06-26,2023-07-03,2023-09-25,104
1,IMH-001,WHOLESALE,2023-08-21,374.0,HW_Damped_Mul,288.776168549111,2021-07-05,2023-06-26,2023-07-03,2023-09-25,104
1,IMH-001,WHOLESALE,2023-08-28,331.0,HW_Damped_Mul,272.0014327894668,2021-07-05,2023-06-26,2023-07-03,2023-09-25,104
1,IMH-001,WHOLESALE,2023-09-04,325.0,HW_Damped_Mul,300.28287477005506,2021-07-05,2023-06-26,2023-07-03,2023-09-25,104
1,IMH-001,WHOLESALE,2023-09-11,459.0,HW_Damped_Mul,368.95276123178195,2021-07-05,2023-06-26,2023-07-03,2023-09-25,104
1,IMH-001,WHOLESALE,2023-09-18,379.0,HW_Damped_Mul,288.8926434039672,2021-07-05,2023-06-26,2023-07-03,2023-09-25,104
1,IMH-001,WHOLESALE,2023-09-25,271.9187961485235,HW_Damped_Mul,310.3176934475705,2021-07-05,2023-06-26,2023-07-03,2023-09-25,104
2,IMH-001,WHOLESALE,2023-10-02,533.0,HW_Add_Add,580.6633588873053,2021-07-05,2023-09-25,2023-10-02,2023-12-25,117
2,IMH-001,WHOLESALE,2023-10-09,458.0,HW_Add_Add,405.7278880426335,2021-07-05,2023-09-25,2023-10-02,2023-12-25,117
2,IMH-001,WHOLESALE,2023-10-16,610.0,HW_Add_Add,448.73144814498704,2021-07-05,2023-09-25,2023-10-02,2023-12-25,117
2,IMH-001,WHOLESALE,2023-10-23,625.5255658398293,HW_Add_Add,392.24124044831586,2021-07-05,2023-09-25,2023-10-02,2023-12-25,117
2,IMH-001,WHOLESALE,2023-10-30,504.0,HW_Add_Add,632.7636835677813,2021-07-05,2023-09-25,2023-10-02,2023-12-25,117
2,IMH-001,WHOLESALE,2023-11-06,477.25000000000006,HW_Add_Add,521.3246947789501,2021-07-05,2023-09-25,2023-10-02,2023-12-25,117
2,IMH-001,WHOLESALE,2023-11-13,518.5,HW_Add_Add,587.6126811229263,2021-07-05,2023-09-25,2023-10-02,2023-12-25,117
2,IMH-001,WHOLESALE,2023-11-20,561.0318843880211,HW_Add_Add,623.2049895455405,2021-07-05,2023-09-25,2023-10-02,2023-12-25,117
2,IMH-001,WHOLESALE,2023-11-27,804.0,HW_Add_Add,630.2149146084346,2021-07-05,2023-09-25,2023-10-02,2023-12-25,117
2,IMH-001,WHOLESALE,2023-12-04,399.6295967274438,HW_Add_Add,618.8660200627568,2021-07-05,2023-09-25,2023-10-02,2023-12-25,117
2,IMH-001,WHOLESALE,2023-12-11,340.4796942937803,HW_Add_Add,654.3721230938995,2021-07-05,2023-09-25,2023-10-02,2023-12-25,117
2,IMH-001,WHOLESALE,2023-12-18,740.8823214830484,HW_Add_Add,617.7342278455004,2021-07-05,2023-09-25,2023-10-02,2023-12-25,117
2,IMH-001,WHOLESALE,2023-12-25,553.9341978725643,HW_Add_Add,591.8927926590228,2021-07-05,2023-09-25,2023-10-02,2023-12-25,117
2,IMH-001,WHOLESALE,2023-10-02,533.0,HW_Damped_Add,578.9879829941403,2021-07-05,2023-09-25,2023-10-02,2023-12-25,117
2,IMH-001,WHOLESALE,2023-10-09,458.0,HW_Damped_Add,398.8553126199883,2021-07-05,2023-09-25,2023-10-02,2023-12-25,117
2,IMH-001,WHOLESALE,2023-10-16,610.0,HW_Damped_Add,443.43040980872456,2021-07-05,2023-09-25,2023-10-02,2023-12-25,117
2,IMH-001,WHOLESALE,2023-10-23,625.5255658398293,HW_Damped_Add,382.67628397702265,2021-07-05,2023-09-25,2023-10-02,2023-12-25,117
2,IMH-001,WHOLESALE,2023-10-30,504.0,HW_Damped_Add,627.3644573298167,2021-07-05,2023-09-25,2023-10-02,2023-12-25,117
2,IMH-001,WHOLESALE,2023-11-06,477.25000000000006,HW_Damped_Add,511.3827491059652,2021-07-05,2023-09-25,2023-10-02,2023-12-25,117
2,IMH-001,WHOLESALE,2023-11-13,518.5,HW_Damped_Add,586.4602525661688,2021-07-05,2023-09-25,2023-10-02,2023-12-25,117
2,IMH-001,WHOLESALE,2023-11-20,561.0318843880211,HW_Damped_Add,615.3908807987054,2021-07-05,2023-09-25,2023-10-02,2023-12-25,117
2,IMH-001,WHOLESALE,2023-11-27,804.0,HW_Damped_Add,623.8438217761977,2021-07-05,2023-09-25,2023-10-02,2023-12-25,117
2,IMH-001,WHOLESALE,2023-12-04,399.6295967274438,HW_Damped_Add,611.5964026137794,2021-07-05,2023-09-25,2023-10-02,2023-12-25,117
2,IMH-001,WHOLESALE,2023-12-11,340.4796942937803,HW_Damped_Add,648.3284771699086,2021-07-05,2023-09-25,2023-10-02,2023-12-25,117
2,IMH-001,WHOLESALE,2023-12-18,740.8823214830484,HW_Damped_Add,617.6254287822989,2021-07-05,2023-09-25,2023-10-02,2023-12-25,117
2,IMH-001,WHOLESALE,2023-12-25,553.9341978725643,HW_Damped_Add,580.4082338256517,2021-07-05,2023-09-25,2023-10-02,2023-12-25,117
2,IMH-001,WHOLESALE,2023-10-02,533.0,HW_Damped_Mul,617.6077692688929,2021-07-05,2023-09-25,2023-10-02,2023-12-25,117
2,IMH-001,WHOLESALE,2023-10-09,458.0,HW_Damped_Mul,416.80931833424063,2021-07-05,2023-09-25,2023-10-02,2023-12-25,117
2,IMH-001,WHOLESALE,2023-10-16,610.0,HW_Damped_Mul,466.41713158334005,2021-07-05,2023-09-25,2023-10-02,2023-12-25,117
2,IMH-001,WHOLESALE,2023-10-23,625.5255658398293,HW_Damped_Mul,398.35008062111245,2021-07-05,2023-09-25,2023-10-02,2023-12-25,117
2,IMH-001,WHOLESALE,2023-10-30,504.0,HW_Damped_Mul,669.8494621585709,2021-07-05,2023-09-25,2023-10-02,2023-12-25,117
2,IMH-001,WHOLESALE,2023-11-06,477.25000000000006,HW_Damped_Mul,540.6512228478917,2021-07-05,2023-09-25,2023-10-02,2023-12-25,117
2,IMH-001,WHOLESALE,2023-11-13,518.5,HW_Damped_Mul,624.6837934735746,2021-07-05,2023-09-25,2023-10-02,2023-12-25,117
2,IMH-001,WHOLESALE,2023-11-20,561.0318843880211,HW_Damped_Mul,655.6265309714815,2021-07-05,2023-09-25,2023-10-02,2023-12-25,117
2,IMH-001,WHOLESALE,2023-11-27,804.0,HW_Damped_Mul,664.9946448329072,2021-07-05,2023-09-25,2023-10-02,2023-12-25,117
2,IMH-001,WHOLESALE,2023-12-04,399.6295967274438,HW_Damped_Mul,651.1927743221945,2021-07-05,2023-09-25,2023-10-02,2023-12-25,117
2,IMH-001,WHOLESALE,2023-12-11,340.4796942937803,HW_Damped_Mul,691.5553082521778,2021-07-05,2023-09-25,2023-10-02,2023-12-25,117
2,IMH-001,WHOLESALE,2023-12-18,740.8823214830484,HW_Damped_Mul,657.9251777116938,2021-07-05,2023-09-25,2023-10-02,2023-12-25,117
2,IMH-001,WHOLESALE,2023-12-25,553.9341978725643,HW_Damped_Mul,615.6420981426744,2021-07-05,2023-09-25,2023-10-02,2023-12-25,117
3,IMH-001,WHOLESALE,2024-01-01,512.9116013472844,HW_Add_Add,629.6971918270117,2021-07-05,2023-12-25,2024-01-01,2024-03-25,130
3,IMH-001,WHOLESALE,2024-01-08,483.8707544273973,HW_Add_Add,494.7921434817094,2021-07-05,2023-12-25,2024-01-01,2024-03-25,130
3,IMH-001,WHOLESALE,2024-01-15,507.6534936500369,HW_Add_Add,498.3901495190729,2021-07-05,2023-12-25,2024-01-01,2024-03-25,130
3,IMH-001,WHOLESALE,2024-01-22,382.0762776374992,HW_Add_Add,732.2508393726607,2021-07-05,2023-12-25,2024-01-01,2024-03-25,130
3,IMH-001,WHOLESALE,2024-01-29,399.6019096620278,HW_Add_Add,552.7275485131385,2021-07-05,2023-12-25,2024-01-01,2024-03-25,130
3,IMH-001,WHOLESALE,2024-02-05,566.0,HW_Add_Add,452.5523739722527,2021-07-05,2023-12-25,2024-01-01,2024-03-25,130
3,IMH-001,WHOLESALE,2024-02-12,435.07765014703386,HW_Add_Add,534.9876201116804,2021-07-05,2023-12-25,2024-01-01,2024-03-25,130
3,IMH-001,WHOLESALE,2024-02-19,450.7569770056353,HW_Add_Add,378.6553190093286,2021-07-05,2023-12-25,2024-01-01,2024-03-25,130
3,IMH-001,WHOLESALE,2024-02-26,534.0,HW_Add_Add,511.81898007297707,2021-07-05,2023-12-25,2024-01-01,2024-03-25,130
3,IMH-001,WHOLESALE,2024-03-04,334.5025002325904,HW_Add_Add,489.7050151391178,2021-07-05,2023-12-25,2024-01-01,2024-03-25,130
3,IMH-001,WHOLESALE,2024-03-11,401.0188961518548,HW_Add_Add,400.75574582911497,2021-07-05,2023-12-25,2024-01-01,2024-03-25,130
3,IMH-001,WHOLESALE,2024-03-18,521.0,HW_Add_Add,326.4871001168706,2021-07-05,2023-12-25,2024-01-01,2024-03-25,130
3,IMH-001,WHOLESALE,2024-03-25,389.87286734404273,HW_Add_Add,480.6435100782695,2021-07-05,2023-12-25,2024-01-01,2024-03-25,130
3,IMH-001,WHOLESALE,2024-01-01,512.9116013472844,HW_Damped_Add,590.3200664300815,2021-07-05,2023-12-25,2024-01-01,2024-03-25,130
3,IMH-001,WHOLESALE,2024-01-08,483.8707544273973,HW_Damped_Add,461.8097265940255,2021-07-05,2023-12-25,2024-01-01,2024-03-25,130
3,IMH-001,WHOLESALE,2024-01-15,507.6534936500369,HW_Damped_Add,487.917189241651,2021-07-05,2023-12-25,2024-01-01,2024-03-25,130
3,IMH-001,WHOLESALE,2024-01-22,382.0762776374992,HW_Damped_Add,705.7718083334534,2021-07-05,2023-12-25,2024-01-01,2024-03-25,130
3,IMH-001,WHOLESALE,2024-01-29,399.6019096620278,HW_Damped_Add,521.0972264753583,2021-07-05,2023-12-25,2024-01-01,2024-03-25,130
3,IMH-001,WHOLESALE,2024-02-05,566.0,HW_Damped_Add,381.6575855145051,2021-07-05,2023-12-25,2024-01-01,2024-03-25,130
3,IMH-001,WHOLESALE,2024-02-12,435.07765014703386,HW_Damped_Add,557.9881570936845,2021-07-05,2023-12-25,2024-01-01,2024-03-25,130
3,IMH-001,WHOLESALE,2024-02-19,450.7569770056353,HW_Damped_Add,397.8036475184056,2021-07-05,2023-12-25,2024-01-01,2024-03-25,130
3,IMH-001,WHOLESALE,2024-02-26,534.0,HW_Damped_Add,396.8003710652285,2021-07-05,2023-12-25,2024-01-01,2024-03-25,130
3,IMH-001,WHOLESALE,2024-03-04,334.5025002325904,HW_Damped_Add,506.52931725786254,2021-07-05,2023-12-25,2024-01-01,2024-03-25,130
3,IMH-001,WHOLESALE,2024-03-11,401.0188961518548,HW_Damped_Add,348.2464791846855,2021-07-05,2023-12-25,2024-01-01,2024-03-25,130
3,IMH-001,WHOLESALE,2024-03-18,521.0,HW_Damped_Add,305.5288529754539,2021-07-05,2023-12-25,2024-01-01,2024-03-25,130
3,IMH-001,WHOLESALE,2024-03-25,389.87286734404273,HW_Damped_Add,434.33026156354094,2021-07-05,2023-12-25,2024-01-01,2024-03-25,130
3,IMH-001,WHOLESALE,2024-01-01,512.9116013472844,HW_Damped_Mul,638.0813291936907,2021-07-05,2023-12-25,2024-01-01,2024-03-25,130
3,IMH-001,WHOLESALE,2024-01-08,483.8707544273973,HW_Damped_Mul,495.20978538377426,2021-07-05,2023-12-25,2024-01-01,2024-03-25,130
3,IMH-001,WHOLESALE,2024-01-15,507.6534936500369,HW_Damped_Mul,497.2924100614305,2021-07-05,2023-12-25,2024-01-01,2024-03-25,130
3,IMH-001,WHOLESALE,2024-01-22,382.0762776374992,HW_Damped_Mul,743.0091464509344,2021-07-05,2023-12-25,2024-01-01,2024-03-25,130
3,IMH-001,WHOLESALE,2024-01-29,399.6019096620278,HW_Damped_Mul,554.3553453333938,2021-07-05,2023-12-25,2024-01-01,2024-03-25,130
3,IMH-001,WHOLESALE,2024-02-05,566.0,HW_Damped_Mul,450.79805287878776,2021-07-05,2023-12-25,2024-01-01,2024-03-25,130
3,IMH-001,WHOLESALE,2024-02-12,435.07765014703386,HW_Damped_Mul,532.1201922042277,2021-07-05,2023-12-25,2024-01-01,2024-03-25,130
3,IMH-001,WHOLESALE,2024-02-19,450.7569770056353,HW_Damped_Mul,368.4099723150738,2021-07-05,2023-12-25,2024-01-01,2024-03-25,130
3,IMH-001,WHOLESALE,2024-02-26,534.0,HW_Damped_Mul,513.1827447217102,2021-07-05,2023-12-25,2024-01-01,2024-03-25,130
3,IMH-001,WHOLESALE,2024-03-04,334.5025002325904,HW_Damped_Mul,483.69535262298854,2021-07-05,2023-12-25,2024-01-01,2024-03-25,130
3,IMH-001,WHOLESALE,2024-03-11,401.0188961518548,HW_Damped_Mul,393.5119367920051,2021-07-05,2023-12-25,2024-01-01,2024-03-25,130
3,IMH-001,WHOLESALE,2024-03-18,521.0,HW_Damped_Mul,314.43258615486315,2021-07-05,2023-12-25,2024-01-01,2024-03-25,130
3,IMH-001,WHOLESALE,2024-03-25,389.87286734404273,HW_Damped_Mul,475.61738235690626,2021-07-05,2023-12-25,2024-01-01,2024-03-25,130
4,IMH-001,WHOLESALE,2024-04-01,378.1359705438591,HW_Add_Add,324.7908297551114,2021-07-05,2024-03-25,2024-04-01,2024-06-24,143
4,IMH-001,WHOLESALE,2024-04-08,353.0,HW_Add_Add,368.9175901835157,2021-07-05,2024-03-25,2024-04-01,2024-06-24,143
4,IMH-001,WHOLESALE,2024-04-15,397.56135302344046,HW_Add_Add,250.69178186818567,2021-07-05,2024-03-25,2024-04-01,2024-06-24,143
4,IMH-001,WHOLESALE,2024-04-22,350.7119960563434,HW_Add_Add,314.8308155436481,2021-07-05,2024-03-25,2024-04-01,2024-06-24,143
4,IMH-001,WHOLESALE,2024-04-29,323.0,HW_Add_Add,293.4055041988955,2021-07-05,2024-03-25,2024-04-01,2024-06-24,143
4,IMH-001,WHOLESALE,2024-05-06,289.0,HW_Add_Add,288.9732661965556,2021-07-05,2024-03-25,2024-04-01,2024-06-24,143
4,IMH-001,WHOLESALE,2024-05-13,244.46477089002704,HW_Add_Add,385.3412164530535,2021-07-05,2024-03-25,2024-04-01,2024-06-24,143
4,IMH-001,WHOLESALE,2024-05-20,337.0,HW_Add_Add,312.3845316316967,2021-07-05,2024-03-25,2024-04-01,2024-06-24,143
4,IMH-001,WHOLESALE,2024-05-27,284.32631402627726,HW_Add_Add,268.3854317709381,2021-07-05,2024-03-25,2024-04-01,2024-06-24,143
4,IMH-001,WHOLESALE,2024-06-03,242.18120462157032,HW_Add_Add,262.2719770254663,2021-07-05,2024-03-25,2024-04-01,2024-06-24,143
4,IMH-001,WHOLESALE,2024-06-10,222.0,HW_Add_Add,252.4720419865347,2021-07-05,2024-03-25,2024-04-01,2024-06-24,143
4,IMH-001,WHOLESALE,2024-06-17,278.0,HW_Add_Add,233.9397877140204,2021-07-05,2024-03-25,2024-04-01,2024-06-24,143
4,IMH-001,WHOLESALE,2024-06-24,319.0,HW_Add_Add,250.520622167912,2021-07-05,2024-03-25,2024-04-01,2024-06-24,143
4,IMH-001,WHOLESALE,2024-04-01,378.1359705438591,HW_Damped_Add,317.2319895165704,2021-07-05,2024-03-25,2024-04-01,2024-06-24,143
4,IMH-001,WHOLESALE,2024-04-08,353.0,HW_Damped_Add,362.454851984009,2021-07-05,2024-03-25,2024-04-01,2024-06-24,143
4,IMH-001,WHOLESALE,2024-04-15,397.56135302344046,HW_Damped_Add,245.9285710086402,2021-07-05,2024-03-25,2024-04-01,2024-06-24,143
4,IMH-001,WHOLESALE,2024-04-22,350.7119960563434,HW_Damped_Add,307.59275166037634,2021-07-05,2024-03-25,2024-04-01,2024-06-24,143
4,IMH-001,WHOLESALE,2024-04-29,323.0,HW_Damped_Add,286.11219946125675,2021-07-05,2024-03-25,2024-04-01,2024-06-24,143
4,IMH-001,WHOLESALE,2024-05-06,289.0,HW_Damped_Add,284.10568589924173,2021-07-05,2024-03-25,2024-04-01,2024-06-24,143
4,IMH-001,WHOLESALE,2024-05-13,244.46477089002704,HW_Damped_Add,377.56155683800785,2021-07-05,2024-03-25,2024-04-01,2024-06-24,143
4,IMH-001,WHOLESALE,2024-05-20,337.0,HW_Damped_Add,303.6961446800156,2021-07-05,2024-03-25,2024-04-01,2024-06-24,143
4,IMH-001,WHOLESALE,2024-05-27,284.32631402627726,HW_Damped_Add,259.71775885691534,2021-07-05,2024-03-25,2024-04-01,2024-06-24,143
4,IMH-001,WHOLESALE,2024-06-03,242.18120462157032,HW_Damped_Add,254.22355832008398,2021-07-05,2024-03-25,2024-04-01,2024-06-24,143
4,IMH-001,WHOLESALE,2024-06-10,222.0,HW_Damped_Add,246.83155666919123,2021-07-05,2024-03-25,2024-04-01,2024-06-24,143
4,IMH-001,WHOLESALE,2024-06-17,278.0,HW_Damped_Add,226.72235749928166,2021-07-05,2024-03-25,2024-04-01,2024-06-24,143
4,IMH-001,WHOLESALE,2024-06-24,319.0,HW_Damped_Add,242.47893268001417,2021-07-05,2024-03-25,2024-04-01,2024-06-24,143
4,IMH-001,WHOLESALE,2024-04-01,378.1359705438591,HW_Damped_Mul,316.3820152957613,2021-07-05,2024-03-25,2024-04-01,2024-06-24,143
4,IMH-001,WHOLESALE,2024-04-08,353.0,HW_Damped_Mul,360.5020104765913,2021-07-05,2024-03-25,2024-04-01,2024-06-24,143
4,IMH-001,WHOLESALE,2024-04-15,397.56135302344046,HW_Damped_Mul,239.054669186469,2021-07-05,2024-03-25,2024-04-01,2024-06-24,143
4,IMH-001,WHOLESALE,2024-04-22,350.7119960563434,HW_Damped_Mul,305.2815248245984,2021-07-05,2024-03-25,2024-04-01,2024-06-24,143
4,IMH-001,WHOLESALE,2024-04-29,323.0,HW_Damped_Mul,283.2904064691428,2021-07-05,2024-03-25,2024-04-01,2024-06-24,143
4,IMH-001,WHOLESALE,2024-05-06,289.0,HW_Damped_Mul,277.55697308939955,2021-07-05,2024-03-25,2024-04-01,2024-06-24,143
4,IMH-001,WHOLESALE,2024-05-13,244.46477089002704,HW_Damped_Mul,376.4519221395342,2021-07-05,2024-03-25,2024-04-01,2024-06-24,143
4,IMH-001,WHOLESALE,2024-05-20,337.0,HW_Damped_Mul,302.46367873338653,2021-07-05,2024-03-25,2024-04-01,2024-06-24,143
4,IMH-001,WHOLESALE,2024-05-27,284.32631402627726,HW_Damped_Mul,257.60003974282154,2021-07-05,2024-03-25,2024-04-01,2024-06-24,143
4,IMH-001,WHOLESALE,2024-06-03,242.18120462157032,HW_Damped_Mul,250.97906469874172,2021-07-05,2024-03-25,2024-04-01,2024-06-24,143
4,IMH-001,WHOLESALE,2024-06-10,222.0,HW_Damped_Mul,240.0233493718961,2021-07-05,2024-03-25,2024-04-01,2024-06-24,143
4,IMH-001,WHOLESALE,2024-06-17,278.0,HW_Damped_Mul,221.62560979656288,2021-07-05,2024-03-25,2024-04-01,2024-06-24,143
4,IMH-001,WHOLESALE,2024-06-24,319.0,HW_Damped_Mul,238.56011002333798,2021-07-05,2024-03-25,2024-04-01,2024-06-24,143
5,IMH-001,WHOLESALE,2024-07-01,190.0,HW_Add_Add,279.73418403045576,2021-07-05,2024-06-24,2024-07-01,2024-09-23,156
5,IMH-001,WHOLESALE,2024-07-08,220.0,HW_Add_Add,282.05449719831176,2021-07-05,2024-06-24,2024-07-01,2024-09-23,156
5,IMH-001,WHOLESALE,2024-07-15,247.0,HW_Add_Add,300.04067082453935,2021-07-05,2024-06-24,2024-07-01,2024-09-23,156
5,IMH-001,WHOLESALE,2024-07-22,241.0,HW_Add_Add,251.35759077772258,2021-07-05,2024-06-24,2024-07-01,2024-09-23,156
5,IMH-001,WHOLESALE,2024-07-29,320.0,HW_Add_Add,223.34759802854,2021-07-05,2024-06-24,2024-07-01,2024-09-23,156
5,IMH-001,WHOLESALE,2024-08-05,263.0,HW_Add_Add,295.66323934910736,2021-07-05,2024-06-24,2024-07-01,2024-09-23,156
5,IMH-001,WHOLESALE,2024-08-12,224.0,HW_Add_Add,291.3089586267877,2021-07-05,2024-06-24,2024-07-01,2024-09-23,156
5,IMH-001,WHOLESALE,2024-08-19,276.0,HW_Add_Add,342.63785803595965,2021-07-05,2024-06-24,2024-07-01,2024-09-23,156
5,IMH-001,WHOLESALE,2024-08-26,273.81924358569864,HW_Add_Add,316.6510851027448,2021-07-05,2024-06-24,2024-07-01,2024-09-23,156
5,IMH-001,WHOLESALE,2024-09-02,331.00000000000006,HW_Add_Add,333.60345592786507,2021-07-05,2024-06-24,2024-07-01,2024-09-23,156
5,IMH-001,WHOLESALE,2024-09-09,489.0,HW_Add_Add,423.9184964914528,2021-07-05,2024-06-24,2024-07-01,2024-09-23,156
5,IMH-001,WHOLESALE,2024-09-16,436.0,HW_Add_Add,343.5666720527545,2021-07-05,2024-06-24,2024-07-01,2024-09-23,156
5,IMH-001,WHOLESALE,2024-09-23,486.2701749014472,HW_Add_Add,322.08274236871284,2021-07-05,2024-06-24,2024-07-01,2024-09-23,156
5,IMH-001,WHOLESALE,2024-07-01,190.0,HW_Damped_Add,278.4999255326289,2021-07-05,2024-06-24,2024-07-01,2024-09-23,156
5,IMH-001,WHOLESALE,2024-07-08,220.0,HW_Damped_Add,280.2132036151553,2021-07-05,2024-06-24,2024-07-01,2024-09-23,156
5,IMH-001,WHOLESALE,2024-07-15,247.0,HW_Damped_Add,297.6364649885139,2021-07-05,2024-06-24,2024-07-01,2024-09-23,156
5,IMH-001,WHOLESALE,2024-07-22,241.0,HW_Damped_Add,248.40015336261797,2021-07-05,2024-06-24,2024-07-01,2024-09-23,156
5,IMH-001,WHOLESALE,2024-07-29,320.0,HW_Damped_Add,219.94015240953115,2021-07-05,2024-06-24,2024-07-01,2024-09-23,156
5,IMH-001,WHOLESALE,2024-08-05,263.0,HW_Damped_Add,291.71867689155613,2021-07-05,2024-06-24,2024-07-01,2024-09-23,156
5,IMH-001,WHOLESALE,2024-08-12,224.0,HW_Damped_Add,286.9015681492003,2021-07-05,2024-06-24,2024-07-01,2024-09-23,156
5,IMH-001,WHOLESALE,2024-08-19,276.0,HW_Damped_Add,337.9385338551237,2021-07-05,2024-06-24,2024-07-01,2024-09-23,156
5,IMH-001,WHOLESALE,2024-08-26,273.81924358569864,HW_Damped_Add,311.42009233387284,2021-07-05,2024-06-24,2024-07-01,2024-09-23,156
5,IMH-001,WHOLESALE,2024-09-02,331.00000000000006,HW_Damped_Add,328.06691878960135,2021-07-05,2024-06-24,2024-07-01,2024-09-23,156
5,IMH-001,WHOLESALE,2024-09-09,489.0,HW_Damped_Add,417.9608229573099,2021-07-05,2024-06-24,2024-07-01,2024-09-23,156
5,IMH-001,WHOLESALE,2024-09-16,436.0,HW_Damped_Add,337.17839095907385,2021-07-05,2024-06-24,2024-07-01,2024-09-23,156
5,IMH-001,WHOLESALE,2024-09-23,486.2701749014472,HW_Damped_Add,315.2657835382777,2021-07-05,2024-06-24,2024-07-01,2024-09-23,156
5,IMH-001,WHOLESALE,2024-07-01,190.0,HW_Damped_Mul,255.78273029918856,2021-07-05,2024-06-24,2024-07-01,2024-09-23,156
5,IMH-001,WHOLESALE,2024-07-08,220.0,HW_Damped_Mul,262.7761819370444,2021-07-05,2024-06-24,2024-07-01,2024-09-23,156
5,IMH-001,WHOLESALE,2024-07-15,247.0,HW_Damped_Mul,284.02093711144994,2021-07-05,2024-06-24,2024-07-01,2024-09-23,156
5,IMH-001,WHOLESALE,2024-07-22,241.0,HW_Damped_Mul,234.1465630977877,2021-07-05,2024-06-24,2024-07-01,2024-09-23,156
5,IMH-001,WHOLESALE,2024-07-29,320.0,HW_Damped_Mul,210.03331365117685,2021-07-05,2024-06-24,2024-07-01,2024-09-23,156
5,IMH-001,WHOLESALE,2024-08-05,263.0,HW_Damped_Mul,282.3603358341283,2021-07-05,2024-06-24,2024-07-01,2024-09-23,156
5,IMH-001,WHOLESALE,2024-08-12,224.0,HW_Damped_Mul,278.07062066930513,2021-07-05,2024-06-24,2024-07-01,2024-09-23,156
5,IMH-001,WHOLESALE,2024-08-19,276.0,HW_Damped_Mul,325.4347462450669,2021-07-05,2024-06-24,2024-07-01,2024-09-23,156
5,IMH-001,WHOLESALE,2024-08-26,273.81924358569864,HW_Damped_Mul,306.6436140739329,2021-07-05,2024-06-24,2024-07-01,2024-09-23,156
5,IMH-001,WHOLESALE,2024-09-02,331.00000000000006,HW_Damped_Mul,314.8560218124115,2021-07-05,2024-06-24,2024-07-01,2024-09-23,156
5,IMH-001,WHOLESALE,2024-09-09,489.0,HW_Damped_Mul,411.7398499392719,2021-07-05,2024-06-24,2024-07-01,2024-09-23,156
5,IMH-001,WHOLESALE,2024-09-16,436.0,HW_Damped_Mul,333.84942384712775,2021-07-05,2024-06-24,2024-07-01,2024-09-23,156
5,IMH-001,WHOLESALE,2024-09-23,486.2701749014472,HW_Damped_Mul,309.65183781817115,2021-07-05,2024-06-24,2024-07-01,2024-09-23,156
6,IMH-001,WHOLESALE,2024-09-30,268.0,HW_Add_Add,569.6752240087743,2021-07-05,2024-09-23,2024-09-30,2024-12-23,169
6,IMH-001,WHOLESALE,2024-10-07,488.0,HW_Add_Add,428.0131217565506,2021-07-05,2024-09-23,2024-09-30,2024-12-23,169
6,IMH-001,WHOLESALE,2024-10-14,456.0,HW_Add_Add,507.3314052528515,2021-07-05,2024-09-23,2024-09-30,2024-12-23,169
6,IMH-001,WHOLESALE,2024-10-21,399.0,HW_Add_Add,474.8115930147719,2021-07-05,2024-09-23,2024-09-30,2024-12-23,169
6,IMH-001,WHOLESALE,2024-10-28,487.0,HW_Add_Add,594.663827129976,2021-07-05,2024-09-23,2024-09-30,2024-12-23,169
6,IMH-001,WHOLESALE,2024-11-04,577.0,HW_Add_Add,511.4174666778466,2021-07-05,2024-09-23,2024-09-30,2024-12-23,169
6,IMH-001,WHOLESALE,2024-11-11,507.0,HW_Add_Add,569.3707194010041,2021-07-05,2024-09-23,2024-09-30,2024-12-23,169
6,IMH-001,WHOLESALE,2024-11-18,610.0,HW_Add_Add,607.2366030046287,2021-07-05,2024-09-23,2024-09-30,2024-12-23,169
6,IMH-001,WHOLESALE,2024-11-25,669.0,HW_Add_Add,692.8784587551554,2021-07-05,2024-09-23,2024-09-30,2024-12-23,169
6,IMH-001,WHOLESALE,2024-12-02,539.0,HW_Add_Add,550.5174959366744,2021-07-05,2024-09-23,2024-09-30,2024-12-23,169
6,IMH-001,WHOLESALE,2024-12-09,728.5,HW_Add_Add,554.4593668811389,2021-07-05,2024-09-23,2024-09-30,2024-12-23,169
6,IMH-001,WHOLESALE,2024-12-16,592.25,HW_Add_Add,663.490192482917,2021-07-05,2024-09-23,2024-09-30,2024-12-23,169
6,IMH-001,WHOLESALE,2024-12-23,608.4016234758141,HW_Add_Add,583.8954954016056,2021-07-05,2024-09-23,2024-09-30,2024-12-23,169
6,IMH-001,WHOLESALE,2024-09-30,268.0,HW_Damped_Add,602.7794924515197,2021-07-05,2024-09-23,2024-09-30,2024-12-23,169
6,IMH-001,WHOLESALE,2024-10-07,488.0,HW_Damped_Add,412.4474922861235,2021-07-05,2024-09-23,2024-09-30,2024-12-23,169
6,IMH-001,WHOLESALE,2024-10-14,456.0,HW_Damped_Add,532.6078926328955,2021-07-05,2024-09-23,2024-09-30,2024-12-23,169
6,IMH-001,WHOLESALE,2024-10-21,399.0,HW_Damped_Add,457.6679523638984,2021-07-05,2024-09-23,2024-09-30,2024-12-23,169
6,IMH-001,WHOLESALE,2024-10-28,487.0,HW_Damped_Add,574.4984067883646,2021-07-05,2024-09-23,2024-09-30,2024-12-23,169
6,IMH-001,WHOLESALE,2024-11-04,577.0,HW_Damped_Add,447.7329698025598,2021-07-05,2024-09-23,2024-09-30,2024-12-23,169
6,IMH-001,WHOLESALE,2024-11-11,507.0,HW_Damped_Add,620.0654182227127,2021-07-05,2024-09-23,2024-09-30,2024-12-23,169
6,IMH-001,WHOLESALE,2024-11-18,610.0,HW_Damped_Add,574.5974273922395,2021-07-05,2024-09-23,2024-09-30,2024-12-23,169
6,IMH-001,WHOLESALE,2024-11-25,669.0,HW_Damped_Add,720.9664529024863,2021-07-05,2024-09-23,2024-09-30,2024-12-23,169
6,IMH-001,WHOLESALE,2024-12-02,539.0,HW_Damped_Add,503.65828934176864,2021-07-05,2024-09-23,2024-09-30,2024-12-23,169
6,IMH-001,WHOLESALE,2024-12-09,728.5,HW_Damped_Add,510.0297239386641,2021-07-05,2024-09-23,2024-09-30,2024-12-23,169
6,IMH-001,WHOLESALE,2024-12-16,592.25,HW_Damped_Add,771.4114169779986,2021-07-05,2024-09-23,2024-09-30,2024-12-23,169
6,IMH-001,WHOLESALE,2024-12-23,608.4016234758141,HW_Damped_Add,516.5362013215706,2021-07-05,2024-09-23,2024-09-30,2024-12-23,169
6,IMH-001,WHOLESALE,2024-09-30,268.0,HW_Damped_Mul,570.2704177249698,2021-07-05,2024-09-23,2024-09-30,2024-12-23,169
6,IMH-001,WHOLESALE,2024-10-07,488.0,HW_Damped_Mul,420.2551480176155,2021-07-05,2024-09-23,2024-09-30,2024-12-23,169
6,IMH-001,WHOLESALE,2024-10-14,456.0,HW_Damped_Mul,504.695870926614,2021-07-05,2024-09-23,2024-09-30,2024-12-23,169
6,IMH-001,WHOLESALE,2024-10-21,399.0,HW_Damped_Mul,468.60490932333266,2021-07-05,2024-09-23,2024-09-30,2024-12-23,169
6,IMH-001,WHOLESALE,2024-10-28,487.0,HW_Damped_Mul,590.8288644191803,2021-07-05,2024-09-23,2024-09-30,2024-12-23,169
6,IMH-001,WHOLESALE,2024-11-04,577.0,HW_Damped_Mul,502.38467082594536,2021-07-05,2024-09-23,2024-09-30,2024-12-23,169
6,IMH-001,WHOLESALE,2024-11-11,507.0,HW_Damped_Mul,566.957636615361,2021-07-05,2024-09-23,2024-09-30,2024-12-23,169
6,IMH-001,WHOLESALE,2024-11-18,610.0,HW_Damped_Mul,601.8655768461895,2021-07-05,2024-09-23,2024-09-30,2024-12-23,169
6,IMH-001,WHOLESALE,2024-11-25,669.0,HW_Damped_Mul,693.1869549219625,2021-07-05,2024-09-23,2024-09-30,2024-12-23,169
6,IMH-001,WHOLESALE,2024-12-02,539.0,HW_Damped_Mul,541.3063975714012,2021-07-05,2024-09-23,2024-09-30,2024-12-23,169
6,IMH-001,WHOLESALE,2024-12-09,728.5,HW_Damped_Mul,544.7563798274243,2021-07-05,2024-09-23,2024-09-30,2024-12-23,169
6,IMH-001,WHOLESALE,2024-12-16,592.25,HW_Damped_Mul,663.9160193497172,2021-07-05,2024-09-23,2024-09-30,2024-12-23,169
6,IMH-001,WHOLESALE,2024-12-23,608.4016234758141,HW_Damped_Mul,574.2555431608118,2021-07-05,2024-09-23,2024-09-30,2024-12-23,169
7,IMH-001,WHOLESALE,2024-12-30,611.0,HW_Add_Add,591.8746745398781,2021-07-05,2024-12-23,2024-12-30,2025-03-24,182
7,IMH-001,WHOLESALE,2025-01-06,725.1914804905855,HW_Add_Add,492.26186999537936,2021-07-05,2024-12-23,2024-12-30,2025-03-24,182
7,IMH-001,WHOLESALE,2025-01-13,554.8073261405646,HW_Add_Add,502.58497236680256,2021-07-05,2024-12-23,2024-12-30,2025-03-24,182
7,IMH-001,WHOLESALE,2025-01-20,507.4059309867992,HW_Add_Add,616.6096954317336,2021-07-05,2024-12-23,2024-12-30,2025-03-24,182
7,IMH-001,WHOLESALE,2025-01-27,522.0418170120046,HW_Add_Add,502.77150881614057,2021-07-05,2024-12-23,2024-12-30,2025-03-24,182
7,IMH-001,WHOLESALE,2025-02-03,575.5020307339566,HW_Add_Add,491.4625852936012,2021-07-05,2024-12-23,2024-12-30,2025-03-24,182
7,IMH-001,WHOLESALE,2025-02-10,465.5249848824484,HW_Add_Add,502.7735145778027,2021-07-05,2024-12-23,2024-12-30,2025-03-24,182
7,IMH-001,WHOLESALE,2025-02-17,641.1612612065225,HW_Add_Add,403.78376321879017,2021-07-05,2024-12-23,2024-12-30,2025-03-24,182
7,IMH-001,WHOLESALE,2025-02-24,399.8202612457877,HW_Add_Add,520.279764095025,2021-07-05,2024-12-23,2024-12-30,2025-03-24,182
7,IMH-001,WHOLESALE,2025-03-03,458.1360742066756,HW_Add_Add,439.0415875147706,2021-07-05,2024-12-23,2024-12-30,2025-03-24,182
7,IMH-001,WHOLESALE,2025-03-10,445.5551109061015,HW_Add_Add,401.9076938535555,2021-07-05,2024-12-23,2024-12-30,2025-03-24,182
7,IMH-001,WHOLESALE,2025-03-17,373.6370775526273,HW_Add_Add,392.40107444772576,2021-07-05,2024-12-23,2024-12-30,2025-03-24,182
7,IMH-001,WHOLESALE,2025-03-24,370.22686873015175,HW_Add_Add,451.43499776791145,2021-07-05,2024-12-23,2024-12-30,2025-03-24,182
7,IMH-001,WHOLESALE,2024-12-30,611.0,HW_Damped_Add,618.8519360295844,2021-07-05,2024-12-23,2024-12-30,2025-03-24,182
7,IMH-001,WHOLESALE,2025-01-06,725.1914804905855,HW_Damped_Add,484.5475654657951,2021-07-05,2024-12-23,2024-12-30,2025-03-24,182
7,IMH-001,WHOLESALE,2025-01-13,554.8073261405646,HW_Damped_Add,488.5233235504954,2021-07-05,2024-12-23,2024-12-30,2025-03-24,182
7,IMH-001,WHOLESALE,2025-01-20,507.4059309867992,HW_Damped_Add,719.8713918146107,2021-07-05,2024-12-23,2024-12-30,2025-03-24,182
7,IMH-001,WHOLESALE,2025-01-27,522.0418170120046,HW_Damped_Add,541.9449718039916,2021-07-05,2024-12-23,2024-12-30,2025-03-24,182
7,IMH-001,WHOLESALE,2025-02-03,575.5020307339566,HW_Damped_Add,444.1276002878907,2021-07-05,2024-12-23,2024-12-30,2025-03-24,182
7,IMH-001,WHOLESALE,2025-02-10,465.5249848824484,HW_Damped_Add,525.6783900285869,2021-07-05,2024-12-23,2024-12-30,2025-03-24,182
7,IMH-001,WHOLESALE,2025-02-17,641.1612612065225,HW_Damped_Add,370.51974063059345,2021-07-05,2024-12-23,2024-12-30,2025-03-24,182
7,IMH-001,WHOLESALE,2025-02-24,399.8202612457877,HW_Damped_Add,502.49329271844675,2021-07-05,2024-12-23,2024-12-30,2025-03-24,182
7,IMH-001,WHOLESALE,2025-03-03,458.1360742066756,HW_Damped_Add,478.39860237167085,2021-07-05,2024-12-23,2024-12-30,2025-03-24,182
7,IMH-001,WHOLESALE,2025-03-10,445.5551109061015,HW_Damped_Add,389.6647398311872,2021-07-05,2024-12-23,2024-12-30,2025-03-24,182
7,IMH-001,WHOLESALE,2025-03-17,373.6370775526273,HW_Damped_Add,315.9441699100863,2021-07-05,2024-12-23,2024-12-30,2025-03-24,182
7,IMH-001,WHOLESALE,2025-03-24,370.22686873015175,HW_Damped_Add,467.6550020636499,2021-07-05,2024-12-23,2024-12-30,2025-03-24,182
7,IMH-001,WHOLESALE,2024-12-30,611.0,HW_Damped_Mul,586.4415620518797,2021-07-05,2024-12-23,2024-12-30,2025-03-24,182
7,IMH-001,WHOLESALE,2025-01-06,725.1914804905855,HW_Damped_Mul,484.9440811383877,2021-07-05,2024-12-23,2024-12-30,2025-03-24,182
7,IMH-001,WHOLESALE,2025-01-13,554.8073261405646,HW_Damped_Mul,494.77952622985384,2021-07-05,2024-12-23,2024-12-30,2025-03-24,182
7,IMH-001,WHOLESALE,2025-01-20,507.4059309867992,HW_Damped_Mul,608.8699263388395,2021-07-05,2024-12-23,2024-12-30,2025-03-24,182
7,IMH-001,WHOLESALE,2025-01-27,522.0418170120046,HW_Damped_Mul,493.8868079281104,2021-07-05,2024-12-23,2024-12-30,2025-03-24,182
7,IMH-001,WHOLESALE,2025-02-03,575.5020307339566,HW_Damped_Mul,484.4319307234874,2021-07-05,2024-12-23,2024-12-30,2025-03-24,182
7,IMH-001,WHOLESALE,2025-02-10,465.5249848824484,HW_Damped_Mul,492.5856423477319,2021-07-05,2024-12-23,2024-12-30,2025-03-24,182
7,IMH-001,WHOLESALE,2025-02-17,641.1612612065225,HW_Damped_Mul,392.6551168914543,2021-07-05,2024-12-23,2024-12-30,2025-03-24,182
7,IMH-001,WHOLESALE,2025-02-24,399.8202612457877,HW_Damped_Mul,513.1069821641966,2021-07-05,2024-12-23,2024-12-30,2025-03-24,182
7,IMH-001,WHOLESALE,2025-03-03,458.1360742066756,HW_Damped_Mul,426.96323732813386,2021-07-05,2024-12-23,2024-12-30,2025-03-24,182
7,IMH-001,WHOLESALE,2025-03-10,445.5551109061015,HW_Damped_Mul,391.023521916305,2021-07-05,2024-12-23,2024-12-30,2025-03-24,182
7,IMH-001,WHOLESALE,2025-03-17,373.6370775526273,HW_Damped_Mul,381.52721092001406,2021-07-05,2024-12-23,2024-12-30,2025-03-24,182
7,IMH-001,WHOLESALE,2025-03-24,370.22686873015175,HW_Damped_Mul,440.3447457925122,2021-07-05,2024-12-23,2024-12-30,2025-03-24,182
8,IMH-001,WHOLESALE,2025-03-31,401.5251285695232,HW_Add_Add,354.97881467264955,2021-07-05,2025-03-24,2025-03-31,2025-06-23,195
8,IMH-001,WHOLESALE,2025-04-07,430.0,HW_Add_Add,376.00371600314963,2021-07-05,2025-03-24,2025-03-31,2025-06-23,195
8,IMH-001,WHOLESALE,2025-04-14,359.94955403749566,HW_Add_Add,311.9886749643578,2021-07-05,2025-03-24,2025-03-31,2025-06-23,195
8,IMH-001,WHOLESALE,2025-04-21,231.0,HW_Add_Add,339.18306925307587,2021-07-05,2025-03-24,2025-03-31,2025-06-23,195
8,IMH-001,WHOLESALE,2025-04-28,266.0,HW_Add_Add,315.66485450537493,2021-07-05,2025-03-24,2025-03-31,2025-06-23,195
8,IMH-001,WHOLESALE,2025-05-05,302.0,HW_Add_Add,301.33526556041176,2021-07-05,2025-03-24,2025-03-31,2025-06-23,195
8,IMH-001,WHOLESALE,2025-05-12,265.0,HW_Add_Add,350.79768885981844,2021-07-05,2025-03-24,2025-03-31,2025-06-23,195
8,IMH-001,WHOLESALE,2025-05-19,326.0,HW_Add_Add,332.9943744357453,2021-07-05,2025-03-24,2025-03-31,2025-06-23,195
8,IMH-001,WHOLESALE,2025-05-26,307.0,HW_Add_Add,286.1078692176484,2021-07-05,2025-03-24,2025-03-31,2025-06-23,195
8,IMH-001,WHOLESALE,2025-06-02,252.33628864783543,HW_Add_Add,267.97127324973627,2021-07-05,2025-03-24,2025-03-31,2025-06-23,195
8,IMH-001,WHOLESALE,2025-06-09,328.0,HW_Add_Add,254.66999142664523,2021-07-05,2025-03-24,2025-03-31,2025-06-23,195
8,IMH-001,WHOLESALE,2025-06-16,277.0,HW_Add_Add,260.9970056399245,2021-07-05,2025-03-24,2025-03-31,2025-06-23,195
8,IMH-001,WHOLESALE,2025-06-23,283.63513090788456,HW_Add_Add,285.7286986723922,2021-07-05,2025-03-24,2025-03-31,2025-06-23,195
8,IMH-001,WHOLESALE,2025-03-31,401.5251285695232,HW_Damped_Add,337.35849749208694,2021-07-05,2025-03-24,2025-03-31,2025-06-23,195
8,IMH-001,WHOLESALE,2025-04-07,430.0,HW_Damped_Add,363.6668666854022,2021-07-05,2025-03-24,2025-03-31,2025-06-23,195
8,IMH-001,WHOLESALE,2025-04-14,359.94955403749566,HW_Damped_Add,286.61905065377994,2021-07-05,2025-03-24,2025-03-31,2025-06-23,195
8,IMH-001,WHOLESALE,2025-04-21,231.0,HW_Damped_Add,321.7124294827806,2021-07-05,2025-03-24,2025-03-31,2025-06-23,195
8,IMH-001,WHOLESALE,2025-04-28,266.0,HW_Damped_Add,298.4307053917257,2021-07-05,2025-03-24,2025-03-31,2025-06-23,195
8,IMH-001,WHOLESALE,2025-05-05,302.0,HW_Damped_Add,286.7505450582494,2021-07-05,2025-03-24,2025-03-31,2025-06-23,195
8,IMH-001,WHOLESALE,2025-05-12,265.0,HW_Damped_Add,346.84555470963085,2021-07-05,2025-03-24,2025-03-31,2025-06-23,195
8,IMH-001,WHOLESALE,2025-05-19,326.0,HW_Damped_Add,315.76086880192355,2021-07-05,2025-03-24,2025-03-31,2025-06-23,195
8,IMH-001,WHOLESALE,2025-05-26,307.0,HW_Damped_Add,269.2382350246572,2021-07-05,2025-03-24,2025-03-31,2025-06-23,195
8,IMH-001,WHOLESALE,2025-06-02,252.33628864783543,HW_Damped_Add,253.8323396798098,2021-07-05,2025-03-24,2025-03-31,2025-06-23,195
8,IMH-001,WHOLESALE,2025-06-09,328.0,HW_Damped_Add,241.96286093179205,2021-07-05,2025-03-24,2025-03-31,2025-06-23,195
8,IMH-001,WHOLESALE,2025-06-16,277.0,HW_Damped_Add,242.0297801759221,2021-07-05,2025-03-24,2025-03-31,2025-06-23,195
8,IMH-001,WHOLESALE,2025-06-23,283.63513090788456,HW_Damped_Add,264.36347203957826,2021-07-05,2025-03-24,2025-03-31,2025-06-23,195
8,IMH-001,WHOLESALE,2025-03-31,401.5251285695232,HW_Damped_Mul,350.5679024395631,2021-07-05,2025-03-24,2025-03-31,2025-06-23,195
8,IMH-001,WHOLESALE,2025-04-07,430.0,HW_Damped_Mul,364.1172308290432,2021-07-05,2025-03-24,2025-03-31,2025-06-23,195
8,IMH-001,WHOLESALE,2025-04-14,359.94955403749566,HW_Damped_Mul,314.4017752935731,2021-07-05,2025-03-24,2025-03-31,2025-06-23,195
8,IMH-001,WHOLESALE,2025-04-21,231.0,HW_Damped_Mul,332.5467791923371,2021-07-05,2025-03-24,2025-03-31,2025-06-23,195
8,IMH-001,WHOLESALE,2025-04-28,266.0,HW_Damped_Mul,307.4607791391877,2021-07-05,2025-03-24,2025-03-31,2025-06-23,195
8,IMH-001,WHOLESALE,2025-05-05,302.0,HW_Damped_Mul,287.48666150599234,2021-07-05,2025-03-24,2025-03-31,2025-06-23,195
8,IMH-001,WHOLESALE,2025-05-12,265.0,HW_Damped_Mul,331.72075274016294,2021-07-05,2025-03-24,2025-03-31,2025-06-23,195
8,IMH-001,WHOLESALE,2025-05-19,326.0,HW_Damped_Mul,325.1036677036001,2021-07-05,2025-03-24,2025-03-31,2025-06-23,195
8,IMH-001,WHOLESALE,2025-05-26,307.0,HW_Damped_Mul,275.8780192937422,2021-07-05,2025-03-24,2025-03-31,2025-06-23,195
8,IMH-001,WHOLESALE,2025-06-02,252.33628864783543,HW_Damped_Mul,252.9331291232882,2021-07-05,2025-03-24,2025-03-31,2025-06-23,195
8,IMH-001,WHOLESALE,2025-06-09,328.0,HW_Damped_Mul,238.13104604799426,2021-07-05,2025-03-24,2025-03-31,2025-06-23,195
8,IMH-001,WHOLESALE,2025-06-16,277.0,HW_Damped_Mul,251.58003756945027,2021-07-05,2025-03-24,2025-03-31,2025-06-23,195
8,IMH-001,WHOLESALE,2025-06-23,283.63513090788456,HW_Damped_Mul,280.14359114348366,2021-07-05,2025-03-24,2025-03-31,2025-06-23,195
9,IMH-001,WHOLESALE,2025-06-30,221.0,HW_Add_Add,266.55198385063784,2021-07-05,2025-06-23,2025-06-30,2025-09-22,208
9,IMH-001,WHOLESALE,2025-07-07,287.0,HW_Add_Add,275.81064983603886,2021-07-05,2025-06-23,2025-06-30,2025-09-22,208
9,IMH-001,WHOLESALE,2025-07-14,233.0,HW_Add_Add,296.0666333096963,2021-07-05,2025-06-23,2025-06-30,2025-09-22,208
9,IMH-001,WHOLESALE,2025-07-21,206.0,HW_Add_Add,258.0745968159753,2021-07-05,2025-06-23,2025-06-30,2025-09-22,208
9,IMH-001,WHOLESALE,2025-07-28,299.0,HW_Add_Add,256.8265458560099,2021-07-05,2025-06-23,2025-06-30,2025-09-22,208
9,IMH-001,WHOLESALE,2025-08-04,267.0,HW_Add_Add,296.83987745718593,2021-07-05,2025-06-23,2025-06-30,2025-09-22,208
9,IMH-001,WHOLESALE,2025-08-11,188.00000000000003,HW_Add_Add,283.8452650373201,2021-07-05,2025-06-23,2025-06-30,2025-09-22,208
9,IMH-001,WHOLESALE,2025-08-18,214.0,HW_Add_Add,335.3410099916341,2021-07-05,2025-06-23,2025-06-30,2025-09-22,208
9,IMH-001,WHOLESALE,2025-08-25,218.875,HW_Add_Add,315.33667209715514,2021-07-05,2025-06-23,2025-06-30,2025-09-22,208
9,IMH-001,WHOLESALE,2025-09-01,526.0,HW_Add_Add,342.3504640740649,2021-07-05,2025-06-23,2025-06-30,2025-09-22,208
9,IMH-001,WHOLESALE,2025-09-08,335.0,HW_Add_Add,449.6085028922235,2021-07-05,2025-06-23,2025-06-30,2025-09-22,208
9,IMH-001,WHOLESALE,2025-09-15,354.99999999999994,HW_Add_Add,376.11846068553905,2021-07-05,2025-06-23,2025-06-30,2025-09-22,208
9,IMH-001,WHOLESALE,2025-09-22,213.01156146346057,HW_Add_Add,372.59638042839924,2021-07-05,2025-06-23,2025-06-30,2025-09-22,208
9,IMH-001,WHOLESALE,2025-06-30,221.0,HW_Damped_Add,247.47276435072223,2021-07-05,2025-06-23,2025-06-30,2025-09-22,208
9,IMH-001,WHOLESALE,2025-07-07,287.0,HW_Damped_Add,250.70763859114288,2021-07-05,2025-06-23,2025-06-30,2025-09-22,208
9,IMH-001,WHOLESALE,2025-07-14,233.0,HW_Damped_Add,268.18213432304094,2021-07-05,2025-06-23,2025-06-30,2025-09-22,208
9,IMH-001,WHOLESALE,2025-07-21,206.0,HW_Damped_Add,227.47841580845534,2021-07-05,2025-06-23,2025-06-30,2025-09-22,208
9,IMH-001,WHOLESALE,2025-07-28,299.0,HW_Damped_Add,247.5927443522895,2021-07-05,2025-06-23,2025-06-30,2025-09-22,208
9,IMH-001,WHOLESALE,2025-08-04,267.0,HW_Damped_Add,264.70799560915225,2021-07-05,2025-06-23,2025-06-30,2025-09-22,208
9,IMH-001,WHOLESALE,2025-08-11,188.00000000000003,HW_Damped_Add,247.8883233252181,2021-07-05,2025-06-23,2025-06-30,2025-09-22,208
9,IMH-001,WHOLESALE,2025-08-18,214.0,HW_Damped_Add,336.4087649278431,2021-07-05,2025-06-23,2025-06-30,2025-09-22,208
9,IMH-001,WHOLESALE,2025-08-25,218.875,HW_Damped_Add,293.3514699301889,2021-07-05,2025-06-23,2025-06-30,2025-09-22,208
9,IMH-001,WHOLESALE,2025-09-01,526.0,HW_Damped_Add,348.92298491655043,2021-07-05,2025-06-23,2025-06-30,2025-09-22,208
9,IMH-001,WHOLESALE,2025-09-08,335.0,HW_Damped_Add,455.3186249842261,2021-07-05,2025-06-23,2025-06-30,2025-09-22,208
9,IMH-001,WHOLESALE,2025-09-15,354.99999999999994,HW_Damped_Add,373.2772156882044,2021-07-05,2025-06-23,2025-06-30,2025-09-22,208
9,IMH-001,WHOLESALE,2025-09-22,213.01156146346057,HW_Damped_Add,362.0598893545106,2021-07-05,2025-06-23,2025-06-30,2025-09-22,208
9,IMH-001,WHOLESALE,2025-06-30,221.0,HW_Damped_Mul,250.10169245595452,2021-07-05,2025-06-23,2025-06-30,2025-09-22,208
9,IMH-001,WHOLESALE,2025-07-07,287.0,HW_Damped_Mul,259.1200822002648,2021-07-05,2025-06-23,2025-06-30,2025-09-22,208
9,IMH-001,WHOLESALE,2025-07-14,233.0,HW_Damped_Mul,279.9160875146951,2021-07-05,2025-06-23,2025-06-30,2025-09-22,208
9,IMH-001,WHOLESALE,2025-07-21,206.0,HW_Damped_Mul,240.40763146919218,2021-07-05,2025-06-23,2025-06-30,2025-09-22,208
9,IMH-001,WHOLESALE,2025-07-28,299.0,HW_Damped_Mul,240.65947586655335,2021-07-05,2025-06-23,2025-06-30,2025-09-22,208
9,IMH-001,WHOLESALE,2025-08-04,267.0,HW_Damped_Mul,279.9391065982885,2021-07-05,2025-06-23,2025-06-30,2025-09-22,208
9,IMH-001,WHOLESALE,2025-08-11,188.00000000000003,HW_Damped_Mul,265.65695773196535,2021-07-05,2025-06-23,2025-06-30,2025-09-22,208
9,IMH-001,WHOLESALE,2025-08-18,214.0,HW_Damped_Mul,321.851644387815,2021-07-05,2025-06-23,2025-06-30,2025-09-22,208
9,IMH-001,WHOLESALE,2025-08-25,218.875,HW_Damped_Mul,299.6761566333136,2021-07-05,2025-06-23,2025-06-30,2025-09-22,208
9,IMH-001,WHOLESALE,2025-09-01,526.0,HW_Damped_Mul,329.0730058689751,2021-07-05,2025-06-23,2025-06-30,2025-09-22,208
9,IMH-001,WHOLESALE,2025-09-08,335.0,HW_Damped_Mul,440.94235188375393,2021-07-05,2025-06-23,2025-06-30,2025-09-22,208
9,IMH-001,WHOLESALE,2025-09-15,354.99999999999994,HW_Damped_Mul,364.0406779662516,2021-07-05,2025-06-23,2025-06-30,2025-09-22,208
9,IMH-001,WHOLESALE,2025-09-22,213.01156146346057,HW_Damped_Mul,359.58137631009424,2021-07-05,2025-06-23,2025-06-30,2025-09-22,208
10,IMH-001,WHOLESALE,2025-09-29,366.0,HW_Add_Add,495.342426614788,2021-07-05,2025-09-22,2025-09-29,2025-12-22,221
10,IMH-001,WHOLESALE,2025-10-06,479.0,HW_Add_Add,444.0924669156969,2021-07-05,2025-09-22,2025-09-29,2025-12-22,221
10,IMH-001,WHOLESALE,2025-10-13,654.0,HW_Add_Add,495.59489373018323,2021-07-05,2025-09-22,2025-09-29,2025-12-22,221
10,IMH-001,WHOLESALE,2025-10-20,754.0000000000001,HW_Add_Add,456.95162330348836,2021-07-05,2025-09-22,2025-09-29,2025-12-22,221
10,IMH-001,WHOLESALE,2025-10-27,308.0,HW_Add_Add,568.8419374336137,2021-07-05,2025-09-22,2025-09-29,2025-12-22,221
10,IMH-001,WHOLESALE,2025-11-03,513.0,HW_Add_Add,528.9045171812057,2021-07-05,2025-09-22,2025-09-29,2025-12-22,221
10,IMH-001,WHOLESALE,2025-11-10,650.0,HW_Add_Add,554.9002868863612,2021-07-05,2025-09-22,2025-09-29,2025-12-22,221
10,IMH-001,WHOLESALE,2025-11-17,780.625,HW_Add_Add,609.0351462182759,2021-07-05,2025-09-22,2025-09-29,2025-12-22,221
10,IMH-001,WHOLESALE,2025-11-24,787.70909787084,HW_Add_Add,688.0349256798547,2021-07-05,2025-09-22,2025-09-29,2025-12-22,221
10,IMH-001,WHOLESALE,2025-12-01,647.2622782004518,HW_Add_Add,548.7503432990591,2021-07-05,2025-09-22,2025-09-29,2025-12-22,221
10,IMH-001,WHOLESALE,2025-12-08,625.242831981586,HW_Add_Add,599.0921108260844,2021-07-05,2025-09-22,2025-09-29,2025-12-22,221
10,IMH-001,WHOLESALE,2025-12-15,674.1219750132933,HW_Add_Add,646.8384886325356,2021-07-05,2025-09-22,2025-09-29,2025-12-22,221
10,IMH-001,WHOLESALE,2025-12-22,443.0801065407427,HW_Add_Add,591.1446888796431,2021-07-05,2025-09-22,2025-09-29,2025-12-22,221
10,IMH-001,WHOLESALE,2025-09-29,366.0,HW_Damped_Add,489.8973955528063,2021-07-05,2025-09-22,2025-09-29,2025-12-22,221
10,IMH-001,WHOLESALE,2025-10-06,479.0,HW_Damped_Add,438.3798512040956,2021-07-05,2025-09-22,2025-09-29,2025-12-22,221
10,IMH-001,WHOLESALE,2025-10-13,654.0,HW_Damped_Add,490.25197796037315,2021-07-05,2025-09-22,2025-09-29,2025-12-22,221
10,IMH-001,WHOLESALE,2025-10-20,754.0000000000001,HW_Damped_Add,450.51149043700724,2021-07-05,2025-09-22,2025-09-29,2025-12-22,221
10,IMH-001,WHOLESALE,2025-10-27,308.0,HW_Damped_Add,562.1149811777437,2021-07-05,2025-09-22,2025-09-29,2025-12-22,221
10,IMH-001,WHOLESALE,2025-11-03,513.0,HW_Damped_Add,521.5619572736118,2021-07-05,2025-09-22,2025-09-29,2025-12-22,221
10,IMH-001,WHOLESALE,2025-11-10,650.0,HW_Damped_Add,549.4242189255237,2021-07-05,2025-09-22,2025-09-29,2025-12-22,221
10,IMH-001,WHOLESALE,2025-11-17,780.625,HW_Damped_Add,601.8521690038156,2021-07-05,2025-09-22,2025-09-29,2025-12-22,221
10,IMH-001,WHOLESALE,2025-11-24,787.70909787084,HW_Damped_Add,681.8886618112006,2021-07-05,2025-09-22,2025-09-29,2025-12-22,221
10,IMH-001,WHOLESALE,2025-12-01,647.2622782004518,HW_Damped_Add,540.9374826670836,2021-07-05,2025-09-22,2025-09-29,2025-12-22,221
10,IMH-001,WHOLESALE,2025-12-08,625.242831981586,HW_Damped_Add,591.6541770673368,2021-07-05,2025-09-22,2025-09-29,2025-12-22,221
10,IMH-001,WHOLESALE,2025-12-15,674.1219750132933,HW_Damped_Add,641.7552980197506,2021-07-05,2025-09-22,2025-09-29,2025-12-22,221
10,IMH-001,WHOLESALE,2025-12-22,443.0801065407427,HW_Damped_Add,582.5641305569161,2021-07-05,2025-09-22,2025-09-29,2025-12-22,221
10,IMH-001,WHOLESALE,2025-09-29,366.0,HW_Damped_Mul,485.3764605160876,2021-07-05,2025-09-22,2025-09-29,2025-12-22,221
10,IMH-001,WHOLESALE,2025-10-06,479.0,HW_Damped_Mul,436.7982663383077,2021-07-05,2025-09-22,2025-09-29,2025-12-22,221
10,IMH-001,WHOLESALE,2025-10-13,654.0,HW_Damped_Mul,490.6614972685726,2021-07-05,2025-09-22,2025-09-29,2025-12-22,221
10,IMH-001,WHOLESALE,2025-10-20,754.0000000000001,HW_Damped_Mul,452.33535983743667,2021-07-05,2025-09-22,2025-09-29,2025-12-22,221
10,IMH-001,WHOLESALE,2025-10-27,308.0,HW_Damped_Mul,563.3916572801556,2021-07-05,2025-09-22,2025-09-29,2025-12-22,221
10,IMH-001,WHOLESALE,2025-11-03,513.0,HW_Damped_Mul,524.5360809553764,2021-07-05,2025-09-22,2025-09-29,2025-12-22,221
10,IMH-001,WHOLESALE,2025-11-10,650.0,HW_Damped_Mul,549.4919187314554,2021-07-05,2025-09-22,2025-09-29,2025-12-22,221
10,IMH-001,WHOLESALE,2025-11-17,780.625,HW_Damped_Mul,606.9306451426148,2021-07-05,2025-09-22,2025-09-29,2025-12-22,221
10,IMH-001,WHOLESALE,2025-11-24,787.70909787084,HW_Damped_Mul,691.195852202531,2021-07-05,2025-09-22,2025-09-29,2025-12-22,221
10,IMH-001,WHOLESALE,2025-12-01,647.2622782004518,HW_Damped_Mul,542.128830976754,2021-07-05,2025-09-22,2025-09-29,2025-12-22,221
10,IMH-001,WHOLESALE,2025-12-08,625.242831981586,HW_Damped_Mul,595.6652148196591,2021-07-05,2025-09-22,2025-09-29,2025-12-22,221
10,IMH-001,WHOLESALE,2025-12-15,674.1219750132933,HW_Damped_Mul,647.6761601290249,2021-07-05,2025-09-22,2025-09-29,2025-12-22,221
10,IMH-001,WHOLESALE,2025-12-22,443.0801065407427,HW_Damped_Mul,588.0852940765432,2021-07-05,2025-09-22,2025-09-29,2025-12-22,221
11,IMH-001,WHOLESALE,2025-12-29,727.8378999242145,HW_Add_Add,608.2598096230964,2021-07-05,2025-12-22,2025-12-29,2026-03-23,234
11,IMH-001,WHOLESALE,2026-01-05,435.2486739203405,HW_Add_Add,562.0973985704645,2021-07-05,2025-12-22,2025-12-29,2026-03-23,234
11,IMH-001,WHOLESALE,2026-01-12,517.75,HW_Add_Add,527.2457838832687,2021-07-05,2025-12-22,2025-12-29,2026-03-23,234
11,IMH-001,WHOLESALE,2026-01-19,698.7226434493491,HW_Add_Add,600.9310394452973,2021-07-05,2025-12-22,2025-12-29,2026-03-23,234
11,IMH-001,WHOLESALE,2026-01-26,516.2241428657919,HW_Add_Add,519.206361534154,2021-07-05,2025-12-22,2025-12-29,2026-03-23,234
11,IMH-001,WHOLESALE,2026-02-02,640.3110605961219,HW_Add_Add,524.0814375523503,2021-07-05,2025-12-22,2025-12-29,2026-03-23,234
11,IMH-001,WHOLESALE,2026-02-09,515.5569756657786,HW_Add_Add,505.0830091720362,2021-07-05,2025-12-22,2025-12-29,2026-03-23,234
11,IMH-001,WHOLESALE,2026-02-16,445.173812261572,HW_Add_Add,474.7461468230721,2021-07-05,2025-12-22,2025-12-29,2026-03-23,234
11,IMH-001,WHOLESALE,2026-02-23,558.0579825692928,HW_Add_Add,501.7870425990696,2021-07-05,2025-12-22,2025-12-29,2026-03-23,234
11,IMH-001,WHOLESALE,2026-03-02,426.0,HW_Add_Add,455.4476367123049,2021-07-05,2025-12-22,2025-12-29,2026-03-23,234
11,IMH-001,WHOLESALE,2026-03-09,350.32508152978465,HW_Add_Add,424.4487969528805,2021-07-05,2025-12-22,2025-12-29,2026-03-23,234
11,IMH-001,WHOLESALE,2026-03-16,346.5,HW_Add_Add,399.3326683288784,2021-07-05,2025-12-22,2025-12-29,2026-03-23,234
11,IMH-001,WHOLESALE,2026-03-23,232.00000000000003,HW_Add_Add,442.77217785830527,2021-07-05,2025-12-22,2025-12-29,2026-03-23,234
11,IMH-001,WHOLESALE,2025-12-29,727.8378999242145,HW_Damped_Add,603.6597928845068,2021-07-05,2025-12-22,2025-12-29,2026-03-23,234
11,IMH-001,WHOLESALE,2026-01-05,435.2486739203405,HW_Damped_Add,557.4054964907522,2021-07-05,2025-12-22,2025-12-29,2026-03-23,234
11,IMH-001,WHOLESALE,2026-01-12,517.75,HW_Damped_Add,522.437229799161,2021-07-05,2025-12-22,2025-12-29,2026-03-23,234
11,IMH-001,WHOLESALE,2026-01-19,698.7226434493491,HW_Damped_Add,596.0113182770607,2021-07-05,2025-12-22,2025-12-29,2026-03-23,234
11,IMH-001,WHOLESALE,2026-01-26,516.2241428657919,HW_Damped_Add,514.1920090479181,2021-07-05,2025-12-22,2025-12-29,2026-03-23,234
11,IMH-001,WHOLESALE,2026-02-02,640.3110605961219,HW_Damped_Add,518.9692431501064,2021-07-05,2025-12-22,2025-12-29,2026-03-23,234
11,IMH-001,WHOLESALE,2026-02-09,515.5569756657786,HW_Damped_Add,499.86301679662455,2021-07-05,2025-12-22,2025-12-29,2026-03-23,234
11,IMH-001,WHOLESALE,2026-02-16,445.173812261572,HW_Damped_Add,469.441839944675,2021-07-05,2025-12-22,2025-12-29,2026-03-23,234
11,IMH-001,WHOLESALE,2026-02-23,558.0579825692928,HW_Damped_Add,496.35952806289555,2021-07-05,2025-12-22,2025-12-29,2026-03-23,234
11,IMH-001,WHOLESALE,2026-03-02,426.0,HW_Damped_Add,449.9298426713029,2021-07-05,2025-12-22,2025-12-29,2026-03-23,234
11,IMH-001,WHOLESALE,2026-03-09,350.32508152978465,HW_Damped_Add,418.83402967321547,2021-07-05,2025-12-22,2025-12-29,2026-03-23,234
11,IMH-001,WHOLESALE,2026-03-16,346.5,HW_Damped_Add,393.6167673794296,2021-07-05,2025-12-22,2025-12-29,2026-03-23,234
11,IMH-001,WHOLESALE,2026-03-23,232.00000000000003,HW_Damped_Add,436.955156275124,2021-07-05,2025-12-22,2025-12-29,2026-03-23,234
11,IMH-001,WHOLESALE,2025-12-29,727.8378999242145,HW_Damped_Mul,616.1069929643662,2021-07-05,2025-12-22,2025-12-29,2026-03-23,234
11,IMH-001,WHOLESALE,2026-01-05,435.2486739203405,HW_Damped_Mul,570.2212204761163,2021-07-05,2025-12-22,2025-12-29,2026-03-23,234
11,IMH-001,WHOLESALE,2026-01-12,517.75,HW_Damped_Mul,531.1732201310247,2021-07-05,2025-12-22,2025-12-29,2026-03-23,234
11,IMH-001,WHOLESALE,2026-01-19,698.7226434493491,HW_Damped_Mul,604.4124417050189,2021-07-05,2025-12-22,2025-12-29,2026-03-23,234
11,IMH-001,WHOLESALE,2026-01-26,516.2241428657919,HW_Damped_Mul,521.0717008127198,2021-07-05,2025-12-22,2025-12-29,2026-03-23,234
11,IMH-001,WHOLESALE,2026-02-02,640.3110605961219,HW_Damped_Mul,529.4939278782235,2021-07-05,2025-12-22,2025-12-29,2026-03-23,234
11,IMH-001,WHOLESALE,2026-02-09,515.5569756657786,HW_Damped_Mul,504.9032329058615,2021-07-05,2025-12-22,2025-12-29,2026-03-23,234
11,IMH-001,WHOLESALE,2026-02-16,445.173812261572,HW_Damped_Mul,477.01344349173894,2021-07-05,2025-12-22,2025-12-29,2026-03-23,234
11,IMH-001,WHOLESALE,2026-02-23,558.0579825692928,HW_Damped_Mul,503.37389934430456,2021-07-05,2025-12-22,2025-12-29,2026-03-23,234
11,IMH-001,WHOLESALE,2026-03-02,426.0,HW_Damped_Mul,452.415739859069,2021-07-05,2025-12-22,2025-12-29,2026-03-23,234
11,IMH-001,WHOLESALE,2026-03-09,350.32508152978465,HW_Damped_Mul,422.140111664707,2021-07-05,2025-12-22,2025-12-29,2026-03-23,234
11,IMH-001,WHOLESALE,2026-03-16,346.5,HW_Damped_Mul,395.98318456362534,2021-07-05,2025-12-22,2025-12-29,2026-03-23,234
11,IMH-001,WHOLESALE,2026-03-23,232.00000000000003,HW_Damped_Mul,439.1380053915291,2021-07-05,2025-12-22,2025-12-29,2026-03-23,234
12,IMH-001,WHOLESALE,2026-03-30,343.0,HW_Add_Add,373.2805770576734,2021-07-05,2026-03-23,2026-03-30,2026-06-22,247
12,IMH-001,WHOLESALE,2026-04-06,432.0,HW_Add_Add,396.1614497359112,2021-07-05,2026-03-23,2026-03-30,2026-06-22,247
12,IMH-001,WHOLESALE,2026-04-13,219.0,HW_Add_Add,330.65334628767386,2021-07-05,2026-03-23,2026-03-30,2026-06-22,247
12,IMH-001,WHOLESALE,2026-04-20,472.0,HW_Add_Add,318.806151751067,2021-07-05,2026-03-23,2026-03-30,2026-06-22,247
12,IMH-001,WHOLESALE,2026-04-27,303.0,HW_Add_Add,309.91631421208245,2021-07-05,2026-03-23,2026-03-30,2026-06-22,247
12,IMH-001,WHOLESALE,2026-05-04,401.0,HW_Add_Add,308.1620060656772,2021-07-05,2026-03-23,2026-03-30,2026-06-22,247
12,IMH-001,WHOLESALE,2026-05-11,364.5,HW_Add_Add,336.00044884382237,2021-07-05,2026-03-23,2026-03-30,2026-06-22,247
12,IMH-001,WHOLESALE,2026-05-18,264.5,HW_Add_Add,337.9143608351296,2021-07-05,2026-03-23,2026-03-30,2026-06-22,247
12,IMH-001,WHOLESALE,2026-05-25,275.0,HW_Add_Add,297.9935546411706,2021-07-05,2026-03-23,2026-03-30,2026-06-22,247
12,IMH-001,WHOLESALE,2026-06-01,259.0,HW_Add_Add,270.72209996360607,2021-07-05,2026-03-23,2026-03-30,2026-06-22,247
12,IMH-001,WHOLESALE,2026-06-08,299.0,HW_Add_Add,279.6605135263561,2021-07-05,2026-03-23,2026-03-30,2026-06-22,247
12,IMH-001,WHOLESALE,2026-06-15,226.8560275730789,HW_Add_Add,271.6620887265341,2021-07-05,2026-03-23,2026-03-30,2026-06-22,247
12,IMH-001,WHOLESALE,2026-06-22,282.0,HW_Add_Add,291.8716714894201,2021-07-05,2026-03-23,2026-03-30,2026-06-22,247
12,IMH-001,WHOLESALE,2026-03-30,343.0,HW_Damped_Add,354.96733975272053,2021-07-05,2026-03-23,2026-03-30,2026-06-22,247
12,IMH-001,WHOLESALE,2026-04-06,432.0,HW_Damped_Add,376.35379043131746,2021-07-05,2026-03-23,2026-03-30,2026-06-22,247
12,IMH-001,WHOLESALE,2026-04-13,219.0,HW_Damped_Add,311.9701859639789,2021-07-05,2026-03-23,2026-03-30,2026-06-22,247
12,IMH-001,WHOLESALE,2026-04-20,472.0,HW_Damped_Add,339.1949907979496,2021-07-05,2026-03-23,2026-03-30,2026-06-22,247
12,IMH-001,WHOLESALE,2026-04-27,303.0,HW_Damped_Add,316.19198837787616,2021-07-05,2026-03-23,2026-03-30,2026-06-22,247
12,IMH-001,WHOLESALE,2026-05-04,401.0,HW_Damped_Add,302.22040943188927,2021-07-05,2026-03-23,2026-03-30,2026-06-22,247
12,IMH-001,WHOLESALE,2026-05-11,364.5,HW_Damped_Add,351.42766627934543,2021-07-05,2026-03-23,2026-03-30,2026-06-22,247
12,IMH-001,WHOLESALE,2026-05-18,264.5,HW_Damped_Add,333.42530625969954,2021-07-05,2026-03-23,2026-03-30,2026-06-22,247
12,IMH-001,WHOLESALE,2026-05-25,275.0,HW_Damped_Add,286.32898722915684,2021-07-05,2026-03-23,2026-03-30,2026-06-22,247
12,IMH-001,WHOLESALE,2026-06-01,259.0,HW_Damped_Add,268.1098608208713,2021-07-05,2026-03-23,2026-03-30,2026-06-22,247
12,IMH-001,WHOLESALE,2026-06-08,299.0,HW_Damped_Add,254.56977664580955,2021-07-05,2026-03-23,2026-03-30,2026-06-22,247
12,IMH-001,WHOLESALE,2026-06-15,226.8560275730789,HW_Damped_Add,259.8581662492149,2021-07-05,2026-03-23,2026-03-30,2026-06-22,247
12,IMH-001,WHOLESALE,2026-06-22,282.0,HW_Damped_Add,284.1760817617618,2021-07-05,2026-03-23,2026-03-30,2026-06-22,247
12,IMH-001,WHOLESALE,2026-03-30,343.0,HW_Damped_Mul,368.6711744717705,2021-07-05,2026-03-23,2026-03-30,2026-06-22,247
12,IMH-001,WHOLESALE,2026-04-06,432.0,HW_Damped_Mul,391.75537005990753,2021-07-05,2026-03-23,2026-03-30,2026-06-22,247
12,IMH-001,WHOLESALE,2026-04-13,219.0,HW_Damped_Mul,323.5871444234754,2021-07-05,2026-03-23,2026-03-30,2026-06-22,247
12,IMH-001,WHOLESALE,2026-04-20,472.0,HW_Damped_Mul,309.4155919517103,2021-07-05,2026-03-23,2026-03-30,2026-06-22,247
12,IMH-001,WHOLESALE,2026-04-27,303.0,HW_Damped_Mul,300.4961361121675,2021-07-05,2026-03-23,2026-03-30,2026-06-22,247
12,IMH-001,WHOLESALE,2026-05-04,401.0,HW_Damped_Mul,298.14924463581673,2021-07-05,2026-03-23,2026-03-30,2026-06-22,247
12,IMH-001,WHOLESALE,2026-05-11,364.5,HW_Damped_Mul,326.14472566922365,2021-07-05,2026-03-23,2026-03-30,2026-06-22,247
12,IMH-001,WHOLESALE,2026-05-18,264.5,HW_Damped_Mul,330.1878092962977,2021-07-05,2026-03-23,2026-03-30,2026-06-22,247
12,IMH-001,WHOLESALE,2026-05-25,275.0,HW_Damped_Mul,288.44182923577887,2021-07-05,2026-03-23,2026-03-30,2026-06-22,247
12,IMH-001,WHOLESALE,2026-06-01,259.0,HW_Damped_Mul,259.02473243046114,2021-07-05,2026-03-23,2026-03-30,2026-06-22,247
12,IMH-001,WHOLESALE,2026-06-08,299.0,HW_Damped_Mul,268.3791252710626,2021-07-05,2026-03-23,2026-03-30,2026-06-22,247
12,IMH-001,WHOLESALE,2026-06-15,226.8560275730789,HW_Damped_Mul,260.29625139197225,2021-07-05,2026-03-23,2026-03-30,2026-06-22,247
12,IMH-001,WHOLESALE,2026-06-22,282.0,HW_Damped_Mul,281.5458041456353,2021-07-05,2026-03-23,2026-03-30,2026-06-22,247
