fold,sku_id,channel_id,forecast_date,actual_units,model,forecast_units,reference_1_date,reference_2_date
1,APS-001,ECOM,2023-07-03,110.0,Seasonal_Naive,107.0,2022-07-04,
1,APS-001,ECOM,2023-07-03,110.0,Seasonal_MA_2Y,105.5,2022-07-04,2021-07-05
1,APS-001,ECOM,2023-07-10,143.0,Seasonal_Naive,105.0,2022-07-11,
1,APS-001,ECOM,2023-07-10,143.0,Seasonal_MA_2Y,103.0,2022-07-11,2021-07-12
1,APS-001,ECOM,2023-07-17,101.0,Seasonal_Naive,110.0,2022-07-18,
1,APS-001,ECOM,2023-07-17,101.0,Seasonal_MA_2Y,109.5,2022-07-18,2021-07-19
1,APS-001,ECOM,2023-07-24,116.0,Seasonal_Naive,122.0,2022-07-25,
1,APS-001,ECOM,2023-07-24,116.0,Seasonal_MA_2Y,110.0,2022-07-25,2021-07-26
1,APS-001,ECOM,2023-07-31,137.0,Seasonal_Naive,127.0,2022-08-01,
1,APS-001,ECOM,2023-07-31,137.0,Seasonal_MA_2Y,131.5,2022-08-01,2021-08-02
1,APS-001,ECOM,2023-08-07,150.0,Seasonal_Naive,127.0,2022-08-08,
1,APS-001,ECOM,2023-08-07,150.0,Seasonal_MA_2Y,120.5,2022-08-08,2021-08-09
1,APS-001,ECOM,2023-08-14,134.0,Seasonal_Naive,126.0,2022-08-15,
1,APS-001,ECOM,2023-08-14,134.0,Seasonal_MA_2Y,125.5,2022-08-15,2021-08-16
1,APS-001,ECOM,2023-08-21,140.0,Seasonal_Naive,128.0,2022-08-22,
1,APS-001,ECOM,2023-08-21,140.0,Seasonal_MA_2Y,120.5,2022-08-22,2021-08-23
1,APS-001,ECOM,2023-08-28,144.0,Seasonal_Naive,140.0,2022-08-29,
1,APS-001,ECOM,2023-08-28,144.0,Seasonal_MA_2Y,130.0,2022-08-29,2021-08-30
1,APS-001,ECOM,2023-09-04,196.0,Seasonal_Naive,202.00000000000003,2022-09-05,
1,APS-001,ECOM,2023-09-04,196.0,Seasonal_MA_2Y,202.0,2022-09-05,2021-09-06
1,APS-001,ECOM,2023-09-11,187.0,Seasonal_Naive,190.0,2022-09-12,
1,APS-001,ECOM,2023-09-11,187.0,Seasonal_MA_2Y,191.5,2022-09-12,2021-09-13
1,APS-001,ECOM,2023-09-18,219.0,Seasonal_Naive,207.0,2022-09-19,
1,APS-001,ECOM,2023-09-18,219.0,Seasonal_MA_2Y,192.5,2022-09-19,2021-09-20
1,APS-001,ECOM,2023-09-25,179.0,Seasonal_Naive,180.0,2022-09-26,
1,APS-001,ECOM,2023-09-25,179.0,Seasonal_MA_2Y,177.5,2022-09-26,2021-09-27
2,APS-001,ECOM,2023-10-02,251.0,Seasonal_Naive,273.0,2022-10-03,
2,APS-001,ECOM,2023-10-02,251.0,Seasonal_MA_2Y,265.5,2022-10-03,2021-10-04
2,APS-001,ECOM,2023-10-09,329.0,Seasonal_Naive,231.0,2022-10-10,
2,APS-001,ECOM,2023-10-09,329.0,Seasonal_MA_2Y,241.5,2022-10-10,2021-10-11
2,APS-001,ECOM,2023-10-16,254.0,Seasonal_Naive,289.0,2022-10-17,
2,APS-001,ECOM,2023-10-16,254.0,Seasonal_MA_2Y,269.5,2022-10-17,2021-10-18
2,APS-001,ECOM,2023-10-23,316.0,Seasonal_Naive,271.0,2022-10-24,
2,APS-001,ECOM,2023-10-23,316.0,Seasonal_MA_2Y,249.5,2022-10-24,2021-10-25
2,APS-001,ECOM,2023-10-30,283.0,Seasonal_Naive,258.0,2022-10-31,
2,APS-001,ECOM,2023-10-30,283.0,Seasonal_MA_2Y,294.0,2022-10-31,2021-11-01
2,APS-001,ECOM,2023-11-06,415.00000000000006,Seasonal_Naive,311.0,2022-11-07,
2,APS-001,ECOM,2023-11-06,415.00000000000006,Seasonal_MA_2Y,295.0,2022-11-07,2021-11-08
2,APS-001,ECOM,2023-11-13,341.0,Seasonal_Naive,400.0,2022-11-14,
2,APS-001,ECOM,2023-11-13,341.0,Seasonal_MA_2Y,392.0,2022-11-14,2021-11-15
2,APS-001,ECOM,2023-11-20,371.0,Seasonal_Naive,318.1024306513219,2022-11-21,
2,APS-001,ECOM,2023-11-20,371.0,Seasonal_MA_2Y,317.83056776687283,2022-11-21,2021-11-22
2,APS-001,ECOM,2023-11-27,407.0,Seasonal_Naive,384.0,2022-11-28,
2,APS-001,ECOM,2023-11-27,407.0,Seasonal_MA_2Y,369.5,2022-11-28,2021-11-29
2,APS-001,ECOM,2023-12-04,347.00000000000006,Seasonal_Naive,361.5738651507175,2022-12-05,
2,APS-001,ECOM,2023-12-04,347.00000000000006,Seasonal_MA_2Y,331.53383301816456,2022-12-05,2021-12-06
2,APS-001,ECOM,2023-12-11,375.0,Seasonal_Naive,335.6977423130351,2022-12-12,
2,APS-001,ECOM,2023-12-11,375.0,Seasonal_MA_2Y,335.29232418674235,2022-12-12,2021-12-13
2,APS-001,ECOM,2023-12-18,292.8494551227016,Seasonal_Naive,365.14834369107626,2022-12-19,
2,APS-001,ECOM,2023-12-18,292.8494551227016,Seasonal_MA_2Y,365.5176248757629,2022-12-19,2021-12-20
2,APS-001,ECOM,2023-12-25,341.65765535230304,Seasonal_Naive,317.58957110396545,2022-12-26,
2,APS-001,ECOM,2023-12-25,341.65765535230304,Seasonal_MA_2Y,346.9855723755364,2022-12-26,2021-12-27
3,APS-001,ECOM,2024-01-01,256.03701404335874,Seasonal_Naive,212.5936262891483,2023-01-02,
3,APS-001,ECOM,2024-01-01,256.03701404335874,Seasonal_MA_2Y,273.8618031193288,2023-01-02,2022-01-03
3,APS-001,ECOM,2024-01-08,363.6319413192729,Seasonal_Naive,251.65177423872456,2023-01-09,
3,APS-001,ECOM,2024-01-08,363.6319413192729,Seasonal_MA_2Y,286.96392450718656,2023-01-09,2022-01-10
3,APS-001,ECOM,2024-01-15,480.0,Seasonal_Naive,342.7856377852122,2023-01-16,
3,APS-001,ECOM,2024-01-15,480.0,Seasonal_MA_2Y,335.360108512831,2023-01-16,2022-01-17
3,APS-001,ECOM,2024-01-22,348.4090246533033,Seasonal_Naive,322.52436540612143,2023-01-23,
3,APS-001,ECOM,2024-01-22,348.4090246533033,Seasonal_MA_2Y,335.0980763323305,2023-01-23,2022-01-24
3,APS-001,ECOM,2024-01-29,287.42257424771503,Seasonal_Naive,276.5675885805517,2023-01-30,
3,APS-001,ECOM,2024-01-29,287.42257424771503,Seasonal_MA_2Y,300.9320074887237,2023-01-30,2022-01-31
3,APS-001,ECOM,2024-02-05,326.75,Seasonal_Naive,266.0210914734795,2023-02-06,
3,APS-001,ECOM,2024-02-05,326.75,Seasonal_MA_2Y,283.04501523650583,2023-02-06,2022-02-07
3,APS-001,ECOM,2024-02-12,357.1267079714769,Seasonal_Naive,287.19211654245066,2023-02-13,
3,APS-001,ECOM,2024-02-12,357.1267079714769,Seasonal_MA_2Y,289.2119210388348,2023-02-13,2022-02-14
3,APS-001,ECOM,2024-02-19,284.3171411541774,Seasonal_Naive,260.7047462321248,2023-02-20,
3,APS-001,ECOM,2024-02-19,284.3171411541774,Seasonal_MA_2Y,280.0399512693402,2023-02-20,2022-02-21
3,APS-001,ECOM,2024-02-26,299.5,Seasonal_Naive,264.7993733333286,2023-02-27,
3,APS-001,ECOM,2024-02-26,299.5,Seasonal_MA_2Y,279.44468943582456,2023-02-27,2022-02-28
3,APS-001,ECOM,2024-03-04,259.2004127488248,Seasonal_Naive,265.5376317634255,2023-03-06,
3,APS-001,ECOM,2024-03-04,259.2004127488248,Seasonal_MA_2Y,247.915777319411,2023-03-06,2022-03-07
3,APS-001,ECOM,2024-03-11,219.5419842390624,Seasonal_Naive,235.3973468006257,2023-03-13,
3,APS-001,ECOM,2024-03-11,219.5419842390624,Seasonal_MA_2Y,217.721735822496,2023-03-13,2022-03-14
3,APS-001,ECOM,2024-03-18,221.0,Seasonal_Naive,232.3748329659775,2023-03-20,
3,APS-001,ECOM,2024-03-18,221.0,Seasonal_MA_2Y,219.68741648298874,2023-03-20,2022-03-21
3,APS-001,ECOM,2024-03-25,183.7376602339886,Seasonal_Naive,218.58362118745652,2023-03-27,
3,APS-001,ECOM,2024-03-25,183.7376602339886,Seasonal_MA_2Y,215.87938848817498,2023-03-27,2022-03-28
4,APS-001,ECOM,2024-04-01,200.66126392497569,Seasonal_Naive,183.35167158678672,2023-04-03,
4,APS-001,ECOM,2024-04-01,200.66126392497569,Seasonal_MA_2Y,181.7046640618466,2023-04-03,2022-04-04
4,APS-001,ECOM,2024-04-08,187.0,Seasonal_Naive,171.0,2023-04-10,
4,APS-001,ECOM,2024-04-08,187.0,Seasonal_MA_2Y,166.5,2023-04-10,2022-04-11
4,APS-001,ECOM,2024-04-15,173.70412613033392,Seasonal_Naive,171.0,2023-04-17,
4,APS-001,ECOM,2024-04-15,173.70412613033392,Seasonal_MA_2Y,165.5,2023-04-17,2022-04-18
4,APS-001,ECOM,2024-04-22,178.8737399311096,Seasonal_Naive,124.0,2023-04-24,
4,APS-001,ECOM,2024-04-22,178.8737399311096,Seasonal_MA_2Y,133.5,2023-04-24,2022-04-25
4,APS-001,ECOM,2024-04-29,196.0,Seasonal_Naive,154.0,2023-05-01,
4,APS-001,ECOM,2024-04-29,196.0,Seasonal_MA_2Y,146.0,2023-05-01,2022-05-02
4,APS-001,ECOM,2024-05-06,160.0,Seasonal_Naive,142.0,2023-05-08,
4,APS-001,ECOM,2024-05-06,160.0,Seasonal_MA_2Y,143.0,2023-05-08,2022-05-09
4,APS-001,ECOM,2024-05-13,171.0,Seasonal_Naive,139.00000000000003,2023-05-15,
4,APS-001,ECOM,2024-05-13,171.0,Seasonal_MA_2Y,130.5,2023-05-15,2022-05-16
4,APS-001,ECOM,2024-05-20,139.0,Seasonal_Naive,138.0,2023-05-22,
4,APS-001,ECOM,2024-05-20,139.0,Seasonal_MA_2Y,133.0,2023-05-22,2022-05-23
4,APS-001,ECOM,2024-05-27,162.0,Seasonal_Naive,136.0,2023-05-29,
4,APS-001,ECOM,2024-05-27,162.0,Seasonal_MA_2Y,135.5,2023-05-29,2022-05-30
4,APS-001,ECOM,2024-06-03,129.0,Seasonal_Naive,109.0,2023-06-05,
4,APS-001,ECOM,2024-06-03,129.0,Seasonal_MA_2Y,106.0,2023-06-05,2022-06-06
4,APS-001,ECOM,2024-06-10,117.0,Seasonal_Naive,120.0,2023-06-12,
4,APS-001,ECOM,2024-06-10,117.0,Seasonal_MA_2Y,119.0,2023-06-12,2022-06-13
4,APS-001,ECOM,2024-06-17,117.0,Seasonal_Naive,109.0,2023-06-19,
4,APS-001,ECOM,2024-06-17,117.0,Seasonal_MA_2Y,117.5,2023-06-19,2022-06-20
4,APS-001,ECOM,2024-06-24,124.0,Seasonal_Naive,108.0,2023-06-26,
4,APS-001,ECOM,2024-06-24,124.0,Seasonal_MA_2Y,104.0,2023-06-26,2022-06-27
5,APS-001,ECOM,2024-07-01,108.0,Seasonal_Naive,110.0,2023-07-03,
5,APS-001,ECOM,2024-07-01,108.0,Seasonal_MA_2Y,108.5,2023-07-03,2022-07-04
5,APS-001,ECOM,2024-07-08,101.0,Seasonal_Naive,143.0,2023-07-10,
5,APS-001,ECOM,2024-07-08,101.0,Seasonal_MA_2Y,124.0,2023-07-10,2022-07-11
5,APS-001,ECOM,2024-07-15,139.0,Seasonal_Naive,101.0,2023-07-17,
5,APS-001,ECOM,2024-07-15,139.0,Seasonal_MA_2Y,105.5,2023-07-17,2022-07-18
5,APS-001,ECOM,2024-07-22,140.0,Seasonal_Naive,116.0,2023-07-24,
5,APS-001,ECOM,2024-07-22,140.0,Seasonal_MA_2Y,119.0,2023-07-24,2022-07-25
5,APS-001,ECOM,2024-07-29,123.0,Seasonal_Naive,137.0,2023-07-31,
5,APS-001,ECOM,2024-07-29,123.0,Seasonal_MA_2Y,132.0,2023-07-31,2022-08-01
5,APS-001,ECOM,2024-08-05,135.0,Seasonal_Naive,150.0,2023-08-07,
5,APS-001,ECOM,2024-08-05,135.0,Seasonal_MA_2Y,138.5,2023-08-07,2022-08-08
5,APS-001,ECOM,2024-08-12,158.0,Seasonal_Naive,134.0,2023-08-14,
5,APS-001,ECOM,2024-08-12,158.0,Seasonal_MA_2Y,130.0,2023-08-14,2022-08-15
5,APS-001,ECOM,2024-08-19,142.0,Seasonal_Naive,140.0,2023-08-21,
5,APS-001,ECOM,2024-08-19,142.0,Seasonal_MA_2Y,134.0,2023-08-21,2022-08-22
5,APS-001,ECOM,2024-08-26,122.0,Seasonal_Naive,144.0,2023-08-28,
5,APS-001,ECOM,2024-08-26,122.0,Seasonal_MA_2Y,142.0,2023-08-28,2022-08-29
5,APS-001,ECOM,2024-09-02,223.0,Seasonal_Naive,196.0,2023-09-04,
5,APS-001,ECOM,2024-09-02,223.0,Seasonal_MA_2Y,199.0,2023-09-04,2022-09-05
5,APS-001,ECOM,2024-09-09,224.00000000000003,Seasonal_Naive,187.0,2023-09-11,
5,APS-001,ECOM,2024-09-09,224.00000000000003,Seasonal_MA_2Y,188.5,2023-09-11,2022-09-12
5,APS-001,ECOM,2024-09-16,205.00000000000003,Seasonal_Naive,219.0,2023-09-18,
5,APS-001,ECOM,2024-09-16,205.00000000000003,Seasonal_MA_2Y,213.0,2023-09-18,2022-09-19
5,APS-001,ECOM,2024-09-23,236.99012928510425,Seasonal_Naive,179.0,2023-09-25,
5,APS-001,ECOM,2024-09-23,236.99012928510425,Seasonal_MA_2Y,179.5,2023-09-25,2022-09-26
6,APS-001,ECOM,2024-09-30,229.0,Seasonal_Naive,251.0,2023-10-02,
6,APS-001,ECOM,2024-09-30,229.0,Seasonal_MA_2Y,262.0,2023-10-02,2022-10-03
6,APS-001,ECOM,2024-10-07,291.0,Seasonal_Naive,329.0,2023-10-09,
6,APS-001,ECOM,2024-10-07,291.0,Seasonal_MA_2Y,280.0,2023-10-09,2022-10-10
6,APS-001,ECOM,2024-10-14,280.0,Seasonal_Naive,254.0,2023-10-16,
6,APS-001,ECOM,2024-10-14,280.0,Seasonal_MA_2Y,271.5,2023-10-16,2022-10-17
6,APS-001,ECOM,2024-10-21,318.0,Seasonal_Naive,316.0,2023-10-23,
6,APS-001,ECOM,2024-10-21,318.0,Seasonal_MA_2Y,293.5,2023-10-23,2022-10-24
6,APS-001,ECOM,2024-10-28,310.0,Seasonal_Naive,283.0,2023-10-30,
6,APS-001,ECOM,2024-10-28,310.0,Seasonal_MA_2Y,270.5,2023-10-30,2022-10-31
6,APS-001,ECOM,2024-11-04,322.0,Seasonal_Naive,415.00000000000006,2023-11-06,
6,APS-001,ECOM,2024-11-04,322.0,Seasonal_MA_2Y,363.0,2023-11-06,2022-11-07
6,APS-001,ECOM,2024-11-11,333.0,Seasonal_Naive,341.0,2023-11-13,
6,APS-001,ECOM,2024-11-11,333.0,Seasonal_MA_2Y,370.5,2023-11-13,2022-11-14
6,APS-001,ECOM,2024-11-18,343.0,Seasonal_Naive,371.0,2023-11-20,
6,APS-001,ECOM,2024-11-18,343.0,Seasonal_MA_2Y,344.55121532566096,2023-11-20,2022-11-21
6,APS-001,ECOM,2024-11-25,428.0,Seasonal_Naive,407.0,2023-11-27,
6,APS-001,ECOM,2024-11-25,428.0,Seasonal_MA_2Y,395.5,2023-11-27,2022-11-28
6,APS-001,ECOM,2024-12-02,539.0,Seasonal_Naive,347.00000000000006,2023-12-04,
6,APS-001,ECOM,2024-12-02,539.0,Seasonal_MA_2Y,354.2869325753588,2023-12-04,2022-12-05
6,APS-001,ECOM,2024-12-09,445.0,Seasonal_Naive,375.0,2023-12-11,
6,APS-001,ECOM,2024-12-09,445.0,Seasonal_MA_2Y,355.3488711565176,2023-12-11,2022-12-12
6,APS-001,ECOM,2024-12-16,403.0,Seasonal_Naive,292.8494551227016,2023-12-18,
6,APS-001,ECOM,2024-12-16,403.0,Seasonal_MA_2Y,328.99889940688894,2023-12-18,2022-12-19
6,APS-001,ECOM,2024-12-23,404.45536656820826,Seasonal_Naive,341.65765535230304,2023-12-25,
6,APS-001,ECOM,2024-12-23,404.45536656820826,Seasonal_MA_2Y,329.6236132281342,2023-12-25,2022-12-26
7,APS-001,ECOM,2024-12-30,414.39295735017,Seasonal_Naive,256.03701404335874,2024-01-01,
7,APS-001,ECOM,2024-12-30,414.39295735017,Seasonal_MA_2Y,234.3153201662535,2024-01-01,2023-01-02
7,APS-001,ECOM,2025-01-06,441.0005520246796,Seasonal_Naive,363.6319413192729,2024-01-08,
7,APS-001,ECOM,2025-01-06,441.0005520246796,Seasonal_MA_2Y,307.64185777899877,2024-01-08,2023-01-09
7,APS-001,ECOM,2025-01-13,432.6158292436902,Seasonal_Naive,480.0,2024-01-15,
7,APS-001,ECOM,2025-01-13,432.6158292436902,Seasonal_MA_2Y,411.3928188926061,2024-01-15,2023-01-16
7,APS-001,ECOM,2025-01-20,483.2609546021481,Seasonal_Naive,348.4090246533033,2024-01-22,
7,APS-001,ECOM,2025-01-20,483.2609546021481,Seasonal_MA_2Y,335.46669502971235,2024-01-22,2023-01-23
7,APS-001,ECOM,2025-01-27,411.90651719181614,Seasonal_Naive,287.42257424771503,2024-01-29,
7,APS-001,ECOM,2025-01-27,411.90651719181614,Seasonal_MA_2Y,281.9950814141334,2024-01-29,2023-01-30
7,APS-001,ECOM,2025-02-03,432.2373553699488,Seasonal_Naive,326.75,2024-02-05,
7,APS-001,ECOM,2025-02-03,432.2373553699488,Seasonal_MA_2Y,296.38554573673974,2024-02-05,2023-02-06
7,APS-001,ECOM,2025-02-10,410.2272351656226,Seasonal_Naive,357.1267079714769,2024-02-12,
7,APS-001,ECOM,2025-02-10,410.2272351656226,Seasonal_MA_2Y,322.1594122569638,2024-02-12,2023-02-13
7,APS-001,ECOM,2025-02-17,378.26380226030267,Seasonal_Naive,284.3171411541774,2024-02-19,
7,APS-001,ECOM,2025-02-17,378.26380226030267,Seasonal_MA_2Y,272.51094369315115,2024-02-19,2023-02-20
7,APS-001,ECOM,2025-02-24,336.14785302271,Seasonal_Naive,299.5,2024-02-26,
7,APS-001,ECOM,2025-02-24,336.14785302271,Seasonal_MA_2Y,282.1496866666643,2024-02-26,2023-02-27
7,APS-001,ECOM,2025-03-03,295.44127107526543,Seasonal_Naive,259.2004127488248,2024-03-04,
7,APS-001,ECOM,2025-03-03,295.44127107526543,Seasonal_MA_2Y,262.36902225612516,2024-03-04,2023-03-06
7,APS-001,ECOM,2025-03-10,277.75,Seasonal_Naive,219.5419842390624,2024-03-11,
7,APS-001,ECOM,2025-03-10,277.75,Seasonal_MA_2Y,227.46966551984406,2024-03-11,2023-03-13
7,APS-001,ECOM,2025-03-17,250.0,Seasonal_Naive,221.0,2024-03-18,
7,APS-001,ECOM,2025-03-17,250.0,Seasonal_MA_2Y,226.68741648298874,2024-03-18,2023-03-20
7,APS-001,ECOM,2025-03-24,236.621523849313,Seasonal_Naive,183.7376602339886,2024-03-25,
7,APS-001,ECOM,2025-03-24,236.621523849313,Seasonal_MA_2Y,201.16064071072256,2024-03-25,2023-03-27
8,APS-001,ECOM,2025-03-31,210.4492349758276,Seasonal_Naive,200.66126392497569,2024-04-01,
8,APS-001,ECOM,2025-03-31,210.4492349758276,Seasonal_MA_2Y,192.0064677558812,2024-04-01,2023-04-03
8,APS-001,ECOM,2025-04-07,204.5,Seasonal_Naive,187.0,2024-04-08,
8,APS-001,ECOM,2025-04-07,204.5,Seasonal_MA_2Y,179.0,2024-04-08,2023-04-10
8,APS-001,ECOM,2025-04-14,202.5,Seasonal_Naive,173.70412613033392,2024-04-15,
8,APS-001,ECOM,2025-04-14,202.5,Seasonal_MA_2Y,172.35206306516696,2024-04-15,2023-04-17
8,APS-001,ECOM,2025-04-21,173.60939484050357,Seasonal_Naive,178.8737399311096,2024-04-22,
8,APS-001,ECOM,2025-04-21,173.60939484050357,Seasonal_MA_2Y,151.43686996555482,2024-04-22,2023-04-24
8,APS-001,ECOM,2025-04-28,162.0,Seasonal_Naive,196.0,2024-04-29,
8,APS-001,ECOM,2025-04-28,162.0,Seasonal_MA_2Y,175.0,2024-04-29,2023-05-01
8,APS-001,ECOM,2025-05-05,166.0,Seasonal_Naive,160.0,2024-05-06,
8,APS-001,ECOM,2025-05-05,166.0,Seasonal_MA_2Y,151.0,2024-05-06,2023-05-08
8,APS-001,ECOM,2025-05-12,186.52713983495588,Seasonal_Naive,171.0,2024-05-13,
8,APS-001,ECOM,2025-05-12,186.52713983495588,Seasonal_MA_2Y,155.0,2024-05-13,2023-05-15
8,APS-001,ECOM,2025-05-19,160.0,Seasonal_Naive,139.0,2024-05-20,
8,APS-001,ECOM,2025-05-19,160.0,Seasonal_MA_2Y,138.5,2024-05-20,2023-05-22
8,APS-001,ECOM,2025-05-26,145.0,Seasonal_Naive,162.0,2024-05-27,
8,APS-001,ECOM,2025-05-26,145.0,Seasonal_MA_2Y,149.0,2024-05-27,2023-05-29
8,APS-001,ECOM,2025-06-02,137.39008545760026,Seasonal_Naive,129.0,2024-06-03,
8,APS-001,ECOM,2025-06-02,137.39008545760026,Seasonal_MA_2Y,119.0,2024-06-03,2023-06-05
8,APS-001,ECOM,2025-06-09,136.0,Seasonal_Naive,117.0,2024-06-10,
8,APS-001,ECOM,2025-06-09,136.0,Seasonal_MA_2Y,118.5,2024-06-10,2023-06-12
8,APS-001,ECOM,2025-06-16,128.0,Seasonal_Naive,117.0,2024-06-17,
8,APS-001,ECOM,2025-06-16,128.0,Seasonal_MA_2Y,113.0,2024-06-17,2023-06-19
8,APS-001,ECOM,2025-06-23,120.0,Seasonal_Naive,124.0,2024-06-24,
8,APS-001,ECOM,2025-06-23,120.0,Seasonal_MA_2Y,116.0,2024-06-24,2023-06-26
9,APS-001,ECOM,2025-06-30,145.0,Seasonal_Naive,108.0,2024-07-01,
9,APS-001,ECOM,2025-06-30,145.0,Seasonal_MA_2Y,109.0,2024-07-01,2023-07-03
9,APS-001,ECOM,2025-07-07,131.0,Seasonal_Naive,101.0,2024-07-08,
9,APS-001,ECOM,2025-07-07,131.0,Seasonal_MA_2Y,122.0,2024-07-08,2023-07-10
9,APS-001,ECOM,2025-07-14,128.0,Seasonal_Naive,139.0,2024-07-15,
9,APS-001,ECOM,2025-07-14,128.0,Seasonal_MA_2Y,120.0,2024-07-15,2023-07-17
9,APS-001,ECOM,2025-07-21,137.0,Seasonal_Naive,140.0,2024-07-22,
9,APS-001,ECOM,2025-07-21,137.0,Seasonal_MA_2Y,128.0,2024-07-22,2023-07-24
9,APS-001,ECOM,2025-07-28,125.0,Seasonal_Naive,123.0,2024-07-29,
9,APS-001,ECOM,2025-07-28,125.0,Seasonal_MA_2Y,130.0,2024-07-29,2023-07-31
9,APS-001,ECOM,2025-08-04,152.0,Seasonal_Naive,135.0,2024-08-05,
9,APS-001,ECOM,2025-08-04,152.0,Seasonal_MA_2Y,142.5,2024-08-05,2023-08-07
9,APS-001,ECOM,2025-08-11,157.0,Seasonal_Naive,158.0,2024-08-12,
9,APS-001,ECOM,2025-08-11,157.0,Seasonal_MA_2Y,146.0,2024-08-12,2023-08-14
9,APS-001,ECOM,2025-08-18,161.0,Seasonal_Naive,142.0,2024-08-19,
9,APS-001,ECOM,2025-08-18,161.0,Seasonal_MA_2Y,141.0,2024-08-19,2023-08-21
9,APS-001,ECOM,2025-08-25,159.0,Seasonal_Naive,122.0,2024-08-26,
9,APS-001,ECOM,2025-08-25,159.0,Seasonal_MA_2Y,133.0,2024-08-26,2023-08-28
9,APS-001,ECOM,2025-09-01,222.0,Seasonal_Naive,223.0,2024-09-02,
9,APS-001,ECOM,2025-09-01,222.0,Seasonal_MA_2Y,209.5,2024-09-02,2023-09-04
9,APS-001,ECOM,2025-09-08,238.0,Seasonal_Naive,224.00000000000003,2024-09-09,
9,APS-001,ECOM,2025-09-08,238.0,Seasonal_MA_2Y,205.5,2024-09-09,2023-09-11
9,APS-001,ECOM,2025-09-15,230.0,Seasonal_Naive,205.00000000000003,2024-09-16,
9,APS-001,ECOM,2025-09-15,230.0,Seasonal_MA_2Y,212.0,2024-09-16,2023-09-18
9,APS-001,ECOM,2025-09-22,233.0,Seasonal_Naive,236.99012928510425,2024-09-23,
9,APS-001,ECOM,2025-09-22,233.0,Seasonal_MA_2Y,207.9950646425521,2024-09-23,2023-09-25
10,APS-001,ECOM,2025-09-29,207.0,Seasonal_Naive,229.0,2024-09-30,
10,APS-001,ECOM,2025-09-29,207.0,Seasonal_MA_2Y,240.0,2024-09-30,2023-10-02
10,APS-001,ECOM,2025-10-06,338.0,Seasonal_Naive,291.0,2024-10-07,
10,APS-001,ECOM,2025-10-06,338.0,Seasonal_MA_2Y,310.0,2024-10-07,2023-10-09
10,APS-001,ECOM,2025-10-13,331.0,Seasonal_Naive,280.0,2024-10-14,
10,APS-001,ECOM,2025-10-13,331.0,Seasonal_MA_2Y,267.0,2024-10-14,2023-10-16
10,APS-001,ECOM,2025-10-20,348.0,Seasonal_Naive,318.0,2024-10-21,
10,APS-001,ECOM,2025-10-20,348.0,Seasonal_MA_2Y,317.0,2024-10-21,2023-10-23
10,APS-001,ECOM,2025-10-27,285.0,Seasonal_Naive,310.0,2024-10-28,
10,APS-001,ECOM,2025-10-27,285.0,Seasonal_MA_2Y,296.5,2024-10-28,2023-10-30
10,APS-001,ECOM,2025-11-03,336.0,Seasonal_Naive,322.0,2024-11-04,
10,APS-001,ECOM,2025-11-03,336.0,Seasonal_MA_2Y,368.5,2024-11-04,2023-11-06
10,APS-001,ECOM,2025-11-10,409.0,Seasonal_Naive,333.0,2024-11-11,
10,APS-001,ECOM,2025-11-10,409.0,Seasonal_MA_2Y,337.0,2024-11-11,2023-11-13
10,APS-001,ECOM,2025-11-17,367.0,Seasonal_Naive,343.0,2024-11-18,
10,APS-001,ECOM,2025-11-17,367.0,Seasonal_MA_2Y,357.0,2024-11-18,2023-11-20
10,APS-001,ECOM,2025-11-24,470.0,Seasonal_Naive,428.0,2024-11-25,
10,APS-001,ECOM,2025-11-24,470.0,Seasonal_MA_2Y,417.5,2024-11-25,2023-11-27
10,APS-001,ECOM,2025-12-01,494.0,Seasonal_Naive,539.0,2024-12-02,
10,APS-001,ECOM,2025-12-01,494.0,Seasonal_MA_2Y,443.0,2024-12-02,2023-12-04
10,APS-001,ECOM,2025-12-08,473.0,Seasonal_Naive,445.0,2024-12-09,
10,APS-001,ECOM,2025-12-08,473.0,Seasonal_MA_2Y,410.0,2024-12-09,2023-12-11
10,APS-001,ECOM,2025-12-15,446.7720720898293,Seasonal_Naive,403.0,2024-12-16,
10,APS-001,ECOM,2025-12-15,446.7720720898293,Seasonal_MA_2Y,347.9247275613508,2024-12-16,2023-12-18
10,APS-001,ECOM,2025-12-22,407.9829882839476,Seasonal_Naive,404.45536656820826,2024-12-23,
10,APS-001,ECOM,2025-12-22,407.9829882839476,Seasonal_MA_2Y,373.05651096025565,2024-12-23,2023-12-25
11,APS-001,ECOM,2025-12-29,413.1410583773791,Seasonal_Naive,414.39295735017,2024-12-30,
11,APS-001,ECOM,2025-12-29,413.1410583773791,Seasonal_MA_2Y,335.21498569676436,2024-12-30,2024-01-01
11,APS-001,ECOM,2026-01-05,347.8626345028023,Seasonal_Naive,441.0005520246796,2025-01-06,
11,APS-001,ECOM,2026-01-05,347.8626345028023,Seasonal_MA_2Y,402.3162466719763,2025-01-06,2024-01-08
11,APS-001,ECOM,2026-01-12,366.6013236261215,Seasonal_Naive,432.6158292436902,2025-01-13,
11,APS-001,ECOM,2026-01-12,366.6013236261215,Seasonal_MA_2Y,456.3079146218451,2025-01-13,2024-01-15
11,APS-001,ECOM,2026-01-19,408.2005318404603,Seasonal_Naive,483.2609546021481,2025-01-20,
11,APS-001,ECOM,2026-01-19,408.2005318404603,Seasonal_MA_2Y,415.8349896277257,2025-01-20,2024-01-22
11,APS-001,ECOM,2026-01-26,384.86798457967086,Seasonal_Naive,411.90651719181614,2025-01-27,
11,APS-001,ECOM,2026-01-26,384.86798457967086,Seasonal_MA_2Y,349.66454571976556,2025-01-27,2024-01-29
11,APS-001,ECOM,2026-02-02,334.1492272482536,Seasonal_Naive,432.2373553699488,2025-02-03,
11,APS-001,ECOM,2026-02-02,334.1492272482536,Seasonal_MA_2Y,379.4936776849744,2025-02-03,2024-02-05
11,APS-001,ECOM,2026-02-09,400.95630701893214,Seasonal_Naive,410.2272351656226,2025-02-10,
11,APS-001,ECOM,2026-02-09,400.95630701893214,Seasonal_MA_2Y,383.67697156854973,2025-02-10,2024-02-12
11,APS-001,ECOM,2026-02-16,337.77046839080253,Seasonal_Naive,378.26380226030267,2025-02-17,
11,APS-001,ECOM,2026-02-16,337.77046839080253,Seasonal_MA_2Y,331.29047170724004,2025-02-17,2024-02-19
11,APS-001,ECOM,2026-02-23,406.0,Seasonal_Naive,336.14785302271,2025-02-24,
11,APS-001,ECOM,2026-02-23,406.0,Seasonal_MA_2Y,317.823926511355,2025-02-24,2024-02-26
11,APS-001,ECOM,2026-03-02,317.1995073553593,Seasonal_Naive,295.44127107526543,2025-03-03,
11,APS-001,ECOM,2026-03-02,317.1995073553593,Seasonal_MA_2Y,277.3208419120451,2025-03-03,2024-03-04
11,APS-001,ECOM,2026-03-09,284.75447428492544,Seasonal_Naive,277.75,2025-03-10,
11,APS-001,ECOM,2026-03-09,284.75447428492544,Seasonal_MA_2Y,248.6459921195312,2025-03-10,2024-03-11
11,APS-001,ECOM,2026-03-16,295.5893666219314,Seasonal_Naive,250.0,2025-03-17,
11,APS-001,ECOM,2026-03-16,295.5893666219314,Seasonal_MA_2Y,235.5,2025-03-17,2024-03-18
11,APS-001,ECOM,2026-03-23,273.51474565576723,Seasonal_Naive,236.621523849313,2025-03-24,
11,APS-001,ECOM,2026-03-23,273.51474565576723,Seasonal_MA_2Y,210.1795920416508,2025-03-24,2024-03-25
12,APS-001,ECOM,2026-03-30,241.7672714141635,Seasonal_Naive,210.4492349758276,2025-03-31,
12,APS-001,ECOM,2026-03-30,241.7672714141635,Seasonal_MA_2Y,205.55524945040165,2025-03-31,2024-04-01
12,APS-001,ECOM,2026-04-06,217.0,Seasonal_Naive,204.5,2025-04-07,
12,APS-001,ECOM,2026-04-06,217.0,Seasonal_MA_2Y,195.75,2025-04-07,2024-04-08
12,APS-001,ECOM,2026-04-13,193.0,Seasonal_Naive,202.5,2025-04-14,
12,APS-001,ECOM,2026-04-13,193.0,Seasonal_MA_2Y,188.10206306516696,2025-04-14,2024-04-15
12,APS-001,ECOM,2026-04-20,189.0,Seasonal_Naive,173.60939484050357,2025-04-21,
12,APS-001,ECOM,2026-04-20,189.0,Seasonal_MA_2Y,176.2415673858066,2025-04-21,2024-04-22
12,APS-001,ECOM,2026-04-27,188.1669818892873,Seasonal_Naive,162.0,2025-04-28,
12,APS-001,ECOM,2026-04-27,188.1669818892873,Seasonal_MA_2Y,179.0,2025-04-28,2024-04-29
12,APS-001,ECOM,2026-05-04,164.0,Seasonal_Naive,166.0,2025-05-05,
12,APS-001,ECOM,2026-05-04,164.0,Seasonal_MA_2Y,163.0,2025-05-05,2024-05-06
12,APS-001,ECOM,2026-05-11,161.0,Seasonal_Naive,186.52713983495588,2025-05-12,
12,APS-001,ECOM,2026-05-11,161.0,Seasonal_MA_2Y,178.76356991747792,2025-05-12,2024-05-13
12,APS-001,ECOM,2026-05-18,154.0,Seasonal_Naive,160.0,2025-05-19,
12,APS-001,ECOM,2026-05-18,154.0,Seasonal_MA_2Y,149.5,2025-05-19,2024-05-20
12,APS-001,ECOM,2026-05-25,234.0,Seasonal_Naive,145.0,2025-05-26,
12,APS-001,ECOM,2026-05-25,234.0,Seasonal_MA_2Y,153.5,2025-05-26,2024-05-27
12,APS-001,ECOM,2026-06-01,133.0,Seasonal_Naive,137.39008545760026,2025-06-02,
12,APS-001,ECOM,2026-06-01,133.0,Seasonal_MA_2Y,133.19504272880013,2025-06-02,2024-06-03
12,APS-001,ECOM,2026-06-08,130.0,Seasonal_Naive,136.0,2025-06-09,
12,APS-001,ECOM,2026-06-08,130.0,Seasonal_MA_2Y,126.5,2025-06-09,2024-06-10
12,APS-001,ECOM,2026-06-15,160.0,Seasonal_Naive,128.0,2025-06-16,
12,APS-001,ECOM,2026-06-15,160.0,Seasonal_MA_2Y,122.5,2025-06-16,2024-06-17
12,APS-001,ECOM,2026-06-22,133.0,Seasonal_Naive,120.0,2025-06-23,
12,APS-001,ECOM,2026-06-22,133.0,Seasonal_MA_2Y,122.0,2025-06-23,2024-06-24
1,APS-001,RETAIL,2023-07-03,81.0,Seasonal_Naive,86.0,2022-07-04,
1,APS-001,RETAIL,2023-07-03,81.0,Seasonal_MA_2Y,78.0,2022-07-04,2021-07-05
1,APS-001,RETAIL,2023-07-10,98.0,Seasonal_Naive,88.0,2022-07-11,
1,APS-001,RETAIL,2023-07-10,98.0,Seasonal_MA_2Y,82.5,2022-07-11,2021-07-12
1,APS-001,RETAIL,2023-07-17,74.0,Seasonal_Naive,79.0,2022-07-18,
1,APS-001,RETAIL,2023-07-17,74.0,Seasonal_MA_2Y,84.5,2022-07-18,2021-07-19
1,APS-001,RETAIL,2023-07-24,68.0,Seasonal_Naive,83.0,2022-07-25,
1,APS-001,RETAIL,2023-07-24,68.0,Seasonal_MA_2Y,78.5,2022-07-25,2021-07-26
1,APS-001,RETAIL,2023-07-31,93.0,Seasonal_Naive,111.0,2022-08-01,
1,APS-001,RETAIL,2023-07-31,93.0,Seasonal_MA_2Y,92.0,2022-08-01,2021-08-02
1,APS-001,RETAIL,2023-08-07,107.0,Seasonal_Naive,97.0,2022-08-08,
1,APS-001,RETAIL,2023-08-07,107.0,Seasonal_MA_2Y,95.5,2022-08-08,2021-08-09
1,APS-001,RETAIL,2023-08-14,106.0,Seasonal_Naive,102.0,2022-08-15,
1,APS-001,RETAIL,2023-08-14,106.0,Seasonal_MA_2Y,94.5,2022-08-15,2021-08-16
1,APS-001,RETAIL,2023-08-21,99.97934206044204,Seasonal_Naive,92.0,2022-08-22,
1,APS-001,RETAIL,2023-08-21,99.97934206044204,Seasonal_MA_2Y,103.5,2022-08-22,2021-08-23
1,APS-001,RETAIL,2023-08-28,94.49995045363504,Seasonal_Naive,92.0,2022-08-29,
1,APS-001,RETAIL,2023-08-28,94.49995045363504,Seasonal_MA_2Y,94.0,2022-08-29,2021-08-30
1,APS-001,RETAIL,2023-09-04,162.0,Seasonal_Naive,111.0,2022-09-05,
1,APS-001,RETAIL,2023-09-04,162.0,Seasonal_MA_2Y,127.0,2022-09-05,2021-09-06
1,APS-001,RETAIL,2023-09-11,155.0,Seasonal_Naive,153.0,2022-09-12,
1,APS-001,RETAIL,2023-09-11,155.0,Seasonal_MA_2Y,146.5,2022-09-12,2021-09-13
1,APS-001,RETAIL,2023-09-18,156.0,Seasonal_Naive,157.0,2022-09-19,
1,APS-001,RETAIL,2023-09-18,156.0,Seasonal_MA_2Y,155.5,2022-09-19,2021-09-20
1,APS-001,RETAIL,2023-09-25,145.0340967235131,Seasonal_Naive,149.0,2022-09-26,
1,APS-001,RETAIL,2023-09-25,145.0340967235131,Seasonal_MA_2Y,143.5,2022-09-26,2021-09-27
2,APS-001,RETAIL,2023-10-02,219.0,Seasonal_Naive,193.0,2022-10-03,
2,APS-001,RETAIL,2023-10-02,219.0,Seasonal_MA_2Y,193.5,2022-10-03,2021-10-04
2,APS-001,RETAIL,2023-10-09,206.0,Seasonal_Naive,201.0,2022-10-10,
2,APS-001,RETAIL,2023-10-09,206.0,Seasonal_MA_2Y,194.0,2022-10-10,2021-10-11
2,APS-001,RETAIL,2023-10-16,192.0,Seasonal_Naive,205.0,2022-10-17,
2,APS-001,RETAIL,2023-10-16,192.0,Seasonal_MA_2Y,202.5,2022-10-17,2021-10-18
2,APS-001,RETAIL,2023-10-23,238.0,Seasonal_Naive,221.0,2022-10-24,
2,APS-001,RETAIL,2023-10-23,238.0,Seasonal_MA_2Y,209.5,2022-10-24,2021-10-25
2,APS-001,RETAIL,2023-10-30,221.0,Seasonal_Naive,223.0,2022-10-31,
2,APS-001,RETAIL,2023-10-30,221.0,Seasonal_MA_2Y,215.5,2022-10-31,2021-11-01
2,APS-001,RETAIL,2023-11-06,277.0,Seasonal_Naive,252.0,2022-11-07,
2,APS-001,RETAIL,2023-11-06,277.0,Seasonal_MA_2Y,232.0,2022-11-07,2021-11-08
2,APS-001,RETAIL,2023-11-13,224.0,Seasonal_Naive,302.0,2022-11-14,
2,APS-001,RETAIL,2023-11-13,224.0,Seasonal_MA_2Y,263.5,2022-11-14,2021-11-15
2,APS-001,RETAIL,2023-11-20,241.74523114631637,Seasonal_Naive,284.0,2022-11-21,
2,APS-001,RETAIL,2023-11-20,241.74523114631637,Seasonal_MA_2Y,244.5,2022-11-21,2021-11-22
2,APS-001,RETAIL,2023-11-27,315.0,Seasonal_Naive,305.0,2022-11-28,
2,APS-001,RETAIL,2023-11-27,315.0,Seasonal_MA_2Y,289.0,2022-11-28,2021-11-29
2,APS-001,RETAIL,2023-12-04,286.4107774646195,Seasonal_Naive,251.0,2022-12-05,
2,APS-001,RETAIL,2023-12-04,286.4107774646195,Seasonal_MA_2Y,258.5,2022-12-05,2021-12-06
2,APS-001,RETAIL,2023-12-11,280.4989683488152,Seasonal_Naive,281.11848096196684,2022-12-12,
2,APS-001,RETAIL,2023-12-11,280.4989683488152,Seasonal_MA_2Y,269.5592404809834,2022-12-12,2021-12-13
2,APS-001,RETAIL,2023-12-18,276.00210395959425,Seasonal_Naive,331.41414306232144,2022-12-19,
2,APS-001,RETAIL,2023-12-18,276.00210395959425,Seasonal_MA_2Y,306.70707153116075,2022-12-19,2021-12-20
2,APS-001,RETAIL,2023-12-25,267.06980492473457,Seasonal_Naive,269.21056471730174,2022-12-26,
2,APS-001,RETAIL,2023-12-25,267.06980492473457,Seasonal_MA_2Y,262.60528235865087,2022-12-26,2021-12-27
3,APS-001,RETAIL,2024-01-01,262.7673114143739,Seasonal_Naive,226.8580550942815,2023-01-02,
3,APS-001,RETAIL,2024-01-01,262.7673114143739,Seasonal_MA_2Y,249.18859375224142,2023-01-02,2022-01-03
3,APS-001,RETAIL,2024-01-08,294.1531592724081,Seasonal_Naive,261.43911701656504,2023-01-09,
3,APS-001,RETAIL,2024-01-08,294.1531592724081,Seasonal_MA_2Y,265.11314771757384,2023-01-09,2022-01-10
3,APS-001,RETAIL,2024-01-15,313.4588568930143,Seasonal_Naive,250.0,2023-01-16,
3,APS-001,RETAIL,2024-01-15,313.4588568930143,Seasonal_MA_2Y,251.06287301042406,2023-01-16,2022-01-17
3,APS-001,RETAIL,2024-01-22,335.4877495754424,Seasonal_Naive,299.6830849435137,2023-01-23,
3,APS-001,RETAIL,2024-01-22,335.4877495754424,Seasonal_MA_2Y,288.4570478241882,2023-01-23,2022-01-24
3,APS-001,RETAIL,2024-01-29,272.3899405942729,Seasonal_Naive,287.05069171182964,2023-01-30,
3,APS-001,RETAIL,2024-01-29,272.3899405942729,Seasonal_MA_2Y,270.29310004113705,2023-01-30,2022-01-31
3,APS-001,RETAIL,2024-02-05,199.0,Seasonal_Naive,213.0,2023-02-06,
3,APS-001,RETAIL,2024-02-05,199.0,Seasonal_MA_2Y,214.55376391552525,2023-02-06,2022-02-07
3,APS-001,RETAIL,2024-02-12,243.65756025762664,Seasonal_Naive,196.1073578501278,2023-02-13,
3,APS-001,RETAIL,2024-02-12,243.65756025762664,Seasonal_MA_2Y,208.25774330726983,2023-02-13,2022-02-14
3,APS-001,RETAIL,2024-02-19,257.1388738983984,Seasonal_Naive,285.5773154197728,2023-02-20,
3,APS-001,RETAIL,2024-02-19,257.1388738983984,Seasonal_MA_2Y,258.91809949292224,2023-02-20,2022-02-21
3,APS-001,RETAIL,2024-02-26,226.75,Seasonal_Naive,229.0,2023-02-27,
3,APS-001,RETAIL,2024-02-26,226.75,Seasonal_MA_2Y,224.75325367497814,2023-02-27,2022-02-28
3,APS-001,RETAIL,2024-03-04,215.4285108147408,Seasonal_Naive,222.95386205745328,2023-03-06,
3,APS-001,RETAIL,2024-03-04,215.4285108147408,Seasonal_MA_2Y,207.47693102872665,2023-03-06,2022-03-07
3,APS-001,RETAIL,2024-03-11,157.34282848196284,Seasonal_Naive,181.93309973264743,2023-03-13,
3,APS-001,RETAIL,2024-03-11,157.34282848196284,Seasonal_MA_2Y,169.93240835895568,2023-03-13,2022-03-14
3,APS-001,RETAIL,2024-03-18,181.94462052117183,Seasonal_Naive,165.0,2023-03-20,
3,APS-001,RETAIL,2024-03-18,181.94462052117183,Seasonal_MA_2Y,153.80859311864822,2023-03-20,2022-03-21
3,APS-001,RETAIL,2024-03-25,178.12984820413857,Seasonal_Naive,196.0,2023-03-27,
3,APS-001,RETAIL,2024-03-25,178.12984820413857,Seasonal_MA_2Y,183.5,2023-03-27,2022-03-28
4,APS-001,RETAIL,2024-04-01,144.3746971079607,Seasonal_Naive,142.1188135173589,2023-04-03,
4,APS-001,RETAIL,2024-04-01,144.3746971079607,Seasonal_MA_2Y,132.05674924917685,2023-04-03,2022-04-04
4,APS-001,RETAIL,2024-04-08,134.0,Seasonal_Naive,130.0,2023-04-10,
4,APS-001,RETAIL,2024-04-08,134.0,Seasonal_MA_2Y,140.0,2023-04-10,2022-04-11
4,APS-001,RETAIL,2024-04-15,121.0,Seasonal_Naive,145.0,2023-04-17,
4,APS-001,RETAIL,2024-04-15,121.0,Seasonal_MA_2Y,135.0,2023-04-17,2022-04-18
4,APS-001,RETAIL,2024-04-22,131.81233977232566,Seasonal_Naive,112.12520126263368,2023-04-24,
4,APS-001,RETAIL,2024-04-22,131.81233977232566,Seasonal_MA_2Y,122.75861875139987,2023-04-24,2022-04-25
4,APS-001,RETAIL,2024-04-29,139.0,Seasonal_Naive,101.0,2023-05-01,
4,APS-001,RETAIL,2024-04-29,139.0,Seasonal_MA_2Y,105.5,2023-05-01,2022-05-02
4,APS-001,RETAIL,2024-05-06,111.0,Seasonal_Naive,106.0,2023-05-08,
4,APS-001,RETAIL,2024-05-06,111.0,Seasonal_MA_2Y,107.5,2023-05-08,2022-05-09
4,APS-001,RETAIL,2024-05-13,114.0,Seasonal_Naive,104.0,2023-05-15,
4,APS-001,RETAIL,2024-05-13,114.0,Seasonal_MA_2Y,108.0,2023-05-15,2022-05-16
4,APS-001,RETAIL,2024-05-20,111.0,Seasonal_Naive,125.0,2023-05-22,
4,APS-001,RETAIL,2024-05-20,111.0,Seasonal_MA_2Y,109.5,2023-05-22,2022-05-23
4,APS-001,RETAIL,2024-05-27,114.0,Seasonal_Naive,102.0,2023-05-29,
4,APS-001,RETAIL,2024-05-27,114.0,Seasonal_MA_2Y,96.0,2023-05-29,2022-05-30
4,APS-001,RETAIL,2024-06-03,92.0,Seasonal_Naive,96.0,2023-06-05,
4,APS-001,RETAIL,2024-06-03,92.0,Seasonal_MA_2Y,86.5,2023-06-05,2022-06-06
4,APS-001,RETAIL,2024-06-10,93.0,Seasonal_Naive,116.0,2023-06-12,
4,APS-001,RETAIL,2024-06-10,93.0,Seasonal_MA_2Y,101.5,2023-06-12,2022-06-13
4,APS-001,RETAIL,2024-06-17,94.0,Seasonal_Naive,84.0,2023-06-19,
4,APS-001,RETAIL,2024-06-17,94.0,Seasonal_MA_2Y,82.0,2023-06-19,2022-06-20
4,APS-001,RETAIL,2024-06-24,90.0,Seasonal_Naive,74.0,2023-06-26,
4,APS-001,RETAIL,2024-06-24,90.0,Seasonal_MA_2Y,77.0,2023-06-26,2022-06-27
5,APS-001,RETAIL,2024-07-01,101.0,Seasonal_Naive,81.0,2023-07-03,
5,APS-001,RETAIL,2024-07-01,101.0,Seasonal_MA_2Y,83.5,2023-07-03,2022-07-04
5,APS-001,RETAIL,2024-07-08,89.0,Seasonal_Naive,98.0,2023-07-10,
5,APS-001,RETAIL,2024-07-08,89.0,Seasonal_MA_2Y,93.0,2023-07-10,2022-07-11
5,APS-001,RETAIL,2024-07-15,94.0,Seasonal_Naive,74.0,2023-07-17,
5,APS-001,RETAIL,2024-07-15,94.0,Seasonal_MA_2Y,76.5,2023-07-17,2022-07-18
5,APS-001,RETAIL,2024-07-22,90.0,Seasonal_Naive,68.0,2023-07-24,
5,APS-001,RETAIL,2024-07-22,90.0,Seasonal_MA_2Y,75.5,2023-07-24,2022-07-25
5,APS-001,RETAIL,2024-07-29,95.0,Seasonal_Naive,93.0,2023-07-31,
5,APS-001,RETAIL,2024-07-29,95.0,Seasonal_MA_2Y,102.0,2023-07-31,2022-08-01
5,APS-001,RETAIL,2024-08-05,104.0,Seasonal_Naive,107.0,2023-08-07,
5,APS-001,RETAIL,2024-08-05,104.0,Seasonal_MA_2Y,102.0,2023-08-07,2022-08-08
5,APS-001,RETAIL,2024-08-12,111.0,Seasonal_Naive,106.0,2023-08-14,
5,APS-001,RETAIL,2024-08-12,111.0,Seasonal_MA_2Y,104.0,2023-08-14,2022-08-15
5,APS-001,RETAIL,2024-08-19,103.0,Seasonal_Naive,99.97934206044204,2023-08-21,
5,APS-001,RETAIL,2024-08-19,103.0,Seasonal_MA_2Y,95.98967103022102,2023-08-21,2022-08-22
5,APS-001,RETAIL,2024-08-26,103.0,Seasonal_Naive,94.49995045363504,2023-08-28,
5,APS-001,RETAIL,2024-08-26,103.0,Seasonal_MA_2Y,93.24997522681753,2023-08-28,2022-08-29
5,APS-001,RETAIL,2024-09-02,162.0,Seasonal_Naive,162.0,2023-09-04,
5,APS-001,RETAIL,2024-09-02,162.0,Seasonal_MA_2Y,136.5,2023-09-04,2022-09-05
5,APS-001,RETAIL,2024-09-09,159.0,Seasonal_Naive,155.0,2023-09-11,
5,APS-001,RETAIL,2024-09-09,159.0,Seasonal_MA_2Y,154.0,2023-09-11,2022-09-12
5,APS-001,RETAIL,2024-09-16,167.0,Seasonal_Naive,156.0,2023-09-18,
5,APS-001,RETAIL,2024-09-16,167.0,Seasonal_MA_2Y,156.5,2023-09-18,2022-09-19
5,APS-001,RETAIL,2024-09-23,153.0,Seasonal_Naive,145.0340967235131,2023-09-25,
5,APS-001,RETAIL,2024-09-23,153.0,Seasonal_MA_2Y,147.01704836175657,2023-09-25,2022-09-26
6,APS-001,RETAIL,2024-09-30,163.0,Seasonal_Naive,219.0,2023-10-02,
6,APS-001,RETAIL,2024-09-30,163.0,Seasonal_MA_2Y,206.0,2023-10-02,2022-10-03
6,APS-001,RETAIL,2024-10-07,236.0,Seasonal_Naive,206.0,2023-10-09,
6,APS-001,RETAIL,2024-10-07,236.0,Seasonal_MA_2Y,203.5,2023-10-09,2022-10-10
6,APS-001,RETAIL,2024-10-14,218.0,Seasonal_Naive,192.0,2023-10-16,
6,APS-001,RETAIL,2024-10-14,218.0,Seasonal_MA_2Y,198.5,2023-10-16,2022-10-17
6,APS-001,RETAIL,2024-10-21,223.0,Seasonal_Naive,238.0,2023-10-23,
6,APS-001,RETAIL,2024-10-21,223.0,Seasonal_MA_2Y,229.5,2023-10-23,2022-10-24
6,APS-001,RETAIL,2024-10-28,246.00000000000003,Seasonal_Naive,221.0,2023-10-30,
6,APS-001,RETAIL,2024-10-28,246.00000000000003,Seasonal_MA_2Y,222.0,2023-10-30,2022-10-31
6,APS-001,RETAIL,2024-11-04,265.0,Seasonal_Naive,277.0,2023-11-06,
6,APS-001,RETAIL,2024-11-04,265.0,Seasonal_MA_2Y,264.5,2023-11-06,2022-11-07
6,APS-001,RETAIL,2024-11-11,267.0,Seasonal_Naive,224.0,2023-11-13,
6,APS-001,RETAIL,2024-11-11,267.0,Seasonal_MA_2Y,263.0,2023-11-13,2022-11-14
6,APS-001,RETAIL,2024-11-18,256.0,Seasonal_Naive,241.74523114631637,2023-11-20,
6,APS-001,RETAIL,2024-11-18,256.0,Seasonal_MA_2Y,262.8726155731582,2023-11-20,2022-11-21
6,APS-001,RETAIL,2024-11-25,278.0,Seasonal_Naive,315.0,2023-11-27,
6,APS-001,RETAIL,2024-11-25,278.0,Seasonal_MA_2Y,310.0,2023-11-27,2022-11-28
6,APS-001,RETAIL,2024-12-02,303.0,Seasonal_Naive,286.4107774646195,2023-12-04,
6,APS-001,RETAIL,2024-12-02,303.0,Seasonal_MA_2Y,268.70538873230976,2023-12-04,2022-12-05
6,APS-001,RETAIL,2024-12-09,316.0,Seasonal_Naive,280.4989683488152,2023-12-11,
6,APS-001,RETAIL,2024-12-09,316.0,Seasonal_MA_2Y,280.808724655391,2023-12-11,2022-12-12
6,APS-001,RETAIL,2024-12-16,285.0,Seasonal_Naive,276.00210395959425,2023-12-18,
6,APS-001,RETAIL,2024-12-16,285.0,Seasonal_MA_2Y,303.7081235109579,2023-12-18,2022-12-19
6,APS-001,RETAIL,2024-12-23,262.27502370417443,Seasonal_Naive,267.06980492473457,2023-12-25,
6,APS-001,RETAIL,2024-12-23,262.27502370417443,Seasonal_MA_2Y,268.1401848210181,2023-12-25,2022-12-26
7,APS-001,RETAIL,2024-12-30,318.201613262243,Seasonal_Naive,262.7673114143739,2024-01-01,
7,APS-001,RETAIL,2024-12-30,318.201613262243,Seasonal_MA_2Y,244.8126832543277,2024-01-01,2023-01-02
7,APS-001,RETAIL,2025-01-06,255.55774864721388,Seasonal_Naive,294.1531592724081,2024-01-08,
7,APS-001,RETAIL,2025-01-06,255.55774864721388,Seasonal_MA_2Y,277.7961381444866,2024-01-08,2023-01-09
7,APS-001,RETAIL,2025-01-13,327.16072680119527,Seasonal_Naive,313.4588568930143,2024-01-15,
7,APS-001,RETAIL,2025-01-13,327.16072680119527,Seasonal_MA_2Y,281.72942844650714,2024-01-15,2023-01-16
7,APS-001,RETAIL,2025-01-20,341.2905581562222,Seasonal_Naive,335.4877495754424,2024-01-22,
7,APS-001,RETAIL,2025-01-20,341.2905581562222,Seasonal_MA_2Y,317.58541725947805,2024-01-22,2023-01-23
7,APS-001,RETAIL,2025-01-27,245.6874017855805,Seasonal_Naive,272.3899405942729,2024-01-29,
7,APS-001,RETAIL,2025-01-27,245.6874017855805,Seasonal_MA_2Y,279.7203161530513,2024-01-29,2023-01-30
7,APS-001,RETAIL,2025-02-03,315.7128280007455,Seasonal_Naive,199.0,2024-02-05,
7,APS-001,RETAIL,2025-02-03,315.7128280007455,Seasonal_MA_2Y,206.0,2024-02-05,2023-02-06
7,APS-001,RETAIL,2025-02-10,300.6347066652785,Seasonal_Naive,243.65756025762664,2024-02-12,
7,APS-001,RETAIL,2025-02-10,300.6347066652785,Seasonal_MA_2Y,219.88245905387723,2024-02-12,2023-02-13
7,APS-001,RETAIL,2025-02-17,274.675294494186,Seasonal_Naive,257.1388738983984,2024-02-19,
7,APS-001,RETAIL,2025-02-17,274.675294494186,Seasonal_MA_2Y,271.3580946590856,2024-02-19,2023-02-20
7,APS-001,RETAIL,2025-02-24,285.75,Seasonal_Naive,226.75,2024-02-26,
7,APS-001,RETAIL,2025-02-24,285.75,Seasonal_MA_2Y,227.875,2024-02-26,2023-02-27
7,APS-001,RETAIL,2025-03-03,218.0,Seasonal_Naive,215.4285108147408,2024-03-04,
7,APS-001,RETAIL,2025-03-03,218.0,Seasonal_MA_2Y,219.19118643609704,2024-03-04,2023-03-06
7,APS-001,RETAIL,2025-03-10,228.4215192105025,Seasonal_Naive,157.34282848196284,2024-03-11,
7,APS-001,RETAIL,2025-03-10,228.4215192105025,Seasonal_MA_2Y,169.63796410730515,2024-03-11,2023-03-13
7,APS-001,RETAIL,2025-03-17,206.0,Seasonal_Naive,181.94462052117183,2024-03-18,
7,APS-001,RETAIL,2025-03-17,206.0,Seasonal_MA_2Y,173.4723102605859,2024-03-18,2023-03-20
7,APS-001,RETAIL,2025-03-24,160.5,Seasonal_Naive,178.12984820413857,2024-03-25,
7,APS-001,RETAIL,2025-03-24,160.5,Seasonal_MA_2Y,187.06492410206928,2024-03-25,2023-03-27
8,APS-001,RETAIL,2025-03-31,171.63300633605974,Seasonal_Naive,144.3746971079607,2024-04-01,
8,APS-001,RETAIL,2025-03-31,171.63300633605974,Seasonal_MA_2Y,143.2467553126598,2024-04-01,2023-04-03
8,APS-001,RETAIL,2025-04-07,175.32889349086082,Seasonal_Naive,134.0,2024-04-08,
8,APS-001,RETAIL,2025-04-07,175.32889349086082,Seasonal_MA_2Y,132.0,2024-04-08,2023-04-10
8,APS-001,RETAIL,2025-04-14,142.0,Seasonal_Naive,121.0,2024-04-15,
8,APS-001,RETAIL,2025-04-14,142.0,Seasonal_MA_2Y,133.0,2024-04-15,2023-04-17
8,APS-001,RETAIL,2025-04-21,111.0,Seasonal_Naive,131.81233977232566,2024-04-22,
8,APS-001,RETAIL,2025-04-21,111.0,Seasonal_MA_2Y,121.96877051747967,2024-04-22,2023-04-24
8,APS-001,RETAIL,2025-04-28,148.954168698746,Seasonal_Naive,139.0,2024-04-29,
8,APS-001,RETAIL,2025-04-28,148.954168698746,Seasonal_MA_2Y,120.0,2024-04-29,2023-05-01
8,APS-001,RETAIL,2025-05-05,109.0,Seasonal_Naive,111.0,2024-05-06,
8,APS-001,RETAIL,2025-05-05,109.0,Seasonal_MA_2Y,108.5,2024-05-06,2023-05-08
8,APS-001,RETAIL,2025-05-12,109.0,Seasonal_Naive,114.0,2024-05-13,
8,APS-001,RETAIL,2025-05-12,109.0,Seasonal_MA_2Y,109.0,2024-05-13,2023-05-15
8,APS-001,RETAIL,2025-05-19,94.0,Seasonal_Naive,111.0,2024-05-20,
8,APS-001,RETAIL,2025-05-19,94.0,Seasonal_MA_2Y,118.0,2024-05-20,2023-05-22
8,APS-001,RETAIL,2025-05-26,111.0,Seasonal_Naive,114.0,2024-05-27,
8,APS-001,RETAIL,2025-05-26,111.0,Seasonal_MA_2Y,108.0,2024-05-27,2023-05-29
8,APS-001,RETAIL,2025-06-02,92.0,Seasonal_Naive,92.0,2024-06-03,
8,APS-001,RETAIL,2025-06-02,92.0,Seasonal_MA_2Y,94.0,2024-06-03,2023-06-05
8,APS-001,RETAIL,2025-06-09,88.0,Seasonal_Naive,93.0,2024-06-10,
8,APS-001,RETAIL,2025-06-09,88.0,Seasonal_MA_2Y,104.5,2024-06-10,2023-06-12
8,APS-001,RETAIL,2025-06-16,100.0,Seasonal_Naive,94.0,2024-06-17,
8,APS-001,RETAIL,2025-06-16,100.0,Seasonal_MA_2Y,89.0,2024-06-17,2023-06-19
8,APS-001,RETAIL,2025-06-23,93.0,Seasonal_Naive,90.0,2024-06-24,
8,APS-001,RETAIL,2025-06-23,93.0,Seasonal_MA_2Y,82.0,2024-06-24,2023-06-26
9,APS-001,RETAIL,2025-06-30,97.0,Seasonal_Naive,101.0,2024-07-01,
9,APS-001,RETAIL,2025-06-30,97.0,Seasonal_MA_2Y,91.0,2024-07-01,2023-07-03
9,APS-001,RETAIL,2025-07-07,115.0,Seasonal_Naive,89.0,2024-07-08,
9,APS-001,RETAIL,2025-07-07,115.0,Seasonal_MA_2Y,93.5,2024-07-08,2023-07-10
9,APS-001,RETAIL,2025-07-14,72.0,Seasonal_Naive,94.0,2024-07-15,
9,APS-001,RETAIL,2025-07-14,72.0,Seasonal_MA_2Y,84.0,2024-07-15,2023-07-17
9,APS-001,RETAIL,2025-07-21,98.0,Seasonal_Naive,90.0,2024-07-22,
9,APS-001,RETAIL,2025-07-21,98.0,Seasonal_MA_2Y,79.0,2024-07-22,2023-07-24
9,APS-001,RETAIL,2025-07-28,72.0,Seasonal_Naive,95.0,2024-07-29,
9,APS-001,RETAIL,2025-07-28,72.0,Seasonal_MA_2Y,94.0,2024-07-29,2023-07-31
9,APS-001,RETAIL,2025-08-04,121.0,Seasonal_Naive,104.0,2024-08-05,
9,APS-001,RETAIL,2025-08-04,121.0,Seasonal_MA_2Y,105.5,2024-08-05,2023-08-07
9,APS-001,RETAIL,2025-08-11,112.0,Seasonal_Naive,111.0,2024-08-12,
9,APS-001,RETAIL,2025-08-11,112.0,Seasonal_MA_2Y,108.5,2024-08-12,2023-08-14
9,APS-001,RETAIL,2025-08-18,107.0,Seasonal_Naive,103.0,2024-08-19,
9,APS-001,RETAIL,2025-08-18,107.0,Seasonal_MA_2Y,101.48967103022102,2024-08-19,2023-08-21
9,APS-001,RETAIL,2025-08-25,98.0,Seasonal_Naive,103.0,2024-08-26,
9,APS-001,RETAIL,2025-08-25,98.0,Seasonal_MA_2Y,98.74997522681753,2024-08-26,2023-08-28
9,APS-001,RETAIL,2025-09-01,145.0,Seasonal_Naive,162.0,2024-09-02,
9,APS-001,RETAIL,2025-09-01,145.0,Seasonal_MA_2Y,162.0,2024-09-02,2023-09-04
9,APS-001,RETAIL,2025-09-08,168.0,Seasonal_Naive,159.0,2024-09-09,
9,APS-001,RETAIL,2025-09-08,168.0,Seasonal_MA_2Y,157.0,2024-09-09,2023-09-11
9,APS-001,RETAIL,2025-09-15,160.0,Seasonal_Naive,167.0,2024-09-16,
9,APS-001,RETAIL,2025-09-15,160.0,Seasonal_MA_2Y,161.5,2024-09-16,2023-09-18
9,APS-001,RETAIL,2025-09-22,151.0,Seasonal_Naive,153.0,2024-09-23,
9,APS-001,RETAIL,2025-09-22,151.0,Seasonal_MA_2Y,149.01704836175657,2024-09-23,2023-09-25
10,APS-001,RETAIL,2025-09-29,166.0,Seasonal_Naive,163.0,2024-09-30,
10,APS-001,RETAIL,2025-09-29,166.0,Seasonal_MA_2Y,191.0,2024-09-30,2023-10-02
10,APS-001,RETAIL,2025-10-06,235.0,Seasonal_Naive,236.0,2024-10-07,
10,APS-001,RETAIL,2025-10-06,235.0,Seasonal_MA_2Y,221.0,2024-10-07,2023-10-09
10,APS-001,RETAIL,2025-10-13,223.0,Seasonal_Naive,218.0,2024-10-14,
10,APS-001,RETAIL,2025-10-13,223.0,Seasonal_MA_2Y,205.0,2024-10-14,2023-10-16
10,APS-001,RETAIL,2025-10-20,226.0,Seasonal_Naive,223.0,2024-10-21,
10,APS-001,RETAIL,2025-10-20,226.0,Seasonal_MA_2Y,230.5,2024-10-21,2023-10-23
10,APS-001,RETAIL,2025-10-27,220.0,Seasonal_Naive,246.00000000000003,2024-10-28,
10,APS-001,RETAIL,2025-10-27,220.0,Seasonal_MA_2Y,233.5,2024-10-28,2023-10-30
10,APS-001,RETAIL,2025-11-03,277.0,Seasonal_Naive,265.0,2024-11-04,
10,APS-001,RETAIL,2025-11-03,277.0,Seasonal_MA_2Y,271.0,2024-11-04,2023-11-06
10,APS-001,RETAIL,2025-11-10,352.0,Seasonal_Naive,267.0,2024-11-11,
10,APS-001,RETAIL,2025-11-10,352.0,Seasonal_MA_2Y,245.5,2024-11-11,2023-11-13
10,APS-001,RETAIL,2025-11-17,299.0,Seasonal_Naive,256.0,2024-11-18,
10,APS-001,RETAIL,2025-11-17,299.0,Seasonal_MA_2Y,248.87261557315819,2024-11-18,2023-11-20
10,APS-001,RETAIL,2025-11-24,291.0,Seasonal_Naive,278.0,2024-11-25,
10,APS-001,RETAIL,2025-11-24,291.0,Seasonal_MA_2Y,296.5,2024-11-25,2023-11-27
10,APS-001,RETAIL,2025-12-01,365.0391706474035,Seasonal_Naive,303.0,2024-12-02,
10,APS-001,RETAIL,2025-12-01,365.0391706474035,Seasonal_MA_2Y,294.70538873230976,2024-12-02,2023-12-04
10,APS-001,RETAIL,2025-12-08,336.4730811124273,Seasonal_Naive,316.0,2024-12-09,
10,APS-001,RETAIL,2025-12-08,336.4730811124273,Seasonal_MA_2Y,298.2494841744076,2024-12-09,2023-12-11
10,APS-001,RETAIL,2025-12-15,303.10316599391723,Seasonal_Naive,285.0,2024-12-16,
10,APS-001,RETAIL,2025-12-15,303.10316599391723,Seasonal_MA_2Y,280.5010519797971,2024-12-16,2023-12-18
10,APS-001,RETAIL,2025-12-22,292.37842907722654,Seasonal_Naive,262.27502370417443,2024-12-23,
10,APS-001,RETAIL,2025-12-22,292.37842907722654,Seasonal_MA_2Y,264.6724143144545,2024-12-23,2023-12-25
11,APS-001,RETAIL,2025-12-29,293.98783893299577,Seasonal_Naive,318.201613262243,2024-12-30,
11,APS-001,RETAIL,2025-12-29,293.98783893299577,Seasonal_MA_2Y,290.48446233830845,2024-12-30,2024-01-01
11,APS-001,RETAIL,2026-01-05,291.1536341773468,Seasonal_Naive,255.55774864721388,2025-01-06,
11,APS-001,RETAIL,2026-01-05,291.1536341773468,Seasonal_MA_2Y,274.85545395981103,2025-01-06,2024-01-08
11,APS-001,RETAIL,2026-01-12,269.7274820781547,Seasonal_Naive,327.16072680119527,2025-01-13,
11,APS-001,RETAIL,2026-01-12,269.7274820781547,Seasonal_MA_2Y,320.30979184710475,2025-01-13,2024-01-15
11,APS-001,RETAIL,2026-01-19,357.76923311466174,Seasonal_Naive,341.2905581562222,2025-01-20,
11,APS-001,RETAIL,2026-01-19,357.76923311466174,Seasonal_MA_2Y,338.3891538658323,2025-01-20,2024-01-22
11,APS-001,RETAIL,2026-01-26,242.13307043323024,Seasonal_Naive,245.6874017855805,2025-01-27,
11,APS-001,RETAIL,2026-01-26,242.13307043323024,Seasonal_MA_2Y,259.03867118992673,2025-01-27,2024-01-29
11,APS-001,RETAIL,2026-02-02,255.25,Seasonal_Naive,315.7128280007455,2025-02-03,
11,APS-001,RETAIL,2026-02-02,255.25,Seasonal_MA_2Y,257.35641400037275,2025-02-03,2024-02-05
11,APS-001,RETAIL,2026-02-09,267.8201399075184,Seasonal_Naive,300.6347066652785,2025-02-10,
11,APS-001,RETAIL,2026-02-09,267.8201399075184,Seasonal_MA_2Y,272.14613346145256,2025-02-10,2024-02-12
11,APS-001,RETAIL,2026-02-16,279.30852747447,Seasonal_Naive,274.675294494186,2025-02-17,
11,APS-001,RETAIL,2026-02-16,279.30852747447,Seasonal_MA_2Y,265.9070841962922,2025-02-17,2024-02-19
11,APS-001,RETAIL,2026-02-23,266.213489311448,Seasonal_Naive,285.75,2025-02-24,
11,APS-001,RETAIL,2026-02-23,266.213489311448,Seasonal_MA_2Y,256.25,2025-02-24,2024-02-26
11,APS-001,RETAIL,2026-03-02,223.74746551785296,Seasonal_Naive,218.0,2025-03-03,
11,APS-001,RETAIL,2026-03-02,223.74746551785296,Seasonal_MA_2Y,216.7142554073704,2025-03-03,2024-03-04
11,APS-001,RETAIL,2026-03-09,190.35420276805365,Seasonal_Naive,228.4215192105025,2025-03-10,
11,APS-001,RETAIL,2026-03-09,190.35420276805365,Seasonal_MA_2Y,192.88217384623266,2025-03-10,2024-03-11
11,APS-001,RETAIL,2026-03-16,209.0,Seasonal_Naive,206.0,2025-03-17,
11,APS-001,RETAIL,2026-03-16,209.0,Seasonal_MA_2Y,193.9723102605859,2025-03-17,2024-03-18
11,APS-001,RETAIL,2026-03-23,208.375,Seasonal_Naive,160.5,2025-03-24,
11,APS-001,RETAIL,2026-03-23,208.375,Seasonal_MA_2Y,169.31492410206928,2025-03-24,2024-03-25
12,APS-001,RETAIL,2026-03-30,192.04817149109076,Seasonal_Naive,171.63300633605974,2025-03-31,
12,APS-001,RETAIL,2026-03-30,192.04817149109076,Seasonal_MA_2Y,158.0038517220102,2025-03-31,2024-04-01
12,APS-001,RETAIL,2026-04-06,147.0,Seasonal_Naive,175.32889349086082,2025-04-07,
12,APS-001,RETAIL,2026-04-06,147.0,Seasonal_MA_2Y,154.6644467454304,2025-04-07,2024-04-08
12,APS-001,RETAIL,2026-04-13,137.77487445054112,Seasonal_Naive,142.0,2025-04-14,
12,APS-001,RETAIL,2026-04-13,137.77487445054112,Seasonal_MA_2Y,131.5,2025-04-14,2024-04-15
12,APS-001,RETAIL,2026-04-20,125.1781956224911,Seasonal_Naive,111.0,2025-04-21,
12,APS-001,RETAIL,2026-04-20,125.1781956224911,Seasonal_MA_2Y,121.40616988616283,2025-04-21,2024-04-22
12,APS-001,RETAIL,2026-04-27,135.0,Seasonal_Naive,148.954168698746,2025-04-28,
12,APS-001,RETAIL,2026-04-27,135.0,Seasonal_MA_2Y,143.977084349373,2025-04-28,2024-04-29
12,APS-001,RETAIL,2026-05-04,127.0,Seasonal_Naive,109.0,2025-05-05,
12,APS-001,RETAIL,2026-05-04,127.0,Seasonal_MA_2Y,110.0,2025-05-05,2024-05-06
12,APS-001,RETAIL,2026-05-11,107.4772217006198,Seasonal_Naive,109.0,2025-05-12,
12,APS-001,RETAIL,2026-05-11,107.4772217006198,Seasonal_MA_2Y,111.5,2025-05-12,2024-05-13
12,APS-001,RETAIL,2026-05-18,113.0,Seasonal_Naive,94.0,2025-05-19,
12,APS-001,RETAIL,2026-05-18,113.0,Seasonal_MA_2Y,102.5,2025-05-19,2024-05-20
12,APS-001,RETAIL,2026-05-25,124.0,Seasonal_Naive,111.0,2025-05-26,
12,APS-001,RETAIL,2026-05-25,124.0,Seasonal_MA_2Y,112.5,2025-05-26,2024-05-27
12,APS-001,RETAIL,2026-06-01,96.0,Seasonal_Naive,92.0,2025-06-02,
12,APS-001,RETAIL,2026-06-01,96.0,Seasonal_MA_2Y,92.0,2025-06-02,2024-06-03
12,APS-001,RETAIL,2026-06-08,98.0,Seasonal_Naive,88.0,2025-06-09,
12,APS-001,RETAIL,2026-06-08,98.0,Seasonal_MA_2Y,90.5,2025-06-09,2024-06-10
12,APS-001,RETAIL,2026-06-15,100.0,Seasonal_Naive,100.0,2025-06-16,
12,APS-001,RETAIL,2026-06-15,100.0,Seasonal_MA_2Y,97.0,2025-06-16,2024-06-17
12,APS-001,RETAIL,2026-06-22,96.0,Seasonal_Naive,93.0,2025-06-23,
12,APS-001,RETAIL,2026-06-22,96.0,Seasonal_MA_2Y,91.5,2025-06-23,2024-06-24
1,APS-001,WHOLESALE,2023-07-03,52.0,Seasonal_Naive,91.0,2022-07-04,
1,APS-001,WHOLESALE,2023-07-03,52.0,Seasonal_MA_2Y,93.5,2022-07-04,2021-07-05
1,APS-001,WHOLESALE,2023-07-10,78.0,Seasonal_Naive,96.0,2022-07-11,
1,APS-001,WHOLESALE,2023-07-10,78.0,Seasonal_MA_2Y,88.5,2022-07-11,2021-07-12
1,APS-001,WHOLESALE,2023-07-17,60.00000000000001,Seasonal_Naive,83.0,2022-07-18,
1,APS-001,WHOLESALE,2023-07-17,60.00000000000001,Seasonal_MA_2Y,87.5,2022-07-18,2021-07-19
1,APS-001,WHOLESALE,2023-07-24,77.0,Seasonal_Naive,65.0,2022-07-25,
1,APS-001,WHOLESALE,2023-07-24,77.0,Seasonal_MA_2Y,76.0,2022-07-25,2021-07-26
1,APS-001,WHOLESALE,2023-07-31,68.0,Seasonal_Naive,91.0,2022-08-01,
1,APS-001,WHOLESALE,2023-07-31,68.0,Seasonal_MA_2Y,97.5,2022-08-01,2021-08-02
1,APS-001,WHOLESALE,2023-08-07,56.0,Seasonal_Naive,107.0,2022-08-08,
1,APS-001,WHOLESALE,2023-08-07,56.0,Seasonal_MA_2Y,102.0,2022-08-08,2021-08-09
1,APS-001,WHOLESALE,2023-08-14,80.0,Seasonal_Naive,116.0,2022-08-15,
1,APS-001,WHOLESALE,2023-08-14,80.0,Seasonal_MA_2Y,112.5,2022-08-15,2021-08-16
1,APS-001,WHOLESALE,2023-08-21,72.0,Seasonal_Naive,91.0,2022-08-22,
1,APS-001,WHOLESALE,2023-08-21,72.0,Seasonal_MA_2Y,87.0,2022-08-22,2021-08-23
1,APS-001,WHOLESALE,2023-08-28,62.0,Seasonal_Naive,94.0,2022-08-29,
1,APS-001,WHOLESALE,2023-08-28,62.0,Seasonal_MA_2Y,106.5,2022-08-29,2021-08-30
1,APS-001,WHOLESALE,2023-09-04,106.0,Seasonal_Naive,114.0,2022-09-05,
1,APS-001,WHOLESALE,2023-09-04,106.0,Seasonal_MA_2Y,130.5,2022-09-05,2021-09-06
1,APS-001,WHOLESALE,2023-09-11,104.0,Seasonal_Naive,138.0,2022-09-12,
1,APS-001,WHOLESALE,2023-09-11,104.0,Seasonal_MA_2Y,153.0,2022-09-12,2021-09-13
1,APS-001,WHOLESALE,2023-09-18,167.0,Seasonal_Naive,124.0,2022-09-19,
1,APS-001,WHOLESALE,2023-09-18,167.0,Seasonal_MA_2Y,95.0,2022-09-19,2021-09-20
1,APS-001,WHOLESALE,2023-09-25,179.25,Seasonal_Naive,149.0,2022-09-26,
1,APS-001,WHOLESALE,2023-09-25,179.25,Seasonal_MA_2Y,141.0,2022-09-26,2021-09-27
2,APS-001,WHOLESALE,2023-10-02,245.0,Seasonal_Naive,230.0,2022-10-03,
2,APS-001,WHOLESALE,2023-10-02,245.0,Seasonal_MA_2Y,200.5,2022-10-03,2021-10-04
2,APS-001,WHOLESALE,2023-10-09,240.2022068959012,Seasonal_Naive,167.0,2022-10-10,
2,APS-001,WHOLESALE,2023-10-09,240.2022068959012,Seasonal_MA_2Y,169.5,2022-10-10,2021-10-11
2,APS-001,WHOLESALE,2023-10-16,220.25,Seasonal_Naive,195.0,2022-10-17,
2,APS-001,WHOLESALE,2023-10-16,220.25,Seasonal_MA_2Y,183.0,2022-10-17,2021-10-18
2,APS-001,WHOLESALE,2023-10-23,207.0,Seasonal_Naive,205.0,2022-10-24,
2,APS-001,WHOLESALE,2023-10-23,207.0,Seasonal_MA_2Y,206.0,2022-10-24,2021-10-25
2,APS-001,WHOLESALE,2023-10-30,192.0,Seasonal_Naive,144.0,2022-10-31,
2,APS-001,WHOLESALE,2023-10-30,192.0,Seasonal_MA_2Y,209.5,2022-10-31,2021-11-01
2,APS-001,WHOLESALE,2023-11-06,274.2664147612716,Seasonal_Naive,237.0,2022-11-07,
2,APS-001,WHOLESALE,2023-11-06,274.2664147612716,Seasonal_MA_2Y,239.0,2022-11-07,2021-11-08
2,APS-001,WHOLESALE,2023-11-13,306.0,Seasonal_Naive,213.9435517091295,2022-11-14,
2,APS-001,WHOLESALE,2023-11-13,306.0,Seasonal_MA_2Y,216.47177585456478,2022-11-14,2021-11-15
2,APS-001,WHOLESALE,2023-11-20,263.25,Seasonal_Naive,283.36504,2022-11-21,
2,APS-001,WHOLESALE,2023-11-20,263.25,Seasonal_MA_2Y,289.68252,2022-11-21,2021-11-22
2,APS-001,WHOLESALE,2023-11-27,338.0,Seasonal_Naive,297.0,2022-11-28,
2,APS-001,WHOLESALE,2023-11-27,338.0,Seasonal_MA_2Y,279.0,2022-11-28,2021-11-29
2,APS-001,WHOLESALE,2023-12-04,351.76971878588483,Seasonal_Naive,272.0136251059701,2022-12-05,
2,APS-001,WHOLESALE,2023-12-04,351.76971878588483,Seasonal_MA_2Y,293.506812552985,2022-12-05,2021-12-06
2,APS-001,WHOLESALE,2023-12-11,319.76813758013594,Seasonal_Naive,334.0436418136349,2022-12-12,
2,APS-001,WHOLESALE,2023-12-11,319.76813758013594,Seasonal_MA_2Y,301.5307059475415,2022-12-12,2021-12-13
2,APS-001,WHOLESALE,2023-12-18,218.29156057952537,Seasonal_Naive,161.52482446871966,2022-12-19,
2,APS-001,WHOLESALE,2023-12-18,218.29156057952537,Seasonal_MA_2Y,234.0495020057861,2022-12-19,2021-12-20
2,APS-001,WHOLESALE,2023-12-25,190.0,Seasonal_Naive,174.34978204759827,2022-12-26,
2,APS-001,WHOLESALE,2023-12-25,190.0,Seasonal_MA_2Y,253.03427028468974,2022-12-26,2021-12-27
3,APS-001,WHOLESALE,2024-01-01,111.0,Seasonal_Naive,224.0,2023-01-02,
3,APS-001,WHOLESALE,2024-01-01,111.0,Seasonal_MA_2Y,204.54003301095386,2023-01-02,2022-01-03
3,APS-001,WHOLESALE,2024-01-08,293.89722571236183,Seasonal_Naive,190.94652421092252,2023-01-09,
3,APS-001,WHOLESALE,2024-01-08,293.89722571236183,Seasonal_MA_2Y,236.17322147640112,2023-01-09,2022-01-10
3,APS-001,WHOLESALE,2024-01-15,242.6784040490745,Seasonal_Naive,259.44502098075753,2023-01-16,
3,APS-001,WHOLESALE,2024-01-15,242.6784040490745,Seasonal_MA_2Y,227.22251049037877,2023-01-16,2022-01-17
3,APS-001,WHOLESALE,2024-01-22,241.4266505699599,Seasonal_Naive,232.75145822806715,2023-01-23,
3,APS-001,WHOLESALE,2024-01-22,241.4266505699599,Seasonal_MA_2Y,270.9228650931591,2023-01-23,2022-01-24
3,APS-001,WHOLESALE,2024-01-29,209.4467138366209,Seasonal_Naive,282.6091091160333,2023-01-30,
3,APS-001,WHOLESALE,2024-01-29,209.4467138366209,Seasonal_MA_2Y,244.18425309120695,2023-01-30,2022-01-31
3,APS-001,WHOLESALE,2024-02-05,202.5,Seasonal_Naive,226.5,2023-02-06,
3,APS-001,WHOLESALE,2024-02-05,202.5,Seasonal_MA_2Y,198.75,2023-02-06,2022-02-07
3,APS-001,WHOLESALE,2024-02-12,220.00615624579228,Seasonal_Naive,137.86563753674682,2023-02-13,
3,APS-001,WHOLESALE,2024-02-12,220.00615624579228,Seasonal_MA_2Y,217.9328187683734,2023-02-13,2022-02-14
3,APS-001,WHOLESALE,2024-02-19,175.19154871220704,Seasonal_Naive,264.62509467731354,2023-02-20,
3,APS-001,WHOLESALE,2024-02-19,175.19154871220704,Seasonal_MA_2Y,219.51006399696803,2023-02-20,2022-02-21
3,APS-001,WHOLESALE,2024-02-26,218.7388693899351,Seasonal_Naive,99.4899902404727,2023-02-27,
3,APS-001,WHOLESALE,2024-02-26,218.7388693899351,Seasonal_MA_2Y,132.24499512023635,2023-02-27,2022-02-28
3,APS-001,WHOLESALE,2024-03-04,127.5985373621994,Seasonal_Naive,245.0,2023-03-06,
3,APS-001,WHOLESALE,2024-03-04,127.5985373621994,Seasonal_MA_2Y,202.5,2023-03-06,2022-03-07
3,APS-001,WHOLESALE,2024-03-11,189.80778659778616,Seasonal_Naive,212.2941396556305,2023-03-13,
3,APS-001,WHOLESALE,2024-03-11,189.80778659778616,Seasonal_MA_2Y,162.1697409487763,2023-03-13,2022-03-14
3,APS-001,WHOLESALE,2024-03-18,189.9593780129419,Seasonal_Naive,155.03316647258788,2023-03-20,
3,APS-001,WHOLESALE,2024-03-18,189.9593780129419,Seasonal_MA_2Y,131.01658323629394,2023-03-20,2022-03-21
3,APS-001,WHOLESALE,2024-03-25,134.83842688954758,Seasonal_Naive,204.34718379803692,2023-03-27,
3,APS-001,WHOLESALE,2024-03-25,134.83842688954758,Seasonal_MA_2Y,192.17359189901845,2023-03-27,2022-03-28
4,APS-001,WHOLESALE,2024-04-01,162.42517829069433,Seasonal_Naive,164.30841357783856,2023-04-03,
4,APS-001,WHOLESALE,2024-04-01,162.42517829069433,Seasonal_MA_2Y,140.73473000482218,2023-04-03,2022-04-04
4,APS-001,WHOLESALE,2024-04-08,136.5307318795697,Seasonal_Naive,159.48763099641732,2023-04-10,
4,APS-001,WHOLESALE,2024-04-08,136.5307318795697,Seasonal_MA_2Y,167.74381549820868,2023-04-10,2022-04-11
4,APS-001,WHOLESALE,2024-04-15,89.85130127267684,Seasonal_Naive,134.9733265859854,2023-04-17,
4,APS-001,WHOLESALE,2024-04-15,89.85130127267684,Seasonal_MA_2Y,132.48666329299272,2023-04-17,2022-04-18
4,APS-001,WHOLESALE,2024-04-22,130.0,Seasonal_Naive,125.0,2023-04-24,
4,APS-001,WHOLESALE,2024-04-22,130.0,Seasonal_MA_2Y,116.08048592298081,2023-04-24,2022-04-25
4,APS-001,WHOLESALE,2024-04-29,141.77144666512513,Seasonal_Naive,86.0,2023-05-01,
4,APS-001,WHOLESALE,2024-04-29,141.77144666512513,Seasonal_MA_2Y,100.5,2023-05-01,2022-05-02
4,APS-001,WHOLESALE,2024-05-06,75.0,Seasonal_Naive,62.0,2023-05-08,
4,APS-001,WHOLESALE,2024-05-06,75.0,Seasonal_MA_2Y,77.79389988194457,2023-05-08,2022-05-09
4,APS-001,WHOLESALE,2024-05-13,104.0,Seasonal_Naive,91.0,2023-05-15,
4,APS-001,WHOLESALE,2024-05-13,104.0,Seasonal_MA_2Y,94.68216139178031,2023-05-15,2022-05-16
4,APS-001,WHOLESALE,2024-05-20,91.0,Seasonal_Naive,114.0,2023-05-22,
4,APS-001,WHOLESALE,2024-05-20,91.0,Seasonal_MA_2Y,101.0,2023-05-22,2022-05-23
4,APS-001,WHOLESALE,2024-05-27,121.75,Seasonal_Naive,122.0,2023-05-29,
4,APS-001,WHOLESALE,2024-05-27,121.75,Seasonal_MA_2Y,106.0,2023-05-29,2022-05-30
4,APS-001,WHOLESALE,2024-06-03,78.0,Seasonal_Naive,79.0,2023-06-05,
4,APS-001,WHOLESALE,2024-06-03,78.0,Seasonal_MA_2Y,78.0,2023-06-05,2022-06-06
4,APS-001,WHOLESALE,2024-06-10,103.0,Seasonal_Naive,93.0,2023-06-12,
4,APS-001,WHOLESALE,2024-06-10,103.0,Seasonal_MA_2Y,84.5,2023-06-12,2022-06-13
4,APS-001,WHOLESALE,2024-06-17,91.0,Seasonal_Naive,68.0,2023-06-19,
4,APS-001,WHOLESALE,2024-06-17,91.0,Seasonal_MA_2Y,61.0,2023-06-19,2022-06-20
4,APS-001,WHOLESALE,2024-06-24,89.0,Seasonal_Naive,75.0,2023-06-26,
4,APS-001,WHOLESALE,2024-06-24,89.0,Seasonal_MA_2Y,85.5,2023-06-26,2022-06-27
5,APS-001,WHOLESALE,2024-07-01,77.0,Seasonal_Naive,52.0,2023-07-03,
5,APS-001,WHOLESALE,2024-07-01,77.0,Seasonal_MA_2Y,71.5,2023-07-03,2022-07-04
5,APS-001,WHOLESALE,2024-07-08,115.0,Seasonal_Naive,78.0,2023-07-10,
5,APS-001,WHOLESALE,2024-07-08,115.0,Seasonal_MA_2Y,87.0,2023-07-10,2022-07-11
5,APS-001,WHOLESALE,2024-07-15,78.0,Seasonal_Naive,60.00000000000001,2023-07-17,
5,APS-001,WHOLESALE,2024-07-15,78.0,Seasonal_MA_2Y,71.5,2023-07-17,2022-07-18
5,APS-001,WHOLESALE,2024-07-22,99.0,Seasonal_Naive,77.0,2023-07-24,
5,APS-001,WHOLESALE,2024-07-22,99.0,Seasonal_MA_2Y,71.0,2023-07-24,2022-07-25
5,APS-001,WHOLESALE,2024-07-29,84.0,Seasonal_Naive,68.0,2023-07-31,
5,APS-001,WHOLESALE,2024-07-29,84.0,Seasonal_MA_2Y,79.5,2023-07-31,2022-08-01
5,APS-001,WHOLESALE,2024-08-05,93.0,Seasonal_Naive,56.0,2023-08-07,
5,APS-001,WHOLESALE,2024-08-05,93.0,Seasonal_MA_2Y,81.5,2023-08-07,2022-08-08
5,APS-001,WHOLESALE,2024-08-12,103.0,Seasonal_Naive,80.0,2023-08-14,
5,APS-001,WHOLESALE,2024-08-12,103.0,Seasonal_MA_2Y,98.0,2023-08-14,2022-08-15
5,APS-001,WHOLESALE,2024-08-19,89.5,Seasonal_Naive,72.0,2023-08-21,
5,APS-001,WHOLESALE,2024-08-19,89.5,Seasonal_MA_2Y,81.5,2023-08-21,2022-08-22
5,APS-001,WHOLESALE,2024-08-26,104.0,Seasonal_Naive,62.0,2023-08-28,
5,APS-001,WHOLESALE,2024-08-26,104.0,Seasonal_MA_2Y,78.0,2023-08-28,2022-08-29
5,APS-001,WHOLESALE,2024-09-02,168.0,Seasonal_Naive,106.0,2023-09-04,
5,APS-001,WHOLESALE,2024-09-02,168.0,Seasonal_MA_2Y,110.0,2023-09-04,2022-09-05
5,APS-001,WHOLESALE,2024-09-09,105.0,Seasonal_Naive,104.0,2023-09-11,
5,APS-001,WHOLESALE,2024-09-09,105.0,Seasonal_MA_2Y,121.0,2023-09-11,2022-09-12
5,APS-001,WHOLESALE,2024-09-16,170.0,Seasonal_Naive,167.0,2023-09-18,
5,APS-001,WHOLESALE,2024-09-16,170.0,Seasonal_MA_2Y,145.5,2023-09-18,2022-09-19
5,APS-001,WHOLESALE,2024-09-23,147.0,Seasonal_Naive,179.25,2023-09-25,
5,APS-001,WHOLESALE,2024-09-23,147.0,Seasonal_MA_2Y,164.125,2023-09-25,2022-09-26
6,APS-001,WHOLESALE,2024-09-30,156.0,Seasonal_Naive,245.0,2023-10-02,
6,APS-001,WHOLESALE,2024-09-30,156.0,Seasonal_MA_2Y,237.5,2023-10-02,2022-10-03
6,APS-001,WHOLESALE,2024-10-07,149.0,Seasonal_Naive,240.2022068959012,2023-10-09,
6,APS-001,WHOLESALE,2024-10-07,149.0,Seasonal_MA_2Y,203.6011034479506,2023-10-09,2022-10-10
6,APS-001,WHOLESALE,2024-10-14,185.0,Seasonal_Naive,220.25,2023-10-16,
6,APS-001,WHOLESALE,2024-10-14,185.0,Seasonal_MA_2Y,207.625,2023-10-16,2022-10-17
6,APS-001,WHOLESALE,2024-10-21,179.0,Seasonal_Naive,207.0,2023-10-23,
6,APS-001,WHOLESALE,2024-10-21,179.0,Seasonal_MA_2Y,206.0,2023-10-23,2022-10-24
6,APS-001,WHOLESALE,2024-10-28,199.0,Seasonal_Naive,192.0,2023-10-30,
6,APS-001,WHOLESALE,2024-10-28,199.0,Seasonal_MA_2Y,168.0,2023-10-30,2022-10-31
6,APS-001,WHOLESALE,2024-11-04,271.0,Seasonal_Naive,274.2664147612716,2023-11-06,
6,APS-001,WHOLESALE,2024-11-04,271.0,Seasonal_MA_2Y,255.6332073806358,2023-11-06,2022-11-07
6,APS-001,WHOLESALE,2024-11-11,296.0,Seasonal_Naive,306.0,2023-11-13,
6,APS-001,WHOLESALE,2024-11-11,296.0,Seasonal_MA_2Y,259.9717758545647,2023-11-13,2022-11-14
6,APS-001,WHOLESALE,2024-11-18,257.0,Seasonal_Naive,263.25,2023-11-20,
6,APS-001,WHOLESALE,2024-11-18,257.0,Seasonal_MA_2Y,273.30752,2023-11-20,2022-11-21
6,APS-001,WHOLESALE,2024-11-25,321.0,Seasonal_Naive,338.0,2023-11-27,
6,APS-001,WHOLESALE,2024-11-25,321.0,Seasonal_MA_2Y,317.5,2023-11-27,2022-11-28
6,APS-001,WHOLESALE,2024-12-02,293.0,Seasonal_Naive,351.76971878588483,2023-12-04,
6,APS-001,WHOLESALE,2024-12-02,293.0,Seasonal_MA_2Y,311.89167194592744,2023-12-04,2022-12-05
6,APS-001,WHOLESALE,2024-12-09,339.75000000000006,Seasonal_Naive,319.76813758013594,2023-12-11,
6,APS-001,WHOLESALE,2024-12-09,339.75000000000006,Seasonal_MA_2Y,326.9058896968854,2023-12-11,2022-12-12
6,APS-001,WHOLESALE,2024-12-16,179.55550955322667,Seasonal_Naive,218.29156057952537,2023-12-18,
6,APS-001,WHOLESALE,2024-12-16,179.55550955322667,Seasonal_MA_2Y,189.9081925241225,2023-12-18,2022-12-19
6,APS-001,WHOLESALE,2024-12-23,229.7161603880996,Seasonal_Naive,190.0,2023-12-25,
6,APS-001,WHOLESALE,2024-12-23,229.7161603880996,Seasonal_MA_2Y,182.17489102379915,2023-12-25,2022-12-26
7,APS-001,WHOLESALE,2024-12-30,237.5028855699272,Seasonal_Naive,111.0,2024-01-01,
7,APS-001,WHOLESALE,2024-12-30,237.5028855699272,Seasonal_MA_2Y,167.5,2024-01-01,2023-01-02
7,APS-001,WHOLESALE,2025-01-06,218.89288493171532,Seasonal_Naive,293.89722571236183,2024-01-08,
7,APS-001,WHOLESALE,2025-01-06,218.89288493171532,Seasonal_MA_2Y,242.42187496164217,2024-01-08,2023-01-09
7,APS-001,WHOLESALE,2025-01-13,274.0813136118392,Seasonal_Naive,242.6784040490745,2024-01-15,
7,APS-001,WHOLESALE,2025-01-13,274.0813136118392,Seasonal_MA_2Y,251.061712514916,2024-01-15,2023-01-16
7,APS-001,WHOLESALE,2025-01-20,285.62044288436243,Seasonal_Naive,241.4266505699599,2024-01-22,
7,APS-001,WHOLESALE,2025-01-20,285.62044288436243,Seasonal_MA_2Y,237.08905439901352,2024-01-22,2023-01-23
7,APS-001,WHOLESALE,2025-01-27,172.5473928192082,Seasonal_Naive,209.4467138366209,2024-01-29,
7,APS-001,WHOLESALE,2025-01-27,172.5473928192082,Seasonal_MA_2Y,246.02791147632712,2024-01-29,2023-01-30
7,APS-001,WHOLESALE,2025-02-03,161.14567894277178,Seasonal_Naive,202.5,2024-02-05,
7,APS-001,WHOLESALE,2025-02-03,161.14567894277178,Seasonal_MA_2Y,214.5,2024-02-05,2023-02-06
7,APS-001,WHOLESALE,2025-02-10,246.345048940984,Seasonal_Naive,220.00615624579228,2024-02-12,
7,APS-001,WHOLESALE,2025-02-10,246.345048940984,Seasonal_MA_2Y,178.93589689126955,2024-02-12,2023-02-13
7,APS-001,WHOLESALE,2025-02-17,261.3480501599058,Seasonal_Naive,175.19154871220704,2024-02-19,
7,APS-001,WHOLESALE,2025-02-17,261.3480501599058,Seasonal_MA_2Y,219.90832169476028,2024-02-19,2023-02-20
7,APS-001,WHOLESALE,2025-02-24,193.71508388214923,Seasonal_Naive,218.7388693899351,2024-02-26,
7,APS-001,WHOLESALE,2025-02-24,193.71508388214923,Seasonal_MA_2Y,159.1144298152039,2024-02-26,2023-02-27
7,APS-001,WHOLESALE,2025-03-03,171.874371525005,Seasonal_Naive,127.5985373621994,2024-03-04,
7,APS-001,WHOLESALE,2025-03-03,171.874371525005,Seasonal_MA_2Y,186.2992686810997,2024-03-04,2023-03-06
7,APS-001,WHOLESALE,2025-03-10,165.32523190400772,Seasonal_Naive,189.80778659778616,2024-03-11,
7,APS-001,WHOLESALE,2025-03-10,165.32523190400772,Seasonal_MA_2Y,201.05096312670833,2024-03-11,2023-03-13
7,APS-001,WHOLESALE,2025-03-17,161.5,Seasonal_Naive,189.9593780129419,2024-03-18,
7,APS-001,WHOLESALE,2025-03-17,161.5,Seasonal_MA_2Y,172.4962722427649,2024-03-18,2023-03-20
7,APS-001,WHOLESALE,2025-03-24,161.0,Seasonal_Naive,134.83842688954758,2024-03-25,
7,APS-001,WHOLESALE,2025-03-24,161.0,Seasonal_MA_2Y,169.59280534379224,2024-03-25,2023-03-27
8,APS-001,WHOLESALE,2025-03-31,161.9903709321103,Seasonal_Naive,162.42517829069433,2024-04-01,
8,APS-001,WHOLESALE,2025-03-31,161.9903709321103,Seasonal_MA_2Y,163.36679593426646,2024-04-01,2023-04-03
8,APS-001,WHOLESALE,2025-04-07,107.38898966676284,Seasonal_Naive,136.5307318795697,2024-04-08,
8,APS-001,WHOLESALE,2025-04-07,107.38898966676284,Seasonal_MA_2Y,148.0091814379935,2024-04-08,2023-04-10
8,APS-001,WHOLESALE,2025-04-14,131.5,Seasonal_Naive,89.85130127267684,2024-04-15,
8,APS-001,WHOLESALE,2025-04-14,131.5,Seasonal_MA_2Y,112.41231392933112,2024-04-15,2023-04-17
8,APS-001,WHOLESALE,2025-04-21,91.28801662649586,Seasonal_Naive,130.0,2024-04-22,
8,APS-001,WHOLESALE,2025-04-21,91.28801662649586,Seasonal_MA_2Y,127.5,2024-04-22,2023-04-24
8,APS-001,WHOLESALE,2025-04-28,119.42133768846914,Seasonal_Naive,141.77144666512513,2024-04-29,
8,APS-001,WHOLESALE,2025-04-28,119.42133768846914,Seasonal_MA_2Y,113.88572333256256,2024-04-29,2023-05-01
8,APS-001,WHOLESALE,2025-05-05,90.0,Seasonal_Naive,75.0,2024-05-06,
8,APS-001,WHOLESALE,2025-05-05,90.0,Seasonal_MA_2Y,68.5,2024-05-06,2023-05-08
8,APS-001,WHOLESALE,2025-05-12,108.03695512033462,Seasonal_Naive,104.0,2024-05-13,
8,APS-001,WHOLESALE,2025-05-12,108.03695512033462,Seasonal_MA_2Y,97.5,2024-05-13,2023-05-15
8,APS-001,WHOLESALE,2025-05-19,136.9980686481837,Seasonal_Naive,91.0,2024-05-20,
8,APS-001,WHOLESALE,2025-05-19,136.9980686481837,Seasonal_MA_2Y,102.5,2024-05-20,2023-05-22
8,APS-001,WHOLESALE,2025-05-26,106.0,Seasonal_Naive,121.75,2024-05-27,
8,APS-001,WHOLESALE,2025-05-26,106.0,Seasonal_MA_2Y,121.875,2024-05-27,2023-05-29
8,APS-001,WHOLESALE,2025-06-02,98.0,Seasonal_Naive,78.0,2024-06-03,
8,APS-001,WHOLESALE,2025-06-02,98.0,Seasonal_MA_2Y,78.5,2024-06-03,2023-06-05
8,APS-001,WHOLESALE,2025-06-09,60.00000000000001,Seasonal_Naive,103.0,2024-06-10,
8,APS-001,WHOLESALE,2025-06-09,60.00000000000001,Seasonal_MA_2Y,98.0,2024-06-10,2023-06-12
8,APS-001,WHOLESALE,2025-06-16,71.0,Seasonal_Naive,91.0,2024-06-17,
8,APS-001,WHOLESALE,2025-06-16,71.0,Seasonal_MA_2Y,79.5,2024-06-17,2023-06-19
8,APS-001,WHOLESALE,2025-06-23,43.0,Seasonal_Naive,89.0,2024-06-24,
8,APS-001,WHOLESALE,2025-06-23,43.0,Seasonal_MA_2Y,82.0,2024-06-24,2023-06-26
9,APS-001,WHOLESALE,2025-06-30,89.0,Seasonal_Naive,77.0,2024-07-01,
9,APS-001,WHOLESALE,2025-06-30,89.0,Seasonal_MA_2Y,64.5,2024-07-01,2023-07-03
9,APS-001,WHOLESALE,2025-07-07,74.0,Seasonal_Naive,115.0,2024-07-08,
9,APS-001,WHOLESALE,2025-07-07,74.0,Seasonal_MA_2Y,96.5,2024-07-08,2023-07-10
9,APS-001,WHOLESALE,2025-07-14,98.0,Seasonal_Naive,78.0,2024-07-15,
9,APS-001,WHOLESALE,2025-07-14,98.0,Seasonal_MA_2Y,69.0,2024-07-15,2023-07-17
9,APS-001,WHOLESALE,2025-07-21,96.0,Seasonal_Naive,99.0,2024-07-22,
9,APS-001,WHOLESALE,2025-07-21,96.0,Seasonal_MA_2Y,88.0,2024-07-22,2023-07-24
9,APS-001,WHOLESALE,2025-07-28,82.0,Seasonal_Naive,84.0,2024-07-29,
9,APS-001,WHOLESALE,2025-07-28,82.0,Seasonal_MA_2Y,76.0,2024-07-29,2023-07-31
9,APS-001,WHOLESALE,2025-08-04,90.00000000000001,Seasonal_Naive,93.0,2024-08-05,
9,APS-001,WHOLESALE,2025-08-04,90.00000000000001,Seasonal_MA_2Y,74.5,2024-08-05,2023-08-07
9,APS-001,WHOLESALE,2025-08-11,65.0,Seasonal_Naive,103.0,2024-08-12,
9,APS-001,WHOLESALE,2025-08-11,65.0,Seasonal_MA_2Y,91.5,2024-08-12,2023-08-14
9,APS-001,WHOLESALE,2025-08-18,95.0,Seasonal_Naive,89.5,2024-08-19,
9,APS-001,WHOLESALE,2025-08-18,95.0,Seasonal_MA_2Y,80.75,2024-08-19,2023-08-21
9,APS-001,WHOLESALE,2025-08-25,94.0,Seasonal_Naive,104.0,2024-08-26,
9,APS-001,WHOLESALE,2025-08-25,94.0,Seasonal_MA_2Y,83.0,2024-08-26,2023-08-28
9,APS-001,WHOLESALE,2025-09-01,114.0,Seasonal_Naive,168.0,2024-09-02,
9,APS-001,WHOLESALE,2025-09-01,114.0,Seasonal_MA_2Y,137.0,2024-09-02,2023-09-04
9,APS-001,WHOLESALE,2025-09-08,132.0,Seasonal_Naive,105.0,2024-09-09,
9,APS-001,WHOLESALE,2025-09-08,132.0,Seasonal_MA_2Y,104.5,2024-09-09,2023-09-11
9,APS-001,WHOLESALE,2025-09-15,131.0,Seasonal_Naive,170.0,2024-09-16,
9,APS-001,WHOLESALE,2025-09-15,131.0,Seasonal_MA_2Y,168.5,2024-09-16,2023-09-18
9,APS-001,WHOLESALE,2025-09-22,139.41543555682165,Seasonal_Naive,147.0,2024-09-23,
9,APS-001,WHOLESALE,2025-09-22,139.41543555682165,Seasonal_MA_2Y,163.125,2024-09-23,2023-09-25
10,APS-001,WHOLESALE,2025-09-29,189.0,Seasonal_Naive,156.0,2024-09-30,
10,APS-001,WHOLESALE,2025-09-29,189.0,Seasonal_MA_2Y,200.5,2024-09-30,2023-10-02
10,APS-001,WHOLESALE,2025-10-06,231.0,Seasonal_Naive,149.0,2024-10-07,
10,APS-001,WHOLESALE,2025-10-06,231.0,Seasonal_MA_2Y,194.6011034479506,2024-10-07,2023-10-09
10,APS-001,WHOLESALE,2025-10-13,139.0,Seasonal_Naive,185.0,2024-10-14,
10,APS-001,WHOLESALE,2025-10-13,139.0,Seasonal_MA_2Y,202.625,2024-10-14,2023-10-16
10,APS-001,WHOLESALE,2025-10-20,119.0,Seasonal_Naive,179.0,2024-10-21,
10,APS-001,WHOLESALE,2025-10-20,119.0,Seasonal_MA_2Y,193.0,2024-10-21,2023-10-23
10,APS-001,WHOLESALE,2025-10-27,223.0,Seasonal_Naive,199.0,2024-10-28,
10,APS-001,WHOLESALE,2025-10-27,223.0,Seasonal_MA_2Y,195.5,2024-10-28,2023-10-30
10,APS-001,WHOLESALE,2025-11-03,216.0,Seasonal_Naive,271.0,2024-11-04,
10,APS-001,WHOLESALE,2025-11-03,216.0,Seasonal_MA_2Y,272.6332073806358,2024-11-04,2023-11-06
10,APS-001,WHOLESALE,2025-11-10,200.0,Seasonal_Naive,296.0,2024-11-11,
10,APS-001,WHOLESALE,2025-11-10,200.0,Seasonal_MA_2Y,301.0,2024-11-11,2023-11-13
10,APS-001,WHOLESALE,2025-11-17,250.95478589887853,Seasonal_Naive,257.0,2024-11-18,
10,APS-001,WHOLESALE,2025-11-17,250.95478589887853,Seasonal_MA_2Y,260.125,2024-11-18,2023-11-20
10,APS-001,WHOLESALE,2025-11-24,242.00000000000003,Seasonal_Naive,321.0,2024-11-25,
10,APS-001,WHOLESALE,2025-11-24,242.00000000000003,Seasonal_MA_2Y,329.5,2024-11-25,2023-11-27
10,APS-001,WHOLESALE,2025-12-01,340.43142383274784,Seasonal_Naive,293.0,2024-12-02,
10,APS-001,WHOLESALE,2025-12-01,340.43142383274784,Seasonal_MA_2Y,322.3848593929424,2024-12-02,2023-12-04
10,APS-001,WHOLESALE,2025-12-08,229.49527876559412,Seasonal_Naive,339.75000000000006,2024-12-09,
10,APS-001,WHOLESALE,2025-12-08,229.49527876559412,Seasonal_MA_2Y,329.759068790068,2024-12-09,2023-12-11
10,APS-001,WHOLESALE,2025-12-15,294.30997289324944,Seasonal_Naive,179.55550955322667,2024-12-16,
10,APS-001,WHOLESALE,2025-12-15,294.30997289324944,Seasonal_MA_2Y,198.92353506637602,2024-12-16,2023-12-18
10,APS-001,WHOLESALE,2025-12-22,245.7074411179063,Seasonal_Naive,229.7161603880996,2024-12-23,
10,APS-001,WHOLESALE,2025-12-22,245.7074411179063,Seasonal_MA_2Y,209.85808019404982,2024-12-23,2023-12-25
11,APS-001,WHOLESALE,2025-12-29,250.6027536416755,Seasonal_Naive,237.5028855699272,2024-12-30,
11,APS-001,WHOLESALE,2025-12-29,250.6027536416755,Seasonal_MA_2Y,174.25144278496361,2024-12-30,2024-01-01
11,APS-001,WHOLESALE,2026-01-05,167.10796186623267,Seasonal_Naive,218.89288493171532,2025-01-06,
11,APS-001,WHOLESALE,2026-01-05,167.10796186623267,Seasonal_MA_2Y,256.39505532203856,2025-01-06,2024-01-08
11,APS-001,WHOLESALE,2026-01-12,179.95657080880054,Seasonal_Naive,274.0813136118392,2025-01-13,
11,APS-001,WHOLESALE,2026-01-12,179.95657080880054,Seasonal_MA_2Y,258.37985883045684,2025-01-13,2024-01-15
11,APS-001,WHOLESALE,2026-01-19,201.60962819079097,Seasonal_Naive,285.62044288436243,2025-01-20,
11,APS-001,WHOLESALE,2026-01-19,201.60962819079097,Seasonal_MA_2Y,263.52354672716115,2025-01-20,2024-01-22
11,APS-001,WHOLESALE,2026-01-26,254.0853502359416,Seasonal_Naive,172.5473928192082,2025-01-27,
11,APS-001,WHOLESALE,2026-01-26,254.0853502359416,Seasonal_MA_2Y,190.99705332791456,2025-01-27,2024-01-29
11,APS-001,WHOLESALE,2026-02-02,229.3010682194104,Seasonal_Naive,161.14567894277178,2025-02-03,
11,APS-001,WHOLESALE,2026-02-02,229.3010682194104,Seasonal_MA_2Y,181.8228394713859,2025-02-03,2024-02-05
11,APS-001,WHOLESALE,2026-02-09,249.57867232009372,Seasonal_Naive,246.345048940984,2025-02-10,
11,APS-001,WHOLESALE,2026-02-09,249.57867232009372,Seasonal_MA_2Y,233.17560259338813,2025-02-10,2024-02-12
11,APS-001,WHOLESALE,2026-02-16,261.7959303721706,Seasonal_Naive,261.3480501599058,2025-02-17,
11,APS-001,WHOLESALE,2026-02-16,261.7959303721706,Seasonal_MA_2Y,218.26979943605642,2025-02-17,2024-02-19
11,APS-001,WHOLESALE,2026-02-23,207.50641543611405,Seasonal_Naive,193.71508388214923,2025-02-24,
11,APS-001,WHOLESALE,2026-02-23,207.50641543611405,Seasonal_MA_2Y,206.22697663604217,2025-02-24,2024-02-26
11,APS-001,WHOLESALE,2026-03-02,229.95491821893685,Seasonal_Naive,171.874371525005,2025-03-03,
11,APS-001,WHOLESALE,2026-03-02,229.95491821893685,Seasonal_MA_2Y,149.73645444360218,2025-03-03,2024-03-04
11,APS-001,WHOLESALE,2026-03-09,155.6095278424043,Seasonal_Naive,165.32523190400772,2025-03-10,
11,APS-001,WHOLESALE,2026-03-09,155.6095278424043,Seasonal_MA_2Y,177.56650925089696,2025-03-10,2024-03-11
11,APS-001,WHOLESALE,2026-03-16,167.56662894473018,Seasonal_Naive,161.5,2025-03-17,
11,APS-001,WHOLESALE,2026-03-16,167.56662894473018,Seasonal_MA_2Y,175.72968900647095,2025-03-17,2024-03-18
11,APS-001,WHOLESALE,2026-03-23,160.68211083799076,Seasonal_Naive,161.0,2025-03-24,
11,APS-001,WHOLESALE,2026-03-23,160.68211083799076,Seasonal_MA_2Y,147.9192134447738,2025-03-24,2024-03-25
12,APS-001,WHOLESALE,2026-03-30,126.10992270341715,Seasonal_Naive,161.9903709321103,2025-03-31,
12,APS-001,WHOLESALE,2026-03-30,126.10992270341715,Seasonal_MA_2Y,162.20777461140233,2025-03-31,2024-04-01
12,APS-001,WHOLESALE,2026-04-06,127.0,Seasonal_Naive,107.38898966676284,2025-04-07,
12,APS-001,WHOLESALE,2026-04-06,127.0,Seasonal_MA_2Y,121.95986077316627,2025-04-07,2024-04-08
12,APS-001,WHOLESALE,2026-04-13,132.09354326986434,Seasonal_Naive,131.5,2025-04-14,
12,APS-001,WHOLESALE,2026-04-13,132.09354326986434,Seasonal_MA_2Y,110.67565063633842,2025-04-14,2024-04-15
12,APS-001,WHOLESALE,2026-04-20,114.5463236664164,Seasonal_Naive,91.28801662649586,2025-04-21,
12,APS-001,WHOLESALE,2026-04-20,114.5463236664164,Seasonal_MA_2Y,110.64400831324792,2025-04-21,2024-04-22
12,APS-001,WHOLESALE,2026-04-27,110.5,Seasonal_Naive,119.42133768846914,2025-04-28,
12,APS-001,WHOLESALE,2026-04-27,110.5,Seasonal_MA_2Y,130.59639217679714,2025-04-28,2024-04-29
12,APS-001,WHOLESALE,2026-05-04,73.375,Seasonal_Naive,90.0,2025-05-05,
12,APS-001,WHOLESALE,2026-05-04,73.375,Seasonal_MA_2Y,82.5,2025-05-05,2024-05-06
12,APS-001,WHOLESALE,2026-05-11,128.18630558816648,Seasonal_Naive,108.03695512033462,2025-05-12,
12,APS-001,WHOLESALE,2026-05-11,128.18630558816648,Seasonal_MA_2Y,106.01847756016731,2025-05-12,2024-05-13
12,APS-001,WHOLESALE,2026-05-18,70.0,Seasonal_Naive,136.9980686481837,2025-05-19,
12,APS-001,WHOLESALE,2026-05-18,70.0,Seasonal_MA_2Y,113.99903432409185,2025-05-19,2024-05-20
12,APS-001,WHOLESALE,2026-05-25,93.0,Seasonal_Naive,106.0,2025-05-26,
12,APS-001,WHOLESALE,2026-05-25,93.0,Seasonal_MA_2Y,113.875,2025-05-26,2024-05-27
12,APS-001,WHOLESALE,2026-06-01,72.35339721840137,Seasonal_Naive,98.0,2025-06-02,
12,APS-001,WHOLESALE,2026-06-01,72.35339721840137,Seasonal_MA_2Y,88.0,2025-06-02,2024-06-03
12,APS-001,WHOLESALE,2026-06-08,75.0,Seasonal_Naive,60.00000000000001,2025-06-09,
12,APS-001,WHOLESALE,2026-06-08,75.0,Seasonal_MA_2Y,81.5,2025-06-09,2024-06-10
12,APS-001,WHOLESALE,2026-06-15,114.0,Seasonal_Naive,71.0,2025-06-16,
12,APS-001,WHOLESALE,2026-06-15,114.0,Seasonal_MA_2Y,81.0,2025-06-16,2024-06-17
12,APS-001,WHOLESALE,2026-06-22,82.0,Seasonal_Naive,43.0,2025-06-23,
12,APS-001,WHOLESALE,2026-06-22,82.0,Seasonal_MA_2Y,66.0,2025-06-23,2024-06-24
1,CTS-001,ECOM,2023-07-03,345.0,Seasonal_Naive,371.0,2022-07-04,
1,CTS-001,ECOM,2023-07-03,345.0,Seasonal_MA_2Y,335.0,2022-07-04,2021-07-05
1,CTS-001,ECOM,2023-07-10,368.0,Seasonal_Naive,360.0,2022-07-11,
1,CTS-001,ECOM,2023-07-10,368.0,Seasonal_MA_2Y,331.0,2022-07-11,2021-07-12
1,CTS-001,ECOM,2023-07-17,353.0,Seasonal_Naive,361.0,2022-07-18,
1,CTS-001,ECOM,2023-07-17,353.0,Seasonal_MA_2Y,328.5,2022-07-18,2021-07-19
1,CTS-001,ECOM,2023-07-24,341.0,Seasonal_Naive,351.0,2022-07-25,
1,CTS-001,ECOM,2023-07-24,341.0,Seasonal_MA_2Y,326.5,2022-07-25,2021-07-26
1,CTS-001,ECOM,2023-07-31,338.0,Seasonal_Naive,379.0,2022-08-01,
1,CTS-001,ECOM,2023-07-31,338.0,Seasonal_MA_2Y,387.5,2022-08-01,2021-08-02
1,CTS-001,ECOM,2023-08-07,366.0,Seasonal_Naive,366.0,2022-08-08,
1,CTS-001,ECOM,2023-08-07,366.0,Seasonal_MA_2Y,348.5,2022-08-08,2021-08-09
1,CTS-001,ECOM,2023-08-14,393.0,Seasonal_Naive,352.0,2022-08-15,
1,CTS-001,ECOM,2023-08-14,393.0,Seasonal_MA_2Y,348.5,2022-08-15,2021-08-16
1,CTS-001,ECOM,2023-08-21,391.0,Seasonal_Naive,337.0,2022-08-22,
1,CTS-001,ECOM,2023-08-21,391.0,Seasonal_MA_2Y,339.0,2022-08-22,2021-08-23
1,CTS-001,ECOM,2023-08-28,325.0,Seasonal_Naive,342.0,2022-08-29,
1,CTS-001,ECOM,2023-08-28,325.0,Seasonal_MA_2Y,317.0,2022-08-29,2021-08-30
1,CTS-001,ECOM,2023-09-04,404.0,Seasonal_Naive,506.0,2022-09-05,
1,CTS-001,ECOM,2023-09-04,404.0,Seasonal_MA_2Y,446.0,2022-09-05,2021-09-06
1,CTS-001,ECOM,2023-09-11,486.0,Seasonal_Naive,373.0,2022-09-12,
1,CTS-001,ECOM,2023-09-11,486.0,Seasonal_MA_2Y,368.0,2022-09-12,2021-09-13
1,CTS-001,ECOM,2023-09-18,431.0,Seasonal_Naive,379.0,2022-09-19,
1,CTS-001,ECOM,2023-09-18,431.0,Seasonal_MA_2Y,383.5,2022-09-19,2021-09-20
1,CTS-001,ECOM,2023-09-25,492.25,Seasonal_Naive,432.0,2022-09-26,
1,CTS-001,ECOM,2023-09-25,492.25,Seasonal_MA_2Y,421.5,2022-09-26,2021-09-27
2,CTS-001,ECOM,2023-10-02,507.0000000000001,Seasonal_Naive,489.0,2022-10-03,
2,CTS-001,ECOM,2023-10-02,507.0000000000001,Seasonal_MA_2Y,443.5,2022-10-03,2021-10-04
2,CTS-001,ECOM,2023-10-09,512.0,Seasonal_Naive,408.0,2022-10-10,
2,CTS-001,ECOM,2023-10-09,512.0,Seasonal_MA_2Y,429.5,2022-10-10,2021-10-11
2,CTS-001,ECOM,2023-10-16,481.0,Seasonal_Naive,555.0,2022-10-17,
2,CTS-001,ECOM,2023-10-16,481.0,Seasonal_MA_2Y,507.5,2022-10-17,2021-10-18
2,CTS-001,ECOM,2023-10-23,526.0,Seasonal_Naive,523.0,2022-10-24,
2,CTS-001,ECOM,2023-10-23,526.0,Seasonal_MA_2Y,495.5,2022-10-24,2021-10-25
2,CTS-001,ECOM,2023-10-30,643.0,Seasonal_Naive,501.0,2022-10-31,
2,CTS-001,ECOM,2023-10-30,643.0,Seasonal_MA_2Y,481.5,2022-10-31,2021-11-01
2,CTS-001,ECOM,2023-11-06,568.0,Seasonal_Naive,520.0,2022-11-07,
2,CTS-001,ECOM,2023-11-06,568.0,Seasonal_MA_2Y,511.0,2022-11-07,2021-11-08
2,CTS-001,ECOM,2023-11-13,576.0,Seasonal_Naive,659.0,2022-11-14,
2,CTS-001,ECOM,2023-11-13,576.0,Seasonal_MA_2Y,552.5,2022-11-14,2021-11-15
2,CTS-001,ECOM,2023-11-20,671.0,Seasonal_Naive,550.2485870247394,2022-11-21,
2,CTS-001,ECOM,2023-11-20,671.0,Seasonal_MA_2Y,535.1242935123697,2022-11-21,2021-11-22
2,CTS-001,ECOM,2023-11-27,686.0,Seasonal_Naive,588.0,2022-11-28,
2,CTS-001,ECOM,2023-11-27,686.0,Seasonal_MA_2Y,539.6858518132705,2022-11-28,2021-11-29
2,CTS-001,ECOM,2023-12-04,495.04120273718064,Seasonal_Naive,505.3978947120163,2022-12-05,
2,CTS-001,ECOM,2023-12-04,495.04120273718064,Seasonal_MA_2Y,480.92151902619,2022-12-05,2021-12-06
2,CTS-001,ECOM,2023-12-11,538.0144268220449,Seasonal_Naive,608.1983270268839,2022-12-12,
2,CTS-001,ECOM,2023-12-11,538.0144268220449,Seasonal_MA_2Y,531.0389848706996,2022-12-12,2021-12-13
2,CTS-001,ECOM,2023-12-18,529.1822957238819,Seasonal_Naive,585.2627404695235,2022-12-19,
2,CTS-001,ECOM,2023-12-18,529.1822957238819,Seasonal_MA_2Y,552.0711915920193,2022-12-19,2021-12-20
2,CTS-001,ECOM,2023-12-25,514.1603437466987,Seasonal_Naive,519.305212424291,2022-12-26,
2,CTS-001,ECOM,2023-12-25,514.1603437466987,Seasonal_MA_2Y,496.20045468041445,2022-12-26,2021-12-27
3,CTS-001,ECOM,2024-01-01,343.0990029331898,Seasonal_Naive,378.2898347919565,2023-01-02,
3,CTS-001,ECOM,2024-01-01,343.0990029331898,Seasonal_MA_2Y,346.30079297525856,2023-01-02,2022-01-03
3,CTS-001,ECOM,2024-01-08,378.6327703676555,Seasonal_Naive,327.4178649010354,2023-01-09,
3,CTS-001,ECOM,2024-01-08,378.6327703676555,Seasonal_MA_2Y,306.63949064581254,2023-01-09,2022-01-10
3,CTS-001,ECOM,2024-01-15,360.8001035282291,Seasonal_Naive,303.0,2023-01-16,
3,CTS-001,ECOM,2024-01-15,360.8001035282291,Seasonal_MA_2Y,281.5,2023-01-16,2022-01-17
3,CTS-001,ECOM,2024-01-22,317.30058989565856,Seasonal_Naive,306.0,2023-01-23,
3,CTS-001,ECOM,2024-01-22,317.30058989565856,Seasonal_MA_2Y,305.5,2023-01-23,2022-01-24
3,CTS-001,ECOM,2024-01-29,317.0,Seasonal_Naive,337.1409680246827,2023-01-30,
3,CTS-001,ECOM,2024-01-29,317.0,Seasonal_MA_2Y,321.1083856268282,2023-01-30,2022-01-31
3,CTS-001,ECOM,2024-02-05,303.5,Seasonal_Naive,293.0,2023-02-06,
3,CTS-001,ECOM,2024-02-05,303.5,Seasonal_MA_2Y,305.0,2023-02-06,2022-02-07
3,CTS-001,ECOM,2024-02-12,319.0,Seasonal_Naive,343.0,2023-02-13,
3,CTS-001,ECOM,2024-02-12,319.0,Seasonal_MA_2Y,326.0,2023-02-13,2022-02-14
3,CTS-001,ECOM,2024-02-19,293.0,Seasonal_Naive,342.06699549728626,2023-02-20,
3,CTS-001,ECOM,2024-02-19,293.0,Seasonal_MA_2Y,336.03349774864313,2023-02-20,2022-02-21
3,CTS-001,ECOM,2024-02-26,347.0,Seasonal_Naive,329.0,2023-02-27,
3,CTS-001,ECOM,2024-02-26,347.0,Seasonal_MA_2Y,296.0,2023-02-27,2022-02-28
3,CTS-001,ECOM,2024-03-04,332.0,Seasonal_Naive,347.0,2023-03-06,
3,CTS-001,ECOM,2024-03-04,332.0,Seasonal_MA_2Y,322.5,2023-03-06,2022-03-07
3,CTS-001,ECOM,2024-03-11,320.71584153152287,Seasonal_Naive,321.178323115723,2023-03-13,
3,CTS-001,ECOM,2024-03-11,320.71584153152287,Seasonal_MA_2Y,302.08916155786153,2023-03-13,2022-03-14
3,CTS-001,ECOM,2024-03-18,318.0,Seasonal_Naive,329.0,2023-03-20,
3,CTS-001,ECOM,2024-03-18,318.0,Seasonal_MA_2Y,281.5,2023-03-20,2022-03-21
3,CTS-001,ECOM,2024-03-25,323.0,Seasonal_Naive,344.0,2023-03-27,
3,CTS-001,ECOM,2024-03-25,323.0,Seasonal_MA_2Y,311.5,2023-03-27,2022-03-28
4,CTS-001,ECOM,2024-04-01,419.0,Seasonal_Naive,345.35281374553426,2023-04-03,
4,CTS-001,ECOM,2024-04-01,419.0,Seasonal_MA_2Y,339.67640687276713,2023-04-03,2022-04-04
4,CTS-001,ECOM,2024-04-08,386.0,Seasonal_Naive,364.0,2023-04-10,
4,CTS-001,ECOM,2024-04-08,386.0,Seasonal_MA_2Y,352.0,2023-04-10,2022-04-11
4,CTS-001,ECOM,2024-04-15,365.0,Seasonal_Naive,383.0,2023-04-17,
4,CTS-001,ECOM,2024-04-15,365.0,Seasonal_MA_2Y,387.5,2023-04-17,2022-04-18
4,CTS-001,ECOM,2024-04-22,367.0,Seasonal_Naive,312.7533066706921,2023-04-24,
4,CTS-001,ECOM,2024-04-22,367.0,Seasonal_MA_2Y,303.8766533353461,2023-04-24,2022-04-25
4,CTS-001,ECOM,2024-04-29,367.9301470622461,Seasonal_Naive,387.0,2023-05-01,
4,CTS-001,ECOM,2024-04-29,367.9301470622461,Seasonal_MA_2Y,387.5,2023-05-01,2022-05-02
4,CTS-001,ECOM,2024-05-06,358.0,Seasonal_Naive,362.0,2023-05-08,
4,CTS-001,ECOM,2024-05-06,358.0,Seasonal_MA_2Y,349.0,2023-05-08,2022-05-09
4,CTS-001,ECOM,2024-05-13,383.35728305666265,Seasonal_Naive,427.51200868639575,2023-05-15,
4,CTS-001,ECOM,2024-05-13,383.35728305666265,Seasonal_MA_2Y,388.9483181433134,2023-05-15,2022-05-16
4,CTS-001,ECOM,2024-05-20,412.8599878708122,Seasonal_Naive,425.0,2023-05-22,
4,CTS-001,ECOM,2024-05-20,412.8599878708122,Seasonal_MA_2Y,377.0,2023-05-22,2022-05-23
4,CTS-001,ECOM,2024-05-27,411.0,Seasonal_Naive,366.1373015786872,2023-05-29,
4,CTS-001,ECOM,2024-05-27,411.0,Seasonal_MA_2Y,344.56865078934356,2023-05-29,2022-05-30
4,CTS-001,ECOM,2024-06-03,365.5236609508904,Seasonal_Naive,331.9349516497168,2023-06-05,
4,CTS-001,ECOM,2024-06-03,365.5236609508904,Seasonal_MA_2Y,323.38504649717424,2023-06-05,2022-06-06
4,CTS-001,ECOM,2024-06-10,367.0,Seasonal_Naive,349.0,2023-06-12,
4,CTS-001,ECOM,2024-06-10,367.0,Seasonal_MA_2Y,327.5,2023-06-12,2022-06-13
4,CTS-001,ECOM,2024-06-17,336.0,Seasonal_Naive,349.0,2023-06-19,
4,CTS-001,ECOM,2024-06-17,336.0,Seasonal_MA_2Y,341.5,2023-06-19,2022-06-20
4,CTS-001,ECOM,2024-06-24,380.6644744597375,Seasonal_Naive,365.0027058775448,2023-06-26,
4,CTS-001,ECOM,2024-06-24,380.6644744597375,Seasonal_MA_2Y,329.419451594904,2023-06-26,2022-06-27
5,CTS-001,ECOM,2024-07-01,450.0,Seasonal_Naive,345.0,2023-07-03,
5,CTS-001,ECOM,2024-07-01,450.0,Seasonal_MA_2Y,358.0,2023-07-03,2022-07-04
5,CTS-001,ECOM,2024-07-08,432.0,Seasonal_Naive,368.0,2023-07-10,
5,CTS-001,ECOM,2024-07-08,432.0,Seasonal_MA_2Y,364.0,2023-07-10,2022-07-11
5,CTS-001,ECOM,2024-07-15,395.0,Seasonal_Naive,353.0,2023-07-17,
5,CTS-001,ECOM,2024-07-15,395.0,Seasonal_MA_2Y,357.0,2023-07-17,2022-07-18
5,CTS-001,ECOM,2024-07-22,390.0,Seasonal_Naive,341.0,2023-07-24,
5,CTS-001,ECOM,2024-07-22,390.0,Seasonal_MA_2Y,346.0,2023-07-24,2022-07-25
5,CTS-001,ECOM,2024-07-29,375.0,Seasonal_Naive,338.0,2023-07-31,
5,CTS-001,ECOM,2024-07-29,375.0,Seasonal_MA_2Y,358.5,2023-07-31,2022-08-01
5,CTS-001,ECOM,2024-08-05,392.0,Seasonal_Naive,366.0,2023-08-07,
5,CTS-001,ECOM,2024-08-05,392.0,Seasonal_MA_2Y,366.0,2023-08-07,2022-08-08
5,CTS-001,ECOM,2024-08-12,412.0,Seasonal_Naive,393.0,2023-08-14,
5,CTS-001,ECOM,2024-08-12,412.0,Seasonal_MA_2Y,372.5,2023-08-14,2022-08-15
5,CTS-001,ECOM,2024-08-19,407.0,Seasonal_Naive,391.0,2023-08-21,
5,CTS-001,ECOM,2024-08-19,407.0,Seasonal_MA_2Y,364.0,2023-08-21,2022-08-22
5,CTS-001,ECOM,2024-08-26,413.0,Seasonal_Naive,325.0,2023-08-28,
5,CTS-001,ECOM,2024-08-26,413.0,Seasonal_MA_2Y,333.5,2023-08-28,2022-08-29
5,CTS-001,ECOM,2024-09-02,480.0,Seasonal_Naive,404.0,2023-09-04,
5,CTS-001,ECOM,2024-09-02,480.0,Seasonal_MA_2Y,455.0,2023-09-04,2022-09-05
5,CTS-001,ECOM,2024-09-09,522.0,Seasonal_Naive,486.0,2023-09-11,
5,CTS-001,ECOM,2024-09-09,522.0,Seasonal_MA_2Y,429.5,2023-09-11,2022-09-12
5,CTS-001,ECOM,2024-09-16,501.0,Seasonal_Naive,431.0,2023-09-18,
5,CTS-001,ECOM,2024-09-16,501.0,Seasonal_MA_2Y,405.0,2023-09-18,2022-09-19
5,CTS-001,ECOM,2024-09-23,512.0,Seasonal_Naive,492.25,2023-09-25,
5,CTS-001,ECOM,2024-09-23,512.0,Seasonal_MA_2Y,462.125,2023-09-25,2022-09-26
6,CTS-001,ECOM,2024-09-30,517.0,Seasonal_Naive,507.0000000000001,2023-10-02,
6,CTS-001,ECOM,2024-09-30,517.0,Seasonal_MA_2Y,498.00000000000006,2023-10-02,2022-10-03
6,CTS-001,ECOM,2024-10-07,621.0,Seasonal_Naive,512.0,2023-10-09,
6,CTS-001,ECOM,2024-10-07,621.0,Seasonal_MA_2Y,460.0,2023-10-09,2022-10-10
6,CTS-001,ECOM,2024-10-14,543.0,Seasonal_Naive,481.0,2023-10-16,
6,CTS-001,ECOM,2024-10-14,543.0,Seasonal_MA_2Y,518.0,2023-10-16,2022-10-17
6,CTS-001,ECOM,2024-10-21,549.0,Seasonal_Naive,526.0,2023-10-23,
6,CTS-001,ECOM,2024-10-21,549.0,Seasonal_MA_2Y,524.5,2023-10-23,2022-10-24
6,CTS-001,ECOM,2024-10-28,633.0,Seasonal_Naive,643.0,2023-10-30,
6,CTS-001,ECOM,2024-10-28,633.0,Seasonal_MA_2Y,572.0,2023-10-30,2022-10-31
6,CTS-001,ECOM,2024-11-04,569.0,Seasonal_Naive,568.0,2023-11-06,
6,CTS-001,ECOM,2024-11-04,569.0,Seasonal_MA_2Y,544.0,2023-11-06,2022-11-07
6,CTS-001,ECOM,2024-11-11,656.0,Seasonal_Naive,576.0,2023-11-13,
6,CTS-001,ECOM,2024-11-11,656.0,Seasonal_MA_2Y,617.5,2023-11-13,2022-11-14
6,CTS-001,ECOM,2024-11-18,544.0,Seasonal_Naive,671.0,2023-11-20,
6,CTS-001,ECOM,2024-11-18,544.0,Seasonal_MA_2Y,610.6242935123697,2023-11-20,2022-11-21
6,CTS-001,ECOM,2024-11-25,658.0,Seasonal_Naive,686.0,2023-11-27,
6,CTS-001,ECOM,2024-11-25,658.0,Seasonal_MA_2Y,637.0,2023-11-27,2022-11-28
6,CTS-001,ECOM,2024-12-02,534.0,Seasonal_Naive,495.04120273718064,2023-12-04,
6,CTS-001,ECOM,2024-12-02,534.0,Seasonal_MA_2Y,500.21954872459844,2023-12-04,2022-12-05
6,CTS-001,ECOM,2024-12-09,616.0,Seasonal_Naive,538.0144268220449,2023-12-11,
6,CTS-001,ECOM,2024-12-09,616.0,Seasonal_MA_2Y,573.1063769244645,2023-12-11,2022-12-12
6,CTS-001,ECOM,2024-12-16,572.7520800615882,Seasonal_Naive,529.1822957238819,2023-12-18,
6,CTS-001,ECOM,2024-12-16,572.7520800615882,Seasonal_MA_2Y,557.2225180967027,2023-12-18,2022-12-19
6,CTS-001,ECOM,2024-12-23,622.840927138526,Seasonal_Naive,514.1603437466987,2023-12-25,
6,CTS-001,ECOM,2024-12-23,622.840927138526,Seasonal_MA_2Y,516.7327780854948,2023-12-25,2022-12-26
7,CTS-001,ECOM,2024-12-30,398.58968463598575,Seasonal_Naive,343.0990029331898,2024-01-01,
7,CTS-001,ECOM,2024-12-30,398.58968463598575,Seasonal_MA_2Y,360.6944188625731,2024-01-01,2023-01-02
7,CTS-001,ECOM,2025-01-06,362.5249259933721,Seasonal_Naive,378.6327703676555,2024-01-08,
7,CTS-001,ECOM,2025-01-06,362.5249259933721,Seasonal_MA_2Y,353.02531763434547,2024-01-08,2023-01-09
7,CTS-001,ECOM,2025-01-13,440.5,Seasonal_Naive,360.8001035282291,2024-01-15,
7,CTS-001,ECOM,2025-01-13,440.5,Seasonal_MA_2Y,331.90005176411455,2024-01-15,2023-01-16
7,CTS-001,ECOM,2025-01-20,367.0,Seasonal_Naive,317.30058989565856,2024-01-22,
7,CTS-001,ECOM,2025-01-20,367.0,Seasonal_MA_2Y,311.65029494782925,2024-01-22,2023-01-23
7,CTS-001,ECOM,2025-01-27,379.5380769999546,Seasonal_Naive,317.0,2024-01-29,
7,CTS-001,ECOM,2025-01-27,379.5380769999546,Seasonal_MA_2Y,327.07048401234135,2024-01-29,2023-01-30
7,CTS-001,ECOM,2025-02-03,478.5,Seasonal_Naive,303.5,2024-02-05,
7,CTS-001,ECOM,2025-02-03,478.5,Seasonal_MA_2Y,298.25,2024-02-05,2023-02-06
7,CTS-001,ECOM,2025-02-10,374.0,Seasonal_Naive,319.0,2024-02-12,
7,CTS-001,ECOM,2025-02-10,374.0,Seasonal_MA_2Y,331.0,2024-02-12,2023-02-13
7,CTS-001,ECOM,2025-02-17,352.63401464654777,Seasonal_Naive,293.0,2024-02-19,
7,CTS-001,ECOM,2025-02-17,352.63401464654777,Seasonal_MA_2Y,317.53349774864313,2024-02-19,2023-02-20
7,CTS-001,ECOM,2025-02-24,307.0,Seasonal_Naive,347.0,2024-02-26,
7,CTS-001,ECOM,2025-02-24,307.0,Seasonal_MA_2Y,338.0,2024-02-26,2023-02-27
7,CTS-001,ECOM,2025-03-03,388.0,Seasonal_Naive,332.0,2024-03-04,
7,CTS-001,ECOM,2025-03-03,388.0,Seasonal_MA_2Y,339.5,2024-03-04,2023-03-06
7,CTS-001,ECOM,2025-03-10,393.0,Seasonal_Naive,320.71584153152287,2024-03-11,
7,CTS-001,ECOM,2025-03-10,393.0,Seasonal_MA_2Y,320.9470823236229,2024-03-11,2023-03-13
7,CTS-001,ECOM,2025-03-17,412.0,Seasonal_Naive,318.0,2024-03-18,
7,CTS-001,ECOM,2025-03-17,412.0,Seasonal_MA_2Y,323.5,2024-03-18,2023-03-20
7,CTS-001,ECOM,2025-03-24,385.90364978416784,Seasonal_Naive,323.0,2024-03-25,
7,CTS-001,ECOM,2025-03-24,385.90364978416784,Seasonal_MA_2Y,333.5,2024-03-25,2023-03-27
8,CTS-001,ECOM,2025-03-31,442.0,Seasonal_Naive,419.0,2024-04-01,
8,CTS-001,ECOM,2025-03-31,442.0,Seasonal_MA_2Y,382.17640687276713,2024-04-01,2023-04-03
8,CTS-001,ECOM,2025-04-07,431.0,Seasonal_Naive,386.0,2024-04-08,
8,CTS-001,ECOM,2025-04-07,431.0,Seasonal_MA_2Y,375.0,2024-04-08,2023-04-10
8,CTS-001,ECOM,2025-04-14,441.0,Seasonal_Naive,365.0,2024-04-15,
8,CTS-001,ECOM,2025-04-14,441.0,Seasonal_MA_2Y,374.0,2024-04-15,2023-04-17
8,CTS-001,ECOM,2025-04-21,352.0,Seasonal_Naive,367.0,2024-04-22,
8,CTS-001,ECOM,2025-04-21,352.0,Seasonal_MA_2Y,339.8766533353461,2024-04-22,2023-04-24
8,CTS-001,ECOM,2025-04-28,372.0,Seasonal_Naive,367.9301470622461,2024-04-29,
8,CTS-001,ECOM,2025-04-28,372.0,Seasonal_MA_2Y,377.46507353112304,2024-04-29,2023-05-01
8,CTS-001,ECOM,2025-05-05,449.0,Seasonal_Naive,358.0,2024-05-06,
8,CTS-001,ECOM,2025-05-05,449.0,Seasonal_MA_2Y,360.0,2024-05-06,2023-05-08
8,CTS-001,ECOM,2025-05-12,427.0,Seasonal_Naive,383.35728305666265,2024-05-13,
8,CTS-001,ECOM,2025-05-12,427.0,Seasonal_MA_2Y,405.4346458715292,2024-05-13,2023-05-15
8,CTS-001,ECOM,2025-05-19,396.0,Seasonal_Naive,412.8599878708122,2024-05-20,
8,CTS-001,ECOM,2025-05-19,396.0,Seasonal_MA_2Y,418.92999393540606,2024-05-20,2023-05-22
8,CTS-001,ECOM,2025-05-26,405.0,Seasonal_Naive,411.0,2024-05-27,
8,CTS-001,ECOM,2025-05-26,405.0,Seasonal_MA_2Y,388.56865078934356,2024-05-27,2023-05-29
8,CTS-001,ECOM,2025-06-02,425.4197412073811,Seasonal_Naive,365.5236609508904,2024-06-03,
8,CTS-001,ECOM,2025-06-02,425.4197412073811,Seasonal_MA_2Y,348.7293063003036,2024-06-03,2023-06-05
8,CTS-001,ECOM,2025-06-09,411.0,Seasonal_Naive,367.0,2024-06-10,
8,CTS-001,ECOM,2025-06-09,411.0,Seasonal_MA_2Y,358.0,2024-06-10,2023-06-12
8,CTS-001,ECOM,2025-06-16,408.0,Seasonal_Naive,336.0,2024-06-17,
8,CTS-001,ECOM,2025-06-16,408.0,Seasonal_MA_2Y,342.5,2024-06-17,2023-06-19
8,CTS-001,ECOM,2025-06-23,376.3113341185502,Seasonal_Naive,380.6644744597375,2024-06-24,
8,CTS-001,ECOM,2025-06-23,376.3113341185502,Seasonal_MA_2Y,372.8335901686412,2024-06-24,2023-06-26
9,CTS-001,ECOM,2025-06-30,411.0,Seasonal_Naive,450.0,2024-07-01,
9,CTS-001,ECOM,2025-06-30,411.0,Seasonal_MA_2Y,397.5,2024-07-01,2023-07-03
9,CTS-001,ECOM,2025-07-07,453.0,Seasonal_Naive,432.0,2024-07-08,
9,CTS-001,ECOM,2025-07-07,453.0,Seasonal_MA_2Y,400.0,2024-07-08,2023-07-10
9,CTS-001,ECOM,2025-07-14,417.0,Seasonal_Naive,395.0,2024-07-15,
9,CTS-001,ECOM,2025-07-14,417.0,Seasonal_MA_2Y,374.0,2024-07-15,2023-07-17
9,CTS-001,ECOM,2025-07-21,430.0,Seasonal_Naive,390.0,2024-07-22,
9,CTS-001,ECOM,2025-07-21,430.0,Seasonal_MA_2Y,365.5,2024-07-22,2023-07-24
9,CTS-001,ECOM,2025-07-28,453.0,Seasonal_Naive,375.0,2024-07-29,
9,CTS-001,ECOM,2025-07-28,453.0,Seasonal_MA_2Y,356.5,2024-07-29,2023-07-31
9,CTS-001,ECOM,2025-08-04,458.0,Seasonal_Naive,392.0,2024-08-05,
9,CTS-001,ECOM,2025-08-04,458.0,Seasonal_MA_2Y,379.0,2024-08-05,2023-08-07
9,CTS-001,ECOM,2025-08-11,510.0,Seasonal_Naive,412.0,2024-08-12,
9,CTS-001,ECOM,2025-08-11,510.0,Seasonal_MA_2Y,402.5,2024-08-12,2023-08-14
9,CTS-001,ECOM,2025-08-18,398.0,Seasonal_Naive,407.0,2024-08-19,
9,CTS-001,ECOM,2025-08-18,398.0,Seasonal_MA_2Y,399.0,2024-08-19,2023-08-21
9,CTS-001,ECOM,2025-08-25,414.00000000000006,Seasonal_Naive,413.0,2024-08-26,
9,CTS-001,ECOM,2025-08-25,414.00000000000006,Seasonal_MA_2Y,369.0,2024-08-26,2023-08-28
9,CTS-001,ECOM,2025-09-01,580.0,Seasonal_Naive,480.0,2024-09-02,
9,CTS-001,ECOM,2025-09-01,580.0,Seasonal_MA_2Y,442.0,2024-09-02,2023-09-04
9,CTS-001,ECOM,2025-09-08,576.0,Seasonal_Naive,522.0,2024-09-09,
9,CTS-001,ECOM,2025-09-08,576.0,Seasonal_MA_2Y,504.0,2024-09-09,2023-09-11
9,CTS-001,ECOM,2025-09-15,557.0,Seasonal_Naive,501.0,2024-09-16,
9,CTS-001,ECOM,2025-09-15,557.0,Seasonal_MA_2Y,466.0,2024-09-16,2023-09-18
9,CTS-001,ECOM,2025-09-22,550.897363703278,Seasonal_Naive,512.0,2024-09-23,
9,CTS-001,ECOM,2025-09-22,550.897363703278,Seasonal_MA_2Y,502.125,2024-09-23,2023-09-25
10,CTS-001,ECOM,2025-09-29,583.0,Seasonal_Naive,517.0,2024-09-30,
10,CTS-001,ECOM,2025-09-29,583.0,Seasonal_MA_2Y,512.0,2024-09-30,2023-10-02
10,CTS-001,ECOM,2025-10-06,606.0,Seasonal_Naive,621.0,2024-10-07,
10,CTS-001,ECOM,2025-10-06,606.0,Seasonal_MA_2Y,566.5,2024-10-07,2023-10-09
10,CTS-001,ECOM,2025-10-13,628.9999999999999,Seasonal_Naive,543.0,2024-10-14,
10,CTS-001,ECOM,2025-10-13,628.9999999999999,Seasonal_MA_2Y,512.0,2024-10-14,2023-10-16
10,CTS-001,ECOM,2025-10-20,581.0,Seasonal_Naive,549.0,2024-10-21,
10,CTS-001,ECOM,2025-10-20,581.0,Seasonal_MA_2Y,537.5,2024-10-21,2023-10-23
10,CTS-001,ECOM,2025-10-27,695.0,Seasonal_Naive,633.0,2024-10-28,
10,CTS-001,ECOM,2025-10-27,695.0,Seasonal_MA_2Y,638.0,2024-10-28,2023-10-30
10,CTS-001,ECOM,2025-11-03,643.0,Seasonal_Naive,569.0,2024-11-04,
10,CTS-001,ECOM,2025-11-03,643.0,Seasonal_MA_2Y,568.5,2024-11-04,2023-11-06
10,CTS-001,ECOM,2025-11-10,682.8445338487589,Seasonal_Naive,656.0,2024-11-11,
10,CTS-001,ECOM,2025-11-10,682.8445338487589,Seasonal_MA_2Y,616.0,2024-11-11,2023-11-13
10,CTS-001,ECOM,2025-11-17,595.50841510194,Seasonal_Naive,544.0,2024-11-18,
10,CTS-001,ECOM,2025-11-17,595.50841510194,Seasonal_MA_2Y,607.5,2024-11-18,2023-11-20
10,CTS-001,ECOM,2025-11-24,770.0,Seasonal_Naive,658.0,2024-11-25,
10,CTS-001,ECOM,2025-11-24,770.0,Seasonal_MA_2Y,672.0,2024-11-25,2023-11-27
10,CTS-001,ECOM,2025-12-01,753.0,Seasonal_Naive,534.0,2024-12-02,
10,CTS-001,ECOM,2025-12-01,753.0,Seasonal_MA_2Y,514.5206013685903,2024-12-02,2023-12-04
10,CTS-001,ECOM,2025-12-08,660.0,Seasonal_Naive,616.0,2024-12-09,
10,CTS-001,ECOM,2025-12-08,660.0,Seasonal_MA_2Y,577.0072134110225,2024-12-09,2023-12-11
10,CTS-001,ECOM,2025-12-15,590.625,Seasonal_Naive,572.7520800615882,2024-12-16,
10,CTS-001,ECOM,2025-12-15,590.625,Seasonal_MA_2Y,550.9671878927351,2024-12-16,2023-12-18
10,CTS-001,ECOM,2025-12-22,664.5,Seasonal_Naive,622.840927138526,2024-12-23,
10,CTS-001,ECOM,2025-12-22,664.5,Seasonal_MA_2Y,568.5006354426123,2024-12-23,2023-12-25
11,CTS-001,ECOM,2025-12-29,552.1318701896416,Seasonal_Naive,398.58968463598575,2024-12-30,
11,CTS-001,ECOM,2025-12-29,552.1318701896416,Seasonal_MA_2Y,370.84434378458775,2024-12-30,2024-01-01
11,CTS-001,ECOM,2026-01-05,399.4330218856404,Seasonal_Naive,362.5249259933721,2025-01-06,
11,CTS-001,ECOM,2026-01-05,399.4330218856404,Seasonal_MA_2Y,370.5788481805138,2025-01-06,2024-01-08
11,CTS-001,ECOM,2026-01-12,305.0,Seasonal_Naive,440.5,2025-01-13,
11,CTS-001,ECOM,2026-01-12,305.0,Seasonal_MA_2Y,400.65005176411455,2025-01-13,2024-01-15
11,CTS-001,ECOM,2026-01-19,403.125,Seasonal_Naive,367.0,2025-01-20,
11,CTS-001,ECOM,2026-01-19,403.125,Seasonal_MA_2Y,342.15029494782925,2025-01-20,2024-01-22
11,CTS-001,ECOM,2026-01-26,393.2524663238576,Seasonal_Naive,379.5380769999546,2025-01-27,
11,CTS-001,ECOM,2026-01-26,393.2524663238576,Seasonal_MA_2Y,348.26903849997734,2025-01-27,2024-01-29
11,CTS-001,ECOM,2026-02-02,376.0,Seasonal_Naive,478.5,2025-02-03,
11,CTS-001,ECOM,2026-02-02,376.0,Seasonal_MA_2Y,391.0,2025-02-03,2024-02-05
11,CTS-001,ECOM,2026-02-09,330.0,Seasonal_Naive,374.0,2025-02-10,
11,CTS-001,ECOM,2026-02-09,330.0,Seasonal_MA_2Y,346.5,2025-02-10,2024-02-12
11,CTS-001,ECOM,2026-02-16,432.1014301179917,Seasonal_Naive,352.63401464654777,2025-02-17,
11,CTS-001,ECOM,2026-02-16,432.1014301179917,Seasonal_MA_2Y,322.81700732327386,2025-02-17,2024-02-19
11,CTS-001,ECOM,2026-02-23,389.0,Seasonal_Naive,307.0,2025-02-24,
11,CTS-001,ECOM,2026-02-23,389.0,Seasonal_MA_2Y,327.0,2025-02-24,2024-02-26
11,CTS-001,ECOM,2026-03-02,464.35046299646194,Seasonal_Naive,388.0,2025-03-03,
11,CTS-001,ECOM,2026-03-02,464.35046299646194,Seasonal_MA_2Y,360.0,2025-03-03,2024-03-04
11,CTS-001,ECOM,2026-03-09,450.4004346676137,Seasonal_Naive,393.0,2025-03-10,
11,CTS-001,ECOM,2026-03-09,450.4004346676137,Seasonal_MA_2Y,356.85792076576143,2025-03-10,2024-03-11
11,CTS-001,ECOM,2026-03-16,437.0,Seasonal_Naive,412.0,2025-03-17,
11,CTS-001,ECOM,2026-03-16,437.0,Seasonal_MA_2Y,365.0,2025-03-17,2024-03-18
11,CTS-001,ECOM,2026-03-23,395.0,Seasonal_Naive,385.90364978416784,2025-03-24,
11,CTS-001,ECOM,2026-03-23,395.0,Seasonal_MA_2Y,354.4518248920839,2025-03-24,2024-03-25
12,CTS-001,ECOM,2026-03-30,370.071989736282,Seasonal_Naive,442.0,2025-03-31,
12,CTS-001,ECOM,2026-03-30,370.071989736282,Seasonal_MA_2Y,430.5,2025-03-31,2024-04-01
12,CTS-001,ECOM,2026-04-06,422.0,Seasonal_Naive,431.0,2025-04-07,
12,CTS-001,ECOM,2026-04-06,422.0,Seasonal_MA_2Y,408.5,2025-04-07,2024-04-08
12,CTS-001,ECOM,2026-04-13,420.0,Seasonal_Naive,441.0,2025-04-14,
12,CTS-001,ECOM,2026-04-13,420.0,Seasonal_MA_2Y,403.0,2025-04-14,2024-04-15
12,CTS-001,ECOM,2026-04-20,390.2672088384656,Seasonal_Naive,352.0,2025-04-21,
12,CTS-001,ECOM,2026-04-20,390.2672088384656,Seasonal_MA_2Y,359.5,2025-04-21,2024-04-22
12,CTS-001,ECOM,2026-04-27,450.0,Seasonal_Naive,372.0,2025-04-28,
12,CTS-001,ECOM,2026-04-27,450.0,Seasonal_MA_2Y,369.96507353112304,2025-04-28,2024-04-29
12,CTS-001,ECOM,2026-05-04,445.0,Seasonal_Naive,449.0,2025-05-05,
12,CTS-001,ECOM,2026-05-04,445.0,Seasonal_MA_2Y,403.5,2025-05-05,2024-05-06
12,CTS-001,ECOM,2026-05-11,531.9075796794857,Seasonal_Naive,427.0,2025-05-12,
12,CTS-001,ECOM,2026-05-11,531.9075796794857,Seasonal_MA_2Y,405.17864152833135,2025-05-12,2024-05-13
12,CTS-001,ECOM,2026-05-18,459.0,Seasonal_Naive,396.0,2025-05-19,
12,CTS-001,ECOM,2026-05-18,459.0,Seasonal_MA_2Y,404.42999393540606,2025-05-19,2024-05-20
12,CTS-001,ECOM,2026-05-25,422.0,Seasonal_Naive,405.0,2025-05-26,
12,CTS-001,ECOM,2026-05-25,422.0,Seasonal_MA_2Y,408.0,2025-05-26,2024-05-27
12,CTS-001,ECOM,2026-06-01,435.83025784522687,Seasonal_Naive,425.4197412073811,2025-06-02,
12,CTS-001,ECOM,2026-06-01,435.83025784522687,Seasonal_MA_2Y,395.47170107913576,2025-06-02,2024-06-03
12,CTS-001,ECOM,2026-06-08,423.0,Seasonal_Naive,411.0,2025-06-09,
12,CTS-001,ECOM,2026-06-08,423.0,Seasonal_MA_2Y,389.0,2025-06-09,2024-06-10
12,CTS-001,ECOM,2026-06-15,528.0,Seasonal_Naive,408.0,2025-06-16,
12,CTS-001,ECOM,2026-06-15,528.0,Seasonal_MA_2Y,372.0,2025-06-16,2024-06-17
12,CTS-001,ECOM,2026-06-22,412.3025413553473,Seasonal_Naive,376.3113341185502,2025-06-23,
12,CTS-001,ECOM,2026-06-22,412.3025413553473,Seasonal_MA_2Y,378.48790428914384,2025-06-23,2024-06-24
1,CTS-001,RETAIL,2023-07-03,255.0,Seasonal_Naive,272.0,2022-07-04,
1,CTS-001,RETAIL,2023-07-03,255.0,Seasonal_MA_2Y,250.5,2022-07-04,2021-07-05
1,CTS-001,RETAIL,2023-07-10,276.0,Seasonal_Naive,260.0,2022-07-11,
1,CTS-001,RETAIL,2023-07-10,276.0,Seasonal_MA_2Y,254.5,2022-07-11,2021-07-12
1,CTS-001,RETAIL,2023-07-17,229.0,Seasonal_Naive,248.0,2022-07-18,
1,CTS-001,RETAIL,2023-07-17,229.0,Seasonal_MA_2Y,246.0,2022-07-18,2021-07-19
1,CTS-001,RETAIL,2023-07-24,257.0,Seasonal_Naive,248.0,2022-07-25,
1,CTS-001,RETAIL,2023-07-24,257.0,Seasonal_MA_2Y,243.5,2022-07-25,2021-07-26
1,CTS-001,RETAIL,2023-07-31,285.0,Seasonal_Naive,305.0,2022-08-01,
1,CTS-001,RETAIL,2023-07-31,285.0,Seasonal_MA_2Y,296.5,2022-08-01,2021-08-02
1,CTS-001,RETAIL,2023-08-07,278.0,Seasonal_Naive,267.0,2022-08-08,
1,CTS-001,RETAIL,2023-08-07,278.0,Seasonal_MA_2Y,267.5,2022-08-08,2021-08-09
1,CTS-001,RETAIL,2023-08-14,294.0,Seasonal_Naive,291.0,2022-08-15,
1,CTS-001,RETAIL,2023-08-14,294.0,Seasonal_MA_2Y,278.0,2022-08-15,2021-08-16
1,CTS-001,RETAIL,2023-08-21,288.0,Seasonal_Naive,261.0,2022-08-22,
1,CTS-001,RETAIL,2023-08-21,288.0,Seasonal_MA_2Y,264.0,2022-08-22,2021-08-23
1,CTS-001,RETAIL,2023-08-28,332.0,Seasonal_Naive,270.0,2022-08-29,
1,CTS-001,RETAIL,2023-08-28,332.0,Seasonal_MA_2Y,268.0,2022-08-29,2021-08-30
1,CTS-001,RETAIL,2023-09-04,338.0,Seasonal_Naive,276.0,2022-09-05,
1,CTS-001,RETAIL,2023-09-04,338.0,Seasonal_MA_2Y,280.0,2022-09-05,2021-09-06
1,CTS-001,RETAIL,2023-09-11,367.0,Seasonal_Naive,342.99999999999994,2022-09-12,
1,CTS-001,RETAIL,2023-09-11,367.0,Seasonal_MA_2Y,322.5,2022-09-12,2021-09-13
1,CTS-001,RETAIL,2023-09-18,342.0,Seasonal_Naive,358.0,2022-09-19,
1,CTS-001,RETAIL,2023-09-18,342.0,Seasonal_MA_2Y,332.5,2022-09-19,2021-09-20
1,CTS-001,RETAIL,2023-09-25,366.0,Seasonal_Naive,319.0,2022-09-26,
1,CTS-001,RETAIL,2023-09-25,366.0,Seasonal_MA_2Y,332.5,2022-09-26,2021-09-27
2,CTS-001,RETAIL,2023-10-02,362.0,Seasonal_Naive,379.0,2022-10-03,
2,CTS-001,RETAIL,2023-10-02,362.0,Seasonal_MA_2Y,381.0,2022-10-03,2021-10-04
2,CTS-001,RETAIL,2023-10-09,387.0,Seasonal_Naive,404.0,2022-10-10,
2,CTS-001,RETAIL,2023-10-09,387.0,Seasonal_MA_2Y,387.0,2022-10-10,2021-10-11
2,CTS-001,RETAIL,2023-10-16,391.0,Seasonal_Naive,514.8083854755881,2022-10-17,
2,CTS-001,RETAIL,2023-10-16,391.0,Seasonal_MA_2Y,451.90419273779406,2022-10-17,2021-10-18
2,CTS-001,RETAIL,2023-10-23,415.0,Seasonal_Naive,396.88363086358095,2022-10-24,
2,CTS-001,RETAIL,2023-10-23,415.0,Seasonal_MA_2Y,369.9418154317905,2022-10-24,2021-10-25
2,CTS-001,RETAIL,2023-10-30,434.0,Seasonal_Naive,354.99999999999994,2022-10-31,
2,CTS-001,RETAIL,2023-10-30,434.0,Seasonal_MA_2Y,339.0,2022-10-31,2021-11-01
2,CTS-001,RETAIL,2023-11-06,387.0,Seasonal_Naive,398.0,2022-11-07,
2,CTS-001,RETAIL,2023-11-06,387.0,Seasonal_MA_2Y,372.0,2022-11-07,2021-11-08
2,CTS-001,RETAIL,2023-11-13,316.99999999999994,Seasonal_Naive,454.0,2022-11-14,
2,CTS-001,RETAIL,2023-11-13,316.99999999999994,Seasonal_MA_2Y,424.479730455044,2022-11-14,2021-11-15
2,CTS-001,RETAIL,2023-11-20,540.6122890787033,Seasonal_Naive,427.1897127656756,2022-11-21,
2,CTS-001,RETAIL,2023-11-20,540.6122890787033,Seasonal_MA_2Y,407.76308767466844,2022-11-21,2021-11-22
2,CTS-001,RETAIL,2023-11-27,491.00000000000006,Seasonal_Naive,447.0,2022-11-28,
2,CTS-001,RETAIL,2023-11-27,491.00000000000006,Seasonal_MA_2Y,416.0,2022-11-28,2021-11-29
2,CTS-001,RETAIL,2023-12-04,362.0,Seasonal_Naive,392.9392577312637,2022-12-05,
2,CTS-001,RETAIL,2023-12-04,362.0,Seasonal_MA_2Y,363.9696288656319,2022-12-05,2021-12-06
2,CTS-001,RETAIL,2023-12-11,355.76972233204845,Seasonal_Naive,433.47984538484,2022-12-12,
2,CTS-001,RETAIL,2023-12-11,355.76972233204845,Seasonal_MA_2Y,422.8594446009033,2022-12-12,2021-12-13
2,CTS-001,RETAIL,2023-12-18,337.50682965399494,Seasonal_Naive,416.5306847964885,2022-12-19,
2,CTS-001,RETAIL,2023-12-18,337.50682965399494,Seasonal_MA_2Y,399.38486430672754,2022-12-19,2021-12-20
2,CTS-001,RETAIL,2023-12-25,329.40275117385926,Seasonal_Naive,383.6262904312604,2022-12-26,
2,CTS-001,RETAIL,2023-12-25,329.40275117385926,Seasonal_MA_2Y,386.15007538810585,2022-12-26,2021-12-27
3,CTS-001,RETAIL,2024-01-01,212.83826258430585,Seasonal_Naive,227.12933199188137,2023-01-02,
3,CTS-001,RETAIL,2024-01-01,212.83826258430585,Seasonal_MA_2Y,200.61900443240873,2023-01-02,2022-01-03
3,CTS-001,RETAIL,2024-01-08,209.74277566613324,Seasonal_Naive,202.57575854648607,2023-01-09,
3,CTS-001,RETAIL,2024-01-08,209.74277566613324,Seasonal_MA_2Y,200.8096323169624,2023-01-09,2022-01-10
3,CTS-001,RETAIL,2024-01-15,237.00000000000003,Seasonal_Naive,242.0,2023-01-16,
3,CTS-001,RETAIL,2024-01-15,237.00000000000003,Seasonal_MA_2Y,212.78125701107885,2023-01-16,2022-01-17
3,CTS-001,RETAIL,2024-01-22,228.0,Seasonal_Naive,204.0,2023-01-23,
3,CTS-001,RETAIL,2024-01-22,228.0,Seasonal_MA_2Y,209.0,2023-01-23,2022-01-24
3,CTS-001,RETAIL,2024-01-29,219.00000000000003,Seasonal_Naive,230.0,2023-01-30,
3,CTS-001,RETAIL,2024-01-29,219.00000000000003,Seasonal_MA_2Y,224.23628689604104,2023-01-30,2022-01-31
3,CTS-001,RETAIL,2024-02-05,248.0,Seasonal_Naive,222.0,2023-02-06,
3,CTS-001,RETAIL,2024-02-05,248.0,Seasonal_MA_2Y,224.5,2023-02-06,2022-02-07
3,CTS-001,RETAIL,2024-02-12,229.00000000000003,Seasonal_Naive,246.0,2023-02-13,
3,CTS-001,RETAIL,2024-02-12,229.00000000000003,Seasonal_MA_2Y,250.5,2023-02-13,2022-02-14
3,CTS-001,RETAIL,2024-02-19,225.0,Seasonal_Naive,275.0,2023-02-20,
3,CTS-001,RETAIL,2024-02-19,225.0,Seasonal_MA_2Y,265.1109861511526,2023-02-20,2022-02-21
3,CTS-001,RETAIL,2024-02-26,212.0,Seasonal_Naive,336.0,2023-02-27,
3,CTS-001,RETAIL,2024-02-26,212.0,Seasonal_MA_2Y,263.5,2023-02-27,2022-02-28
3,CTS-001,RETAIL,2024-03-04,235.0,Seasonal_Naive,269.0,2023-03-06,
3,CTS-001,RETAIL,2024-03-04,235.0,Seasonal_MA_2Y,268.5,2023-03-06,2022-03-07
3,CTS-001,RETAIL,2024-03-11,241.0,Seasonal_Naive,274.0,2023-03-13,
3,CTS-001,RETAIL,2024-03-11,241.0,Seasonal_MA_2Y,246.5,2023-03-13,2022-03-14
3,CTS-001,RETAIL,2024-03-18,294.0,Seasonal_Naive,240.0,2023-03-20,
3,CTS-001,RETAIL,2024-03-18,294.0,Seasonal_MA_2Y,228.5,2023-03-20,2022-03-21
3,CTS-001,RETAIL,2024-03-25,205.0,Seasonal_Naive,266.0,2023-03-27,
3,CTS-001,RETAIL,2024-03-25,205.0,Seasonal_MA_2Y,248.0,2023-03-27,2022-03-28
4,CTS-001,RETAIL,2024-04-01,323.67580858588707,Seasonal_Naive,297.0,2023-04-03,
4,CTS-001,RETAIL,2024-04-01,323.67580858588707,Seasonal_MA_2Y,275.0,2023-04-03,2022-04-04
4,CTS-001,RETAIL,2024-04-08,230.0,Seasonal_Naive,259.0,2023-04-10,
4,CTS-001,RETAIL,2024-04-08,230.0,Seasonal_MA_2Y,261.5,2023-04-10,2022-04-11
4,CTS-001,RETAIL,2024-04-15,281.0,Seasonal_Naive,267.0,2023-04-17,
4,CTS-001,RETAIL,2024-04-15,281.0,Seasonal_MA_2Y,253.5,2023-04-17,2022-04-18
4,CTS-001,RETAIL,2024-04-22,263.0,Seasonal_Naive,257.0,2023-04-24,
4,CTS-001,RETAIL,2024-04-22,263.0,Seasonal_MA_2Y,247.5,2023-04-24,2022-04-25
4,CTS-001,RETAIL,2024-04-29,249.0,Seasonal_Naive,284.0,2023-05-01,
4,CTS-001,RETAIL,2024-04-29,249.0,Seasonal_MA_2Y,274.0,2023-05-01,2022-05-02
4,CTS-001,RETAIL,2024-05-06,313.0,Seasonal_Naive,268.0,2023-05-08,
4,CTS-001,RETAIL,2024-05-06,313.0,Seasonal_MA_2Y,264.5,2023-05-08,2022-05-09
4,CTS-001,RETAIL,2024-05-13,279.4052392971918,Seasonal_Naive,329.6726954444587,2023-05-15,
4,CTS-001,RETAIL,2024-05-13,279.4052392971918,Seasonal_MA_2Y,310.33634772222933,2023-05-15,2022-05-16
4,CTS-001,RETAIL,2024-05-20,287.0,Seasonal_Naive,295.0,2023-05-22,
4,CTS-001,RETAIL,2024-05-20,287.0,Seasonal_MA_2Y,292.5,2023-05-22,2022-05-23
4,CTS-001,RETAIL,2024-05-27,274.0,Seasonal_Naive,297.0,2023-05-29,
4,CTS-001,RETAIL,2024-05-27,274.0,Seasonal_MA_2Y,288.0,2023-05-29,2022-05-30
4,CTS-001,RETAIL,2024-06-03,271.3543469158032,Seasonal_Naive,298.87513375432144,2023-06-05,
4,CTS-001,RETAIL,2024-06-03,271.3543469158032,Seasonal_MA_2Y,279.43756687716075,2023-06-05,2022-06-06
4,CTS-001,RETAIL,2024-06-10,297.0,Seasonal_Naive,249.0,2023-06-12,
4,CTS-001,RETAIL,2024-06-10,297.0,Seasonal_MA_2Y,256.5,2023-06-12,2022-06-13
4,CTS-001,RETAIL,2024-06-17,285.0,Seasonal_Naive,272.0,2023-06-19,
4,CTS-001,RETAIL,2024-06-17,285.0,Seasonal_MA_2Y,278.5,2023-06-19,2022-06-20
4,CTS-001,RETAIL,2024-06-24,298.69914592932065,Seasonal_Naive,237.44149083744824,2023-06-26,
4,CTS-001,RETAIL,2024-06-24,298.69914592932065,Seasonal_MA_2Y,254.7207454187241,2023-06-26,2022-06-27
5,CTS-001,RETAIL,2024-07-01,249.0,Seasonal_Naive,255.0,2023-07-03,
5,CTS-001,RETAIL,2024-07-01,249.0,Seasonal_MA_2Y,263.5,2023-07-03,2022-07-04
5,CTS-001,RETAIL,2024-07-08,312.0,Seasonal_Naive,276.0,2023-07-10,
5,CTS-001,RETAIL,2024-07-08,312.0,Seasonal_MA_2Y,268.0,2023-07-10,2022-07-11
5,CTS-001,RETAIL,2024-07-15,253.0,Seasonal_Naive,229.0,2023-07-17,
5,CTS-001,RETAIL,2024-07-15,253.0,Seasonal_MA_2Y,238.5,2023-07-17,2022-07-18
5,CTS-001,RETAIL,2024-07-22,275.0,Seasonal_Naive,257.0,2023-07-24,
5,CTS-001,RETAIL,2024-07-22,275.0,Seasonal_MA_2Y,252.5,2023-07-24,2022-07-25
5,CTS-001,RETAIL,2024-07-29,265.0,Seasonal_Naive,285.0,2023-07-31,
5,CTS-001,RETAIL,2024-07-29,265.0,Seasonal_MA_2Y,295.0,2023-07-31,2022-08-01
5,CTS-001,RETAIL,2024-08-05,312.0,Seasonal_Naive,278.0,2023-08-07,
5,CTS-001,RETAIL,2024-08-05,312.0,Seasonal_MA_2Y,272.5,2023-08-07,2022-08-08
5,CTS-001,RETAIL,2024-08-12,290.0,Seasonal_Naive,294.0,2023-08-14,
5,CTS-001,RETAIL,2024-08-12,290.0,Seasonal_MA_2Y,292.5,2023-08-14,2022-08-15
5,CTS-001,RETAIL,2024-08-19,320.0,Seasonal_Naive,288.0,2023-08-21,
5,CTS-001,RETAIL,2024-08-19,320.0,Seasonal_MA_2Y,274.5,2023-08-21,2022-08-22
5,CTS-001,RETAIL,2024-08-26,364.0,Seasonal_Naive,332.0,2023-08-28,
5,CTS-001,RETAIL,2024-08-26,364.0,Seasonal_MA_2Y,301.0,2023-08-28,2022-08-29
5,CTS-001,RETAIL,2024-09-02,363.0,Seasonal_Naive,338.0,2023-09-04,
5,CTS-001,RETAIL,2024-09-02,363.0,Seasonal_MA_2Y,307.0,2023-09-04,2022-09-05
5,CTS-001,RETAIL,2024-09-09,383.0,Seasonal_Naive,367.0,2023-09-11,
5,CTS-001,RETAIL,2024-09-09,383.0,Seasonal_MA_2Y,355.0,2023-09-11,2022-09-12
5,CTS-001,RETAIL,2024-09-16,444.0,Seasonal_Naive,342.0,2023-09-18,
5,CTS-001,RETAIL,2024-09-16,444.0,Seasonal_MA_2Y,350.0,2023-09-18,2022-09-19
5,CTS-001,RETAIL,2024-09-23,382.0,Seasonal_Naive,366.0,2023-09-25,
5,CTS-001,RETAIL,2024-09-23,382.0,Seasonal_MA_2Y,342.5,2023-09-25,2022-09-26
6,CTS-001,RETAIL,2024-09-30,390.0,Seasonal_Naive,362.0,2023-10-02,
6,CTS-001,RETAIL,2024-09-30,390.0,Seasonal_MA_2Y,370.5,2023-10-02,2022-10-03
6,CTS-001,RETAIL,2024-10-07,410.0,Seasonal_Naive,387.0,2023-10-09,
6,CTS-001,RETAIL,2024-10-07,410.0,Seasonal_MA_2Y,395.5,2023-10-09,2022-10-10
6,CTS-001,RETAIL,2024-10-14,496.0,Seasonal_Naive,391.0,2023-10-16,
6,CTS-001,RETAIL,2024-10-14,496.0,Seasonal_MA_2Y,452.90419273779406,2023-10-16,2022-10-17
6,CTS-001,RETAIL,2024-10-21,410.0,Seasonal_Naive,415.0,2023-10-23,
6,CTS-001,RETAIL,2024-10-21,410.0,Seasonal_MA_2Y,405.9418154317905,2023-10-23,2022-10-24
6,CTS-001,RETAIL,2024-10-28,453.0,Seasonal_Naive,434.0,2023-10-30,
6,CTS-001,RETAIL,2024-10-28,453.0,Seasonal_MA_2Y,394.5,2023-10-30,2022-10-31
6,CTS-001,RETAIL,2024-11-04,408.0,Seasonal_Naive,387.0,2023-11-06,
6,CTS-001,RETAIL,2024-11-04,408.0,Seasonal_MA_2Y,392.5,2023-11-06,2022-11-07
6,CTS-001,RETAIL,2024-11-11,491.0,Seasonal_Naive,316.99999999999994,2023-11-13,
6,CTS-001,RETAIL,2024-11-11,491.0,Seasonal_MA_2Y,385.5,2023-11-13,2022-11-14
6,CTS-001,RETAIL,2024-11-18,495.07786124037534,Seasonal_Naive,540.6122890787033,2023-11-20,
6,CTS-001,RETAIL,2024-11-18,495.07786124037534,Seasonal_MA_2Y,483.90100092218944,2023-11-20,2022-11-21
6,CTS-001,RETAIL,2024-11-25,530.0,Seasonal_Naive,491.00000000000006,2023-11-27,
6,CTS-001,RETAIL,2024-11-25,530.0,Seasonal_MA_2Y,469.0,2023-11-27,2022-11-28
6,CTS-001,RETAIL,2024-12-02,422.0,Seasonal_Naive,362.0,2023-12-04,
6,CTS-001,RETAIL,2024-12-02,422.0,Seasonal_MA_2Y,377.4696288656319,2023-12-04,2022-12-05
6,CTS-001,RETAIL,2024-12-09,447.7669658162491,Seasonal_Naive,355.76972233204845,2023-12-11,
6,CTS-001,RETAIL,2024-12-09,447.7669658162491,Seasonal_MA_2Y,394.62478385844423,2023-12-11,2022-12-12
6,CTS-001,RETAIL,2024-12-16,452.5443073738199,Seasonal_Naive,337.50682965399494,2023-12-18,
6,CTS-001,RETAIL,2024-12-16,452.5443073738199,Seasonal_MA_2Y,377.01875722524176,2023-12-18,2022-12-19
6,CTS-001,RETAIL,2024-12-23,454.391724211432,Seasonal_Naive,329.40275117385926,2023-12-25,
6,CTS-001,RETAIL,2024-12-23,454.391724211432,Seasonal_MA_2Y,356.5145208025598,2023-12-25,2022-12-26
7,CTS-001,RETAIL,2024-12-30,340.5015805338063,Seasonal_Naive,212.83826258430585,2024-01-01,
7,CTS-001,RETAIL,2024-12-30,340.5015805338063,Seasonal_MA_2Y,219.98379728809363,2024-01-01,2023-01-02
7,CTS-001,RETAIL,2025-01-06,230.66613480369253,Seasonal_Naive,209.74277566613324,2024-01-08,
7,CTS-001,RETAIL,2025-01-06,230.66613480369253,Seasonal_MA_2Y,206.15926710630964,2024-01-08,2023-01-09
7,CTS-001,RETAIL,2025-01-13,329.844275754696,Seasonal_Naive,237.00000000000003,2024-01-15,
7,CTS-001,RETAIL,2025-01-13,329.844275754696,Seasonal_MA_2Y,239.5,2024-01-15,2023-01-16
7,CTS-001,RETAIL,2025-01-20,272.5,Seasonal_Naive,228.0,2024-01-22,
7,CTS-001,RETAIL,2025-01-20,272.5,Seasonal_MA_2Y,216.0,2024-01-22,2023-01-23
7,CTS-001,RETAIL,2025-01-27,256.0,Seasonal_Naive,219.00000000000003,2024-01-29,
7,CTS-001,RETAIL,2025-01-27,256.0,Seasonal_MA_2Y,224.5,2024-01-29,2023-01-30
7,CTS-001,RETAIL,2025-02-03,272.5633377470848,Seasonal_Naive,248.0,2024-02-05,
7,CTS-001,RETAIL,2025-02-03,272.5633377470848,Seasonal_MA_2Y,235.0,2024-02-05,2023-02-06
7,CTS-001,RETAIL,2025-02-10,309.0,Seasonal_Naive,229.00000000000003,2024-02-12,
7,CTS-001,RETAIL,2025-02-10,309.0,Seasonal_MA_2Y,237.5,2024-02-12,2023-02-13
7,CTS-001,RETAIL,2025-02-17,271.3683452577006,Seasonal_Naive,225.0,2024-02-19,
7,CTS-001,RETAIL,2025-02-17,271.3683452577006,Seasonal_MA_2Y,250.0,2024-02-19,2023-02-20
7,CTS-001,RETAIL,2025-02-24,249.0,Seasonal_Naive,212.0,2024-02-26,
7,CTS-001,RETAIL,2025-02-24,249.0,Seasonal_MA_2Y,274.0,2024-02-26,2023-02-27
7,CTS-001,RETAIL,2025-03-03,326.0,Seasonal_Naive,235.0,2024-03-04,
7,CTS-001,RETAIL,2025-03-03,326.0,Seasonal_MA_2Y,252.0,2024-03-04,2023-03-06
7,CTS-001,RETAIL,2025-03-10,301.2757517490634,Seasonal_Naive,241.0,2024-03-11,
7,CTS-001,RETAIL,2025-03-10,301.2757517490634,Seasonal_MA_2Y,257.5,2024-03-11,2023-03-13
7,CTS-001,RETAIL,2025-03-17,249.93217138201655,Seasonal_Naive,294.0,2024-03-18,
7,CTS-001,RETAIL,2025-03-17,249.93217138201655,Seasonal_MA_2Y,267.0,2024-03-18,2023-03-20
7,CTS-001,RETAIL,2025-03-24,265.0,Seasonal_Naive,205.0,2024-03-25,
7,CTS-001,RETAIL,2025-03-24,265.0,Seasonal_MA_2Y,235.5,2024-03-25,2023-03-27
8,CTS-001,RETAIL,2025-03-31,257.0,Seasonal_Naive,323.67580858588707,2024-04-01,
8,CTS-001,RETAIL,2025-03-31,257.0,Seasonal_MA_2Y,310.33790429294356,2024-04-01,2023-04-03
8,CTS-001,RETAIL,2025-04-07,341.48245203410806,Seasonal_Naive,230.0,2024-04-08,
8,CTS-001,RETAIL,2025-04-07,341.48245203410806,Seasonal_MA_2Y,244.5,2024-04-08,2023-04-10
8,CTS-001,RETAIL,2025-04-14,273.31799640304763,Seasonal_Naive,281.0,2024-04-15,
8,CTS-001,RETAIL,2025-04-14,273.31799640304763,Seasonal_MA_2Y,274.0,2024-04-15,2023-04-17
8,CTS-001,RETAIL,2025-04-21,298.0,Seasonal_Naive,263.0,2024-04-22,
8,CTS-001,RETAIL,2025-04-21,298.0,Seasonal_MA_2Y,260.0,2024-04-22,2023-04-24
8,CTS-001,RETAIL,2025-04-28,249.0,Seasonal_Naive,249.0,2024-04-29,
8,CTS-001,RETAIL,2025-04-28,249.0,Seasonal_MA_2Y,266.5,2024-04-29,2023-05-01
8,CTS-001,RETAIL,2025-05-05,310.0,Seasonal_Naive,313.0,2024-05-06,
8,CTS-001,RETAIL,2025-05-05,310.0,Seasonal_MA_2Y,290.5,2024-05-06,2023-05-08
8,CTS-001,RETAIL,2025-05-12,312.0,Seasonal_Naive,279.4052392971918,2024-05-13,
8,CTS-001,RETAIL,2025-05-12,312.0,Seasonal_MA_2Y,304.5389673708253,2024-05-13,2023-05-15
8,CTS-001,RETAIL,2025-05-19,298.4638579718172,Seasonal_Naive,287.0,2024-05-20,
8,CTS-001,RETAIL,2025-05-19,298.4638579718172,Seasonal_MA_2Y,291.0,2024-05-20,2023-05-22
8,CTS-001,RETAIL,2025-05-26,324.0,Seasonal_Naive,274.0,2024-05-27,
8,CTS-001,RETAIL,2025-05-26,324.0,Seasonal_MA_2Y,285.5,2024-05-27,2023-05-29
8,CTS-001,RETAIL,2025-06-02,300.0,Seasonal_Naive,271.3543469158032,2024-06-03,
8,CTS-001,RETAIL,2025-06-02,300.0,Seasonal_MA_2Y,285.1147403350623,2024-06-03,2023-06-05
8,CTS-001,RETAIL,2025-06-09,339.9598074693961,Seasonal_Naive,297.0,2024-06-10,
8,CTS-001,RETAIL,2025-06-09,339.9598074693961,Seasonal_MA_2Y,273.0,2024-06-10,2023-06-12
8,CTS-001,RETAIL,2025-06-16,293.77708274279126,Seasonal_Naive,285.0,2024-06-17,
8,CTS-001,RETAIL,2025-06-16,293.77708274279126,Seasonal_MA_2Y,278.5,2024-06-17,2023-06-19
8,CTS-001,RETAIL,2025-06-23,313.9761743075336,Seasonal_Naive,298.69914592932065,2024-06-24,
8,CTS-001,RETAIL,2025-06-23,313.9761743075336,Seasonal_MA_2Y,268.07031838338446,2024-06-24,2023-06-26
9,CTS-001,RETAIL,2025-06-30,316.0,Seasonal_Naive,249.0,2024-07-01,
9,CTS-001,RETAIL,2025-06-30,316.0,Seasonal_MA_2Y,252.0,2024-07-01,2023-07-03
9,CTS-001,RETAIL,2025-07-07,320.0,Seasonal_Naive,312.0,2024-07-08,
9,CTS-001,RETAIL,2025-07-07,320.0,Seasonal_MA_2Y,294.0,2024-07-08,2023-07-10
9,CTS-001,RETAIL,2025-07-14,324.0,Seasonal_Naive,253.0,2024-07-15,
9,CTS-001,RETAIL,2025-07-14,324.0,Seasonal_MA_2Y,241.0,2024-07-15,2023-07-17
9,CTS-001,RETAIL,2025-07-21,289.0,Seasonal_Naive,275.0,2024-07-22,
9,CTS-001,RETAIL,2025-07-21,289.0,Seasonal_MA_2Y,266.0,2024-07-22,2023-07-24
9,CTS-001,RETAIL,2025-07-28,306.0,Seasonal_Naive,265.0,2024-07-29,
9,CTS-001,RETAIL,2025-07-28,306.0,Seasonal_MA_2Y,275.0,2024-07-29,2023-07-31
9,CTS-001,RETAIL,2025-08-04,300.0,Seasonal_Naive,312.0,2024-08-05,
9,CTS-001,RETAIL,2025-08-04,300.0,Seasonal_MA_2Y,295.0,2024-08-05,2023-08-07
9,CTS-001,RETAIL,2025-08-11,325.0,Seasonal_Naive,290.0,2024-08-12,
9,CTS-001,RETAIL,2025-08-11,325.0,Seasonal_MA_2Y,292.0,2024-08-12,2023-08-14
9,CTS-001,RETAIL,2025-08-18,304.0,Seasonal_Naive,320.0,2024-08-19,
9,CTS-001,RETAIL,2025-08-18,304.0,Seasonal_MA_2Y,304.0,2024-08-19,2023-08-21
9,CTS-001,RETAIL,2025-08-25,316.0,Seasonal_Naive,364.0,2024-08-26,
9,CTS-001,RETAIL,2025-08-25,316.0,Seasonal_MA_2Y,348.0,2024-08-26,2023-08-28
9,CTS-001,RETAIL,2025-09-01,423.0,Seasonal_Naive,363.0,2024-09-02,
9,CTS-001,RETAIL,2025-09-01,423.0,Seasonal_MA_2Y,350.5,2024-09-02,2023-09-04
9,CTS-001,RETAIL,2025-09-08,380.0,Seasonal_Naive,383.0,2024-09-09,
9,CTS-001,RETAIL,2025-09-08,380.0,Seasonal_MA_2Y,375.0,2024-09-09,2023-09-11
9,CTS-001,RETAIL,2025-09-15,451.00000000000006,Seasonal_Naive,444.0,2024-09-16,
9,CTS-001,RETAIL,2025-09-15,451.00000000000006,Seasonal_MA_2Y,393.0,2024-09-16,2023-09-18
9,CTS-001,RETAIL,2025-09-22,389.0,Seasonal_Naive,382.0,2024-09-23,
9,CTS-001,RETAIL,2025-09-22,389.0,Seasonal_MA_2Y,374.0,2024-09-23,2023-09-25
10,CTS-001,RETAIL,2025-09-29,381.0,Seasonal_Naive,390.0,2024-09-30,
10,CTS-001,RETAIL,2025-09-29,381.0,Seasonal_MA_2Y,376.0,2024-09-30,2023-10-02
10,CTS-001,RETAIL,2025-10-06,424.0,Seasonal_Naive,410.0,2024-10-07,
10,CTS-001,RETAIL,2025-10-06,424.0,Seasonal_MA_2Y,398.5,2024-10-07,2023-10-09
10,CTS-001,RETAIL,2025-10-13,437.00000000000006,Seasonal_Naive,496.0,2024-10-14,
10,CTS-001,RETAIL,2025-10-13,437.00000000000006,Seasonal_MA_2Y,443.5,2024-10-14,2023-10-16
10,CTS-001,RETAIL,2025-10-20,443.0,Seasonal_Naive,410.0,2024-10-21,
10,CTS-001,RETAIL,2025-10-20,443.0,Seasonal_MA_2Y,412.5,2024-10-21,2023-10-23
10,CTS-001,RETAIL,2025-10-27,466.0,Seasonal_Naive,453.0,2024-10-28,
10,CTS-001,RETAIL,2025-10-27,466.0,Seasonal_MA_2Y,443.5,2024-10-28,2023-10-30
10,CTS-001,RETAIL,2025-11-03,434.00000000000006,Seasonal_Naive,408.0,2024-11-04,
10,CTS-001,RETAIL,2025-11-03,434.00000000000006,Seasonal_MA_2Y,397.5,2024-11-04,2023-11-06
10,CTS-001,RETAIL,2025-11-10,421.0,Seasonal_Naive,491.0,2024-11-11,
10,CTS-001,RETAIL,2025-11-10,421.0,Seasonal_MA_2Y,404.0,2024-11-11,2023-11-13
10,CTS-001,RETAIL,2025-11-17,480.0,Seasonal_Naive,495.07786124037534,2024-11-18,
10,CTS-001,RETAIL,2025-11-17,480.0,Seasonal_MA_2Y,517.8450751595393,2024-11-18,2023-11-20
10,CTS-001,RETAIL,2025-11-24,556.0,Seasonal_Naive,530.0,2024-11-25,
10,CTS-001,RETAIL,2025-11-24,556.0,Seasonal_MA_2Y,510.5,2024-11-25,2023-11-27
10,CTS-001,RETAIL,2025-12-01,443.40195526588406,Seasonal_Naive,422.0,2024-12-02,
10,CTS-001,RETAIL,2025-12-01,443.40195526588406,Seasonal_MA_2Y,392.0,2024-12-02,2023-12-04
10,CTS-001,RETAIL,2025-12-08,432.5081593166295,Seasonal_Naive,447.7669658162491,2024-12-09,
10,CTS-001,RETAIL,2025-12-08,432.5081593166295,Seasonal_MA_2Y,401.7683440741488,2024-12-09,2023-12-11
10,CTS-001,RETAIL,2025-12-15,454.156702234229,Seasonal_Naive,452.5443073738199,2024-12-16,
10,CTS-001,RETAIL,2025-12-15,454.156702234229,Seasonal_MA_2Y,395.0255685139074,2024-12-16,2023-12-18
10,CTS-001,RETAIL,2025-12-22,509.46629350396233,Seasonal_Naive,454.391724211432,2024-12-23,
10,CTS-001,RETAIL,2025-12-22,509.46629350396233,Seasonal_MA_2Y,391.8972376926456,2024-12-23,2023-12-25
11,CTS-001,RETAIL,2025-12-29,366.8636605839308,Seasonal_Naive,340.5015805338063,2024-12-30,
11,CTS-001,RETAIL,2025-12-29,366.8636605839308,Seasonal_MA_2Y,276.6699215590561,2024-12-30,2024-01-01
11,CTS-001,RETAIL,2026-01-05,252.0444937388803,Seasonal_Naive,230.66613480369253,2025-01-06,
11,CTS-001,RETAIL,2026-01-05,252.0444937388803,Seasonal_MA_2Y,220.20445523491287,2025-01-06,2024-01-08
11,CTS-001,RETAIL,2026-01-12,273.0852498374759,Seasonal_Naive,329.844275754696,2025-01-13,
11,CTS-001,RETAIL,2026-01-12,273.0852498374759,Seasonal_MA_2Y,283.422137877348,2025-01-13,2024-01-15
11,CTS-001,RETAIL,2026-01-19,291.0,Seasonal_Naive,272.5,2025-01-20,
11,CTS-001,RETAIL,2026-01-19,291.0,Seasonal_MA_2Y,250.25,2025-01-20,2024-01-22
11,CTS-001,RETAIL,2026-01-26,282.1212422516274,Seasonal_Naive,256.0,2025-01-27,
11,CTS-001,RETAIL,2026-01-26,282.1212422516274,Seasonal_MA_2Y,237.5,2025-01-27,2024-01-29
11,CTS-001,RETAIL,2026-02-02,283.0,Seasonal_Naive,272.5633377470848,2025-02-03,
11,CTS-001,RETAIL,2026-02-02,283.0,Seasonal_MA_2Y,260.2816688735424,2025-02-03,2024-02-05
11,CTS-001,RETAIL,2026-02-09,240.0,Seasonal_Naive,309.0,2025-02-10,
11,CTS-001,RETAIL,2026-02-09,240.0,Seasonal_MA_2Y,269.0,2025-02-10,2024-02-12
11,CTS-001,RETAIL,2026-02-16,321.0,Seasonal_Naive,271.3683452577006,2025-02-17,
11,CTS-001,RETAIL,2026-02-16,321.0,Seasonal_MA_2Y,248.1841726288503,2025-02-17,2024-02-19
11,CTS-001,RETAIL,2026-02-23,257.0,Seasonal_Naive,249.0,2025-02-24,
11,CTS-001,RETAIL,2026-02-23,257.0,Seasonal_MA_2Y,230.5,2025-02-24,2024-02-26
11,CTS-001,RETAIL,2026-03-02,293.0,Seasonal_Naive,326.0,2025-03-03,
11,CTS-001,RETAIL,2026-03-02,293.0,Seasonal_MA_2Y,280.5,2025-03-03,2024-03-04
11,CTS-001,RETAIL,2026-03-09,295.0,Seasonal_Naive,301.2757517490634,2025-03-10,
11,CTS-001,RETAIL,2026-03-09,295.0,Seasonal_MA_2Y,271.1378758745317,2025-03-10,2024-03-11
11,CTS-001,RETAIL,2026-03-16,287.0,Seasonal_Naive,249.93217138201655,2025-03-17,
11,CTS-001,RETAIL,2026-03-16,287.0,Seasonal_MA_2Y,271.9660856910083,2025-03-17,2024-03-18
11,CTS-001,RETAIL,2026-03-23,235.0,Seasonal_Naive,265.0,2025-03-24,
11,CTS-001,RETAIL,2026-03-23,235.0,Seasonal_MA_2Y,235.0,2025-03-24,2024-03-25
12,CTS-001,RETAIL,2026-03-30,279.0,Seasonal_Naive,257.0,2025-03-31,
12,CTS-001,RETAIL,2026-03-30,279.0,Seasonal_MA_2Y,290.33790429294356,2025-03-31,2024-04-01
12,CTS-001,RETAIL,2026-04-06,296.0,Seasonal_Naive,341.48245203410806,2025-04-07,
12,CTS-001,RETAIL,2026-04-06,296.0,Seasonal_MA_2Y,285.74122601705403,2025-04-07,2024-04-08
12,CTS-001,RETAIL,2026-04-13,297.0,Seasonal_Naive,273.31799640304763,2025-04-14,
12,CTS-001,RETAIL,2026-04-13,297.0,Seasonal_MA_2Y,277.1589982015238,2025-04-14,2024-04-15
12,CTS-001,RETAIL,2026-04-20,304.0,Seasonal_Naive,298.0,2025-04-21,
12,CTS-001,RETAIL,2026-04-20,304.0,Seasonal_MA_2Y,280.5,2025-04-21,2024-04-22
12,CTS-001,RETAIL,2026-04-27,318.0,Seasonal_Naive,249.0,2025-04-28,
12,CTS-001,RETAIL,2026-04-27,318.0,Seasonal_MA_2Y,249.0,2025-04-28,2024-04-29
12,CTS-001,RETAIL,2026-05-04,340.0,Seasonal_Naive,310.0,2025-05-05,
12,CTS-001,RETAIL,2026-05-04,340.0,Seasonal_MA_2Y,311.5,2025-05-05,2024-05-06
12,CTS-001,RETAIL,2026-05-11,393.0763632245655,Seasonal_Naive,312.0,2025-05-12,
12,CTS-001,RETAIL,2026-05-11,393.0763632245655,Seasonal_MA_2Y,295.70261964859594,2025-05-12,2024-05-13
12,CTS-001,RETAIL,2026-05-18,321.0,Seasonal_Naive,298.4638579718172,2025-05-19,
12,CTS-001,RETAIL,2026-05-18,321.0,Seasonal_MA_2Y,292.7319289859086,2025-05-19,2024-05-20
12,CTS-001,RETAIL,2026-05-25,317.0,Seasonal_Naive,324.0,2025-05-26,
12,CTS-001,RETAIL,2026-05-25,317.0,Seasonal_MA_2Y,299.0,2025-05-26,2024-05-27
12,CTS-001,RETAIL,2026-06-01,314.3113462239036,Seasonal_Naive,300.0,2025-06-02,
12,CTS-001,RETAIL,2026-06-01,314.3113462239036,Seasonal_MA_2Y,285.67717345790163,2025-06-02,2024-06-03
12,CTS-001,RETAIL,2026-06-08,299.0,Seasonal_Naive,339.9598074693961,2025-06-09,
12,CTS-001,RETAIL,2026-06-08,299.0,Seasonal_MA_2Y,318.47990373469804,2025-06-09,2024-06-10
12,CTS-001,RETAIL,2026-06-15,340.00000000000006,Seasonal_Naive,293.77708274279126,2025-06-16,
12,CTS-001,RETAIL,2026-06-15,340.00000000000006,Seasonal_MA_2Y,289.3885413713956,2025-06-16,2024-06-17
12,CTS-001,RETAIL,2026-06-22,315.3226738776333,Seasonal_Naive,313.9761743075336,2025-06-23,
12,CTS-001,RETAIL,2026-06-22,315.3226738776333,Seasonal_MA_2Y,306.33766011842715,2025-06-23,2024-06-24
1,CTS-001,WHOLESALE,2023-07-03,192.0,Seasonal_Naive,246.0,2022-07-04,
1,CTS-001,WHOLESALE,2023-07-03,192.0,Seasonal_MA_2Y,230.5,2022-07-04,2021-07-05
1,CTS-001,WHOLESALE,2023-07-10,323.0,Seasonal_Naive,333.0,2022-07-11,
1,CTS-001,WHOLESALE,2023-07-10,323.0,Seasonal_MA_2Y,295.5,2022-07-11,2021-07-12
1,CTS-001,WHOLESALE,2023-07-17,285.0,Seasonal_Naive,298.0,2022-07-18,
1,CTS-001,WHOLESALE,2023-07-17,285.0,Seasonal_MA_2Y,246.0,2022-07-18,2021-07-19
1,CTS-001,WHOLESALE,2023-07-24,316.0,Seasonal_Naive,237.0,2022-07-25,
1,CTS-001,WHOLESALE,2023-07-24,316.0,Seasonal_MA_2Y,208.5,2022-07-25,2021-07-26
1,CTS-001,WHOLESALE,2023-07-31,206.0,Seasonal_Naive,279.0,2022-08-01,
1,CTS-001,WHOLESALE,2023-07-31,206.0,Seasonal_MA_2Y,288.0,2022-08-01,2021-08-02
1,CTS-001,WHOLESALE,2023-08-07,275.0,Seasonal_Naive,210.0,2022-08-08,
1,CTS-001,WHOLESALE,2023-08-07,275.0,Seasonal_MA_2Y,192.5,2022-08-08,2021-08-09
1,CTS-001,WHOLESALE,2023-08-14,287.0,Seasonal_Naive,199.0,2022-08-15,
1,CTS-001,WHOLESALE,2023-08-14,287.0,Seasonal_MA_2Y,216.5,2022-08-15,2021-08-16
1,CTS-001,WHOLESALE,2023-08-21,272.63628770353074,Seasonal_Naive,294.5938277941641,2022-08-22,
1,CTS-001,WHOLESALE,2023-08-21,272.63628770353074,Seasonal_MA_2Y,270.79691389708205,2022-08-22,2021-08-23
1,CTS-001,WHOLESALE,2023-08-28,250.5,Seasonal_Naive,306.98728813559325,2022-08-29,
1,CTS-001,WHOLESALE,2023-08-28,250.5,Seasonal_MA_2Y,295.4936440677966,2022-08-29,2021-08-30
1,CTS-001,WHOLESALE,2023-09-04,357.0,Seasonal_Naive,370.0,2022-09-05,
1,CTS-001,WHOLESALE,2023-09-04,357.0,Seasonal_MA_2Y,344.5,2022-09-05,2021-09-06
1,CTS-001,WHOLESALE,2023-09-11,356.0,Seasonal_Naive,320.0,2022-09-12,
1,CTS-001,WHOLESALE,2023-09-11,356.0,Seasonal_MA_2Y,326.5,2022-09-12,2021-09-13
1,CTS-001,WHOLESALE,2023-09-18,258.0,Seasonal_Naive,369.0,2022-09-19,
1,CTS-001,WHOLESALE,2023-09-18,258.0,Seasonal_MA_2Y,353.0,2022-09-19,2021-09-20
1,CTS-001,WHOLESALE,2023-09-25,407.0,Seasonal_Naive,389.5,2022-09-26,
1,CTS-001,WHOLESALE,2023-09-25,407.0,Seasonal_MA_2Y,364.01571818026923,2022-09-26,2021-09-27
2,CTS-001,WHOLESALE,2023-10-02,384.0,Seasonal_Naive,474.0,2022-10-03,
2,CTS-001,WHOLESALE,2023-10-02,384.0,Seasonal_MA_2Y,404.5,2022-10-03,2021-10-04
2,CTS-001,WHOLESALE,2023-10-09,274.0,Seasonal_Naive,376.0,2022-10-10,
2,CTS-001,WHOLESALE,2023-10-09,274.0,Seasonal_MA_2Y,386.5,2022-10-10,2021-10-11
2,CTS-001,WHOLESALE,2023-10-16,302.0,Seasonal_Naive,366.0,2022-10-17,
2,CTS-001,WHOLESALE,2023-10-16,302.0,Seasonal_MA_2Y,369.0,2022-10-17,2021-10-18
2,CTS-001,WHOLESALE,2023-10-23,407.3346335085446,Seasonal_Naive,368.0,2022-10-24,
2,CTS-001,WHOLESALE,2023-10-23,407.3346335085446,Seasonal_MA_2Y,317.0,2022-10-24,2021-10-25
2,CTS-001,WHOLESALE,2023-10-30,403.0,Seasonal_Naive,511.0,2022-10-31,
2,CTS-001,WHOLESALE,2023-10-30,403.0,Seasonal_MA_2Y,436.5,2022-10-31,2021-11-01
2,CTS-001,WHOLESALE,2023-11-06,377.0,Seasonal_Naive,434.0,2022-11-07,
2,CTS-001,WHOLESALE,2023-11-06,377.0,Seasonal_MA_2Y,388.5,2022-11-07,2021-11-08
2,CTS-001,WHOLESALE,2023-11-13,263.0,Seasonal_Naive,473.7402316525869,2022-11-14,
2,CTS-001,WHOLESALE,2023-11-13,263.0,Seasonal_MA_2Y,462.87011582629344,2022-11-14,2021-11-15
2,CTS-001,WHOLESALE,2023-11-20,548.0,Seasonal_Naive,484.11279599252407,2022-11-21,
2,CTS-001,WHOLESALE,2023-11-20,548.0,Seasonal_MA_2Y,459.5603800028535,2022-11-21,2021-11-22
2,CTS-001,WHOLESALE,2023-11-27,318.0,Seasonal_Naive,471.00000000000006,2022-11-28,
2,CTS-001,WHOLESALE,2023-11-27,318.0,Seasonal_MA_2Y,495.5,2022-11-28,2021-11-29
2,CTS-001,WHOLESALE,2023-12-04,334.0,Seasonal_Naive,453.0,2022-12-05,
2,CTS-001,WHOLESALE,2023-12-04,334.0,Seasonal_MA_2Y,377.0,2022-12-05,2021-12-06
2,CTS-001,WHOLESALE,2023-12-11,265.0,Seasonal_Naive,479.2540618197346,2022-12-12,
2,CTS-001,WHOLESALE,2023-12-11,265.0,Seasonal_MA_2Y,368.0329145353788,2022-12-12,2021-12-13
2,CTS-001,WHOLESALE,2023-12-18,283.0,Seasonal_Naive,392.0,2022-12-19,
2,CTS-001,WHOLESALE,2023-12-18,283.0,Seasonal_MA_2Y,397.5038293701348,2022-12-19,2021-12-20
2,CTS-001,WHOLESALE,2023-12-25,125.0,Seasonal_Naive,317.87727413159735,2022-12-26,
2,CTS-001,WHOLESALE,2023-12-25,125.0,Seasonal_MA_2Y,353.4581774449996,2022-12-26,2021-12-27
3,CTS-001,WHOLESALE,2024-01-01,247.72901048021188,Seasonal_Naive,184.29910767067665,2023-01-02,
3,CTS-001,WHOLESALE,2024-01-01,247.72901048021188,Seasonal_MA_2Y,218.31081996404293,2023-01-02,2022-01-03
3,CTS-001,WHOLESALE,2024-01-08,220.7534723190084,Seasonal_Naive,171.14102323345048,2023-01-09,
3,CTS-001,WHOLESALE,2024-01-08,220.7534723190084,Seasonal_MA_2Y,169.98816650623175,2023-01-09,2022-01-10
3,CTS-001,WHOLESALE,2024-01-15,196.67472825871164,Seasonal_Naive,269.0,2023-01-16,
3,CTS-001,WHOLESALE,2024-01-15,196.67472825871164,Seasonal_MA_2Y,264.5,2023-01-16,2022-01-17
3,CTS-001,WHOLESALE,2024-01-22,119.0,Seasonal_Naive,198.00261338317935,2023-01-23,
3,CTS-001,WHOLESALE,2024-01-22,119.0,Seasonal_MA_2Y,234.00130669158966,2023-01-23,2022-01-24
3,CTS-001,WHOLESALE,2024-01-29,200.25,Seasonal_Naive,181.33025241209947,2023-01-30,
3,CTS-001,WHOLESALE,2024-01-29,200.25,Seasonal_MA_2Y,161.7161438829354,2023-01-30,2022-01-31
3,CTS-001,WHOLESALE,2024-02-05,207.0,Seasonal_Naive,250.81322941523055,2023-02-06,
3,CTS-001,WHOLESALE,2024-02-05,207.0,Seasonal_MA_2Y,242.13029982793165,2023-02-06,2022-02-07
3,CTS-001,WHOLESALE,2024-02-12,185.0,Seasonal_Naive,187.0,2023-02-13,
3,CTS-001,WHOLESALE,2024-02-12,185.0,Seasonal_MA_2Y,215.5,2023-02-13,2022-02-14
3,CTS-001,WHOLESALE,2024-02-19,275.0,Seasonal_Naive,226.0,2023-02-20,
3,CTS-001,WHOLESALE,2024-02-19,275.0,Seasonal_MA_2Y,259.7862515287302,2023-02-20,2022-02-21
3,CTS-001,WHOLESALE,2024-02-26,283.75,Seasonal_Naive,232.0,2023-02-27,
3,CTS-001,WHOLESALE,2024-02-26,283.75,Seasonal_MA_2Y,218.5,2023-02-27,2022-02-28
3,CTS-001,WHOLESALE,2024-03-04,272.0,Seasonal_Naive,147.0,2023-03-06,
3,CTS-001,WHOLESALE,2024-03-04,272.0,Seasonal_MA_2Y,182.0,2023-03-06,2022-03-07
3,CTS-001,WHOLESALE,2024-03-11,221.0,Seasonal_Naive,291.0,2023-03-13,
3,CTS-001,WHOLESALE,2024-03-11,221.0,Seasonal_MA_2Y,278.7394594362003,2023-03-13,2022-03-14
3,CTS-001,WHOLESALE,2024-03-18,279.5,Seasonal_Naive,167.0,2023-03-20,
3,CTS-001,WHOLESALE,2024-03-18,279.5,Seasonal_MA_2Y,199.0,2023-03-20,2022-03-21
3,CTS-001,WHOLESALE,2024-03-25,178.0,Seasonal_Naive,251.0,2023-03-27,
3,CTS-001,WHOLESALE,2024-03-25,178.0,Seasonal_MA_2Y,243.0,2023-03-27,2022-03-28
4,CTS-001,WHOLESALE,2024-04-01,283.0,Seasonal_Naive,382.0,2023-04-03,
4,CTS-001,WHOLESALE,2024-04-01,283.0,Seasonal_MA_2Y,345.37437144096845,2023-04-03,2022-04-04
4,CTS-001,WHOLESALE,2024-04-08,269.0301472993673,Seasonal_Naive,236.0,2023-04-10,
4,CTS-001,WHOLESALE,2024-04-08,269.0301472993673,Seasonal_MA_2Y,272.5,2023-04-10,2022-04-11
4,CTS-001,WHOLESALE,2024-04-15,247.0,Seasonal_Naive,186.8532969233747,2023-04-17,
4,CTS-001,WHOLESALE,2024-04-15,247.0,Seasonal_MA_2Y,227.50537850894762,2023-04-17,2022-04-18
4,CTS-001,WHOLESALE,2024-04-22,220.0,Seasonal_Naive,259.0,2023-04-24,
4,CTS-001,WHOLESALE,2024-04-22,220.0,Seasonal_MA_2Y,271.4566131700699,2023-04-24,2022-04-25
4,CTS-001,WHOLESALE,2024-04-29,205.0,Seasonal_Naive,288.99999999999994,2023-05-01,
4,CTS-001,WHOLESALE,2024-04-29,205.0,Seasonal_MA_2Y,292.5,2023-05-01,2022-05-02
4,CTS-001,WHOLESALE,2024-05-06,229.0,Seasonal_Naive,303.0,2023-05-08,
4,CTS-001,WHOLESALE,2024-05-06,229.0,Seasonal_MA_2Y,325.0,2023-05-08,2022-05-09
4,CTS-001,WHOLESALE,2024-05-13,210.0,Seasonal_Naive,309.367758186398,2023-05-15,
4,CTS-001,WHOLESALE,2024-05-13,210.0,Seasonal_MA_2Y,275.4757319108771,2023-05-15,2022-05-16
4,CTS-001,WHOLESALE,2024-05-20,108.0,Seasonal_Naive,164.0,2023-05-22,
4,CTS-001,WHOLESALE,2024-05-20,108.0,Seasonal_MA_2Y,171.5,2023-05-22,2022-05-23
4,CTS-001,WHOLESALE,2024-05-27,192.0,Seasonal_Naive,243.0,2023-05-29,
4,CTS-001,WHOLESALE,2024-05-27,192.0,Seasonal_MA_2Y,293.5,2023-05-29,2022-05-30
4,CTS-001,WHOLESALE,2024-06-03,245.5,Seasonal_Naive,317.76842540340607,2023-06-05,
4,CTS-001,WHOLESALE,2024-06-03,245.5,Seasonal_MA_2Y,313.88421270170306,2023-06-05,2022-06-06
4,CTS-001,WHOLESALE,2024-06-10,288.0,Seasonal_Naive,294.0,2023-06-12,
4,CTS-001,WHOLESALE,2024-06-10,288.0,Seasonal_MA_2Y,230.0,2023-06-12,2022-06-13
4,CTS-001,WHOLESALE,2024-06-17,261.27315219205605,Seasonal_Naive,265.17903214396387,2023-06-19,
4,CTS-001,WHOLESALE,2024-06-17,261.27315219205605,Seasonal_MA_2Y,248.58951607198193,2023-06-19,2022-06-20
4,CTS-001,WHOLESALE,2024-06-24,325.5,Seasonal_Naive,318.5115267857414,2023-06-26,
4,CTS-001,WHOLESALE,2024-06-24,325.5,Seasonal_MA_2Y,297.2557633928707,2023-06-26,2022-06-27
5,CTS-001,WHOLESALE,2024-07-01,347.0,Seasonal_Naive,192.0,2023-07-03,
5,CTS-001,WHOLESALE,2024-07-01,347.0,Seasonal_MA_2Y,219.0,2023-07-03,2022-07-04
5,CTS-001,WHOLESALE,2024-07-08,232.0,Seasonal_Naive,323.0,2023-07-10,
5,CTS-001,WHOLESALE,2024-07-08,232.0,Seasonal_MA_2Y,328.0,2023-07-10,2022-07-11
5,CTS-001,WHOLESALE,2024-07-15,235.0,Seasonal_Naive,285.0,2023-07-17,
5,CTS-001,WHOLESALE,2024-07-15,235.0,Seasonal_MA_2Y,291.5,2023-07-17,2022-07-18
5,CTS-001,WHOLESALE,2024-07-22,247.0,Seasonal_Naive,316.0,2023-07-24,
5,CTS-001,WHOLESALE,2024-07-22,247.0,Seasonal_MA_2Y,276.5,2023-07-24,2022-07-25
5,CTS-001,WHOLESALE,2024-07-29,322.0,Seasonal_Naive,206.0,2023-07-31,
5,CTS-001,WHOLESALE,2024-07-29,322.0,Seasonal_MA_2Y,242.5,2023-07-31,2022-08-01
5,CTS-001,WHOLESALE,2024-08-05,270.0,Seasonal_Naive,275.0,2023-08-07,
5,CTS-001,WHOLESALE,2024-08-05,270.0,Seasonal_MA_2Y,242.5,2023-08-07,2022-08-08
5,CTS-001,WHOLESALE,2024-08-12,245.0,Seasonal_Naive,287.0,2023-08-14,
5,CTS-001,WHOLESALE,2024-08-12,245.0,Seasonal_MA_2Y,243.0,2023-08-14,2022-08-15
5,CTS-001,WHOLESALE,2024-08-19,298.5925925925926,Seasonal_Naive,272.63628770353074,2023-08-21,
5,CTS-001,WHOLESALE,2024-08-19,298.5925925925926,Seasonal_MA_2Y,283.61505774884745,2023-08-21,2022-08-22
5,CTS-001,WHOLESALE,2024-08-26,139.44708994708995,Seasonal_Naive,250.5,2023-08-28,
5,CTS-001,WHOLESALE,2024-08-26,139.44708994708995,Seasonal_MA_2Y,278.7436440677966,2023-08-28,2022-08-29
5,CTS-001,WHOLESALE,2024-09-02,349.0,Seasonal_Naive,357.0,2023-09-04,
5,CTS-001,WHOLESALE,2024-09-02,349.0,Seasonal_MA_2Y,363.5,2023-09-04,2022-09-05
5,CTS-001,WHOLESALE,2024-09-09,454.0,Seasonal_Naive,356.0,2023-09-11,
5,CTS-001,WHOLESALE,2024-09-09,454.0,Seasonal_MA_2Y,338.0,2023-09-11,2022-09-12
5,CTS-001,WHOLESALE,2024-09-16,354.00000000000006,Seasonal_Naive,258.0,2023-09-18,
5,CTS-001,WHOLESALE,2024-09-16,354.00000000000006,Seasonal_MA_2Y,313.5,2023-09-18,2022-09-19
5,CTS-001,WHOLESALE,2024-09-23,274.5,Seasonal_Naive,407.0,2023-09-25,
5,CTS-001,WHOLESALE,2024-09-23,274.5,Seasonal_MA_2Y,398.25,2023-09-25,2022-09-26
6,CTS-001,WHOLESALE,2024-09-30,243.0,Seasonal_Naive,384.0,2023-10-02,
6,CTS-001,WHOLESALE,2024-09-30,243.0,Seasonal_MA_2Y,429.0,2023-10-02,2022-10-03
6,CTS-001,WHOLESALE,2024-10-07,311.0,Seasonal_Naive,274.0,2023-10-09,
6,CTS-001,WHOLESALE,2024-10-07,311.0,Seasonal_MA_2Y,325.0,2023-10-09,2022-10-10
6,CTS-001,WHOLESALE,2024-10-14,314.0,Seasonal_Naive,302.0,2023-10-16,
6,CTS-001,WHOLESALE,2024-10-14,314.0,Seasonal_MA_2Y,334.0,2023-10-16,2022-10-17
6,CTS-001,WHOLESALE,2024-10-21,330.2373714200579,Seasonal_Naive,407.3346335085446,2023-10-23,
6,CTS-001,WHOLESALE,2024-10-21,330.2373714200579,Seasonal_MA_2Y,387.6673167542723,2023-10-23,2022-10-24
6,CTS-001,WHOLESALE,2024-10-28,347.0,Seasonal_Naive,403.0,2023-10-30,
6,CTS-001,WHOLESALE,2024-10-28,347.0,Seasonal_MA_2Y,457.0,2023-10-30,2022-10-31
6,CTS-001,WHOLESALE,2024-11-04,397.0,Seasonal_Naive,377.0,2023-11-06,
6,CTS-001,WHOLESALE,2024-11-04,397.0,Seasonal_MA_2Y,405.5,2023-11-06,2022-11-07
6,CTS-001,WHOLESALE,2024-11-11,444.1351053011713,Seasonal_Naive,263.0,2023-11-13,
6,CTS-001,WHOLESALE,2024-11-11,444.1351053011713,Seasonal_MA_2Y,368.37011582629344,2023-11-13,2022-11-14
6,CTS-001,WHOLESALE,2024-11-18,371.4513155991941,Seasonal_Naive,548.0,2023-11-20,
6,CTS-001,WHOLESALE,2024-11-18,371.4513155991941,Seasonal_MA_2Y,516.056397996262,2023-11-20,2022-11-21
6,CTS-001,WHOLESALE,2024-11-25,537.324571018437,Seasonal_Naive,318.0,2023-11-27,
6,CTS-001,WHOLESALE,2024-11-25,537.324571018437,Seasonal_MA_2Y,394.5,2023-11-27,2022-11-28
6,CTS-001,WHOLESALE,2024-12-02,397.44630348205465,Seasonal_Naive,334.0,2023-12-04,
6,CTS-001,WHOLESALE,2024-12-02,397.44630348205465,Seasonal_MA_2Y,393.5,2023-12-04,2022-12-05
6,CTS-001,WHOLESALE,2024-12-09,376.64996308700313,Seasonal_Naive,265.0,2023-12-11,
6,CTS-001,WHOLESALE,2024-12-09,376.64996308700313,Seasonal_MA_2Y,372.1270309098673,2023-12-11,2022-12-12
6,CTS-001,WHOLESALE,2024-12-16,331.63287641355925,Seasonal_Naive,283.0,2023-12-18,
6,CTS-001,WHOLESALE,2024-12-16,331.63287641355925,Seasonal_MA_2Y,337.5,2023-12-18,2022-12-19
6,CTS-001,WHOLESALE,2024-12-23,390.2984815865656,Seasonal_Naive,125.0,2023-12-25,
6,CTS-001,WHOLESALE,2024-12-23,390.2984815865656,Seasonal_MA_2Y,221.43863706579867,2023-12-25,2022-12-26
7,CTS-001,WHOLESALE,2024-12-30,188.0,Seasonal_Naive,247.72901048021188,2024-01-01,
7,CTS-001,WHOLESALE,2024-12-30,188.0,Seasonal_MA_2Y,216.01405907544427,2024-01-01,2023-01-02
7,CTS-001,WHOLESALE,2025-01-06,159.44047965730306,Seasonal_Naive,220.7534723190084,2024-01-08,
7,CTS-001,WHOLESALE,2025-01-06,159.44047965730306,Seasonal_MA_2Y,195.94724777622946,2024-01-08,2023-01-09
7,CTS-001,WHOLESALE,2025-01-13,195.5707317313264,Seasonal_Naive,196.67472825871164,2024-01-15,
7,CTS-001,WHOLESALE,2025-01-13,195.5707317313264,Seasonal_MA_2Y,232.83736412935582,2024-01-15,2023-01-16
7,CTS-001,WHOLESALE,2025-01-20,243.0,Seasonal_Naive,119.0,2024-01-22,
7,CTS-001,WHOLESALE,2025-01-20,243.0,Seasonal_MA_2Y,158.50130669158966,2024-01-22,2023-01-23
7,CTS-001,WHOLESALE,2025-01-27,234.8657646000658,Seasonal_Naive,200.25,2024-01-29,
7,CTS-001,WHOLESALE,2025-01-27,234.8657646000658,Seasonal_MA_2Y,190.79012620604973,2024-01-29,2023-01-30
7,CTS-001,WHOLESALE,2025-02-03,338.5,Seasonal_Naive,207.0,2024-02-05,
7,CTS-001,WHOLESALE,2025-02-03,338.5,Seasonal_MA_2Y,228.9066147076153,2024-02-05,2023-02-06
7,CTS-001,WHOLESALE,2025-02-10,265.37725895475194,Seasonal_Naive,185.0,2024-02-12,
7,CTS-001,WHOLESALE,2025-02-10,265.37725895475194,Seasonal_MA_2Y,186.0,2024-02-12,2023-02-13
7,CTS-001,WHOLESALE,2025-02-17,188.8649306862297,Seasonal_Naive,275.0,2024-02-19,
7,CTS-001,WHOLESALE,2025-02-17,188.8649306862297,Seasonal_MA_2Y,250.5,2024-02-19,2023-02-20
7,CTS-001,WHOLESALE,2025-02-24,247.0,Seasonal_Naive,283.75,2024-02-26,
7,CTS-001,WHOLESALE,2025-02-24,247.0,Seasonal_MA_2Y,257.875,2024-02-26,2023-02-27
7,CTS-001,WHOLESALE,2025-03-03,295.0822393693861,Seasonal_Naive,272.0,2024-03-04,
7,CTS-001,WHOLESALE,2025-03-03,295.0822393693861,Seasonal_MA_2Y,209.5,2024-03-04,2023-03-06
7,CTS-001,WHOLESALE,2025-03-10,215.6577717513107,Seasonal_Naive,221.0,2024-03-11,
7,CTS-001,WHOLESALE,2025-03-10,215.6577717513107,Seasonal_MA_2Y,256.0,2024-03-11,2023-03-13
7,CTS-001,WHOLESALE,2025-03-17,266.9440841365756,Seasonal_Naive,279.5,2024-03-18,
7,CTS-001,WHOLESALE,2025-03-17,266.9440841365756,Seasonal_MA_2Y,223.25,2024-03-18,2023-03-20
7,CTS-001,WHOLESALE,2025-03-24,265.0,Seasonal_Naive,178.0,2024-03-25,
7,CTS-001,WHOLESALE,2025-03-24,265.0,Seasonal_MA_2Y,214.5,2024-03-25,2023-03-27
8,CTS-001,WHOLESALE,2025-03-31,165.0,Seasonal_Naive,283.0,2024-04-01,
8,CTS-001,WHOLESALE,2025-03-31,165.0,Seasonal_MA_2Y,332.5,2024-04-01,2023-04-03
8,CTS-001,WHOLESALE,2025-04-07,369.1582338357773,Seasonal_Naive,269.0301472993673,2024-04-08,
8,CTS-001,WHOLESALE,2025-04-07,369.1582338357773,Seasonal_MA_2Y,252.51507364968364,2024-04-08,2023-04-10
8,CTS-001,WHOLESALE,2025-04-14,203.25000000000003,Seasonal_Naive,247.0,2024-04-15,
8,CTS-001,WHOLESALE,2025-04-14,203.25000000000003,Seasonal_MA_2Y,216.92664846168736,2024-04-15,2023-04-17
8,CTS-001,WHOLESALE,2025-04-21,193.0802883079904,Seasonal_Naive,220.0,2024-04-22,
8,CTS-001,WHOLESALE,2025-04-21,193.0802883079904,Seasonal_MA_2Y,239.5,2024-04-22,2023-04-24
8,CTS-001,WHOLESALE,2025-04-28,249.5515587529976,Seasonal_Naive,205.0,2024-04-29,
8,CTS-001,WHOLESALE,2025-04-28,249.5515587529976,Seasonal_MA_2Y,246.99999999999997,2024-04-29,2023-05-01
8,CTS-001,WHOLESALE,2025-05-05,232.9921282968845,Seasonal_Naive,229.0,2024-05-06,
8,CTS-001,WHOLESALE,2025-05-05,232.9921282968845,Seasonal_MA_2Y,266.0,2024-05-06,2023-05-08
8,CTS-001,WHOLESALE,2025-05-12,314.42105263157896,Seasonal_Naive,210.0,2024-05-13,
8,CTS-001,WHOLESALE,2025-05-12,314.42105263157896,Seasonal_MA_2Y,259.68387909319904,2024-05-13,2023-05-15
8,CTS-001,WHOLESALE,2025-05-19,310.6926579816628,Seasonal_Naive,108.0,2024-05-20,
8,CTS-001,WHOLESALE,2025-05-19,310.6926579816628,Seasonal_MA_2Y,136.0,2024-05-20,2023-05-22
8,CTS-001,WHOLESALE,2025-05-26,349.9213810101899,Seasonal_Naive,192.0,2024-05-27,
8,CTS-001,WHOLESALE,2025-05-26,349.9213810101899,Seasonal_MA_2Y,217.5,2024-05-27,2023-05-29
8,CTS-001,WHOLESALE,2025-06-02,234.0,Seasonal_Naive,245.5,2024-06-03,
8,CTS-001,WHOLESALE,2025-06-02,234.0,Seasonal_MA_2Y,281.63421270170306,2024-06-03,2023-06-05
8,CTS-001,WHOLESALE,2025-06-09,212.43779637966023,Seasonal_Naive,288.0,2024-06-10,
8,CTS-001,WHOLESALE,2025-06-09,212.43779637966023,Seasonal_MA_2Y,291.0,2024-06-10,2023-06-12
8,CTS-001,WHOLESALE,2025-06-16,309.7960899490514,Seasonal_Naive,261.27315219205605,2024-06-17,
8,CTS-001,WHOLESALE,2025-06-16,309.7960899490514,Seasonal_MA_2Y,263.2260921680099,2024-06-17,2023-06-19
8,CTS-001,WHOLESALE,2025-06-23,399.0181709503875,Seasonal_Naive,325.5,2024-06-24,
8,CTS-001,WHOLESALE,2025-06-23,399.0181709503875,Seasonal_MA_2Y,322.0057633928707,2024-06-24,2023-06-26
9,CTS-001,WHOLESALE,2025-06-30,187.0,Seasonal_Naive,347.0,2024-07-01,
9,CTS-001,WHOLESALE,2025-06-30,187.0,Seasonal_MA_2Y,269.5,2024-07-01,2023-07-03
9,CTS-001,WHOLESALE,2025-07-07,221.00000000000003,Seasonal_Naive,232.0,2024-07-08,
9,CTS-001,WHOLESALE,2025-07-07,221.00000000000003,Seasonal_MA_2Y,277.5,2024-07-08,2023-07-10
9,CTS-001,WHOLESALE,2025-07-14,212.0,Seasonal_Naive,235.0,2024-07-15,
9,CTS-001,WHOLESALE,2025-07-14,212.0,Seasonal_MA_2Y,260.0,2024-07-15,2023-07-17
9,CTS-001,WHOLESALE,2025-07-21,253.0,Seasonal_Naive,247.0,2024-07-22,
9,CTS-001,WHOLESALE,2025-07-21,253.0,Seasonal_MA_2Y,281.5,2024-07-22,2023-07-24
9,CTS-001,WHOLESALE,2025-07-28,347.0,Seasonal_Naive,322.0,2024-07-29,
9,CTS-001,WHOLESALE,2025-07-28,347.0,Seasonal_MA_2Y,264.0,2024-07-29,2023-07-31
9,CTS-001,WHOLESALE,2025-08-04,211.0,Seasonal_Naive,270.0,2024-08-05,
9,CTS-001,WHOLESALE,2025-08-04,211.0,Seasonal_MA_2Y,272.5,2024-08-05,2023-08-07
9,CTS-001,WHOLESALE,2025-08-11,260.0,Seasonal_Naive,245.0,2024-08-12,
9,CTS-001,WHOLESALE,2025-08-11,260.0,Seasonal_MA_2Y,266.0,2024-08-12,2023-08-14
9,CTS-001,WHOLESALE,2025-08-18,211.0,Seasonal_Naive,298.5925925925926,2024-08-19,
9,CTS-001,WHOLESALE,2025-08-18,211.0,Seasonal_MA_2Y,285.6144401480617,2024-08-19,2023-08-21
9,CTS-001,WHOLESALE,2025-08-25,239.0,Seasonal_Naive,139.44708994708995,2024-08-26,
9,CTS-001,WHOLESALE,2025-08-25,239.0,Seasonal_MA_2Y,194.97354497354496,2024-08-26,2023-08-28
9,CTS-001,WHOLESALE,2025-09-01,398.0,Seasonal_Naive,349.0,2024-09-02,
9,CTS-001,WHOLESALE,2025-09-01,398.0,Seasonal_MA_2Y,353.0,2024-09-02,2023-09-04
9,CTS-001,WHOLESALE,2025-09-08,413.0,Seasonal_Naive,454.0,2024-09-09,
9,CTS-001,WHOLESALE,2025-09-08,413.0,Seasonal_MA_2Y,405.0,2024-09-09,2023-09-11
9,CTS-001,WHOLESALE,2025-09-15,237.0,Seasonal_Naive,354.00000000000006,2024-09-16,
9,CTS-001,WHOLESALE,2025-09-15,237.0,Seasonal_MA_2Y,306.0,2024-09-16,2023-09-18
9,CTS-001,WHOLESALE,2025-09-22,249.13685533898888,Seasonal_Naive,274.5,2024-09-23,
9,CTS-001,WHOLESALE,2025-09-22,249.13685533898888,Seasonal_MA_2Y,340.75,2024-09-23,2023-09-25
10,CTS-001,WHOLESALE,2025-09-29,412.0,Seasonal_Naive,243.0,2024-09-30,
10,CTS-001,WHOLESALE,2025-09-29,412.0,Seasonal_MA_2Y,313.5,2024-09-30,2023-10-02
10,CTS-001,WHOLESALE,2025-10-06,327.0,Seasonal_Naive,311.0,2024-10-07,
10,CTS-001,WHOLESALE,2025-10-06,327.0,Seasonal_MA_2Y,292.5,2024-10-07,2023-10-09
10,CTS-001,WHOLESALE,2025-10-13,374.0,Seasonal_Naive,314.0,2024-10-14,
10,CTS-001,WHOLESALE,2025-10-13,374.0,Seasonal_MA_2Y,308.0,2024-10-14,2023-10-16
10,CTS-001,WHOLESALE,2025-10-20,423.00000000000006,Seasonal_Naive,330.2373714200579,2024-10-21,
10,CTS-001,WHOLESALE,2025-10-20,423.00000000000006,Seasonal_MA_2Y,368.78600246430125,2024-10-21,2023-10-23
10,CTS-001,WHOLESALE,2025-10-27,372.0,Seasonal_Naive,347.0,2024-10-28,
10,CTS-001,WHOLESALE,2025-10-27,372.0,Seasonal_MA_2Y,375.0,2024-10-28,2023-10-30
10,CTS-001,WHOLESALE,2025-11-03,437.0,Seasonal_Naive,397.0,2024-11-04,
10,CTS-001,WHOLESALE,2025-11-03,437.0,Seasonal_MA_2Y,387.0,2024-11-04,2023-11-06
10,CTS-001,WHOLESALE,2025-11-10,297.2520322239045,Seasonal_Naive,444.1351053011713,2024-11-11,
10,CTS-001,WHOLESALE,2025-11-10,297.2520322239045,Seasonal_MA_2Y,353.56755265058564,2024-11-11,2023-11-13
10,CTS-001,WHOLESALE,2025-11-17,527.2190178659379,Seasonal_Naive,371.4513155991941,2024-11-18,
10,CTS-001,WHOLESALE,2025-11-17,527.2190178659379,Seasonal_MA_2Y,459.72565779959706,2024-11-18,2023-11-20
10,CTS-001,WHOLESALE,2025-11-24,525.8558682337625,Seasonal_Naive,537.324571018437,2024-11-25,
10,CTS-001,WHOLESALE,2025-11-24,525.8558682337625,Seasonal_MA_2Y,427.6622855092185,2024-11-25,2023-11-27
10,CTS-001,WHOLESALE,2025-12-01,261.7953822659147,Seasonal_Naive,397.44630348205465,2024-12-02,
10,CTS-001,WHOLESALE,2025-12-01,261.7953822659147,Seasonal_MA_2Y,365.7231517410273,2024-12-02,2023-12-04
10,CTS-001,WHOLESALE,2025-12-08,280.8304454580508,Seasonal_Naive,376.64996308700313,2024-12-09,
10,CTS-001,WHOLESALE,2025-12-08,280.8304454580508,Seasonal_MA_2Y,320.82498154350156,2024-12-09,2023-12-11
10,CTS-001,WHOLESALE,2025-12-15,341.0283175176544,Seasonal_Naive,331.63287641355925,2024-12-16,
10,CTS-001,WHOLESALE,2025-12-15,341.0283175176544,Seasonal_MA_2Y,307.3164382067796,2024-12-16,2023-12-18
10,CTS-001,WHOLESALE,2025-12-22,264.60476279121724,Seasonal_Naive,390.2984815865656,2024-12-23,
10,CTS-001,WHOLESALE,2025-12-22,264.60476279121724,Seasonal_MA_2Y,257.6492407932828,2024-12-23,2023-12-25
11,CTS-001,WHOLESALE,2025-12-29,379.99144826463055,Seasonal_Naive,188.0,2024-12-30,
11,CTS-001,WHOLESALE,2025-12-29,379.99144826463055,Seasonal_MA_2Y,217.86450524010593,2024-12-30,2024-01-01
11,CTS-001,WHOLESALE,2026-01-05,197.04290851177933,Seasonal_Naive,159.44047965730306,2025-01-06,
11,CTS-001,WHOLESALE,2026-01-05,197.04290851177933,Seasonal_MA_2Y,190.09697598815575,2025-01-06,2024-01-08
11,CTS-001,WHOLESALE,2026-01-12,177.25,Seasonal_Naive,195.5707317313264,2025-01-13,
11,CTS-001,WHOLESALE,2026-01-12,177.25,Seasonal_MA_2Y,196.12272999501903,2025-01-13,2024-01-15
11,CTS-001,WHOLESALE,2026-01-19,161.0,Seasonal_Naive,243.0,2025-01-20,
11,CTS-001,WHOLESALE,2026-01-19,161.0,Seasonal_MA_2Y,181.0,2025-01-20,2024-01-22
11,CTS-001,WHOLESALE,2026-01-26,209.779711480894,Seasonal_Naive,234.8657646000658,2025-01-27,
11,CTS-001,WHOLESALE,2026-01-26,209.779711480894,Seasonal_MA_2Y,217.5578823000329,2025-01-27,2024-01-29
11,CTS-001,WHOLESALE,2026-02-02,188.0,Seasonal_Naive,338.5,2025-02-03,
11,CTS-001,WHOLESALE,2026-02-02,188.0,Seasonal_MA_2Y,272.75,2025-02-03,2024-02-05
11,CTS-001,WHOLESALE,2026-02-09,267.0,Seasonal_Naive,265.37725895475194,2025-02-10,
11,CTS-001,WHOLESALE,2026-02-09,267.0,Seasonal_MA_2Y,225.18862947737597,2025-02-10,2024-02-12
11,CTS-001,WHOLESALE,2026-02-16,188.0,Seasonal_Naive,188.8649306862297,2025-02-17,
11,CTS-001,WHOLESALE,2026-02-16,188.0,Seasonal_MA_2Y,231.93246534311487,2025-02-17,2024-02-19
11,CTS-001,WHOLESALE,2026-02-23,276.0,Seasonal_Naive,247.0,2025-02-24,
11,CTS-001,WHOLESALE,2026-02-23,276.0,Seasonal_MA_2Y,265.375,2025-02-24,2024-02-26
11,CTS-001,WHOLESALE,2026-03-02,151.0,Seasonal_Naive,295.0822393693861,2025-03-03,
11,CTS-001,WHOLESALE,2026-03-02,151.0,Seasonal_MA_2Y,283.54111968469306,2025-03-03,2024-03-04
11,CTS-001,WHOLESALE,2026-03-09,227.5,Seasonal_Naive,215.6577717513107,2025-03-10,
11,CTS-001,WHOLESALE,2026-03-09,227.5,Seasonal_MA_2Y,218.32888587565535,2025-03-10,2024-03-11
11,CTS-001,WHOLESALE,2026-03-16,239.0,Seasonal_Naive,266.9440841365756,2025-03-17,
11,CTS-001,WHOLESALE,2026-03-16,239.0,Seasonal_MA_2Y,273.2220420682878,2025-03-17,2024-03-18
11,CTS-001,WHOLESALE,2026-03-23,203.0,Seasonal_Naive,265.0,2025-03-24,
11,CTS-001,WHOLESALE,2026-03-23,203.0,Seasonal_MA_2Y,221.5,2025-03-24,2024-03-25
12,CTS-001,WHOLESALE,2026-03-30,234.35998101619776,Seasonal_Naive,165.0,2025-03-31,
12,CTS-001,WHOLESALE,2026-03-30,234.35998101619776,Seasonal_MA_2Y,224.0,2025-03-31,2024-04-01
12,CTS-001,WHOLESALE,2026-04-06,252.00000000000003,Seasonal_Naive,369.1582338357773,2025-04-07,
12,CTS-001,WHOLESALE,2026-04-06,252.00000000000003,Seasonal_MA_2Y,319.0941905675723,2025-04-07,2024-04-08
12,CTS-001,WHOLESALE,2026-04-13,298.7462804790289,Seasonal_Naive,203.25000000000003,2025-04-14,
12,CTS-001,WHOLESALE,2026-04-13,298.7462804790289,Seasonal_MA_2Y,225.125,2025-04-14,2024-04-15
12,CTS-001,WHOLESALE,2026-04-20,190.7368157358052,Seasonal_Naive,193.0802883079904,2025-04-21,
12,CTS-001,WHOLESALE,2026-04-20,190.7368157358052,Seasonal_MA_2Y,206.5401441539952,2025-04-21,2024-04-22
12,CTS-001,WHOLESALE,2026-04-27,234.0,Seasonal_Naive,249.5515587529976,2025-04-28,
12,CTS-001,WHOLESALE,2026-04-27,234.0,Seasonal_MA_2Y,227.2757793764988,2025-04-28,2024-04-29
12,CTS-001,WHOLESALE,2026-05-04,268.96162997005,Seasonal_Naive,232.9921282968845,2025-05-05,
12,CTS-001,WHOLESALE,2026-05-04,268.96162997005,Seasonal_MA_2Y,230.99606414844226,2025-05-05,2024-05-06
12,CTS-001,WHOLESALE,2026-05-11,347.70990263611293,Seasonal_Naive,314.42105263157896,2025-05-12,
12,CTS-001,WHOLESALE,2026-05-11,347.70990263611293,Seasonal_MA_2Y,262.2105263157895,2025-05-12,2024-05-13
12,CTS-001,WHOLESALE,2026-05-18,253.0,Seasonal_Naive,310.6926579816628,2025-05-19,
12,CTS-001,WHOLESALE,2026-05-18,253.0,Seasonal_MA_2Y,209.3463289908314,2025-05-19,2024-05-20
12,CTS-001,WHOLESALE,2026-05-25,253.89206189784667,Seasonal_Naive,349.9213810101899,2025-05-26,
12,CTS-001,WHOLESALE,2026-05-25,253.89206189784667,Seasonal_MA_2Y,270.96069050509493,2025-05-26,2024-05-27
12,CTS-001,WHOLESALE,2026-06-01,301.447933204697,Seasonal_Naive,234.0,2025-06-02,
12,CTS-001,WHOLESALE,2026-06-01,301.447933204697,Seasonal_MA_2Y,239.75,2025-06-02,2024-06-03
12,CTS-001,WHOLESALE,2026-06-08,233.0,Seasonal_Naive,212.43779637966023,2025-06-09,
12,CTS-001,WHOLESALE,2026-06-08,233.0,Seasonal_MA_2Y,250.2188981898301,2025-06-09,2024-06-10
12,CTS-001,WHOLESALE,2026-06-15,279.3333826719655,Seasonal_Naive,309.7960899490514,2025-06-16,
12,CTS-001,WHOLESALE,2026-06-15,279.3333826719655,Seasonal_MA_2Y,285.5346210705537,2025-06-16,2024-06-17
12,CTS-001,WHOLESALE,2026-06-22,234.81721019688013,Seasonal_Naive,399.0181709503875,2025-06-23,
12,CTS-001,WHOLESALE,2026-06-22,234.81721019688013,Seasonal_MA_2Y,362.25908547519373,2025-06-23,2024-06-24
1,IMH-001,ECOM,2023-07-03,324.0,Seasonal_Naive,317.0,2022-07-04,
1,IMH-001,ECOM,2023-07-03,324.0,Seasonal_MA_2Y,301.5,2022-07-04,2021-07-05
1,IMH-001,ECOM,2023-07-10,373.0,Seasonal_Naive,320.0,2022-07-11,
1,IMH-001,ECOM,2023-07-10,373.0,Seasonal_MA_2Y,308.5,2022-07-11,2021-07-12
1,IMH-001,ECOM,2023-07-17,333.0,Seasonal_Naive,354.0,2022-07-18,
1,IMH-001,ECOM,2023-07-17,333.0,Seasonal_MA_2Y,331.0,2022-07-18,2021-07-19
1,IMH-001,ECOM,2023-07-24,362.0,Seasonal_Naive,307.0,2022-07-25,
1,IMH-001,ECOM,2023-07-24,362.0,Seasonal_MA_2Y,302.0,2022-07-25,2021-07-26
1,IMH-001,ECOM,2023-07-31,355.0,Seasonal_Naive,351.0,2022-08-01,
1,IMH-001,ECOM,2023-07-31,355.0,Seasonal_MA_2Y,349.0,2022-08-01,2021-08-02
1,IMH-001,ECOM,2023-08-07,402.0,Seasonal_Naive,423.0,2022-08-08,
1,IMH-001,ECOM,2023-08-07,402.0,Seasonal_MA_2Y,374.5,2022-08-08,2021-08-09
1,IMH-001,ECOM,2023-08-14,412.0,Seasonal_Naive,355.99999999999994,2022-08-15,
1,IMH-001,ECOM,2023-08-14,412.0,Seasonal_MA_2Y,344.5,2022-08-15,2021-08-16
1,IMH-001,ECOM,2023-08-21,449.0,Seasonal_Naive,350.0,2022-08-22,
1,IMH-001,ECOM,2023-08-21,449.0,Seasonal_MA_2Y,330.5,2022-08-22,2021-08-23
1,IMH-001,ECOM,2023-08-28,332.0,Seasonal_Naive,358.0,2022-08-29,
1,IMH-001,ECOM,2023-08-28,332.0,Seasonal_MA_2Y,343.0,2022-08-29,2021-08-30
1,IMH-001,ECOM,2023-09-04,549.0,Seasonal_Naive,498.0,2022-09-05,
1,IMH-001,ECOM,2023-09-04,549.0,Seasonal_MA_2Y,478.0,2022-09-05,2021-09-06
1,IMH-001,ECOM,2023-09-11,563.0,Seasonal_Naive,508.0,2022-09-12,
1,IMH-001,ECOM,2023-09-11,563.0,Seasonal_MA_2Y,479.5,2022-09-12,2021-09-13
1,IMH-001,ECOM,2023-09-18,579.0,Seasonal_Naive,526.0,2022-09-19,
1,IMH-001,ECOM,2023-09-18,579.0,Seasonal_MA_2Y,501.5,2022-09-19,2021-09-20
1,IMH-001,ECOM,2023-09-25,581.0,Seasonal_Naive,527.0,2022-09-26,
1,IMH-001,ECOM,2023-09-25,581.0,Seasonal_MA_2Y,490.5,2022-09-26,2021-09-27
2,IMH-001,ECOM,2023-10-02,701.0,Seasonal_Naive,686.0,2022-10-03,
2,IMH-001,ECOM,2023-10-02,701.0,Seasonal_MA_2Y,617.5,2022-10-03,2021-10-04
2,IMH-001,ECOM,2023-10-09,669.0,Seasonal_Naive,594.0,2022-10-10,
2,IMH-001,ECOM,2023-10-09,669.0,Seasonal_MA_2Y,626.0,2022-10-10,2021-10-11
2,IMH-001,ECOM,2023-10-16,661.0,Seasonal_Naive,701.0,2022-10-17,
2,IMH-001,ECOM,2023-10-16,661.0,Seasonal_MA_2Y,649.0,2022-10-17,2021-10-18
2,IMH-001,ECOM,2023-10-23,767.0,Seasonal_Naive,762.0,2022-10-24,
2,IMH-001,ECOM,2023-10-23,767.0,Seasonal_MA_2Y,674.5,2022-10-24,2021-10-25
2,IMH-001,ECOM,2023-10-30,892.0,Seasonal_Naive,715.0,2022-10-31,
2,IMH-001,ECOM,2023-10-30,892.0,Seasonal_MA_2Y,782.5,2022-10-31,2021-11-01
2,IMH-001,ECOM,2023-11-06,968.0,Seasonal_Naive,780.0,2022-11-07,
2,IMH-001,ECOM,2023-11-06,968.0,Seasonal_MA_2Y,715.0,2022-11-07,2021-11-08
2,IMH-001,ECOM,2023-11-13,850.0,Seasonal_Naive,875.0,2022-11-14,
2,IMH-001,ECOM,2023-11-13,850.0,Seasonal_MA_2Y,756.0,2022-11-14,2021-11-15
2,IMH-001,ECOM,2023-11-20,973.0,Seasonal_Naive,888.2437502433538,2022-11-21,
2,IMH-001,ECOM,2023-11-20,973.0,Seasonal_MA_2Y,842.1218751216769,2022-11-21,2021-11-22
2,IMH-001,ECOM,2023-11-27,961.0,Seasonal_Naive,905.0,2022-11-28,
2,IMH-001,ECOM,2023-11-27,961.0,Seasonal_MA_2Y,862.5,2022-11-28,2021-11-29
2,IMH-001,ECOM,2023-12-04,889.0,Seasonal_Naive,809.9999999999999,2022-12-05,
2,IMH-001,ECOM,2023-12-04,889.0,Seasonal_MA_2Y,781.0,2022-12-05,2021-12-06
2,IMH-001,ECOM,2023-12-11,875.9999999999999,Seasonal_Naive,993.5294030181764,2022-12-12,
2,IMH-001,ECOM,2023-12-11,875.9999999999999,Seasonal_MA_2Y,869.2849982758784,2022-12-12,2021-12-13
2,IMH-001,ECOM,2023-12-18,761.4026265929238,Seasonal_Naive,1054.0131159053733,2022-12-19,
2,IMH-001,ECOM,2023-12-18,761.4026265929238,Seasonal_MA_2Y,943.2617860880495,2022-12-19,2021-12-20
2,IMH-001,ECOM,2023-12-25,836.671034644572,Seasonal_Naive,852.8809054269994,2022-12-26,
2,IMH-001,ECOM,2023-12-25,836.671034644572,Seasonal_MA_2Y,841.1988069851536,2022-12-26,2021-12-27
3,IMH-001,ECOM,2024-01-01,746.4148375372087,Seasonal_Naive,743.9128447985771,2023-01-02,
3,IMH-001,ECOM,2024-01-01,746.4148375372087,Seasonal_MA_2Y,748.6393289124738,2023-01-02,2022-01-03
3,IMH-001,ECOM,2024-01-08,767.6071355837788,Seasonal_Naive,767.4029977746216,2023-01-09,
3,IMH-001,ECOM,2024-01-08,767.6071355837788,Seasonal_MA_2Y,733.0286337642663,2023-01-09,2022-01-10
3,IMH-001,ECOM,2024-01-15,1076.0,Seasonal_Naive,735.5,2023-01-16,
3,IMH-001,ECOM,2024-01-15,1076.0,Seasonal_MA_2Y,727.435117716866,2023-01-16,2022-01-17
3,IMH-001,ECOM,2024-01-22,759.681358056455,Seasonal_Naive,829.5403128799977,2023-01-23,
3,IMH-001,ECOM,2024-01-22,759.681358056455,Seasonal_MA_2Y,804.173865740248,2023-01-23,2022-01-24
3,IMH-001,ECOM,2024-01-29,763.2719397096193,Seasonal_Naive,935.991385680392,2023-01-30,
3,IMH-001,ECOM,2024-01-29,763.2719397096193,Seasonal_MA_2Y,863.0473248920623,2023-01-30,2022-01-31
3,IMH-001,ECOM,2024-02-05,573.5787639638366,Seasonal_Naive,615.0,2023-02-06,
3,IMH-001,ECOM,2024-02-05,573.5787639638366,Seasonal_MA_2Y,621.0298058269909,2023-02-06,2022-02-07
3,IMH-001,ECOM,2024-02-12,780.6356101902942,Seasonal_Naive,654.4955270806272,2023-02-13,
3,IMH-001,ECOM,2024-02-12,780.6356101902942,Seasonal_MA_2Y,649.2477635403136,2023-02-13,2022-02-14
3,IMH-001,ECOM,2024-02-19,756.6692250701107,Seasonal_Naive,659.5525495836239,2023-02-20,
3,IMH-001,ECOM,2024-02-19,756.6692250701107,Seasonal_MA_2Y,668.4142186179453,2023-02-20,2022-02-21
3,IMH-001,ECOM,2024-02-26,664.0055906730651,Seasonal_Naive,689.0,2023-02-27,
3,IMH-001,ECOM,2024-02-26,664.0055906730651,Seasonal_MA_2Y,646.4388307945771,2023-02-27,2022-02-28
3,IMH-001,ECOM,2024-03-04,635.8646682829769,Seasonal_Naive,623.5,2023-03-06,
3,IMH-001,ECOM,2024-03-04,635.8646682829769,Seasonal_MA_2Y,597.25,2023-03-06,2022-03-07
3,IMH-001,ECOM,2024-03-11,544.0291984608024,Seasonal_Naive,564.8299711912468,2023-03-13,
3,IMH-001,ECOM,2024-03-11,544.0291984608024,Seasonal_MA_2Y,508.26850741436135,2023-03-13,2022-03-14
3,IMH-001,ECOM,2024-03-18,631.5564205839029,Seasonal_Naive,540.5,2023-03-20,
3,IMH-001,ECOM,2024-03-18,631.5564205839029,Seasonal_MA_2Y,496.75,2023-03-20,2022-03-21
3,IMH-001,ECOM,2024-03-25,531.0,Seasonal_Naive,551.5,2023-03-27,
3,IMH-001,ECOM,2024-03-25,531.0,Seasonal_MA_2Y,527.25,2023-03-27,2022-03-28
4,IMH-001,ECOM,2024-04-01,542.8802197131744,Seasonal_Naive,548.7361405382645,2023-04-03,
4,IMH-001,ECOM,2024-04-01,542.8802197131744,Seasonal_MA_2Y,486.86908761952316,2023-04-03,2022-04-04
4,IMH-001,ECOM,2024-04-08,440.0,Seasonal_Naive,427.0,2023-04-10,
4,IMH-001,ECOM,2024-04-08,440.0,Seasonal_MA_2Y,427.0,2023-04-10,2022-04-11
4,IMH-001,ECOM,2024-04-15,569.8712697458245,Seasonal_Naive,557.0,2023-04-17,
4,IMH-001,ECOM,2024-04-15,569.8712697458245,Seasonal_MA_2Y,483.5,2023-04-17,2022-04-18
4,IMH-001,ECOM,2024-04-22,460.63165651472735,Seasonal_Naive,416.0,2023-04-24,
4,IMH-001,ECOM,2024-04-22,460.63165651472735,Seasonal_MA_2Y,399.0,2023-04-24,2022-04-25
4,IMH-001,ECOM,2024-04-29,427.00000000000006,Seasonal_Naive,395.0,2023-05-01,
4,IMH-001,ECOM,2024-04-29,427.00000000000006,Seasonal_MA_2Y,386.0,2023-05-01,2022-05-02
4,IMH-001,ECOM,2024-05-06,411.00000000000006,Seasonal_Naive,379.0,2023-05-08,
4,IMH-001,ECOM,2024-05-06,411.00000000000006,Seasonal_MA_2Y,417.5,2023-05-08,2022-05-09
4,IMH-001,ECOM,2024-05-13,435.0,Seasonal_Naive,457.0,2023-05-15,
4,IMH-001,ECOM,2024-05-13,435.0,Seasonal_MA_2Y,410.5,2023-05-15,2022-05-16
4,IMH-001,ECOM,2024-05-20,440.0,Seasonal_Naive,339.0,2023-05-22,
4,IMH-001,ECOM,2024-05-20,440.0,Seasonal_MA_2Y,353.0,2023-05-22,2022-05-23
4,IMH-001,ECOM,2024-05-27,425.0,Seasonal_Naive,360.0,2023-05-29,
4,IMH-001,ECOM,2024-05-27,425.0,Seasonal_MA_2Y,365.0,2023-05-29,2022-05-30
4,IMH-001,ECOM,2024-06-03,377.0,Seasonal_Naive,378.0,2023-06-05,
4,IMH-001,ECOM,2024-06-03,377.0,Seasonal_MA_2Y,349.0,2023-06-05,2022-06-06
4,IMH-001,ECOM,2024-06-10,392.0,Seasonal_Naive,331.0,2023-06-12,
4,IMH-001,ECOM,2024-06-10,392.0,Seasonal_MA_2Y,326.5,2023-06-12,2022-06-13
4,IMH-001,ECOM,2024-06-17,364.0,Seasonal_Naive,334.0,2023-06-19,
4,IMH-001,ECOM,2024-06-17,364.0,Seasonal_MA_2Y,318.5,2023-06-19,2022-06-20
4,IMH-001,ECOM,2024-06-24,377.0,Seasonal_Naive,366.0,2023-06-26,
4,IMH-001,ECOM,2024-06-24,377.0,Seasonal_MA_2Y,351.5,2023-06-26,2022-06-27
5,IMH-001,ECOM,2024-07-01,442.0,Seasonal_Naive,324.0,2023-07-03,
5,IMH-001,ECOM,2024-07-01,442.0,Seasonal_MA_2Y,320.5,2023-07-03,2022-07-04
5,IMH-001,ECOM,2024-07-08,471.0,Seasonal_Naive,373.0,2023-07-10,
5,IMH-001,ECOM,2024-07-08,471.0,Seasonal_MA_2Y,346.5,2023-07-10,2022-07-11
5,IMH-001,ECOM,2024-07-15,386.0,Seasonal_Naive,333.0,2023-07-17,
5,IMH-001,ECOM,2024-07-15,386.0,Seasonal_MA_2Y,343.5,2023-07-17,2022-07-18
5,IMH-001,ECOM,2024-07-22,390.0,Seasonal_Naive,362.0,2023-07-24,
5,IMH-001,ECOM,2024-07-22,390.0,Seasonal_MA_2Y,334.5,2023-07-24,2022-07-25
5,IMH-001,ECOM,2024-07-29,391.0,Seasonal_Naive,355.0,2023-07-31,
5,IMH-001,ECOM,2024-07-29,391.0,Seasonal_MA_2Y,353.0,2023-07-31,2022-08-01
5,IMH-001,ECOM,2024-08-05,443.0,Seasonal_Naive,402.0,2023-08-07,
5,IMH-001,ECOM,2024-08-05,443.0,Seasonal_MA_2Y,412.5,2023-08-07,2022-08-08
5,IMH-001,ECOM,2024-08-12,454.0,Seasonal_Naive,412.0,2023-08-14,
5,IMH-001,ECOM,2024-08-12,454.0,Seasonal_MA_2Y,384.0,2023-08-14,2022-08-15
5,IMH-001,ECOM,2024-08-19,436.0,Seasonal_Naive,449.0,2023-08-21,
5,IMH-001,ECOM,2024-08-19,436.0,Seasonal_MA_2Y,399.5,2023-08-21,2022-08-22
5,IMH-001,ECOM,2024-08-26,416.00000000000006,Seasonal_Naive,332.0,2023-08-28,
5,IMH-001,ECOM,2024-08-26,416.00000000000006,Seasonal_MA_2Y,345.0,2023-08-28,2022-08-29
5,IMH-001,ECOM,2024-09-02,663.0,Seasonal_Naive,549.0,2023-09-04,
5,IMH-001,ECOM,2024-09-02,663.0,Seasonal_MA_2Y,523.5,2023-09-04,2022-09-05
5,IMH-001,ECOM,2024-09-09,586.0,Seasonal_Naive,563.0,2023-09-11,
5,IMH-001,ECOM,2024-09-09,586.0,Seasonal_MA_2Y,535.5,2023-09-11,2022-09-12
5,IMH-001,ECOM,2024-09-16,651.0,Seasonal_Naive,579.0,2023-09-18,
5,IMH-001,ECOM,2024-09-16,651.0,Seasonal_MA_2Y,552.5,2023-09-18,2022-09-19
5,IMH-001,ECOM,2024-09-23,599.0,Seasonal_Naive,581.0,2023-09-25,
5,IMH-001,ECOM,2024-09-23,599.0,Seasonal_MA_2Y,554.0,2023-09-25,2022-09-26
6,IMH-001,ECOM,2024-09-30,599.0,Seasonal_Naive,701.0,2023-10-02,
6,IMH-001,ECOM,2024-09-30,599.0,Seasonal_MA_2Y,693.5,2023-10-02,2022-10-03
6,IMH-001,ECOM,2024-10-07,798.0,Seasonal_Naive,669.0,2023-10-09,
6,IMH-001,ECOM,2024-10-07,798.0,Seasonal_MA_2Y,631.5,2023-10-09,2022-10-10
6,IMH-001,ECOM,2024-10-14,812.0,Seasonal_Naive,661.0,2023-10-16,
6,IMH-001,ECOM,2024-10-14,812.0,Seasonal_MA_2Y,681.0,2023-10-16,2022-10-17
6,IMH-001,ECOM,2024-10-21,898.0,Seasonal_Naive,767.0,2023-10-23,
6,IMH-001,ECOM,2024-10-21,898.0,Seasonal_MA_2Y,764.5,2023-10-23,2022-10-24
6,IMH-001,ECOM,2024-10-28,953.0,Seasonal_Naive,892.0,2023-10-30,
6,IMH-001,ECOM,2024-10-28,953.0,Seasonal_MA_2Y,803.5,2023-10-30,2022-10-31
6,IMH-001,ECOM,2024-11-04,860.0,Seasonal_Naive,968.0,2023-11-06,
6,IMH-001,ECOM,2024-11-04,860.0,Seasonal_MA_2Y,874.0,2023-11-06,2022-11-07
6,IMH-001,ECOM,2024-11-11,858.0,Seasonal_Naive,850.0,2023-11-13,
6,IMH-001,ECOM,2024-11-11,858.0,Seasonal_MA_2Y,862.5,2023-11-13,2022-11-14
6,IMH-001,ECOM,2024-11-18,852.2319529539968,Seasonal_Naive,973.0,2023-11-20,
6,IMH-001,ECOM,2024-11-18,852.2319529539968,Seasonal_MA_2Y,930.6218751216769,2023-11-20,2022-11-21
6,IMH-001,ECOM,2024-11-25,1088.0,Seasonal_Naive,961.0,2023-11-27,
6,IMH-001,ECOM,2024-11-25,1088.0,Seasonal_MA_2Y,933.0,2023-11-27,2022-11-28
6,IMH-001,ECOM,2024-12-02,1271.1377204490211,Seasonal_Naive,889.0,2023-12-04,
6,IMH-001,ECOM,2024-12-02,1271.1377204490211,Seasonal_MA_2Y,849.5,2023-12-04,2022-12-05
6,IMH-001,ECOM,2024-12-09,1091.3984685728126,Seasonal_Naive,875.9999999999999,2023-12-11,
6,IMH-001,ECOM,2024-12-09,1091.3984685728126,Seasonal_MA_2Y,934.7647015090881,2023-12-11,2022-12-12
6,IMH-001,ECOM,2024-12-16,999.7598719373852,Seasonal_Naive,761.4026265929238,2023-12-18,
6,IMH-001,ECOM,2024-12-16,999.7598719373852,Seasonal_MA_2Y,907.7078712491485,2023-12-18,2022-12-19
6,IMH-001,ECOM,2024-12-23,1055.8248250304543,Seasonal_Naive,836.671034644572,2023-12-25,
6,IMH-001,ECOM,2024-12-23,1055.8248250304543,Seasonal_MA_2Y,844.7759700357858,2023-12-25,2022-12-26
7,IMH-001,ECOM,2024-12-30,884.9116377359074,Seasonal_Naive,746.4148375372087,2024-01-01,
7,IMH-001,ECOM,2024-12-30,884.9116377359074,Seasonal_MA_2Y,745.1638411678929,2024-01-01,2023-01-02
7,IMH-001,ECOM,2025-01-06,799.2483615039043,Seasonal_Naive,767.6071355837788,2024-01-08,
7,IMH-001,ECOM,2025-01-06,799.2483615039043,Seasonal_MA_2Y,767.5050666792001,2024-01-08,2023-01-09
7,IMH-001,ECOM,2025-01-13,944.866441859664,Seasonal_Naive,1076.0,2024-01-15,
7,IMH-001,ECOM,2025-01-13,944.866441859664,Seasonal_MA_2Y,905.75,2024-01-15,2023-01-16
7,IMH-001,ECOM,2025-01-20,1050.6417824473008,Seasonal_Naive,759.681358056455,2024-01-22,
7,IMH-001,ECOM,2025-01-20,1050.6417824473008,Seasonal_MA_2Y,794.6108354682264,2024-01-22,2023-01-23
7,IMH-001,ECOM,2025-01-27,988.761578057548,Seasonal_Naive,763.2719397096193,2024-01-29,
7,IMH-001,ECOM,2025-01-27,988.761578057548,Seasonal_MA_2Y,849.6316626950056,2024-01-29,2023-01-30
7,IMH-001,ECOM,2025-02-03,888.6509454528764,Seasonal_Naive,573.5787639638366,2024-02-05,
7,IMH-001,ECOM,2025-02-03,888.6509454528764,Seasonal_MA_2Y,594.2893819819183,2024-02-05,2023-02-06
7,IMH-001,ECOM,2025-02-10,895.7050796192035,Seasonal_Naive,780.6356101902942,2024-02-12,
7,IMH-001,ECOM,2025-02-10,895.7050796192035,Seasonal_MA_2Y,717.5655686354607,2024-02-12,2023-02-13
7,IMH-001,ECOM,2025-02-17,908.0963229280704,Seasonal_Naive,756.6692250701107,2024-02-19,
7,IMH-001,ECOM,2025-02-17,908.0963229280704,Seasonal_MA_2Y,708.1108873268672,2024-02-19,2023-02-20
7,IMH-001,ECOM,2025-02-24,703.0346671723089,Seasonal_Naive,664.0055906730651,2024-02-26,
7,IMH-001,ECOM,2025-02-24,703.0346671723089,Seasonal_MA_2Y,676.5027953365325,2024-02-26,2023-02-27
7,IMH-001,ECOM,2025-03-03,662.0,Seasonal_Naive,635.8646682829769,2024-03-04,
7,IMH-001,ECOM,2025-03-03,662.0,Seasonal_MA_2Y,629.6823341414885,2024-03-04,2023-03-06
7,IMH-001,ECOM,2025-03-10,687.8218457028821,Seasonal_Naive,544.0291984608024,2024-03-11,
7,IMH-001,ECOM,2025-03-10,687.8218457028821,Seasonal_MA_2Y,554.4295848260247,2024-03-11,2023-03-13
7,IMH-001,ECOM,2025-03-17,703.5697632365607,Seasonal_Naive,631.5564205839029,2024-03-18,
7,IMH-001,ECOM,2025-03-17,703.5697632365607,Seasonal_MA_2Y,586.0282102919514,2024-03-18,2023-03-20
7,IMH-001,ECOM,2025-03-24,561.0,Seasonal_Naive,531.0,2024-03-25,
7,IMH-001,ECOM,2025-03-24,561.0,Seasonal_MA_2Y,541.25,2024-03-25,2023-03-27
8,IMH-001,ECOM,2025-03-31,586.8295233922464,Seasonal_Naive,542.8802197131744,2024-04-01,
8,IMH-001,ECOM,2025-03-31,586.8295233922464,Seasonal_MA_2Y,545.8081801257194,2024-04-01,2023-04-03
8,IMH-001,ECOM,2025-04-07,553.0,Seasonal_Naive,440.0,2024-04-08,
8,IMH-001,ECOM,2025-04-07,553.0,Seasonal_MA_2Y,433.5,2024-04-08,2023-04-10
8,IMH-001,ECOM,2025-04-14,505.0,Seasonal_Naive,569.8712697458245,2024-04-15,
8,IMH-001,ECOM,2025-04-14,505.0,Seasonal_MA_2Y,563.4356348729123,2024-04-15,2023-04-17
8,IMH-001,ECOM,2025-04-21,473.6120833034753,Seasonal_Naive,460.63165651472735,2024-04-22,
8,IMH-001,ECOM,2025-04-21,473.6120833034753,Seasonal_MA_2Y,438.3158282573637,2024-04-22,2023-04-24
8,IMH-001,ECOM,2025-04-28,457.0,Seasonal_Naive,427.00000000000006,2024-04-29,
8,IMH-001,ECOM,2025-04-28,457.0,Seasonal_MA_2Y,411.0,2024-04-29,2023-05-01
8,IMH-001,ECOM,2025-05-05,451.0,Seasonal_Naive,411.00000000000006,2024-05-06,
8,IMH-001,ECOM,2025-05-05,451.0,Seasonal_MA_2Y,395.0,2024-05-06,2023-05-08
8,IMH-001,ECOM,2025-05-12,513.0,Seasonal_Naive,435.0,2024-05-13,
8,IMH-001,ECOM,2025-05-12,513.0,Seasonal_MA_2Y,446.0,2024-05-13,2023-05-15
8,IMH-001,ECOM,2025-05-19,460.00000000000006,Seasonal_Naive,440.0,2024-05-20,
8,IMH-001,ECOM,2025-05-19,460.00000000000006,Seasonal_MA_2Y,389.5,2024-05-20,2023-05-22
8,IMH-001,ECOM,2025-05-26,418.0,Seasonal_Naive,425.0,2024-05-27,
8,IMH-001,ECOM,2025-05-26,418.0,Seasonal_MA_2Y,392.5,2024-05-27,2023-05-29
8,IMH-001,ECOM,2025-06-02,394.0,Seasonal_Naive,377.0,2024-06-03,
8,IMH-001,ECOM,2025-06-02,394.0,Seasonal_MA_2Y,377.5,2024-06-03,2023-06-05
8,IMH-001,ECOM,2025-06-09,423.0,Seasonal_Naive,392.0,2024-06-10,
8,IMH-001,ECOM,2025-06-09,423.0,Seasonal_MA_2Y,361.5,2024-06-10,2023-06-12
8,IMH-001,ECOM,2025-06-16,431.0,Seasonal_Naive,364.0,2024-06-17,
8,IMH-001,ECOM,2025-06-16,431.0,Seasonal_MA_2Y,349.0,2024-06-17,2023-06-19
8,IMH-001,ECOM,2025-06-23,419.0,Seasonal_Naive,377.0,2024-06-24,
8,IMH-001,ECOM,2025-06-23,419.0,Seasonal_MA_2Y,371.5,2024-06-24,2023-06-26
9,IMH-001,ECOM,2025-06-30,449.0,Seasonal_Naive,442.0,2024-07-01,
9,IMH-001,ECOM,2025-06-30,449.0,Seasonal_MA_2Y,383.0,2024-07-01,2023-07-03
9,IMH-001,ECOM,2025-07-07,433.0,Seasonal_Naive,471.0,2024-07-08,
9,IMH-001,ECOM,2025-07-07,433.0,Seasonal_MA_2Y,422.0,2024-07-08,2023-07-10
9,IMH-001,ECOM,2025-07-14,428.0,Seasonal_Naive,386.0,2024-07-15,
9,IMH-001,ECOM,2025-07-14,428.0,Seasonal_MA_2Y,359.5,2024-07-15,2023-07-17
9,IMH-001,ECOM,2025-07-21,435.0,Seasonal_Naive,390.0,2024-07-22,
9,IMH-001,ECOM,2025-07-21,435.0,Seasonal_MA_2Y,376.0,2024-07-22,2023-07-24
9,IMH-001,ECOM,2025-07-28,422.0,Seasonal_Naive,391.0,2024-07-29,
9,IMH-001,ECOM,2025-07-28,422.0,Seasonal_MA_2Y,373.0,2024-07-29,2023-07-31
9,IMH-001,ECOM,2025-08-04,495.0,Seasonal_Naive,443.0,2024-08-05,
9,IMH-001,ECOM,2025-08-04,495.0,Seasonal_MA_2Y,422.5,2024-08-05,2023-08-07
9,IMH-001,ECOM,2025-08-11,530.0,Seasonal_Naive,454.0,2024-08-12,
9,IMH-001,ECOM,2025-08-11,530.0,Seasonal_MA_2Y,433.0,2024-08-12,2023-08-14
9,IMH-001,ECOM,2025-08-18,472.0,Seasonal_Naive,436.0,2024-08-19,
9,IMH-001,ECOM,2025-08-18,472.0,Seasonal_MA_2Y,442.5,2024-08-19,2023-08-21
9,IMH-001,ECOM,2025-08-25,475.0,Seasonal_Naive,416.00000000000006,2024-08-26,
9,IMH-001,ECOM,2025-08-25,475.0,Seasonal_MA_2Y,374.0,2024-08-26,2023-08-28
9,IMH-001,ECOM,2025-09-01,676.0,Seasonal_Naive,663.0,2024-09-02,
9,IMH-001,ECOM,2025-09-01,676.0,Seasonal_MA_2Y,606.0,2024-09-02,2023-09-04
9,IMH-001,ECOM,2025-09-08,635.0,Seasonal_Naive,586.0,2024-09-09,
9,IMH-001,ECOM,2025-09-08,635.0,Seasonal_MA_2Y,574.5,2024-09-09,2023-09-11
9,IMH-001,ECOM,2025-09-15,656.0,Seasonal_Naive,651.0,2024-09-16,
9,IMH-001,ECOM,2025-09-15,656.0,Seasonal_MA_2Y,615.0,2024-09-16,2023-09-18
9,IMH-001,ECOM,2025-09-22,658.0,Seasonal_Naive,599.0,2024-09-23,
9,IMH-001,ECOM,2025-09-22,658.0,Seasonal_MA_2Y,590.0,2024-09-23,2023-09-25
10,IMH-001,ECOM,2025-09-29,682.9999999999999,Seasonal_Naive,599.0,2024-09-30,
10,IMH-001,ECOM,2025-09-29,682.9999999999999,Seasonal_MA_2Y,650.0,2024-09-30,2023-10-02
10,IMH-001,ECOM,2025-10-06,789.0,Seasonal_Naive,798.0,2024-10-07,
10,IMH-001,ECOM,2025-10-06,789.0,Seasonal_MA_2Y,733.5,2024-10-07,2023-10-09
10,IMH-001,ECOM,2025-10-13,777.0,Seasonal_Naive,812.0,2024-10-14,
10,IMH-001,ECOM,2025-10-13,777.0,Seasonal_MA_2Y,736.5,2024-10-14,2023-10-16
10,IMH-001,ECOM,2025-10-20,813.0,Seasonal_Naive,898.0,2024-10-21,
10,IMH-001,ECOM,2025-10-20,813.0,Seasonal_MA_2Y,832.5,2024-10-21,2023-10-23
10,IMH-001,ECOM,2025-10-27,1126.0,Seasonal_Naive,953.0,2024-10-28,
10,IMH-001,ECOM,2025-10-27,1126.0,Seasonal_MA_2Y,922.5,2024-10-28,2023-10-30
10,IMH-001,ECOM,2025-11-03,1084.0,Seasonal_Naive,860.0,2024-11-04,
10,IMH-001,ECOM,2025-11-03,1084.0,Seasonal_MA_2Y,914.0,2024-11-04,2023-11-06
10,IMH-001,ECOM,2025-11-10,962.0,Seasonal_Naive,858.0,2024-11-11,
10,IMH-001,ECOM,2025-11-10,962.0,Seasonal_MA_2Y,854.0,2024-11-11,2023-11-13
10,IMH-001,ECOM,2025-11-17,991.0,Seasonal_Naive,852.2319529539968,2024-11-18,
10,IMH-001,ECOM,2025-11-17,991.0,Seasonal_MA_2Y,912.6159764769984,2024-11-18,2023-11-20
10,IMH-001,ECOM,2025-11-24,1032.0,Seasonal_Naive,1088.0,2024-11-25,
10,IMH-001,ECOM,2025-11-24,1032.0,Seasonal_MA_2Y,1024.5,2024-11-25,2023-11-27
10,IMH-001,ECOM,2025-12-01,1265.0,Seasonal_Naive,1271.1377204490211,2024-12-02,
10,IMH-001,ECOM,2025-12-01,1265.0,Seasonal_MA_2Y,1080.0688602245104,2024-12-02,2023-12-04
10,IMH-001,ECOM,2025-12-08,1194.0,Seasonal_Naive,1091.3984685728126,2024-12-09,
10,IMH-001,ECOM,2025-12-08,1194.0,Seasonal_MA_2Y,983.6992342864062,2024-12-09,2023-12-11
10,IMH-001,ECOM,2025-12-15,948.995993924285,Seasonal_Naive,999.7598719373852,2024-12-16,
10,IMH-001,ECOM,2025-12-15,948.995993924285,Seasonal_MA_2Y,880.5812492651545,2024-12-16,2023-12-18
10,IMH-001,ECOM,2025-12-22,1052.6984220532308,Seasonal_Naive,1055.8248250304543,2024-12-23,
10,IMH-001,ECOM,2025-12-22,1052.6984220532308,Seasonal_MA_2Y,946.2479298375132,2024-12-23,2023-12-25
11,IMH-001,ECOM,2025-12-29,1081.0843679866116,Seasonal_Naive,884.9116377359074,2024-12-30,
11,IMH-001,ECOM,2025-12-29,1081.0843679866116,Seasonal_MA_2Y,815.663237636558,2024-12-30,2024-01-01
11,IMH-001,ECOM,2026-01-05,881.9040238417333,Seasonal_Naive,799.2483615039043,2025-01-06,
11,IMH-001,ECOM,2026-01-05,881.9040238417333,Seasonal_MA_2Y,783.4277485438415,2025-01-06,2024-01-08
11,IMH-001,ECOM,2026-01-12,944.9353439364334,Seasonal_Naive,944.866441859664,2025-01-13,
11,IMH-001,ECOM,2026-01-12,944.9353439364334,Seasonal_MA_2Y,1010.433220929832,2025-01-13,2024-01-15
11,IMH-001,ECOM,2026-01-19,994.9579718127128,Seasonal_Naive,1050.6417824473008,2025-01-20,
11,IMH-001,ECOM,2026-01-19,994.9579718127128,Seasonal_MA_2Y,905.161570251878,2025-01-20,2024-01-22
11,IMH-001,ECOM,2026-01-26,921.9331503070088,Seasonal_Naive,988.761578057548,2025-01-27,
11,IMH-001,ECOM,2026-01-26,921.9331503070088,Seasonal_MA_2Y,876.0167588835836,2025-01-27,2024-01-29
11,IMH-001,ECOM,2026-02-02,898.9965767754403,Seasonal_Naive,888.6509454528764,2025-02-03,
11,IMH-001,ECOM,2026-02-02,898.9965767754403,Seasonal_MA_2Y,731.1148547083565,2025-02-03,2024-02-05
11,IMH-001,ECOM,2026-02-09,918.8662320626904,Seasonal_Naive,895.7050796192035,2025-02-10,
11,IMH-001,ECOM,2026-02-09,918.8662320626904,Seasonal_MA_2Y,838.1703449047488,2025-02-10,2024-02-12
11,IMH-001,ECOM,2026-02-16,985.0812452969932,Seasonal_Naive,908.0963229280704,2025-02-17,
11,IMH-001,ECOM,2026-02-16,985.0812452969932,Seasonal_MA_2Y,832.3827739990905,2025-02-17,2024-02-19
11,IMH-001,ECOM,2026-02-23,938.0155263687296,Seasonal_Naive,703.0346671723089,2025-02-24,
11,IMH-001,ECOM,2026-02-23,938.0155263687296,Seasonal_MA_2Y,683.520128922687,2025-02-24,2024-02-26
11,IMH-001,ECOM,2026-03-02,672.562682241002,Seasonal_Naive,662.0,2025-03-03,
11,IMH-001,ECOM,2026-03-02,672.562682241002,Seasonal_MA_2Y,648.9323341414885,2025-03-03,2024-03-04
11,IMH-001,ECOM,2026-03-09,764.9151024887228,Seasonal_Naive,687.8218457028821,2025-03-10,
11,IMH-001,ECOM,2026-03-09,764.9151024887228,Seasonal_MA_2Y,615.9255220818422,2025-03-10,2024-03-11
11,IMH-001,ECOM,2026-03-16,733.7243555094576,Seasonal_Naive,703.5697632365607,2025-03-17,
11,IMH-001,ECOM,2026-03-16,733.7243555094576,Seasonal_MA_2Y,667.5630919102318,2025-03-17,2024-03-18
11,IMH-001,ECOM,2026-03-23,675.6289255717275,Seasonal_Naive,561.0,2025-03-24,
11,IMH-001,ECOM,2026-03-23,675.6289255717275,Seasonal_MA_2Y,546.0,2025-03-24,2024-03-25
12,IMH-001,ECOM,2026-03-30,646.9390133542281,Seasonal_Naive,586.8295233922464,2025-03-31,
12,IMH-001,ECOM,2026-03-30,646.9390133542281,Seasonal_MA_2Y,564.8548715527104,2025-03-31,2024-04-01
12,IMH-001,ECOM,2026-04-06,612.3228096974074,Seasonal_Naive,553.0,2025-04-07,
12,IMH-001,ECOM,2026-04-06,612.3228096974074,Seasonal_MA_2Y,496.5,2025-04-07,2024-04-08
12,IMH-001,ECOM,2026-04-13,455.0,Seasonal_Naive,505.0,2025-04-14,
12,IMH-001,ECOM,2026-04-13,455.0,Seasonal_MA_2Y,537.4356348729123,2025-04-14,2024-04-15
12,IMH-001,ECOM,2026-04-20,638.0391920942,Seasonal_Naive,473.6120833034753,2025-04-21,
12,IMH-001,ECOM,2026-04-20,638.0391920942,Seasonal_MA_2Y,467.1218699091013,2025-04-21,2024-04-22
12,IMH-001,ECOM,2026-04-27,575.0,Seasonal_Naive,457.0,2025-04-28,
12,IMH-001,ECOM,2026-04-27,575.0,Seasonal_MA_2Y,442.0,2025-04-28,2024-04-29
12,IMH-001,ECOM,2026-05-04,558.0,Seasonal_Naive,451.0,2025-05-05,
12,IMH-001,ECOM,2026-05-04,558.0,Seasonal_MA_2Y,431.0,2025-05-05,2024-05-06
12,IMH-001,ECOM,2026-05-11,562.0,Seasonal_Naive,513.0,2025-05-12,
12,IMH-001,ECOM,2026-05-11,562.0,Seasonal_MA_2Y,474.0,2025-05-12,2024-05-13
12,IMH-001,ECOM,2026-05-18,535.0,Seasonal_Naive,460.00000000000006,2025-05-19,
12,IMH-001,ECOM,2026-05-18,535.0,Seasonal_MA_2Y,450.0,2025-05-19,2024-05-20
12,IMH-001,ECOM,2026-05-25,486.0,Seasonal_Naive,418.0,2025-05-26,
12,IMH-001,ECOM,2026-05-25,486.0,Seasonal_MA_2Y,421.5,2025-05-26,2024-05-27
12,IMH-001,ECOM,2026-06-01,500.0,Seasonal_Naive,394.0,2025-06-02,
12,IMH-001,ECOM,2026-06-01,500.0,Seasonal_MA_2Y,385.5,2025-06-02,2024-06-03
12,IMH-001,ECOM,2026-06-08,456.0,Seasonal_Naive,423.0,2025-06-09,
12,IMH-001,ECOM,2026-06-08,456.0,Seasonal_MA_2Y,407.5,2025-06-09,2024-06-10
12,IMH-001,ECOM,2026-06-15,457.0,Seasonal_Naive,431.0,2025-06-16,
12,IMH-001,ECOM,2026-06-15,457.0,Seasonal_MA_2Y,397.5,2025-06-16,2024-06-17
12,IMH-001,ECOM,2026-06-22,440.0,Seasonal_Naive,419.0,2025-06-23,
12,IMH-001,ECOM,2026-06-22,440.0,Seasonal_MA_2Y,398.0,2025-06-23,2024-06-24
1,IMH-001,RETAIL,2023-07-03,315.0,Seasonal_Naive,240.0,2022-07-04,
1,IMH-001,RETAIL,2023-07-03,315.0,Seasonal_MA_2Y,229.0,2022-07-04,2021-07-05
1,IMH-001,RETAIL,2023-07-10,255.0,Seasonal_Naive,257.0,2022-07-11,
1,IMH-001,RETAIL,2023-07-10,255.0,Seasonal_MA_2Y,243.0,2022-07-11,2021-07-12
1,IMH-001,RETAIL,2023-07-17,268.0,Seasonal_Naive,268.0,2022-07-18,
1,IMH-001,RETAIL,2023-07-17,268.0,Seasonal_MA_2Y,249.0,2022-07-18,2021-07-19
1,IMH-001,RETAIL,2023-07-24,256.0,Seasonal_Naive,250.0,2022-07-25,
1,IMH-001,RETAIL,2023-07-24,256.0,Seasonal_MA_2Y,243.5,2022-07-25,2021-07-26
1,IMH-001,RETAIL,2023-07-31,276.0,Seasonal_Naive,280.0,2022-08-01,
1,IMH-001,RETAIL,2023-07-31,276.0,Seasonal_MA_2Y,276.0,2022-08-01,2021-08-02
1,IMH-001,RETAIL,2023-08-07,305.0,Seasonal_Naive,292.0,2022-08-08,
1,IMH-001,RETAIL,2023-08-07,305.0,Seasonal_MA_2Y,279.5,2022-08-08,2021-08-09
1,IMH-001,RETAIL,2023-08-14,298.0,Seasonal_Naive,284.0,2022-08-15,
1,IMH-001,RETAIL,2023-08-14,298.0,Seasonal_MA_2Y,270.0,2022-08-15,2021-08-16
1,IMH-001,RETAIL,2023-08-21,303.0,Seasonal_Naive,292.0,2022-08-22,
1,IMH-001,RETAIL,2023-08-21,303.0,Seasonal_MA_2Y,270.0,2022-08-22,2021-08-23
1,IMH-001,RETAIL,2023-08-28,271.0,Seasonal_Naive,255.00000000000003,2022-08-29,
1,IMH-001,RETAIL,2023-08-28,271.0,Seasonal_MA_2Y,272.0,2022-08-29,2021-08-30
1,IMH-001,RETAIL,2023-09-04,349.0,Seasonal_Naive,389.0,2022-09-05,
1,IMH-001,RETAIL,2023-09-04,349.0,Seasonal_MA_2Y,376.0,2022-09-05,2021-09-06
1,IMH-001,RETAIL,2023-09-11,498.00000000000006,Seasonal_Naive,407.0,2022-09-12,
1,IMH-001,RETAIL,2023-09-11,498.00000000000006,Seasonal_MA_2Y,397.5,2022-09-12,2021-09-13
1,IMH-001,RETAIL,2023-09-18,409.0,Seasonal_Naive,423.0,2022-09-19,
1,IMH-001,RETAIL,2023-09-18,409.0,Seasonal_MA_2Y,400.5,2022-09-19,2021-09-20
1,IMH-001,RETAIL,2023-09-25,332.0,Seasonal_Naive,373.0,2022-09-26,
1,IMH-001,RETAIL,2023-09-25,332.0,Seasonal_MA_2Y,389.0,2022-09-26,2021-09-27
2,IMH-001,RETAIL,2023-10-02,420.0,Seasonal_Naive,484.0,2022-10-03,
2,IMH-001,RETAIL,2023-10-02,420.0,Seasonal_MA_2Y,450.0,2022-10-03,2021-10-04
2,IMH-001,RETAIL,2023-10-09,508.0,Seasonal_Naive,473.0,2022-10-10,
2,IMH-001,RETAIL,2023-10-09,508.0,Seasonal_MA_2Y,475.0,2022-10-10,2021-10-11
2,IMH-001,RETAIL,2023-10-16,563.0,Seasonal_Naive,545.0,2022-10-17,
2,IMH-001,RETAIL,2023-10-16,563.0,Seasonal_MA_2Y,532.0,2022-10-17,2021-10-18
2,IMH-001,RETAIL,2023-10-23,608.0,Seasonal_Naive,577.0,2022-10-24,
2,IMH-001,RETAIL,2023-10-23,608.0,Seasonal_MA_2Y,535.5,2022-10-24,2021-10-25
2,IMH-001,RETAIL,2023-10-30,667.0,Seasonal_Naive,552.0,2022-10-31,
2,IMH-001,RETAIL,2023-10-30,667.0,Seasonal_MA_2Y,551.0,2022-10-31,2021-11-01
2,IMH-001,RETAIL,2023-11-06,591.0,Seasonal_Naive,534.0,2022-11-07,
2,IMH-001,RETAIL,2023-11-06,591.0,Seasonal_MA_2Y,510.0,2022-11-07,2021-11-08
2,IMH-001,RETAIL,2023-11-13,637.0,Seasonal_Naive,610.0,2022-11-14,
2,IMH-001,RETAIL,2023-11-13,637.0,Seasonal_MA_2Y,548.5,2022-11-14,2021-11-15
2,IMH-001,RETAIL,2023-11-20,778.0,Seasonal_Naive,667.0000000000001,2022-11-21,
2,IMH-001,RETAIL,2023-11-20,778.0,Seasonal_MA_2Y,639.5,2022-11-21,2021-11-22
2,IMH-001,RETAIL,2023-11-27,774.0,Seasonal_Naive,695.0,2022-11-28,
2,IMH-001,RETAIL,2023-11-27,774.0,Seasonal_MA_2Y,696.5,2022-11-28,2021-11-29
2,IMH-001,RETAIL,2023-12-04,703.3247149224865,Seasonal_Naive,626.0,2022-12-05,
2,IMH-001,RETAIL,2023-12-04,703.3247149224865,Seasonal_MA_2Y,592.0,2022-12-05,2021-12-06
2,IMH-001,RETAIL,2023-12-11,687.4000124198519,Seasonal_Naive,784.0,2022-12-12,
2,IMH-001,RETAIL,2023-12-11,687.4000124198519,Seasonal_MA_2Y,692.5,2022-12-12,2021-12-13
2,IMH-001,RETAIL,2023-12-18,727.761933278661,Seasonal_Naive,748.7524677119133,2022-12-19,
2,IMH-001,RETAIL,2023-12-18,727.761933278661,Seasonal_MA_2Y,761.9652420882508,2022-12-19,2021-12-20
2,IMH-001,RETAIL,2023-12-25,798.2345642955329,Seasonal_Naive,829.530564369352,2022-12-26,
2,IMH-001,RETAIL,2023-12-25,798.2345642955329,Seasonal_MA_2Y,785.212168409835,2022-12-26,2021-12-27
3,IMH-001,RETAIL,2024-01-01,711.1658559360233,Seasonal_Naive,698.8473674304656,2023-01-02,
3,IMH-001,RETAIL,2024-01-01,711.1658559360233,Seasonal_MA_2Y,683.522945541296,2023-01-02,2022-01-03
3,IMH-001,RETAIL,2024-01-08,711.4168554259749,Seasonal_Naive,557.6295500264297,2023-01-09,
3,IMH-001,RETAIL,2024-01-08,711.4168554259749,Seasonal_MA_2Y,563.5349146477731,2023-01-09,2022-01-10
3,IMH-001,RETAIL,2024-01-15,677.7468286587304,Seasonal_Naive,566.7273016189152,2023-01-16,
3,IMH-001,RETAIL,2024-01-15,677.7468286587304,Seasonal_MA_2Y,558.567117553021,2023-01-16,2022-01-17
3,IMH-001,RETAIL,2024-01-22,546.0,Seasonal_Naive,507.3193785617879,2023-01-23,
3,IMH-001,RETAIL,2024-01-22,546.0,Seasonal_MA_2Y,578.3358757818701,2023-01-23,2022-01-24
3,IMH-001,RETAIL,2024-01-29,549.033873276057,Seasonal_Naive,630.6993188399715,2023-01-30,
3,IMH-001,RETAIL,2024-01-29,549.033873276057,Seasonal_MA_2Y,599.7800850633812,2023-01-30,2022-01-31
3,IMH-001,RETAIL,2024-02-05,517.8139921177453,Seasonal_Naive,506.44079438696616,2023-02-06,
3,IMH-001,RETAIL,2024-02-05,517.8139921177453,Seasonal_MA_2Y,540.239053043849,2023-02-06,2022-02-07
3,IMH-001,RETAIL,2024-02-12,650.5007881688582,Seasonal_Naive,510.0,2023-02-13,
3,IMH-001,RETAIL,2024-02-12,650.5007881688582,Seasonal_MA_2Y,518.1374382634924,2023-02-13,2022-02-14
3,IMH-001,RETAIL,2024-02-19,521.0310911628018,Seasonal_Naive,644.8172733433507,2023-02-20,
3,IMH-001,RETAIL,2024-02-19,521.0310911628018,Seasonal_MA_2Y,598.7858600251122,2023-02-20,2022-02-21
3,IMH-001,RETAIL,2024-02-26,500.9064287986964,Seasonal_Naive,510.4732284376168,2023-02-27,
3,IMH-001,RETAIL,2024-02-26,500.9064287986964,Seasonal_MA_2Y,500.6999001287818,2023-02-27,2022-02-28
3,IMH-001,RETAIL,2024-03-04,462.0,Seasonal_Naive,493.0,2023-03-06,
3,IMH-001,RETAIL,2024-03-04,462.0,Seasonal_MA_2Y,439.73213181597896,2023-03-06,2022-03-07
3,IMH-001,RETAIL,2024-03-11,463.7936038642076,Seasonal_Naive,449.494677077898,2023-03-13,
3,IMH-001,RETAIL,2024-03-11,463.7936038642076,Seasonal_MA_2Y,397.3251820621046,2023-03-13,2022-03-14
3,IMH-001,RETAIL,2024-03-18,483.39432638970186,Seasonal_Naive,428.9657951796258,2023-03-20,
3,IMH-001,RETAIL,2024-03-18,483.39432638970186,Seasonal_MA_2Y,399.48289758981286,2023-03-20,2022-03-21
3,IMH-001,RETAIL,2024-03-25,404.0,Seasonal_Naive,420.5452553182435,2023-03-27,
3,IMH-001,RETAIL,2024-03-25,404.0,Seasonal_MA_2Y,401.2726276591218,2023-03-27,2022-03-28
4,IMH-001,RETAIL,2024-04-01,362.8898144490035,Seasonal_Naive,425.0380684424728,2023-04-03,
4,IMH-001,RETAIL,2024-04-01,362.8898144490035,Seasonal_MA_2Y,385.21041152648354,2023-04-03,2022-04-04
4,IMH-001,RETAIL,2024-04-08,323.9394369747511,Seasonal_Naive,355.5172848328782,2023-04-10,
4,IMH-001,RETAIL,2024-04-08,323.9394369747511,Seasonal_MA_2Y,346.7586424164391,2023-04-10,2022-04-11
4,IMH-001,RETAIL,2024-04-15,359.0,Seasonal_Naive,361.0,2023-04-17,
4,IMH-001,RETAIL,2024-04-15,359.0,Seasonal_MA_2Y,353.5,2023-04-17,2022-04-18
4,IMH-001,RETAIL,2024-04-22,316.0,Seasonal_Naive,304.6467276037331,2023-04-24,
4,IMH-001,RETAIL,2024-04-22,316.0,Seasonal_MA_2Y,308.82336380186655,2023-04-24,2022-04-25
4,IMH-001,RETAIL,2024-04-29,340.0,Seasonal_Naive,337.0,2023-05-01,
4,IMH-001,RETAIL,2024-04-29,340.0,Seasonal_MA_2Y,318.0,2023-05-01,2022-05-02
4,IMH-001,RETAIL,2024-05-06,329.0,Seasonal_Naive,299.0,2023-05-08,
4,IMH-001,RETAIL,2024-05-06,329.0,Seasonal_MA_2Y,281.5,2023-05-08,2022-05-09
4,IMH-001,RETAIL,2024-05-13,305.0,Seasonal_Naive,354.0,2023-05-15,
4,IMH-001,RETAIL,2024-05-13,305.0,Seasonal_MA_2Y,318.0,2023-05-15,2022-05-16
4,IMH-001,RETAIL,2024-05-20,364.0,Seasonal_Naive,292.0,2023-05-22,
4,IMH-001,RETAIL,2024-05-20,364.0,Seasonal_MA_2Y,287.5,2023-05-22,2022-05-23
4,IMH-001,RETAIL,2024-05-27,298.0,Seasonal_Naive,294.0,2023-05-29,
4,IMH-001,RETAIL,2024-05-27,298.0,Seasonal_MA_2Y,277.0,2023-05-29,2022-05-30
4,IMH-001,RETAIL,2024-06-03,297.0,Seasonal_Naive,279.0,2023-06-05,
4,IMH-001,RETAIL,2024-06-03,297.0,Seasonal_MA_2Y,264.5,2023-06-05,2022-06-06
4,IMH-001,RETAIL,2024-06-10,283.0,Seasonal_Naive,280.0,2023-06-12,
4,IMH-001,RETAIL,2024-06-10,283.0,Seasonal_MA_2Y,256.5,2023-06-12,2022-06-13
4,IMH-001,RETAIL,2024-06-17,315.0,Seasonal_Naive,282.0,2023-06-19,
4,IMH-001,RETAIL,2024-06-17,315.0,Seasonal_MA_2Y,259.5,2023-06-19,2022-06-20
4,IMH-001,RETAIL,2024-06-24,293.0,Seasonal_Naive,272.0,2023-06-26,
4,IMH-001,RETAIL,2024-06-24,293.0,Seasonal_MA_2Y,258.5,2023-06-26,2022-06-27
5,IMH-001,RETAIL,2024-07-01,283.0,Seasonal_Naive,315.0,2023-07-03,
5,IMH-001,RETAIL,2024-07-01,283.0,Seasonal_MA_2Y,277.5,2023-07-03,2022-07-04
5,IMH-001,RETAIL,2024-07-08,235.0,Seasonal_Naive,255.0,2023-07-10,
5,IMH-001,RETAIL,2024-07-08,235.0,Seasonal_MA_2Y,256.0,2023-07-10,2022-07-11
5,IMH-001,RETAIL,2024-07-15,273.0,Seasonal_Naive,268.0,2023-07-17,
5,IMH-001,RETAIL,2024-07-15,273.0,Seasonal_MA_2Y,268.0,2023-07-17,2022-07-18
5,IMH-001,RETAIL,2024-07-22,318.0,Seasonal_Naive,256.0,2023-07-24,
5,IMH-001,RETAIL,2024-07-22,318.0,Seasonal_MA_2Y,253.0,2023-07-24,2022-07-25
5,IMH-001,RETAIL,2024-07-29,288.0,Seasonal_Naive,276.0,2023-07-31,
5,IMH-001,RETAIL,2024-07-29,288.0,Seasonal_MA_2Y,278.0,2023-07-31,2022-08-01
5,IMH-001,RETAIL,2024-08-05,329.0,Seasonal_Naive,305.0,2023-08-07,
5,IMH-001,RETAIL,2024-08-05,329.0,Seasonal_MA_2Y,298.5,2023-08-07,2022-08-08
5,IMH-001,RETAIL,2024-08-12,323.0,Seasonal_Naive,298.0,2023-08-14,
5,IMH-001,RETAIL,2024-08-12,323.0,Seasonal_MA_2Y,291.0,2023-08-14,2022-08-15
5,IMH-001,RETAIL,2024-08-19,304.0,Seasonal_Naive,303.0,2023-08-21,
5,IMH-001,RETAIL,2024-08-19,304.0,Seasonal_MA_2Y,297.5,2023-08-21,2022-08-22
5,IMH-001,RETAIL,2024-08-26,305.0,Seasonal_Naive,271.0,2023-08-28,
5,IMH-001,RETAIL,2024-08-26,305.0,Seasonal_MA_2Y,263.0,2023-08-28,2022-08-29
5,IMH-001,RETAIL,2024-09-02,380.0,Seasonal_Naive,349.0,2023-09-04,
5,IMH-001,RETAIL,2024-09-02,380.0,Seasonal_MA_2Y,369.0,2023-09-04,2022-09-05
5,IMH-001,RETAIL,2024-09-09,444.0,Seasonal_Naive,498.00000000000006,2023-09-11,
5,IMH-001,RETAIL,2024-09-09,444.0,Seasonal_MA_2Y,452.5,2023-09-11,2022-09-12
5,IMH-001,RETAIL,2024-09-16,417.0,Seasonal_Naive,409.0,2023-09-18,
5,IMH-001,RETAIL,2024-09-16,417.0,Seasonal_MA_2Y,416.0,2023-09-18,2022-09-19
5,IMH-001,RETAIL,2024-09-23,428.56379153351446,Seasonal_Naive,332.0,2023-09-25,
5,IMH-001,RETAIL,2024-09-23,428.56379153351446,Seasonal_MA_2Y,352.5,2023-09-25,2022-09-26
6,IMH-001,RETAIL,2024-09-30,445.00000000000006,Seasonal_Naive,420.0,2023-10-02,
6,IMH-001,RETAIL,2024-09-30,445.00000000000006,Seasonal_MA_2Y,452.0,2023-10-02,2022-10-03
6,IMH-001,RETAIL,2024-10-07,443.0,Seasonal_Naive,508.0,2023-10-09,
6,IMH-001,RETAIL,2024-10-07,443.0,Seasonal_MA_2Y,490.5,2023-10-09,2022-10-10
6,IMH-001,RETAIL,2024-10-14,569.0000000000001,Seasonal_Naive,563.0,2023-10-16,
6,IMH-001,RETAIL,2024-10-14,569.0000000000001,Seasonal_MA_2Y,554.0,2023-10-16,2022-10-17
6,IMH-001,RETAIL,2024-10-21,609.0,Seasonal_Naive,608.0,2023-10-23,
6,IMH-001,RETAIL,2024-10-21,609.0,Seasonal_MA_2Y,592.5,2023-10-23,2022-10-24
6,IMH-001,RETAIL,2024-10-28,655.0,Seasonal_Naive,667.0,2023-10-30,
6,IMH-001,RETAIL,2024-10-28,655.0,Seasonal_MA_2Y,609.5,2023-10-30,2022-10-31
6,IMH-001,RETAIL,2024-11-04,656.0,Seasonal_Naive,591.0,2023-11-06,
6,IMH-001,RETAIL,2024-11-04,656.0,Seasonal_MA_2Y,562.5,2023-11-06,2022-11-07
6,IMH-001,RETAIL,2024-11-11,677.0,Seasonal_Naive,637.0,2023-11-13,
6,IMH-001,RETAIL,2024-11-11,677.0,Seasonal_MA_2Y,623.5,2023-11-13,2022-11-14
6,IMH-001,RETAIL,2024-11-18,791.0,Seasonal_Naive,778.0,2023-11-20,
6,IMH-001,RETAIL,2024-11-18,791.0,Seasonal_MA_2Y,722.5,2023-11-20,2022-11-21
6,IMH-001,RETAIL,2024-11-25,821.0,Seasonal_Naive,774.0,2023-11-27,
6,IMH-001,RETAIL,2024-11-25,821.0,Seasonal_MA_2Y,734.5,2023-11-27,2022-11-28
6,IMH-001,RETAIL,2024-12-02,763.0,Seasonal_Naive,703.3247149224865,2023-12-04,
6,IMH-001,RETAIL,2024-12-02,763.0,Seasonal_MA_2Y,664.6623574612432,2023-12-04,2022-12-05
6,IMH-001,RETAIL,2024-12-09,804.8161263793592,Seasonal_Naive,687.4000124198519,2023-12-11,
6,IMH-001,RETAIL,2024-12-09,804.8161263793592,Seasonal_MA_2Y,735.700006209926,2023-12-11,2022-12-12
6,IMH-001,RETAIL,2024-12-16,771.4033155468426,Seasonal_Naive,727.761933278661,2023-12-18,
6,IMH-001,RETAIL,2024-12-16,771.4033155468426,Seasonal_MA_2Y,738.2572004952872,2023-12-18,2022-12-19
6,IMH-001,RETAIL,2024-12-23,780.719671367722,Seasonal_Naive,798.2345642955329,2023-12-25,
6,IMH-001,RETAIL,2024-12-23,780.719671367722,Seasonal_MA_2Y,813.8825643324424,2023-12-25,2022-12-26
7,IMH-001,RETAIL,2024-12-30,732.0833872679128,Seasonal_Naive,711.1658559360233,2024-01-01,
7,IMH-001,RETAIL,2024-12-30,732.0833872679128,Seasonal_MA_2Y,705.0066116832445,2024-01-01,2023-01-02
7,IMH-001,RETAIL,2025-01-06,793.0367112079721,Seasonal_Naive,711.4168554259749,2024-01-08,
7,IMH-001,RETAIL,2025-01-06,793.0367112079721,Seasonal_MA_2Y,634.5232027262023,2024-01-08,2023-01-09
7,IMH-001,RETAIL,2025-01-13,677.2959363055019,Seasonal_Naive,677.7468286587304,2024-01-15,
7,IMH-001,RETAIL,2025-01-13,677.2959363055019,Seasonal_MA_2Y,622.2370651388228,2024-01-15,2023-01-16
7,IMH-001,RETAIL,2025-01-20,730.5,Seasonal_Naive,546.0,2024-01-22,
7,IMH-001,RETAIL,2025-01-20,730.5,Seasonal_MA_2Y,526.659689280894,2024-01-22,2023-01-23
7,IMH-001,RETAIL,2025-01-27,690.8217384483914,Seasonal_Naive,549.033873276057,2024-01-29,
7,IMH-001,RETAIL,2025-01-27,690.8217384483914,Seasonal_MA_2Y,589.8665960580142,2024-01-29,2023-01-30
7,IMH-001,RETAIL,2025-02-03,706.1202696723598,Seasonal_Naive,517.8139921177453,2024-02-05,
7,IMH-001,RETAIL,2025-02-03,706.1202696723598,Seasonal_MA_2Y,512.1273932523558,2024-02-05,2023-02-06
7,IMH-001,RETAIL,2025-02-10,700.1556282187742,Seasonal_Naive,650.5007881688582,2024-02-12,
7,IMH-001,RETAIL,2025-02-10,700.1556282187742,Seasonal_MA_2Y,580.2503940844291,2024-02-12,2023-02-13
7,IMH-001,RETAIL,2025-02-17,715.6996530457823,Seasonal_Naive,521.0310911628018,2024-02-19,
7,IMH-001,RETAIL,2025-02-17,715.6996530457823,Seasonal_MA_2Y,582.9241822530762,2024-02-19,2023-02-20
7,IMH-001,RETAIL,2025-02-24,536.0,Seasonal_Naive,500.9064287986964,2024-02-26,
7,IMH-001,RETAIL,2025-02-24,536.0,Seasonal_MA_2Y,505.68982861815664,2024-02-26,2023-02-27
7,IMH-001,RETAIL,2025-03-03,523.5311262896552,Seasonal_Naive,462.0,2024-03-04,
7,IMH-001,RETAIL,2025-03-03,523.5311262896552,Seasonal_MA_2Y,477.5,2024-03-04,2023-03-06
7,IMH-001,RETAIL,2025-03-10,420.66426550517474,Seasonal_Naive,463.7936038642076,2024-03-11,
7,IMH-001,RETAIL,2025-03-10,420.66426550517474,Seasonal_MA_2Y,456.6441404710528,2024-03-11,2023-03-13
7,IMH-001,RETAIL,2025-03-17,458.0085527739574,Seasonal_Naive,483.39432638970186,2024-03-18,
7,IMH-001,RETAIL,2025-03-17,458.0085527739574,Seasonal_MA_2Y,456.18006078466385,2024-03-18,2023-03-20
7,IMH-001,RETAIL,2025-03-24,420.4677501792112,Seasonal_Naive,404.0,2024-03-25,
7,IMH-001,RETAIL,2025-03-24,420.4677501792112,Seasonal_MA_2Y,412.2726276591218,2024-03-25,2023-03-27
8,IMH-001,RETAIL,2025-03-31,464.61091707717,Seasonal_Naive,362.8898144490035,2024-04-01,
8,IMH-001,RETAIL,2025-03-31,464.61091707717,Seasonal_MA_2Y,393.96394144573816,2024-04-01,2023-04-03
8,IMH-001,RETAIL,2025-04-07,408.7864561948254,Seasonal_Naive,323.9394369747511,2024-04-08,
8,IMH-001,RETAIL,2025-04-07,408.7864561948254,Seasonal_MA_2Y,339.72836090381463,2024-04-08,2023-04-10
8,IMH-001,RETAIL,2025-04-14,372.0,Seasonal_Naive,359.0,2024-04-15,
8,IMH-001,RETAIL,2025-04-14,372.0,Seasonal_MA_2Y,360.0,2024-04-15,2023-04-17
8,IMH-001,RETAIL,2025-04-21,353.0,Seasonal_Naive,316.0,2024-04-22,
8,IMH-001,RETAIL,2025-04-21,353.0,Seasonal_MA_2Y,310.32336380186655,2024-04-22,2023-04-24
8,IMH-001,RETAIL,2025-04-28,383.1961071630077,Seasonal_Naive,340.0,2024-04-29,
8,IMH-001,RETAIL,2025-04-28,383.1961071630077,Seasonal_MA_2Y,338.5,2024-04-29,2023-05-01
8,IMH-001,RETAIL,2025-05-05,340.0,Seasonal_Naive,329.0,2024-05-06,
8,IMH-001,RETAIL,2025-05-05,340.0,Seasonal_MA_2Y,314.0,2024-05-06,2023-05-08
8,IMH-001,RETAIL,2025-05-12,312.0,Seasonal_Naive,305.0,2024-05-13,
8,IMH-001,RETAIL,2025-05-12,312.0,Seasonal_MA_2Y,329.5,2024-05-13,2023-05-15
8,IMH-001,RETAIL,2025-05-19,395.0,Seasonal_Naive,364.0,2024-05-20,
8,IMH-001,RETAIL,2025-05-19,395.0,Seasonal_MA_2Y,328.0,2024-05-20,2023-05-22
8,IMH-001,RETAIL,2025-05-26,328.0,Seasonal_Naive,298.0,2024-05-27,
8,IMH-001,RETAIL,2025-05-26,328.0,Seasonal_MA_2Y,296.0,2024-05-27,2023-05-29
8,IMH-001,RETAIL,2025-06-02,286.0,Seasonal_Naive,297.0,2024-06-03,
8,IMH-001,RETAIL,2025-06-02,286.0,Seasonal_MA_2Y,288.0,2024-06-03,2023-06-05
8,IMH-001,RETAIL,2025-06-09,301.0,Seasonal_Naive,283.0,2024-06-10,
8,IMH-001,RETAIL,2025-06-09,301.0,Seasonal_MA_2Y,281.5,2024-06-10,2023-06-12
8,IMH-001,RETAIL,2025-06-16,315.0,Seasonal_Naive,315.0,2024-06-17,
8,IMH-001,RETAIL,2025-06-16,315.0,Seasonal_MA_2Y,298.5,2024-06-17,2023-06-19
8,IMH-001,RETAIL,2025-06-23,310.0,Seasonal_Naive,293.0,2024-06-24,
8,IMH-001,RETAIL,2025-06-23,310.0,Seasonal_MA_2Y,282.5,2024-06-24,2023-06-26
9,IMH-001,RETAIL,2025-06-30,304.0,Seasonal_Naive,283.0,2024-07-01,
9,IMH-001,RETAIL,2025-06-30,304.0,Seasonal_MA_2Y,299.0,2024-07-01,2023-07-03
9,IMH-001,RETAIL,2025-07-07,311.0,Seasonal_Naive,235.0,2024-07-08,
9,IMH-001,RETAIL,2025-07-07,311.0,Seasonal_MA_2Y,245.0,2024-07-08,2023-07-10
9,IMH-001,RETAIL,2025-07-14,328.0,Seasonal_Naive,273.0,2024-07-15,
9,IMH-001,RETAIL,2025-07-14,328.0,Seasonal_MA_2Y,270.5,2024-07-15,2023-07-17
9,IMH-001,RETAIL,2025-07-21,298.0,Seasonal_Naive,318.0,2024-07-22,
9,IMH-001,RETAIL,2025-07-21,298.0,Seasonal_MA_2Y,287.0,2024-07-22,2023-07-24
9,IMH-001,RETAIL,2025-07-28,315.0,Seasonal_Naive,288.0,2024-07-29,
9,IMH-001,RETAIL,2025-07-28,315.0,Seasonal_MA_2Y,282.0,2024-07-29,2023-07-31
9,IMH-001,RETAIL,2025-08-04,343.0,Seasonal_Naive,329.0,2024-08-05,
9,IMH-001,RETAIL,2025-08-04,343.0,Seasonal_MA_2Y,317.0,2024-08-05,2023-08-07
9,IMH-001,RETAIL,2025-08-11,340.0,Seasonal_Naive,323.0,2024-08-12,
9,IMH-001,RETAIL,2025-08-11,340.0,Seasonal_MA_2Y,310.5,2024-08-12,2023-08-14
9,IMH-001,RETAIL,2025-08-18,340.0,Seasonal_Naive,304.0,2024-08-19,
9,IMH-001,RETAIL,2025-08-18,340.0,Seasonal_MA_2Y,303.5,2024-08-19,2023-08-21
9,IMH-001,RETAIL,2025-08-25,417.0,Seasonal_Naive,305.0,2024-08-26,
9,IMH-001,RETAIL,2025-08-25,417.0,Seasonal_MA_2Y,288.0,2024-08-26,2023-08-28
9,IMH-001,RETAIL,2025-09-01,450.0,Seasonal_Naive,380.0,2024-09-02,
9,IMH-001,RETAIL,2025-09-01,450.0,Seasonal_MA_2Y,364.5,2024-09-02,2023-09-04
9,IMH-001,RETAIL,2025-09-08,505.0,Seasonal_Naive,444.0,2024-09-09,
9,IMH-001,RETAIL,2025-09-08,505.0,Seasonal_MA_2Y,471.0,2024-09-09,2023-09-11
9,IMH-001,RETAIL,2025-09-15,484.0,Seasonal_Naive,417.0,2024-09-16,
9,IMH-001,RETAIL,2025-09-15,484.0,Seasonal_MA_2Y,413.0,2024-09-16,2023-09-18
9,IMH-001,RETAIL,2025-09-22,503.2500168481173,Seasonal_Naive,428.56379153351446,2024-09-23,
9,IMH-001,RETAIL,2025-09-22,503.2500168481173,Seasonal_MA_2Y,380.2818957667572,2024-09-23,2023-09-25
10,IMH-001,RETAIL,2025-09-29,526.0,Seasonal_Naive,445.00000000000006,2024-09-30,
10,IMH-001,RETAIL,2025-09-29,526.0,Seasonal_MA_2Y,432.5,2024-09-30,2023-10-02
10,IMH-001,RETAIL,2025-10-06,497.0,Seasonal_Naive,443.0,2024-10-07,
10,IMH-001,RETAIL,2025-10-06,497.0,Seasonal_MA_2Y,475.5,2024-10-07,2023-10-09
10,IMH-001,RETAIL,2025-10-13,590.0,Seasonal_Naive,569.0000000000001,2024-10-14,
10,IMH-001,RETAIL,2025-10-13,590.0,Seasonal_MA_2Y,566.0,2024-10-14,2023-10-16
10,IMH-001,RETAIL,2025-10-20,601.0,Seasonal_Naive,609.0,2024-10-21,
10,IMH-001,RETAIL,2025-10-20,601.0,Seasonal_MA_2Y,608.5,2024-10-21,2023-10-23
10,IMH-001,RETAIL,2025-10-27,718.0,Seasonal_Naive,655.0,2024-10-28,
10,IMH-001,RETAIL,2025-10-27,718.0,Seasonal_MA_2Y,661.0,2024-10-28,2023-10-30
10,IMH-001,RETAIL,2025-11-03,680.0,Seasonal_Naive,656.0,2024-11-04,
10,IMH-001,RETAIL,2025-11-03,680.0,Seasonal_MA_2Y,623.5,2024-11-04,2023-11-06
10,IMH-001,RETAIL,2025-11-10,607.0,Seasonal_Naive,677.0,2024-11-11,
10,IMH-001,RETAIL,2025-11-10,607.0,Seasonal_MA_2Y,657.0,2024-11-11,2023-11-13
10,IMH-001,RETAIL,2025-11-17,772.8418370985906,Seasonal_Naive,791.0,2024-11-18,
10,IMH-001,RETAIL,2025-11-17,772.8418370985906,Seasonal_MA_2Y,784.5,2024-11-18,2023-11-20
10,IMH-001,RETAIL,2025-11-24,815.9999999999999,Seasonal_Naive,821.0,2024-11-25,
10,IMH-001,RETAIL,2025-11-24,815.9999999999999,Seasonal_MA_2Y,797.5,2024-11-25,2023-11-27
10,IMH-001,RETAIL,2025-12-01,877.4673116689896,Seasonal_Naive,763.0,2024-12-02,
10,IMH-001,RETAIL,2025-12-01,877.4673116689896,Seasonal_MA_2Y,733.1623574612432,2024-12-02,2023-12-04
10,IMH-001,RETAIL,2025-12-08,756.1678823814136,Seasonal_Naive,804.8161263793592,2024-12-09,
10,IMH-001,RETAIL,2025-12-08,756.1678823814136,Seasonal_MA_2Y,746.1080693996055,2024-12-09,2023-12-11
10,IMH-001,RETAIL,2025-12-15,795.5798400712952,Seasonal_Naive,771.4033155468426,2024-12-16,
10,IMH-001,RETAIL,2025-12-15,795.5798400712952,Seasonal_MA_2Y,749.5826244127518,2024-12-16,2023-12-18
10,IMH-001,RETAIL,2025-12-22,964.076284776779,Seasonal_Naive,780.719671367722,2024-12-23,
10,IMH-001,RETAIL,2025-12-22,964.076284776779,Seasonal_MA_2Y,789.4771178316274,2024-12-23,2023-12-25
11,IMH-001,RETAIL,2025-12-29,855.9574025254484,Seasonal_Naive,732.0833872679128,2024-12-30,
11,IMH-001,RETAIL,2025-12-29,855.9574025254484,Seasonal_MA_2Y,721.6246216019681,2024-12-30,2024-01-01
11,IMH-001,RETAIL,2026-01-05,746.8060620310005,Seasonal_Naive,793.0367112079721,2025-01-06,
11,IMH-001,RETAIL,2026-01-05,746.8060620310005,Seasonal_MA_2Y,752.2267833169735,2025-01-06,2024-01-08
11,IMH-001,RETAIL,2026-01-12,596.2317419124281,Seasonal_Naive,677.2959363055019,2025-01-13,
11,IMH-001,RETAIL,2026-01-12,596.2317419124281,Seasonal_MA_2Y,677.5213824821161,2025-01-13,2024-01-15
11,IMH-001,RETAIL,2026-01-19,849.7996493228873,Seasonal_Naive,730.5,2025-01-20,
11,IMH-001,RETAIL,2026-01-19,849.7996493228873,Seasonal_MA_2Y,638.25,2025-01-20,2024-01-22
11,IMH-001,RETAIL,2026-01-26,727.7210081739297,Seasonal_Naive,690.8217384483914,2025-01-27,
11,IMH-001,RETAIL,2026-01-26,727.7210081739297,Seasonal_MA_2Y,619.9278058622242,2025-01-27,2024-01-29
11,IMH-001,RETAIL,2026-02-02,650.8540789783866,Seasonal_Naive,706.1202696723598,2025-02-03,
11,IMH-001,RETAIL,2026-02-02,650.8540789783866,Seasonal_MA_2Y,611.9671308950526,2025-02-03,2024-02-05
11,IMH-001,RETAIL,2026-02-09,654.0317463397067,Seasonal_Naive,700.1556282187742,2025-02-10,
11,IMH-001,RETAIL,2026-02-09,654.0317463397067,Seasonal_MA_2Y,675.3282081938162,2025-02-10,2024-02-12
11,IMH-001,RETAIL,2026-02-16,691.8026437589534,Seasonal_Naive,715.6996530457823,2025-02-17,
11,IMH-001,RETAIL,2026-02-16,691.8026437589534,Seasonal_MA_2Y,618.365372104292,2025-02-17,2024-02-19
11,IMH-001,RETAIL,2026-02-23,608.548198073598,Seasonal_Naive,536.0,2025-02-24,
11,IMH-001,RETAIL,2026-02-23,608.548198073598,Seasonal_MA_2Y,518.4532143993482,2025-02-24,2024-02-26
11,IMH-001,RETAIL,2026-03-02,612.8018997922587,Seasonal_Naive,523.5311262896552,2025-03-03,
11,IMH-001,RETAIL,2026-03-02,612.8018997922587,Seasonal_MA_2Y,492.7655631448276,2025-03-03,2024-03-04
11,IMH-001,RETAIL,2026-03-09,459.6252355419275,Seasonal_Naive,420.66426550517474,2025-03-10,
11,IMH-001,RETAIL,2026-03-09,459.6252355419275,Seasonal_MA_2Y,442.2289346846912,2025-03-10,2024-03-11
11,IMH-001,RETAIL,2026-03-16,566.0,Seasonal_Naive,458.0085527739574,2025-03-17,
11,IMH-001,RETAIL,2026-03-16,566.0,Seasonal_MA_2Y,470.7014395818296,2025-03-17,2024-03-18
11,IMH-001,RETAIL,2026-03-23,510.8051203868144,Seasonal_Naive,420.4677501792112,2025-03-24,
11,IMH-001,RETAIL,2026-03-23,510.8051203868144,Seasonal_MA_2Y,412.2338750896056,2025-03-24,2024-03-25
12,IMH-001,RETAIL,2026-03-30,377.9426469217724,Seasonal_Naive,464.61091707717,2025-03-31,
12,IMH-001,RETAIL,2026-03-30,377.9426469217724,Seasonal_MA_2Y,413.75036576308673,2025-03-31,2024-04-01
12,IMH-001,RETAIL,2026-04-06,417.0,Seasonal_Naive,408.7864561948254,2025-04-07,
12,IMH-001,RETAIL,2026-04-06,417.0,Seasonal_MA_2Y,366.36294658478823,2025-04-07,2024-04-08
12,IMH-001,RETAIL,2026-04-13,415.0,Seasonal_Naive,372.0,2025-04-14,
12,IMH-001,RETAIL,2026-04-13,415.0,Seasonal_MA_2Y,365.5,2025-04-14,2024-04-15
12,IMH-001,RETAIL,2026-04-20,477.6148130875248,Seasonal_Naive,353.0,2025-04-21,
12,IMH-001,RETAIL,2026-04-20,477.6148130875248,Seasonal_MA_2Y,334.5,2025-04-21,2024-04-22
12,IMH-001,RETAIL,2026-04-27,449.0,Seasonal_Naive,383.1961071630077,2025-04-28,
12,IMH-001,RETAIL,2026-04-27,449.0,Seasonal_MA_2Y,361.59805358150385,2025-04-28,2024-04-29
12,IMH-001,RETAIL,2026-05-04,393.0,Seasonal_Naive,340.0,2025-05-05,
12,IMH-001,RETAIL,2026-05-04,393.0,Seasonal_MA_2Y,334.5,2025-05-05,2024-05-06
12,IMH-001,RETAIL,2026-05-11,361.9846563305432,Seasonal_Naive,312.0,2025-05-12,
12,IMH-001,RETAIL,2026-05-11,361.9846563305432,Seasonal_MA_2Y,308.5,2025-05-12,2024-05-13
12,IMH-001,RETAIL,2026-05-18,364.0,Seasonal_Naive,395.0,2025-05-19,
12,IMH-001,RETAIL,2026-05-18,364.0,Seasonal_MA_2Y,379.5,2025-05-19,2024-05-20
12,IMH-001,RETAIL,2026-05-25,337.0,Seasonal_Naive,328.0,2025-05-26,
12,IMH-001,RETAIL,2026-05-25,337.0,Seasonal_MA_2Y,313.0,2025-05-26,2024-05-27
12,IMH-001,RETAIL,2026-06-01,316.0,Seasonal_Naive,286.0,2025-06-02,
12,IMH-001,RETAIL,2026-06-01,316.0,Seasonal_MA_2Y,291.5,2025-06-02,2024-06-03
12,IMH-001,RETAIL,2026-06-08,282.00000000000006,Seasonal_Naive,301.0,2025-06-09,
12,IMH-001,RETAIL,2026-06-08,282.00000000000006,Seasonal_MA_2Y,292.0,2025-06-09,2024-06-10
12,IMH-001,RETAIL,2026-06-15,395.0,Seasonal_Naive,315.0,2025-06-16,
12,IMH-001,RETAIL,2026-06-15,395.0,Seasonal_MA_2Y,315.0,2025-06-16,2024-06-17
12,IMH-001,RETAIL,2026-06-22,343.0,Seasonal_Naive,310.0,2025-06-23,
12,IMH-001,RETAIL,2026-06-22,343.0,Seasonal_MA_2Y,301.5,2025-06-23,2024-06-24
1,IMH-001,WHOLESALE,2023-07-03,306.0,Seasonal_Naive,217.0,2022-07-04,
1,IMH-001,WHOLESALE,2023-07-03,306.0,Seasonal_MA_2Y,230.0,2022-07-04,2021-07-05
1,IMH-001,WHOLESALE,2023-07-10,262.0,Seasonal_Naive,244.0,2022-07-11,
1,IMH-001,WHOLESALE,2023-07-10,262.0,Seasonal_MA_2Y,255.5,2022-07-11,2021-07-12
1,IMH-001,WHOLESALE,2023-07-17,260.0,Seasonal_Naive,275.0,2022-07-18,
1,IMH-001,WHOLESALE,2023-07-17,260.0,Seasonal_MA_2Y,283.5,2022-07-18,2021-07-19
1,IMH-001,WHOLESALE,2023-07-24,247.00000000000003,Seasonal_Naive,171.0,2022-07-25,
1,IMH-001,WHOLESALE,2023-07-24,247.00000000000003,Seasonal_MA_2Y,217.0,2022-07-25,2021-07-26
1,IMH-001,WHOLESALE,2023-07-31,210.0,Seasonal_Naive,188.00000000000003,2022-08-01,
1,IMH-001,WHOLESALE,2023-07-31,210.0,Seasonal_MA_2Y,193.5,2022-08-01,2021-08-02
1,IMH-001,WHOLESALE,2023-08-07,242.0,Seasonal_Naive,267.0,2022-08-08,
1,IMH-001,WHOLESALE,2023-08-07,242.0,Seasonal_MA_2Y,286.0,2022-08-08,2021-08-09
1,IMH-001,WHOLESALE,2023-08-14,213.0,Seasonal_Naive,286.0,2022-08-15,
1,IMH-001,WHOLESALE,2023-08-14,213.0,Seasonal_MA_2Y,294.0,2022-08-15,2021-08-16
1,IMH-001,WHOLESALE,2023-08-21,374.0,Seasonal_Naive,340.0,2022-08-22,
1,IMH-001,WHOLESALE,2023-08-21,374.0,Seasonal_MA_2Y,290.5,2022-08-22,2021-08-23
1,IMH-001,WHOLESALE,2023-08-28,331.0,Seasonal_Naive,259.1090336020737,2022-08-29,
1,IMH-001,WHOLESALE,2023-08-28,331.0,Seasonal_MA_2Y,273.0545168010368,2022-08-29,2021-08-30
1,IMH-001,WHOLESALE,2023-09-04,325.0,Seasonal_Naive,375.0,2022-09-05,
1,IMH-001,WHOLESALE,2023-09-04,325.0,Seasonal_MA_2Y,301.5,2022-09-05,2021-09-06
1,IMH-001,WHOLESALE,2023-09-11,459.0,Seasonal_Naive,403.0,2022-09-12,
1,IMH-001,WHOLESALE,2023-09-11,459.0,Seasonal_MA_2Y,370.0,2022-09-12,2021-09-13
1,IMH-001,WHOLESALE,2023-09-18,379.0,Seasonal_Naive,292.0,2022-09-19,
1,IMH-001,WHOLESALE,2023-09-18,379.0,Seasonal_MA_2Y,289.5,2022-09-19,2021-09-20
1,IMH-001,WHOLESALE,2023-09-25,271.9187961485235,Seasonal_Naive,315.6859504132232,2022-09-26,
1,IMH-001,WHOLESALE,2023-09-25,271.9187961485235,Seasonal_MA_2Y,310.84297520661164,2022-09-26,2021-09-27
2,IMH-001,WHOLESALE,2023-10-02,533.0,Seasonal_Naive,656.0,2022-10-03,
2,IMH-001,WHOLESALE,2023-10-02,533.0,Seasonal_MA_2Y,552.0,2022-10-03,2021-10-04
2,IMH-001,WHOLESALE,2023-10-09,458.0,Seasonal_Naive,351.0,2022-10-10,
2,IMH-001,WHOLESALE,2023-10-09,458.0,Seasonal_MA_2Y,377.0,2022-10-10,2021-10-11
2,IMH-001,WHOLESALE,2023-10-16,610.0,Seasonal_Naive,440.0,2022-10-17,
2,IMH-001,WHOLESALE,2023-10-16,610.0,Seasonal_MA_2Y,420.0,2022-10-17,2021-10-18
2,IMH-001,WHOLESALE,2023-10-23,625.5255658398293,Seasonal_Naive,275.9058558216901,2022-10-24,
2,IMH-001,WHOLESALE,2023-10-23,625.5255658398293,Seasonal_MA_2Y,363.45292791084506,2022-10-24,2021-10-25
2,IMH-001,WHOLESALE,2023-10-30,504.0,Seasonal_Naive,632.0,2022-10-31,
2,IMH-001,WHOLESALE,2023-10-30,504.0,Seasonal_MA_2Y,604.0,2022-10-31,2021-11-01
2,IMH-001,WHOLESALE,2023-11-06,477.25000000000006,Seasonal_Naive,405.00000000000006,2022-11-07,
2,IMH-001,WHOLESALE,2023-11-06,477.25000000000006,Seasonal_MA_2Y,492.5,2022-11-07,2021-11-08
2,IMH-001,WHOLESALE,2023-11-13,518.5,Seasonal_Naive,706.7056970211007,2022-11-14,
2,IMH-001,WHOLESALE,2023-11-13,518.5,Seasonal_MA_2Y,558.8528485105503,2022-11-14,2021-11-15
2,IMH-001,WHOLESALE,2023-11-20,561.0318843880211,Seasonal_Naive,572.7304038004752,2022-11-21,
2,IMH-001,WHOLESALE,2023-11-20,561.0318843880211,Seasonal_MA_2Y,594.3652019002376,2022-11-21,2021-11-22
2,IMH-001,WHOLESALE,2023-11-27,804.0,Seasonal_Naive,623.7482198183861,2022-11-28,
2,IMH-001,WHOLESALE,2023-11-27,804.0,Seasonal_MA_2Y,601.3741099091931,2022-11-28,2021-11-29
2,IMH-001,WHOLESALE,2023-12-04,399.6295967274438,Seasonal_Naive,594.0,2022-12-05,
2,IMH-001,WHOLESALE,2023-12-04,399.6295967274438,Seasonal_MA_2Y,590.0,2022-12-05,2021-12-06
2,IMH-001,WHOLESALE,2023-12-11,340.4796942937803,Seasonal_Naive,665.0,2022-12-12,
2,IMH-001,WHOLESALE,2023-12-11,340.4796942937803,Seasonal_MA_2Y,625.5,2022-12-12,2021-12-13
2,IMH-001,WHOLESALE,2023-12-18,740.8823214830484,Seasonal_Naive,786.804013544028,2022-12-19,
2,IMH-001,WHOLESALE,2023-12-18,740.8823214830484,Seasonal_MA_2Y,588.9020067720139,2022-12-19,2021-12-20
2,IMH-001,WHOLESALE,2023-12-25,553.9341978725643,Seasonal_Naive,464.8657008681817,2022-12-26,
2,IMH-001,WHOLESALE,2023-12-25,553.9341978725643,Seasonal_MA_2Y,562.9328504340908,2022-12-26,2021-12-27
3,IMH-001,WHOLESALE,2024-01-01,512.9116013472844,Seasonal_Naive,652.5411562565948,2023-01-02,
3,IMH-001,WHOLESALE,2024-01-01,512.9116013472844,Seasonal_MA_2Y,604.7321140443476,2023-01-02,2022-01-03
3,IMH-001,WHOLESALE,2024-01-08,483.8707544273973,Seasonal_Naive,507.6343745334141,2023-01-09,
3,IMH-001,WHOLESALE,2024-01-08,483.8707544273973,Seasonal_MA_2Y,469.8280995934741,2023-01-09,2022-01-10
3,IMH-001,WHOLESALE,2024-01-15,507.6534936500369,Seasonal_Naive,474.8497746454112,2023-01-16,
3,IMH-001,WHOLESALE,2024-01-15,507.6534936500369,Seasonal_MA_2Y,473.42488732270556,2023-01-16,2022-01-17
3,IMH-001,WHOLESALE,2024-01-22,382.0762776374992,Seasonal_Naive,735.8613860416648,2023-01-23,
3,IMH-001,WHOLESALE,2024-01-22,382.0762776374992,Seasonal_MA_2Y,707.2847340349836,2023-01-23,2022-01-24
3,IMH-001,WHOLESALE,2024-01-29,399.6019096620278,Seasonal_Naive,565.7111196576839,2023-01-30,
3,IMH-001,WHOLESALE,2024-01-29,399.6019096620278,Seasonal_MA_2Y,527.7555806417896,2023-01-30,2022-01-31
3,IMH-001,WHOLESALE,2024-02-05,566.0,Seasonal_Naive,530.0,2023-02-06,
3,IMH-001,WHOLESALE,2024-02-05,566.0,Seasonal_MA_2Y,427.5725206012758,2023-02-06,2022-02-07
3,IMH-001,WHOLESALE,2024-02-12,435.07765014703386,Seasonal_Naive,459.8121046629949,2023-02-13,
3,IMH-001,WHOLESALE,2024-02-12,435.07765014703386,Seasonal_MA_2Y,510.02533445924576,2023-02-13,2022-02-14
3,IMH-001,WHOLESALE,2024-02-19,450.7569770056353,Seasonal_Naive,308.8514532540148,2023-02-20,
3,IMH-001,WHOLESALE,2024-02-19,450.7569770056353,Seasonal_MA_2Y,353.69008409784607,2023-02-20,2022-02-21
3,IMH-001,WHOLESALE,2024-02-26,534.0,Seasonal_Naive,660.0,2023-02-27,
3,IMH-001,WHOLESALE,2024-02-26,534.0,Seasonal_MA_2Y,486.82151696577023,2023-02-27,2022-02-28
3,IMH-001,WHOLESALE,2024-03-04,334.5025002325904,Seasonal_Naive,421.61973678808033,2023-03-06,
3,IMH-001,WHOLESALE,2024-03-04,334.5025002325904,Seasonal_MA_2Y,464.7310320879933,2023-03-06,2022-03-07
3,IMH-001,WHOLESALE,2024-03-11,401.0188961518548,Seasonal_Naive,443.5005294363697,2023-03-13,
3,IMH-001,WHOLESALE,2024-03-11,401.0188961518548,Seasonal_MA_2Y,375.7659973008851,2023-03-13,2022-03-14
3,IMH-001,WHOLESALE,2024-03-18,521.0,Seasonal_Naive,317.0,2023-03-20,
3,IMH-001,WHOLESALE,2024-03-18,521.0,Seasonal_MA_2Y,301.5,2023-03-20,2022-03-21
3,IMH-001,WHOLESALE,2024-03-25,389.87286734404273,Seasonal_Naive,512.2962179455924,2023-03-27,
3,IMH-001,WHOLESALE,2024-03-25,389.87286734404273,Seasonal_MA_2Y,455.6481089727962,2023-03-27,2022-03-28
4,IMH-001,WHOLESALE,2024-04-01,378.1359705438591,Seasonal_Naive,339.3343421198797,2023-04-03,
4,IMH-001,WHOLESALE,2024-04-01,378.1359705438591,Seasonal_MA_2Y,309.90707295341076,2023-04-03,2022-04-04
4,IMH-001,WHOLESALE,2024-04-08,353.0,Seasonal_Naive,344.0,2023-04-10,
4,IMH-001,WHOLESALE,2024-04-08,353.0,Seasonal_MA_2Y,354.0,2023-04-10,2022-04-11
4,IMH-001,WHOLESALE,2024-04-15,397.56135302344046,Seasonal_Naive,168.83565186053193,2023-04-17,
4,IMH-001,WHOLESALE,2024-04-15,397.56135302344046,Seasonal_MA_2Y,235.7255974954095,2023-04-17,2022-04-18
4,IMH-001,WHOLESALE,2024-04-22,350.7119960563434,Seasonal_Naive,307.59579728059333,2023-04-24,
4,IMH-001,WHOLESALE,2024-04-22,350.7119960563434,Seasonal_MA_2Y,299.9281852016245,2023-04-24,2022-04-25
4,IMH-001,WHOLESALE,2024-04-29,323.0,Seasonal_Naive,285.0,2023-05-01,
4,IMH-001,WHOLESALE,2024-04-29,323.0,Seasonal_MA_2Y,278.5,2023-05-01,2022-05-02
4,IMH-001,WHOLESALE,2024-05-06,289.0,Seasonal_Naive,202.0,2023-05-08,
4,IMH-001,WHOLESALE,2024-05-06,289.0,Seasonal_MA_2Y,274.0,2023-05-08,2022-05-09
4,IMH-001,WHOLESALE,2024-05-13,244.46477089002704,Seasonal_Naive,385.0,2023-05-15,
4,IMH-001,WHOLESALE,2024-05-13,244.46477089002704,Seasonal_MA_2Y,370.44100528783196,2023-05-15,2022-05-16
4,IMH-001,WHOLESALE,2024-05-20,337.0,Seasonal_Naive,335.00000000000006,2023-05-22,
4,IMH-001,WHOLESALE,2024-05-20,337.0,Seasonal_MA_2Y,297.5,2023-05-22,2022-05-23
4,IMH-001,WHOLESALE,2024-05-27,284.32631402627726,Seasonal_Naive,287.0,2023-05-29,
4,IMH-001,WHOLESALE,2024-05-27,284.32631402627726,Seasonal_MA_2Y,253.5,2023-05-29,2022-05-30
4,IMH-001,WHOLESALE,2024-06-03,242.18120462157032,Seasonal_Naive,257.6718972895863,2023-06-05,
4,IMH-001,WHOLESALE,2024-06-03,242.18120462157032,Seasonal_MA_2Y,247.362274998289,2023-06-05,2022-06-06
4,IMH-001,WHOLESALE,2024-06-10,222.0,Seasonal_Naive,169.0,2023-06-12,
4,IMH-001,WHOLESALE,2024-06-10,222.0,Seasonal_MA_2Y,237.5,2023-06-12,2022-06-13
4,IMH-001,WHOLESALE,2024-06-17,278.0,Seasonal_Naive,193.0,2023-06-19,
4,IMH-001,WHOLESALE,2024-06-17,278.0,Seasonal_MA_2Y,219.0,2023-06-19,2022-06-20
4,IMH-001,WHOLESALE,2024-06-24,319.0,Seasonal_Naive,231.0,2023-06-26,
4,IMH-001,WHOLESALE,2024-06-24,319.0,Seasonal_MA_2Y,235.60277846943055,2023-06-26,2022-06-27
5,IMH-001,WHOLESALE,2024-07-01,190.0,Seasonal_Naive,306.0,2023-07-03,
5,IMH-001,WHOLESALE,2024-07-01,190.0,Seasonal_MA_2Y,261.5,2023-07-03,2022-07-04
5,IMH-001,WHOLESALE,2024-07-08,220.0,Seasonal_Naive,262.0,2023-07-10,
5,IMH-001,WHOLESALE,2024-07-08,220.0,Seasonal_MA_2Y,253.0,2023-07-10,2022-07-11
5,IMH-001,WHOLESALE,2024-07-15,247.0,Seasonal_Naive,260.0,2023-07-17,
5,IMH-001,WHOLESALE,2024-07-15,247.0,Seasonal_MA_2Y,267.5,2023-07-17,2022-07-18
5,IMH-001,WHOLESALE,2024-07-22,241.0,Seasonal_Naive,247.00000000000003,2023-07-24,
5,IMH-001,WHOLESALE,2024-07-22,241.0,Seasonal_MA_2Y,209.0,2023-07-24,2022-07-25
5,IMH-001,WHOLESALE,2024-07-29,320.0,Seasonal_Naive,210.0,2023-07-31,
5,IMH-001,WHOLESALE,2024-07-29,320.0,Seasonal_MA_2Y,199.0,2023-07-31,2022-08-01
5,IMH-001,WHOLESALE,2024-08-05,263.0,Seasonal_Naive,242.0,2023-08-07,
5,IMH-001,WHOLESALE,2024-08-05,263.0,Seasonal_MA_2Y,254.5,2023-08-07,2022-08-08
5,IMH-001,WHOLESALE,2024-08-12,224.0,Seasonal_Naive,213.0,2023-08-14,
5,IMH-001,WHOLESALE,2024-08-12,224.0,Seasonal_MA_2Y,249.5,2023-08-14,2022-08-15
5,IMH-001,WHOLESALE,2024-08-19,276.0,Seasonal_Naive,374.0,2023-08-21,
5,IMH-001,WHOLESALE,2024-08-19,276.0,Seasonal_MA_2Y,357.0,2023-08-21,2022-08-22
5,IMH-001,WHOLESALE,2024-08-26,273.81924358569864,Seasonal_Naive,331.0,2023-08-28,
5,IMH-001,WHOLESALE,2024-08-26,273.81924358569864,Seasonal_MA_2Y,295.0545168010368,2023-08-28,2022-08-29
5,IMH-001,WHOLESALE,2024-09-02,331.00000000000006,Seasonal_Naive,325.0,2023-09-04,
5,IMH-001,WHOLESALE,2024-09-02,331.00000000000006,Seasonal_MA_2Y,350.0,2023-09-04,2022-09-05
5,IMH-001,WHOLESALE,2024-09-09,489.0,Seasonal_Naive,459.0,2023-09-11,
5,IMH-001,WHOLESALE,2024-09-09,489.0,Seasonal_MA_2Y,431.0,2023-09-11,2022-09-12
5,IMH-001,WHOLESALE,2024-09-16,436.0,Seasonal_Naive,379.0,2023-09-18,
5,IMH-001,WHOLESALE,2024-09-16,436.0,Seasonal_MA_2Y,335.5,2023-09-18,2022-09-19
5,IMH-001,WHOLESALE,2024-09-23,486.2701749014472,Seasonal_Naive,271.9187961485235,2023-09-25,
5,IMH-001,WHOLESALE,2024-09-23,486.2701749014472,Seasonal_MA_2Y,293.8023732808733,2023-09-25,2022-09-26
6,IMH-001,WHOLESALE,2024-09-30,268.0,Seasonal_Naive,533.0,2023-10-02,
6,IMH-001,WHOLESALE,2024-09-30,268.0,Seasonal_MA_2Y,594.5,2023-10-02,2022-10-03
6,IMH-001,WHOLESALE,2024-10-07,488.0,Seasonal_Naive,458.0,2023-10-09,
6,IMH-001,WHOLESALE,2024-10-07,488.0,Seasonal_MA_2Y,404.5,2023-10-09,2022-10-10
6,IMH-001,WHOLESALE,2024-10-14,456.0,Seasonal_Naive,610.0,2023-10-16,
6,IMH-001,WHOLESALE,2024-10-14,456.0,Seasonal_MA_2Y,525.0,2023-10-16,2022-10-17
6,IMH-001,WHOLESALE,2024-10-21,399.0,Seasonal_Naive,625.5255658398293,2023-10-23,
6,IMH-001,WHOLESALE,2024-10-21,399.0,Seasonal_MA_2Y,450.7157108307597,2023-10-23,2022-10-24
6,IMH-001,WHOLESALE,2024-10-28,487.0,Seasonal_Naive,504.0,2023-10-30,
6,IMH-001,WHOLESALE,2024-10-28,487.0,Seasonal_MA_2Y,568.0,2023-10-30,2022-10-31
6,IMH-001,WHOLESALE,2024-11-04,577.0,Seasonal_Naive,477.25000000000006,2023-11-06,
6,IMH-001,WHOLESALE,2024-11-04,577.0,Seasonal_MA_2Y,441.12500000000006,2023-11-06,2022-11-07
6,IMH-001,WHOLESALE,2024-11-11,507.0,Seasonal_Naive,518.5,2023-11-13,
6,IMH-001,WHOLESALE,2024-11-11,507.0,Seasonal_MA_2Y,612.6028485105503,2023-11-13,2022-11-14
6,IMH-001,WHOLESALE,2024-11-18,610.0,Seasonal_Naive,561.0318843880211,2023-11-20,
6,IMH-001,WHOLESALE,2024-11-18,610.0,Seasonal_MA_2Y,566.8811440942482,2023-11-20,2022-11-21
6,IMH-001,WHOLESALE,2024-11-25,669.0,Seasonal_Naive,804.0,2023-11-27,
6,IMH-001,WHOLESALE,2024-11-25,669.0,Seasonal_MA_2Y,713.8741099091931,2023-11-27,2022-11-28
6,IMH-001,WHOLESALE,2024-12-02,539.0,Seasonal_Naive,399.6295967274438,2023-12-04,
6,IMH-001,WHOLESALE,2024-12-02,539.0,Seasonal_MA_2Y,496.81479836372193,2023-12-04,2022-12-05
6,IMH-001,WHOLESALE,2024-12-09,728.5,Seasonal_Naive,340.4796942937803,2023-12-11,
6,IMH-001,WHOLESALE,2024-12-09,728.5,Seasonal_MA_2Y,502.73984714689016,2023-12-11,2022-12-12
6,IMH-001,WHOLESALE,2024-12-16,592.25,Seasonal_Naive,740.8823214830484,2023-12-18,
6,IMH-001,WHOLESALE,2024-12-16,592.25,Seasonal_MA_2Y,763.8431675135382,2023-12-18,2022-12-19
6,IMH-001,WHOLESALE,2024-12-23,608.4016234758141,Seasonal_Naive,553.9341978725643,2023-12-25,
6,IMH-001,WHOLESALE,2024-12-23,608.4016234758141,Seasonal_MA_2Y,509.39994937037295,2023-12-25,2022-12-26
7,IMH-001,WHOLESALE,2024-12-30,611.0,Seasonal_Naive,512.9116013472844,2024-01-01,
7,IMH-001,WHOLESALE,2024-12-30,611.0,Seasonal_MA_2Y,582.7263788019396,2024-01-01,2023-01-02
7,IMH-001,WHOLESALE,2025-01-06,725.1914804905855,Seasonal_Naive,483.8707544273973,2024-01-08,
7,IMH-001,WHOLESALE,2025-01-06,725.1914804905855,Seasonal_MA_2Y,495.7525644804057,2024-01-08,2023-01-09
7,IMH-001,WHOLESALE,2025-01-13,554.8073261405646,Seasonal_Naive,507.6534936500369,2024-01-15,
7,IMH-001,WHOLESALE,2025-01-13,554.8073261405646,Seasonal_MA_2Y,491.2516341477241,2024-01-15,2023-01-16
7,IMH-001,WHOLESALE,2025-01-20,507.4059309867992,Seasonal_Naive,382.0762776374992,2024-01-22,
7,IMH-001,WHOLESALE,2025-01-20,507.4059309867992,Seasonal_MA_2Y,558.968831839582,2024-01-22,2023-01-23
7,IMH-001,WHOLESALE,2025-01-27,522.0418170120046,Seasonal_Naive,399.6019096620278,2024-01-29,
7,IMH-001,WHOLESALE,2025-01-27,522.0418170120046,Seasonal_MA_2Y,482.6565146598558,2024-01-29,2023-01-30
7,IMH-001,WHOLESALE,2025-02-03,575.5020307339566,Seasonal_Naive,566.0,2024-02-05,
7,IMH-001,WHOLESALE,2025-02-03,575.5020307339566,Seasonal_MA_2Y,548.0,2024-02-05,2023-02-06
7,IMH-001,WHOLESALE,2025-02-10,465.5249848824484,Seasonal_Naive,435.07765014703386,2024-02-12,
7,IMH-001,WHOLESALE,2025-02-10,465.5249848824484,Seasonal_MA_2Y,447.4448774050144,2024-02-12,2023-02-13
7,IMH-001,WHOLESALE,2025-02-17,641.1612612065225,Seasonal_Naive,450.7569770056353,2024-02-19,
7,IMH-001,WHOLESALE,2025-02-17,641.1612612065225,Seasonal_MA_2Y,379.804215129825,2024-02-19,2023-02-20
7,IMH-001,WHOLESALE,2025-02-24,399.8202612457877,Seasonal_Naive,534.0,2024-02-26,
7,IMH-001,WHOLESALE,2025-02-24,399.8202612457877,Seasonal_MA_2Y,597.0,2024-02-26,2023-02-27
7,IMH-001,WHOLESALE,2025-03-03,458.1360742066756,Seasonal_Naive,334.5025002325904,2024-03-04,
7,IMH-001,WHOLESALE,2025-03-03,458.1360742066756,Seasonal_MA_2Y,378.0611185103354,2024-03-04,2023-03-06
7,IMH-001,WHOLESALE,2025-03-10,445.5551109061015,Seasonal_Naive,401.0188961518548,2024-03-11,
7,IMH-001,WHOLESALE,2025-03-10,445.5551109061015,Seasonal_MA_2Y,422.25971279411226,2024-03-11,2023-03-13
7,IMH-001,WHOLESALE,2025-03-17,373.6370775526273,Seasonal_Naive,521.0,2024-03-18,
7,IMH-001,WHOLESALE,2025-03-17,373.6370775526273,Seasonal_MA_2Y,419.0,2024-03-18,2023-03-20
7,IMH-001,WHOLESALE,2025-03-24,370.22686873015175,Seasonal_Naive,389.87286734404273,2024-03-25,
7,IMH-001,WHOLESALE,2025-03-24,370.22686873015175,Seasonal_MA_2Y,451.0845426448176,2024-03-25,2023-03-27
8,IMH-001,WHOLESALE,2025-03-31,401.5251285695232,Seasonal_Naive,378.1359705438591,2024-04-01,
8,IMH-001,WHOLESALE,2025-03-31,401.5251285695232,Seasonal_MA_2Y,358.7351563318694,2024-04-01,2023-04-03
8,IMH-001,WHOLESALE,2025-04-07,430.0,Seasonal_Naive,353.0,2024-04-08,
8,IMH-001,WHOLESALE,2025-04-07,430.0,Seasonal_MA_2Y,348.5,2024-04-08,2023-04-10
8,IMH-001,WHOLESALE,2025-04-14,359.94955403749566,Seasonal_Naive,397.56135302344046,2024-04-15,
8,IMH-001,WHOLESALE,2025-04-14,359.94955403749566,Seasonal_MA_2Y,283.1985024419862,2024-04-15,2023-04-17
8,IMH-001,WHOLESALE,2025-04-21,231.0,Seasonal_Naive,350.7119960563434,2024-04-22,
8,IMH-001,WHOLESALE,2025-04-21,231.0,Seasonal_MA_2Y,329.1538966684684,2024-04-22,2023-04-24
8,IMH-001,WHOLESALE,2025-04-28,266.0,Seasonal_Naive,323.0,2024-04-29,
8,IMH-001,WHOLESALE,2025-04-28,266.0,Seasonal_MA_2Y,304.0,2024-04-29,2023-05-01
8,IMH-001,WHOLESALE,2025-05-05,302.0,Seasonal_Naive,289.0,2024-05-06,
8,IMH-001,WHOLESALE,2025-05-05,302.0,Seasonal_MA_2Y,245.5,2024-05-06,2023-05-08
8,IMH-001,WHOLESALE,2025-05-12,265.0,Seasonal_Naive,244.46477089002704,2024-05-13,
8,IMH-001,WHOLESALE,2025-05-12,265.0,Seasonal_MA_2Y,314.7323854450135,2024-05-13,2023-05-15
8,IMH-001,WHOLESALE,2025-05-19,326.0,Seasonal_Naive,337.0,2024-05-20,
8,IMH-001,WHOLESALE,2025-05-19,326.0,Seasonal_MA_2Y,336.0,2024-05-20,2023-05-22
8,IMH-001,WHOLESALE,2025-05-26,307.0,Seasonal_Naive,284.32631402627726,2024-05-27,
8,IMH-001,WHOLESALE,2025-05-26,307.0,Seasonal_MA_2Y,285.66315701313863,2024-05-27,2023-05-29
8,IMH-001,WHOLESALE,2025-06-02,252.33628864783543,Seasonal_Naive,242.18120462157032,2024-06-03,
8,IMH-001,WHOLESALE,2025-06-02,252.33628864783543,Seasonal_MA_2Y,249.9265509555783,2024-06-03,2023-06-05
8,IMH-001,WHOLESALE,2025-06-09,328.0,Seasonal_Naive,222.0,2024-06-10,
8,IMH-001,WHOLESALE,2025-06-09,328.0,Seasonal_MA_2Y,195.5,2024-06-10,2023-06-12
8,IMH-001,WHOLESALE,2025-06-16,277.0,Seasonal_Naive,278.0,2024-06-17,
8,IMH-001,WHOLESALE,2025-06-16,277.0,Seasonal_MA_2Y,235.5,2024-06-17,2023-06-19
8,IMH-001,WHOLESALE,2025-06-23,283.63513090788456,Seasonal_Naive,319.0,2024-06-24,
8,IMH-001,WHOLESALE,2025-06-23,283.63513090788456,Seasonal_MA_2Y,275.0,2024-06-24,2023-06-26
9,IMH-001,WHOLESALE,2025-06-30,221.0,Seasonal_Naive,190.0,2024-07-01,
9,IMH-001,WHOLESALE,2025-06-30,221.0,Seasonal_MA_2Y,248.0,2024-07-01,2023-07-03
9,IMH-001,WHOLESALE,2025-07-07,287.0,Seasonal_Naive,220.0,2024-07-08,
9,IMH-001,WHOLESALE,2025-07-07,287.0,Seasonal_MA_2Y,241.0,2024-07-08,2023-07-10
9,IMH-001,WHOLESALE,2025-07-14,233.0,Seasonal_Naive,247.0,2024-07-15,
9,IMH-001,WHOLESALE,2025-07-14,233.0,Seasonal_MA_2Y,253.5,2024-07-15,2023-07-17
9,IMH-001,WHOLESALE,2025-07-21,206.0,Seasonal_Naive,241.0,2024-07-22,
9,IMH-001,WHOLESALE,2025-07-21,206.0,Seasonal_MA_2Y,244.0,2024-07-22,2023-07-24
9,IMH-001,WHOLESALE,2025-07-28,299.0,Seasonal_Naive,320.0,2024-07-29,
9,IMH-001,WHOLESALE,2025-07-28,299.0,Seasonal_MA_2Y,265.0,2024-07-29,2023-07-31
9,IMH-001,WHOLESALE,2025-08-04,267.0,Seasonal_Naive,263.0,2024-08-05,
9,IMH-001,WHOLESALE,2025-08-04,267.0,Seasonal_MA_2Y,252.5,2024-08-05,2023-08-07
9,IMH-001,WHOLESALE,2025-08-11,188.00000000000003,Seasonal_Naive,224.0,2024-08-12,
9,IMH-001,WHOLESALE,2025-08-11,188.00000000000003,Seasonal_MA_2Y,218.5,2024-08-12,2023-08-14
9,IMH-001,WHOLESALE,2025-08-18,214.0,Seasonal_Naive,276.0,2024-08-19,
9,IMH-001,WHOLESALE,2025-08-18,214.0,Seasonal_MA_2Y,325.0,2024-08-19,2023-08-21
9,IMH-001,WHOLESALE,2025-08-25,218.875,Seasonal_Naive,273.81924358569864,2024-08-26,
9,IMH-001,WHOLESALE,2025-08-25,218.875,Seasonal_MA_2Y,302.4096217928493,2024-08-26,2023-08-28
9,IMH-001,WHOLESALE,2025-09-01,526.0,Seasonal_Naive,331.00000000000006,2024-09-02,
9,IMH-001,WHOLESALE,2025-09-01,526.0,Seasonal_MA_2Y,328.0,2024-09-02,2023-09-04
9,IMH-001,WHOLESALE,2025-09-08,335.0,Seasonal_Naive,489.0,2024-09-09,
9,IMH-001,WHOLESALE,2025-09-08,335.0,Seasonal_MA_2Y,474.0,2024-09-09,2023-09-11
9,IMH-001,WHOLESALE,2025-09-15,354.99999999999994,Seasonal_Naive,436.0,2024-09-16,
9,IMH-001,WHOLESALE,2025-09-15,354.99999999999994,Seasonal_MA_2Y,407.5,2024-09-16,2023-09-18
9,IMH-001,WHOLESALE,2025-09-22,213.01156146346057,Seasonal_Naive,486.2701749014472,2024-09-23,
9,IMH-001,WHOLESALE,2025-09-22,213.01156146346057,Seasonal_MA_2Y,379.0944855249853,2024-09-23,2023-09-25
10,IMH-001,WHOLESALE,2025-09-29,366.0,Seasonal_Naive,268.0,2024-09-30,
10,IMH-001,WHOLESALE,2025-09-29,366.0,Seasonal_MA_2Y,400.5,2024-09-30,2023-10-02
10,IMH-001,WHOLESALE,2025-10-06,479.0,Seasonal_Naive,488.0,2024-10-07,
10,IMH-001,WHOLESALE,2025-10-06,479.0,Seasonal_MA_2Y,473.0,2024-10-07,2023-10-09
10,IMH-001,WHOLESALE,2025-10-13,654.0,Seasonal_Naive,456.0,2024-10-14,
10,IMH-001,WHOLESALE,2025-10-13,654.0,Seasonal_MA_2Y,533.0,2024-10-14,2023-10-16
10,IMH-001,WHOLESALE,2025-10-20,754.0000000000001,Seasonal_Naive,399.0,2024-10-21,
10,IMH-001,WHOLESALE,2025-10-20,754.0000000000001,Seasonal_MA_2Y,512.2627829199146,2024-10-21,2023-10-23
10,IMH-001,WHOLESALE,2025-10-27,308.0,Seasonal_Naive,487.0,2024-10-28,
10,IMH-001,WHOLESALE,2025-10-27,308.0,Seasonal_MA_2Y,495.5,2024-10-28,2023-10-30
10,IMH-001,WHOLESALE,2025-11-03,513.0,Seasonal_Naive,577.0,2024-11-04,
10,IMH-001,WHOLESALE,2025-11-03,513.0,Seasonal_MA_2Y,527.125,2024-11-04,2023-11-06
10,IMH-001,WHOLESALE,2025-11-10,650.0,Seasonal_Naive,507.0,2024-11-11,
10,IMH-001,WHOLESALE,2025-11-10,650.0,Seasonal_MA_2Y,512.75,2024-11-11,2023-11-13
10,IMH-001,WHOLESALE,2025-11-17,780.625,Seasonal_Naive,610.0,2024-11-18,
10,IMH-001,WHOLESALE,2025-11-17,780.625,Seasonal_MA_2Y,585.5159421940106,2024-11-18,2023-11-20
10,IMH-001,WHOLESALE,2025-11-24,787.70909787084,Seasonal_Naive,669.0,2024-11-25,
10,IMH-001,WHOLESALE,2025-11-24,787.70909787084,Seasonal_MA_2Y,736.5,2024-11-25,2023-11-27
10,IMH-001,WHOLESALE,2025-12-01,647.2622782004518,Seasonal_Naive,539.0,2024-12-02,
10,IMH-001,WHOLESALE,2025-12-01,647.2622782004518,Seasonal_MA_2Y,469.31479836372193,2024-12-02,2023-12-04
10,IMH-001,WHOLESALE,2025-12-08,625.242831981586,Seasonal_Naive,728.5,2024-12-09,
10,IMH-001,WHOLESALE,2025-12-08,625.242831981586,Seasonal_MA_2Y,534.4898471468902,2024-12-09,2023-12-11
10,IMH-001,WHOLESALE,2025-12-15,674.1219750132933,Seasonal_Naive,592.25,2024-12-16,
10,IMH-001,WHOLESALE,2025-12-15,674.1219750132933,Seasonal_MA_2Y,666.5661607415242,2024-12-16,2023-12-18
10,IMH-001,WHOLESALE,2025-12-22,443.0801065407427,Seasonal_Naive,608.4016234758141,2024-12-23,
10,IMH-001,WHOLESALE,2025-12-22,443.0801065407427,Seasonal_MA_2Y,581.1679106741892,2024-12-23,2023-12-25
11,IMH-001,WHOLESALE,2025-12-29,727.8378999242145,Seasonal_Naive,611.0,2024-12-30,
11,IMH-001,WHOLESALE,2025-12-29,727.8378999242145,Seasonal_MA_2Y,561.9558006736422,2024-12-30,2024-01-01
11,IMH-001,WHOLESALE,2026-01-05,435.2486739203405,Seasonal_Naive,725.1914804905855,2025-01-06,
11,IMH-001,WHOLESALE,2026-01-05,435.2486739203405,Seasonal_MA_2Y,604.5311174589914,2025-01-06,2024-01-08
11,IMH-001,WHOLESALE,2026-01-12,517.75,Seasonal_Naive,554.8073261405646,2025-01-13,
11,IMH-001,WHOLESALE,2026-01-12,517.75,Seasonal_MA_2Y,531.2304098953007,2025-01-13,2024-01-15
11,IMH-001,WHOLESALE,2026-01-19,698.7226434493491,Seasonal_Naive,507.4059309867992,2025-01-20,
11,IMH-001,WHOLESALE,2026-01-19,698.7226434493491,Seasonal_MA_2Y,444.7411043121492,2025-01-20,2024-01-22
11,IMH-001,WHOLESALE,2026-01-26,516.2241428657919,Seasonal_Naive,522.0418170120046,2025-01-27,
11,IMH-001,WHOLESALE,2026-01-26,516.2241428657919,Seasonal_MA_2Y,460.8218633370162,2025-01-27,2024-01-29
11,IMH-001,WHOLESALE,2026-02-02,640.3110605961219,Seasonal_Naive,575.5020307339566,2025-02-03,
11,IMH-001,WHOLESALE,2026-02-02,640.3110605961219,Seasonal_MA_2Y,570.7510153669783,2025-02-03,2024-02-05
11,IMH-001,WHOLESALE,2026-02-09,515.5569756657786,Seasonal_Naive,465.5249848824484,2025-02-10,
11,IMH-001,WHOLESALE,2026-02-09,515.5569756657786,Seasonal_MA_2Y,450.30131751474113,2025-02-10,2024-02-12
11,IMH-001,WHOLESALE,2026-02-16,445.173812261572,Seasonal_Naive,641.1612612065225,2025-02-17,
11,IMH-001,WHOLESALE,2026-02-16,445.173812261572,Seasonal_MA_2Y,545.9591191060789,2025-02-17,2024-02-19
11,IMH-001,WHOLESALE,2026-02-23,558.0579825692928,Seasonal_Naive,399.8202612457877,2025-02-24,
11,IMH-001,WHOLESALE,2026-02-23,558.0579825692928,Seasonal_MA_2Y,466.91013062289386,2025-02-24,2024-02-26
11,IMH-001,WHOLESALE,2026-03-02,426.0,Seasonal_Naive,458.1360742066756,2025-03-03,
11,IMH-001,WHOLESALE,2026-03-02,426.0,Seasonal_MA_2Y,396.319287219633,2025-03-03,2024-03-04
11,IMH-001,WHOLESALE,2026-03-09,350.32508152978465,Seasonal_Naive,445.5551109061015,2025-03-10,
11,IMH-001,WHOLESALE,2026-03-09,350.32508152978465,Seasonal_MA_2Y,423.2870035289782,2025-03-10,2024-03-11
11,IMH-001,WHOLESALE,2026-03-16,346.5,Seasonal_Naive,373.6370775526273,2025-03-17,
11,IMH-001,WHOLESALE,2026-03-16,346.5,Seasonal_MA_2Y,447.31853877631363,2025-03-17,2024-03-18
11,IMH-001,WHOLESALE,2026-03-23,232.00000000000003,Seasonal_Naive,370.22686873015175,2025-03-24,
11,IMH-001,WHOLESALE,2026-03-23,232.00000000000003,Seasonal_MA_2Y,380.0498680370972,2025-03-24,2024-03-25
12,IMH-001,WHOLESALE,2026-03-30,343.0,Seasonal_Naive,401.5251285695232,2025-03-31,
12,IMH-001,WHOLESALE,2026-03-30,343.0,Seasonal_MA_2Y,389.83054955669115,2025-03-31,2024-04-01
12,IMH-001,WHOLESALE,2026-04-06,432.0,Seasonal_Naive,430.0,2025-04-07,
12,IMH-001,WHOLESALE,2026-04-06,432.0,Seasonal_MA_2Y,391.5,2025-04-07,2024-04-08
12,IMH-001,WHOLESALE,2026-04-13,219.0,Seasonal_Naive,359.94955403749566,2025-04-14,
12,IMH-001,WHOLESALE,2026-04-13,219.0,Seasonal_MA_2Y,378.75545353046806,2025-04-14,2024-04-15
12,IMH-001,WHOLESALE,2026-04-20,472.0,Seasonal_Naive,231.0,2025-04-21,
12,IMH-001,WHOLESALE,2026-04-20,472.0,Seasonal_MA_2Y,290.8559980281717,2025-04-21,2024-04-22
12,IMH-001,WHOLESALE,2026-04-27,303.0,Seasonal_Naive,266.0,2025-04-28,
12,IMH-001,WHOLESALE,2026-04-27,303.0,Seasonal_MA_2Y,294.5,2025-04-28,2024-04-29
12,IMH-001,WHOLESALE,2026-05-04,401.0,Seasonal_Naive,302.0,2025-05-05,
12,IMH-001,WHOLESALE,2026-05-04,401.0,Seasonal_MA_2Y,295.5,2025-05-05,2024-05-06
12,IMH-001,WHOLESALE,2026-05-11,364.5,Seasonal_Naive,265.0,2025-05-12,
12,IMH-001,WHOLESALE,2026-05-11,364.5,Seasonal_MA_2Y,254.7323854450135,2025-05-12,2024-05-13
12,IMH-001,WHOLESALE,2026-05-18,264.5,Seasonal_Naive,326.0,2025-05-19,
12,IMH-001,WHOLESALE,2026-05-18,264.5,Seasonal_MA_2Y,331.5,2025-05-19,2024-05-20
12,IMH-001,WHOLESALE,2026-05-25,275.0,Seasonal_Naive,307.0,2025-05-26,
12,IMH-001,WHOLESALE,2026-05-25,275.0,Seasonal_MA_2Y,295.66315701313863,2025-05-26,2024-05-27
12,IMH-001,WHOLESALE,2026-06-01,259.0,Seasonal_Naive,252.33628864783543,2025-06-02,
12,IMH-001,WHOLESALE,2026-06-01,259.0,Seasonal_MA_2Y,247.25874663470287,2025-06-02,2024-06-03
12,IMH-001,WHOLESALE,2026-06-08,299.0,Seasonal_Naive,328.0,2025-06-09,
12,IMH-001,WHOLESALE,2026-06-08,299.0,Seasonal_MA_2Y,275.0,2025-06-09,2024-06-10
12,IMH-001,WHOLESALE,2026-06-15,226.8560275730789,Seasonal_Naive,277.0,2025-06-16,
12,IMH-001,WHOLESALE,2026-06-15,226.8560275730789,Seasonal_MA_2Y,277.5,2025-06-16,2024-06-17
12,IMH-001,WHOLESALE,2026-06-22,282.0,Seasonal_Naive,283.63513090788456,2025-06-23,
12,IMH-001,WHOLESALE,2026-06-22,282.0,Seasonal_MA_2Y,301.3175654539423,2025-06-23,2024-06-24
